id,dataset,run_slug,subject,generator,model,target,target_label,is_correct,final_answer_correct,rubric_score,has_answer_chunks,error_step_index,error_step_position,exit_status,reasoning_n_chunks,reasoning_start,reasoning_end,reasoning_end_minus_start,reasoning_std,reasoning_range,reasoning_min,reasoning_max,reasoning_early_mean,reasoning_mid_mean,reasoning_late_mean,reasoning_late_minus_early,reasoning_total_variation,reasoning_monotonicity,reasoning_direction_changes,reasoning_zero_crossings,reasoning_peak_pos,reasoning_trough_pos,reasoning_rebound_from_trough,reasoning_fall_from_peak,reasoning_max_rise,reasoning_max_drop,reasoning_max_rise_pos,reasoning_max_drop_pos,reasoning_curvature_abs_mean,reasoning_positive_mass,reasoning_negative_mass,reasoning_time_positive,reasoning_time_negative,answer_n_chunks,answer_start,answer_end,answer_end_minus_start,answer_std,answer_range,answer_min,answer_max,answer_early_mean,answer_mid_mean,answer_late_mean,answer_late_minus_early,answer_total_variation,answer_monotonicity,answer_direction_changes,answer_zero_crossings,answer_peak_pos,answer_trough_pos,answer_rebound_from_trough,answer_fall_from_peak,answer_max_rise,answer_max_drop,answer_max_rise_pos,answer_max_drop_pos,answer_curvature_abs_mean,answer_positive_mass,answer_negative_mass,answer_time_positive,answer_time_negative,reasoning_traj_t00,reasoning_traj_t01,reasoning_traj_t02,reasoning_traj_t03,reasoning_traj_t04,reasoning_traj_t05,reasoning_traj_t06,reasoning_traj_t07,reasoning_traj_t08,reasoning_traj_t09,reasoning_traj_t10,reasoning_traj_t11,reasoning_traj_t12,reasoning_traj_t13,reasoning_traj_t14,reasoning_traj_t15,reasoning_traj_t16,reasoning_traj_t17,reasoning_traj_t18,reasoning_traj_t19,answer_traj_t00,answer_traj_t01,answer_traj_t02,answer_traj_t03,answer_traj_t04,answer_traj_t05,answer_traj_t06,answer_traj_t07,answer_traj_t08,answer_traj_t09,answer_traj_t10,answer_traj_t11,answer_traj_t12,answer_traj_t13,answer_traj_t14,answer_traj_t15,answer_traj_t16,answer_traj_t17,answer_traj_t18,answer_traj_t19,answer_minus_reasoning_mean,answer_start_minus_reasoning_end,answer_end_minus_reasoning_end,answer_range_minus_reasoning_range,total_n_chunks,reasoning_pair_density,answer_pair_density
af36a1cb-5949-4385-93a0-1f875500c34a,frontierscience,deepseek/deepseek-v3.2_reasoning-auto_s1,biology,,deepseek/deepseek-v3.2,0,is_correct,False,,,True,,,,32,2.8881182954335376,-0.20072009298185545,-3.088838388415393,2.633585426953082,9.35782694966641,-5.880441113153563,3.477385836512848,1.0196143758906182,0.27055773006494216,-0.2187772273873542,-1.2383916032779725,70.77721468369903,0.04364170591085432,14,11,0.47368421052631576,0.7368421052631579,5.679721020171708,3.6781059294947034,8.539729864043954,7.714679585531366,0.7777777777777778,0.7222222222222222,7.156170969139906,1.3072128318619032,0.9212857629936628,0.7,0.3,2,-1.335808912418523,1.335808912418523,2.671617824837046,0.8108052577360914,2.671617824837046,-1.335808912418523,1.335808912418523,-0.9139745190232,0.07030573223255374,0.9842802512557537,1.8982547702789536,2.671617824837046,1.0,0.0,1.0,1.0,0.0,2.671617824837046,0.0,0.14061146446510797,0.0,0.7222222222222222,0.1111111111111111,1.4802973661668753e-16,0.3515286611627692,0.35152866116276926,0.5,0.5,2.8881182954335376,0.09746405707231495,1.588895179925299,2.237441080352626,0.3186362568166712,-2.0344721364278584,2.0412178980617375,-3.0682128449711135,2.469207218926863,3.477385836512848,0.20299492017512355,1.758045508653903,-4.779755001220831,1.834238472377803,-5.880441113153563,2.659288750890391,3.3481732481800055,-2.4621140711180387,1.223149913858936,-0.20072009298185545,-1.335808912418523,-1.1951974479534153,-1.0545859834883076,-0.9139745190232,-0.7733630545580923,-0.6327515900929847,-0.492140125627877,-0.35152866116276926,-0.2109171966976615,-0.07030573223255399,0.07030573223255376,0.2109171966976615,0.35152866116276904,0.49214012562787657,0.6327515900929845,0.7733630545580925,0.9139745190232,1.0545859834883076,1.195197447953415,1.335808912418523,1.498037032273583,0.3629482128369155,3.0345660376739616,-9.144887856098649,34,0.1028225806451613,1.0
eeb31abb-41cb-4fe6-9864-f98fdcef338d,frontierscience,deepseek/deepseek-v3.2_reasoning-auto_s1,biology,,deepseek/deepseek-v3.2,1,is_correct,True,,,True,,,,11,-1.9002742552998313,-2.8889822605938535,-0.9887080052940223,2.4306071949617363,8.63068693541382,-3.8506646366073616,4.780022298806458,1.1895984559029582,-1.1463056836127454,0.28557994221536304,-0.9040185136875951,49.31198162840488,0.020050056246867655,7,8,0.10526315789473684,0.6842105263157895,0.961682376013508,7.669004559400311,5.254494871886308,4.9152008484547585,0.2222222222222222,0.1111111111111111,2.9920337909277372,1.038784788156923,0.9379583351907399,0.45,0.55,2,2.45365686856427,-2.45365686856427,-4.90731373712854,1.489313232766388,4.90731373712854,-2.45365686856427,2.45365686856427,1.6788178574387107,-0.12913983518759303,-1.8079576926263041,-3.4867755500650146,4.90731373712854,1.0,0.0,1.0,0.0,1.0,0.0,4.90731373712854,-0.25827967037518595,0.25827967037518684,0.6111111111111112,0.7222222222222222,2.220446049250313e-16,0.6456991759379658,0.6456991759379658,0.5,0.5,-1.9002742552998313,1.8743660809905702,4.780022298806458,-0.1351785496483009,-3.0164402540348507,2.238054617851457,4.4866392526552055,-0.2785666657337247,-2.39301956372422,-0.5313429311170452,0.3092644619718322,0.12880261554240963,-1.4086130656211078,-3.8506646366073616,-1.2856244976378184,3.4253120884556685,2.7669564935254853,0.7662778533393797,-1.0704600237966841,-2.8889822605938535,2.45365686856427,2.1953771981890835,1.9370975278138973,1.6788178574387111,1.4205381870635247,1.1622585166883384,0.9039788463131522,0.6456991759379658,0.3874195055627796,0.1291398351875932,-0.1291398351875932,-0.3874195055627796,-0.6456991759379656,-0.9039788463131515,-1.1622585166883384,-1.4205381870635247,-1.6788178574387107,-1.937097527813897,-2.1953771981890835,-2.45365686856427,3.013147691036191,8.355786820194314,3.4484730830657746,-5.592167398946586,13,0.4909090909090909,1.0
90ddb7c3-4bf1-43b6-820a-c89f3858781a,frontierscience,deepseek/deepseek-v3.2_reasoning-auto_s1,biology,,deepseek/deepseek-v3.2,0,is_correct,False,,,True,,,,31,-0.03254885704127902,-2.6080321433418607,-2.5754832863005817,2.010163680663999,7.571807326120249,-4.1586213438607205,3.4131859822595287,0.9880416724265183,-0.11472162857299871,-1.1181532819745998,-2.106194954401118,48.47180505091734,0.05313363683475699,11,12,0.15789473684210525,0.7368421052631579,1.5505892005188597,6.02121812560139,6.6503371969511,4.936308618235129,0.7777777777777778,0.8333333333333334,4.303108175243062,0.860805873419731,0.8905898426633791,0.5,0.5,2,2.4668574590151007,-2.4668574590151007,-4.933714918030201,1.4973256872748524,4.933714918030201,-2.4668574590151007,2.4668574590151007,1.6878498403787532,-0.12983460310605777,-1.8176844434848112,-3.5055342838635646,4.933714918030201,1.0,0.0,1.0,0.0,1.0,0.0,4.933714918030201,-0.25966920621211553,0.2596692062121164,0.4444444444444444,1.0,2.220446049250313e-16,0.6491730155302897,0.6491730155302896,0.5,0.5,-0.03254885704127902,1.3788451555982217,2.3059350822584816,3.4131859822595287,0.9762307687266094,-2.503658344976244,1.3783019201603115,-2.110160060769754,-1.3116293849686027,1.1117925941006737,1.0775331287732537,-0.22100617747758117,1.5030082739351376,-0.8525897736041181,-4.1586213438607205,2.49171585309038,-2.4445927651447494,1.5795687094920243,-1.5689580020826732,-2.6080321433418607,2.4668574590151007,2.2071882528029847,1.947519046590869,1.6878498403787532,1.4281806341666372,1.1685114279545215,0.9088422217424057,0.6491730155302897,0.38950380931817374,0.1298346031060582,-0.12983460310605777,-0.38950380931817374,-0.6491730155302893,-0.9088422217424053,-1.1685114279545212,-1.4281806341666372,-1.6878498403787532,-1.9475190465908687,-2.2071882528029843,-2.4668574590151007,-0.22115454514440808,4.853735057212553,-0.07997986081764807,-4.85014968718523,33,0.10752688172043011,1.0
8f121749-9809-45f1-bcb8-7118ccb5d4cc,frontierscience,deepseek/deepseek-v3.2_reasoning-auto_s1,chemistry,,deepseek/deepseek-v3.2,1,is_correct,True,,,True,,,,26,-0.0398818057884148,-2.0857669086495356,-2.0458851028611207,2.3800782179720126,9.934585722539417,-5.440035946663005,4.494549775876411,0.7505312506948313,0.5465736792667594,-1.5262446066203008,-2.276775857315132,49.29193111471156,0.0415054767909166,12,8,0.631578947368421,0.8421052631578947,3.354269038013469,6.580316684525947,6.297836120561182,5.690953854700236,0.9444444444444444,0.8333333333333334,4.6632173035112,0.8666950437807488,0.8705817002802825,0.6,0.4,2,1.160704758819719,-1.160704758819719,-2.321409517639438,0.7045210676326673,2.321409517639438,-1.160704758819719,1.160704758819719,0.7941664139292816,-0.06108972414840622,-0.8552561380776876,-1.6494225520069692,2.321409517639438,1.0,0.0,1.0,0.0,1.0,0.0,2.321409517639438,-0.12217944829681238,0.1221794482968126,0.05555555555555555,0.0,9.868649107779169e-17,0.30544862074203133,0.3054486207420313,0.5,0.5,-0.0398818057884148,-0.8548947252824068,-0.4989717072962194,2.5485678499753277,3.862293667726716,0.07242151603719803,0.16418395949161774,1.1473529565351512,-2.524270703816143,1.6412265108638024,-1.504601909966604,0.21734984491005438,4.494549775876411,0.354409280464643,0.7460017832789603,0.25091790803723124,-5.440035946663005,-4.463210298143318,1.8346258224178635,-2.0857669086495356,1.160704758819719,1.0385253105229064,0.916345862226094,0.7941664139292814,0.671986965632469,0.5498075173356564,0.42762806903884387,0.3054486207420314,0.1832691724452189,0.0610897241484063,-0.0610897241484063,-0.1832691724452189,-0.3054486207420313,-0.42762806903884365,-0.5498075173356562,-0.6719869656324688,-0.7941664139292812,-0.9163458622260938,-1.0385253105229064,-1.160704758819719,1.3955297315787087,4.642001399047963,2.320591881408525,-9.451244947673935,28,0.13846153846153847,1.0
4ee82eb3-a457-42c5-9c62-5730d41f67a6,frontierscience,deepseek/deepseek-v3.2_reasoning-auto_s1,biology,,deepseek/deepseek-v3.2,0,is_correct,False,,,True,,,,15,-2.4166875331632265,-1.2591758851175423,1.1575116480456842,2.4013976153355228,8.359746597252903,-3.2543147642781034,5.1054318329748,-0.005681142712921908,-0.19761227989820607,0.36034187177660115,0.36602301448952307,41.58651445799848,0.027833822168836654,8,6,0.9473684210526315,0.3684210526315789,1.995138879160561,6.364607718092342,4.57095971950438,6.364607718092342,0.8888888888888888,1.0,2.5354599559204596,1.0223853623900854,0.985435498771,0.4,0.6,2,1.4990625052016746,-1.4990625052016746,-2.9981250104033492,0.9098964302401225,2.9981250104033492,-1.4990625052016746,1.4990625052016746,1.0256743456643038,-0.07889802658956177,-1.1045723722538654,-2.130246717918169,2.9981250104033492,1.0,0.0,1.0,0.0,1.0,0.0,2.9981250104033492,-0.15779605317912315,0.15779605317912404,0.8333333333333334,0.7777777777777778,2.3438041630975528e-16,0.3944901329478091,0.3944901329478091,0.5,0.5,-2.4166875331632265,-2.842327410219369,-1.2886869368576273,1.5044815978328692,4.647469799153745,1.7892136002353785,-1.4332311159722226,-3.2543147642781034,-0.20505008214188258,-0.9609585900906725,0.013150449898009509,2.6646366216484045,1.1951071062592178,-0.8358567005824162,-2.101924116798871,-2.0677533604929694,-1.0427434797050952,3.5282162397992844,5.1054318329748,-1.2591758851175423,1.4990625052016746,1.341266452022551,1.1834703988434274,1.0256743456643038,0.8678782924851801,0.7100822393060564,0.5522861861269328,0.3944901329478092,0.23669407976868562,0.0788980265895618,-0.0788980265895618,-0.23669407976868562,-0.394490132947809,-0.5522861861269326,-0.7100822393060562,-0.8678782924851802,-1.0256743456643034,-1.183470398843427,-1.341266452022551,-1.4990625052016746,5.327870980871072,8.08610937119029,5.08798436078694,-8.288109632340298,17,0.29523809523809524,1.0
8b695bb3-ea3c-4372-9222-9f0b79a68b6c,frontierscience,deepseek/deepseek-v3.2_reasoning-auto_s1,biology,,deepseek/deepseek-v3.2,0,is_correct,False,,,True,,,,40,-0.09884539550238731,-4.37949091358665,-4.280645518084263,1.9880377937442804,7.08509513546578,-4.37949091358665,2.70560422187913,0.8122374675265659,-0.2014394311468683,-2.6445921682377564,-3.4568296357643225,34.922334535204655,0.12257615577701463,13,8,0.47368421052631576,1.0,0.0,7.08509513546578,3.8664433405944063,4.007623733336342,0.1111111111111111,0.3333333333333333,3.264219879514808,0.5748867854614207,1.1544851231998534,0.4,0.6,2,3.6608225213653363,-3.6608225213653363,-7.3216450427306725,2.222034993454016,7.3216450427306725,-3.6608225213653363,3.6608225213653363,2.5047733040920726,-0.1926748695455436,-2.6974481736376155,-5.2022214777296885,7.3216450427306725,1.0,0.0,1.0,0.0,1.0,0.0,7.3216450427306725,-0.3853497390910876,0.3853497390910885,0.1111111111111111,0.16666666666666666,2.9605947323337506e-16,0.9633743477277201,0.96337434772772,0.5,0.5,-0.09884539550238731,0.2818811829672158,-1.9732527213433533,1.8931906192510533,1.0269816607090538,2.5241181115849836,2.0315888150193957,-1.9760349183169459,-1.0356081524494338,2.70560422187913,0.08239074806595736,-1.274072932369885,0.9519803497516242,-0.8643353345885247,-1.6724270850962992,-1.0154514925703144,-3.3137704737674367,-3.7491415840912605,-1.7372714603145774,-4.37949091358665,3.6608225213653363,3.275472782274248,2.89012304318316,2.5047733040920726,2.119423565000984,1.7340738259098962,1.3487240868188084,0.9633743477277203,0.5780246086366323,0.19267486954554425,-0.1926748695455438,-0.5780246086366319,-0.9633743477277195,-1.348724086818807,-1.7340738259098956,-2.119423565000984,-2.5047733040920717,-2.8901230431831593,-3.2754727822742478,-3.6608225213653363,1.1965609495418155,9.236874384493802,1.9152293417631299,-2.782262035462754,42,0.07564102564102564,1.0
57390923-7cfd-4adf-8d0b-33c5791f6e51,frontierscience,deepseek/deepseek-v3.2_reasoning-auto_s1,chemistry,,deepseek/deepseek-v3.2,1,is_correct,True,,,True,,,,29,-0.05429969251339138,-4.536382487115217,-4.482082794601826,2.6272557083811052,9.502089545263388,-4.596228325959092,4.905861219304297,-0.14269443410200133,0.01428458855866285,-0.0027901502559390203,0.13990428384606232,58.10199969845629,0.07714162710170731,12,10,0.10526315789473684,0.5789473684210527,0.05984583884387451,9.442243706419514,6.228772545678472,7.556199452853642,0.4444444444444444,0.5555555555555556,5.327968846235725,1.0877844646804085,1.1335649556973588,0.5,0.5,2,3.646340376257463,-3.646340376257463,-7.292680752514926,2.213244664771824,7.292680752514926,-3.646340376257463,3.646340376257463,2.4948644679656327,-0.19191265138197147,-2.6867771193476044,-5.181641587313237,7.292680752514926,1.0,0.0,1.0,0.0,1.0,0.0,7.292680752514926,-0.38382530276394267,0.38382530276394444,0.6111111111111112,0.7777777777777778,5.674473236973022e-16,0.9595632569098587,0.9595632569098583,0.5,0.5,-0.05429969251339138,-1.0374791105394983,4.905861219304297,-2.2785705534569165,-0.5631882630689169,0.2375413781817533,-2.2087260166213367,-2.6829837555725318,-3.0625298053875407,3.1662427402909312,2.9599711268945508,-4.596228325959092,0.9761529911889522,3.33936714845537,1.387616890686072,-1.650911103712736,1.2296220899924124,1.1238543659835747,2.4294593426302598,-4.536382487115217,3.646340376257463,3.2625150734935193,2.8786897707295758,2.4948644679656327,2.111039165201689,1.7272138624377458,1.3433885596738024,0.9595632569098589,0.5757379541459153,0.19191265138197178,-0.19191265138197133,-0.5757379541459153,-0.959563256909858,-1.3433885596738016,-1.727213862437745,-2.1110391652016895,-2.494864467965632,-2.878689770729575,-3.2625150734935193,-3.646340376257463,1.1975456861982727,9.380268549570953,2.0875877970560275,-4.259421760001153,31,0.11822660098522167,1.0
50f7d1e4-51bd-4013-a570-a02988ca3aa2,frontierscience,deepseek/deepseek-v3.2_reasoning-auto_s1,chemistry,,deepseek/deepseek-v3.2,1,is_correct,True,,,True,,,,14,0.22376082438172443,-4.848472580401651,-5.0722334047833755,3.1174311108034694,10.898596773675113,-6.075052603281468,4.823544170393645,0.1617143691795688,1.807690006825491,-2.3815406158744574,-2.543254985054026,46.10415844091417,0.11001683093909655,7,7,0.5789473684210527,0.7894736842105263,1.2265800228798165,9.672016750795297,7.355180411265359,7.889975118102521,0.8888888888888888,1.0,3.123502042566485,1.2890535161326633,1.3142241692932293,0.6,0.4,2,-2.2915517757564494,2.2915517757564494,4.583103551512899,1.3909191733073827,4.583103551512899,-2.2915517757564494,2.2915517757564494,-1.5679038465702024,0.12060798819770777,1.68851183476791,3.2564156813381127,4.583103551512899,1.0,0.0,1.0,1.0,0.0,4.583103551512899,0.0,0.24121597639541648,0.0,0.9444444444444444,0.6111111111111112,3.7007434154171886e-16,0.6030399409885392,0.6030399409885394,0.5,0.5,0.22376082438172443,1.6835403591839653,2.465210390145698,2.383254047467363,-1.0873781679608503,-2.4698005523242808,-2.0665863166366374,0.9794080350467147,0.1021373381855486,-0.8852050535544431,3.572791421471777,4.823544170393645,3.883233687613008,0.1779204486221886,-3.9415747628806583,-6.075052603281468,-4.910413348824598,2.4447670624407616,3.0415025377008704,-4.848472580401651,-2.2915517757564494,-2.050335799361034,-1.809119822965618,-1.5679038465702022,-1.3266878701747866,-1.0854718937793708,-0.8442559173839552,-0.6030399409885394,-0.3618239645931236,-0.1206079881977078,0.1206079881977078,0.3618239645931238,0.603039940988539,0.8442559173839546,1.0854718937793706,1.3266878701747866,1.5679038465702022,1.8091198229656174,2.050335799361034,2.2915517757564494,0.5364539246773179,3.0933747293225196,7.676478280835418,-8.622916741846304,16,0.3076923076923077,1.0
85b4f862-d881-4a79-8c5d-3e927b486b71,frontierscience,deepseek/deepseek-v3.2_reasoning-auto_s1,chemistry,,deepseek/deepseek-v3.2,0,is_correct,False,,,True,,,,39,-2.6539039404310776,4.65601706902557,7.309921009456648,2.9496686741578735,11.530061234165423,-6.8740441651398525,4.65601706902557,-1.0093698928032298,-2.1443895171629745,-0.6884166465462216,0.32095324625700816,68.62274524439427,0.10652329607949908,12,7,1.0,0.7894736842105263,11.530061234165423,0.0,5.4443280289229286,9.289663126482584,0.0,0.7777777777777778,6.337937824309287,0.669232277949971,1.9795730654020087,0.3,0.7,2,0.1374096293828444,-0.1374096293828444,-0.2748192587656888,0.08340448168253518,0.2748192587656888,-0.1374096293828444,0.1374096293828444,0.09401711484089355,-0.0072320857569917974,-0.10124920059788534,-0.19526631543877887,0.2748192587656888,1.0,0.0,1.0,0.0,1.0,0.0,0.2748192587656888,-0.014464171513983604,0.014464171513983659,0.4444444444444444,0.7777777777777778,1.61907524424502e-17,0.03616042878495905,0.036160428784959044,0.5,0.5,-2.6539039404310776,2.790424088491851,-0.09825596564923608,-2.440690770158912,-2.215000703437471,-0.11860217498804368,-2.32955978344972,3.0168150100801983,-4.8059712276940685,-0.03076949827198925,-4.234655336706747,-2.234073744820658,-4.132078192485419,-2.5899936302421365,2.415618961342731,-6.8740441651398525,-4.833862174564849,0.10797565500044917,0.3977947750586184,4.65601706902557,0.1374096293828444,0.12294545786886078,0.10848128635487717,0.09401711484089353,0.07955294332690992,0.0650887718129263,0.05062460029894268,0.036160428784959064,0.021696257270975433,0.0072320857569918295,-0.007232085756991802,-0.021696257270975433,-0.03616042878495904,-0.05062460029894264,-0.06508877181292627,-0.07955294332690993,-0.09401711484089353,-0.10848128635487714,-0.12294545786886074,-0.1374096293828444,0.11973152415634039,-4.398875915486386,-4.6736951742520745,-11.505684523232627,41,0.07827260458839407,1.0
cc251e69-6a32-4ed7-9315-beee80404866,frontierscience,deepseek/deepseek-v3.2_reasoning-auto_s1,chemistry,,deepseek/deepseek-v3.2,1,is_correct,True,,,True,,,,95,-0.01968263380894382,-1.7891002558609117,-1.769417622051968,1.7062588403763714,7.212512721008045,-3.54542019913127,3.6670925218767745,0.4403309337812897,-0.022744712731861245,-0.4985502473360426,-0.9388811811173323,41.178397271985645,0.042969560237249266,15,12,0.15789473684210525,0.10526315789473684,1.7563199432703585,5.456192777737686,7.212512721008045,5.782517648727076,0.1111111111111111,0.05555555555555555,3.73464829355356,0.6536138032515567,0.6570237000850695,0.5,0.5,2,-0.053638617738736016,0.053638617738736016,0.10727723547747203,0.032557406134925915,0.10727723547747203,-0.053638617738736016,0.053638617738736016,-0.036700106873872006,0.0028230851441439974,0.03952319201801601,0.07622329889188802,0.10727723547747203,1.0,0.0,1.0,1.0,0.0,0.10727723547747203,0.0,0.0056461702882880105,0.0,0.7222222222222222,0.8888888888888888,6.1679056923619804e-18,0.014115425720720004,0.014115425720720004,0.5,0.5,-0.01968263380894382,2.2370974495958054,-3.54542019913127,3.6670925218767745,1.8127062027908956,-1.1365838566542363,0.06710705180000343,-0.23339874116027293,0.7319198185561726,0.09594405994537247,1.4085686752410622,-0.6824886587738872,0.21912148518634833,-1.698879628117824,-0.5963277289097432,-2.15414519213724,-1.2844471071470607,0.23746309825659057,2.59525570178211,-1.7891002558609117,-0.053638617738736016,-0.04799244745044801,-0.04234627716216001,-0.03670010687387201,-0.03105393658558401,-0.02540776629729601,-0.01976159600900801,-0.014115425720720005,-0.008469255432432002,-0.0028230851441440052,0.0028230851441439983,0.008469255432432002,0.014115425720719998,0.019761596009007995,0.025407766297296006,0.031053936585584016,0.03670010687387201,0.042346277162159995,0.047992447450448006,0.053638617738736016,-0.07472046324738575,1.66074117487479,1.768018410352262,-11.821502522044415,97,0.02553191489361702,1.0
cb11faa6-e12a-4621-9fa7-f6f4b11a9300,frontierscience,deepseek/deepseek-v3.2_reasoning-auto_s1,physics,,deepseek/deepseek-v3.2,1,is_correct,True,,,True,,,,60,2.7245388529606056,4.038726791011231,1.3141879380506256,2.5931923968444766,11.203176273323514,-5.7336808168649025,5.469495456458612,1.7644980454639387,-1.3918229098502883,0.28541627118069884,-1.4790817742832398,55.69485227097456,0.023596219120155856,14,14,0.10526315789473684,0.5263157894736842,9.772407607876133,1.4307686654473804,5.767637910022328,7.229777417320003,0.5555555555555556,0.1111111111111111,5.522793169220765,1.1029832119806895,0.8869220331617023,0.55,0.45,2,1.3617517057041848,-1.3617517057041848,-2.7235034114083696,0.8265519360228019,2.7235034114083696,-1.3617517057041848,1.3617517057041848,0.9317248512712845,-0.07167114240548335,-1.0033959936767678,-1.9351208449480524,2.7235034114083696,1.0,0.0,1.0,0.0,1.0,0.0,2.7235034114083696,-0.14334228481096645,0.1433422848109671,0.8333333333333334,0.5555555555555556,2.0970879354030734e-16,0.35835571202741706,0.3583557120274171,0.5,0.5,2.7245388529606056,4.2490682021585116,5.469495456458612,-1.7602819608613909,0.5198971428208949,-1.2043215811224173,2.3530902058327565,-2.074137262604668,-0.8653249569468242,0.484394761516568,-5.7336808168649025,0.0339570931574262,0.29331380675510305,-1.881282993964721,0.08147189881224615,-2.6556864263147286,1.811710028129836,-0.8675678244031202,-0.6961568401512714,4.038726791011231,1.3617517057041848,1.218409420893218,1.0750671360822512,0.9317248512712843,0.7883825664603176,0.6450402816493508,0.5016979968383839,0.358355712027417,0.21501342721645034,0.07167114240548345,-0.07167114240548322,-0.21501342721645034,-0.358355712027417,-0.5016979968383837,-0.6450402816493508,-0.7883825664603177,-0.9317248512712841,-1.075067136082251,-1.218409420893218,-1.3617517057041848,1.5963219373879458,-1.0806531479191008,-3.8041565593274704,-10.128310499829563,62,0.04463276836158192,1.0
ee749fc0-8faa-45f7-881b-b5703b1a4b01,frontierscience,deepseek/deepseek-v3.2_reasoning-auto_s1,chemistry,,deepseek/deepseek-v3.2,1,is_correct,True,,,True,,,,18,-2.5689480273678584,-2.0442734206719657,0.5246746066958927,2.344774347874744,8.92549172852494,-4.206820837451683,4.718670891073258,-0.4684910535738351,-0.08992719744358078,0.6939025945273324,1.1623936481011674,55.05358056868716,0.009530254004846908,13,8,0.5263157894736842,0.5789473684210527,2.162547416779717,6.762944311745224,4.602073391346849,8.92549172852494,0.5,0.5555555555555556,5.1445967514690345,0.9709814740541555,0.9582570835520514,0.5,0.5,2,1.1684425198084263,-1.1684425198084263,-2.3368850396168526,0.7092177104192393,2.3368850396168526,-1.1684425198084263,1.1684425198084263,0.7994606714478705,-0.061496974726759225,-0.8609576461746299,-1.6604183176225003,2.3368850396168526,1.0,0.0,1.0,0.0,1.0,0.0,2.3368850396168526,-0.12299394945351838,0.12299394945351882,0.6111111111111112,0.7222222222222222,1.1102230246251565e-16,0.3074848736337964,0.3074848736337964,0.5,0.5,-2.5689480273678584,1.992555937728492,0.7485056007761186,1.4354758692192733,-0.2439209491312193,-2.8243785090423223,-1.8187272971993296,1.3187453092622259,0.06664196069992828,0.11659749972640879,4.718670891073258,-4.206820837451683,-0.1763616796475036,-2.4669635257677003,-2.2469123273041536,2.3421935881524334,2.9926770416562514,-0.5678350974572905,3.6875657827887203,-2.0442734206719657,1.1684425198084263,1.0454485703549077,0.9224546209013892,0.7994606714478707,0.6764667219943521,0.5534727725408335,0.430478823087315,0.3074848736337964,0.1844909241802779,0.0614969747267593,-0.0614969747267593,-0.1844909241802779,-0.3074848736337963,-0.43047882308731467,-0.5534727725408335,-0.6764667219943521,-0.7994606714478705,-0.9224546209013891,-1.0454485703549077,-1.1684425198084263,1.3883663295647086,4.601082270045101,2.2641972304282483,-8.836950599561241,20,0.24183006535947713,1.0
0949d931-d0ad-4146-86e7-ef725919e3de,frontierscience,deepseek/deepseek-v3.2_reasoning-auto_s1,chemistry,,deepseek/deepseek-v3.2,1,is_correct,True,,,True,,,,74,-0.007998061398082141,4.413100059063082,4.4210981204611635,2.28980571975309,8.920613041956647,-4.507512982893566,4.413100059063082,0.35986270944804083,-1.527695131737504,0.6860582328386927,0.3261955233906519,49.986533272943994,0.08844578391384772,12,9,1.0,0.6842105263157895,8.920613041956647,0.0,4.831708495540288,8.047219029931394,1.0,0.2777777777777778,4.826799174631326,0.7079086929587374,0.9108325709084418,0.5,0.5,2,0.13581642692443552,-0.13581642692443552,-0.27163285384887104,0.08243744446792552,0.27163285384887104,-0.13581642692443552,0.13581642692443552,0.09292702894829799,-0.007148232996022912,-0.10007526194432088,-0.1930022908926189,0.27163285384887104,1.0,0.0,1.0,0.0,1.0,0.0,0.27163285384887104,-0.014296465992045815,0.01429646599204587,0.6111111111111112,0.5555555555555556,1.3877787807814457e-17,0.03574116498011461,0.035741164980114606,0.5,0.5,-0.007998061398082141,0.8075455989184643,0.059546448555906295,0.23689998955572378,1.7243182324583561,3.8729728939886554,-4.174246135942738,0.1942022444804431,0.7559828708981262,-3.2037372330855844,0.31891630023805684,-3.6298847365684948,-0.6218323852315094,-4.507512982893566,-1.3656887938473186,-0.23458624153828822,-0.05255641118604659,1.7746892210179346,-0.41860843647720647,4.413100059063082,0.13581642692443552,0.12151996093238968,0.10722349494034383,0.09292702894829799,0.07863056295625215,0.0643340969642063,0.05003763097216046,0.03574116498011462,0.021444698988068778,0.007148232996022935,-0.007148232996022907,-0.021444698988068778,-0.03574116498011459,-0.050037630972160435,-0.06433409696420628,-0.07863056295625215,-0.09292702894829796,-0.1072234949403438,-0.12151996093238965,-0.13581642692443552,0.1402690019799324,-4.137014630158713,-4.408647484007584,-9.773590476065412,76,0.03443169196593854,1.0
94c55a69-1e8d-4934-ae59-2cf0401e1b01,frontierscience,deepseek/deepseek-v3.2_reasoning-auto_s1,physics,,deepseek/deepseek-v3.2,1,is_correct,True,,,True,,,,26,-2.350013527672791,-4.7249739604774605,-2.3749604328046696,2.6363775899504494,10.08867138215918,-4.7249739604774605,5.36369742168172,0.8794637536275739,-1.373710813468292,0.23741999692150687,-0.6420437567060671,53.95436215075302,0.044017950321956004,15,8,0.7894736842105263,1.0,0.0,10.08867138215918,6.320790251373918,5.565236557886568,0.2222222222222222,0.16666666666666666,4.761877339311595,1.082219276984231,1.18397974885203,0.55,0.45,3,5.230341684297302,0.9748138549735199,-4.255527829323782,3.0963565947016005,11.057604097555263,-5.827262413257962,5.230341684297302,1.619132034749473,-4.5675691834811785,-0.9146517750907813,-2.5337838098402545,17.859680365786748,0.23827569934991494,1.0,2.0,0.0,0.5263157894736842,6.802076268231482,4.255527829323782,0.7557862520257213,1.2037365498492765,0.7222222222222222,0.05555555555555555,0.1088623778819451,0.7654092190457533,2.0717577536290848,0.35,0.65,-2.350013527672791,2.8741507772087362,2.266371971163285,2.4151843184715776,-3.15005223941499,3.1707380119589272,0.9298669636782728,-1.0204167908399335,0.2998487125128513,-3.386890373570039,-2.353478707297629,-3.5113955898451827,-1.4196086826243643,1.775965737386255,0.04559024817437862,5.36369742168172,0.6830915462010758,1.8198798312475395,-1.7627651052982118,-4.7249739604774605,5.230341684297302,4.026605134448026,2.8228685845987496,1.619132034749473,0.4153954849001975,-0.788341064949079,-1.9920776147983554,-3.195814164647632,-4.399550714496907,-5.603287264346183,-5.827262413257962,-5.071476161232241,-4.315689909206522,-3.559903657180803,-2.8041174051550817,-2.048331153129361,-1.2925449011036418,-0.5367586490779219,0.21902760294779888,0.9748138549735199,1.735603194227623,11.690918839002386,7.435391009678604,-2.3875508510191032,29,0.13230769230769232,0.6666666666666666
b90fc8dc-2fca-4ff7-9c9f-a2e6a0ac7812,frontierscience,deepseek/deepseek-v3.2_reasoning-auto_s1,physics,,deepseek/deepseek-v3.2,1,is_correct,True,,,True,,,,18,0.1441981460417446,-2.6992570051368188,-2.8434551511785635,2.597270295535403,10.344910966785362,-6.276409437757572,4.06850152902779,-0.053025348070907655,-0.08045363342194294,0.15659157250525793,0.2096169205761656,41.80891513995217,0.06801073746257977,10,5,0.7368421052631579,0.9473684210526315,3.577152432620753,6.767758534164608,4.37159541210814,8.625471734390608,0.4444444444444444,0.9444444444444444,3.870854273723716,0.9863816875963263,0.9861218593672467,0.65,0.35,4,4.950566284930637,2.54971453138016,-2.4008517535504765,2.9154358256997526,9.772645505614072,-4.822079220683435,4.950566284930637,1.472342191511968,-3.8865340170734712,-0.4730397194373688,-1.9453819109493369,17.144439257677668,0.1400367616266785,1.0,2.0,0.0,0.631578947368421,7.371793752063595,2.4008517535504765,1.2091017003270128,1.1594080311395567,1.0,0.2222222222222222,0.13158387397036547,0.8590294803208532,1.8459085350985898,0.4,0.6,0.1441981460417446,2.341347862918213,0.7297699793712209,0.15062024256160583,0.012795338309722099,-1.3194241019894075,-2.4304849037094534,-2.7240010536936348,-4.102868279022849,0.2687271330852905,-0.16999240603519794,3.8963690676470617,1.4501402731651551,0.8184498309005741,4.06850152902779,3.169009016604044,0.32864303566106723,2.3490622966330372,-6.276409437757572,-2.6992570051368188,4.950566284930637,3.791158253791081,2.6317502226515246,1.4723421915119683,0.3129341603724125,-0.8464738707671442,-2.0058819019067,-2.678201595627362,-3.1069771206385766,-3.535752645649791,-3.964528170661006,-4.393303695672221,-4.822079220683435,-4.704895670581909,-3.4957939702548964,-2.286692269927884,-1.0775905696008747,0.1315111307261354,1.3406128310531473,2.54971453138016,-0.055405966203547465,7.594417323863908,5.193565570313432,-3.3614073863453093,22,0.23529411764705882,0.5
b36273bb-c098-4037-90cc-cfd05cbe5bb9,frontierscience,deepseek/deepseek-v3.2_reasoning-auto_s1,chemistry,,deepseek/deepseek-v3.2,1,is_correct,True,,,True,,,,81,2.4953643333932867,4.928094065399186,2.4327297320058996,2.522984541157822,8.988265323085788,-4.060171257686602,4.928094065399186,-1.5253575133303323,1.8426844618882658,1.1093862939006194,2.6347438072309517,52.00961951296831,0.046774611212053036,13,8,1.0,0.15789473684210525,8.988265323085788,0.0,6.308226823172211,5.233666647389691,1.0,0.0,4.652726711103323,1.3166203475859684,0.8727400274205059,0.55,0.45,1,0.0,0.0,0.0,0.0,0.0,0.0,0.0,0.0,0.0,0.0,0.0,0.0,0.0,0.0,0.0,0.0,0.0,0.0,0.0,0.0,0.0,0.0,0.0,0.0,0.0,0.0,0.0,0.0,2.4953643333932867,-2.738302313996404,-0.3915949564972334,-4.060171257686602,-3.811421804584646,0.37354643150908123,-2.5449230254498105,-0.3575663448956794,2.6652224638337194,2.1299461141477902,2.1111356428445194,3.3660525937500476,0.0718791618912058,2.912121601646257,-1.675620099495803,3.151597773180123,2.127446770124149,-0.49506798803091323,-1.380132757773025,4.928094065399186,0.0,0.0,0.0,0.0,0.0,0.0,0.0,0.0,0.0,0.0,0.0,0.0,0.0,0.0,0.0,0.0,0.0,0.0,0.0,0.0,-2.5497135183121813,-7.477807583711368,-7.477807583711368,-11.53155757287783,82,0.030864197530864196,
69bd11e8-5f96-45dc-8123-b9d800101430,frontierscience,deepseek/deepseek-v3.2_reasoning-auto_s1,physics,,deepseek/deepseek-v3.2,1,is_correct,True,,,True,,,,68,2.498699135400519,0.34581293910581706,-2.152886196294702,2.461910289203409,8.431895724239364,-4.203569242196546,4.228326482042818,0.44111171484006906,0.7502775040882836,-1.1802843512489338,-1.621396066089003,53.41231503268154,0.04030692537811569,10,10,0.21052631578947367,0.10526315789473684,4.549382181302363,3.882513542937001,5.15439734856443,7.052212893775574,0.1111111111111111,0.05555555555555555,4.696812037049227,1.097967298675166,1.035066377424923,0.45,0.55,2,2.5516376529114204,-2.5516376529114204,-5.103275305822841,1.548785313216833,5.103275305822841,-2.5516376529114204,2.5516376529114204,1.7458573414657086,-0.13429671857428513,-1.8801540600399937,-3.6260114015057026,5.103275305822841,1.0,0.0,1.0,0.0,1.0,0.0,5.103275305822841,-0.26859343714856987,0.2685934371485712,0.6666666666666666,0.5555555555555556,4.934324553889585e-16,0.6714835928714263,0.6714835928714263,0.5,0.5,2.498699135400519,2.848643651579028,-4.203569242196546,0.9508281063678834,4.228326482042818,-0.23213737702682558,-3.0030087522863935,-1.6554033395196432,2.658224122325204,-0.6681301377020867,3.091186223697691,4.181340206549507,-1.0175439182694488,-1.3377306284632375,-2.65015118587868,-2.5881637777694007,1.156285106434858,-2.184921727492999,-1.1605674618931983,0.34581293910581706,2.5516376529114204,2.2830442157628497,2.0144507786142793,1.7458573414657086,1.4772639043171383,1.2086704671685677,0.940077030019997,0.6714835928714264,0.40289015572285614,0.13429671857428538,-0.13429671857428493,-0.40289015572285614,-0.6714835928714264,-0.9400770300199963,-1.2086704671685675,-1.4772639043171383,-1.7458573414657081,-2.014450778614279,-2.2830442157628497,-2.5516376529114204,-0.11892913871395425,2.086895575091649,-3.0163797307311917,-5.202456992898767,70,0.038191395961369626,1.0
d1cec1fb-13bb-475a-b2f1-956db5ef3b77,frontierscience,deepseek/deepseek-v3.2_reasoning-auto_s1,physics,,deepseek/deepseek-v3.2,1,is_correct,True,,,True,,,,40,4.820010002485705,0.12094987129084993,-4.699060131194855,2.544394849735369,9.172585011105568,-4.352575008619863,4.820010002485705,0.6489756738092787,0.2914605721864686,-0.4257285380013968,-1.0747042118106755,59.441951568115435,0.07905292486586903,13,10,0.0,0.9473684210526315,4.473524879910713,4.699060131194855,6.068423316225964,6.231359386205747,0.4444444444444444,0.8888888888888888,5.457745007320326,1.164699045045661,0.9632649203475683,0.5,0.5,3,4.174678019788005,-0.987683963388721,-5.1623619831767265,2.1315880517905086,7.24591891339726,-3.0712408936092546,4.174678019788005,1.8499394694130713,-2.424257137798873,-1.5664497773388693,-3.4163892467519403,9.329475843617795,0.5533389088207189,1.0,1.0,0.0,0.5263157894736842,2.0835569302205337,5.1623619831767265,0.23150632558005957,0.774912850124978,0.7777777777777778,0.0,0.05591217642805798,0.6712187683426682,1.3421648854793597,0.3,0.7,4.820010002485705,2.2643658468867254,-2.5915543912542027,-0.4972906036878443,-0.21776497210282467,-2.5371984316588456,3.302262265996238,-1.5866836258919297,-2.391776225743856,3.676647090482108,0.27868001888528315,0.5850848248180274,-0.2896386804470187,1.7679106032026661,-2.4108751986369787,2.6366522595678674,3.8414181172977453,-2.3899412689080015,-4.352575008619863,0.12094987129084993,4.174678019788005,3.399765169663027,2.6248523195380495,1.8499394694130715,1.075026619288094,0.30011376916311594,-0.4747990809618621,-1.24971193108684,-2.024624781211817,-2.7995376313367952,-3.0712408936092546,-2.839734568029195,-2.608228242449136,-2.376721916869077,-2.1452155912890176,-1.913709265708958,-1.682202940128899,-1.45069661454884,-1.2191902889687805,-0.987683963388721,0.9322372612266089,4.9859654097237645,-0.176396573452962,-2.802499331572072,43,0.07564102564102564,0.6666666666666666
11c1fcc0-bcad-4507-951b-550e19f1e2aa,frontierscience,deepseek/deepseek-v3.2_reasoning-auto_s1,physics,,deepseek/deepseek-v3.2,0,is_correct,False,,,True,,,,60,-2.668286009283825,-0.030333473850908926,2.637952535432916,1.8508324704708898,7.385715783277755,-3.7720550908608894,3.613660692416865,-1.9757436510311257,0.6971775791191474,-0.23846625438380867,1.737277396647317,35.74472385624018,0.07379977380836283,13,8,0.42105263157894735,0.05263157894736842,3.7417216170099805,3.643994166267774,5.205459466193671,3.695375265966875,0.3888888888888889,0.5555555555555556,3.6357979645293756,0.5392695162081157,1.0583075176924506,0.4,0.6,2,-1.2156669171791759,1.2156669171791759,2.4313338343583517,0.7378818324547012,2.4313338343583517,-1.2156669171791759,1.2156669171791759,-0.8317721012278572,0.06398246932521975,0.895754570553077,1.727526671780934,2.4313338343583517,1.0,0.0,1.0,1.0,0.0,2.4313338343583517,0.0,0.12796493865044,0.0,0.9444444444444444,0.8888888888888888,1.4802973661668753e-16,0.3199123466260989,0.3199123466260989,0.5,0.5,-2.668286009283825,-3.7720550908608894,-2.0885786947112663,-2.788473309960845,0.07540102610955557,-1.2667892831219942,-1.3214241953886137,-1.5917987737768056,3.613660692416865,0.35928300524213697,2.446727124063921,-1.248648141902954,2.200870578979572,-0.8998514311887036,0.5898126446174715,0.7515927865601704,0.7480424661726224,-1.209457535981627,-2.2804544138205802,-0.030333473850908926,-1.2156669171791759,-1.0877019785287363,-0.9597370398782967,-0.8317721012278572,-0.7038071625774176,-0.575842223926978,-0.4478772852765385,-0.3199123466260989,-0.19194740797565935,-0.06398246932521978,0.06398246932521978,0.19194740797565935,0.3199123466260989,0.44787728527653825,0.575842223926978,0.7038071625774176,0.8317721012278572,0.9597370398782963,1.0877019785287363,1.2156669171791759,-1.394326550371415,-2.579659993699682,-0.1483261593413303,-7.482662108045176,62,0.04463276836158192,1.0
62dc1c65-0200-41d8-91fd-aa3c606e46cc,frontierscience,deepseek/deepseek-v3.2_reasoning-auto_s1,physics,,deepseek/deepseek-v3.2,0,is_correct,False,,,True,,,,66,2.8467509254789367,-4.841772834546013,-7.68852376002495,2.3722924681015485,9.06203425827733,-4.841772834546013,4.220261423731317,-0.06762218943376855,0.8806814780090862,-0.977513988874112,-0.9098917994403435,52.992807359692684,0.1450861757113284,12,11,0.631578947368421,1.0,0.0,9.06203425827733,4.739790152815299,4.576666223521631,0.6111111111111112,0.8888888888888888,4.8034105162058855,1.0149879399258883,1.0236713855867605,0.4,0.6,2,1.1063154233320205,-1.1063154233320205,-2.212630846664041,0.6715079931066444,2.212630846664041,-1.1063154233320205,1.1063154233320205,0.7569526580692771,-0.05822712754379048,-0.8151797856130676,-1.5721324436823447,2.212630846664041,1.0,0.0,1.0,0.0,1.0,0.0,2.212630846664041,-0.1164542550875809,0.11645425508758134,0.6111111111111112,0.5555555555555556,1.356939252319636e-16,0.2911356377189528,0.29113563771895273,0.5,0.5,2.8467509254789367,1.0770418688105297,-2.1692312595603314,-1.4936777837172173,-0.6501258134629544,-1.3927738703190835,1.3086606067337403,-2.2690170530187874,2.2229691419691227,-0.9709670779477619,3.547377565941365,-0.5195287290839814,4.220261423731317,-0.06632492552766989,-1.6209490341420567,2.016165415003477,3.060531850849278,-1.516134372672353,-2.9629249577370036,-4.841772834546013,1.1063154233320205,0.9898611682444394,0.8734069131568583,0.7569526580692771,0.640498402981696,0.524044147894115,0.4075898928065339,0.2911356377189528,0.17468138263137167,0.05822712754379067,-0.05822712754379045,-0.17468138263137178,-0.2911356377189527,-0.40758989280653357,-0.5240441478941149,-0.640498402981696,-0.7569526580692771,-0.873406913156858,-0.9898611682444391,-1.1063154233320205,1.286053483072202,7.2341417409502355,5.021510894286195,-8.313224761270408,68,0.039627039627039624,1.0
469cc7c7-ae71-4ea2-bc13-3af3770fd8da,frontierscience,deepseek/deepseek-v3.2_reasoning-auto_s1,chemistry,,deepseek/deepseek-v3.2,1,is_correct,True,,,True,,,,15,2.3408455728940467,5.75875188179932,3.4179063089052732,2.9383175225939953,10.225053560702143,-4.466301678902823,5.75875188179932,-0.44513243963551047,0.28803289112624236,0.3257671842037606,0.7708996238392711,53.65248880215772,0.06370452490114152,7,8,1.0,0.8947368421052632,10.225053560702143,0.0,8.229108968846958,5.03973501012779,1.0,0.4444444444444444,3.3796578913182667,1.298048773798498,1.2553034605156137,0.45,0.55,2,0.4615802898967658,-0.4615802898967658,-0.9231605797935316,0.2801686097737233,0.9231605797935316,-0.4615802898967658,0.4615802898967658,0.31581809308726083,-0.024293699468250805,-0.34011179255551166,-0.6559298856427724,0.9231605797935316,1.0,0.0,1.0,0.0,1.0,0.0,0.9231605797935316,-0.04858739893650155,0.04858739893650177,0.6111111111111112,0.7777777777777778,6.78469626159818e-17,0.12146849734125417,0.12146849734125416,0.5,0.5,2.3408455728940467,0.21019531084879173,-1.9055575372937057,-2.3620623903171336,1.3088618918143942,-0.12683280420914422,-2.5813771211858225,-3.439718741052399,3.2762729971371396,-1.76346201299065,-3.5559725045655295,-0.1417712880400801,3.2736263174524605,4.367255469942755,3.777373625288182,1.647792408792871,-2.292656044707349,-4.466301678902823,-2.4703570870476375,5.75875188179932,0.4615802898967658,0.41299289096026415,0.3644054920237625,0.31581809308726083,0.2672306941507592,0.2186432952142575,0.17005589627775586,0.1214684973412542,0.07288109840475254,0.02429369946825083,-0.02429369946825083,-0.07288109840475254,-0.12146849734125409,-0.17005589627775575,-0.2186432952142574,-0.2672306941507592,-0.3158180930872607,-0.3644054920237624,-0.41299289096026415,-0.4615802898967658,-2.948723286128761,-8.245894878031315,-9.169055457824847,-10.24491587792734,17,0.26666666666666666,1.0
a2d2c8a2-86ef-49a6-9e56-804cbb89c848,frontierscience,deepseek/deepseek-v3.2_reasoning-auto_s1,chemistry,,deepseek/deepseek-v3.2,0,is_correct,False,,,True,,,,40,0.15087401108340756,0.3142988970230981,0.16342488593969054,1.8574521313684536,7.0461949598663836,-4.122252187997701,2.9239427718686826,-0.2114284712284747,-0.6344992516092592,0.56495796995103,0.7763864411795047,46.456051612341255,0.0035178384789006905,16,10,0.5789473684210527,0.05263157894736842,4.4365510850208,2.6096438748455846,5.109971116117659,4.8606984373003534,0.7777777777777778,0.6111111111111112,4.705749627058352,0.6898258870187436,0.8164131990266416,0.45,0.55,2,1.1617551910796138,-1.1617551910796138,-2.3235103821592276,0.7051586558320725,2.3235103821592276,-1.1617551910796138,1.1617551910796138,0.794885130738683,-0.06114501005682175,-0.8560301407955048,-1.650915271534188,2.3235103821592276,1.0,0.0,1.0,0.0,1.0,0.0,2.3235103821592276,-0.12229002011364343,0.12229002011364387,0.05555555555555555,0.5555555555555556,1.4802973661668753e-16,0.30572505028410885,0.30572505028410885,0.5,0.5,0.15087401108340756,-4.122252187997701,0.5153690004460973,-0.7771065470646372,2.1329149071420903,1.2818239496374682,-0.661622431846048,-0.5165671562493812,-2.3422111415491695,-0.7345075196033983,-1.569352491002988,2.9239427718686826,-1.936755665431671,-0.26604355929688916,-3.0761609723937355,2.0338101437239238,2.1717369485626428,-0.3256843080972116,2.2717471108874623,0.3142988970230981,1.1617551910796138,1.0394651709659701,0.9171751508523267,0.794885130738683,0.6725951106250396,0.5503050905113961,0.42801507039775244,0.3057250502841089,0.18343503017046536,0.061145010056821825,-0.0611450100568216,-0.18343503017046547,-0.3057250502841089,-0.42801507039775233,-0.550305090511396,-0.6725951106250396,-0.794885130738683,-0.9171751508523265,-1.0394651709659701,-1.1617551910796138,1.4770424398165232,2.324498733873039,0.0009883517138113973,-9.830548551587047,42,0.07435897435897436,1.0
f398c3ad-6cff-45b1-a21d-5ce963db75aa,frontierscience,deepseek/deepseek-v3.2_reasoning-auto_s1,physics,,deepseek/deepseek-v3.2,1,is_correct,True,,,True,,,,88,2.5749893921913825,-2.1978572400482874,-4.77284663223967,2.2821568278810305,7.70555903592593,-3.8579962643927193,3.84756277153321,1.7366835824865965,0.19913829262860533,-0.606823671728782,-2.3435072542153783,45.54454587938663,0.1047951305712733,13,9,0.21052631578947367,0.7368421052631579,1.6601390243444318,6.0454200115814976,5.699213122508913,6.373976150273137,0.5555555555555556,0.2222222222222222,4.2214392507501595,1.28609698834436,0.7906064335726739,0.55,0.45,3,4.092287075654355,-0.94033375553024,-5.032620831184595,2.0919257989442466,7.127839366063002,-3.0355522904086474,4.092287075654355,1.8046322138295747,-2.3956820675263084,-1.5223389041075757,-3.32697111793715,9.22305790094141,0.5456564281864595,1.0,1.0,0.0,0.5263157894736842,2.0952185348784074,5.032620831184595,0.23280205943093435,0.7625516206082601,0.5555555555555556,0.0,0.05529742666884438,0.6557724072401114,1.3193415272662408,0.3,0.7,2.5749893921913825,3.0279605945151538,2.1671629591601596,1.491517704224675,3.84756277153321,-2.5264133787399268,1.5740050345215209,-0.09261532336815902,0.03433467920055172,-0.8759364162166712,-2.4110493508157695,3.288163771693143,2.631345304212629,-1.180274616305487,-3.8579962643927193,-0.7169891634112338,-1.9529969181552214,2.5286497591693746,2.5562477964653945,-2.1978572400482874,4.092287075654355,3.3297354550460945,2.567183834437835,1.8046322138295752,1.042080593221315,0.2795289726130554,-0.4830226479952042,-1.2455742686034643,-2.0081258892117244,-2.7706775098199845,-3.0355522904086474,-2.802750230977713,-2.5699481715467796,-2.337146112115845,-2.104344052684911,-1.8715419932539765,-1.6387399338230426,-1.4059378743921087,-1.1731358149611744,-0.94033375553024,0.8639503430200067,7.154094658722649,2.121473827538054,-3.0435724195307188,91,0.027951933124346916,0.6666666666666666
fcbd76ad-1b45-4f40-ad9d-d2bc5016f02c,frontierscience,deepseek/deepseek-v3.2_reasoning-auto_s1,biology,,deepseek/deepseek-v3.2,1,is_correct,True,,,True,,,,35,-0.140602868824361,-2.403727977509566,-2.2631251086852053,1.9962338329170655,7.1986314570419605,-3.0513716017027774,4.147259855339183,0.6309223407296994,0.4275459314752353,0.6288941168461638,-0.002028223883535629,46.380572105796425,0.048794678589192536,9,10,0.2631578947368421,0.47368421052631576,0.6476436241932113,6.550987832848749,5.075009615375538,7.179261758494783,0.5,0.2777777777777778,4.126331689230102,1.0954664337032647,0.5363343033776882,0.55,0.45,2,-2.593807116046005,2.593807116046005,5.18761423209201,1.5743812065422678,5.18761423209201,-2.593807116046005,2.593807116046005,-1.7747101320314769,0.1365161640024212,1.9112262960338982,3.685936428065375,5.18761423209201,1.0,0.0,1.0,1.0,0.0,5.18761423209201,0.0,0.27303232800484345,0.0,0.9444444444444444,0.8888888888888888,3.4540271877227093e-16,0.6825808200121065,0.6825808200121065,0.5,0.5,-0.140602868824361,3.3099626116100542,-0.6133124962543448,-0.29503827033208196,1.0401894567250471,4.147259855339183,-3.0320019031556003,1.342749917911126,-0.4020198845595422,-3.0513716017027774,2.0236380136727603,2.3662878115451935,-0.1718800521351378,0.8854173155950248,3.88329438007783,1.5167632382058471,1.306983472524454,0.08678260085877132,-0.6167310130803529,-2.403727977509566,-2.593807116046005,-2.320774788041162,-2.0477424600363197,-1.774710132031477,-1.5016778040266343,-1.2286454760217917,-0.9556131480169492,-0.6825808200121066,-0.40954849200726384,-0.13651616400242128,0.13651616400242128,0.40954849200726384,0.6825808200121064,0.9556131480169485,1.2286454760217915,1.5016778040266345,1.774710132031477,2.0477424600363188,2.320774788041162,2.593807116046005,0.022675993005274262,-0.1674031455311642,5.020211086560845,-6.0748860856237705,37,0.0907563025210084,1.0
953ba4b1-94ae-42ac-9621-408386bc382b,frontierscience,deepseek/deepseek-v3.2_reasoning-auto_s1,physics,,deepseek/deepseek-v3.2,0,is_correct,False,,,False,,,,33,-2.8180632185578505,-2.6541412394183626,0.16392197913948792,2.7977693643961574,8.745626407122229,-4.422920516714436,4.322705890407793,-0.3081348375335868,0.129771895955795,0.10532698687856801,0.4134618244121548,88.4124058073841,0.0018540608373061299,15,14,0.6842105263157895,0.5263157894736842,1.7687792772960735,6.976847129826155,6.924740456114587,7.502132452147389,0.5555555555555556,0.5,8.611917551338315,1.2784041994856996,1.3092331329743563,0.5,0.5,0,,,,,,,,,,,,,,,,,,,,,,,,,,,,,-2.8180632185578505,1.773516559278278,3.492874705058743,-2.4798884642718897,2.8702069256243554,-4.31151070857391,-0.6840796612928339,-2.544219695835866,0.3433938244480581,3.0792119354329532,-4.422920516714436,2.501819939400151,-2.371588105448088,4.322705890407793,-2.0443300899195638,3.090660473084296,-1.8539209594543289,1.325371810208962,2.7683219267704056,-2.6541412394183626,,,,,,,,,,,,,,,,,,,,,,,,,33,0.09848484848484848,
19962a30-eaf9-4b7e-86c7-17c02cdb01bd,frontierscience,deepseek/deepseek-v3.2_reasoning-auto_s1,physics,,deepseek/deepseek-v3.2,0,is_correct,False,,,False,,,,23,0.16840207224811782,4.7934563635884055,4.6250542913402874,2.891946412769869,10.370582519866065,-5.577126156277661,4.7934563635884055,1.5282547209047934,-1.060164160492011,-0.5436770168136525,-2.071931737718446,50.159840601247865,0.09220631955567311,12,6,1.0,0.7368421052631579,10.370582519866065,0.0,6.793267081604141,5.835077167352376,1.0,0.2222222222222222,4.049326541943077,1.2112965885576998,1.2105679974573218,0.55,0.45,0,,,,,,,,,,,,,,,,,,,,,,,,,,,,,0.16840207224811782,3.5522317003292425,1.5648705278426596,2.867845712402937,4.306401088206639,-1.528676079145737,-0.23329197555030623,-2.1047510114798893,1.4821369509492017,2.088031444198893,1.9464164841853142,-2.1307724773727195,-5.337817783530637,-3.3643927303942394,-5.577126156277661,-1.9347210173795097,0.02103701964603033,1.4351024075565544,-1.9998107180157356,4.7934563635884055,,,,,,,,,,,,,,,,,,,,,,,,,23,0.16600790513833993,
3d762ba1-3958-453b-b34e-fe24c2822994,frontierscience,deepseek/deepseek-v3.2_reasoning-auto_s1,chemistry,,deepseek/deepseek-v3.2,0,is_correct,False,,,True,,,,67,0.17804304872953586,-2.322329438585938,-2.500372487315474,1.830687707956421,7.841604436963015,-4.12098185592625,3.7206225810367646,0.6543410491797437,-1.2531850185788163,-1.3033529202073233,-1.957693969387067,40.098406418800806,0.06235590664628339,14,9,0.2631578947368421,0.8947368421052632,1.7986524173403122,6.042952019622703,4.702497477292435,3.8872295724660835,0.1111111111111111,0.2777777777777778,3.9528160225159255,0.46103625721654906,1.0616375225684211,0.35,0.65,2,2.497069623705446,-2.497069623705446,-4.994139247410892,1.5156637757175846,4.994139247410892,-2.497069623705446,2.497069623705446,1.7085213214826738,-0.13142471703712863,-1.8399460385198025,-3.5484673600024763,4.994139247410892,1.0,0.0,1.0,0.0,1.0,0.0,4.994139247410892,-0.2628494340742571,0.262849434074258,0.6111111111111112,0.7777777777777778,1.9737298215558337e-16,0.6571235851856437,0.6571235851856436,0.5,0.5,0.17804304872953586,-0.08817035758309295,-2.197725103663042,2.504772373629393,0.6294517935379664,3.7206225810367646,-0.1666069914293189,0.02682442253829565,-2.646835870818557,0.2559148654078448,-2.4714628248026465,-1.544166332502835,-0.7535347049794137,-1.6390346848944009,-1.2216380083249483,1.905096059451179,-0.5863901085203329,-4.12098185592625,-1.4738741693376491,-2.322329438585938,2.497069623705446,2.2342201896311886,1.971370755556931,1.7085213214826738,1.4456718874084162,1.1828224533341587,0.9199730192599014,0.6571235851856438,0.3942741511113863,0.13142471703712877,-0.13142471703712877,-0.3942741511113863,-0.6571235851856434,-0.9199730192599009,-1.1828224533341585,-1.4456718874084165,-1.7085213214826735,-1.971370755556931,-2.2342201896311886,-2.497069623705446,-0.11153390395169788,4.707865158339686,-0.2862740890712061,-7.503235314437429,69,0.03889642695612845,1.0
4225f097-0cee-4e43-b5b9-6efbab4c3447,frontierscience,deepseek/deepseek-v3.2_reasoning-auto_s1,physics,,deepseek/deepseek-v3.2,0,is_correct,False,,,True,,,,55,-2.4468798121110087,0.06991187023871784,2.5167916823497265,1.9785414167596842,8.846438102113119,-4.52689483094485,4.3195432711682695,-0.9857349289742051,-0.573792117155019,0.28213166639519144,1.2678665953693966,49.46560814599368,0.050879626809027044,14,15,0.631578947368421,0.6842105263157895,4.596806701183568,4.249631400929552,4.879995950499987,8.846438102113119,0.6111111111111112,0.6666666666666666,4.920709554359967,0.5424446722916973,1.0036396385183683,0.4,0.6,2,3.756233995710943,-3.756233995710943,-7.512467991421886,2.2799475618824654,7.512467991421886,-3.756233995710943,3.756233995710943,2.570054839170645,-0.1976965260900494,-2.7677513652606947,-5.33780620443134,7.512467991421886,1.0,0.0,1.0,0.0,1.0,0.0,7.512467991421886,-0.3953930521800988,0.3953930521800997,0.6111111111111112,0.5555555555555556,2.220446049250313e-16,0.9884826304502482,0.9884826304502481,0.5,0.5,-2.4468798121110087,-2.3723180972519105,-0.5275695673177083,1.787296834061042,-1.5583514892014803,0.6878853754015661,-2.470207746399937,0.734092875856521,-3.426010939119571,-1.4484174490786295,0.8915949313648448,-0.5604526793317173,4.3195432711682695,-4.52689483094485,-0.5821811883813615,0.5948161359857429,-0.08734036122173716,1.7637521517572425,-0.06616861000745602,0.06991187023871784,3.756233995710943,3.3608409435308437,2.9654478913507445,2.5700548391706453,2.174661786990546,1.7792687348104468,1.3838756826303475,0.9884826304502483,0.5930895782701491,0.19769652609004984,-0.1976965260900494,-0.5930895782701491,-0.9884826304502479,-1.3838756826303467,-1.7792687348104463,-2.174661786990546,-2.570054839170645,-2.9654478913507436,-3.3608409435308433,-3.756233995710943,1.3232109950206787,5.009533120492904,-2.502934870928982,-3.998341856263238,57,0.04983164983164983,1.0
079657b3-e215-4944-8a67-8bb5347e4f15,frontierscience,deepseek/deepseek-v3.2_reasoning-auto_s1,chemistry,,deepseek/deepseek-v3.2,0,is_correct,False,,,False,,,,83,-2.820494985331235,0.12129816004054779,2.9417931453717827,1.9930908357734949,6.753134418460879,-2.820494985331235,3.9326394331296437,-1.8786896359005965,1.2228228388551856,0.312608449438815,2.1912980853394113,36.42612330939433,0.08076053332343197,13,5,0.6842105263157895,0.0,2.9417931453717827,3.811341273089096,5.144800832677529,3.5848540516401637,0.3333333333333333,0.7222222222222222,3.297140303362814,0.7171769397225956,0.852947783856845,0.4,0.6,0,,,,,,,,,,,,,,,,,,,,,,,,,,,,,-2.820494985331235,-2.487354293206598,-1.9102859001723167,-0.3821495704896565,-2.5906539326101203,-1.0948443293536185,-1.865044440140632,3.279756392536897,-0.20343687746087102,-1.6978873835320134,0.27563049333952006,0.17937439606921846,2.793683417903904,3.9326394331296437,0.34778538148948,-1.0478527651703171,-0.2709778110535284,-0.6879733886159942,3.4133711199427017,0.12129816004054779,,,,,,,,,,,,,,,,,,,,,,,,,83,0.02997355274757567,
fbec81f3-a103-43e1-b4a8-bb2487cc24e8,frontierscience,deepseek/deepseek-v3.2_reasoning-auto_s1,chemistry,,deepseek/deepseek-v3.2,1,is_correct,True,,,True,,,,82,-0.10682711486100177,-2.5784635324256477,-2.471636417564646,2.0731623668496164,8.163340033024166,-4.823081487817878,3.3402585452062894,-0.1378055645694882,0.4391102075137573,-1.5460890729609122,-1.408283508391424,48.551193634651945,0.05090784041611266,13,12,0.3684210526315789,0.7894736842105263,2.24461795539223,5.918722077631937,6.231662928568616,6.531364606511367,0.3333333333333333,0.7777777777777778,4.713992344960266,0.6068412578296875,0.965211354687467,0.5,0.5,2,1.1550400905559357,-1.1550400905559357,-2.3100801811118714,0.701082744404766,2.3100801811118714,-1.1550400905559357,1.1550400905559357,0.790290588275114,-0.06079158371347025,-0.8510821719885842,-1.6413727602636983,2.3100801811118714,1.0,0.0,1.0,0.0,1.0,0.0,2.3100801811118714,-0.12158316742694031,0.12158316742694097,0.6111111111111112,0.9444444444444444,1.8503717077085943e-16,0.30395791856735155,0.30395791856735144,0.5,0.5,-0.10682711486100177,-0.789740076206686,0.011001881147183035,-0.2610380914157844,2.2322721176459486,0.8410967150662496,-2.8914043833623264,3.3402585452062894,2.032165117794606,-2.631957039163432,1.8323189568708917,-0.22272118394640972,-1.3123494719861204,0.03605652782047605,1.7082831186934895,-4.823081487817878,0.09789225888921893,0.005479917459396494,-3.6866447125640525,-2.5784635324256477,1.1550400905559357,1.0334569231289952,0.9118737557020545,0.7902905882751139,0.6687074208481734,0.5471242534212327,0.4255410859942922,0.30395791856735155,0.1823747511404109,0.060791583713470265,-0.060791583713470265,-0.18237475114041102,-0.3039579185673513,-0.42554108599429186,-0.5471242534212326,-0.6687074208481734,-0.7902905882751139,-0.9118737557020542,-1.0334569231289952,-1.1550400905559357,1.289555439261523,5.023059062243107,2.712978881131235,-9.673451530162318,84,0.0304125263474857,1.0
70929247-a356-4a12-8534-49fd885f0c3e,frontierscience,deepseek/deepseek-v3.2_reasoning-auto_s1,physics,,deepseek/deepseek-v3.2,1,is_correct,True,,,True,,,,76,-2.556278102050494,0.08455738950918676,2.640835491559681,1.8958037297883845,6.651941563444968,-3.483497404605459,3.1684441588395087,-0.477138788501981,0.8779800704366826,-1.2644059172291777,-0.7872671287271967,43.23352679785859,0.061083045662850825,12,7,0.15789473684210525,0.8421052631578947,3.568054794114646,3.083886769330322,4.952863621273641,5.852131689457024,0.6666666666666666,0.16666666666666666,4.154673065519373,0.680170976216434,0.9191983027080418,0.45,0.55,2,0.005106681071003649,-0.005106681071003649,-0.010213362142007298,0.003099637847493162,0.010213362142007298,-0.005106681071003649,0.005106681071003649,0.0034940449433182863,-0.0002687726879475604,-0.003762817631265847,-0.007256862574584133,0.010213362142007298,1.0,0.0,1.0,0.0,1.0,0.0,0.010213362142007298,-0.0005375453758951192,0.0005375453758951227,0.8888888888888888,0.9444444444444444,5.782411586589357e-19,0.0013438634397378024,0.0013438634397378024,0.5,0.5,-2.556278102050494,0.4283098953005888,0.4844640225601644,3.1684441588395087,-2.683687530617515,-0.5131913838601792,-1.6680325796859403,-0.8553508420620479,2.7692578623423034,1.3775911372276166,2.287109134116478,0.4872550261595987,-2.436432723000406,2.5164308982732346,-0.5491083517116664,-0.8440647789980671,-3.483497404605459,-0.8100432374063302,-1.9842791201627303,0.08455738950918676,0.005106681071003649,0.004569135695108528,0.004031590319213407,0.0034940449433182863,0.0029564995674231653,0.0024189541915280444,0.0018814088156329234,0.0013438634397378024,0.0008063180638426815,0.0002687726879475605,-0.0002687726879475605,-0.0008063180638426815,-0.0013438634397378024,-0.0018814088156329225,-0.0024189541915280444,-0.0029564995674231653,-0.0034940449433182863,-0.0040315903192134055,-0.004569135695108528,-0.005106681071003649,-0.021245174864540278,-0.10069588330272339,-0.11090924544473069,-10.162456962576947,78,0.03333333333333333,1.0
f7b49518-6e84-44e3-9480-4cf91d149702,frontierscience,deepseek/deepseek-v3.2_reasoning-auto_s1,biology,,deepseek/deepseek-v3.2,0,is_correct,False,,,True,,,,76,0.08263900265358096,2.5273811286739747,2.444742126020394,2.2147888923766454,7.457663390373808,-4.490233785335594,2.9674296050382143,-1.2798609946619217,-0.4949457320246583,-0.1840966963088185,1.0957642983531033,53.97872353916151,0.04529084731406692,14,10,0.7368421052631579,0.21052631578947367,7.0176149140095685,0.4400484763642396,4.7616533093064355,6.896871983300154,0.8333333333333334,0.7777777777777778,5.0557558234499185,0.6459397032976814,1.32235106653063,0.45,0.55,2,-1.1555079372499009,1.1555079372499009,2.3110158744998017,0.7013667165775481,2.3110158744998017,-1.1555079372499009,1.1555079372499009,-0.7906106939078269,0.06081620722367893,0.8514269011315058,1.6420375950393327,2.3110158744998017,1.0,0.0,1.0,1.0,0.0,2.3110158744998017,0.0,0.12163241444735817,0.0,0.5555555555555556,0.6666666666666666,1.356939252319636e-16,0.3040810361183949,0.304081036118395,0.5,0.5,0.08263900265358096,2.4159836949543236,-2.2258440199475626,-1.7728489225617339,-4.490233785335594,-1.992280378351792,-0.9764425540446746,-3.13124794979941,-1.1037327243607515,1.3824623358767503,-1.0977658559541768,0.3164788649695336,-2.0302291714666376,2.1994143765620837,2.9674296050382143,-3.92944237826194,0.8322109310444958,-3.6969535905283255,0.1947941261806699,2.5273811286739747,-1.1555079372499009,-1.033875522802543,-0.912243108355185,-0.7906106939078269,-0.668978279460469,-0.547345865013111,-0.42571345056575294,-0.304081036118395,-0.18244862167103704,-0.060816207223679086,0.060816207223678864,0.18244862167103704,0.304081036118395,0.4257134505657527,0.5473458650131109,0.6689782794604688,0.7906106939078268,0.9122431083551845,1.0338755228025427,1.1555079372499009,-1.3310793594527632,-5.013968425376639,-2.7029525508768373,-10.367286182020386,78,0.03333333333333333,1.0
ff4a744b-45ac-46d9-b0ba-6461a71e278a,frontierscience,deepseek/deepseek-v3.2_reasoning-auto_s1,chemistry,,deepseek/deepseek-v3.2,1,is_correct,True,,,True,,,,56,-0.012340707046638713,-2.096557580842911,-2.0842168737962723,2.0964513709484565,8.665483857798396,-4.205024746493337,4.460459111305058,-0.0008688244760667477,-1.1931809700643363,-0.6098323917001509,-0.6089635672240842,49.451784983332146,0.04214644374310782,14,10,0.10526315789473684,0.47368421052631576,2.1084671656504264,6.557016692147968,6.273431443744963,6.026935041333822,0.5,0.9444444444444444,5.222781068424419,0.5612504588236732,1.1621176044228598,0.3,0.7,2,3.6479236155368255,-3.6479236155368255,-7.295847231073651,2.2142056545661184,7.295847231073651,-3.6479236155368255,3.6479236155368255,2.495947736946249,-0.19199597976509594,-2.687943716711345,-5.183891453657594,7.295847231073651,1.0,0.0,1.0,0.0,1.0,0.0,7.295847231073651,-0.3839919595301913,0.38399195953019305,0.6666666666666666,0.7222222222222222,3.9474596431116675e-16,0.9599798988254804,0.9599798988254804,0.5,0.5,-0.012340707046638713,-1.2172991833401285,4.460459111305058,-0.6802087855588772,0.024571706127329965,0.013253285984845833,-2.594517198804056,-2.4230212446597412,-0.9525548860793073,-4.205024746493337,2.0684066972516257,-2.406335401480121,0.5759560642890733,-1.0096932732785464,-0.8369006355966735,-2.1484050970002335,-0.7149206184583284,4.082362311515531,-1.9445727298182907,-2.096557580842911,3.6479236155368255,3.2639316560066334,2.879939696476441,2.495947736946249,2.111955777416057,1.7279638178858647,1.3439718583556726,0.9599798988254804,0.5759879392952882,0.19199597976509608,-0.19199597976509608,-0.5759879392952882,-0.9599798988254804,-1.3439718583556717,-1.7279638178858647,-2.111955777416057,-2.495947736946249,-2.8799396964764403,-3.2639316560066334,-3.6479236155368255,1.2168032900725347,6.961284486452271,-0.3345627446213797,-5.106571489425793,58,0.048051948051948054,1.0
6681ea07-9b3a-4a71-9b31-a88212189f27,frontierscience,deepseek/deepseek-v3.2_reasoning-auto_s1,chemistry,,deepseek/deepseek-v3.2,1,is_correct,True,,,True,,,,46,-0.1257368848792588,-1.9089307491247844,-1.7831938642455256,2.2337713977156053,7.905667534621623,-4.066589437888459,3.8390780967331635,0.9797630040092801,-0.042431912914284275,0.047845169319364854,-0.9319178346899152,52.70397139389078,0.03383414602513665,12,10,0.8421052631578947,0.6842105263157895,2.157658688763675,5.748008845857948,5.100697832309158,6.2273305879265015,0.6111111111111112,0.6666666666666666,5.021023796373639,1.0660306650966036,0.7236112324175454,0.6,0.4,9,2.5921134438000175,2.4474760354003964,-0.14463740839962114,2.7887211530118603,8.610583807562172,-5.029698365788423,3.5808854417737495,1.8487951254679431,-2.4011722363497605,0.153391636960334,-1.695403488507609,32.76490734322473,0.004414400043451669,6.0,4.0,0.7368421052631579,0.5263157894736842,7.47717440118882,1.133409406373353,3.9951368400330614,3.9737454962576146,0.7222222222222222,0.8333333333333334,1.584592121973974,1.131428995414448,1.278743493134984,0.55,0.45,-0.1257368848792588,1.9119667368023068,2.349055678133836,-0.37476395850805844,3.1127593993617233,0.1085229397160961,-0.12346288256168488,-0.8765887480590471,0.2922334143680514,3.2303891772774205,1.902747736135118,-2.9399566822711156,2.1607411500380422,-4.066589437888459,0.4181274103179097,0.18066241457912824,3.8390780967331635,1.8143291484692745,-4.056195305058502,-1.9089307491247844,2.5921134438000175,2.623904311911393,2.6556951800227693,2.068186264236769,1.109097478112344,0.5752821257114009,1.3172870744809078,2.0592920232504146,-0.5057416052812962,-3.543209316284612,-5.029698365788423,-4.965208753792728,-4.409388238292365,-0.4142513982593119,3.5808854417737495,1.599360529588802,-2.3743849666688126,-3.7044834906882196,-0.6285037276439116,2.4474760354003964,0.08045600670929422,4.581500199634096,4.436862791234475,-0.697627123241638,55,0.05893719806763285,0.2222222222222222
5c97845c-c039-48d8-abcf-703afc476b98,frontierscience,deepseek/deepseek-v3.2_reasoning-auto_s1,physics,,deepseek/deepseek-v3.2,1,is_correct,True,,,True,,,,49,-2.533715889551195,-3.9209100499365257,-1.3871941603853308,2.0778083162995893,7.405485678162453,-4.53308306476664,2.8724026133958134,-0.9564554763968907,-0.16132219928326116,-0.7182769480285561,0.23817852836833453,47.59416777750269,0.029146305632873033,10,8,0.42105263157894735,0.21052631578947367,0.6121730148301139,6.793312663332339,6.5764505491856085,4.36276581914565,0.2222222222222222,0.7777777777777778,4.0602405759201785,0.5845023647413571,1.191207635637977,0.35,0.65,2,2.4251561670430686,-2.4251561670430686,-4.850312334086137,1.4720139630671627,4.850312334086137,-2.4251561670430686,2.4251561670430686,1.6593173774505203,-0.12763979826542454,-1.786957175715945,-3.4462745531664654,4.850312334086137,1.0,0.0,1.0,0.0,1.0,0.0,4.850312334086137,-0.255279596530849,0.25527959653084986,0.6111111111111112,0.7222222222222222,2.220446049250313e-16,0.6381989913271233,0.6381989913271233,0.5,0.5,-2.533715889551195,-2.665385827112516,2.5413361760244904,-1.4915563234582163,-4.53308306476664,2.043367484418969,-0.05615089033312802,-2.494372702899263,2.8724026133958134,0.8747366749531156,-1.1024446233508451,-1.834097337533473,0.10690450930983264,0.4476154711419915,2.80368436558293,-1.5590814535627198,-0.8593978733679388,-0.530632460148948,-0.2433242167381353,-3.9209100499365257,2.4251561670430686,2.169876570512219,1.91459697398137,1.6593173774505208,1.4040377809196714,1.148758184388822,0.8934785878579727,0.6381989913271233,0.3829193947962741,0.1276397982654247,-0.1276397982654247,-0.3829193947962741,-0.6381989913271231,-0.8934785878579721,-1.148758184388822,-1.4040377809196714,-1.6593173774505203,-1.9145969739813697,-2.169876570512219,-2.4251561670430686,-0.25909131028807464,6.08697490669152,1.2366625726053826,-5.3443515915939805,51,0.05782312925170068,1.0
078d0957-0a51-46be-b820-da8f749b30b5,frontierscience,deepseek/deepseek-v3.2_reasoning-auto_s1,chemistry,,deepseek/deepseek-v3.2,1,is_correct,True,,,True,,,,15,-2.2476839095314816,4.910697850803835,7.158381760335317,3.0604181831375725,10.28250308822093,-4.347665972012232,5.934837116208698,-0.5561336908775589,-0.4134690762368617,1.035107979576855,1.591241670454414,57.899012827764764,0.12363564438705943,8,7,0.8421052631578947,0.7368421052631579,9.258363822816067,1.0241392654048624,9.705683377907453,4.828467931905581,0.8333333333333334,0.3888888888888889,3.9621329917708,1.292830359347947,1.321658933964938,0.5,0.5,2,0.0016897797096397937,-0.0016897797096397937,-0.0033795594192795875,0.0010256573827697665,0.0033795594192795875,-0.0016897797096397937,0.0016897797096397937,0.0011561650644903853,-8.893577419156797e-05,-0.0012451008386819532,-0.0024012659031723387,0.0033795594192795875,1.0,0.0,1.0,0.0,1.0,0.0,0.0033795594192795875,-0.0001778715483831358,0.00017787154838313666,0.6111111111111112,0.7777777777777778,2.7707388852407333e-19,0.00044467887095784046,0.0004446788709578403,0.5,0.5,-2.2476839095314816,2.93399424734206,2.744828741505694,-0.027452187703680186,-1.7980165882484747,-3.8404711882061626,-1.6581349513008674,1.5238196856873174,-3.304648246218264,-2.9634391257167065,0.009707705498354535,3.6493200926006812,0.6657766031527168,-2.474820248662131,-4.347665972012232,-3.770846261698756,5.934837116208698,3.319184129598894,0.1644410145606905,4.910697850803835,0.0016897797096397937,0.0015119081612566575,0.0013340366128735213,0.0011561650644903853,0.000978293516107249,0.0008004219677241129,0.0006225504193409768,0.00044467887095784057,0.00026680732257470434,8.893577419156811e-05,-8.89357741915679e-05,-0.00026680732257470434,-0.00044467887095784014,-0.0006225504193409764,-0.0008004219677241126,-0.0009782935161072493,-0.001156165064490385,-0.0013340366128735208,-0.0015119081612566575,-0.0016897797096397937,2.948713719611522,-1.9602943514826734,-1.963673910901953,-13.429282237547039,17,0.3047619047619048,1.0
f44b0903-1c29-44a5-9f9b-b6ccdd164e1c,frontierscience,deepseek/deepseek-v3.2_reasoning-auto_s1,chemistry,,deepseek/deepseek-v3.2,1,is_correct,True,,,True,,,,87,0.12659111538727022,-0.005753567451261963,-0.13234468283853218,1.8482644609088479,6.8356103085041,-3.4702668559088976,3.3653434525952024,1.4746689452002626,-0.3208418907443482,-0.23793056650676317,-1.7125995117070258,32.42912409498611,0.004081044016202525,12,7,0.6842105263157895,0.3684210526315789,3.4645132884576357,3.3710970200464643,3.7141684607844527,5.7587155558877825,0.6111111111111112,0.3333333333333333,2.880083788547915,0.8817967532728425,0.5493364541653013,0.45,0.55,2,-2.5404016343098093,2.5404016343098093,5.0808032686196185,1.5419653085937823,5.0808032686196185,-2.5404016343098093,2.5404016343098093,-1.7381695392646062,0.13370534917420035,1.8718748884388068,3.610044427703413,5.0808032686196185,1.0,0.0,1.0,1.0,0.0,5.0808032686196185,0.0,0.26741069834840125,0.0,0.05555555555555555,0.8888888888888888,3.20731096002823e-16,0.6685267458710024,0.6685267458710025,0.5,0.5,0.12659111538727022,1.082618793868685,1.858602669772961,2.5335852708384246,-0.20668692841163452,2.6395229949672467,2.288448699978885,-3.4702668559088976,-2.026961259871495,-0.5656255137307626,-2.4834608962448197,-0.3895453114170584,3.3246231493673943,3.3653434525952024,-0.0704040673707734,0.41659891868078125,-0.40775622728486427,-0.05376708263701113,-1.3065013729774495,-0.005753567451261963,-2.5404016343098093,-2.2729909359614084,-2.005580237613007,-1.7381695392646064,-1.4707588409162053,-1.2033481425678045,-0.9359374442194035,-0.6685267458710025,-0.40111604752260144,-0.13370534917420063,0.13370534917420018,0.40111604752260144,0.6685267458710022,0.9359374442194031,1.2033481425678043,1.4707588409162051,1.7381695392646064,2.0055802376130067,2.272990935961408,2.5404016343098093,0.10532978002009177,-2.4293182868384555,2.651484981781163,-6.671396396444109,89,0.028334669874365143,1.0
f12a8706-3ddd-4255-9234-0655babceb8e,frontierscience,deepseek/deepseek-v3.2_reasoning-auto_s1,chemistry,,deepseek/deepseek-v3.2,0,is_correct,False,,,True,,,,35,2.4046533203541327,-4.889760778757903,-7.294414099112036,2.4499489130842003,9.027748024511615,-4.889760778757903,4.1379872457537115,0.9879411269654048,1.4085662069423712,-1.6475364666137067,-2.6354775935791115,63.49912196942632,0.11487425137349402,14,13,0.47368421052631576,1.0,0.0,9.027748024511615,7.083628502818215,8.15779570298641,0.7777777777777778,0.7222222222222222,6.243694521221624,1.1403436920806889,0.7958270651970792,0.6,0.4,8,5.010598816882464,0.3752996987201236,-4.63529911816234,1.9563173382046442,7.529112049702713,-2.518513232820249,5.010598816882464,-0.36866374812444386,-1.0645415155483067,0.9492759156426883,1.3179396637671321,16.853922636015124,0.27502791001645965,4.0,2.0,0.0,0.2631578947368421,2.8938129315403724,4.63529911816234,1.6542050586192765,2.6765505055288243,0.7777777777777778,0.0,0.5222896125580271,0.7026464554159462,0.9194855230086023,0.35,0.65,2.4046533203541327,-1.1324125869442834,3.516948059957037,-0.30738785158322557,3.015897943293103,-0.8324027333018584,0.2502917369829287,0.8502980734758403,0.21460439927175923,4.1379872457537115,1.6243816361356709,0.6749221274007655,-1.1558616932804897,3.5136316598393424,-4.644164043147068,2.439464459671147,-2.606708804703455,-0.3478428122233028,0.16379317947834127,-4.889760778757903,5.010598816882464,2.3340483113536394,-0.3425021941751849,-2.2873476399613337,-2.402930436390791,-2.518513232820249,-2.3739998617596516,-2.0344143650815134,-1.6948288684033748,-1.1150749625878584,-0.49529298858277904,-0.05655236051373208,-0.7040598080608736,-1.3515672556080152,-1.0126264862266912,0.6415785723925853,2.295783631011859,2.1386468190654613,1.2569732588927924,0.3752996987201236,-0.3379673179450219,9.562392277695345,4.927093159533005,-5.7426759807862915,43,0.07563025210084033,0.2857142857142857
516da073-8d2a-4db5-a739-c752655ec14c,frontierscience,deepseek/deepseek-v3.2_reasoning-auto_s1,physics,,deepseek/deepseek-v3.2,1,is_correct,True,,,True,,,,11,2.6921083640945347,-1.6524421599451444,-4.344550524039679,3.2862692876056285,11.238747838753245,-6.482708847685352,4.756038991067893,-0.9636462040676256,0.5160956686239454,0.44918325948082694,1.4128294635484524,42.71379088675338,0.10171306348243217,5,5,0.47368421052631576,0.21052631578947367,4.830266687740208,6.408481151013037,4.167777110980698,6.191964598923046,0.3333333333333333,0.1111111111111111,2.0680223513851113,1.396663810544731,1.4185515201057715,0.55,0.45,2,5.260815769425458,-5.260815769425458,-10.521631538850915,3.193194061048963,10.521631538850915,-5.260815769425458,5.260815769425458,3.5995055264489975,-0.2768850404960765,-3.876390566945073,-7.47589609339407,10.521631538850915,1.0,0.0,1.0,0.0,1.0,0.0,10.521631538850915,-0.5537700809921517,0.5537700809921553,0.8888888888888888,0.9444444444444444,5.921189464667501e-16,1.3844252024803836,1.3844252024803834,0.5,0.5,2.6921083640945347,3.979862107966463,4.519644017558895,-1.6723205813641506,-6.482708847685352,-5.766791783599157,-4.015316705444614,0.15246040553608342,3.2539587632511866,4.756038991067893,3.0591957300474175,-1.8365710198102523,-3.299238924358251,-2.473174265366459,-1.1724661145420472,0.33166067563920265,1.6043134697223593,2.8190977647809934,0.7649359212295979,-1.6524421599451444,5.260815769425458,4.707045688433304,4.1532756074411505,3.5995055264489975,3.045735445456844,2.4919653644646904,1.9381952834725373,1.3844252024803838,0.8306551214882303,0.27688504049607676,-0.27688504049607676,-0.8306551214882303,-1.384425202480383,-1.9381952834725364,-2.49196536446469,-3.0457354454568435,-3.599505526448997,-4.153275607441149,-4.707045688433304,-5.260815769425458,3.8065608799410273,10.71981880931163,0.19818727046071416,-1.6113398266279226,13,0.43636363636363634,1.0
20daab54-df1b-4006-a544-7198daee7847,frontierscience,deepseek/deepseek-v3.2_reasoning-auto_s1,physics,,deepseek/deepseek-v3.2,1,is_correct,True,,,True,,,,98,-2.5372580400473916,-2.2585543794395457,0.2787036606078459,1.7957259652387194,6.623716544318028,-4.114872623658054,2.5088439206599737,-0.5553461677460982,-0.45481367268568246,-0.7293078226542962,-0.17396165490819793,41.034139715859666,0.006791994727749273,14,10,0.05263157894736842,0.42105263157894735,1.8563182442185084,4.7673983000995195,5.046101960707365,4.8490026972896185,0.0,0.3888888888888889,3.861199575640045,0.4926426280111899,1.064990918958602,0.45,0.55,2,4.87961301295698,-4.87961301295698,-9.75922602591396,2.961812763668238,9.75922602591396,-4.87961301295698,4.87961301295698,3.338682587812671,-0.25682173752405124,-3.5955043253367216,-6.934186913149393,9.75922602591396,1.0,0.0,1.0,0.0,1.0,0.0,9.75922602591396,-0.5136434750481023,0.513643475048104,0.6111111111111112,0.5555555555555556,4.440892098500626e-16,1.284108687620258,1.2841086876202579,0.5,0.5,-2.5372580400473916,2.5088439206599737,2.08262923701836,-1.5444838822629208,-0.7804175818803634,-2.5006383773126535,-1.1160984503976925,0.7341300736315646,-4.114872623658054,0.10812371341759164,0.09639905053922027,0.21532098236082958,0.4010144006652,-0.6238113057561292,1.5349164309188468,-2.5304783387578813,-0.8114585576669415,2.1714747510122114,-2.4817468419924666,-2.2585543794395457,4.87961301295698,4.365969537908877,3.852326062860774,3.338682587812671,2.8250391127645678,2.3113956377164646,1.7977521626683615,1.2841086876202583,0.7704652125721552,0.256821737524052,-0.25682173752405113,-0.7704652125721552,-1.2841086876202574,-1.7977521626683606,-2.3113956377164637,-2.8250391127645678,-3.33868258781267,-3.8523260628607723,-4.365969537908876,-4.87961301295698,2.6013585261560257,9.739525918552552,-0.019700107361408925,-2.9782157899334116,100,0.024405638544077426,1.0
4f1cf869-3ea3-400c-8fa3-e4d3f6fe1cdf,frontierscience,deepseek/deepseek-v3.2_reasoning-auto_s1,physics,,deepseek/deepseek-v3.2,1,is_correct,True,,,True,,,,71,0.052555820985277564,-2.415797402189439,-2.4683532231747165,1.800152529832071,5.955895470268613,-3.085999399209742,2.869896071058872,-1.3015979476361543,-0.9313819918478797,-0.4630290667565345,0.8385688808796199,35.409610280914606,0.06970856791680455,13,7,0.7894736842105263,0.3157894736842105,0.6702019970203028,5.285693473248311,4.169264411549817,4.757869633294289,0.6666666666666666,0.8333333333333334,3.2250780734599243,0.45710337929166744,1.37755507813804,0.35,0.65,4,4.1934441386793155,-3.1234713711271516,-7.316915509806467,2.6594788875562094,8.957459318833061,-4.764015180153746,4.1934441386793155,-0.28528552073721514,0.08525040318842894,-0.23591199775104835,0.04937352298616679,24.45828812006495,0.2991589384297038,2.0,3.0,0.0,0.3157894736842105,1.6405438090265942,7.316915509806467,1.4926311869058084,1.4929098864721775,0.5555555555555556,0.2222222222222222,0.3129553338685691,1.0755012975084317,1.2162871879758215,0.5,0.5,0.052555820985277564,1.7146461466998906,-0.8019207932998733,-2.24387041926856,-2.619156910973953,-2.1274400783861203,-3.085999399209742,-1.7743622064580107,-2.544806656113104,1.5668493508126327,-0.8187426314852706,-2.5255612112539105,-2.2961574999936567,1.8731069115561607,0.9246810497965843,2.869896071058872,-1.8879735622354175,-2.4093127918937394,0.14033223492393265,-2.415797402189439,4.1934441386793155,2.700534252207139,1.207624365734962,-0.28528552073721514,-1.7781954072093917,-3.271105293681569,-4.764015180153746,-4.2665643510406,-2.7739331641347933,-1.2813019772289858,0.21132920967682178,1.7039603965826302,3.196591583488435,3.8066711249754954,2.6516473756250534,1.4966236262746118,0.3415998769241724,-0.8134238724262675,-1.9684476217767095,-3.1234713711271516,0.6345150365965401,7.2437565774652946,-0.07315893234117254,-3.4023311681136015,75,0.03621730382293763,0.5
f10254b9-f0a1-407f-8af9-3169e23eee5e,frontierscience,deepseek/deepseek-v3.2_reasoning-auto_s1,physics,,deepseek/deepseek-v3.2,0,is_correct,False,,,True,,,,83,-0.12750056645914667,0.013247016777932576,0.14074758323707925,2.441367323586732,10.411715154875495,-4.546095638003071,5.865619516872423,0.14960806050003012,-0.4911486938731436,1.1759493815140585,1.0263413210140284,49.304428102761236,0.0028546641478881052,10,9,0.8421052631578947,0.5789473684210527,4.559342654781004,5.85237250009449,5.487096913703497,7.606299820974852,0.4444444444444444,0.5555555555555556,4.188495954471168,1.1127407679322456,0.8794951751586181,0.45,0.55,4,2.512921586520939,-2.6090983557740834,-5.122019942295022,1.4774041290321476,5.122019942295022,-2.6090983557740834,2.512921586520939,0.24363972702046274,0.3428893341492705,-0.6421011111659406,-0.8857408381864034,13.396694269825968,0.38233461472891855,2.0,3.0,0.0,1.0,0.0,5.122019942295022,0.7344861934547291,0.7867988978432578,0.5555555555555556,0.7222222222222222,0.16734436506960437,0.64686320259177,0.6342083645321456,0.5,0.5,-0.12750056645914667,1.7866802235500812,-0.780479264167723,-1.9503676672164616,-1.6894179492684893,2.1068476119634267,1.7014940350985235,-1.453936457446836,-1.293527348877654,4.193569564825843,3.0602041829717805,-4.546095638003071,-1.166061901071227,-2.232193259510841,-0.7377312297065841,1.068664370160887,5.865619516872423,2.4584888364240185,-1.6125922214443262,0.013247016777932576,2.512921586520939,1.7564943000207802,1.0000670135206216,0.24363972702046288,-0.5127875594796958,-1.2692148459798545,-2.025642132480013,-1.7881270990102478,-1.0536409055555198,-0.3191547121007918,0.41533148135393594,1.149817674808665,1.884303868263392,2.1116950312854597,1.3248961334422018,0.5380972355989442,-0.2487016622443119,-1.0355005600875682,-1.8222994579308258,-2.6090983557740834,-0.047251388330166434,2.45242318141284,-2.6695967608821825,-7.148274847758824,87,0.02997355274757567,0.5
b188cad8-92b9-4c72-98a2-b78e04b764f1,frontierscience,deepseek/deepseek-v3.2_reasoning-auto_s1,chemistry,,deepseek/deepseek-v3.2,1,is_correct,True,,,True,,,,64,-2.467879748636475,-6.12295177542733,-3.655072026790855,2.509435832968389,10.800643535778285,-6.12295177542733,4.677691760350954,-0.1861794603910077,0.03592377559919476,-1.2259259474273585,-1.0397464870363509,54.09667907058454,0.06756555281372764,15,12,0.8421052631578947,1.0,0.0,10.800643535778285,7.19060760206502,6.985022102705507,0.8333333333333334,1.0,5.378162549965639,0.8058221784013753,1.2261894523067174,0.5,0.5,4,1.847019983036109,-3.3728099998277017,-5.219829982863811,1.846482851107848,5.475029595757678,-3.3728099998277017,2.1022195959299763,1.9746197894830426,0.5486187136835212,-2.2745721059787134,-4.249191895461756,5.730229208651545,0.9109286544738682,1.0,1.0,0.3157894736842105,1.0,0.0,5.475029595757678,0.042533268815644565,0.439295157539596,0.0,1.0,0.026768245908624724,0.9352684025156218,0.7345065582009382,0.6,0.4,-2.467879748636475,-1.8113986349673086,0.5490724453218032,-2.0623602840904356,2.044265878541842,0.39686094412304973,2.0481831769704697,-0.8332135419044595,0.17006178154645601,-0.7247198235910339,2.1499649512884824,0.36545015134158154,2.8528221512646885,-3.7288992407513515,-3.447540649227041,-2.512915841714066,4.677691760350954,-0.8119095058248453,0.8620703272781771,-6.12295177542733,1.847019983036109,1.8895532518517535,1.932086520667398,1.9746197894830426,2.017153058298687,2.0596863271143317,2.1022195959299763,1.8314494903479503,1.4040276975670887,0.9766059047862272,0.5491841120053658,0.12176231922450365,-0.3056594735563576,-0.7370390545901297,-1.1763342121297253,-1.615629369669321,-2.0549245272089154,-2.4942196847485105,-2.9335148422881057,-3.3728099998277017,0.6203478734962276,8.590319631959666,3.3704896490958554,-5.704754688777356,68,0.04117063492063492,0.5
319ae242-19fc-4542-b75a-d32b325ea923,frontierscience,deepseek/deepseek-v3.2_reasoning-auto_s1,chemistry,,deepseek/deepseek-v3.2,0,is_correct,False,,,True,,,,70,0.11160464454291597,0.09977122690203655,-0.011833417640879418,2.363836854350337,9.047276434747381,-4.7904013477756235,4.256875086971758,1.575098391700424,-0.6204263544072538,1.3642324670804171,-0.21086592462000686,45.84022030014845,0.00025814486848879946,9,6,0.5789473684210527,0.42105263157894735,4.89017257467766,4.157103860069721,4.942871462189787,7.265589233942367,0.4444444444444444,0.3333333333333333,3.6955832440105922,1.3393482327143968,0.5959432795376625,0.75,0.25,2,0.0056212714200718494,-0.0056212714200718494,-0.011242542840143699,0.003411982342821716,0.011242542840143699,-0.0056212714200718494,0.0056212714200718494,0.0038461330768912658,-0.00029585639053009697,-0.004141989467421362,-0.007988122544312626,0.011242542840143699,1.0,0.0,1.0,0.0,1.0,0.0,0.011242542840143699,-0.0005917127810601934,0.000591712781060196,0.6111111111111112,0.5555555555555556,7.709882115452476e-19,0.001479281952650487,0.0014792819526504863,0.5,0.5,0.11160464454291597,2.1562824757863157,2.5093060480247686,-1.5157979001929753,0.9317307880187196,3.944400071372264,2.888162614350958,-4.377426619591409,-4.7904013477756235,0.15247011441416358,1.6507380083235745,4.256875086971758,-0.17725623639355792,-1.0579834867996833,1.2040756173186296,0.06348778626515772,1.775342912833498,3.8104463136061595,1.2322709455570195,0.09977122690203655,0.0056212714200718494,0.005029558639011655,0.00443784585795146,0.0038461330768912658,0.003254420295831071,0.0026627075147708764,0.0020709947337106817,0.001479281952650487,0.0008875691715902927,0.00029585639053009757,-0.0002958563905300967,-0.0008875691715902927,-0.001479281952650486,-0.0020709947337106804,-0.0026627075147708755,-0.0032544202958310706,-0.003846133076891264,-0.004437845857951459,-0.005029558639011654,-0.0056212714200718494,-0.016697830920718408,-0.11084778640268311,-0.12209032924282681,-11.859186831718862,72,0.036853002070393374,1.0
aeaa8d2c-fcb9-423f-b1c0-ac9c122999e6,frontierscience,deepseek/deepseek-v3.2_reasoning-auto_s1,physics,,deepseek/deepseek-v3.2,1,is_correct,True,,,True,,,,90,0.13461830039839634,2.771120733396148,2.6365024329977516,2.2850949050214284,7.544229305889564,-4.773108572493416,2.771120733396148,-0.3557551619106583,-1.5462575852067688,0.3661793533645015,0.7219345152751598,33.69015114050599,0.07825736435559827,7,6,1.0,0.8421052631578947,7.544229305889564,0.0,7.041765936036946,3.803638508438153,0.8888888888888888,0.7777777777777778,3.022354554432783,0.7245190648499303,1.2803697203316795,0.45,0.55,2,2.6010961613214736,-2.6010961613214736,-5.202192322642947,1.578805489220938,5.202192322642947,-2.6010961613214736,2.6010961613214736,1.779697373535745,-0.13689979796428803,-1.916597171500033,-3.6962945450357783,5.202192322642947,1.0,0.0,1.0,0.0,1.0,0.0,5.202192322642947,-0.2737995959285753,0.27379959592857706,0.8888888888888888,0.9444444444444444,2.9605947323337506e-16,0.6844989898214404,0.6844989898214404,0.5,0.5,0.13461830039839634,-1.7594731827582937,-2.2717357247108283,-2.2133383603734296,2.6359945702635885,0.9019520914598047,0.0816961723461537,-2.765166192643922,-2.656640239145925,-2.537140825403716,-3.9726839405748544,-0.22574503602376073,-0.13938170214011597,1.4729548394849106,1.5106578780728266,-2.2929806303653266,-4.773108572493416,2.2686573635435296,2.7127293480332475,2.771120733396148,2.6010961613214736,2.3272965653928974,2.0534969694643213,1.779697373535745,1.505897777607169,1.2320981816785928,0.9582985857500166,0.6844989898214404,0.41069939389286425,0.13689979796428808,-0.13689979796428808,-0.41069939389286425,-0.6844989898214404,-0.9582985857500161,-1.2320981816785928,-1.505897777607169,-1.779697373535745,-2.0534969694643204,-2.3272965653928974,-2.6010961613214736,-0.03847847898375818,-0.20850305105843248,-5.41069537370138,-5.028753926023569,92,0.027215980024968788,1.0
6e9aca19-46c4-46ea-9643-86b138e8f2f5,frontierscience,deepseek/deepseek-v3.2_reasoning-auto_s1,physics,,deepseek/deepseek-v3.2,0,is_correct,False,,,False,,,,50,-0.09033080954662304,2.7269411043491005,2.8172719138957234,2.20063621235982,7.274476583558964,-4.231349138575805,3.043127444983159,1.5654781038562704,0.3448109679351596,-1.61154168838735,-3.1770197922436205,36.43037047267791,0.0773330569341485,12,9,0.10526315789473684,0.7894736842105263,6.958290242924905,0.31618634063405837,4.221981684094102,4.6059816510017715,1.0,0.3888888888888889,2.992267334591951,1.0744857494114322,0.8893470808006365,0.5,0.5,0,,,,,,,,,,,,,,,,,,,,,,,,,,,,,-0.09033080954662304,2.9585468368906103,3.043127444983159,1.680159626858248,2.3550544050532074,1.3190800421410014,-0.30729081938570957,1.7817265537414408,-2.824255097260331,-1.6461402709532456,0.7315684768266824,-0.5227333841936224,2.514911685748059,2.378598811637134,-1.8193354283904979,-4.231349138575805,-2.3378870937402856,-2.5125789942216095,-1.4950405797450015,2.7269411043491005,,,,,,,,,,,,,,,,,,,,,,,,,50,0.0563265306122449,
4195adea-9fa5-4f25-91ef-ebd6c57cfb88,frontierscience,deepseek/deepseek-v3.2_reasoning-auto_s1,physics,,deepseek/deepseek-v3.2,1,is_correct,True,,,True,,,,111,0.08527634851180939,-2.3832241901346074,-2.468500538646417,1.6222803326994923,5.09523007509468,-2.6518429472703224,2.4433871278243573,-1.037499386279666,-0.7208068131825479,-1.2566467867442326,-0.2191474004645666,37.99683503728176,0.06496595140685722,11,9,0.42105263157894735,0.8421052631578947,0.26861875713571504,4.826611317958965,4.494211113616623,4.75561371217481,0.5555555555555556,0.4444444444444444,3.4311213340643674,0.33929845507122025,1.3316996609062648,0.35,0.65,2,-0.049735815369517766,0.049735815369517766,0.09947163073903553,0.030188494944523865,0.09947163073903553,-0.049735815369517766,0.049735815369517766,-0.03402976841072269,0.002617674493132512,0.03664744290385519,0.07067721131457788,0.09947163073903553,1.0,0.0,1.0,1.0,0.0,0.09947163073903553,0.0,0.005235348986265043,0.0,0.9444444444444444,0.8888888888888888,4.625929269271485e-18,0.013088372465662568,0.01308837246566257,0.5,0.5,0.08527634851180939,0.7258061299791916,-2.0372238498454833,-2.2750160215891917,-1.5350824800600162,0.34020853086268943,-2.56646436181666,-0.09690143244624053,2.4433871278243573,-2.312226584350453,-2.614338881055983,1.8798722325606398,-1.741595988538116,-2.603844166272041,-2.5209044570509453,-1.2953278576952378,-2.6518429472703224,1.043991056293646,0.26742767539207035,-2.3832241901346074,-0.049735815369517766,-0.04450046638325274,-0.03926511739698771,-0.03402976841072268,-0.028794419424457655,-0.023559070438192626,-0.0183237214519276,-0.013088372465662572,-0.007853023479397543,-0.0026176744931325144,0.0026176744931325144,0.007853023479397543,0.013088372465662565,0.018323721451927594,0.023559070438192622,0.02879441942445765,0.03402976841072268,0.039265117396987695,0.04450046638325274,0.049735815369517766,-0.10159232061914085,2.231896054145949,2.3313676848849845,-12.833740676763014,113,0.021294021294021293,1.0
22f5a060-b2ba-4d68-8ad1-cbcbd58a788e,frontierscience,deepseek/deepseek-v3.2_reasoning-auto_s1,chemistry,,deepseek/deepseek-v3.2,1,is_correct,True,,,True,,,,31,2.780955756213045,-4.735910568077359,-7.516866324290405,2.3896558556763043,8.975059411889202,-4.735910568077359,4.239148843811844,0.3722330131180926,-0.080461118439932,-0.910988703101819,-1.2832217162199115,56.14415081455675,0.13388511920179355,10,9,0.9473684210526315,1.0,0.0,8.975059411889202,4.9413587703565085,8.975059411889202,0.3888888888888889,1.0,4.014345977984697,0.9051862899145865,1.0763627377077758,0.35,0.65,2,-0.05002145098991839,0.05002145098991839,0.10004290197983678,0.03036186919039428,0.10004290197983678,-0.05002145098991839,0.05002145098991839,-0.034225203308891526,0.0026327079468378067,0.03685791125572934,0.07108311456462087,0.10004290197983678,1.0,0.0,1.0,1.0,0.0,0.10004290197983678,0.0,0.005265415893675629,0.0,0.7222222222222222,0.1111111111111111,4.625929269271485e-18,0.01316353973418905,0.01316353973418905,0.5,0.5,2.780955756213045,-0.24522444629833728,-2.756403718389294,-0.8201675428827406,1.018725332986709,2.684332029747016,-0.056586319549749575,-1.8051847563715704,3.1361740139849386,-1.896611188502247,-1.8138258321203915,-0.21036357844087838,2.1985722679990793,-0.17198875562845473,-3.7119294304365953,-0.7088863107836572,-2.5941723066742446,2.045817553549099,4.239148843811844,-4.735910568077359,-0.05002145098991839,-0.04475603509624277,-0.03949061920256715,-0.03422520330889153,-0.02895978741521591,-0.023694371521540292,-0.018428955627864674,-0.013163539734189052,-0.00789812384051343,-0.0026327079468378145,0.0026327079468378076,0.00789812384051343,0.013163539734189045,0.01842895562786466,0.02369437152154029,0.028959787415215918,0.03422520330889153,0.03949061920256715,0.04475603509624276,0.05002145098991839,2.7033811865988757,7.389270303686317,7.4893132056661536,-10.147589972587621,33,0.1032258064516129,1.0
218df0c2-18db-495f-8c53-eb6758feaff2,frontierscience,deepseek/deepseek-v3.2_reasoning-auto_s1,physics,,deepseek/deepseek-v3.2,1,is_correct,True,,,True,,,,39,0.13505723532582153,-2.325767015263824,-2.4608242505896456,3.32699908701498,11.719924495968751,-5.0740797865718,6.645844709396951,-0.025213798004361316,-1.790711939082753,0.9338450378238722,0.9590588358282335,54.52081698422837,0.045135498451930864,8,7,0.3157894736842105,0.05263157894736842,2.748312771307976,8.971611724660775,4.909541258680768,7.7232937465183475,0.7777777777777778,0.3888888888888889,3.9616840761379697,1.1389863947868022,1.4944068914201307,0.6,0.4,4,4.095792380219755,-0.5408097138444683,-4.636602094064223,2.349632448157319,9.060139667205517,-4.964347286985762,4.095792380219755,-0.43427745338300383,-1.2687678109702378,0.42768321789663966,0.8619606712796435,18.132443312704126,0.25570751906422245,2.0,3.0,0.0,0.3157894736842105,4.423537573141294,4.636602094064223,1.165325383080205,1.5100232778675862,0.5,0.0,0.2348928453735801,0.6968512158137948,1.1646120929684378,0.45,0.55,0.13505723532582153,-5.0740797865718,-2.2296344569629296,-4.343711722062326,0.46935893046562854,4.220668504378126,6.645844709396951,2.9398614339214264,-4.783432312596921,-4.810694942262752,-4.143290166702587,0.1607612045908809,0.2793386354501564,-2.1775274259794726,0.01889234337806729,4.928433602058836,2.349899369374019,0.3214372569105784,0.31017467048555575,-2.325767015263824,4.095792380219755,2.5857691023521685,1.0757458244845823,-0.43427745338300383,-1.94430073125059,-3.454324009118176,-4.964347286985762,-4.690804790888155,-3.5254794078079503,-2.3601540247277457,-1.1948286416475407,-0.0295032585673356,1.1358221245128686,1.783573322334191,1.3961761496377476,1.008778976941304,0.6213818042448613,0.23398463154841864,-0.15341254114802494,-0.5408097138444683,0.8215069164726126,7.243066311956191,2.6064642178919684,-4.5711547131251,43,0.07692307692307693,0.5
ecb58594-7fd9-4a94-b799-0f1c13acb752,frontierscience,deepseek/deepseek-v3.2_reasoning-auto_s1,chemistry,,deepseek/deepseek-v3.2,1,is_correct,True,,,True,,,,78,-0.049180381913182934,-2.4594359995469666,-2.4102556176337835,2.0321344786291835,8.731643681520195,-6.164674987830235,2.5669686936899594,-1.6590140770041533,-0.10961745533490475,-1.4541224716094634,0.20489160539468987,52.02617983871967,0.04632774547555745,13,10,0.7894736842105263,0.8421052631578947,3.7052389882832686,5.026404693236926,7.936362815038844,8.731643681520195,0.8888888888888888,0.8333333333333334,5.221549200627484,0.4517926975094018,1.507050475310911,0.25,0.75,2,-0.060305269447075815,0.060305269447075815,0.12061053889415163,0.036603910246678424,0.12061053889415163,-0.060305269447075815,0.060305269447075815,-0.041261500147999244,0.0031739615498460904,0.044435461697845326,0.08569696184584458,0.12061053889415163,1.0,0.0,1.0,1.0,0.0,0.12061053889415163,0.0,0.006347923099692204,0.0,0.5555555555555556,0.6111111111111112,6.938893903907228e-18,0.015869807749230476,0.01586980774923048,0.5,0.5,-0.049180381913182934,-2.477072642298368,-2.016506129059959,-1.2967128725325034,-2.685855328467784,-1.981943061466986,-1.10582812329029,2.1762191967224305,-0.6033057093007566,-1.5184527484366273,1.3026484202616582,-2.2429209622232156,1.2183298123053783,-1.0998401966732008,-1.9449363203711119,2.5669686936899594,-6.164674987830235,1.7716878272086096,-2.494344042807035,-2.4594359995469666,-0.060305269447075815,-0.053957346347383625,-0.047609423247691435,-0.041261500147999244,-0.034913577048307054,-0.028565653948614864,-0.022217730848922673,-0.015869807749230483,-0.009521884649538292,-0.003173961549846102,0.0031739615498460882,0.009521884649538292,0.01586980774923047,0.02221773084892266,0.02856565394861485,0.034913577048307054,0.04126150014799923,0.04760942324769142,0.05395734634738361,0.060305269447075815,-0.14037648339179695,2.2587542467080937,2.3793647856022453,-13.601489963388893,80,0.032301032301032304,1.0
422512ca-5a0c-4a23-b987-7fa2eb2024e6,frontierscience,deepseek/deepseek-v3.2_reasoning-auto_s1,physics,,deepseek/deepseek-v3.2,1,is_correct,True,,,True,,,,97,-2.7803569761903866,-6.441607886782638,-3.6612509105922513,2.6191140699861264,10.14544007719968,-6.441607886782638,3.7038321904170415,-0.33527046738546146,0.8881957048460193,-0.6808414550479885,-0.3455709876625271,58.186297695717386,0.06292290548779367,11,12,0.2631578947368421,1.0,0.0,10.14544007719968,4.9859487662407735,5.980958568500867,0.8888888888888888,1.0,4.8159002168734055,1.0539237471867182,1.0646523505899195,0.45,0.55,2,-0.16758148282056062,0.16758148282056062,0.33516296564112125,0.1017181021229402,0.33516296564112125,-0.16758148282056062,0.16758148282056062,-0.11466101456143621,0.008820078043187391,0.1234810926046236,0.23814210716605982,0.33516296564112125,1.0,0.0,1.0,1.0,0.0,0.33516296564112125,0.0,0.017640156086374842,0.0,0.5555555555555556,0.6666666666666666,3.0839528461809905e-17,0.044100390215937,0.044100390215937,0.5,0.5,-2.7803569761903866,-2.4296683830967583,-0.6670702838783529,2.225712492291942,-0.641014782324487,3.7038321904170415,-1.758327528917229,-3.3470372794550443,0.5631218630676651,2.714081234626036,2.8994225439769474,-0.011845364677340264,3.3251548720641373,0.07447206431973363,-1.4367370493262257,1.9054610755982408,-1.3187321588681558,3.667216607372618,-0.4606493182817706,-6.441607886782638,-0.16758148282056062,-0.1499413267341858,-0.13230117064781102,-0.11466101456143621,-0.09702085847506142,-0.07938070238868662,-0.06174054630231181,-0.04410039021593701,-0.02646023412956222,-0.008820078043187407,0.00882007804318738,0.02646023412956222,0.04410039021593701,0.061740546302311766,0.07938070238868661,0.09702085847506142,0.11466101456143618,0.132301170647811,0.1499413267341858,0.16758148282056062,-0.17238746406355265,6.101638939898525,6.436801905539646,-11.286022341843058,99,0.02491408934707904,1.0
8be6ce44-a0c8-4636-80ca-2667dcc9d2af,frontierscience,deepseek/deepseek-v3.2_reasoning-auto_s1,chemistry,,deepseek/deepseek-v3.2,0,is_correct,False,,,True,,,,124,-2.520559809195495,-4.7924778285967715,-2.2719180194012765,2.237550056453263,8.65768755914632,-4.7924778285967715,3.8652097305495485,-1.2394435193876474,-0.854745295049737,-0.3028124089832637,0.9366311104043836,47.11501425060474,0.04822067987323416,12,8,0.10526315789473684,1.0,0.0,8.65768755914632,7.988673359263428,5.4586756250541155,0.05555555555555555,0.1111111111111111,4.123077423579073,0.5765877248819138,1.4003975326299773,0.35,0.65,2,1.1112620308520427,-1.1112620308520427,-2.2225240617040853,0.6745104699937985,2.2225240617040853,-1.1112620308520427,1.1112620308520427,0.7603371790040292,-0.05848747530800221,-0.8188246543120314,-1.5791618333160606,2.2225240617040853,1.0,0.0,1.0,0.0,1.0,0.0,2.2225240617040853,-0.11697495061600427,0.11697495061600471,0.6666666666666666,0.7222222222222222,9.868649107779169e-17,0.29243737654001123,0.29243737654001123,0.5,0.5,-2.520559809195495,-4.12346362871388,3.8652097305495485,-1.593465894504567,0.4018713245946679,-2.188485340519167,-2.517211017924639,-0.061804213232452554,-1.9522253202245856,-2.9956741149697943,-1.2620224708570307,0.5749912998963019,0.033086344710306845,-0.31956859067090415,-2.6627826538217563,2.713253488247856,1.4539565670142112,2.489385742625381,-1.0182097693685028,-4.7924778285967715,1.1112620308520427,0.9942870802360382,0.8773121296200337,0.7603371790040292,0.6433622283880247,0.5263872777720202,0.4094123271560157,0.29243737654001123,0.17546242592400674,0.058487475308002246,-0.058487475308002246,-0.17546242592400674,-0.29243737654001123,-0.4094123271560155,-0.5263872777720202,-0.6433622283880247,-0.7603371790040292,-0.8773121296200335,-0.9942870802360382,-1.1112620308520427,1.2313599905680999,7.135099850016914,4.912575788312829,-10.312898449146395,126,0.01875163912929452,1.0
e1b0b588-915d-46ad-990e-ba5aa554053e,frontierscience,deepseek/deepseek-v3.2_reasoning-auto_s1,physics,,deepseek/deepseek-v3.2,0,is_correct,False,,,True,,,,46,2.7647432524833953,-4.661480603978408,-7.426223856461803,2.3575516964712917,7.889364317198696,-4.753910306020611,3.1354540111780853,-0.4233985005365516,0.04655240677284622,-1.6632896774198949,-1.2398911768833432,51.792531385560636,0.14338406827769337,12,11,0.631578947368421,0.5789473684210527,0.09242970204220313,7.796934615156493,7.889364317198696,6.032153485464336,0.6111111111111112,0.0,4.564650013214951,0.6815988838072464,1.3124819198505118,0.5,0.5,2,3.655989268221468,-3.655989268221468,-7.311978536442936,2.219101320063619,7.311978536442936,-3.655989268221468,3.655989268221468,2.5014663414146887,-0.19242048780112958,-2.6938868292158182,-5.195353170630507,7.311978536442936,1.0,0.0,1.0,0.0,1.0,0.0,7.311978536442936,-0.38484097560225905,0.3848409756022608,0.6666666666666666,0.7777777777777778,5.921189464667501e-16,0.9621024390056496,0.9621024390056494,0.5,0.5,2.7647432524833953,-3.267410232980941,-2.0367355246180177,0.21503122768746577,-1.2971970268331743,0.16348091285154753,0.49429788765386323,2.0352553437694016,1.399044918849841,-0.647984439491802,0.17476111059088062,-4.753910306020611,3.1354540111780853,-1.0167537914658724,-4.23831804081299,1.340369581276443,1.9095394298040036,-2.419070513094239,-1.9107779177141784,-4.661480603978408,3.655989268221468,3.271148292619208,2.8863073170169486,2.5014663414146887,2.116625365812429,1.7317843902101693,1.3469434146079093,0.9621024390056498,0.5772614634033899,0.19242048780112997,-0.19242048780112952,-0.5772614634033895,-0.9621024390056494,-1.3469434146079085,-1.7317843902101684,-2.116625365812429,-2.5014663414146883,-2.8863073170169473,-3.271148292619208,-3.655989268221468,1.1316224188935953,9.449092291093471,2.137113754650535,-3.747441244926474,48,0.06280193236714976,1.0
e2bef5ee-c2ee-4704-b52a-63bb2e7aea7a,frontierscience,deepseek/deepseek-v3.2_reasoning-auto_s1,physics,,deepseek/deepseek-v3.2,1,is_correct,True,,,True,,,,64,-0.10521901872848666,-4.783307492629066,-4.67808847390058,2.7553283836445037,9.172332230305994,-4.783307492629066,4.3890247376769285,-1.7651851650677592,0.22691798518578882,0.31001080832565747,2.075195973393417,56.25814573076067,0.0831539755378519,11,8,0.47368421052631576,1.0,0.0,9.172332230305994,7.579602853199001,8.697216200988864,0.5555555555555556,0.5,4.941602269819844,0.9527245649220367,1.398114835383029,0.4,0.6,2,1.1107792765748776,-1.1107792765748776,-2.2215585531497553,0.6742174492612064,2.2215585531497553,-1.1107792765748776,1.1107792765748776,0.7600068734459688,-0.058462067188151425,-0.8184689406341202,-1.5784758140800892,2.2215585531497553,1.0,0.0,1.0,0.0,1.0,0.0,2.2215585531497553,-0.11692413437630278,0.11692413437630322,0.16666666666666666,0.5555555555555556,1.295260195396016e-16,0.2923103359407573,0.2923103359407572,0.5,0.5,-0.10521901872848666,0.14978630622470074,-1.714585789764022,-3.972768238336738,-1.4400281029163047,-1.4943080968352789,-3.7791732151181856,-3.2641960735517372,-0.26370303449889665,4.3890247376769285,-4.308191463311935,3.2714113898870654,3.871644672345062,-2.107564332245965,-0.7292518497239668,1.8789772603644714,2.441590397246434,0.4734810922920789,2.578575442403994,-4.783307492629066,1.1107792765748776,0.9938551421985747,0.8769310078222718,0.7600068734459688,0.6430827390696661,0.5261586046933632,0.4092344703170602,0.2923103359407573,0.1753862015644544,0.0584620671881515,-0.05846206718815128,-0.1753862015644545,-0.2923103359407573,-0.40923447031706006,-0.5261586046933631,-0.6430827390696661,-0.7600068734459688,-0.8769310078222716,-0.9938551421985746,-1.1107792765748776,1.2506985226327108,7.144785291836655,4.9232267386869,-9.9745941171171,66,0.04117063492063492,1.0
84bba88d-2aee-4fcb-baab-4c6eea17b0d8,frontierscience,deepseek/deepseek-v3.2_reasoning-auto_s1,physics,,deepseek/deepseek-v3.2,1,is_correct,True,,,True,,,,30,0.201289260281341,-4.6807502018691745,-4.882039462150516,3.0507735498874404,12.14499356346347,-5.6611781544880335,6.483815408975435,1.7387080628917868,-0.7223674915154822,-0.811590343690562,-2.550298406582349,70.2911428383037,0.06945454668991595,11,11,0.10526315789473684,0.42105263157894735,0.9804279526188591,11.164565610844608,6.962909114725586,6.886200602837821,0.8888888888888888,1.0,6.314876039508527,1.2930237624975331,1.180781665622995,0.5,0.5,2,4.580226509825035,-4.580226509825035,-9.16045301965007,2.7800920485435667,9.16045301965007,-4.580226509825035,4.580226509825035,3.133839190932919,-0.24106455314868583,-3.3749037440816045,-6.508742935014523,9.16045301965007,1.0,0.0,1.0,0.0,1.0,0.0,9.16045301965007,-0.4821291062973714,0.48212910629737316,0.6111111111111112,0.5555555555555556,7.401486830834377e-16,1.2053227657434307,1.2053227657434302,0.5,0.5,0.201289260281341,0.3833147607316305,6.483815408975435,-0.20844768938431946,4.356768647496469,-0.6463055167148151,1.600521568856768,-0.9156442957432656,-5.6611781544880335,-2.541221792553481,2.8252551958114545,-1.8048966790986918,1.9213124467268539,1.1198008387367873,-2.3228336698079897,-2.6343929194398212,-2.19996239336031,4.762946721365276,2.205450400968646,-4.6807502018691745,4.580226509825035,4.098097403527663,3.615968297230291,3.133839190932919,2.651710084635547,2.1695809783381748,1.6874518720408025,1.2053227657434307,0.7231936594460584,0.24106455314868658,-0.2410645531486857,-0.7231936594460588,-1.2053227657434302,-1.6874518720408016,-2.169580978338174,-2.651710084635547,-3.1338391909329184,-3.6159682972302907,-4.098097403527662,-4.580226509825035,2.33983989006182,11.60081660175603,2.4403635821059595,-3.948417475843094,32,0.10804597701149425,1.0
f4681d73-b08d-450c-89d3-85b9d1250419,frontierscience,deepseek/deepseek-v3.2_reasoning-auto_s1,physics,,deepseek/deepseek-v3.2,1,is_correct,True,,,True,,,,51,-2.5762092465409427,2.4903190381614753,5.066528284702418,2.087101592959059,7.404758885419655,-2.698277696323346,4.706481189096309,0.6795781655737286,0.47296196397941787,0.7073981986520005,0.027820033078271855,40.85882547211837,0.12400083032635785,8,7,0.5789473684210527,0.5263157894736842,5.188596734484822,2.216162150934834,7.404758885419655,4.284172844562668,0.5555555555555556,0.6111111111111112,3.4446330300354666,1.2095074623695283,0.5938989574303271,0.7,0.3,3,2.578500679684337,-0.13419712495944464,-2.7126978046437813,1.380807581190578,4.901219685474205,-2.3227190057898683,2.578500679684337,0.9923519740814226,-1.8265070059584991,-0.7421198696345624,-1.7344718437159852,7.089741566304629,0.3826229460233647,1.0,1.0,0.0,0.5263157894736842,2.188521880830424,2.7126978046437813,0.2431690978700476,0.5287162352009718,0.9444444444444444,0.3888888888888889,0.042882518503945755,0.3802670523205985,0.894857274367944,0.25,0.75,-2.5762092465409427,3.204583161753793,3.616244651521154,1.5224841817679842,1.2847716384740213,-2.6954378459204746,0.40061061796056574,0.3484245421371768,0.15223506235934633,-0.8516966479738937,-2.698277696323346,4.706481189096309,0.4223083445336415,1.2312589540266905,2.1000178015169504,2.411926521658771,-1.2668792960868847,-1.789478415760998,0.29848354242268815,2.4903190381614753,2.578500679684337,2.0497844444833655,1.521068209282394,0.9923519740814226,0.46363573888045106,-0.06508049632052026,-0.5937967315214916,-1.122512966722463,-1.6512292019234347,-2.1799454371244056,-2.3227190057898683,-2.079549907919821,-1.8363808100497745,-1.5932117121797273,-1.3500426143096802,-1.1068735164396328,-0.8637044185695859,-0.6205353206995392,-0.3773662228294916,-0.13419712495944464,-0.0760214009243321,0.01216024059852927,-2.700537564045252,-6.416112984609253,54,0.054901960784313725,0.6666666666666666
eec8840a-2d00-4e70-b043-0da51bd1b288,frontierscience,deepseek/deepseek-v3.2_reasoning-auto_s1,chemistry,,deepseek/deepseek-v3.2,1,is_correct,True,,,True,,,,34,-2.586979654014596,-4.223492224734675,-1.6365125707200785,2.7907304503039136,9.643761199869452,-4.778501861930892,4.865259337938561,0.4863409200690268,-0.29755460034319375,-0.603791209983812,-1.0901321300528388,68.52733028683443,0.02388116630065899,13,12,0.21052631578947367,0.7894736842105263,0.5550096371962177,9.088751562673234,6.860207077870245,6.980442301970556,0.8333333333333334,1.0,6.3874509787116684,1.1252918129551992,1.2403539640463008,0.5,0.5,2,0.039954165688579124,-0.039954165688579124,-0.07990833137715825,0.024251258774809836,0.07990833137715825,-0.039954165688579124,0.039954165688579124,0.02733706073429098,-0.002102850825714688,-0.029439911560005666,-0.056776972294296645,0.07990833137715825,1.0,0.0,1.0,0.0,1.0,0.0,0.07990833137715825,-0.004205701651429375,0.004205701651429389,0.6111111111111112,0.5555555555555556,4.240435163498862e-18,0.010514254128573455,0.010514254128573451,0.5,0.5,-2.586979654014596,2.7510194995451025,-2.123566243457025,2.1838791682550807,4.865259337938561,-0.5624651661197109,-1.1227605016642235,-1.0509083631142886,3.5253803496885,-0.24681620497459633,1.3156141708246345,2.4854369060894053,-3.8569443446472182,-4.254644716268793,0.20348991144885115,-4.778501861930892,2.081705215939353,0.33710162213861006,2.7569500772358815,-4.223492224734675,0.039954165688579124,0.03574846403714974,0.03154276238572036,0.02733706073429098,0.0231313590828616,0.01892565743143222,0.014719955780002836,0.010514254128573455,0.006308552477144076,0.0021028508257146944,-0.0021028508257146875,-0.006308552477144076,-0.010514254128573451,-0.014719955780002826,-0.018925657431432215,-0.023131359082861597,-0.02733706073429097,-0.031542762385720347,-0.035748464037149735,-0.039954165688579124,0.14292122500888801,4.406367615432142,4.326459284054984,-10.989842556903827,36,0.09269162210338681,1.0
f3ba1aae-2fc3-4d9b-a5a3-42bb91de4d7d,frontierscience,deepseek/deepseek-v3.2_reasoning-auto_s1,physics,,deepseek/deepseek-v3.2,0,is_correct,False,,,True,,,,127,2.654091810181449,-2.355227062114103,-5.009318872295552,1.9177786399057775,6.469322447206126,-3.0902110753926193,3.379111371813507,0.8301474193230423,0.631484171029028,-0.9061555814231149,-1.7363030007461573,32.541665868826264,0.15393553890227535,11,7,0.05263157894736842,0.7368421052631579,0.7349840132785164,5.73433843392761,4.434731264097764,4.356122846073793,0.7777777777777778,0.5555555555555556,2.9888932724327066,0.976756111693159,0.7370317294968689,0.55,0.45,2,3.706248350929119,-3.706248350929119,-7.412496701858238,2.2496074262360777,7.412496701858238,-3.706248350929119,3.706248350929119,2.5358541348462396,-0.19506570268047976,-2.7309198375267187,-5.266773972372958,7.412496701858238,1.0,0.0,1.0,0.0,1.0,0.0,7.412496701858238,-0.39013140536095925,0.39013140536096014,0.6666666666666666,0.05555555555555555,4.194175870806147e-16,0.9753285134023997,0.9753285134023997,0.5,0.5,2.654091810181449,3.379111371813507,0.9907942547753024,0.7436206229249258,1.2734177951975343,-2.151155997610533,-1.07884792202089,2.0183895924906405,2.447772294813634,2.6188938373209587,1.7909937635347855,-2.5651290825390083,-1.0536390432610392,-0.836892165156776,-3.0902110753926193,1.3445201887051448,-0.3047101959985067,-1.3048220458439017,0.27351670210529644,-2.355227062114103,3.706248350929119,3.3161169455681594,2.9259855402071993,2.5358541348462396,2.1457227294852794,1.7555913241243197,1.3654599187633596,0.9753285134023999,0.5851971080414402,0.19506570268048007,-0.19506570268047962,-0.5851971080414398,-0.9753285134023999,-1.3654599187633591,-1.7555913241243193,-2.1457227294852794,-2.5358541348462387,-2.925985540207199,-3.316116945568159,-3.706248350929119,1.1784582486308361,7.239933661674058,-0.17256304018417978,-4.908742743029844,129,0.01824771903512061,1.0
20fcf049-b356-45cf-83d8-833f280ee107,frontierscience,deepseek/deepseek-v3.2_reasoning-auto_s1,physics,,deepseek/deepseek-v3.2,1,is_correct,True,,,True,,,,56,2.4620549816545227,-0.054727067227562376,-2.516782048882085,2.450667487933104,8.714867130145768,-4.160889279791151,4.553977850354617,0.5210361923976343,0.5669493982099728,1.4481779944806499,0.9271418020830156,43.40613545637855,0.05798217285229992,9,7,0.05263157894736842,0.15789473684210525,4.106162212563589,4.608704917582179,4.738782518445756,6.970383039450256,0.3333333333333333,0.1111111111111111,3.4857194430969796,1.5575934707641856,0.7423451157073282,0.65,0.35,1,0.0,0.0,0.0,0.0,0.0,0.0,0.0,0.0,0.0,0.0,0.0,0.0,0.0,0.0,0.0,0.0,0.0,0.0,0.0,0.0,0.0,0.0,0.0,0.0,0.0,0.0,0.0,0.0,2.4620549816545227,4.553977850354617,2.809493759659105,-4.160889279791151,-0.991308984327647,1.3114414398519758,-2.337516420617982,2.4012660978277736,3.332789678042901,4.247628017208689,-2.025447887366548,-3.4836735003013723,-1.7933391745143017,1.289422556572669,1.0481424589353765,1.0131246115653707,2.2256856373497382,2.535307232269673,1.9215350939913014,-0.054727067227562376,0.0,0.0,0.0,0.0,0.0,0.0,0.0,0.0,0.0,0.0,0.0,0.0,0.0,0.0,0.0,0.0,0.0,0.0,0.0,0.0,-0.04336888812076234,0.011358179106800037,0.011358179106800037,-13.585927104616065,57,0.048701298701298704,
1dba0086-bca8-4b25-8843-e6e428f9284d,frontierscience,deepseek/deepseek-v3.2_reasoning-auto_s1,physics,,deepseek/deepseek-v3.2,0,is_correct,False,,,True,,,,51,-2.726057832443538,-0.04234685334411464,2.6837109790994234,2.367108419823439,9.309436929108724,-4.9521681136560725,4.3572688154526515,-0.9609755078145129,1.6663870399185814,-0.5128415008125197,0.44813400700199324,52.500302870005456,0.05111800946643081,14,12,0.5789473684210527,0.2631578947368421,4.909821260311958,4.399615668796766,5.473904950859932,6.460479723284919,0.05555555555555555,0.7222222222222222,5.361905407997096,0.985052016030273,0.8920104300376048,0.55,0.45,2,3.7562214624291563,-3.7562214624291563,-7.512442924858313,2.279939954468954,7.512442924858313,-3.7562214624291563,3.7562214624291563,2.570046263767317,-0.1976958664436395,-2.7677421302109573,-5.337788393978274,7.512442924858313,1.0,0.0,1.0,0.0,1.0,0.0,7.512442924858313,-0.3953917328872789,0.3953917328872807,0.6111111111111112,0.7222222222222222,5.181040781584064e-16,0.9884793322181992,0.988479332218199,0.5,0.5,-2.726057832443538,-3.0065891378049425,2.4673158130549893,2.048941978136119,-1.0715200227199235,-4.9521681136560725,0.5132487607317779,-0.022537030072997427,0.47078419817707146,3.042724212926336,1.7910025475627915,4.3572688154526515,-1.5265431329777883,3.5520096683620084,-2.9084700549229106,1.396807246259715,-1.5839764228098092,0.05335106308323484,0.0075860168587661425,-0.04234685334411464,3.7562214624291563,3.3608297295418765,2.965437996654597,2.570046263767318,2.174654530880038,1.7792627979927584,1.3838710651054789,0.9884793322181991,0.5930875993309197,0.1976958664436399,-0.19769586644363946,-0.5930875993309197,-0.9884793322181986,-1.3838710651054775,-1.7792627979927582,-2.174654530880038,-2.570046263767317,-2.9654379966545967,-3.3608297295418765,-3.7562214624291563,1.3221974773912732,5.120765793164544,-2.3916771316937684,-7.943642051441273,53,0.054901960784313725,1.0
16318af5-cfa6-4b2c-bf25-9eb3ac468b48,frontierscience,deepseek/deepseek-v3.2_reasoning-auto_s1,physics,,deepseek/deepseek-v3.2,1,is_correct,True,,,True,,,,23,-0.026374747738879767,4.71491328727606,4.741288035014939,2.6348182736159433,11.218260936288413,-6.503347649012354,4.71491328727606,0.25894990077220037,-0.668372457951368,0.37556848816143235,0.11661858738923198,56.01331244151558,0.08464573560018247,14,9,1.0,0.6842105263157895,11.218260936288413,0.0,7.38993435584614,6.475803393798605,0.7222222222222222,0.2777777777777778,5.182241636315311,1.0541706265053947,1.0847979750696735,0.55,0.45,2,-3.65221176702277,3.65221176702277,7.30442353404554,2.2168084637991226,7.30442353404554,-3.65221176702277,3.65221176702277,-2.4988817353313686,0.19222167194856668,2.691103407279936,5.189985142611304,7.30442353404554,1.0,0.0,1.0,1.0,0.0,7.30442353404554,0.0,0.3844433438971344,0.0,0.5555555555555556,0.6111111111111112,4.6876083261951055e-16,0.961108359742834,0.9611083597428344,0.5,0.5,-0.026374747738879767,1.0654951558482832,-1.972322633320871,2.5107791757068694,1.7926741835589162,2.459100782574845,-4.01670261122376,-2.2846013901800237,2.3715131787900217,0.4031031075209661,1.0625990043958735,0.6875483062767862,-0.4154217634508461,-6.503347649012354,0.8865867068337865,3.129099641325481,-2.574786792571231,-1.8681795221674435,-2.0342223917280586,4.71491328727606,-3.65221176702277,-3.2677684231256365,-2.8833250792285026,-2.498881735331369,-2.114438391434235,-1.7299950475371018,-1.345551703639968,-0.9611083597428345,-0.5766650158457005,-0.19222167194856699,0.19222167194856654,0.576665015845701,0.961108359742834,1.3455517036399671,1.729995047537101,2.114438391434235,2.498881735331369,2.883325079228502,3.267768423125636,3.65221176702277,-1.2724000732811214,-9.639525127579951,-2.335101593534411,-4.561905814250231,25,0.16600790513833993,1.0
111d5872-2705-42c0-8df4-0fb386ba7084,frontierscience,deepseek/deepseek-v3.2_reasoning-auto_s1,biology,,deepseek/deepseek-v3.2,0,is_correct,False,,,True,,,,49,0.03873754351862197,-5.009849429694078,-5.0485869732127,2.5958529578171707,8.530272062810033,-5.009849429694078,3.520422633115955,-0.09151593214631326,0.5376475114412888,-0.964973742710864,-0.8734578105645507,70.48423224157959,0.07162718260034436,13,13,0.15789473684210525,1.0,0.0,8.530272062810033,7.565403980535704,7.019255867397161,0.1111111111111111,0.2777777777777778,6.770219196949749,1.0355177095531833,1.168863779613201,0.55,0.45,2,-0.015664743112253632,0.015664743112253632,0.031329486224507264,0.009508138445868591,0.031329486224507264,-0.015664743112253632,0.015664743112253632,-0.010717982129436697,0.0008244601638028218,0.011542442293239516,0.022260424422676214,0.031329486224507264,1.0,0.0,1.0,1.0,0.0,0.031329486224507264,0.0,0.001648920327605649,0.0,0.5555555555555556,0.6111111111111112,2.3129646346357427e-18,0.004122300819014113,0.004122300819014114,0.5,0.5,0.03873754351862197,1.4941940651046375,-4.044981347419749,3.520422633115955,-0.15550014555002228,2.762885796801762,-4.256370070595398,1.3549073754690344,2.6672842982342253,0.5614219693960116,-3.6776150822726272,2.763649354084589,-1.7722616550019108,1.8661463201796988,2.4574704779480934,-1.9606908943620591,1.2232343572110387,-0.32638951375023373,-2.173617453617945,-5.009849429694078,-0.015664743112253632,-0.014015822784647986,-0.01236690245704234,-0.010717982129436695,-0.00906906180183105,-0.007420141474225405,-0.00577122114661976,-0.004122300819014114,-0.0024733804914084685,-0.0008244601638028228,0.0008244601638028211,0.00247338049140847,0.004122300819014112,0.0057712211466197545,0.007420141474225404,0.00906906180183105,0.010717982129436695,0.012366902457042337,0.014015822784647986,0.015664743112253632,0.016990416525530856,5.011175103107355,5.0425045893318625,-12.66059383967535,51,0.05697278911564626,1.0
ea576eec-eb50-4d75-9849-ccd4c83a15fe,frontierscience,deepseek/deepseek-v3.2_reasoning-auto_s1,chemistry,,deepseek/deepseek-v3.2,1,is_correct,True,,,True,,,,47,0.1582106197048022,-4.746108491179055,-4.904319110883858,2.8203449631144064,9.8684278495233,-4.746108491179055,5.122319358344245,-2.439039706095207,0.36070801907293193,-0.5638990970424603,1.8751406090527465,60.09054483382245,0.08161548750217724,14,9,0.631578947368421,1.0,0.0,9.8684278495233,8.616209125978104,6.103283494451115,0.6111111111111112,0.6666666666666666,5.749521585186157,0.8626070046664023,1.7591928242369366,0.3,0.7,2,3.652666765993793,-3.652666765993793,-7.305333531987586,2.21708463769985,7.305333531987586,-3.652666765993793,3.652666765993793,2.499193050416806,-0.19224561926283107,-2.6914386696796364,-5.190631720096443,7.305333531987586,1.0,0.0,1.0,0.0,1.0,0.0,7.305333531987586,-0.384491238525662,0.3844912385256629,0.1111111111111111,0.5555555555555556,3.20731096002823e-16,0.9612280963141562,0.9612280963141557,0.5,0.5,0.1582106197048022,-3.719834068582539,-3.1425211615684967,-2.065302595005895,-3.1317212497928004,-2.3686212269786173,-2.8034882604429012,4.580282093892693,2.048741577592923,-2.0742912808890113,-2.677241711689597,-3.493889767633859,5.122319358344245,-0.9809641361068699,2.814718320970067,-0.15254456373622194,2.5278681228233157,-3.263367356130582,-0.5639606150022853,-4.746108491179055,3.652666765993793,3.2681755274681303,2.883684288942468,2.499193050416806,2.1147018118911434,1.730210573365481,1.3457193348398184,0.961228096314156,0.5767368577884939,0.19224561926283146,-0.192245619262831,-0.5767368577884939,-0.961228096314156,-1.345719334839818,-1.730210573365481,-2.114701811891143,-2.499193050416805,-2.883684288942467,-3.26817552746813,-3.652666765993793,1.1536829257113073,9.552458182884155,2.24712465089657,-4.651214884086485,49,0.06105457909343201,1.0
f88cc0c0-2ca6-4cb0-bd1e-a37ddcf11294,frontierscience,deepseek/deepseek-v3.2_reasoning-auto_s1,physics,,deepseek/deepseek-v3.2,0,is_correct,False,,,False,,,,37,-2.826627109259999,2.4428591358216205,5.26948624508162,1.9678243302737917,7.6578250182304535,-4.94351276425071,2.7143122539797435,0.020565848948836125,-1.1141275774986885,0.15432897689904967,0.13376312795021356,41.97973214151844,0.12552453234617086,8,9,0.2631578947368421,0.47368421052631576,7.38637190007233,0.271453118158123,5.249956016159938,4.690356492550064,0.5,0.1111111111111111,3.2775245020410635,0.6184508516146392,0.9548987635373727,0.55,0.45,0,,,,,,,,,,,,,,,,,,,,,,,,,,,,,-2.826627109259999,0.6359597831871486,1.4279710382526254,-3.2623854542974393,0.7016722683672336,2.7143122539797435,0.7530581624125401,-0.1821141369397526,-1.403945424492304,-4.94351276425071,0.3064432519092284,0.9586187375912703,-0.09334152582034477,-2.441041180488207,-1.7709626304397839,0.433236474599501,-2.174045044758911,0.3743379795968265,1.6205479465750448,2.4428591358216205,,,,,,,,,,,,,,,,,,,,,,,,,37,0.08408408408408409,
bc8a05ac-9db5-47b4-8618-84aa4a46466a,frontierscience,deepseek/deepseek-v3.2_reasoning-auto_s1,physics,,deepseek/deepseek-v3.2,1,is_correct,True,,,True,,,,54,0.1857388467805411,-2.395369031087736,-2.581107877868277,2.1841917681346965,8.811914556070223,-4.1011628309286134,4.710751725141609,0.21959638382588414,-0.1583762556168886,-1.018697039296407,-1.238293423122291,44.36690767273378,0.05817642051836144,12,11,0.21052631578947367,0.2631578947368421,1.7057937998408774,7.106120756229345,4.147607109179035,8.811914556070223,0.6111111111111112,0.2222222222222222,4.017222811735596,0.7486769844635006,1.0328590513792741,0.55,0.45,2,3.701006921855285,-3.701006921855285,-7.40201384371057,2.246425999452945,7.40201384371057,-3.701006921855285,3.701006921855285,2.532267893900985,-0.19478983799238314,-2.727057731893368,-5.259325625794353,7.40201384371057,1.0,0.0,1.0,0.0,1.0,0.0,7.40201384371057,-0.3895796759847663,0.38957967598476806,0.6111111111111112,0.7222222222222222,4.194175870806147e-16,0.9739491899619171,0.9739491899619169,0.5,0.5,0.1857388467805411,0.9604053972639361,-0.6687486673456542,2.0318795032947206,4.710751725141609,-4.1011628309286134,-1.5816892874253496,1.405778349831516,1.7517375404779743,1.6863902305299727,-2.155729528971839,-3.766669472971971,0.3809376362070642,-0.4110785444209377,0.10188423974074337,-2.632930654964405,0.7141381636327928,1.0438980563691418,-2.943803009468979,-2.395369031087736,3.701006921855285,3.3114272458705183,2.9218475698857516,2.5322678939009844,2.1426882179162177,1.753108541931451,1.3635288659466842,0.973949189961917,0.5843695139771503,0.19478983799238359,-0.19478983799238314,-0.5843695139771503,-0.9739491899619166,-1.3635288659466829,-1.753108541931451,-2.142688217916218,-2.5322678939009844,-2.9218475698857507,-3.311427245870518,-3.701006921855285,1.2460385461504087,7.3424144990934295,-0.05959934461714056,-2.8113866199708575,56,0.05101327742837177,1.0
36c373f1-468f-4bba-a8d9-5a73a3be5876,frontierscience,deepseek/deepseek-v3.2_reasoning-auto_s1,chemistry,,deepseek/deepseek-v3.2,1,is_correct,True,,,True,,,,130,2.797471585408972,-2.44866863030074,-5.246140215709712,2.2245899373066558,7.794293370661231,-3.2913056823633533,4.502987688297878,1.0293320691884744,1.3198834910267612,-0.19335492073012514,-1.2226869899185995,37.83409534753022,0.13866170626046634,10,7,0.5263157894736842,0.21052631578947367,0.8426370520626132,6.951656318598618,5.785445664123158,5.099732393937412,0.2222222222222222,0.1111111111111111,3.333867242052717,1.4360620384994958,0.671843068643201,0.6,0.4,2,3.7062374052864193,-3.7062374052864193,-7.412474810572839,2.2496007824829425,7.412474810572839,-3.7062374052864193,3.7062374052864193,2.5358466457222875,-0.19506512659402192,-2.730911772316309,-5.266758418038597,7.412474810572839,1.0,0.0,1.0,0.0,1.0,0.0,7.412474810572839,-0.39013025318804306,0.39013025318804484,0.6111111111111112,0.5555555555555556,4.934324553889585e-16,0.9753256329701104,0.9753256329701102,0.5,0.5,2.797471585408972,2.7291102793595705,3.223182915457611,-1.876549478479801,-3.2913056823633533,2.494139981759805,1.1292748831765165,-0.2563898572835992,2.4565857693853133,1.94764864418037,4.502987688297878,0.8048257060536739,-1.4594521819643527,1.2429786685180442,2.1063422354538766,3.2866924129382857,-0.5920257985474997,-1.0869247026301265,-2.425545041294547,-2.44866863030074,3.7062374052864193,3.3161071520983754,2.925976898910331,2.535846645722287,2.1457163925342426,1.7555861393461987,1.3654558861581547,0.9753256329701103,0.5851953797820664,0.19506512659402242,-0.19506512659402198,-0.5851953797820668,-0.9753256329701099,-1.3654558861581538,-1.7555861393461987,-2.1457163925342426,-2.5358466457222866,-2.9259768989103305,-3.3161071520983745,-3.7062374052864193,1.2117168027103886,7.366622838297548,-0.045851972275290365,-2.776775921872499,132,0.017769827072152654,1.0
b7337452-ab08-43e5-9f3b-419107415280,frontierscience,deepseek/deepseek-v3.2_reasoning-auto_s1,chemistry,,deepseek/deepseek-v3.2,1,is_correct,True,,,True,,,,85,2.48937544852565,2.6609273165849854,0.17155186805933553,2.107513092946383,7.523830355765238,-3.905768167600973,3.618062188164265,-0.40330816527915714,0.06979606369588777,0.3533568294952329,0.75666499477439,49.08299027309083,0.0034951388883367775,9,10,0.2631578947368421,0.10526315789473684,6.566695484185958,0.9571348715792798,5.327337840712109,4.557279382826382,0.2222222222222222,0.2777777777777778,3.6270376487368625,0.8918544436917382,0.9025766303973125,0.45,0.55,2,1.3911551343869508,-1.3911551343869508,-2.7823102687739016,0.8443991403271144,2.7823102687739016,-1.3911551343869508,1.3911551343869508,0.9518429866858086,-0.07321869128352367,-1.0250616779693322,-1.976904664655141,2.7823102687739016,1.0,0.0,1.0,0.0,1.0,0.0,2.7823102687739016,-0.14643738256704708,0.14643738256704775,0.8333333333333334,0.5555555555555556,2.0970879354030734e-16,0.36609345641761865,0.3660934564176187,0.5,0.5,2.48937544852565,0.5580358447912235,-3.905768167600973,-2.9343696236243066,-1.7092756525478434,3.618062188164265,-0.939217194662116,2.0726164808265803,0.4314834697631167,-0.892103686000894,-2.8711165565893473,-0.7204439426274214,2.497598152281867,-0.029461471782686932,-2.2168119604128647,2.4808797344873095,1.0281102384097642,-0.4686910331330272,-1.36427331896477,2.6609273165849854,1.3911551343869508,1.2447177518199033,1.098280369252856,0.9518429866858085,0.805405604118761,0.6589682215517136,0.5125308389846661,0.3660934564176186,0.2196560738505713,0.07321869128352376,-0.07321869128352354,-0.2196560738505713,-0.3660934564176186,-0.5125308389846659,-0.6589682215517136,-0.8054056041187612,-0.9518429866858082,-1.0982803692528558,-1.2447177518199033,-1.3911551343869508,-1.438265795679411,-2.7080379778774457,-5.490348246651347,-7.327002111995828,87,0.029131652661064426,1.0
0ea11f5b-df09-4330-92cc-302a63c22008,frontierscience,deepseek/deepseek-v3.2_reasoning-auto_s1,physics,,deepseek/deepseek-v3.2,1,is_correct,True,,,True,,,,51,2.654061875868536,-2.0779808595006624,-4.732042735369198,2.161260796747856,7.7046720057979305,-3.36790523499766,4.336766770800271,0.36885849123477116,0.9370104447808689,0.0382233504096002,-0.330635140825171,43.78071403108742,0.1080850972875662,12,7,0.7368421052631579,0.21052631578947367,1.2899243754969976,6.414747630300933,5.482854524868621,5.7986735333558945,0.6111111111111112,0.1111111111111111,4.087343532657375,1.1395381244520784,0.6710169917237242,0.6,0.4,2,4.909530426317136,-4.909530426317136,-9.819060852634273,2.9799719448391144,9.819060852634273,-4.909530426317136,4.909530426317136,3.35915239695383,-0.25839633822721747,-3.6175487351810474,-6.9767011321348775,9.819060852634273,1.0,0.0,1.0,0.0,1.0,0.0,9.819060852634273,-0.5167926764544344,0.5167926764544362,0.6666666666666666,0.5555555555555556,5.427757009278544e-16,1.2919816911360886,1.2919816911360882,0.5,0.5,2.654061875868536,1.2571912843451811,3.1158839894393546,-2.68278954391654,-3.36790523499766,0.6929057534227345,0.9126613144817917,-0.5678414368218383,2.1769732159701713,3.546414330408891,-0.005878814057526771,-2.425166331155657,3.0576881937129645,0.7768839554090781,4.336766770800271,0.01762425969382342,0.24570754548876966,-0.7359908490126814,-1.556786765011919,-2.0779808595006624,4.909530426317136,4.392737749862701,3.875945073408266,3.35915239695383,2.842359720499395,2.3255670440449596,1.808774367590524,1.2919816911360886,0.7751890146816534,0.2583963382272181,-0.2583963382272172,-0.7751890146816534,-1.2919816911360886,-1.808774367590523,-2.325567044044959,-2.8423597204993944,-3.3591523969538297,-3.875945073408264,-4.3927377498627,-4.909530426317136,2.664066731251158,9.651578017068957,-0.16748283556531618,-0.9930978422476393,53,0.05411764705882353,1.0
ae667a28-9659-4f33-a51e-7a19f133e111,frontierscience,deepseek/deepseek-v3.2_reasoning-auto_s1,physics,,deepseek/deepseek-v3.2,1,is_correct,True,,,True,,,,192,-2.4975762489708,-2.46166245950541,0.03591378946538981,2.030094427112095,7.1784667964414455,-4.398943531065555,2.7795232653758903,-1.7153310366818701,1.04122009652601,-0.1548810563425397,1.5604499803393304,42.620036898805424,0.0008426503606897727,14,10,0.47368421052631576,0.05263157894736842,1.937281071560145,5.2411857248813005,4.655798632027428,4.6004419906299585,0.05555555555555555,0.9444444444444444,4.410935682135627,0.774784729121939,1.0571878750792518,0.5,0.5,2,-2.596092807046528,2.596092807046528,5.192185614093056,1.5757685683599314,5.192185614093056,-2.596092807046528,2.596092807046528,-1.7762740258739402,0.1366364635287644,1.9129104894027045,3.6891845152766445,5.192185614093056,1.0,0.0,1.0,1.0,0.0,5.192185614093056,0.0,0.2732729270575298,0.0,0.7222222222222222,0.1111111111111111,2.9605947323337506e-16,0.6831823176438231,0.6831823176438232,0.5,0.5,-2.4975762489708,-4.398943531065555,0.25685510096187275,1.0378093443486711,-2.431104018068312,-2.3427492288152663,-1.6316086751636985,1.1362092776242831,-1.1232042822911876,2.7795232653758903,1.2140321376153789,2.4426375778020937,-0.8106997766010506,1.650042476156663,-1.2448685097623322,1.8336741933157972,0.7458099899495916,2.399101219288537,-2.201340771341422,-2.46166245950541,-2.596092807046528,-2.3228198799889985,-2.049546952931469,-1.7762740258739402,-1.5030010988164109,-1.2297281717588817,-0.9564552447013526,-0.6831823176438232,-0.40990939058629383,-0.1366364635287649,0.13663646352876446,0.40990939058629383,0.6831823176438228,0.9564552447013517,1.2297281717588815,1.5030010988164113,1.7762740258739402,2.049546952931469,2.322819879988998,2.596092807046528,0.050152197803933964,-0.08427814973718384,5.107907464355872,-5.103981891878885,194,0.01150741710296684,1.0
1510d6bd-6785-456d-8988-b9382a3aef9c,frontierscience,deepseek/deepseek-v3.2_reasoning-auto_s1,biology,,deepseek/deepseek-v3.2,1,is_correct,True,,,True,,,,78,-2.5156627121988993,2.451966123620562,4.967628835819461,1.926877199589974,5.338441750830888,-2.624997872926834,2.7134438779040537,-0.1964778562068305,0.3318709419341698,0.5575475577766139,0.7540254139834444,40.607098982035566,0.12233399972790773,12,11,0.21052631578947367,0.3684210526315789,5.076963996547396,0.26147775428349185,4.104927989264743,5.081451875735661,0.1111111111111111,0.2777777777777778,4.056531817031156,0.9265566662113873,0.7119048188738344,0.55,0.45,2,2.5954105757540784,-2.5954105757540784,-5.190821151508157,1.5753544696712882,5.190821151508157,-2.5954105757540784,2.5954105757540784,1.775807236042264,-0.1366005566186356,-1.9124077926608998,-3.688215028703164,5.190821151508157,1.0,0.0,1.0,0.0,1.0,0.0,5.190821151508157,-0.2732011132372705,0.27320111323727225,0.8888888888888888,0.9444444444444444,3.4540271877227093e-16,0.6830027830931785,0.6830027830931784,0.5,0.5,-2.5156627121988993,-0.4134320673289288,-2.5886805697294837,1.516247419535259,2.7134438779040537,2.4970954670529233,-2.584356408682738,-2.624997872926834,0.2986054628284893,-0.47222775637077063,0.13002878026383513,0.1469514853428846,2.2803220972414207,2.564414397160164,-2.326279860522198,1.3167608756429603,-0.6142787277787649,2.615297337635196,-0.09818040193807143,2.451966123620562,2.5954105757540784,2.322209462516807,2.0490083492795357,1.7758072360422643,1.5026061228049927,1.2294050095677214,0.95620389633045,0.6830027830931786,0.40980166985590705,0.13660055661863568,-0.13660055661863568,-0.40980166985590705,-0.6830027830931784,-0.9562038963304493,-1.2294050095677211,-1.502606122804993,-1.7758072360422643,-2.049008349279535,-2.322209462516807,-2.5954105757540784,-0.04571175569999884,0.09773269643351767,-5.093088455074639,-4.882110045355599,80,0.032301032301032304,1.0
5ef8b29d-7665-45e6-a26a-bd4a27f450ad,frontierscience,deepseek/deepseek-v3.2_reasoning-auto_s1,chemistry,,deepseek/deepseek-v3.2,0,is_correct,False,,,False,,,,18,2.925349031313102,2.8945296193558665,-0.030819411957235587,3.5870322492121485,12.669020822406198,-6.581937619657095,6.087083202749103,2.6205622464683715,-0.8893339092504002,-2.0553680993941277,-4.675930345862499,55.99822142951626,0.0005503641217610332,7,6,0.10526315789473684,0.7894736842105263,9.476467239012962,3.192553583393236,5.51410940380933,7.3224987426891746,0.3888888888888889,0.4444444444444444,4.289905426258436,1.5154180984628058,1.5260986102547547,0.55,0.45,0,,,,,,,,,,,,,,,,,,,,,,,,,,,,,2.925349031313102,0.8909339667435532,6.087083202749103,6.030412229299317,3.1703896608288176,0.9351613213918955,-1.695393687047188,-2.4689300591387657,3.045179344670564,-4.27731939801861,0.21872491707805697,3.519655731933061,-2.6639700226948877,-3.5986778785822207,-4.873713970619987,-6.581937619657095,-4.337952522007988,-0.02407704732835017,0.5909429438927856,2.8945296193558665,,,,,,,,,,,,,,,,,,,,,,,,,18,0.24183006535947713,
8a983c4c-070e-45b1-b2ce-300c7a68feb6,frontierscience,deepseek/deepseek-v3.2_reasoning-auto_s1,physics,,deepseek/deepseek-v3.2,0,is_correct,False,,,True,,,,144,0.014112297389588116,2.4693073827154284,2.4551950853258404,2.042194315999186,6.999156872887736,-2.8288216635718744,4.170335209315861,-0.34153797519047163,-0.11395736390398836,0.08191959065093306,0.4234575658414047,64.58106236108438,0.03801726071953418,15,14,0.631578947368421,0.5789473684210527,5.298129046287302,1.7010278266004328,6.999156872887736,6.186345361439617,0.6111111111111112,0.6666666666666666,6.482175912391802,0.8106031865586854,0.9454506780464664,0.5,0.5,2,0.05481563673882306,-0.05481563673882306,-0.10963127347764612,0.033271829571432265,0.10963127347764612,-0.05481563673882306,0.05481563673882306,0.03750543566340525,-0.0028850335125696325,-0.040390469175974886,-0.07789590483938014,0.10963127347764612,1.0,0.0,1.0,0.0,1.0,0.0,0.10963127347764612,-0.0057700670251392555,0.005770067025139283,0.6666666666666666,0.7222222222222222,6.1679056923619804e-18,0.014425167562848173,0.014425167562848173,0.5,0.5,0.014112297389588116,-1.258859603139797,0.25888481331848795,1.7837669776346399,-2.6570284745388215,2.035542604803723,-2.567184441801122,-0.11514394953242668,-2.362312858003714,1.5183682221787538,0.835883644409237,-2.8288216635718744,4.170335209315861,-2.0160101521237555,1.1764920546923086,-2.5378720324362316,1.9493705247156772,-2.30200047106583,-0.26377991471575424,2.4693073827154284,0.05481563673882306,0.04904556971368379,0.04327550268854452,0.03750543566340525,0.03173536863826598,0.025965301613126712,0.020195234587987443,0.014425167562848173,0.008655100537708904,0.0028850335125696347,-0.0028850335125696347,-0.008655100537708904,-0.014425167562848173,-0.02019523458798743,-0.025965301613126712,-0.03173536863826598,-0.03750543566340525,-0.04327550268854451,-0.04904556971368379,-0.05481563673882306,0.08148044972227868,-2.333011296254327,-2.442642569731973,-12.303126482645393,146,0.015831390831390832,1.0
f040ed81-6802-4359-beff-42e319c1b0f1,frontierscience,deepseek/deepseek-v3.2_reasoning-auto_s1,chemistry,,deepseek/deepseek-v3.2,0,is_correct,False,,,True,,,,84,-0.18289860821217574,-2.4991024658317453,-2.31620385761957,2.5756093707281704,10.15372941734205,-6.190039561303514,3.9636898560385347,-0.5516804930856674,0.45016918265172773,-0.09783538241901131,0.45384511066665606,58.06816370314082,0.03988767183099833,13,6,0.3157894736842105,0.10526315789473684,3.690937095471769,6.46279232187028,6.1962928099429195,9.427673921545457,0.2777777777777778,0.05555555555555555,5.773242797371492,1.0226349360407325,1.087514509418315,0.45,0.55,2,-0.05470438590480953,0.05470438590480953,0.10940877180961905,0.03320430287632856,0.10940877180961905,-0.05470438590480953,0.05470438590480953,-0.03742931667171178,0.0028791782055162846,0.04030849487722806,0.07773781154893984,0.10940877180961905,1.0,0.0,1.0,1.0,0.0,0.10940877180961905,0.0,0.005758356411032589,0.0,0.16666666666666666,0.1111111111111111,4.625929269271485e-18,0.014395891027581454,0.014395891027581455,0.5,0.5,-0.18289860821217574,3.237634360241943,-6.190039561303514,-0.08132544926467523,-2.3762210951953984,-2.232602953904385,3.9636898560385347,1.033529270784147,2.1622457876279846,2.5466729111061563,-2.4794803926900797,-2.6193704777238467,2.2161744615011045,0.2914127179566277,3.605365660644426,1.3959736949137302,-2.394530825598947,-0.05035045679997206,-0.6443679018415605,-2.4991024658317453,-0.05470438590480953,-0.048946029493776945,-0.04318767308274436,-0.03742931667171179,-0.0316709602606792,-0.02591260384964662,-0.02015424743861404,-0.014395891027581459,-0.008637534616548877,-0.0028791782055162946,0.0028791782055162876,0.00863753461654887,0.014395891027581445,0.02015424743861402,0.02591260384964661,0.0316709602606792,0.037429316671711774,0.04318767308274435,0.04894602949377694,0.05470438590480953,-0.1136087179251055,2.3307893620018305,2.4401981338114496,-15.074935949765496,86,0.029546758462421115,1.0
bb0539ef-d9fd-4215-bf16-b0eca44a8778,frontierscience,deepseek/deepseek-v3.2_reasoning-auto_s1,physics,,deepseek/deepseek-v3.2,1,is_correct,True,,,True,,,,49,-0.2580741698621038,-0.348254294326159,-0.09018012446405521,2.3645565839547453,9.853106091369376,-6.5294662494857,3.3236398418836774,-0.48017143731763906,-0.1277831261341131,-0.27067629625907214,0.20949514105856692,44.06718371883663,0.0020464235935619248,11,10,0.5789473684210527,0.42105263157894735,6.181211955159541,3.6718941362098363,6.849234593004058,4.669210214467891,0.4444444444444444,0.3888888888888889,3.8044575196187376,0.6513717827283008,0.9453587688141356,0.4,0.6,2,0.015108088645991558,-0.015108088645991558,-0.030216177291983115,0.009170261999775409,0.030216177291983115,-0.015108088645991558,0.015108088645991558,0.010337113284099489,-0.0007951625603153446,-0.011132275844414832,-0.021469389128514323,0.030216177291983115,1.0,0.0,1.0,0.0,1.0,0.0,0.030216177291983115,-0.001590325120630686,0.001590325120630693,0.6111111111111112,0.5555555555555556,1.927470528863119e-18,0.003975812801576726,0.003975812801576726,0.5,0.5,-0.2580741698621038,2.6559596064758195,-0.13403949027172027,1.1417302762348904,-0.06166749424468576,-1.2474141648075336,-5.45769462474814,-1.8602560350178088,-6.5294662494857,0.3197683435183585,2.575560388993248,3.3236398418836774,1.4399008825550932,-0.16362905538565906,-0.4527015019511139,0.14622817138036392,-0.06940253979608421,-2.324575756386004,1.4246481435245646,-0.348254294326159,0.015108088645991558,0.013517763525360868,0.011927438404730177,0.010337113284099487,0.008746788163468796,0.007156463042838106,0.005566137922207417,0.003975812801576726,0.002385487680946036,0.0007951625603153465,-0.0007951625603153448,-0.0023854876809460378,-0.003975812801576724,-0.005566137922207413,-0.007156463042838106,-0.008746788163468796,-0.010337113284099485,-0.011927438404730175,-0.013517763525360865,-0.015108088645991558,-0.1067382702458934,0.2566241127262572,0.22640793543427407,-14.188225805245022,51,0.05782312925170068,1.0
1e2f4cbe-4a38-4dd3-9378-14df40f7599f,frontierscience,deepseek/deepseek-v3.2_reasoning-auto_s1,physics,,deepseek/deepseek-v3.2,1,is_correct,True,,,True,,,,71,-0.07778619373643006,-2.2874303383998553,-2.209644144663425,1.8734642743007748,6.384539891369972,-2.434544461594984,3.949995429774988,0.864600322734981,1.4246877598975014,-0.013533530352595339,-0.8781338530875763,41.39041186433282,0.0533854108991733,12,6,0.47368421052631576,0.5263157894736842,0.1471141231951285,6.237425768174843,6.044787853344019,6.384539891369972,0.7777777777777778,0.5,3.584794823451167,1.1990745746527551,0.40188380483716524,0.7,0.3,7,4.564962601296554,2.190276764371401,-2.374685836925153,2.8197923891780436,9.39813182362105,-4.833169222324496,4.564962601296554,-1.0117867179253073,1.3472582563976958,-1.5765131748262002,-0.564726456900893,31.620791564892986,0.07509887385493696,3.0,4.0,0.0,0.8421052631578947,7.023445986695897,2.374685836925153,2.518142589174058,2.352535199628247,0.4444444444444444,0.7222222222222222,0.8011790714701994,1.071398732942092,1.4269376469246164,0.4,0.6,-0.07778619373643006,-0.8734686510854979,1.1840538674678078,0.04576400141511408,0.7886776899190631,3.0311056430018266,1.953855902162983,1.2056999836198545,2.557630101304476,3.949995429774988,-2.434544461594984,1.3496742786105944,3.2920589072224073,0.052300080345173,-2.2869340026234357,3.7578538507205828,0.39049436305605,0.4223273944341859,-0.07751244930309964,-2.2874303383998553,4.564962601296554,2.2262435546695425,-0.11247549195746931,-2.451194538584481,-3.263268926936612,-3.770014383633766,-4.27675984033092,-2.7669132664472658,-0.24877067727320856,2.2693719119008495,3.3228470369571004,2.911654697895542,2.500462358833985,1.4421557329168675,-0.9103794667113791,-3.262914666339626,-4.833169222324496,-2.492020560092534,-0.15087189786056676,2.190276764371401,0.383549129228586,7.235942068924995,4.8612562319998425,-2.063404899620764,78,0.032595573440643864,0.2857142857142857
441c416a-8f5e-431c-9675-faeac34ff290,frontierscience,deepseek/deepseek-v3.2_reasoning-auto_s1,chemistry,,deepseek/deepseek-v3.2,0,is_correct,False,,,True,,,,75,2.581601508733644,-2.256873671686759,-4.838475180420403,2.436862525805675,8.962591940009453,-5.032166132520402,3.9304258074890512,-0.055845969853791456,0.7186307686427484,0.7239888567782057,0.7798348266319971,55.04603010678163,0.08789871260533112,10,9,0.9473684210526315,0.5263157894736842,2.775292460833643,6.18729947917581,7.346865539605698,6.18729947917581,0.5555555555555556,1.0,4.534085556280252,1.299102593040599,0.8499312564310026,0.55,0.45,2,1.1667593295473822,-1.1667593295473822,-2.3335186590947643,0.7081960526800692,2.3335186590947643,-1.1667593295473822,1.1667593295473822,0.7983090149534721,-0.0614083857656516,-0.8597174007191235,-1.6580264156725955,2.3335186590947643,1.0,0.0,1.0,0.0,1.0,0.0,2.3335186590947643,-0.1228167715313031,0.12281677153130355,0.6666666666666666,0.5555555555555556,1.4802973661668753e-16,0.3070419288282585,0.30704192882825837,0.5,0.5,2.581601508733644,-1.853677565203435,1.639357154240399,1.5898966749881407,-2.050788443760768,-0.0642989236801808,-2.2330121942943406,-1.4311691160629108,3.4823526987458346,0.0903454464540411,-5.032166132520402,2.3146994070852966,2.940940146119337,2.665412930678042,1.4153390322517176,-2.0053562444872255,-0.07128283692403002,3.3316810540264803,3.9304258074890512,-2.256873671686759,1.1667593295473822,1.0439425580160788,0.9211257864847754,0.798309014953472,0.6754922434221686,0.5526754718908653,0.42985870035956186,0.30704192882825854,0.1842251572969551,0.061408385765651774,-0.06140838576565155,-0.1842251572969551,-0.3070419288282584,-0.42985870035956153,-0.5526754718908651,-0.6754922434221686,-0.798309014953472,-0.921125786484775,-1.0439425580160786,-1.1667593295473822,1.368723163006091,4.792356164240232,2.4588375051454676,-10.8985452576201,77,0.033873873873873875,1.0
27c865e6-1c87-489b-b7ea-b197fe3356ba,frontierscience,deepseek/deepseek-v3.2_reasoning-auto_s1,physics,,deepseek/deepseek-v3.2,1,is_correct,True,,,True,,,,340,0.1193962673557208,0.011950861603433689,-0.10744540575228712,1.6920956459274439,7.7196736961203545,-2.9771410246698915,4.742532671450463,1.5807345524908345,-0.4203165599737061,-0.020449972679454576,-1.601184525170289,34.60646626069107,0.0031047783076983107,11,10,0.3157894736842105,0.5263157894736842,2.989091886273325,4.730581809847029,5.6075678989275,3.561930002044241,0.2777777777777778,0.2222222222222222,3.2932345288423828,0.8456640208689526,0.445652715291794,0.6,0.4,2,0.0006362903872059178,-0.0006362903872059178,-0.0012725807744118356,0.0003862136167810297,0.0012725807744118356,-0.0006362903872059178,0.0006362903872059178,0.00043535658071983856,-3.348896774767986e-05,-0.0004688455484675184,-0.000904202129187357,0.0012725807744118356,1.0,0.0,1.0,0.0,1.0,0.0,0.0012725807744118356,-6.697793549535953e-05,6.697793549535996e-05,0.8333333333333334,0.7777777777777778,1.2046690805394494e-19,0.00016744483873839942,0.00016744483873839942,0.5,0.5,0.1193962673557208,0.06389674133607441,1.7237366811418422,2.583719959061574,2.696894774567204,-0.865035227477037,4.742532671450463,1.7015722543800615,-0.5218597364662276,-0.6739132187151666,-2.9771410246698915,0.7712387000816742,-1.5854023938712796,0.34328949944488696,0.7996585854127805,-0.33608792874932014,1.3553934215433363,-0.7815431965079089,-1.1720715793790488,0.011950861603433689,0.0006362903872059178,0.000569312451710558,0.0005023345162151983,0.0004353565807198385,0.00036837864522447876,0.00030140070972911896,0.00023442277423375922,0.00016744483873839947,0.00010046690324303973,3.348896774767987e-05,-3.348896774767987e-05,-0.00010046690324303973,-0.00016744483873839936,-0.0002344227742337591,-0.00030140070972911885,-0.0003683786452244788,-0.00043535658071983834,-0.0005023345162151981,-0.000569312451710558,-0.0006362903872059178,-0.0012290082379501734,-0.012543579454177944,-0.01381616022858978,-10.394765327002847,342,0.0062293944126323095,1.0
84b13a21-19c8-47a2-8661-a1b59f1062f5,frontierscience,deepseek/deepseek-v3.2_reasoning-auto_s1,chemistry,,deepseek/deepseek-v3.2,1,is_correct,True,,,True,,,,41,2.8358638402979817,-0.19997329046899343,-3.035837130766975,2.195793459748294,8.166810330988469,-4.038987894056369,4.1278224369321,-0.8228297525666467,0.9278351833927598,-0.018677544347127307,0.8041522082195194,48.52101643556877,0.06256746774458598,9,9,0.42105263157894735,0.10526315789473684,3.839014603587376,4.327795727401094,5.82479070442148,4.826025845246463,0.3333333333333333,0.5,3.4825923020571983,0.9579214035978371,0.9267727661128354,0.5,0.5,2,-2.5460606196731526,2.5460606196731526,5.092121239346305,1.5454001824319445,5.092121239346305,-2.5460606196731526,2.5460606196731526,-1.742041476618473,0.1340031905091132,1.876044667127586,3.6180861437460594,5.092121239346305,1.0,0.0,1.0,1.0,0.0,5.092121239346305,0.0,0.2680063810182274,0.0,0.7777777777777778,0.8333333333333334,4.934324553889585e-16,0.6700159525455665,0.6700159525455665,0.5,0.5,2.8358638402979817,-1.9334685211991673,-4.038987894056369,-0.7684729214655381,1.858301473141256,-1.120350699860693,-2.592693544823997,3.2320971595974832,4.1278224369321,2.083544647552594,-2.7424811976938686,0.22200485935537703,1.9103681322768196,-2.338509754271187,-1.074011476685571,0.2929711412354745,1.6068924879429618,0.9885618936246932,-1.7265060217313288,-0.19997329046899343,-2.5460606196731526,-2.278054238654926,-2.0100478576366996,-1.7420414766184729,-1.4740350956002464,-1.2060287145820197,-0.9380223335637932,-0.6700159525455667,-0.4020095715273402,-0.13400319050911325,0.13400319050911325,0.4020095715273402,0.6700159525455662,0.9380223335637927,1.2060287145820192,1.4740350956002466,1.7420414766184722,2.0100478576366987,2.278054238654926,2.5460606196731526,0.15190330816136505,-2.194184021042794,2.897937218303511,-7.163146028087169,43,0.07317073170731707,1.0
f9fdb988-7a10-4510-a8ab-d011e663be3f,frontierscience,deepseek/deepseek-v3.2_reasoning-auto_s1,physics,,deepseek/deepseek-v3.2,0,is_correct,False,,,False,,,,76,-2.801496664397192,2.475145121957126,5.276641786354318,1.9737532980730108,7.186286282922419,-4.660032226063774,2.526254056858645,-1.7425244734588134,-0.6842474803592972,-0.2707910016221915,1.471733471836622,31.3748324131515,0.1681807162145188,7,5,0.5789473684210527,0.05263157894736842,7.1351773480209,0.05110893490151902,2.6598168330853906,5.841790253732361,0.5555555555555556,0.6666666666666666,2.4209716204452696,0.4086698623764972,1.3392773466994934,0.25,0.75,0,,,,,,,,,,,,,,,,,,,,,,,,,,,,,-2.801496664397192,-4.660032226063774,-2.7560692473453003,-0.9095709437001247,-0.8109300356340148,0.5392425088914514,-0.7988147059627384,-3.6516732281218496,-1.8720235308317803,-0.40279153815999,-0.1335627762267455,2.526254056858645,2.292927453849501,-3.54886279988286,-2.4161132838056543,-0.5110638084112775,-1.4355909663884778,-0.07695117905808549,0.3398281059732205,2.475145121957126,,,,,,,,,,,,,,,,,,,,,,,,,76,0.03333333333333333,
b75893ef-5c56-4d43-9ae1-8c9caaf32ee2,frontierscience,deepseek/deepseek-v3.2_reasoning-auto_s1,chemistry,,deepseek/deepseek-v3.2,0,is_correct,False,,,True,,,,112,0.020795902204201085,0.1175495200670283,0.09675361786282721,2.042880566244755,8.800279078580274,-4.607444459322572,4.192834619257702,-0.9579956874889232,-0.8143993571137125,0.10795754161542265,1.0659532291043459,53.132004064420066,0.001821004488095687,13,14,0.631578947368421,0.3684210526315789,4.7249939793896,4.075285099190674,7.833179259564738,4.740564034092636,0.6111111111111112,0.5555555555555556,4.9628958625425765,0.5336973991495628,1.1216484022758586,0.45,0.55,2,0.005113033598902916,-0.005113033598902916,-0.010226067197805833,0.0031034936856843562,0.010226067197805833,-0.005113033598902916,0.005113033598902916,0.00349839140977568,-0.0002691070315212059,-0.0037674984412968855,-0.007265889851072566,0.010226067197805833,1.0,0.0,1.0,0.0,1.0,0.0,0.010226067197805833,-0.0005382140630424111,0.0005382140630424137,0.6111111111111112,0.9444444444444444,7.709882115452476e-19,0.0013455351576060308,0.0013455351576060304,0.5,0.5,0.020795902204201085,-2.296178229118444,-1.5764544973174333,0.2543519896960982,-1.2175219654142069,-1.9533483590589882,0.062385346586310515,-4.607444459322572,-2.209038833584188,-0.45306499477904394,1.1002193937856004,-3.6403446403070356,4.192834619257702,-0.08395658484645134,1.4486927075103764,-2.3194662672121136,1.0156609940679053,2.4614575098160345,-2.076149214556695,0.1175495200670283,0.005113033598902916,0.004574819535860504,0.004036605472818092,0.0034983914097756795,0.0029601773467332676,0.002421963283690855,0.0018837492206484432,0.0013455351576060308,0.0008073210945636188,0.000269107031521206,-0.000269107031521206,-0.0008073210945636188,-0.00134553515760603,-0.001883749220648442,-0.0024219632836908547,-0.0029601773467332667,-0.0034983914097756787,-0.004036605472818091,-0.004574819535860504,-0.005113033598902916,0.011615286890821539,-0.10082119957730384,-0.11104726677510968,-10.233638755573338,114,0.021074646074646073,1.0
4a737e9f-5afd-4a14-a17b-c468cda1a8bb,frontierscience,deepseek/deepseek-v3.2_reasoning-auto_s1,chemistry,,deepseek/deepseek-v3.2,0,is_correct,False,,,False,,,,121,-0.019821238669309304,0.006804992742849726,0.02662623141215903,1.682144235316157,6.22287461424353,-4.181151100805839,2.0417235134376903,-0.4326683410728686,-0.06831846401071855,-0.8198201232339871,-0.3871517821611185,41.07733955169063,0.0006481975634924772,12,11,0.47368421052631576,0.15789473684210525,4.187956093548689,2.034918520694841,3.77259897971011,4.441345999550265,0.7777777777777778,0.1111111111111111,3.8577929898667866,0.5082659166266689,0.9295573353761204,0.45,0.55,0,,,,,,,,,,,,,,,,,,,,,,,,,,,,,-0.019821238669309304,1.785277421831782,0.2601948987444258,-4.181151100805839,-0.9173565109419413,-1.434512637892256,1.478690780223058,1.480293915584659,-1.236838206595783,2.0417235134376903,-2.161208000267981,1.1496872150521404,0.3141748117093428,-2.0660624969950985,-2.124128196502681,1.6484707832074288,-0.2681462148861617,-1.9824999240624206,-2.199422179902938,0.006804992742849726,,,,,,,,,,,,,,,,,,,,,,,,,121,0.01928374655647383,
3a998a27-4c4b-47c6-bd2c-dd1c9deb3d63,frontierscience,deepseek/deepseek-v3.2_reasoning-auto_s1,physics,,deepseek/deepseek-v3.2,0,is_correct,False,,,True,,,,115,2.556564981873902,-2.4306848644480317,-4.987249846321934,2.974598357860847,9.757625318899706,-4.804319517120702,4.9533058017790035,-0.6117460906423616,0.2678982036275019,-0.8982125700106982,-0.2864664793683366,68.00981681779092,0.07333132303066728,8,9,0.631578947368421,0.05263157894736842,2.3736346526726706,7.383990666227035,7.502536588854888,9.585856341127425,0.2777777777777778,0.3333333333333333,6.174362165507936,0.9918114500801289,1.3816219815385393,0.4,0.6,2,3.701061255027252,-3.701061255027252,-7.402122510054504,2.246458978437507,7.402122510054504,-3.701061255027252,3.701061255027252,2.532305069229172,-0.19479269763301302,-2.727097766862185,-5.259402836091358,7.402122510054504,1.0,0.0,1.0,0.0,1.0,0.0,7.402122510054504,-0.38958539526602554,0.3895853952660273,0.8333333333333334,0.7777777777777778,3.4540271877227093e-16,0.9739634881650664,0.9739634881650661,0.5,0.5,2.556564981873902,-4.804319517120702,0.3425925690461584,-0.1112287524853022,-4.636654553218295,-2.56585697572359,4.9366796131312976,-4.649176727996127,-0.6187328329542536,-0.2093757812277444,-0.09570373752176578,0.026608281249530717,4.9533058017790035,2.46836242206387,-2.4151757501622617,-2.6756494829810036,0.03921011199690924,4.512905220461907,-2.419880654931709,-2.4306848644480317,3.701061255027252,3.3114758597612255,2.921890464495199,2.5323050692291726,2.142719673963146,1.7531342786971194,1.363548883431093,0.9739634881650665,0.5843780928990401,0.19479269763301366,-0.1947926976330132,-0.5843780928990396,-0.9739634881650661,-1.3635488834310925,-1.753134278697119,-2.142719673963146,-2.5323050692291718,-2.921890464495198,-3.3114758597612246,-3.701061255027252,1.2096121595777207,7.341358279053004,-0.060764231001499525,-4.6408924396604405,117,0.02044241037376049,1.0
6646019d-bda1-4b1c-83ac-7953e853effd,frontierscience,deepseek/deepseek-v3.2_reasoning-auto_s1,physics,,deepseek/deepseek-v3.2,1,is_correct,True,,,True,,,,81,-2.493976242331691,-4.767518684595687,-2.2735424422639956,2.477614550877773,9.462850889254689,-4.767518684595687,4.695332204659003,-1.9172845688486067,0.3119538691016189,0.39349261888406434,2.310777187732671,53.5999850391161,0.04241684844883471,13,10,0.7368421052631579,1.0,0.0,9.462850889254689,5.0082459314289585,5.416264039767006,0.5555555555555556,1.0,4.538051344389863,0.8248933158400249,1.2687112750862508,0.5,0.5,3,4.214613077602871,-3.4990425683840223,-7.7136556459868935,2.3633923981269804,7.7136556459868935,-3.4990425683840223,4.214613077602871,2.6577129975539067,-0.7168028450477755,-2.7665499212352924,-5.424262918789199,7.713655645986893,1.0000000000000002,0.0,1.0,0.0,1.0,0.0,7.7136556459868935,-0.29299705885949123,0.5189666933496548,0.8888888888888888,0.0,0.012553868582787212,0.9624358368919135,1.1130822598853551,0.45,0.55,-2.493976242331691,1.0523646349646723,-2.632654125548441,0.23359459432415797,-2.530486154007158,-4.759699851397941,-2.2901348379438455,-0.1109451392299543,1.0519711002071612,-0.7454135929418944,-2.5352044153341082,2.4730415160948502,1.4826688190284596,0.5675587958868178,4.695332204659003,1.5732928502894177,2.7192964461746376,-2.5081924583943027,0.6487453551713185,-4.767518684595687,4.214613077602871,3.695646384253216,3.1766796909035615,2.6577129975539067,2.1387463042042523,1.6197796108545974,1.1008129175049426,0.5818462241552882,0.0628795308056338,-0.45608716254402104,-0.8620690386485944,-1.1550660975080866,-1.4480631563675783,-1.74106021522707,-2.034057274086562,-2.3270543329460547,-2.6200513918055464,-2.9130484506650376,-3.20604550952453,-3.4990425683840223,0.7215809926396891,9.703712754838246,1.990057108851353,-2.233641337878378,84,0.030555555555555555,0.6666666666666666
4842f95d-b84a-4ff4-8165-64fc7bfcf00d,frontierscience,deepseek/deepseek-v3.2_reasoning-auto_s1,chemistry,,deepseek/deepseek-v3.2,0,is_correct,False,,,True,,,,134,2.6569973001726215,4.899198591757413,2.2422012915847915,3.2329876115301497,10.301672528027133,-5.247107405128718,5.054565122898415,-1.8183542314715182,1.1490378503979393,0.7734764284618993,2.5918306599334175,71.98647180819232,0.0311475369644331,13,8,0.3684210526315789,0.05263157894736842,10.14630599688613,0.15536653114100218,7.6207566260227,7.904104705301339,0.3333333333333333,0.0,6.583956334366192,1.3666822551009066,1.3689000599380894,0.4,0.6,1,0.0,0.0,0.0,0.0,0.0,0.0,0.0,0.0,0.0,0.0,0.0,0.0,0.0,0.0,0.0,0.0,0.0,0.0,0.0,0.0,0.0,0.0,0.0,0.0,0.0,0.0,0.0,0.0,2.6569973001726215,-5.247107405128718,-2.566199304364142,-0.10709260528626013,-4.800660002627714,-0.09822609994212977,-2.5661915031242852,5.054565122898415,4.9250843260768935,4.911425404614443,-1.9212291568268205,-2.3306021241200323,-0.043024134428533305,-2.55295448542879,2.441765856131463,-2.68834577798531,0.11968857952260042,2.324919920844282,-2.4563685994990525,4.899198591757413,0.0,0.0,0.0,0.0,0.0,0.0,0.0,0.0,0.0,0.0,0.0,0.0,0.0,0.0,0.0,0.0,0.0,0.0,0.0,0.0,-2.5154725531432245,-7.4146711449006375,-7.4146711449006375,-13.130789838525711,135,0.017169790147009315,
a74ccc5b-fd37-49fa-b784-871dbcc41e9e,frontierscience,deepseek/deepseek-v3.2_reasoning-auto_s1,chemistry,,deepseek/deepseek-v3.2,1,is_correct,True,,,True,,,,188,2.4893572602955705,2.4536451061137297,-0.035712154181840816,2.163076062702113,8.936291738637667,-5.118253451256484,3.818038287381184,0.3856725555585105,-0.9004806970924345,-0.9673935848641211,-1.3530661404226316,46.66162671142724,0.0007653431030747811,12,8,0.05263157894736842,0.6842105263157895,7.571898557370213,1.3643931812674541,4.577691741194428,3.877093023286833,0.3333333333333333,0.05555555555555555,4.229158467712449,0.6711070338685643,1.1415079588646742,0.3,0.7,2,0.05526382387228068,-0.05526382387228068,-0.11052764774456136,0.03354386884357574,0.11052764774456136,-0.05526382387228068,0.05526382387228068,0.03781209001787626,-0.002908622309067401,-0.04072071232694365,-0.07853280234481991,0.11052764774456136,1.0,0.0,1.0,0.0,1.0,0.0,0.11052764774456136,-0.0058172446181347925,0.00581724461813482,0.6666666666666666,0.7222222222222222,5.782411586589357e-18,0.014543111545337023,0.01454311154533702,0.5,0.5,2.4893572602955705,3.818038287381184,-0.059054735905649025,-1.4878760590318243,1.8918703957633614,-1.8413871153415584,-2.1112401442515107,2.466451596942917,-1.292568770579428,-0.7542738136750557,0.3027780308745247,-0.39997916087395735,-1.5075193110795588,-5.118253451256484,-0.7174455027433377,-2.223216575320747,-0.1443553084596365,-3.498176932605533,-1.6748122961692022,2.4536451061137297,0.05526382387228068,0.049446579254145875,0.04362933463601107,0.037812090017876256,0.03199484539974145,0.02617760078160664,0.02036035616347183,0.014543111545337023,0.008725866927202217,0.00290862230906741,-0.002908622309067403,-0.008725866927202217,-0.014543111545337023,-0.020360356163471816,-0.026177600781606636,-0.03199484539974144,-0.03781209001787625,-0.043629334636011055,-0.04944657925414586,-0.05526382387228068,0.056406104334261624,-2.3419751779071873,-2.4525028256517487,-10.60259920765877,190,0.011776083741039936,1.0
c982b5bc-0fb8-4f12-94fa-f05715209ead,frontierscience,deepseek/deepseek-v3.2_reasoning-auto_s1,chemistry,,deepseek/deepseek-v3.2,1,is_correct,True,,,True,,,,236,-2.635064022479788,-5.1273096756198875,-2.4922456531400994,2.449217352181051,9.022017123849285,-5.1273096756198875,3.894707448229397,0.5865490208010025,-1.30302209174161,-1.1322350528911052,-1.7187840736921076,57.10530507052985,0.043642979405538004,15,10,0.15789473684210525,1.0,0.0,9.022017123849285,4.710283358825807,5.085938185206381,0.4444444444444444,0.16666666666666666,5.159465818868498,0.6522179309206956,1.2426540216172397,0.3,0.7,2,-1.445643793359194,1.445643793359194,2.891287586718388,0.8774725019216966,2.891287586718388,-1.445643793359194,1.445643793359194,-0.9891247007194485,0.07608651543995751,1.0652112161594058,2.054335916878854,2.891287586718388,1.0,0.0,1.0,1.0,0.0,2.891287586718388,0.0,0.1521730308799154,0.0,0.5555555555555556,0.3888888888888889,1.4802973661668753e-16,0.38043257719978785,0.38043257719978796,0.5,0.5,-2.635064022479788,-0.0068162847205635035,3.139362592229317,3.894707448229397,-1.1912307369769841,1.9664643866745337,-1.0615802373488943,0.06327768274542267,-4.513130035019241,0.19715332380656614,-3.3354227113185675,-0.24636793822657674,-0.7843125725928353,-0.5023523915860368,-3.7085830529114334,-0.12646216023962387,3.7833931847286753,-1.2676896284897543,-0.3467589848146062,-5.1273096756198875,-1.445643793359194,-1.2934707624792787,-1.1412977315993635,-0.9891247007194485,-0.8369516698395334,-0.6847786389596182,-0.532605608079703,-0.38043257719978785,-0.22825954631987289,-0.0760865154399577,0.07608651543995748,0.22825954631987289,0.38043257719978785,0.5326056080797028,0.6847786389596182,0.8369516698395332,0.9891247007194481,1.141297731599363,1.2934707624792785,1.445643793359194,1.3453193347562424,5.026985217016936,7.918272803735324,-7.429595450894109,238,0.009195816804904436,1.0
cfa05761-b488-4491-9f77-8854ece1cf98,frontierscience,deepseek/deepseek-v3.2_reasoning-auto_s1,physics,,deepseek/deepseek-v3.2,0,is_correct,False,,,True,,,,293,-2.7892566166999333,2.4176923266774257,5.206948943377359,1.8597591570827177,6.530551257217989,-3.6769148933992915,2.8536363638186977,0.08422945489950148,0.09461051791280438,0.15186511803666244,0.06763566313716096,45.61609601187641,0.11414718484505339,12,9,0.8947368421052632,0.7368421052631579,6.094607220076718,0.43594403714127195,4.723767626378902,6.297287217649404,0.0,0.7222222222222222,4.075174753164821,0.8131604848079308,0.7050069589126249,0.65,0.35,4,0.5465332378445664,0.8033494018347858,0.25681616399021934,2.141754884947841,6.983367843198877,-4.095578786719148,2.8877890564797286,-1.774522774437291,-0.16597983750833256,1.6718659246035117,3.446388699040803,13.709919522407533,0.018732142341935577,2.0,2.0,0.6842105263157895,0.3157894736842105,4.898928188553934,2.084439654644943,1.1616418671648123,0.7736853374272861,0.5555555555555556,0.16666666666666666,0.19135420449246687,0.838110133546263,1.0157262703461778,0.5,0.5,-2.7892566166999333,1.9345110096789688,-2.414528497000499,1.8032710338949585,-1.2867645982620886,0.8827611585259314,2.4596126941591727,0.11415466327958095,0.14357975308534376,-0.8711029207686869,-1.6961830076818236,0.10113436197102171,0.25031845125408214,2.6203723242501127,-3.6769148933992915,-1.365388644440174,0.11151957786146793,2.8536363638186977,0.5706459777018487,2.4176923266774257,0.5465332378445664,-0.22715209958271942,-1.0008374370100053,-1.774522774437291,-2.548208111864577,-3.3218934492918626,-4.095578786719148,-3.5790459877517034,-2.417404120586893,-1.2557622534220818,-0.09412038625727082,1.0675214809075415,2.229163348072351,2.8877890564797286,2.540382447372238,2.192975838264747,1.8455692291572572,1.4981626200497673,1.1507560109422765,0.8033494018347858,-0.6970536342745947,-2.568212723107454,-2.3113965591172345,-3.969478403228429,297,0.007293468605357894,0.5
710c1336-0995-4d45-bfea-48ff475f255f,frontierscience,deepseek/deepseek-v3.2_reasoning-auto_s1,physics,,deepseek/deepseek-v3.2,0,is_correct,False,,,True,,,,76,-2.554200499734606,2.226794775997472,4.780995275732078,1.8891227328655285,6.42524740473816,-3.987492315219413,2.4377550895187476,-1.3472240495583825,-0.257516669455201,1.0816854712957378,2.4289095208541203,38.42162717655686,0.1244350025510951,11,11,0.42105263157894735,0.21052631578947367,6.214287091216885,0.21096031352127564,4.9234435927587406,5.614911336237315,0.2222222222222222,0.16666666666666666,3.934428887670613,0.7343894353018074,0.9715430455678401,0.45,0.55,4,2.734276243033041,-2.7727062916325442,-5.506982534665585,1.4422945624558983,5.506982534665585,-2.7727062916325442,2.734276243033041,1.5100364360056555,-0.01944595755055554,-1.7221669403908166,-3.2322033763964724,5.506982534665585,1.0,0.0,1.0,0.0,1.0,0.0,5.506982534665585,-0.04122788193260615,0.42021574049669136,0.6111111111111112,0.7222222222222222,0.041435550683737596,0.5406712796817785,0.5356146943397386,0.5,0.5,-2.554200499734606,-2.385663977177872,-2.1591551805941562,1.6274190210179018,-3.987492315219413,0.9359512775393277,-0.907426672739859,-1.1944167505637449,2.4377550895187476,-1.0634137839193092,2.2735284367240434,-1.799798738856659,-1.3696694108434095,-1.0866015282460757,0.5094285725347345,-0.9230220534617009,0.40470145684461534,1.9773253888050255,2.2948846870542807,2.226794775997472,2.734276243033041,2.326196307357246,1.9181163716814507,1.5100364360056555,1.1019565003298601,0.6938765646540648,0.28579662897826985,0.12228472913126698,0.0810568471986608,0.03982896526605462,-0.001398916666551564,-0.04262679859915777,-0.08385468053176393,-0.2514118486523979,-0.6716275891490893,-1.0918433296457806,-1.512059070142471,-1.9322748106391616,-2.352490551135853,-2.7727062916325442,-0.06833291781893307,0.43914854921663604,-5.067833985448949,-7.067672592223179,80,0.03333333333333333,0.5
328c6a47-15d7-470e-99f5-73e468634614,frontierscience,deepseek/deepseek-v3.2_reasoning-auto_s1,physics,,deepseek/deepseek-v3.2,0,is_correct,False,,,True,,,,105,2.7669694764210844,-4.910499547733129,-7.677469024154213,2.557273115211871,8.826949257323836,-4.910499547733129,3.916449709590707,1.6154739924597468,-1.1210751404134203,-1.080322056192435,-2.6957960486521815,58.15882256790626,0.13200867357983387,12,11,0.21052631578947367,1.0,0.0,8.826949257323836,5.021019603032067,5.854972451147068,0.7222222222222222,0.8888888888888888,5.615967655491455,1.0411329678156431,1.1921899864571595,0.5,0.5,3,4.00786759798072,-0.8921032729030642,-4.899970870883784,2.0513768550484115,7.006597130838661,-2.998729532857941,4.00786759798072,1.7582996222780753,-2.3662059480677398,-1.4772772340016413,-3.2355768562797165,9.113223390793536,0.5376770282876955,1.0,1.0,0.0,0.5263157894736842,2.1066262599548766,4.899970870883784,0.23406958443943093,0.7498559919008825,0.5555555555555556,0.4444444444444444,0.05466253201890655,0.6399682854685549,1.2959186696954297,0.3,0.7,2.7669694764210844,-1.3019171957765279,2.2717522976033466,2.4936488651106434,3.916449709590707,-1.4670740698101898,2.6284888640791655,-0.6853200563437405,-1.4568567317959555,-2.240078156238816,2.2221079635630447,-2.031858269604111,0.09822287316819765,-3.753743605642562,1.267275997389505,2.0609099590270206,1.0968333503601495,-4.758139100786919,-1.2383129954112366,-4.910499547733129,4.00786759798072,3.2580116060798385,2.508155614178957,1.7582996222780753,1.0084436303771938,0.2585876384763117,-0.4912683534245694,-1.241124345325451,-1.9909803372263326,-2.740836329127215,-2.998729532857941,-2.76465994841851,-2.5305903639790794,-2.296520779539649,-2.062451195100218,-1.828381610660787,-1.5943120262213566,-1.360242441781926,-1.1261728573424952,-0.8921032729030642,0.7576228760723887,9.675990021786237,4.776019150902453,-5.701959261562987,108,0.02271062271062271,0.6666666666666666
dcc38501-c38e-4a8e-a069-1a401d6432c0,frontierscience,deepseek/deepseek-v3.2_reasoning-auto_s1,physics,,deepseek/deepseek-v3.2,0,is_correct,False,,,False,,,,55,-0.022050430106796817,-2.556509681683695,-2.534459251576898,1.5259507389674027,5.838242538154928,-2.556509681683695,3.281732856471233,0.5642512018309479,0.4938115516558506,0.32167226918643305,-0.24257893264451486,24.360070148419574,0.10404154159389102,7,6,0.10526315789473684,1.0,0.0,5.838242538154928,4.724061419054344,2.9600532637114108,0.3333333333333333,0.16666666666666666,1.7503190496402372,0.881332394135774,0.4145087496594647,0.6,0.4,0,,,,,,,,,,,,,,,,,,,,,,,,,,,,,-0.022050430106796817,1.9164766717551318,3.281732856471233,2.4966456191156436,-0.4634076445957671,-0.7196028707731803,-2.540035789049629,2.184025630004715,1.8499013176927293,0.2207943447091436,0.639431961524668,-0.5528637497634067,-0.9509573518214518,0.06634870924455633,1.3256828259795879,1.5153657741519886,1.300388043361673,0.8298541287044103,-0.48474747539536694,-2.556509681683695,,,,,,,,,,,,,,,,,,,,,,,,,55,0.04983164983164983,
afb2ebc7-421e-4e61-8073-7c4393aa9855,frontierscience,deepseek/deepseek-v3.2_reasoning-auto_s1,physics,,deepseek/deepseek-v3.2,0,is_correct,False,,,True,,,,277,2.5043099042812718,-2.4411455574769287,-4.9454554617582005,2.063661683838962,7.253508567181469,-3.0177021719586916,4.235806395222777,-0.32896171263990437,-1.0464845719808362,-0.3063357198831043,0.02262599275680005,54.07822948446436,0.09145002543359773,14,11,0.7894736842105263,0.15789473684210525,0.5765566144817629,6.6769519526997065,5.478552047082907,5.281850576216647,0.7777777777777778,0.0,5.099814521045209,0.6656874365897751,1.2389943521719657,0.3,0.7,2,3.701644685208233,-3.701644685208233,-7.403289370416466,2.2468131071260222,7.403289370416466,-3.701644685208233,3.701644685208233,2.5327042583003703,-0.19482340448464366,-2.7275276627850134,-5.260231921085383,7.403289370416466,1.0,0.0,1.0,0.0,1.0,0.0,7.403289370416466,-0.38964680896928705,0.38964680896928794,0.6666666666666666,0.05555555555555555,4.194175870806147e-16,0.9741170224232192,0.9741170224232192,0.5,0.5,2.5043099042812718,-2.7775406719353755,-1.8478067368620732,-3.0177021719586916,2.309982538042201,-1.2742264870791482,1.8002516370324844,-1.7169837155952132,1.2978379038255796,-2.406714465558231,-2.8507337911062605,-0.8164734528240123,-0.08527580006698576,-0.747048682540731,-1.24274565186013,4.235806395222777,-0.7453916273424435,-2.8100982312330904,1.1655603533911894,-2.4411455574769287,3.701644685208233,3.3119978762389457,2.9223510672696578,2.5327042583003703,2.1430574493310823,1.7534106403617948,1.363763831392507,0.9741170224232194,0.5844702134539319,0.19482340448464397,-0.19482340448464353,-0.5844702134539315,-0.9741170224232194,-1.3637638313925065,-1.7534106403617944,-2.1430574493310823,-2.5327042583003694,-2.9223510672696573,-3.3119978762389453,-3.701644685208233,1.187181377510687,7.329971620195849,-0.07331775022061748,-2.9709677496771505,279,0.007743420708418354,1.0
dbe975d5-c431-4d73-8f7c-f8bba77ea458,frontierscience,deepseek/deepseek-v3.2_reasoning-auto_s1,physics,,deepseek/deepseek-v3.2,1,is_correct,True,,,True,,,,51,-2.528016529757179,-2.1995235545846312,0.32849297517254783,1.8626589232919448,5.679689073829269,-3.114497324588704,2.5651917492405647,-1.5386693875903876,0.4708417596209292,0.33191400439421836,1.870583391984606,39.46775173652097,0.008323072906850713,12,10,0.47368421052631576,0.05263157894736842,0.9149737700040728,4.764715303825196,5.108891437034898,4.034309946908708,0.7222222222222222,0.2777777777777778,3.596011241934835,0.6711256707663013,0.9452911392373462,0.45,0.55,3,-0.06208607815638819,0.036144409805202095,0.09823048796159028,0.03204934261008166,0.09823048796159028,-0.06208607815638819,0.036144409805202095,-0.034287842417154206,0.02121230101807396,0.03345947784361893,0.06774732026077314,0.0982304879615903,0.9999999999999999,0.0,1.0,1.0,0.0,0.09823048796159028,0.0,0.009266078579744666,0.0,0.05555555555555555,0.6111111111111112,0.00045511698861730454,0.017462148709411568,0.012000744846003972,0.65,0.35,-2.528016529757179,-3.114497324588704,-2.444465079633995,0.1949607603717849,-1.2022617799064934,1.1789520936452904,-2.855357853263418,-0.05041933704620272,0.3484183621108278,2.5651917492405647,1.4586966955704508,1.8049070469559245,-0.22039818547248258,-2.610504014012579,2.498387423022319,-0.5067475909359037,-1.1736315355453364,2.1581674708647913,1.214831813544071,-2.1995235545846312,-0.06208607815638819,-0.05281999957664353,-0.043553920996898865,-0.03428784241715421,-0.025021763837409547,-0.015755685257664888,-0.006489606677920229,0.00277647190182443,0.012042550481569096,0.02130862906131375,0.02647865474350272,0.027552627528135986,0.028626600312769247,0.02970057309740251,0.030774545882035775,0.03184851866666904,0.0329224914513023,0.03399646423593557,0.03507043702056883,0.036144409805202095,-0.061785054246399726,2.075652422181843,2.1738829101434334,-11.471162716141794,54,0.054901960784313725,0.6666666666666666
1eca2503-b141-4f9f-ab10-e27d272c93b0,frontierscience,deepseek/deepseek-v3.2_reasoning-auto_s1,biology,,deepseek/deepseek-v3.2,0,is_correct,False,,,True,,,,112,0.07721399489334933,-4.629728705587666,-4.706942700481015,2.294918995357367,9.554454740435816,-4.629728705587666,4.92472603484815,1.0027620615037256,-0.005917205817835011,-1.8921867523495506,-2.894948813853276,38.67322360571787,0.1217106375322974,10,7,0.3157894736842105,1.0,0.0,9.554454740435816,5.876001154885673,4.698331014222818,0.2222222222222222,0.6111111111111112,3.205139639143895,0.8185441842398381,1.0373045104546417,0.45,0.55,2,2.30609575654816,-2.30609575654816,-4.61219151309632,1.3997470348261243,4.61219151309632,-2.30609575654816,2.30609575654816,1.5778549913224253,-0.12137346087095573,-1.6992284521933811,-3.2770834435158065,4.61219151309632,1.0,0.0,1.0,0.0,1.0,0.0,4.61219151309632,-0.2427469217419107,0.24274692174191248,0.8888888888888888,0.9444444444444444,2.9605947323337506e-16,0.606867304354779,0.606867304354779,0.5,0.5,0.07721399489334933,-1.6540720442483163,2.5732005296816274,0.3340757210718932,-2.555905480303149,3.3200956745825243,4.92472603484815,0.798173007187426,-0.33193417814672443,1.150921857398758,0.9129129686973849,2.27956389643565,-2.4187671177871684,-2.4322908745101715,-2.6010091897400107,-0.8037922897889835,-0.17527978948657363,-0.7586767343204861,-2.3846338051735847,-4.629728705587666,2.30609575654816,2.0633488348062485,1.820601913064337,1.5778549913224253,1.3351080695805138,1.0923611478386022,0.8496142260966906,0.606867304354779,0.3641203826128674,0.1213734608709558,-0.1213734608709558,-0.3641203826128674,-0.606867304354779,-0.8496142260966901,-1.0923611478386022,-1.3351080695805138,-1.5778549913224253,-1.820601913064336,-2.0633488348062485,-2.30609575654816,2.6227388505132376,9.558563312649063,4.946371799552743,-6.285891976490287,114,0.020913770913770915,1.0
adadda00-bef8-417d-97d6-cfd9dec33cba,frontierscience,deepseek/deepseek-v3.2_reasoning-auto_s1,chemistry,,deepseek/deepseek-v3.2,1,is_correct,True,,,True,,,,188,-2.4899344288963787,-4.650582251893897,-2.160647822997518,2.577112430231603,10.254363908393614,-4.650582251893897,5.6037816564997165,0.4577560801690768,1.608897377999109,-0.28229369589010805,-0.7400497760591849,48.85105340841817,0.04422929849502874,10,8,0.10526315789473684,1.0,0.0,10.254363908393614,9.317095895556978,5.76462178747914,0.05555555555555555,0.1111111111111111,4.379884584630613,1.4042086496055028,0.7655680480136702,0.55,0.45,6,4.411051756920778,2.2375428036986427,-2.1735089532221354,2.081945631193167,7.397588113739719,-2.9865363568189403,4.411051756920778,0.4263261216809893,-0.9823411210127228,-0.8676619619735474,-1.2939880836545368,20.211316683471885,0.10753920624080646,3.0,4.0,0.0,0.631578947368421,5.224079160517583,2.1735089532221354,1.3692727925701957,1.850910375214629,0.9444444444444444,0.1111111111111111,0.45588019077491615,0.676987602441354,1.131891440799525,0.45,0.55,-2.4899344288963787,-3.7133142390572607,5.6037816564997165,-0.16084013097942318,-0.5560869321791493,2.5517263186452066,1.9689603171508263,0.1817805175542917,2.462796199005524,-0.38625580820469896,-0.8845310977655148,3.6313332760818278,3.916240283473214,2.340918275849119,-0.7268101272752707,3.1116964563637572,1.5340102426401738,0.7809294488463978,-1.7430059440218093,-4.650582251893897,4.411051756920778,2.5601413817061496,0.709231006491521,-1.141679368723108,-2.3828098310028105,-1.1848206415428053,0.013168547917199902,1.2111577373772051,1.4120148736044802,0.11717392998265619,-1.1776670136391674,-2.4725079572609934,-2.9865363568189403,-2.9800230603343008,-2.9735097638496617,-2.966996467365022,-1.8702755740119414,-0.5010027814417484,0.8682700111284474,2.2375428036986427,0.4152244372002368,9.476858446014912,7.303349492792776,-4.14420313373822,194,0.011776083741039936,0.3333333333333333
2c46387b-36e6-43cb-9e73-dbf1341bfafd,frontierscience,deepseek/deepseek-v3.2_reasoning-auto_s1,physics,,deepseek/deepseek-v3.2,0,is_correct,False,,,True,,,,198,2.6666302690523334,2.605843960159461,-0.0607863088928724,1.919539111248129,8.240246072722286,-3.9330460869886883,4.3071999857335985,1.0787084734064616,0.6847853601960139,0.6838540811413066,-0.39485439226515495,36.2521702750145,0.001676763306354852,12,6,0.5789473684210527,0.6842105263157895,6.538890047148149,1.7013560255741376,3.5233756441712245,6.279975077854613,0.05555555555555555,0.6666666666666666,3.1775963802640756,1.225392914525179,0.4030138484219206,0.65,0.35,172,-2.548344610052753,-0.012260998963819065,2.5360836110889338,2.963550012249375,9.819626040508503,-4.907082075400315,4.9125439651081875,0.09017754020450866,0.2981495943675114,-0.7956569553863647,-0.8858344955908733,72.06933250950777,0.03518949770700818,12.0,10.0,0.7368421052631579,0.8947368421052632,4.8948210764364966,4.924804964072006,7.612411188970775,7.141909081168343,0.7222222222222222,0.7777777777777778,6.5678565205672506,1.1405035443171698,1.2432861338328718,0.4,0.6,2.6666302690523334,0.27275054839859614,3.7961261925698206,-0.2683334985403487,1.2398379284518364,0.6511705671636978,-0.8072226932507045,-1.4914789706818614,0.3777053922116882,1.8955820054902817,1.2906062047411544,4.3071999857335985,2.3469289908659245,-3.9330460869886883,-1.2570573432176475,-0.13226846437479622,-0.17086991138436458,0.3686336249306239,2.688842620734563,2.605843960159461,-2.548344610052753,4.902348878681045,-0.14618073301452253,2.4437087839766556,3.056119126522804,-2.426088546247653,-4.650320118434014,0.017900924961408476,-2.563216102457337,-0.1452196451621978,0.12774752053971614,4.779214962669793,2.5704867238837843,-2.699867223862588,4.9125439651081875,-2.229365116060156,-0.09753477796275813,-4.907082075400315,-2.4402427290393276,-0.012260998963819065,0.023289839736254772,-5.130898730475959,-2.5948151193870252,-4.795425345794797,370,0.01030610675280726,0.011967904256765945
23cb57a5-1c57-4f6e-8205-7ffb6116a16a,frontierscience,deepseek/deepseek-v3.2_reasoning-auto_s1,chemistry,,deepseek/deepseek-v3.2,1,is_correct,True,,,True,,,,101,-2.6418012048492567,4.521590492836021,7.163391697685277,2.6874033081467115,11.592817092524434,-4.775195143808151,6.817621948716283,-0.6692953665059751,-0.5860738111228448,1.8896394856640548,2.55893485217003,46.440589898523896,0.1542485078966011,11,7,0.7894736842105263,0.05263157894736842,9.296785636644172,2.2960314558802626,7.658739243698223,8.821099314382511,0.7777777777777778,0.8333333333333334,4.4501357694811245,1.0268710563556014,0.8993584228264717,0.6,0.4,2,0.11764300528322558,-0.11764300528322558,-0.23528601056645115,0.07140659590810453,0.23528601056645115,-0.11764300528322558,0.11764300528322558,0.08049258256220697,-0.00619173712016976,-0.08668431968237672,-0.1671769022445837,0.23528601056645115,1.0,0.0,1.0,0.0,1.0,0.0,0.23528601056645115,-0.012383474240339504,0.01238347424033956,0.8333333333333334,0.7777777777777778,1.0793834961633467e-17,0.03095868560084884,0.03095868560084883,0.5,0.5,-2.6418012048492567,-4.775195143808151,-0.13113593157309866,-0.057976479833396544,2.085519090953068,0.06441878045028648,0.7711033231187221,0.6660208912346244,0.5538040378179266,0.5149954926810953,0.6328710720670023,-3.669812560885614,-3.866652474931751,1.066256864156802,-0.8411172949819399,6.817621948716283,-2.0034773656662273,0.1258347215471587,2.7173844115330352,4.521590492836021,0.11764300528322558,0.10525953104288605,0.09287605680254651,0.08049258256220698,0.06810910832186745,0.055725634081527906,0.043342159841188374,0.030958685600848843,0.01857521136050931,0.00619173712016978,-0.006191737120169766,-0.018575211360509297,-0.03095868560084883,-0.04334215984118836,-0.05572563408152789,-0.06810910832186745,-0.08049258256220695,-0.09287605680254649,-0.10525953104288602,-0.11764300528322558,0.12761257717700422,-4.276334910375791,-4.511620920942242,-13.592747193327956,103,0.023762376237623763,1.0
