id,dataset,run_slug,subject,generator,model,target,target_label,is_correct,final_answer_correct,rubric_score,has_answer_chunks,error_step_index,error_step_position,exit_status,reasoning_n_chunks,reasoning_start,reasoning_end,reasoning_end_minus_start,reasoning_std,reasoning_range,reasoning_min,reasoning_max,reasoning_early_mean,reasoning_mid_mean,reasoning_late_mean,reasoning_late_minus_early,reasoning_total_variation,reasoning_monotonicity,reasoning_direction_changes,reasoning_zero_crossings,reasoning_peak_pos,reasoning_trough_pos,reasoning_rebound_from_trough,reasoning_fall_from_peak,reasoning_max_rise,reasoning_max_drop,reasoning_max_rise_pos,reasoning_max_drop_pos,reasoning_curvature_abs_mean,reasoning_positive_mass,reasoning_negative_mass,reasoning_time_positive,reasoning_time_negative,answer_n_chunks,answer_start,answer_end,answer_end_minus_start,answer_std,answer_range,answer_min,answer_max,answer_early_mean,answer_mid_mean,answer_late_mean,answer_late_minus_early,answer_total_variation,answer_monotonicity,answer_direction_changes,answer_zero_crossings,answer_peak_pos,answer_trough_pos,answer_rebound_from_trough,answer_fall_from_peak,answer_max_rise,answer_max_drop,answer_max_rise_pos,answer_max_drop_pos,answer_curvature_abs_mean,answer_positive_mass,answer_negative_mass,answer_time_positive,answer_time_negative,answer_minus_reasoning_mean,answer_start_minus_reasoning_end,answer_end_minus_reasoning_end,answer_range_minus_reasoning_range,total_n_chunks,reasoning_pair_density,answer_pair_density
eeb31abb-41cb-4fe6-9864-f98fdcef338d,frontierscience,deepseek/deepseek-v3.2_reasoning-auto_s3,biology,,deepseek/deepseek-v3.2,1,is_correct,True,,,True,,,,13,-0.17884794228439724,-2.4721028224988952,-2.293254880214498,2.6366117008929835,9.944570326943392,-6.441074962662701,3.503495364280691,1.3857845492936087,-0.48322663537308613,-1.2282234812104973,-2.614008030504106,39.768280626219806,0.05766542692073345,7.0,6.0,0.3684210526315789,0.5789473684210527,3.968972140163806,5.975598186779586,5.817579474097553,4.597767621380623,0.8888888888888888,1.0,2.7139066550126913,1.086598417385526,1.1391701918764927,0.6,0.4,2,1.9872896581930366,-1.9872896581930366,-3.974579316386073,1.2062390724659537,3.974579316386073,-1.9872896581930366,1.9872896581930366,1.3597245029741831,-0.10459419253647538,-1.4643186955106582,-2.8240431984848415,3.974579316386073,1.0,0.0,1.0,0.0,1.0,0.0,3.974579316386073,-0.209188385072951,0.20918838507295145,0.1111111111111111,0.16666666666666666,2.0970879354030734e-16,0.5229709626823781,0.522970962682378,0.5,0.5,-0.3358067816000164,4.123585699091915,0.1490063827058421,-7.6200463064176915,15,0.3333333333333333,1.0
4ee82eb3-a457-42c5-9c62-5730d41f67a6,frontierscience,deepseek/deepseek-v3.2_reasoning-auto_s3,biology,,deepseek/deepseek-v3.2,0,is_correct,False,,,True,,,,32,0.10408042460971567,-0.02812285953665883,-0.1322032841463745,2.31513764829684,8.264775233651246,-3.9735214299640593,4.291253803687186,0.36870527605665976,-0.5533056445296608,0.9162036633546574,0.5474983872979977,60.1323466434233,0.002198538582409267,12.0,9.0,0.15789473684210525,0.5789473684210527,3.9453985704274004,4.319376663223845,5.893639863873134,6.7404167540579625,0.6111111111111112,0.16666666666666666,6.067057831935283,1.101181715540457,0.8909307454996099,0.6,0.4,2,-1.3312676967842236,1.3312676967842236,2.6625353935684473,0.8080488443909095,2.6625353935684473,-1.3312676967842236,1.3312676967842236,-0.9108673714839425,0.07006672088338009,0.9809340923673225,1.891801463851265,2.6625353935684473,1.0,0.0,1.0,1.0,0.0,2.6625353935684473,0.0,0.14013344176676057,0.0,0.5555555555555556,0.6111111111111112,1.356939252319636e-16,0.35033360441690087,0.350333604416901,0.5,0.5,1.5759663151249792,0.2728214778774145,2.9353568714458618,-7.020613023842891,34,0.1028225806451613,1.0
90ddb7c3-4bf1-43b6-820a-c89f3858781a,frontierscience,deepseek/deepseek-v3.2_reasoning-auto_s3,biology,,deepseek/deepseek-v3.2,0,is_correct,False,,,True,,,,36,-2.468226332504175,0.1620187004346274,2.6302450329388023,2.3085720621995156,8.728753780858657,-4.134120069536673,4.594633711321984,0.7615158935487958,-1.134054387514895,-0.8906605857349635,-1.6521764792837592,52.56704039017821,0.05003601141353672,10.0,9.0,0.3157894736842105,0.9473684210526315,4.2961387699713,4.432615010887357,4.2961387699713,6.4425670697177,1.0,0.3333333333333333,4.540465599038838,0.7611880697354386,1.1587747183440622,0.5,0.5,2,1.2205794187073664,-1.2205794187073664,-2.441158837414733,0.7408636077899788,2.441158837414733,-1.2205794187073664,1.2205794187073664,0.8351332864839875,-0.06424102203722978,-0.8993743085212174,-1.734507595005205,2.441158837414733,1.0,0.0,1.0,0.0,1.0,0.0,2.441158837414733,-0.12848204407445918,0.12848204407446007,0.8888888888888888,0.9444444444444444,1.4802973661668753e-16,0.32120511018614906,0.32120511018614906,0.5,0.5,1.4220579429976166,2.4806186612703556,0.039459823855622744,-7.676862317671329,38,0.0873015873015873,1.0
af36a1cb-5949-4385-93a0-1f875500c34a,frontierscience,deepseek/deepseek-v3.2_reasoning-auto_s3,biology,,deepseek/deepseek-v3.2,0,is_correct,False,,,True,,,,92,0.028650919665799936,-4.7431498304253985,-4.771800750091199,2.3631721345826175,9.079746886887657,-4.7431498304253985,4.336597056462258,0.11446524117160381,-0.454479658915886,-1.5837818057728115,-1.6982470469444153,66.86176563672021,0.07136815345286882,14.0,13.0,0.2631578947368421,1.0,0.0,9.079746886887657,5.763240843840083,7.555376884026092,0.05555555555555555,1.0,6.111215890886245,0.7097648649899277,1.30390445293227,0.45,0.55,2,1.1113767568540052,-1.1113767568540052,-2.2227535137080103,0.6745801060358442,2.2227535137080103,-1.1113767568540052,1.1113767568540052,0.760415675742214,-0.05849351351863178,-0.8189091892608458,-1.5793248650030598,2.2227535137080103,1.0,0.0,1.0,0.0,1.0,0.0,2.2227535137080103,-0.11698702703726349,0.11698702703726394,0.6111111111111112,0.5555555555555556,1.356939252319636e-16,0.2924675675931593,0.29246756759315923,0.5,0.5,1.2782648381956834,7.132791425475087,4.910037911767077,-8.094046923649142,94,0.026516961299569996,1.0
11c1fcc0-bcad-4507-951b-550e19f1e2aa,frontierscience,deepseek/deepseek-v3.2_reasoning-auto_s3,physics,,deepseek/deepseek-v3.2,0,is_correct,False,,,True,,,,46,-0.1341356519106371,-4.660608762487304,-4.526473110576667,2.33309212258168,9.313745271014959,-6.617476814016842,2.6962684569981166,-1.042096374444729,-1.092277645578611,-1.61613983634012,-0.5740434618953911,51.81372843307304,0.0873604978345351,13.0,8.0,0.7894736842105263,0.3684210526315789,1.956868051529538,7.356877219485421,6.301992253914613,7.462212453182561,0.3888888888888889,0.8333333333333334,4.766573656654166,0.3661012235547697,1.5979740814649745,0.25,0.75,2,3.6576884150563913,-3.6576884150563913,-7.315376830112783,2.220132663075792,7.315376830112783,-3.6576884150563913,3.6576884150563913,2.502628915564899,-0.19250991658191527,-2.695138832146814,-5.197767747711714,7.315376830112783,1.0,0.0,1.0,0.0,1.0,0.0,7.315376830112783,-0.38501983316383015,0.3850198331638315,0.16666666666666666,0.5555555555555556,3.9474596431116675e-16,0.9625495829095767,0.9625495829095765,0.5,0.5,1.1327413313075878,9.451038508851283,2.1356616787385008,-4.549331631784408,48,0.06280193236714976,1.0
0a1877af-e331-40b9-b9a3-c1a06dd51ec5,frontierscience,deepseek/deepseek-v3.2_reasoning-auto_s3,biology,,deepseek/deepseek-v3.2,0,is_correct,False,,0.425,True,,,,18,2.7522461534650398,-0.3086282117642241,-3.060874365229264,2.129248899815675,7.638831438093822,-4.583091330223421,3.055740107870401,-0.16197385450371724,0.1362687932921794,-0.013305185278553297,0.14866866922516395,47.26602757015376,0.06475844327484927,11.0,7.0,0.8947368421052632,0.47368421052631576,4.274463118459196,3.3643683196346252,4.439837205951164,6.845778842611709,0.1111111111111111,0.9444444444444444,4.039907372983539,0.7705219769163374,0.7835103039239416,0.65,0.35,27,-4.650418318103956,-0.2013427235723984,4.449075594531557,2.6722495589540998,10.984241616699673,-7.031409952021303,3.9528316646783717,-0.025525412370183638,-1.199187928458276,0.8075760024490105,0.8331014148191942,68.1543997589888,0.0652793599571651,13.0,14.0,0.7368421052631579,0.42105263157894735,6.830067228448904,4.1541743882507705,9.220809130380102,9.384866727540816,0.4444444444444444,0.3888888888888889,6.897267853766722,0.9193597737654573,1.1057366423207147,0.45,0.55,0.32623161591472005,-4.015558490425011,0.43351710410654576,2.4507809167538745,45,0.11764705882352941,0.10826210826210826
57390923-7cfd-4adf-8d0b-33c5791f6e51,frontierscience,deepseek/deepseek-v3.2_reasoning-auto_s3,chemistry,,deepseek/deepseek-v3.2,1,is_correct,True,,,True,,,,47,-0.10280635718939304,2.377844636526121,2.480650993715514,2.771516199612187,10.68913715585213,-5.842557153820579,4.846580002031552,-0.9537885145148753,-0.1505046899804364,-0.1526356972451147,0.8011528172697606,71.50821222644831,0.03469043507702198,13.0,13.0,0.7894736842105263,0.05263157894736842,8.220401790346699,2.468735365505431,9.173552558999624,7.882299843494861,0.7777777777777778,0.8333333333333334,7.173864038763913,0.9385910096056092,1.3708843403525026,0.45,0.55,2,2.594903160284277,-2.594903160284277,-5.189806320568554,1.5750464801624995,5.189806320568554,-2.594903160284277,2.594903160284277,1.7754600570366108,-0.13657385054127763,-1.9120339075778878,-3.6874939646144984,5.189806320568554,1.0,0.0,1.0,0.0,1.0,0.0,5.189806320568554,-0.2731477010825545,0.27314770108255626,0.8333333333333334,0.7777777777777778,4.934324553889585e-16,0.6828692527063887,0.6828692527063887,0.5,0.5,-0.10931954408320368,0.10773897967495216,-5.082067340893602,-7.1189209671188,49,0.06105457909343201,1.0
1567b1bb-e3e5-44e5-abb8-b58e2626f468,frontierscience,deepseek/deepseek-v3.2_reasoning-auto_s3,chemistry,,deepseek/deepseek-v3.2,0,is_correct,False,,0.05,True,,,,8,1.7995525106730028,1.6258274324292614,-0.1737250782437414,2.03780752498449,7.192710599902708,-5.393158089229705,1.7995525106730028,-0.4849360652965216,-1.1469498972836256,1.415689474317437,1.9006255396139586,21.151576252175943,0.008213339572074192,5.0,4.0,0.0,0.42105263157894735,7.0189855216589665,0.1737250782437414,2.673088466270899,2.5926021204978786,0.5,0.3333333333333333,0.8830607386217265,0.76541321115657,0.9118664557643905,0.55,0.45,32,-4.524659295762929,0.26408526715515424,4.788744562918083,2.3522776558889356,11.234273284631705,-4.524659295762929,6.709613988868777,-0.06217806907538227,0.05170534760417305,0.24274188451834378,0.30491995359372603,54.87955311961909,0.08725917560735635,15.0,15.0,0.42105263157894735,0.0,4.788744562918083,6.445528721713623,7.6732591028190145,7.384351711797244,0.3888888888888889,0.4444444444444444,5.398832152424767,0.8382348261849852,0.7690777133444053,0.5,0.5,-1.047144844076049,-7.197631572268239,-2.408887009350156,4.539033616781541,40,0.42857142857142855,0.06854838709677419
8b695bb3-ea3c-4372-9222-9f0b79a68b6c,frontierscience,deepseek/deepseek-v3.2_reasoning-auto_s3,biology,,deepseek/deepseek-v3.2,0,is_correct,False,,,True,,,,27,-2.3116181070614985,-4.709117962530836,-2.397499855469338,2.256156294325624,9.50138103790055,-4.709117962530836,4.792263075369715,-0.23897358362127794,0.5520152651302785,-0.25459117003140874,-0.015617586410130807,53.44446041207805,0.044859651252602425,11.0,12.0,0.8421052631578947,1.0,0.0,9.50138103790055,4.399395254774418,6.218936974738108,0.3888888888888889,0.8888888888888888,4.419719193459705,0.9494214221354136,0.916234184616686,0.5,0.5,2,2.2081740277270594,-2.2081740277270594,-4.416348055454119,1.3403107997204546,4.416348055454119,-2.2081740277270594,2.2081740277270594,1.510855913707988,-0.1162196856698451,-1.627075599377833,-3.137931513085821,4.416348055454119,1.0,0.0,1.0,0.0,1.0,0.0,4.416348055454119,-0.23243937133968995,0.23243937133969084,0.6666666666666666,0.5555555555555556,2.220446049250313e-16,0.5810984283492262,0.5810984283492261,0.5,0.5,2.7059417084037367,9.623233698661632,5.206885643207514,-5.699259710649596,29,0.12535612535612536,1.0
2db1b6e6-c019-4ce3-9b53-2292f7b2c38c,frontierscience,deepseek/deepseek-v3.2_reasoning-auto_s3,physics,,deepseek/deepseek-v3.2,0,is_correct,False,,0.5,True,,,,11,2.7819858828698805,2.2785430298523273,-0.5034428530175532,3.1846237335447034,11.269863165964725,-5.232167988799133,6.037695177165594,1.7312679069794377,-0.043642724610916596,-2.3240208820771113,-4.055288789056549,46.84276629965017,0.010747504743786086,5.0,6.0,0.3157894736842105,0.7894736842105263,7.51071101865146,3.7591521473132663,6.2759525339557385,5.913149959725908,0.5555555555555556,0.6666666666666666,2.629964641079809,1.3072816518788715,1.4138191026730227,0.45,0.55,12,2.8435425255533753,5.165324361341974,2.321781835788599,2.5923466280139524,9.79814897512307,-4.632824613781096,5.165324361341974,0.5737101420179922,-1.1942668412035982,0.287021223031027,-0.2866889189869652,39.415424226510765,0.05890541282635672,8.0,6.0,1.0,0.631578947368421,9.79814897512307,0.0,5.506344887863815,5.558866125116527,0.5,0.6111111111111112,2.840605930235307,1.0684324679944843,1.1995209458001383,0.4,0.6,0.4247237339422978,0.9897232296433458,3.3115050654319447,-2.4962238155192793,23,0.32727272727272727,0.19696969696969696
50f7d1e4-51bd-4013-a570-a02988ca3aa2,frontierscience,deepseek/deepseek-v3.2_reasoning-auto_s3,chemistry,,deepseek/deepseek-v3.2,1,is_correct,True,,,True,,,,34,2.712210557441346,-4.350585973696432,-7.062796531137778,3.0583240229275757,8.968469575934956,-4.381410514424764,4.587059061510192,0.22924418228876645,0.6086005054119913,-0.42566808283115964,-0.6549122651199261,63.629961442996134,0.11099796968233418,9.0,9.0,0.7894736842105263,0.5789473684210527,0.030824540728332295,8.937645035206623,8.841080892470256,7.694910612373549,0.6111111111111112,0.05555555555555555,5.879597808453407,1.4949586914981876,1.3294134756522704,0.5,0.5,2,1.2251027573075781,-1.2251027573075781,-2.4502055146151562,0.7436091701870226,2.4502055146151562,-1.2251027573075781,1.2251027573075781,0.8382282023683428,-0.06447909248987246,-0.9027072948582154,-1.7409354972265583,2.4502055146151562,1.0,0.0,1.0,0.0,1.0,0.0,2.4502055146151562,-0.12895818497974476,0.1289581849797452,0.8888888888888888,0.05555555555555555,1.356939252319636e-16,0.3223954624493627,0.3223954624493626,0.5,0.5,1.1944644272967873,6.770153158300797,4.319947643685641,-7.9535292798411845,36,0.09269162210338681,1.0
30a44280-a888-42bf-913a-208aa47c8772,frontierscience,deepseek/deepseek-v3.2_reasoning-auto_s3,biology,,deepseek/deepseek-v3.2,0,is_correct,False,,0.3,True,,,,37,0.33897068620976945,-4.611505460360377,-4.950476146570146,2.4134645815812714,8.95577817229519,-4.611505460360377,4.344272711934813,-0.1364286819941515,-0.2242630443534674,-0.7040572319370165,-0.567628549942865,50.17726277679445,0.09865974891040888,13.0,11.0,0.42105263157894735,1.0,0.0,8.95577817229519,5.913271258272919,6.35234655480572,0.6111111111111112,0.4444444444444444,5.048486148449534,0.8104480556440039,1.1479073294467754,0.55,0.45,20,4.4100493503177765,2.273084910329725,-2.1369644399880516,3.578371330719183,15.6237599381014,-7.80483183497011,7.818928103131291,-0.43186490144346434,-1.0841543223291212,1.76868909440135,2.2005539958448144,93.25694208806246,0.02291480282476041,13.0,12.0,0.8421052631578947,0.6842105263157895,10.077916745299834,5.545843192801566,9.694940858823344,7.877992759010517,0.7222222222222222,0.8888888888888888,8.475788274164508,1.4186600402668037,1.4186600402668037,0.5,0.5,0.5697014763495293,9.591256287027683,7.454291847039631,5.502231131999764,57,0.06456456456456457,0.10526315789473684
cb11faa6-e12a-4621-9fa7-f6f4b11a9300,frontierscience,deepseek/deepseek-v3.2_reasoning-auto_s3,physics,,deepseek/deepseek-v3.2,1,is_correct,True,,,True,,,,67,2.7997143400344067,-4.900255377733408,-7.699969717767814,2.3596726145892024,8.21329250897731,-4.900255377733408,3.313037131243902,-0.30444973679979764,1.2285963416882832,-2.2666901974406155,-1.962240460640818,48.13420241007438,0.1599687817026387,12.0,7.0,0.6842105263157895,1.0,0.0,8.21329250897731,4.222076947035514,4.769832840386456,0.1111111111111111,0.5555555555555556,4.182793859907097,0.8631890344708971,1.219744781992112,0.5,0.5,3,4.159932416797607,-3.5143825657321153,-7.674314982529722,2.347394953417764,7.674314982529722,-3.5143825657321153,4.159932416797607,2.6424117006303125,-0.6654895730496876,-2.759426588188267,-5.401838288818579,7.674314982529721,1.0000000000000002,0.0,1.0,0.0,1.0,0.0,7.674314982529722,-0.301982391017539,0.5058402387224321,0.6111111111111112,0.4444444444444444,0.011325435983605569,0.9614571578585466,1.0973623896618077,0.45,0.55,0.7366274972697897,9.796815291800804,2.122500309271082,-4.61398932014982,70,0.03889642695612845,0.6666666666666666
e5e3780b-d0a6-4a42-b468-2b196bfe4663,frontierscience,deepseek/deepseek-v3.2_reasoning-auto_s3,physics,,deepseek/deepseek-v3.2,0,is_correct,False,,0.18,True,,,,49,-0.06322911000051407,-2.777514030989413,-2.7142849209888986,1.8958448936545198,6.717314000255096,-2.777514030989413,3.9397999692656835,1.2401014135663877,0.9150774452675903,-0.4974088869307239,-1.7375103004971115,38.88286591012118,0.06980670939387655,11.0,8.0,0.3684210526315789,1.0,0.0,6.717314000255096,6.407733159264499,4.9353065537382825,0.16666666666666666,0.1111111111111111,3.5036295970263973,1.1571602967023487,0.5520703621896734,0.65,0.35,22,2.6231850971869046,2.5928598624859407,-0.030325234700963932,2.4431939833531247,8.280135340414276,-3.7073890171583637,4.572746323255912,0.1962961572834679,-0.24634742921103778,0.17341092827897908,-0.022885229004488805,66.17246070776599,0.0004582757596832872,11.0,12.0,0.5263157894736842,0.9473684210526315,6.300248879644304,1.9798864607699715,6.783899878586405,7.035623255240771,0.5,0.5555555555555556,5.885985018186429,1.103073407179826,1.0685680738707817,0.45,0.55,-0.1014933053904415,5.299205822785876,5.268880588084912,-0.303788464237833,71,0.04251700680272109,0.09523809523809523
a1e4e236-3b97-4c36-9cc3-a1711073631e,frontierscience,deepseek/deepseek-v3.2_reasoning-auto_s3,biology,,deepseek/deepseek-v3.2,0,is_correct,False,,0.15,True,,,,15,2.5746425841328766,-2.514757033098872,-5.089399617231749,2.0959794518064108,6.973035320922632,-3.5364079841509666,3.4366273367716658,0.7297808630827679,-0.934422174247521,0.09516008373143414,-0.6346207793513338,46.79987679659216,0.10874814135413162,8.0,9.0,0.5789473684210527,0.631578947368421,1.0216509510520946,5.951384369870538,5.057762744012106,6.973035320922632,0.5555555555555556,0.6111111111111112,3.930633994329269,0.8660129964016722,0.9090894301899054,0.45,0.55,25,2.4880170911154296,2.719847231869951,0.23183014075452135,2.6666989793225673,9.921270379485792,-5.914221934994534,4.007048444491258,1.5851070322439906,-1.6449186610710171,0.19003063731423617,-1.3950763949297544,58.58359960717497,0.003957253263866159,12.0,10.0,0.15789473684210525,0.3684210526315789,8.634069166864485,1.2872012126213073,7.17927146013554,8.170876811515203,0.6111111111111112,0.6666666666666666,5.327414864716059,1.0903969545749463,1.0543218334701348,0.65,0.35,-0.28227904622877303,4.720495077985529,4.95232521874005,1.9376232093695371,40,0.13333333333333333,0.14333333333333334
676e50c1-cea4-4361-81e1-d4409a23422c,frontierscience,deepseek/deepseek-v3.2_reasoning-auto_s3,biology,,deepseek/deepseek-v3.2,0,is_correct,False,,0.0,True,,,,55,-2.411940787182088,-5.054313413535171,-2.642372626353083,2.343053245538867,8.360290536292986,-5.054313413535171,3.305977122757814,0.73243372947184,-0.9353105787277965,-0.884771363237531,-1.617205092709371,41.317683290490855,0.06395258436382897,13.0,10.0,0.05263157894736842,1.0,0.0,8.360290536292986,5.717917909939902,7.428258718168744,0.0,0.2777777777777778,3.5974945200132584,0.7707980090645179,1.1072363152753621,0.5,0.5,23,2.1947500163426796,2.5834799244490427,0.3887299081063631,1.8388776961111426,5.616434328381079,-2.8973087222578138,2.7191256061232654,0.07980681130662168,-0.2421946083225705,0.21581350645111538,0.1360066951444937,50.94887589208811,0.007629803431379126,13.0,14.0,0.42105263157894735,0.10526315789473684,5.4807886467068565,0.13564568167422264,4.640073727731864,5.415410570498287,0.3888888888888889,0.4444444444444444,4.911447790798283,0.8092736983722345,0.8013653753924819,0.45,0.55,0.3538327113933833,7.602896141271234,7.991626049377597,-0.26610879505751583,78,0.04579124579124579,0.08695652173913043
0b946e4d-8fc8-4f65-85dc-8fb7fd227a96,frontierscience,deepseek/deepseek-v3.2_reasoning-auto_s3,biology,,deepseek/deepseek-v3.2,0,is_correct,False,,0.225,True,,,,65,2.7034030786189103,0.04814719213579907,-2.6552558864831113,1.5273622257253463,4.730244469561379,-1.7750390855182052,2.955205384043174,0.7997057017478422,0.04942441122032631,0.36946806212617683,-0.43023763962166534,39.417356321238415,0.06736260709225789,12.0,12.0,0.3157894736842105,0.10526315789473684,1.8231862776540042,2.907058191907375,3.834936348442972,4.532678530289008,0.3888888888888889,0.3333333333333333,3.7374925234303302,0.8911840907426285,0.4831481325659165,0.6,0.4,25,-2.5517897113158865,-0.2234839276988039,2.3283057836170826,1.7813384315124372,5.876528979816822,-3.4845283333410793,2.392000646475743,-0.3609355570638537,-0.17623281713000574,0.24401010852721397,0.6049456655910677,45.09692709922632,0.051628923152438624,11.0,10.0,0.2631578947368421,0.631578947368421,3.2610444056422754,2.615484574174547,4.9836989344115175,4.386817445253426,0.6666666666666666,0.7222222222222222,3.8483223676705887,0.6945283694227928,0.8093342678324795,0.45,0.55,0.25876101966138265,-2.341175883790303,-0.012870100173220322,-2.685266624782244,90,0.035576923076923075,0.09333333333333334
b90fc8dc-2fca-4ff7-9c9f-a2e6a0ac7812,frontierscience,deepseek/deepseek-v3.2_reasoning-auto_s3,physics,,deepseek/deepseek-v3.2,1,is_correct,True,,,True,,,,30,2.78830255262102,0.14966142425431267,-2.6386411283667073,2.3807121788525727,7.9411363584569585,-4.858391222999555,3.082745135457404,-0.6542317132270582,0.42098012200668583,-0.5415557008127068,0.11267601241435143,53.84583160065896,0.04900362850621135,11.0,8.0,0.15789473684210525,0.8947368421052632,5.008052647253868,2.9330837112030914,7.288095467230205,6.611873647976344,0.1111111111111111,0.16666666666666666,5.171866527023417,0.8884080443123684,1.1325128114833107,0.5,0.5,2,3.8001057128253617,-3.8001057128253617,-7.600211425650723,2.3065766841855035,7.600211425650723,-3.8001057128253617,3.8001057128253617,2.6000723298278787,-0.20000556383291362,-2.800077893660793,-5.400150223488671,7.600211425650723,1.0,0.0,1.0,0.0,1.0,0.0,7.600211425650723,-0.40001112766582647,0.40001112766582825,0.6111111111111112,0.5555555555555556,4.934324553889585e-16,1.0000278191645688,1.0000278191645688,0.5,0.5,1.2770883337628858,4.927532622333935,-2.6726788033167885,-4.307151176664039,32,0.11264367816091954,1.0
94c55a69-1e8d-4934-ae59-2cf0401e1b01,frontierscience,deepseek/deepseek-v3.2_reasoning-auto_s3,physics,,deepseek/deepseek-v3.2,1,is_correct,True,,,True,,,,41,-2.494330530728817,0.021748976065850825,2.516079506794668,2.8790067837803486,10.860087653347426,-6.6564684276640635,4.203619225683362,0.3077596114596299,-0.7875159357776423,-0.00534861082387988,-0.31310822228350976,70.18653105643982,0.03584846649240133,10.0,11.0,0.42105263157894735,0.5263157894736842,6.6782174037299145,4.1818702496175115,8.04390031973098,6.428053452893501,0.3888888888888889,0.3333333333333333,5.711245709764289,1.159859533202112,1.32937882996058,0.5,0.5,2,2.5517610197685787,-2.5517610197685787,-5.103522039537157,1.5488601940590587,5.103522039537157,-2.5517610197685787,2.5517610197685787,1.7459417503679748,-0.1343032115667672,-1.880244961934742,-3.626186712302717,5.103522039537157,1.0,0.0,1.0,0.0,1.0,0.0,5.103522039537157,-0.26860642313353367,0.26860642313353544,0.8888888888888888,0.9444444444444444,3.4540271877227093e-16,0.6715160578338365,0.6715160578338364,0.5,0.5,-0.11652397912260967,2.413488064580118,-2.690033974957039,-7.270823498674321,43,0.07317073170731707,1.0
69bd11e8-5f96-45dc-8123-b9d800101430,frontierscience,deepseek/deepseek-v3.2_reasoning-auto_s3,physics,,deepseek/deepseek-v3.2,1,is_correct,True,,,True,,,,78,2.508131096503493,2.4723923566566794,-0.03573873984681342,2.186245691380491,7.331156595246092,-4.625242814396951,2.7059137808491416,-1.3506775939859534,0.4176195907797515,0.43527325690874874,1.7859508508947022,49.64519668750697,0.0007198831353569184,13.0,10.0,0.3684210526315789,0.05263157894736842,7.09763517105363,0.23352142419246213,6.265502397292952,7.133373910900444,0.05555555555555555,0.0,4.494260471380498,0.7950048092090313,0.9909931332585774,0.5,0.5,2,0.05532072868430227,-0.05532072868430227,-0.11064145736860453,0.03357840875444821,0.11064145736860453,-0.05532072868430227,0.05532072868430227,0.037851024889259455,-0.002911617299173801,-0.04076264218843325,-0.07861366707769271,0.11064145736860453,1.0,0.0,1.0,0.0,1.0,0.0,0.11064145736860453,-0.00582323459834759,0.005823234598347618,0.6111111111111112,0.5555555555555556,7.709882115452476e-18,0.014558086495869019,0.014558086495869016,0.5,0.5,0.07395728144668194,-2.343114346525695,-2.4537558038942997,-12.42526183632923,80,0.032301032301032304,1.0
0744af3b-0249-4cbb-978a-a8595f8f9672,frontierscience,deepseek/deepseek-v3.2_reasoning-auto_s3,chemistry,,deepseek/deepseek-v3.2,0,is_correct,False,,0.39,True,,,,78,0.07516729588702813,-2.4797528258919206,-2.554920121778949,1.7166682999053182,6.80222530543743,-4.169363352967788,2.6328619524696415,-0.8587377607575816,0.3677697420864487,-0.9575147526244424,-0.09877699186686084,47.16717336358724,0.05416733587328621,16.0,15.0,0.6842105263157895,0.10526315789473684,1.6896105270758675,5.1126147783615625,5.5974742109585165,5.639206014135148,0.1111111111111111,0.7222222222222222,4.523706672401204,0.47266589980279905,0.9317591321250284,0.45,0.55,49,-0.16815681855133388,2.6314442539396987,2.7996010724910327,1.7665646193201974,6.92832015979357,-4.296875905853871,2.6314442539396987,0.06285659111697475,-0.4563203619372585,-0.9126891995048596,-0.9755457906218343,40.9892451192537,0.06830086927304714,12.0,13.0,1.0,0.8947368421052632,6.92832015979357,0.0,5.697521422965901,5.266843514150643,0.4444444444444444,0.8888888888888888,3.449447471347274,0.4985737511155396,0.9100928307540969,0.45,0.55,0.2447305132647306,2.5563265206053174,5.35592759309635,-0.18420207573694114,127,0.025974025974025976,0.047619047619047616
b36273bb-c098-4037-90cc-cfd05cbe5bb9,frontierscience,deepseek/deepseek-v3.2_reasoning-auto_s3,chemistry,,deepseek/deepseek-v3.2,1,is_correct,True,,,True,,,,85,2.6811272780147233,-0.015884584261059796,-2.697011862275783,2.0171484254527434,6.925301958841651,-2.725811980900137,4.199489977941513,0.44790997283599426,1.5912464823723513,-0.5752585443956444,-1.0231685172316387,43.87722367111322,0.06146724055495274,10.0,11.0,0.631578947368421,0.8947368421052632,2.709927396639077,4.215374562202573,5.054995966211667,4.08300507276813,0.05555555555555555,0.16666666666666666,3.7209094118966255,1.120406495572967,0.579279299568739,0.5,0.5,2,3.7679448885082323,-3.7679448885082323,-7.535889777016465,2.2870558042100555,7.535889777016465,-3.7679448885082323,3.7679448885082323,2.5780675552951067,-0.19831288886885393,-2.77638044416396,-5.354447999459067,7.535889777016465,1.0,0.0,1.0,0.0,1.0,0.0,7.535889777016465,-0.39662577773770824,0.39662577773770913,0.1111111111111111,0.16666666666666666,2.9605947323337506e-16,0.9915644443442717,0.9915644443442716,0.5,0.5,1.294244272144943,5.078073744914235,-2.4578160321022295,-2.762910042767281,87,0.029131652661064426,1.0
fcbd76ad-1b45-4f40-ad9d-d2bc5016f02c,frontierscience,deepseek/deepseek-v3.2_reasoning-auto_s3,biology,,deepseek/deepseek-v3.2,0,is_correct,False,,,True,,,,27,2.647005399682314,2.558739972147997,-0.0882654275343171,2.5444984910502897,9.788685949445272,-4.317669017807983,5.471016931637289,0.7437550544653561,0.5296602092977387,-0.5427555218448994,-1.2865105763102553,61.688986486037955,0.0014308133844003772,13.0,12.0,0.3157894736842105,0.47368421052631576,6.87640898995598,2.912276959489292,6.998610538407663,6.481839519716673,0.5555555555555556,0.4444444444444444,5.433180701719317,1.1705764714380849,0.8877077856744716,0.55,0.45,2,2.606133285333895,-2.606133285333895,-5.21226657066779,1.5818629075351678,5.21226657066779,-2.606133285333895,2.606133285333895,1.783143826807402,-0.13716490975441534,-1.9203087365618172,-3.7034525633692192,5.21226657066779,1.0,0.0,1.0,0.0,1.0,0.0,5.21226657066779,-0.2743298195088304,0.2743298195088313,0.8888888888888888,0.0,2.9605947323337506e-16,0.6858245487720775,0.6858245487720775,0.5,0.5,-0.04831332050504664,-0.0009200073191486524,-5.213186577986939,-9.470927394380258,29,0.13105413105413105,1.0
239c543b-7543-445a-b492-89c994b9ba7c,frontierscience,deepseek/deepseek-v3.2_reasoning-auto_s3,physics,,deepseek/deepseek-v3.2,1,is_correct,True,,,True,,,,40,-2.712436852033663,5.003378216547879,7.715815068581541,2.4996737332920773,9.31051867726353,-4.307140460715651,5.003378216547879,-0.7920602617478608,0.6308848519699063,1.0141578198371735,1.8062180815850342,65.20923617358427,0.11832396024456356,12.0,11.0,1.0,0.7894736842105263,9.31051867726353,0.0,5.512591181246778,6.263191975169089,0.0,0.7777777777777778,5.818246818000031,1.2246034542371853,0.976767501708317,0.6,0.4,2,2.5661297245087926,-2.5661297245087926,-5.132259449017585,1.55758166704963,5.132259449017585,-2.5661297245087926,2.5661297245087926,1.7557729694007527,-0.13505945918467316,-1.890832428585426,-3.6466053979861788,5.132259449017585,1.0,0.0,1.0,0.0,1.0,0.0,5.132259449017585,-0.270118918369346,0.27011891836934687,0.8888888888888888,0.05555555555555555,3.20731096002823e-16,0.6752972959233665,0.6752972959233664,0.5,0.5,-0.11883645082361775,-2.5560849428627037,-7.688344391880289,-6.685365003735676,42,0.07435897435897436,1.0
f7b49518-6e84-44e3-9480-4cf91d149702,frontierscience,deepseek/deepseek-v3.2_reasoning-auto_s3,biology,,deepseek/deepseek-v3.2,0,is_correct,False,,,True,,,,88,2.5338913100886375,-2.6963550275042256,-5.230246337592863,2.022028435807089,7.8151325163733265,-3.2556837876750646,4.559448728698262,0.9474425740399981,0.3847480745073487,-1.1181477673073672,-2.0655903413473653,40.705710247037345,0.1284892538626944,8.0,7.0,0.631578947368421,0.5263157894736842,0.559328760170839,7.2558037562024875,4.120581989668192,6.519698574366245,0.6111111111111112,0.5,2.857379053861419,0.8932164905522031,0.7623940937528415,0.5,0.5,2,-2.60665349982429,2.60665349982429,5.21330699964858,1.5821786657548067,5.21330699964858,-2.60665349982429,2.60665349982429,-1.7834997630376723,0.13719228946443612,1.9206920525021083,3.7041918155397804,5.21330699964858,1.0,0.0,1.0,1.0,0.0,5.21330699964858,0.0,0.27438457892887325,0.0,0.7777777777777778,0.05555555555555555,2.9605947323337506e-16,0.6859614473221815,0.6859614473221816,0.5,0.5,0.034611222092439824,0.1243127497723755,5.337619749420956,-4.8785251401866745,90,0.027951933124346916,1.0
1b340ded-5f04-4f7f-b8ca-d0887b292332,frontierscience,deepseek/deepseek-v3.2_reasoning-auto_s3,biology,,deepseek/deepseek-v3.2,0,is_correct,False,,0.35,True,,,,22,2.723900145784713,-2.426408342393413,-5.150308488178126,2.723192237004407,8.091667198333555,-3.9363182781794746,4.155348920154081,-0.11151095400220123,0.7747735364128988,-0.787776596989724,-0.6762656429875228,65.06887846328256,0.07915164068924858,11.0,9.0,0.42105263157894735,0.8421052631578947,1.5099099357860615,6.5817572625474945,7.0698722242501155,6.412153477854549,0.05555555555555555,0.9444444444444444,5.978706624737878,1.239494089490599,1.243685164743772,0.55,0.45,15,2.2800593455995197,2.198649282551924,-0.08141006304759557,2.227959389406676,7.032991265035967,-3.7005327693903283,3.332458495645639,0.28553163621389677,-0.183122928130583,-0.07146715864751507,-0.35699879486141184,44.99332713500029,0.0018093808178116864,10.0,10.0,0.5789473684210527,0.631578947368421,5.899182051942253,1.133809213093715,5.463892361711734,7.032991265035967,1.0,0.6111111111111112,3.7504686474066395,1.0237900887601756,1.0093871885252703,0.5,0.5,0.5113660523580182,5.217833740350951,5.136423677303355,-3.146827367248431,37,0.12121212121212122,0.14285714285714285
516da073-8d2a-4db5-a739-c752655ec14c,frontierscience,deepseek/deepseek-v3.2_reasoning-auto_s3,physics,,deepseek/deepseek-v3.2,1,is_correct,True,,,True,,,,19,3.0826991043024905,-0.0854854460169261,-3.168184550319417,2.0155514107384365,8.028168848871061,-4.004697576747682,4.0234712721233805,0.5446909215831143,-0.033527981089430794,-0.5963567639092947,-1.141047685492409,41.751001458220884,0.07588283968445007,12.0,9.0,0.05263157894736842,0.7894736842105263,3.9192121307307555,4.108956718140306,4.168051795851236,5.807681710333523,0.8333333333333334,0.05555555555555555,3.8739365915495036,0.8240352763187072,0.8240352763187063,0.55,0.45,5,4.2088211017366675,-0.5602441076931157,-4.769065209429783,1.7922728636463423,6.849000437376116,-2.6401793356394485,4.2088211017366675,0.38535106809809905,0.13334864523179432,-1.7253268128456147,-2.110677880943714,16.623053868871892,0.2868946492653959,3.0,3.0,0.0,0.7368421052631579,2.079935227946333,4.769065209429783,0.9617647754436809,1.4465096101864363,0.2777777777777778,0.1111111111111111,0.3267636249489393,0.598394374144371,0.9344475183325928,0.35,0.65,0.4795409936036481,4.773847541357242,0.004782331927458472,-2.9342157227124446,24,0.21052631578947367,0.4
7c94f50a-0896-450f-8d55-00c98aca5158,frontierscience,deepseek/deepseek-v3.2_reasoning-auto_s3,chemistry,,deepseek/deepseek-v3.2,0,is_correct,False,,0.27999999999999997,True,,,,5,1.6982217154322492,1.6109360825829335,-0.08728563284931568,0.988621318938666,2.945288478251498,-1.2470667628192489,1.6982217154322492,-0.0267106773000289,-1.0815102694110479,0.2769549384389631,0.30366561573899203,5.80329132365368,0.015040711896290212,1.0,2.0,0.0,0.2631578947368421,2.8580028454021824,0.08728563284931568,0.5421927191365611,0.6219115689314492,0.9444444444444444,0.05555555555555555,0.06567122336970171,0.32175802649207597,0.6265488763092637,0.3,0.7,26,2.495664700515186,2.849090517846066,0.35342581733087997,2.393545814002558,7.990766329982675,-4.393425347599405,3.5973409823832703,-0.020091044995966083,-1.0398522259275766,1.3860217042674459,1.406112749263412,63.10419247820611,0.005600670945166446,13.0,12.0,0.8421052631578947,0.3684210526315789,7.242515865445471,0.7482504645372043,5.4342339106031625,6.287355072165467,0.3888888888888889,0.1111111111111111,5.988279811996006,1.0578277497803041,1.0130013833233105,0.55,0.45,-1.161208556910579,-0.27647993897832635,0.07694587835255362,8.920207431075951,31,0.4,0.13230769230769232
fbec81f3-a103-43e1-b4a8-bb2487cc24e8,frontierscience,deepseek/deepseek-v3.2_reasoning-auto_s3,chemistry,,deepseek/deepseek-v3.2,0,is_correct,False,,,False,,,,41,2.605451181380548,-0.3157218930881461,-2.921173074468694,2.333927550999816,8.5829883437782,-5.6943521729271405,2.888636170851061,0.6375630739887131,-1.5281808451098886,0.5201408112454191,-0.11742226274329404,61.13093128122955,0.04778551566685603,14.0,15.0,0.7894736842105263,0.5263157894736842,5.378630279838994,3.204358063939207,5.705700935347747,7.181497726731291,0.4444444444444444,0.5,5.730946558336985,0.8766317649270933,1.032305741445879,0.55,0.45,0,,,,,,,,,,,,,,,,,,,,,,,,,,,,,,,,,41,0.07317073170731707,
1875e781-bd89-4528-8bc3-94b7b436402f,frontierscience,deepseek/deepseek-v3.2_reasoning-auto_s3,chemistry,,deepseek/deepseek-v3.2,0,is_correct,False,,0.65,True,,,,56,2.861779816976813,2.7905489157829773,-0.0712309011938359,1.798466079070045,6.148225944501062,-2.316984594002277,3.8312413504987854,1.0894491774137987,0.3613125020313986,2.3721342976536546,1.282685120239856,31.430278624491784,0.002266314659340303,10.0,8.0,0.9473684210526315,0.5263157894736842,5.107533509785254,1.0406924347158082,4.160188938946911,3.456558236268924,0.6111111111111112,0.3333333333333333,2.5847199036770174,1.4964085510149165,0.27700167391300107,0.75,0.25,12,2.1576476201354273,2.0947208452713353,-0.06292677486409204,1.4256121461648485,4.803903326959041,-2.6462557068236143,2.1576476201354273,-0.017034203078897074,0.17193611931120995,-0.3229010624018806,-0.3058668593229835,25.475917936124276,0.0024700493627695078,7.0,8.0,0.0,0.8947368421052632,4.740976552094949,0.06292677486409204,2.9537814268628706,2.753437740289307,1.0,0.5,1.5300792946961148,0.6112982510125382,0.6539528990517929,0.5,0.5,0.644338570549398,0.011437274901847871,-0.05148949996224417,-5.938776138468068,68,0.04350649350649351,0.16666666666666666
7e32b7a6-9340-4a41-8c1f-89a0a91a6d3f,frontierscience,deepseek/deepseek-v3.2_reasoning-auto_s3,biology,,deepseek/deepseek-v3.2,0,is_correct,False,,0.375,True,,,,54,0.11200829131590273,2.2128832422606455,2.1008749509447426,1.8941573424257723,5.949011746640464,-3.3157168623565667,2.633294884283897,0.7518750467076091,0.8999203752845114,-1.377556998794654,-2.1294320455022633,35.35682271871268,0.05941922348788569,11.0,8.0,0.2631578947368421,0.7894736842105263,5.528600104617212,0.42041164202325154,4.912345626992799,4.982426660033502,0.05555555555555555,0.7222222222222222,3.199278439898098,0.8611713909991113,0.6963100929402656,0.6,0.4,39,-4.797619354969711,-2.9082875759819684,1.8893317789877422,2.869122822941944,11.631405035892012,-4.797619354969711,6.833785680922301,-0.7146827735788979,0.8638217858954669,1.309122883118309,2.023805656697207,60.63379681850059,0.031159714187835075,13.0,8.0,0.9473684210526315,0.0,1.8893317789877422,9.74207325690427,7.246946753256491,9.74207325690427,0.0,1.0,4.823125480835393,1.3625266232706603,0.9175911040243685,0.4,0.6,0.23222896032965984,-6.778273636900696,-4.888941857912954,2.0157637092051814,93,0.045422781271837874,0.05128205128205128
ee749fc0-8faa-45f7-881b-b5703b1a4b01,frontierscience,deepseek/deepseek-v3.2_reasoning-auto_s3,chemistry,,deepseek/deepseek-v3.2,1,is_correct,True,,,True,,,,59,-2.4784017132567167,0.009878174150165942,2.4882798874068826,2.684803120760193,9.283567536056868,-4.210950137817572,5.072617398239295,0.7145633495688694,0.7442882375503829,-0.8395772098496495,-1.554140559418519,72.77914931484504,0.034189461004037025,13.0,13.0,0.6842105263157895,0.8947368421052632,4.220828311967738,5.062739224089129,6.949066884045491,6.146129447712498,0.9444444444444444,0.7222222222222222,6.899989552168353,1.3183307411419896,1.0596058486051463,0.55,0.45,2,2.539900560782046,-2.539900560782046,-5.079801121564092,1.5416611684978105,5.079801121564092,-2.539900560782046,2.539900560782046,1.7378266994824525,-0.13367897688326552,-1.8715056763657179,-3.6093323758481706,5.079801121564092,1.0,0.0,1.0,0.0,1.0,0.0,5.079801121564092,-0.26735795376653027,0.26735795376653204,0.8888888888888888,0.9444444444444444,2.9605947323337506e-16,0.6683948844163279,0.6683948844163279,0.5,0.5,-0.09074531680542726,2.4392770698264528,-2.640524051737639,-5.238344336988252,61,0.04558737580362361,1.0
4c2bdcf2-82c0-4190-b2fc-9696d2ef499a,frontierscience,deepseek/deepseek-v3.2_reasoning-auto_s3,biology,,deepseek/deepseek-v3.2,0,is_correct,False,,0.0,False,,,,17,2.5663954588871865,-0.08591436488352437,-2.652309823770711,2.5011192311430714,8.702556637663115,-4.869118640284387,3.833437997378728,1.3417682917950084,-0.5145882955617339,-0.9857424786241912,-2.3275107704191997,55.307939781124844,0.0479553177042381,11.0,7.0,0.5789473684210527,0.6842105263157895,4.783204275400863,3.9193523622622526,3.7534704179639076,6.266820568653504,0.05555555555555555,0.0,3.903007533474541,1.029620224153249,1.0358299690588606,0.5,0.5,0,,,,,,,,,,,,,,,,,,,,,,,,,,,,,,,,,17,0.2647058823529412,
ae667a28-9659-4f33-a51e-7a19f133e111,frontierscience,deepseek/deepseek-v3.2_reasoning-auto_s3,physics,,deepseek/deepseek-v3.2,1,is_correct,True,,,True,,,,46,2.533679790504886,-4.658509484003966,-7.192189274508852,2.5863404275468347,9.321487764620077,-4.664796932807159,4.656690831812917,1.2883688538782017,-0.05106898631755171,-1.1732030179810182,-2.4615718718592197,59.008306144873735,0.12188435398994525,10.0,11.0,0.8421052631578947,0.5789473684210527,0.006287448803192319,9.315200315816885,7.237873647433248,6.627660129907491,0.8333333333333334,0.8888888888888888,4.891342780913812,1.1266996658142918,1.0456056175623698,0.45,0.55,6,4.686580323219416,-0.015791937335668155,-4.702372260555084,2.4208789790215546,8.87936432592538,-4.192784002705964,4.686580323219416,-0.17335003377779198,-0.3894721315571615,-0.40864166704761834,-0.23529163326982636,28.12514128448653,0.1671946182595304,3.0,3.0,0.0,0.21052631578947367,4.176992065370296,4.702372260555084,2.4732148798995945,2.466844026817183,0.2222222222222222,0.0,0.7996969839114085,0.7983731225820074,1.1179533805635267,0.3,0.7,0.007834635495924676,9.352924442719306,4.650552182164223,-2.7190643994142185,52,0.06086956521739131,0.3333333333333333
469cc7c7-ae71-4ea2-bc13-3af3770fd8da,frontierscience,deepseek/deepseek-v3.2_reasoning-auto_s3,chemistry,,deepseek/deepseek-v3.2,1,is_correct,True,,,True,,,,48,2.8435715254029796,-4.952001134555579,-7.795572659958559,2.7954237145901373,9.804492658904023,-4.952001134555579,4.852491524348443,1.4495772823227138,-1.2874466549065997,0.12578329783739095,-1.3237939844853228,60.63665323588566,0.12856205354264216,12.0,9.0,0.9473684210526315,1.0,0.0,9.804492658904023,7.34167262668484,9.804492658904023,0.9444444444444444,1.0,5.220143355719931,1.3102442292318448,1.2157635202849875,0.5,0.5,1,0.0,0.0,0.0,0.0,0.0,0.0,0.0,0.0,0.0,0.0,0.0,0.0,0.0,0.0,0.0,0.0,0.0,0.0,0.0,0.0,0.0,0.0,0.0,0.0,0.0,0.0,0.0,0.0,2.559137020452458,7.511138155008037,7.511138155008037,-10.554153646701316,49,0.05939716312056738,
8f121749-9809-45f1-bcb8-7118ccb5d4cc,frontierscience,deepseek/deepseek-v3.2_reasoning-auto_s3,chemistry,,deepseek/deepseek-v3.2,1,is_correct,True,,,True,,,,36,-2.645728064465786,4.9835506065209785,7.629278670986764,2.6120297930407106,11.050060469708232,-4.159870255206634,6.890190214501598,-1.1319554396629496,0.5607568611473391,0.9160084798072591,2.0479639194702086,50.9393039396859,0.14977194584402104,14.0,9.0,0.6842105263157895,0.2631578947368421,9.143420861727613,1.9066396079806198,6.753795846977174,7.98054277441179,0.6666666666666666,0.7222222222222222,4.8558217055120485,0.9817794813260564,0.9068964398643423,0.5,0.5,2,2.659483894609444,-2.659483894609444,-5.318967789218888,1.614245499163278,5.318967789218888,-2.659483894609444,2.659483894609444,1.8196468752590935,-0.1399728365583916,-1.959619711817485,-3.7792665870765783,5.318967789218888,1.0,0.0,1.0,0.0,1.0,0.0,5.318967789218888,-0.2799456731167833,0.2799456731167842,0.05555555555555555,0.7777777777777778,2.9605947323337506e-16,0.6998641827919589,0.6998641827919588,0.5,0.5,0.02247401173720191,-2.301592700174332,-7.62056048939322,-8.284944377837892,38,0.0873015873015873,1.0
60ff38cc-fb55-4c3c-b75c-f59dde5de0c3,frontierscience,deepseek/deepseek-v3.2_reasoning-auto_s3,physics,,deepseek/deepseek-v3.2,0,is_correct,False,,0.35,True,,,,60,0.19953748148849418,0.008453724284293605,-0.19108375720420057,2.1628422936661718,7.062600414954389,-2.565755231697162,4.496845183257227,-0.10606063187968548,1.1955716264601735,-0.1518078186667016,-0.045747186787016114,43.36932731885847,0.004405965437262173,12.0,8.0,0.5263157894736842,0.7368421052631579,2.574208955981456,4.4883914589729335,3.9366954879243283,6.649307010613105,0.0,0.05555555555555555,4.026208143357279,1.0263262567984603,0.6905397542953002,0.55,0.45,25,2.46134320326748,-0.10126715601731334,-2.5626103592847933,2.9921123484018155,10.9938399682259,-5.014470009614264,5.9793699586116364,0.69730688432466,-0.2743206225435855,-0.6229012677303903,-1.3202081520550504,66.9389991439412,0.03828277076229247,13.0,9.0,0.05263157894736842,0.7894736842105263,4.9132028535969505,6.08063711462895,6.636864407216107,7.162908057716588,0.5555555555555556,0.6111111111111112,6.186563750570317,1.224142624069376,1.262967812765117,0.45,0.55,0.17822859602301652,2.631118075006203,0.06850771572140957,3.3516835013832598,85,0.03389830508474576,0.09666666666666666
9557097c-9285-46d9-b1fc-51a256d87913,frontierscience,deepseek/deepseek-v3.2_reasoning-auto_s3,physics,,deepseek/deepseek-v3.2,0,is_correct,False,,0.25,True,,,,7,3.1967801918062095,0.43043356566828195,-2.7663466261379277,2.2923978625529933,8.284345468425643,-4.256292618610337,4.028052849815306,1.146053214915694,-0.45679002279653425,-1.4404936815906852,-2.586546896506379,27.880414002078062,0.09922186327404386,3.0,4.0,0.6842105263157895,0.8421052631578947,4.686726184278619,3.597619284147024,3.0324750466216956,3.015783227763537,0.5555555555555556,0.7222222222222222,0.9573188104269238,0.8252396218300282,1.016145609065528,0.55,0.45,57,5.2073222419019904,2.5852629964278715,-2.622059245474119,2.443741207399886,10.102566793698667,-4.895244551796677,5.2073222419019904,1.5147965248749355,-0.7055714703446861,1.028419021226678,-0.4863775036482576,52.5767463185085,0.049871082352448276,13.0,8.0,0.0,0.05263157894736842,7.480507548224548,2.622059245474119,8.824597542492098,10.102566793698667,0.05555555555555555,0.0,4.708005465671381,1.3606155577330772,0.7688610822794866,0.55,0.45,0.4610729426601681,5.237961618893877,2.6159023734197575,0.7553849360393627,64,0.2857142857142857,0.046365914786967416
19962a30-eaf9-4b7e-86c7-17c02cdb01bd,frontierscience,deepseek/deepseek-v3.2_reasoning-auto_s3,physics,,deepseek/deepseek-v3.2,1,is_correct,True,,,True,,,,63,-2.403359836794531,-4.69003336945311,-2.2866735326585785,2.311625204040738,9.11531062521085,-4.69003336945311,4.425277255757741,-0.6132535006963836,-0.7937834977783762,0.9236536395804119,1.5369071402767955,56.346500112177125,0.04058235255261936,13.0,12.0,0.8947368421052632,1.0,0.0,9.11531062521085,6.2392965989017455,5.6935453242458465,0.4444444444444444,1.0,4.789599833344685,0.8592198294413711,1.0745866870334138,0.45,0.55,3,5.484387010337315,0.8492215824506673,-4.635165427886648,3.1983709100833453,11.439951909691684,-5.9555648993543695,5.484387010337315,1.7523883988240634,-4.6697947339011705,-1.040996884717399,-2.793385283541462,18.244738391496725,0.25405491317140216,1.0,2.0,0.0,0.5263157894736842,6.804786481805037,4.635165427886648,0.7560873868672271,1.243999537171085,0.5555555555555556,0.3888888888888889,0.11111594022435137,0.7962147729004921,2.129606055592699,0.35,0.65,1.802578087160869,11.976998466951294,7.341833039064646,-0.8170214086513816,66,0.041474654377880185,0.6666666666666666
3d762ba1-3958-453b-b34e-fe24c2822994,frontierscience,deepseek/deepseek-v3.2_reasoning-auto_s3,chemistry,,deepseek/deepseek-v3.2,1,is_correct,True,,,True,,,,54,2.7336038992045837,4.859766517568196,2.126162618363612,3.0516216661509006,9.618301781870283,-4.758535264302088,4.859766517568196,0.31304799999185323,0.5689031983423006,-1.7359617011357393,-2.0490097011275927,55.50585458137982,0.03830519563024369,11.0,6.0,1.0,0.8421052631578947,9.618301781870283,0.0,4.090868300104592,7.140221334184432,0.4444444444444444,0.16666666666666666,4.085626481177628,1.1544494783856887,1.3665550693094566,0.45,0.55,2,-3.647156590797497,3.647156590797497,7.294313181594994,2.2137400882072775,7.294313181594994,-3.647156590797497,3.647156590797497,-2.4954229305456557,0.19195561004197328,2.6873785405876287,5.182801471133285,7.294313181594994,1.0,0.0,1.0,1.0,0.0,7.294313181594994,0.0,0.38391122008394785,0.0,0.7777777777777778,0.8333333333333334,3.4540271877227093e-16,0.9597780502098674,0.9597780502098677,0.5,0.5,-1.1564166258617816,-9.663339734227474,-2.36902655263248,-4.003411926700881,56,0.05101327742837177,1.0
d1cec1fb-13bb-475a-b2f1-956db5ef3b77,frontierscience,deepseek/deepseek-v3.2_reasoning-auto_s3,physics,,deepseek/deepseek-v3.2,1,is_correct,True,,,True,,,,52,2.5486196124925096,-4.878081963723154,-7.426701576215663,2.4086058109826145,8.06701409598505,-4.878081963723154,3.188932132261896,0.9364929935296543,-0.1866732526996777,-1.8277215024338158,-2.7642144959634702,53.75097435126453,0.13816868746754066,13.0,11.0,0.631578947368421,1.0,0.0,8.06701409598505,5.105487403816468,6.712813641234037,0.4444444444444444,1.0,4.901602798205544,0.9244861889011065,1.2103657303407593,0.5,0.5,2,1.1058688216721446,-1.1058688216721446,-2.2117376433442892,0.6712369161804653,2.2117376433442892,-1.1058688216721446,1.1058688216721446,0.75664708851252,-0.058203622193270674,-0.8148507107057906,-1.5714977992183106,2.2117376433442892,1.0,0.0,1.0,0.0,1.0,0.0,2.2117376433442892,-0.11640724438654138,0.11640724438654182,0.6111111111111112,1.0,1.0485439677015367e-16,0.2910181109663539,0.29101811096635377,0.5,0.5,1.2591118909202406,7.243062676315539,5.0313250329712496,-7.717465412723303,54,0.053544494720965306,1.0
f398c3ad-6cff-45b1-a21d-5ce963db75aa,frontierscience,deepseek/deepseek-v3.2_reasoning-auto_s3,physics,,deepseek/deepseek-v3.2,1,is_correct,True,,,True,,,,35,2.82830607852253,0.2684855701836636,-2.5598205083388663,2.202092861004178,8.936949648611765,-4.879229355690523,4.0577202929212435,0.7181099672246791,0.06489821401512606,-0.11252989526405072,-0.8306398624887299,56.43825047246099,0.04535612792582805,16.0,12.0,0.05263157894736842,0.21052631578947367,5.147714925874187,3.78923472273758,6.281859089357216,5.169960793419339,0.8888888888888888,0.3333333333333333,5.685399329278693,0.9809507009419594,0.7406568060872427,0.5,0.5,3,1.701782496469891,-0.91393940938647,-2.615721905856361,0.8705448804650583,2.615721905856361,-0.91393940938647,1.701782496469891,0.9155849437688451,-0.6345416653155188,-0.8807561666751412,-1.7963411104439864,2.615721905856361,1.0,0.0,1.0,0.0,1.0,0.0,2.615721905856361,-0.013273297084531399,0.26206585090034884,0.5555555555555556,0.1111111111111111,0.013821808545323265,0.32045473031909577,0.48631643286297405,0.35,0.65,0.9051601768762305,2.338457103162458,-0.2772648026939031,-10.099125999164691,38,0.08907563025210084,0.6666666666666666
6681ea07-9b3a-4a71-9b31-a88212189f27,frontierscience,deepseek/deepseek-v3.2_reasoning-auto_s3,chemistry,,deepseek/deepseek-v3.2,1,is_correct,True,,,True,,,,64,0.09230074255910853,2.420771413860661,2.3284706713015524,2.3408885917520266,8.090851347209927,-4.6706285525564635,3.4202227946534647,-1.0440385463588377,0.34209084200632306,-0.4915691644795475,0.5524693818792903,59.456630358138376,0.03916250647364231,12.0,10.0,0.05263157894736842,0.15789473684210525,7.091399966417125,0.9994513807928036,6.456671614123214,4.981286995866081,0.8888888888888888,0.05555555555555555,5.226389258598973,0.7731137407650017,1.1662661866322463,0.6,0.4,2,2.5954100673798948,-2.5954100673798948,-5.1908201347597895,1.5753541610998623,5.1908201347597895,-2.5954100673798948,2.5954100673798948,1.7758068882072966,-0.13660052986209953,-1.912407418069396,-3.6882143062766923,5.1908201347597895,1.0,0.0,1.0,0.0,1.0,0.0,5.1908201347597895,-0.27320105972419917,0.27320105972420006,0.05555555555555555,0.7777777777777778,2.9605947323337506e-16,0.6830026493104986,0.6830026493104985,0.5,0.5,-0.0768959319891091,0.09774272153012475,-5.093077413229665,-5.151274151267412,66,0.04117063492063492,1.0
b93b8a19-eaca-4495-946f-ba4b73e481c8,frontierscience,deepseek/deepseek-v3.2_reasoning-auto_s3,biology,,deepseek/deepseek-v3.2,0,is_correct,False,,0.27999999999999997,True,,,,27,0.030031222543562608,-3.8327890474795447,-3.862820270023107,2.1150873159612025,7.974336140823094,-4.133544402181393,3.840791738641701,-0.1583354309758525,0.20643582717382816,-0.8001600730267012,-0.6418246420508487,56.484184156673116,0.06838764386343267,13.0,11.0,0.21052631578947367,0.5789473684210527,0.300755354701848,7.673580786121246,5.757573601944129,7.028683716690757,0.6111111111111112,0.2222222222222222,5.190061513332537,0.7338327995287857,0.9570456827675047,0.45,0.55,44,-0.29924851415693166,-2.7301937403648777,-2.430945226207946,2.2208867777379395,7.419659455377695,-2.7301937403648777,4.689465715012817,0.3743813176473992,-0.24579885793871808,-0.9021276721752297,-1.276508989822629,60.99203746895465,0.039856763720105486,12.0,12.0,0.21052631578947367,1.0,0.0,7.419659455377695,6.9011355756933135,6.528810860093461,0.16666666666666666,0.2222222222222222,5.65251320859514,0.8502895847070444,1.075924025461575,0.4,0.6,0.24293402948688425,3.776474562809497,1.345529336601551,0.6827555347679244,71,0.07407407407407407,0.06025369978858351
783fc5fc-cf8a-44be-9c48-3b8f86e96720,frontierscience,deepseek/deepseek-v3.2_reasoning-auto_s3,chemistry,,deepseek/deepseek-v3.2,0,is_correct,False,,0.1,True,,,,52,2.6948459660720627,-0.21234427461036604,-2.9071902406824286,1.8465732046054064,7.452091929540265,-3.9166743535736663,3.535417575966598,-0.2577560921174308,-0.7079641254543472,0.8039447212231967,1.0617008133406274,38.04199822541182,0.07642054508957008,12.0,7.0,0.9473684210526315,0.3684210526315789,3.7043300789633005,3.7477618505769636,3.1457810284750347,4.311457089039605,0.8888888888888888,0.8333333333333334,3.188557394886784,0.710886312454375,0.8077049722375381,0.55,0.45,42,2.5675812990893028,2.559137469643575,-0.008443829445727857,2.0081238021215286,8.2696765108174,-4.377579520588394,3.892096990229006,0.1983867688215921,0.056535156342125796,1.7736262351558183,1.5752394663342262,44.73365599119523,0.0001887578660548073,12.0,12.0,0.42105263157894735,0.05263157894736842,6.936716990231968,1.332959520585431,6.032041643497205,6.945160819677696,0.3888888888888889,0.0,4.0123444014108705,1.113800918487343,0.4924903741332963,0.5,0.5,-0.12636477315307568,2.653560800546593,2.6451169711008653,-0.03103460836640437,94,0.038461538461538464,0.06155632984901278
2d0a5720-a17d-4886-877d-ee910ea9626a,frontierscience,deepseek/deepseek-v3.2_reasoning-auto_s3,chemistry,,deepseek/deepseek-v3.2,0,is_correct,False,,0.075,True,,,,229,0.03587129746719492,-4.74166435811398,-4.777535655581175,3.1159044499424753,9.878955131970024,-4.945360538033946,4.9335945939360775,-0.5986805378542625,1.1197499616569162,-1.6033513054191262,-1.0046707675648636,59.08671284562101,0.08085634528466148,10.0,7.0,0.3157894736842105,0.15789473684210525,0.20369617991996591,9.675258952050058,7.351057419524231,9.754018353512919,0.05555555555555555,0.1111111111111111,4.7114027863313686,1.145139323513475,1.4437704168082839,0.45,0.55,12,4.7028715752593415,2.467965341598572,-2.2349062336607695,2.1519157738841193,8.502038494570156,-3.7991669193108146,4.7028715752593415,0.8556724466826161,-1.0620522641760006,-0.06337451899096551,-0.9190469656735816,35.25274286057237,0.063396662282422,7.0,6.0,0.0,0.15789473684210525,6.267132260909387,2.2349062336607695,5.6735188948256035,2.837000543069638,0.2222222222222222,0.0,2.2373584119022683,0.8378635921861031,0.9291088840060773,0.4,0.6,0.22077613048856454,9.665312063861887,7.430405830201117,-4.6857638188351025,241,0.00949973186240711,0.16666666666666666
b188cad8-92b9-4c72-98a2-b78e04b764f1,frontierscience,deepseek/deepseek-v3.2_reasoning-auto_s3,chemistry,,deepseek/deepseek-v3.2,1,is_correct,True,,,True,,,,46,2.8576221345699646,-2.373548628480681,-5.231170763050645,2.2330716784227786,6.968591954087309,-4.110969819517344,2.8576221345699646,0.7100237987955244,-0.7551176696034475,-0.6134336812267387,-1.3234574800222632,54.93285864529735,0.09522844599856758,14.0,11.0,0.0,0.5789473684210527,1.7374211910366628,5.231170763050645,5.126149168907395,6.181048271138277,0.16666666666666666,0.8888888888888888,5.164119866085611,0.865375675200849,1.0651886343516437,0.5,0.5,4,3.7821063803354944,-1.2517431447464107,-5.033849525081905,1.5707172393225795,5.082441370955701,-1.3003349906202062,3.7821063803354944,1.3701937259469206,-1.2590542841594043,-1.2394711187473144,-2.609664844694235,5.189938941625157,0.9699246140852719,2.0,1.0,0.0,0.3684210526315789,0.0485918458737955,5.033849525081905,0.01406134913026591,0.8039708847961915,0.5,0.1111111111111111,0.04650013296979797,0.543541152685778,0.8764836836843415,0.25,0.75,1.3216084046217529,7.477263413437928,2.443413888356023,-7.954181570803854,50,0.06183574879227053,0.5
cc251e69-6a32-4ed7-9315-beee80404866,frontierscience,deepseek/deepseek-v3.2_reasoning-auto_s3,chemistry,,deepseek/deepseek-v3.2,1,is_correct,True,,,True,,,,115,2.701871435873539,-0.10763505720153732,-2.8095064930750766,2.729675214548224,9.455704268831667,-4.790993085704776,4.664711183126891,0.7675552074236134,-0.441358893421036,-0.20434886286707163,-0.971904070290685,70.71123733701535,0.039732107637782475,11.0,11.0,0.3157894736842105,0.21052631578947367,4.683358028503239,4.772346240328428,7.232931492696437,7.238447786868662,0.8888888888888888,0.9444444444444444,6.350472711072354,1.208428343009159,1.1555642919683784,0.45,0.55,2,-2.4180861243433256,2.4180861243433256,4.836172248686651,1.4677226099102267,4.836172248686651,-2.4180861243433256,2.4180861243433256,-1.6544799798138545,0.12726769075491168,1.781747670568766,3.4362276503826203,4.836172248686651,1.0,0.0,1.0,1.0,0.0,4.836172248686651,0.0,0.25453538150982435,0.0,0.7777777777777778,0.05555555555555555,2.9605947323337506e-16,0.6363384537745592,0.6363384537745593,0.5,0.5,0.25292580669222586,-2.0575252604495624,2.7786469882370888,-5.4506842344883495,117,0.020289855072463767,1.0
163a8ed3-8fc0-492f-bd91-37ef359bec8a,frontierscience,deepseek/deepseek-v3.2_reasoning-auto_s3,biology,,deepseek/deepseek-v3.2,0,is_correct,False,,0.3,True,,,,65,-3.247226285639504e-05,-4.909959557458625,-4.909927085195768,2.283053752984887,9.393366808127961,-4.909959557458625,4.483407250669336,1.0826876471130125,-0.22001800342172753,-1.8064498087575334,-2.8891374558705456,46.69139674213192,0.10515699738674346,10.0,8.0,0.15789473684210525,1.0,0.0,9.393366808127961,5.625768453407024,5.247758690609092,0.1111111111111111,1.0,3.9829192969917337,0.7532664815097988,0.9932670488451091,0.45,0.55,25,2.477663228720705,2.6864922074540205,0.2088289787333153,2.3081816769306034,9.140732587164862,-4.603793739057581,4.536938848107282,0.9299251426686033,-0.845508918649638,0.30652135372187167,-0.6234037889467317,55.489339423754096,0.0037634071859921794,13.0,10.0,0.7894736842105263,0.5789473684210527,7.2902859465116014,1.8504466406532618,7.125621107057545,7.0000174970886135,0.16666666666666666,0.8333333333333334,5.611629188048521,0.9844415419464883,0.8629394574232887,0.5,0.5,-0.031019052633732423,7.356603733545597,7.565432712278913,-0.06403665964475991,90,0.035096153846153846,0.08
953ba4b1-94ae-42ac-9621-408386bc382b,frontierscience,deepseek/deepseek-v3.2_reasoning-auto_s3,physics,,deepseek/deepseek-v3.2,0,is_correct,False,,,False,,,,86,-2.5376778483789337,-0.1318349514976804,2.4058428968812535,2.2789229197504564,8.327017066467771,-4.140451920561622,4.186565145906149,-0.48073186362560966,-0.08910737119938375,0.6275837378347318,1.1083156014603415,49.615797046131235,0.048489453764984876,9.0,8.0,0.10526315789473684,0.3157894736842105,4.008616969063942,4.3184000974038295,5.03134477723164,5.772456371117212,0.4444444444444444,0.7777777777777778,4.049192462285202,0.9334106657362126,0.9445792765745409,0.45,0.55,0,,,,,,,,,,,,,,,,,,,,,,,,,,,,,,,,,86,0.028727770177838577,
2c46387b-36e6-43cb-9e73-dbf1341bfafd,frontierscience,deepseek/deepseek-v3.2_reasoning-auto_s3,physics,,deepseek/deepseek-v3.2,0,is_correct,False,,,True,,,,98,2.816765796706588,0.025641230819165934,-2.791124565887422,2.3507956040940146,8.59563619013392,-3.941069379560054,4.654566810573865,-0.30581655634089494,0.9977280631255161,-0.7237589080187332,-0.4179423516778383,58.60419960232134,0.0476266988514056,15.0,10.0,0.5263157894736842,0.3157894736842105,3.96671061037922,4.628925579754699,6.873842156986854,6.946212701439533,0.3333333333333333,0.05555555555555555,6.161317164033449,0.9642305005352074,0.9391891455662101,0.5,0.5,3,4.161541434210608,-0.9799466851304336,-5.141488119341041,2.12527293661668,7.22725996939869,-3.0657185351880827,4.161541434210608,1.8426563236977296,-2.4198308793597763,-1.559327754590892,-3.4019840782886215,9.31303181945634,0.5520745788283135,1.0,1.0,0.0,0.5263157894736842,2.085771850057649,5.141488119341041,0.2317524277841838,0.772961703504293,0.5555555555555556,0.1111111111111111,0.05581745173824901,0.6687411526349627,1.3385505734939465,0.3,0.7,0.8983530417662444,5.034253245157686,-0.10723487418335509,-4.593801272845667,101,0.02461603197980223,0.6666666666666666
09d32726-331e-4c45-98f4-b01a913bb623,frontierscience,deepseek/deepseek-v3.2_reasoning-auto_s3,chemistry,,deepseek/deepseek-v3.2,0,is_correct,False,,0.22000000000000003,False,,,,104,0.12433391221598537,-2.5274593185164163,-2.6517932307324017,2.518058495781949,9.448571615751604,-4.926082219221022,4.522489396530582,0.18860709502124612,0.21212150968562019,-0.45010405977334655,-0.6387111547945927,56.25439246704224,0.04713930973987512,12.0,11.0,0.3684210526315789,0.631578947368421,2.3986229007046056,7.049948715046998,6.927910835854896,6.811461882582121,0.8333333333333334,0.3888888888888889,5.341817636411474,1.0005766946667227,0.9953529009513234,0.45,0.55,0,,,,,,,,,,,,,,,,,,,,,,,,,,,,,,,,,104,0.022964899178491413,
f44b0903-1c29-44a5-9f9b-b6ccdd164e1c,frontierscience,deepseek/deepseek-v3.2_reasoning-auto_s3,chemistry,,deepseek/deepseek-v3.2,0,is_correct,False,,,False,,,,124,-2.5212285847900517,2.509659786414492,5.030888371204544,2.08605464798613,6.577861447024331,-4.030707884694943,2.5471535623293886,0.6468442602635889,-1.156109305115415,-0.5153050092963424,-1.1621492695599311,49.44155331826903,0.10175425393331225,12.0,9.0,0.05263157894736842,0.5789473684210527,6.5403676711094345,0.037493775914896776,5.513008155406288,4.165811447377246,0.8333333333333334,0.5555555555555556,4.353889280439061,0.7060118308119654,1.0388460992990072,0.5,0.5,0,,,,,,,,,,,,,,,,,,,,,,,,,,,,,,,,,124,0.01875163912929452,
4f1cf869-3ea3-400c-8fa3-e4d3f6fe1cdf,frontierscience,deepseek/deepseek-v3.2_reasoning-auto_s3,physics,,deepseek/deepseek-v3.2,1,is_correct,True,,,True,,,,59,2.63596359645968,-2.2255678616978276,-4.861531458157508,2.938025379183674,10.312126159796598,-5.535301805554149,4.77682435424245,0.44548670967670656,-0.22794385993189323,0.18269664934186203,-0.26279006033484453,54.8589630435684,0.08861872679395219,11.0,7.0,0.05263157894736842,0.3157894736842105,3.3097339438563216,7.002392215940278,4.720805430695856,8.71406746894955,0.9444444444444444,0.05555555555555555,4.753506339270737,1.2972816843264767,1.1663326921132335,0.45,0.55,2,3.7118324667297635,-3.7118324667297635,-7.423664933459527,2.2529968559732785,7.423664933459527,-3.7118324667297635,3.7118324667297635,2.5396748456572062,-0.19535960351209258,-2.7350344491692993,-5.274709294826506,7.423664933459527,1.0,0.0,1.0,0.0,1.0,0.0,7.423664933459527,-0.39071920702418517,0.39071920702418605,0.6111111111111112,0.5555555555555556,2.220446049250313e-16,0.9767980175604641,0.976798017560464,0.5,0.5,1.1922232781333388,7.12962360656093,-0.2940413268985971,-4.7194424513204964,61,0.04558737580362361,1.0
bdb3fc5f-9374-4e37-9af9-6036e3e29093,frontierscience,deepseek/deepseek-v3.2_reasoning-auto_s3,physics,,deepseek/deepseek-v3.2,0,is_correct,False,,,True,,,,63,0.12603454828915833,0.32728435161193264,0.2012498033227743,2.0166481410836523,8.420193716464377,-3.7326929503039348,4.687500766160442,-0.006575939866762732,0.002244531964958282,0.11183075282488653,0.11840669269164926,53.83343013344642,0.0037383797172853544,13.0,14.0,0.42105263157894735,0.3684210526315789,4.059977301915867,4.360216414548509,8.420193716464377,7.018639556937038,0.3888888888888889,0.4444444444444444,5.082132089140231,0.8308422830976777,0.7988090500158432,0.5,0.5,3,4.190723680197905,-0.989558045191032,-5.180281725388937,2.1399435356563514,7.275488915740787,-3.0847652355428816,4.190723680197905,1.8564428438174492,-2.434904542721937,-1.5715600425109904,-3.4280028863284393,9.370696106092637,0.5528171724639349,1.0,1.0,0.0,0.5263157894736842,2.0952071903518497,5.180281725388937,0.23280079892798367,0.7780936121268196,0.7777777777777778,0.4444444444444444,0.05616080061415602,0.6736468949642576,1.3475765023341257,0.3,0.7,0.8575009622031717,4.7209402907891445,-0.4593414345997928,-5.610337034955123,66,0.04198668714797747,0.6666666666666666
20daab54-df1b-4006-a544-7198daee7847,frontierscience,deepseek/deepseek-v3.2_reasoning-auto_s3,physics,,deepseek/deepseek-v3.2,1,is_correct,True,,,True,,,,52,-2.7514174375933353,-2.1858933380445076,0.5655240995488278,2.3481817457503196,8.649558683576602,-4.2125305622769815,4.437028121299621,-1.6387684719861397,-0.11999181443291278,1.0138207371082064,2.652589209094346,53.91604393040312,0.010488976162250105,13.0,8.0,0.8421052631578947,0.15789473684210525,2.026637224232474,6.622921459344129,6.520206063777483,3.9484329844669714,0.3333333333333333,0.6666666666666666,4.563658831875552,0.8588125705921742,1.1702324497063805,0.5,0.5,2,3.7123963146545336,-3.7123963146545336,-7.424792629309067,2.2533390986830835,7.424792629309067,-3.7123963146545336,3.7123963146545336,2.540060636342576,-0.19538927971865938,-2.7354499160612353,-5.275510552403811,7.424792629309067,1.0,0.0,1.0,0.0,1.0,0.0,7.424792629309067,-0.39077855943731876,0.39077855943732054,0.6111111111111112,0.7222222222222222,4.194175870806147e-16,0.9769463985932983,0.9769463985932981,0.5,0.5,1.2201420175586508,7.118431670257692,-0.30636095905137495,-2.6669294658208393,54,0.053544494720965306,1.0
3182a1e3-e9ad-4d4b-8ef8-de88a9f811b8,frontierscience,deepseek/deepseek-v3.2_reasoning-auto_s3,physics,,deepseek/deepseek-v3.2,0,is_correct,False,,0.1625,True,,,,184,2.541890244867354,2.5933371316324174,0.05144688676506348,1.815858268226019,7.530768221997116,-2.9742842202331916,4.556484001763924,0.04098745896345833,0.9994126728186826,0.7424898510959607,0.7015023921325023,47.90111481070282,0.0010740227439042485,11.0,12.0,0.42105263157894735,0.10526315789473684,5.5676213518656095,1.963146870131507,5.7100743118635675,6.416621152310155,0.3888888888888889,0.4444444444444444,4.172133424490892,1.064156386855985,0.47726938540344727,0.6,0.4,55,-2.504824657211034,2.605720927043511,5.110545584254545,2.204620770183452,8.045365362899346,-3.5580473644545885,4.487317998444759,-0.039889083459607524,1.307082177862277,0.43080951049566746,0.47069859395527497,58.32390230354607,0.08762351938758779,12.0,9.0,0.6842105263157895,0.2631578947368421,6.1637682914981,1.8815970714012478,5.035064215551108,6.687821308266868,0.5,0.2222222222222222,4.887526928686817,1.2186178456468801,0.6458574094572456,0.7,0.3,0.08759256835671142,-5.01056922048674,0.09997636376780505,-1.6195976377385186,239,0.011938702779757662,0.03636363636363636
62dc1c65-0200-41d8-91fd-aa3c606e46cc,frontierscience,deepseek/deepseek-v3.2_reasoning-auto_s3,physics,,deepseek/deepseek-v3.2,0,is_correct,False,,,True,,,,78,-2.4897219320031376,-4.641925935936284,-2.152204003933146,1.810866489678198,7.76110506858303,-4.641925935936284,3.119179132646746,-0.9969282961246421,-0.35729588694726494,-0.473702051507692,0.52322624461695,37.75722472080189,0.05700111753042631,10.0,10.0,0.8947368421052632,1.0,0.0,7.76110506858303,5.188082336494512,5.020804269994065,0.8888888888888888,1.0,2.989580239391939,0.47173067437170957,1.087819753899185,0.4,0.6,2,3.6575645967919,-3.6575645967919,-7.3151291935838,2.220057508239707,7.3151291935838,-3.6575645967919,3.6575645967919,2.5025441978049847,-0.1925033998311525,-2.6950475976361368,-5.197591795441122,7.3151291935838,1.0,0.0,1.0,0.0,1.0,0.0,7.3151291935838,-0.3850067996623041,0.3850067996623059,0.6666666666666666,0.5555555555555556,5.181040781584064e-16,0.9625169991557634,0.962516999155763,0.5,0.5,1.1540547788958493,9.453545311624033,2.138416118040233,-3.0370594710431362,80,0.032301032301032304,1.0
f4681d73-b08d-450c-89d3-85b9d1250419,frontierscience,deepseek/deepseek-v3.2_reasoning-auto_s3,physics,,deepseek/deepseek-v3.2,0,is_correct,False,,,False,,,,11,0.7753543536928675,-4.674215762779867,-5.449570116472735,3.5253774919923555,13.282537996547067,-4.674215762779867,8.6083222337672,2.3337913590569466,0.08356225065213925,-2.54664156858432,-4.880432927641266,41.222320645893426,0.13219949850192683,5.0,5.0,0.10526315789473684,1.0,0.0,13.282537996547067,4.432956094768086,5.896486999850302,0.0,0.1111111111111111,2.284929553564142,1.433706132746214,1.3516248399233297,0.55,0.45,0,,,,,,,,,,,,,,,,,,,,,,,,,,,,,,,,,11,0.5454545454545454,
e2aee1ae-6baa-4d30-a409-e0fc9c90f1fb,frontierscience,deepseek/deepseek-v3.2_reasoning-auto_s3,chemistry,,deepseek/deepseek-v3.2,0,is_correct,False,,0.2,True,,,,7,-0.8328508033813579,4.081189553570167,4.914040356951524,2.189089173247458,9.442343822660344,-5.361154269090177,4.081189553570167,-2.343364299649905,0.5928738722824278,1.4723548406675284,3.8157191403174338,19.040473522371602,0.25808393636732685,5.0,5.0,1.0,0.15789473684210525,9.442343822660344,0.0,2.331389108899831,1.5094344885696067,0.2222222222222222,0.05555555555555555,0.6020009398268472,0.7079083601397704,0.8788735575181285,0.55,0.45,33,0.18434392977414266,0.10578252365289346,-0.07856140612124919,2.140726039259915,8.462830226636296,-4.314446202687376,4.14838402394892,1.0010087409785473,-0.5091890198724119,-0.6123480640959642,-1.6133568050745115,52.560522480585895,0.0014946846494965334,12.0,10.0,0.15789473684210525,0.8421052631578947,4.4202287263402695,4.042601500296027,5.9984742053938405,5.347362233647996,0.8888888888888888,0.16666666666666666,5.122378128528946,0.8621796093156171,0.873747126157259,0.65,0.35,-0.6683894901518934,-4.565235113947917,-4.643796520069166,0.12118704450698914,40,0.2857142857142857,0.08522727272727272
0eb69a4c-0774-46b6-87dd-6686f639b7fa,frontierscience,deepseek/deepseek-v3.2_reasoning-auto_s3,chemistry,,deepseek/deepseek-v3.2,0,is_correct,False,,0.15,True,,,,20,2.649078241165662,0.19057628322665537,-2.4585019579390064,2.944245561097889,10.093845431770923,-4.922118436128975,5.171726995641948,-0.411354936657232,0.21056972166265034,0.23424941749367914,0.6456043541509111,80.105749066038,0.03069070555612998,13.0,12.0,0.631578947368421,0.05263157894736842,5.1126947193556305,4.9811507124152925,9.46556538855247,9.575149771511377,0.7222222222222222,0.6666666666666666,7.755186004215712,1.2086545254210288,1.2086545254210288,0.55,0.45,14,-2.9921803286062683,-0.25623890062584337,2.735941427980425,2.303313326975469,7.236462205281883,-2.9921803286062683,4.244281876675616,-0.9889310762373401,0.7000868335637159,0.4607210227410172,1.4496520989783575,38.58714544581293,0.07090292366462937,6.0,6.0,0.15789473684210525,0.0,2.735941427980425,4.500520777301459,5.1562208837414545,5.035259064911317,0.3333333333333333,0.8333333333333334,2.8075431273951534,0.9788927056429912,0.9417718837564543,0.35,0.65,0.5035171469752504,-2.679239464857673,0.056701963122751664,-1.9256508787375672,34,0.14736842105263157,0.15384615384615385
8a983c4c-070e-45b1-b2ce-300c7a68feb6,frontierscience,deepseek/deepseek-v3.2_reasoning-auto_s3,physics,,deepseek/deepseek-v3.2,1,is_correct,True,,,True,,,,44,-0.14052119019655063,-6.828762940025832,-6.688241749829281,2.686477861368562,9.769481541011277,-6.828762940025832,2.940718600985445,0.4346085591202646,-0.7370545949753512,-1.6541291667442326,-2.088737725864497,66.25715564170073,0.10094368955403596,13.0,14.0,0.05263157894736842,1.0,0.0,9.769481541011277,6.542392464953131,6.1342359817541166,0.6666666666666666,0.2222222222222222,5.992425138799977,0.8240196925709873,1.4261145551435375,0.45,0.55,2,3.604076606397646,-3.604076606397646,-7.208153212795292,2.1875915294352395,7.208153212795292,-3.604076606397646,3.604076606397646,2.465947151745758,-0.1896882424419812,-2.655635394187739,-5.121582545933498,7.208153212795292,1.0,0.0,1.0,0.0,1.0,0.0,7.208153212795292,-0.37937648488396203,0.37937648488396336,0.6111111111111112,0.5555555555555556,4.194175870806147e-16,0.948441212209907,0.9484412122099067,0.5,0.5,1.0575360997794254,11.490375646202903,4.282222433407611,-4.775672307939889,46,0.06659619450317125,1.0
dbe975d5-c431-4d73-8f7c-f8bba77ea458,frontierscience,deepseek/deepseek-v3.2_reasoning-auto_s3,physics,,deepseek/deepseek-v3.2,1,is_correct,True,,,True,,,,66,-2.650429948615188,0.26656488734209455,2.916994835957283,2.3899437089196356,8.741127924557244,-4.083181773625287,4.6579461509319575,0.21297019243208995,-0.07379432461652173,-0.471132895206758,-0.684103087638848,63.29671527051814,0.046084458308627875,14.0,11.0,0.3684210526315789,0.2631578947368421,4.349746660967382,4.391381263589863,5.387068357820439,6.790050130028247,0.0,0.3888888888888889,5.901758166251212,0.9795039736815715,1.0721322885081501,0.5,0.5,3,2.5137948905613356,-0.09678162068576057,-2.610576511247096,1.3525060553801969,4.808690705216394,-2.294895814655059,2.5137948905613356,0.9566975767391535,-1.8042239478382123,-0.7073688967883435,-1.6640664735274968,7.006804899185692,0.3725773086033106,1.0,1.0,0.0,0.5263157894736842,2.1981141939692983,2.610576511247096,0.24423491044103374,0.5190324379407274,0.5555555555555556,0.0,0.04240374157676473,0.3689325036699702,0.8777774025911438,0.25,0.75,-0.05322801942096796,2.194001983798273,-0.41657452744882306,-5.327497827883899,69,0.039627039627039624,0.6666666666666666
078d0957-0a51-46be-b820-da8f749b30b5,frontierscience,deepseek/deepseek-v3.2_reasoning-auto_s3,chemistry,,deepseek/deepseek-v3.2,1,is_correct,True,,,True,,,,26,-5.303749205144734,1.7115338109671816,7.0152830161119155,2.3979715301568016,7.927297363315807,-5.303749205144734,2.6235481581710727,-0.8408903362351575,0.14984823762526148,1.0794507835433087,1.9203411197784663,44.41663529476396,0.15794269353263934,10.0,9.0,0.7894736842105263,0.0,7.0152830161119155,0.9120143472038911,7.003741061544948,6.065177443081489,0.0,0.16666666666666666,3.9316821901535164,1.0690362648768605,0.9870657643273315,0.65,0.35,2,1.2976045380910293,-1.2976045380910293,-2.5952090761820585,0.7876160820349305,2.5952090761820585,-1.2976045380910293,1.2976045380910293,0.88783468395702,-0.06829497568900146,-0.9561296596460215,-1.8439643436030415,2.5952090761820585,1.0,0.0,1.0,0.0,1.0,0.0,2.5952090761820585,-0.1365899513780029,0.13658995137800334,0.6111111111111112,0.5555555555555556,1.603655480014115e-16,0.3414748784450078,0.3414748784450077,0.5,0.5,1.4481406031824369,1.0342113303062845,-1.560997745875774,-6.984447984544325,28,0.13846153846153847,1.0
218df0c2-18db-495f-8c53-eb6758feaff2,frontierscience,deepseek/deepseek-v3.2_reasoning-auto_s3,physics,,deepseek/deepseek-v3.2,0,is_correct,False,,,False,,,,65,-2.5568527139292896,-0.040573164330085267,2.5162795495992043,1.8315942028039198,6.799538628081706,-2.5568527139292896,4.242685914152417,1.2338953993060098,1.3619011969189274,0.3431951986308132,-0.8907002006751965,43.01466034533147,0.05849818479090478,14.0,10.0,0.42105263157894735,0.0,2.5162795495992043,4.2832590784825015,4.406281952117161,5.099158879360201,0.2222222222222222,0.16666666666666666,4.183078812161619,1.336879388890218,0.32539202062224587,0.65,0.35,0,,,,,,,,,,,,,,,,,,,,,,,,,,,,,,,,,65,0.04038461538461539,
0f13c295-7991-43dc-a79f-d8f3d3fc0d57,frontierscience,deepseek/deepseek-v3.2_reasoning-auto_s3,chemistry,,deepseek/deepseek-v3.2,0,is_correct,False,,0.2,False,,,,19,0.07415190316258534,-2.8264786957092323,-2.9006305988718175,3.173612095102582,12.200931972068119,-6.624129287368087,5.576802684700032,-0.8141809780680127,1.033521619395446,-0.2558974148820036,0.558283563186009,64.85673026890231,0.04472366378701981,9.0,9.0,0.5789473684210527,0.15789473684210525,3.7976505916588543,8.403281380409265,10.678935863555127,7.362185579371252,0.16666666666666666,0.2777777777777778,4.939085594233048,1.3100524165843648,1.3100524165843646,0.5,0.5,0,,,,,,,,,,,,,,,,,,,,,,,,,,,,,,,,,19,0.2222222222222222,
5c97845c-c039-48d8-abcf-703afc476b98,frontierscience,deepseek/deepseek-v3.2_reasoning-auto_s3,physics,,deepseek/deepseek-v3.2,1,is_correct,True,,,True,,,,85,-2.789645554150144,-0.09544129503301173,2.6942042591171322,2.01249397677404,8.449686508689028,-3.8989812629798886,4.55070524570914,-0.37525915618894184,0.058363168975352,-0.6165028200420041,-0.24124366385306223,49.89665230981688,0.0539956917828546,13.0,12.0,0.631578947368421,0.5263157894736842,3.8035399679468767,4.646146540742151,6.830274042107616,5.196810239074114,0.6111111111111112,0.5,4.694367766038586,0.6903866150709912,0.986251056608349,0.4,0.6,3,1.659875553842788,-0.8895984615859689,-2.549474015428757,0.8489417482443565,2.549474015428757,-0.8895984615859689,1.659875553842788,0.8924589287587016,-0.6201851230415555,-0.8581981012361926,-1.750657029994894,2.549474015428757,1.0,0.0,1.0,0.0,1.0,0.0,2.549474015428757,-0.012560144139910467,0.2558055416946956,0.5555555555555556,0.05555555555555555,0.01351363319748815,0.31236062506554557,0.4745242234354022,0.35,0.65,0.9062205998974882,2.661537448773288,0.11206343334453095,-10.062847585155964,88,0.029131652661064426,0.6666666666666666
677d66f3-b5f3-432d-bb04-2a8807d5491f,frontierscience,deepseek/deepseek-v3.2_reasoning-auto_s3,chemistry,,deepseek/deepseek-v3.2,0,is_correct,False,,,True,,,,128,-2.496246676679646,-4.49529078992328,-1.9990441132436345,2.605710221849275,9.383082792284235,-4.49529078992328,4.887792002360954,1.1095278635197237,-1.6127045657223273,1.211481514637683,0.10195365111795929,51.96631040138675,0.038468078603292356,13.0,8.0,0.8421052631578947,1.0,0.0,9.383082792284235,5.845080878465824,7.887983798408726,0.7222222222222222,1.0,4.833367607033291,1.138731721296736,0.9513991126763426,0.45,0.55,2,-0.10446549851035414,0.10446549851035414,0.20893099702070828,0.06340815266074462,0.20893099702070828,-0.10446549851035414,0.10446549851035414,-0.07147639371761073,0.005498184132123897,0.07697457784973462,0.14845097156734535,0.20893099702070828,1.0,0.0,1.0,1.0,0.0,0.20893099702070828,0.0,0.010996368264247824,0.0,0.7777777777777778,0.0,1.0022846750088219e-17,0.027490920660619513,0.027490920660619513,0.5,0.5,-0.1124960770234818,4.278329214389444,4.4872602114101525,-11.202843368730253,130,0.01808562992125984,1.0
1440c195-fba2-48dc-a03d-7b9420891daf,frontierscience,deepseek/deepseek-v3.2_reasoning-auto_s3,chemistry,,deepseek/deepseek-v3.2,1,is_correct,True,,,True,,,,33,-0.16994649992900682,2.419888460815277,2.589834960744284,2.6058050678809233,9.78474954787324,-5.8276907060912295,3.957058841782011,-0.7068627915945391,-0.040786313432457214,0.9488203270372596,1.6556831186317988,61.621902199117336,0.04202783212332222,13.0,9.0,0.3684210526315789,0.5263157894736842,8.247579166906506,1.5371703809667343,5.779554955718007,8.344340689798436,0.3333333333333333,0.5,6.134070050153767,1.0447476021937683,1.0217786908420392,0.45,0.55,2,1.3798793050958054,-1.3798793050958054,-2.7597586101916107,0.8375549715320114,2.7597586101916107,-1.3798793050958054,1.3798793050958054,0.944127945591867,-0.0726252265839897,-1.0167531721758565,-1.9608811177677234,2.7597586101916107,1.0,0.0,1.0,0.0,1.0,0.0,2.7597586101916107,-0.14525045316797902,0.1452504531679799,0.8333333333333334,0.7777777777777778,2.4671622769447924e-16,0.3631261329199488,0.3631261329199488,0.5,0.5,-1.5798736628142602,-2.619882818533732,-5.379641428725343,-9.6784110135378,35,0.09848484848484848,1.0
8be6ce44-a0c8-4636-80ca-2667dcc9d2af,frontierscience,deepseek/deepseek-v3.2_reasoning-auto_s3,chemistry,,deepseek/deepseek-v3.2,1,is_correct,True,,,True,,,,45,0.12173446221625733,3.0924914348151455,2.9707569725988883,2.576071419784382,9.43933312330021,-4.676997849366807,4.762335273933403,-1.6309530957523606,0.47659815210439466,0.022335710195279468,1.65328880594764,57.38873209261442,0.05176550978343023,13.0,10.0,0.8421052631578947,0.15789473684210525,7.769489284181953,1.6698438391182577,5.237283615550017,7.66281023297176,0.8333333333333334,0.7222222222222222,5.3153216828486824,0.924374573351383,1.3216980905695874,0.35,0.65,2,2.6061332291255948,-2.6061332291255948,-5.2122664582511895,1.5818628734180236,5.2122664582511895,-2.6061332291255948,2.6061332291255948,1.7831437883490915,-0.13716490679608376,-1.9203086951451747,-3.7034524834942664,5.2122664582511895,1.0,0.0,1.0,0.0,1.0,0.0,5.2122664582511895,-0.27432981359216724,0.27432981359216857,0.6666666666666666,1.0,2.9605947323337506e-16,0.6858245339804198,0.6858245339804194,0.5,0.5,-0.03366445531136802,-0.5200226610009189,-5.732289119252108,-5.774847262296323,47,0.06464646464646465,1.0
f10254b9-f0a1-407f-8af9-3169e23eee5e,frontierscience,deepseek/deepseek-v3.2_reasoning-auto_s3,physics,,deepseek/deepseek-v3.2,0,is_correct,False,,,True,,,,55,0.039133154298900505,0.5006186969569751,0.4614855426580746,2.1772902276515014,7.538423758661558,-3.70929892767954,3.829124830982019,0.1779498034515013,-0.8454887845941198,-0.6404381022434326,-0.8183879056949339,51.39677078116256,0.00897888205122828,13.0,8.0,0.631578947368421,0.3684210526315789,4.209917624636515,3.328506134025044,5.692787039096655,6.108017463899326,0.2777777777777778,0.3333333333333333,4.977559672708765,0.7502679302135833,1.1760380042865297,0.45,0.55,4,3.7200554950308096,-2.941500719520665,-6.661556214551474,2.6043135416950745,8.653518182161484,-4.6750599117037,3.978458270457783,-0.4775022083364456,0.23468484913247853,-0.0581844736963113,0.4193177346401343,23.96859257887444,0.2779285514003384,2.0,3.0,0.6842105263157895,0.3157894736842105,1.7335591921830353,6.919958989978448,1.5006877339966644,1.3991859011224186,0.5555555555555556,0.0,0.3085493259691942,1.0770872756648813,1.1795286934951632,0.5,0.5,0.44923804456816374,3.668674842641998,-2.9928813719094762,-0.8256256129009358,59,0.04713804713804714,0.5
ea576eec-eb50-4d75-9849-ccd4c83a15fe,frontierscience,deepseek/deepseek-v3.2_reasoning-auto_s3,chemistry,,deepseek/deepseek-v3.2,1,is_correct,True,,,True,,,,14,0.5596923801507288,-6.106806492007479,-6.666498872158208,2.7459947223438568,11.812793451321195,-6.106806492007479,5.705986959313716,2.413852335659261,-0.23795387949888275,-2.1278903714784705,-4.541742707137732,38.95422287980845,0.17113674408875768,9.0,7.0,0.15789473684210525,1.0,0.0,11.812793451321195,4.728094999991152,7.230729850954185,0.2777777777777778,0.16666666666666666,3.0165713861999186,1.0456750025192794,0.922477654306688,0.4,0.6,2,1.8177789529620227,-1.8177789529620227,-3.6355579059240455,1.1033499767531403,3.6355579059240455,-1.8177789529620227,1.8177789529620227,1.24374349413191,-0.09567257647168532,-1.3394160706035958,-2.5831595647355057,3.6355579059240455,1.0,0.0,1.0,0.0,1.0,0.0,3.6355579059240455,-0.1913451529433705,0.19134515294337118,0.6111111111111112,0.5555555555555556,2.3438041630975528e-16,0.4783628823584271,0.47836288235842694,0.5,0.5,2.4315785793568736,10.356164024326375,6.72060611840233,-8.733445533932084,16,0.2967032967032967,1.0
4225f097-0cee-4e43-b5b9-6efbab4c3447,frontierscience,deepseek/deepseek-v3.2_reasoning-auto_s3,physics,,deepseek/deepseek-v3.2,0,is_correct,False,,,True,,,,64,-2.546570012521886,-4.819990835232132,-2.273420822710246,2.642880326762386,9.354123640887295,-4.819990835232132,4.5341328056551635,-0.5803542976461706,0.17461737387190576,-1.2468257353539622,-0.6664714377077916,62.819674603893,0.03618963066977363,13.0,10.0,0.6842105263157895,1.0,0.0,9.354123640887295,5.823788744434426,6.700139856530049,0.6666666666666666,0.5,6.202340820790423,0.9569445696199832,1.4730002135471647,0.3,0.7,2,1.1063872146763423,-1.1063872146763423,-2.2127744293526845,0.6715515687999154,2.2127744293526845,-1.1063872146763423,1.1063872146763423,0.7570017784627606,-0.05823090603559692,-0.8152326844983574,-1.572234462961118,2.2127744293526845,1.0,0.0,1.0,0.0,1.0,0.0,2.2127744293526845,-0.11646181207119377,0.11646181207119399,0.6111111111111112,0.1111111111111111,8.018277400070575e-17,0.29115453017798487,0.29115453017798476,0.5,0.5,1.3063273918477205,7.232705441756195,5.019931012403511,-10.131685556299797,66,0.04117063492063492,1.0
ff4a744b-45ac-46d9-b0ba-6461a71e278a,frontierscience,deepseek/deepseek-v3.2_reasoning-auto_s3,chemistry,,deepseek/deepseek-v3.2,1,is_correct,True,,,True,,,,54,-2.701921858958866,2.511601713088534,5.2135235720474,2.4497546899141405,8.341653680755552,-4.719240511887592,3.62241316886796,-1.1630804276179936,0.28065512539508525,-0.6746821427473613,0.4883982848706323,56.356056827058865,0.09251043926026017,10.0,11.0,0.631578947368421,0.7368421052631579,7.230842224976126,1.1108114557794257,6.4023911688454325,4.591881921989334,0.5555555555555556,0.9444444444444444,4.38613475053274,0.844155738731477,1.3554092373337032,0.4,0.6,2,-1.1550468633485487,1.1550468633485487,2.3100937266970973,0.7010868553339632,2.3100937266970973,-1.1550468633485487,1.1550468633485487,-0.7902952222911123,0.06079194017623933,0.8510871624673516,1.6413823847584639,2.3100937266970973,1.0,0.0,1.0,1.0,0.0,2.3100937266970973,0.0,0.12158388035247913,0.0,1.0,0.0,9.868649107779169e-17,0.30395970088119695,0.30395970088119706,0.5,0.5,-1.3562790656157628,-5.022927642052846,-2.7128339153557484,-7.901580706371732,56,0.05101327742837177,1.0
e1b0b588-915d-46ad-990e-ba5aa554053e,frontierscience,deepseek/deepseek-v3.2_reasoning-auto_s3,physics,,deepseek/deepseek-v3.2,0,is_correct,False,,,True,,,,39,2.65161576625106,-4.698046887090075,-7.349662653341134,2.914289106148671,11.723308303243574,-4.698046887090075,7.025261416153499,0.13766162319916259,1.1062085195493234,0.9131188247758467,0.7754572015766841,49.99021314904396,0.14702203072086106,11.0,7.0,0.05263157894736842,1.0,0.0,11.723308303243574,5.905136570506301,7.022458671653855,0.6111111111111112,0.05555555555555555,4.517298839505456,1.4964271802936513,0.7871369828989275,0.7,0.3,2,1.1058682534617414,-1.1058682534617414,-2.211736506923483,0.6712365712898317,2.211736506923483,-1.1058682534617414,1.1058682534617414,0.756646699736981,-0.058203592287460006,-0.8148502920244409,-1.5714969917614219,2.211736506923483,1.0,0.0,1.0,0.0,1.0,0.0,2.211736506923483,-0.11640718457491994,0.11640718457492039,0.6111111111111112,0.5555555555555556,1.356939252319636e-16,0.2910179614373004,0.29101796143730035,0.5,0.5,1.341953758749845,7.145868899301661,4.934132392378178,-10.231688027239382,41,0.07827260458839407,1.0
4525a8e7-9e13-47c9-8b87-c0a97ebd355e,frontierscience,deepseek/deepseek-v3.2_reasoning-auto_s3,biology,,deepseek/deepseek-v3.2,0,is_correct,False,,0.38,True,,,,93,2.515873099892928,-1.88086291523986,-4.396736015132788,1.9831879000751547,6.3412666323697895,-2.0262153120845987,4.315051320285191,1.2066951150221477,-0.07919903902581679,0.22985820758186618,-0.9768369074402815,51.04197115506426,0.0861396203092473,10.0,11.0,0.3157894736842105,0.6842105263157895,0.14535239684473877,6.19591423552505,5.545750471447752,5.604493776807346,0.9444444444444444,1.0,4.253230197071697,1.0967606474605598,0.6331795585872841,0.5,0.5,13,5.049044711003274,-2.64290071127193,-7.691945422275204,2.5089594890329883,9.399476138228856,-4.3504314272255815,5.049044711003274,-0.3961562617018405,0.5543638249396032,-0.3737112027685283,0.022445058933312168,40.35133924821571,0.1906242906823801,6.0,7.0,0.0,0.15789473684210525,1.7075307159536517,7.691945422275204,3.886320268624693,4.4902354451240525,0.8333333333333334,0.7222222222222222,2.131270002260047,1.0501679680698612,1.1069086817672027,0.55,0.45,0.001913552417258723,6.9318211786603925,-0.7601242436148112,-0.4382625759523435,106,0.025946704067321177,0.15384615384615385
ecb58594-7fd9-4a94-b799-0f1c13acb752,frontierscience,deepseek/deepseek-v3.2_reasoning-auto_s3,chemistry,,deepseek/deepseek-v3.2,1,is_correct,True,,,True,,,,47,-2.4969062626220904,3.2919027024859275,5.788808965108018,2.42398209091169,8.353225203722833,-4.695434623297389,3.657790580425443,0.44038696329671484,-1.9921451475715402,1.4137381419130406,0.9733511786163258,49.3053396548556,0.11740734382179506,10.0,9.0,0.10526315789473684,0.42105263157894735,7.987337325783317,0.3658878779395156,4.887317610243777,4.930445839575917,0.2777777777777778,0.3333333333333333,3.7867336533372886,0.9774216146285835,1.09641553655086,0.6,0.4,2,0.09261556682060501,-0.09261556682060501,-0.18523113364121002,0.05621551692629174,0.18523113364121002,-0.09261556682060501,0.09261556682060501,0.06336854571936132,-0.004874503516873944,-0.06824304923623527,-0.1316115949555966,0.18523113364121002,1.0,0.0,1.0,0.0,1.0,0.0,0.18523113364121002,-0.00974900703374787,0.009749007033747925,0.8888888888888888,0.9444444444444444,9.25185853854297e-18,0.02437251758436974,0.024372517584369736,0.5,0.5,0.1145513140277999,-3.0847358216375227,-3.2699669552787327,-11.917789209355071,49,0.06105457909343201,1.0
85b4f862-d881-4a79-8c5d-3e927b486b71,frontierscience,deepseek/deepseek-v3.2_reasoning-auto_s3,chemistry,,deepseek/deepseek-v3.2,0,is_correct,False,,,True,,,,39,-2.5927387311685526,0.20250623407168378,2.7952449652402365,3.4647186695074415,11.826301990406598,-6.878276719197616,4.948025271208983,-0.44656611897260307,-1.7007954490534118,-0.39345153139136585,0.053114587581237216,68.62784796209685,0.04073047674151242,10.0,7.0,0.21052631578947367,0.3157894736842105,7.080782953269299,4.745519037137299,8.36491156349301,7.287016169055683,0.05555555555555555,0.2222222222222222,6.5038555370155615,0.9395024721727578,1.809114480399273,0.5,0.5,2,-0.03522287906993249,0.03522287906993249,0.07044575813986498,0.021379476717816648,0.07044575813986498,-0.03522287906993249,0.03522287906993249,-0.024099864626795912,0.0018538357405227604,0.02595370036731867,0.050053564994114584,0.07044575813986498,1.0,0.0,1.0,1.0,0.0,0.07044575813986498,0.0,0.0037076714810455325,0.0,0.5555555555555556,0.6111111111111112,4.240435163498862e-18,0.009269178702613812,0.009269178702613814,0.5,0.5,-0.11372271020377288,-0.35145182334538916,-0.2810060652055242,-11.929835962424495,41,0.07692307692307693,1.0
4195adea-9fa5-4f25-91ef-ebd6c57cfb88,frontierscience,deepseek/deepseek-v3.2_reasoning-auto_s3,physics,,deepseek/deepseek-v3.2,0,is_correct,False,,,False,,,,19,-2.8394939268035366,-2.6866149833394837,0.15287894346405295,2.71883361573234,8.497243938333236,-3.973325672743757,4.5239182655894785,0.8368125171225831,-0.2869384183990404,-0.6415197818441354,-1.4783322989667185,60.033008129417226,0.0025465814262460654,9.0,10.0,0.15789473684210525,0.8421052631578947,1.2867106894042735,7.210533248928963,4.820821072529081,7.199774405077984,0.6666666666666666,0.16666666666666666,4.387647623253455,1.1816051392599356,1.1816051392599365,0.45,0.55,0,,,,,,,,,,,,,,,,,,,,,,,,,,,,,,,,,19,0.2222222222222222,
824508b0-030f-4ed6-a642-c1dcf2ab15d7,frontierscience,deepseek/deepseek-v3.2_reasoning-auto_s3,biology,,deepseek/deepseek-v3.2,0,is_correct,False,,0.15,True,,,,27,2.602611518504788,2.5294410135129697,-0.07317050499181832,2.358997764372898,8.520943324441653,-4.220895984821269,4.3000473396203835,-0.09060117562254855,-0.2807328155650616,0.2504766321056063,0.3410778077281548,69.23421749071494,0.001056854654299101,17.0,14.0,0.42105263157894735,0.5789473684210527,6.750336998334238,1.7706063261074139,6.199590788272739,6.898167215391775,0.8888888888888888,0.4444444444444444,7.300363717775912,0.9973276053937464,1.052151512677728,0.4,0.6,33,-4.85370116398668,2.5314981413349757,7.385199305321656,2.714095544159455,9.297070349423226,-4.85370116398668,4.443369185436547,-0.2403335165169347,-0.9296791540232228,0.9195120011071176,1.1598455176240523,57.0211655989855,0.12951680709685548,8.0,9.0,0.15789473684210525,0.0,7.385199305321656,1.911871044101571,7.064433572344804,6.468691705500369,0.2777777777777778,0.6666666666666666,4.874937127385078,1.0779031241661838,1.2115539585231039,0.5,0.5,0.15137422498638403,-7.231767952513266,0.15343135280838993,0.0004501912549095266,60,0.08547008547008547,0.06439393939393939
a2d2c8a2-86ef-49a6-9e56-804cbb89c848,frontierscience,deepseek/deepseek-v3.2_reasoning-auto_s3,chemistry,,deepseek/deepseek-v3.2,0,is_correct,False,,,False,,,,67,-0.03588621461710656,-2.554902052422117,-2.5190158378050107,2.8471761367813535,10.01388274032557,-4.638821304003585,5.375061436321984,-0.6667593237348649,0.3942146812983692,0.20551233136472505,0.8722716550995899,76.34691980774406,0.03299433486181719,13.0,14.0,0.9473684210526315,0.8947368421052632,2.083919251581468,7.929963488744102,10.01388274032557,7.929963488744102,0.9444444444444444,1.0,7.391099100305557,1.2015474477613712,1.2352843732047272,0.4,0.6,0,,,,,,,,,,,,,,,,,,,,,,,,,,,,,,,,,67,0.03889642695612845,
f3ba1aae-2fc3-4d9b-a5a3-42bb91de4d7d,frontierscience,deepseek/deepseek-v3.2_reasoning-auto_s3,physics,,deepseek/deepseek-v3.2,0,is_correct,False,,,True,,,,59,-0.09158456113814657,-2.196963519059393,-2.1053789579212463,2.4829315656561586,8.608935399325656,-4.298357748761028,4.310577650564628,-2.2179782127906105,-0.7961716725570679,-0.4822055128117977,1.7357726999788128,50.445334416067325,0.04173585094225608,12.0,8.0,0.631578947368421,0.42105263157894735,2.1013942297016346,6.507541169624021,5.930967898684612,5.3572841383797805,0.1111111111111111,0.6666666666666666,4.494876695037,0.6279923133640817,1.8276064270793086,0.3,0.7,2,3.7084574084202195,-3.7084574084202195,-7.416914816840439,2.2509482732777273,7.416914816840439,-3.7084574084202195,3.7084574084202195,2.5373655952348875,-0.19518196886422187,-2.7325475640991086,-5.269913159333996,7.416914816840439,1.0,0.0,1.0,0.0,1.0,0.0,7.416914816840439,-0.39036393772844313,0.3903639377284449,0.6666666666666666,0.7222222222222222,3.7007434154171886e-16,0.9759098443211105,0.9759098443211103,0.5,0.5,1.2258717151702767,7.131292642649889,-0.28562217419055,-4.334007119568497,61,0.04558737580362361,1.0
1dba0086-bca8-4b25-8843-e6e428f9284d,frontierscience,deepseek/deepseek-v3.2_reasoning-auto_s3,physics,,deepseek/deepseek-v3.2,1,is_correct,True,,,True,,,,42,0.1237010758654822,-4.678312169549348,-4.80201324541483,2.0993673016968324,8.847561432945708,-4.678312169549348,4.1692492633963605,1.065412373744261,0.6290569580766231,-0.926443302381751,-1.9918556761260118,40.9893782192474,0.11715262475389165,12.0,11.0,0.3157894736842105,1.0,0.0,8.847561432945708,4.628005367794583,4.409607423673721,0.5,1.0,3.6609456043679875,1.0178597083515295,0.7027284329287454,0.55,0.45,2,-0.11953983954329139,0.11953983954329139,0.23907967908658279,0.07255793063631111,0.23907967908658279,-0.11953983954329139,0.11953983954329139,-0.08179041652962042,0.006291570502278487,0.0880819870318989,0.16987240356151934,0.23907967908658279,1.0,0.0,1.0,1.0,0.0,0.23907967908658279,0.0,0.012583141004557014,0.0,0.7777777777777778,0.8333333333333334,1.0793834961633467e-17,0.031457852511392465,0.03145785251139248,0.5,0.5,-0.14835200714319474,4.410420322862862,4.649500001949445,-9.714361921432303,44,0.07084785133565621,1.0
44a8a9e1-5336-4f37-bfbf-c76fbc7ad1dc,frontierscience,deepseek/deepseek-v3.2_reasoning-auto_s3,biology,,deepseek/deepseek-v3.2,0,is_correct,False,,0.2,True,,,,31,-0.2240263861162773,-2.555575947772964,-2.3315495616566864,2.02617276871221,7.9731749277364266,-3.865928528305242,4.107246399431185,-0.4880198350104822,-0.20587701100486067,0.23293882280483622,0.7209586578153184,54.65447805505061,0.04265980839316109,13.0,12.0,0.631578947368421,0.2631578947368421,1.3103525805322782,6.662822347204148,6.358525003347658,6.756313450791802,0.2777777777777778,0.6666666666666666,5.299803574016695,0.6757080594344511,0.8486903086983704,0.35,0.65,13,-0.12243657734574717,-0.11654579225663972,0.005890785089107453,2.1095293140829576,8.223310104627625,-3.6641752504069363,4.559134854220689,-0.725626711101287,0.46761436563062564,0.6239576950486537,1.3495844061499407,46.52204291929703,0.00012662352552587485,9.0,8.0,0.5789473684210527,0.2631578947368421,3.5476294581502965,4.675680646477328,6.083072136024009,3.9866113689206193,0.1111111111111111,0.16666666666666666,3.670503431103422,0.8831172002462452,0.7862342126463805,0.4,0.6,-0.10630004339607155,2.326839327031145,2.3327301121202524,-0.3178350720682701,44,0.0967741935483871,0.15384615384615385
1ca773ca-3f07-4426-8086-d1f3591cdf5f,frontierscience,deepseek/deepseek-v3.2_reasoning-auto_s3,biology,,deepseek/deepseek-v3.2,0,is_correct,False,,0.4,True,,,,163,0.1714026348566424,-4.690383110531696,-4.861785745388339,2.117763938648106,8.406150258098481,-4.690383110531696,3.715767147566785,1.025414356248191,-0.22713193733431675,-1.35563174886326,-2.381046105111451,46.71509262653007,0.10407312652158311,14.0,11.0,0.21052631578947367,1.0,0.0,8.406150258098481,4.825926364016928,7.218154938132949,0.7222222222222222,0.7777777777777778,4.643837951529684,0.7302250775119334,0.8575157555510557,0.55,0.45,14,4.46763130228953,2.4633756700450795,-2.0042556322444507,2.473046657716493,9.429527171102347,-4.9618958688128165,4.46763130228953,0.3038707344401077,-0.28186458882747495,-0.11963634660190887,-0.42350708104201656,49.57632247225786,0.040427678623520355,7.0,8.0,0.0,0.6842105263157895,7.425271538857896,2.0042556322444507,6.544201753964135,4.786019166682195,0.5,0.16666666666666666,3.616138413522949,0.966583741525431,0.9947724945415823,0.35,0.65,0.37365086823260585,9.531665281053833,7.527409648809382,-0.28070801170196447,177,0.013709005529046428,0.14285714285714285
f9fdb988-7a10-4510-a8ab-d011e663be3f,frontierscience,deepseek/deepseek-v3.2_reasoning-auto_s3,physics,,deepseek/deepseek-v3.2,0,is_correct,False,,,True,,,,46,0.004299018850659849,2.450648883569006,2.4463498647183464,2.8197531057668854,10.818091941198237,-4.872209504058719,5.9458824371395185,1.2472119013223217,-0.35545890286058807,1.6317374582658069,0.3845255569434851,83.85920802969032,0.029172107896037094,14.0,14.0,0.15789473684210525,0.42105263157894735,7.322858387627726,3.4952335535705124,8.520484107416475,7.463064229335739,0.7222222222222222,0.3888888888888889,8.506861885494773,1.6448716661312541,0.8432368791899053,0.6,0.4,2,2.594896286371865,-2.594896286371865,-5.18979257274373,1.5750423078559121,5.18979257274373,-2.594896286371865,2.594896286371865,1.7754553538333813,-0.1365734887564138,-1.9120288425897949,-3.687484196423176,5.18979257274373,1.0,0.0,1.0,0.0,1.0,0.0,5.18979257274373,-0.2731469775128277,0.27314697751282857,0.0,1.0,1.9737298215558337e-16,0.6828674437820699,0.6828674437820698,0.5,0.5,-0.03637286930387286,0.10787453349898612,-5.081918039244744,-9.157544416566274,48,0.06280193236714976,1.0
431c9b49-2795-4750-ae7b-ae9f1450cb4e,frontierscience,deepseek/deepseek-v3.2_reasoning-auto_s3,chemistry,,deepseek/deepseek-v3.2,0,is_correct,False,,0.35,True,,,,6,1.8723128871859522,-0.6581444013622182,-2.5304572885481704,3.2479777683899496,11.660220688093919,-5.444041770457643,6.216178917636276,-0.6827836338570078,-2.313751382554657,3.2190418995731065,3.9018255334301144,25.850898664736004,0.09788662751597274,2.0,3.0,0.7894736842105263,0.42105263157894735,4.785897369095425,6.874323318998494,1.9580574911746726,1.9120881097982734,0.7222222222222222,1.0,0.42748762895760467,1.2980871010899262,1.381161786962077,0.5,0.5,33,-2.4014962850908157,0.16583962891838336,2.567335914009199,2.3224653406373195,8.755995899053865,-5.099972991304435,3.65602290774943,-1.3269392122648358,1.1476448822705216,0.2306154289767762,1.557554641241612,57.85997432428422,0.04437153565987102,13.0,11.0,0.42105263157894735,0.15789473684210525,5.265812620222818,3.4901832788310467,7.6663408886499465,6.8291480137901885,0.3333333333333333,0.1111111111111111,5.574241605348746,0.9209195952553664,0.9144879820603433,0.65,0.35,-1.066658550170014,-2.8100104338986114,-0.24267451988941247,-2.631620536192859,39,0.3333333333333333,0.08901515151515152
f12a8706-3ddd-4255-9234-0655babceb8e,frontierscience,deepseek/deepseek-v3.2_reasoning-auto_s3,chemistry,,deepseek/deepseek-v3.2,1,is_correct,True,,,True,,,,182,0.14315257838622378,2.6397370802931013,2.4965845019068773,2.4662300690397037,10.496879249154976,-6.620005417300716,3.876873831854259,-0.8495755665910032,-0.13861472344176246,-0.6963480973521148,0.15322746923888841,51.98263444016159,0.048027279278828265,9.0,10.0,0.5263157894736842,0.8947368421052632,9.259742497593816,1.2371367515611578,7.561429803444874,7.6342159396016065,0.5,0.8888888888888888,4.183170733799503,0.7011203472882277,1.2558913780053302,0.5,0.5,2,0.054698903154564604,-0.054698903154564604,-0.10939780630912921,0.03320097497315011,0.10939780630912921,-0.054698903154564604,0.054698903154564604,0.037425565316281044,-0.0028788896397139202,-0.04030445495599496,-0.077730020272276,0.10939780630912921,1.0,0.0,1.0,0.0,1.0,0.0,0.10939780630912921,-0.0057577792794278465,0.00575777927942786,0.1111111111111111,0.16666666666666666,4.625929269271485e-18,0.014394448198569634,0.014394448198569632,0.5,0.5,0.06136358230414697,-2.5236745948343895,-2.6330724011435187,-12.75252841229591,184,0.012203266346912756,1.0
70c1246f-0a17-4f59-84a2-3699aa395d4d,frontierscience,deepseek/deepseek-v3.2_reasoning-auto_s3,physics,,deepseek/deepseek-v3.2,0,is_correct,False,,0.1,True,,,,107,-2.7884087429080373,2.086404576238492,4.874813319146529,1.7050183252779336,6.306081224967556,-3.8833265161728336,2.4227547087947228,-0.3276094284104928,0.47766931366605464,-0.743827232167896,-0.41621780375740325,35.6668993832593,0.13667611716858638,12.0,9.0,0.10526315789473684,0.7368421052631579,5.969731092411326,0.3363501325562308,4.77114545902244,4.009558335660509,0.7777777777777778,0.7222222222222222,2.872881563011997,0.6292346583217827,0.7998618681327047,0.5,0.5,46,-4.699372970440922,2.7685458267211245,7.467918797162046,2.4950998233465422,9.25291692176552,-4.699372970440922,4.553543951324598,-1.095642678792887,0.8142153020064681,0.9012279896805593,1.9968706684734463,47.13175911455515,0.15844769933180397,12.0,7.0,0.5789473684210527,0.0,7.467918797162046,1.7849981246034736,4.996971498104392,5.348949644219082,0.2777777777777778,0.3888888888888889,4.098391289263144,1.1993050742983442,1.027436259269423,0.55,0.45,-0.002776783226003064,-6.788554329905416,0.6793644672566295,-0.3637400047385846,153,0.019044260271557045,0.05410628019323672
9c098058-e720-4a0b-8fc5-62fb27aade25,frontierscience,deepseek/deepseek-v3.2_reasoning-auto_s3,biology,,deepseek/deepseek-v3.2,0,is_correct,False,,0.0,True,,,,7,0.7789604904327281,-1.273191789749062,-2.05215228018179,2.137246440173154,7.649994336248579,-4.026957756186766,3.6230365800618127,-2.148482528096329,0.8238124237697511,1.6321557005417684,3.7806382286380975,18.99943434335423,0.10801123039221469,4.0,3.0,0.8421052631578947,0.15789473684210525,2.7537659664377037,4.896228369810875,1.1976900093029657,1.632076123270293,0.3888888888888889,0.9444444444444444,0.47087311222380573,0.9304677979296967,0.9044556242814682,0.6,0.4,35,5.640947116007407,3.085776384379816,-2.555170731627591,2.415664809640459,8.540170415793535,-2.8992232997861276,5.640947116007407,1.0818702973411134,-0.34529738444971986,1.1263479259912828,0.044477628650169354,50.59490099504947,0.0505025344723494,9.0,10.0,0.0,0.631578947368421,5.984999684165944,2.555170731627591,4.416348994775057,7.14715580170592,0.5,0.0,3.7169650986133718,1.3188713614505279,0.7231664641411554,0.6,0.4,-2.3081196775772015,4.606019228179267,2.0508484965516764,2.9347586167046806,42,0.3333333333333333,0.058823529411764705
eec8840a-2d00-4e70-b043-0da51bd1b288,frontierscience,deepseek/deepseek-v3.2_reasoning-auto_s3,chemistry,,deepseek/deepseek-v3.2,1,is_correct,True,,,True,,,,37,0.043224652769199214,-2.413549839250271,-2.45677449201947,1.8414526294074047,6.140208416349855,-3.2941114719322506,2.8460969444176047,0.13570249907996373,-0.6251348186082747,-1.1142297816907403,-1.249932280770704,42.032901594723235,0.05844884361559019,11.0,9.0,0.8421052631578947,0.7368421052631579,0.8805616326819798,5.2596467836678755,4.916121367709518,5.8233837885294335,0.16666666666666666,0.6666666666666666,4.131535567143869,0.5181161439712809,1.023686390313412,0.4,0.6,2,-2.5954806653920546,2.5954806653920546,5.190961330784109,1.575397012467983,5.190961330784109,-2.5954806653920546,2.5954806653920546,-1.7758551921103531,0.13660424554695008,1.9124594376573032,3.6883146297676563,5.190961330784109,1.0,0.0,1.0,1.0,0.0,5.190961330784109,0.0,0.273208491093901,0.0,0.5555555555555556,0.6111111111111112,3.20731096002823e-16,0.683021227734751,0.6830212277347514,0.5,0.5,0.08558031750008879,-0.09635050864169514,5.094610822142414,-7.857754877986768,39,0.08408408408408409,1.0
22f5a060-b2ba-4d68-8ad1-cbcbd58a788e,frontierscience,deepseek/deepseek-v3.2_reasoning-auto_s3,chemistry,,deepseek/deepseek-v3.2,1,is_correct,True,,,True,,,,31,-2.284533655931299,-4.9798365236293565,-2.6953028676980573,2.5474099671153123,10.443151847596297,-5.896451161729335,4.546700685866963,-0.9345997012141964,0.9622090157035459,-0.24880487804190113,0.6857948231722953,52.92469428714251,0.050927131540424456,13.0,8.0,0.3684210526315789,0.2631578947368421,0.9166146380999782,9.526537209496318,7.066376058618825,7.571053654426885,0.3333333333333333,0.2222222222222222,4.5594059179255195,0.9902336748590816,1.0552118782003794,0.55,0.45,2,1.105229935986614,-1.105229935986614,-2.210459871973228,0.6708491272773485,2.210459871973228,-1.105229935986614,1.105229935986614,0.7562099562013674,-0.05816999663087435,-0.8143799528322418,-1.5705899090336093,2.210459871973228,1.0,0.0,1.0,0.0,1.0,0.0,2.210459871973228,-0.1163399932617486,0.11633999326174904,0.6666666666666666,0.7222222222222222,1.2335811384723962e-16,0.29084998315437216,0.2908499831543721,0.5,0.5,1.3421929035282207,7.427259363144191,5.216799491170963,-11.169049176251086,33,0.10752688172043011,1.0
cfcfcb2d-4ec8-42df-9b19-b6c840d5dea4,frontierscience,deepseek/deepseek-v3.2_reasoning-auto_s3,biology,,deepseek/deepseek-v3.2,0,is_correct,False,,0.15,True,,,,18,2.9566259032560422,-1.9738549139902846,-4.930480817246327,2.6686132776512275,9.255552832764625,-4.902863489572522,4.352689343192102,0.048759269295440485,0.9218413550135452,-1.1396068012656992,-1.1883660705611396,61.24170759333252,0.08050854574445465,8.0,9.0,0.9473684210526315,0.8421052631578947,2.9290085755822375,6.326544257182387,5.711673985868019,7.6579955725768984,0.5555555555555556,0.5,4.151626394939909,1.1314037176049105,1.133575539476475,0.5,0.5,21,3.981441100644279,-0.008987958997852985,-3.990429059642132,2.702082043209612,9.336191190067186,-5.354750089422907,3.981441100644279,-0.14249868646028224,0.7956267771153335,-0.7271366922410137,-0.5846380057807314,74.18611586225379,0.053789432338679416,14.0,15.0,0.0,0.8947368421052632,5.345762130425054,3.990429059642132,7.934667218453172,8.357841271464855,0.05555555555555555,0.0,7.373640569776125,1.0924539629324785,1.0820001388755147,0.55,0.45,0.29686623390489253,6.252162248539456,2.261733188897324,-0.8345085007839828,39,0.1437908496732026,0.10476190476190476
790baca4-d2d8-4acb-8494-91adf77e026b,frontierscience,deepseek/deepseek-v3.2_reasoning-auto_s3,physics,,deepseek/deepseek-v3.2,0,is_correct,False,,0.0,False,,,,39,-0.04882123019449954,0.20108694257312246,0.249908172767622,3.6970809579133754,13.682987940652808,-6.152966332169968,7.53002160848284,3.424964582756757,-1.1314248275393044,-2.4682823774380798,-5.893246960194837,67.53807509054444,0.0037002560767772016,14.0,9.0,0.21052631578947367,0.7894736842105263,6.354053274743091,7.328934665909717,8.381907658162572,6.305417005842468,0.8333333333333334,0.8888888888888888,6.282005098932925,1.4704934242915753,1.4082392231968908,0.45,0.55,0,,,,,,,,,,,,,,,,,,,,,,,,,,,,,,,,,39,0.07827260458839407,
b818c26a-1311-482d-8c4e-bde09ef34a05,frontierscience,deepseek/deepseek-v3.2_reasoning-auto_s3,chemistry,,deepseek/deepseek-v3.2,0,is_correct,False,,0.0,True,,,,33,0.08568175287216595,0.8180060963834389,0.732324343511273,2.147194545460582,9.61934291113192,-4.931014448901946,4.688328462229973,0.6250878339552771,-0.36740797785522306,0.4008207874733894,-0.22426704648188772,46.78184902485637,0.015654027337016343,11.0,10.0,0.15789473684210525,0.5789473684210527,5.749020545285385,3.8703223658465338,5.228851776063778,5.337877730109074,0.6111111111111112,0.16666666666666666,3.720987208211083,0.8683219006768448,0.6578877147998091,0.5,0.5,10,6.115090441366474,-3.2354054138704407,-9.350495855236915,3.1639062356643946,11.412337501170665,-5.2972470598041905,6.115090441366474,-0.6858229192122566,1.58623065913842,-1.3030796463608738,-0.6172567271486172,44.36301419019956,0.21077232974180046,4.0,5.0,0.0,0.21052631578947367,2.06184164593375,9.350495855236915,4.5875353183688965,3.454189368951318,0.8333333333333334,0.9444444444444444,1.4120939104905053,1.27930668264028,1.3550878675743847,0.5,0.5,0.9386304817545568,6.235714826737592,-3.1147810284993227,1.827550116205991,43,0.0928030303030303,0.2
111d5872-2705-42c0-8df4-0fb386ba7084,frontierscience,deepseek/deepseek-v3.2_reasoning-auto_s3,biology,,deepseek/deepseek-v3.2,0,is_correct,False,,,True,,,,30,2.5410987296730125,2.6062771137705267,0.0651783840975142,2.3307101961382264,7.589258664382901,-3.5309343775718496,4.058324286811051,0.054895394919391265,1.5915900403534136,-0.8579077965617321,-0.9128031914811233,59.21294913821231,0.0011007454458209407,13.0,12.0,0.3684210526315789,0.7368421052631579,6.137211491342376,1.4520471730405244,5.720138128568692,5.810476414403342,0.5555555555555556,0.5,5.625857642056311,1.2038193731463815,0.8849218097694195,0.5,0.5,2,0.06035000639449528,-0.06035000639449528,-0.12070001278899056,0.03663106454385787,0.12070001278899056,-0.06035000639449528,0.06035000639449528,0.04129210963833888,-0.003176316126026062,-0.04446842576436494,-0.08576053540270381,0.12070001278899056,1.0,0.0,1.0,0.0,1.0,0.0,0.12070001278899056,-0.006352632252052126,0.006352632252052154,0.6111111111111112,0.7777777777777778,6.5533997981346044e-18,0.015881580630130336,0.015881580630130336,0.5,0.5,0.10191068085672335,-2.4440164265193083,-2.564716439308299,-14.069105118319687,32,0.11264367816091954,1.0
319ae242-19fc-4542-b75a-d32b325ea923,frontierscience,deepseek/deepseek-v3.2_reasoning-auto_s3,chemistry,,deepseek/deepseek-v3.2,0,is_correct,False,,,True,,,,228,-2.618728565722892,-4.753999057277012,-2.13527049155412,2.0546400682752703,7.461659650448219,-4.753999057277012,2.707660593171207,-0.11340216481238723,0.983682136815662,-1.3492427337158073,-1.23584056890342,45.55794906056012,0.04686932874690447,13.0,10.0,0.21052631578947367,1.0,0.0,7.461659650448219,5.954261294064153,4.256284919522637,0.16666666666666666,0.7222222222222222,3.9000985510742376,0.7733253890518412,0.8735002189654371,0.5,0.5,2,1.1113254804573405,-1.1113254804573405,-2.222650960914681,0.6745489824435197,2.222650960914681,-1.1113254804573405,1.1113254804573405,0.7603805918918646,-0.058490814760912606,-0.8188714066527772,-1.5792519985446418,2.222650960914681,1.0,0.0,1.0,0.0,1.0,0.0,2.222650960914681,-0.11698162952182511,0.11698162952182556,0.6111111111111112,0.7777777777777778,1.2335811384723962e-16,0.2924540738045633,0.29245407380456323,0.5,0.5,1.2685000905543364,7.133824628288689,4.911173667374008,-11.650958182797861,230,0.009544787077826725,1.0
8fac71ae-1f4a-4edd-9f0d-88a443912a04,frontierscience,deepseek/deepseek-v3.2_reasoning-auto_s3,physics,,deepseek/deepseek-v3.2,0,is_correct,False,,0.2,True,,,,18,0.4227611713301618,-2.0233809213149136,-2.4461420926450756,2.8253479154981544,14.094195777263778,-5.910525223961778,8.183670553301999,1.8659724964143003,-0.287611862361446,-1.8747066309913254,-3.7406791274056257,50.92886718737785,0.04803056159967612,10.0,5.0,0.10526315789473684,0.47368421052631576,3.887144302646864,10.207051474616913,8.026458843942098,8.556982427179543,0.5,0.4444444444444444,5.151235975396561,1.0386745230988619,1.0486602904777604,0.55,0.45,17,4.599842205169704,-3.0887763010514604,-7.6886185062211645,2.5701049395816598,9.302564249098774,-4.399132695851458,4.903431553247316,0.9133470121957685,-0.9423915405855288,0.007912783561195477,-0.905434228634573,47.1228404431325,0.16316118540221983,8.0,7.0,0.631578947368421,0.6842105263157895,1.3103563947999977,7.992207854298776,5.451752765926076,9.302564249098774,0.2777777777777778,0.6666666666666666,3.994217359814762,1.078010126940707,1.0858018768087645,0.45,0.55,0.6544233593766398,7.277646485861258,-0.41097202035990676,-5.121589771514994,35,0.1437908496732026,0.15441176470588236
e2bef5ee-c2ee-4704-b52a-63bb2e7aea7a,frontierscience,deepseek/deepseek-v3.2_reasoning-auto_s3,physics,,deepseek/deepseek-v3.2,1,is_correct,True,,,True,,,,132,-2.474504845007636,-2.183401012571685,0.29110383243595095,1.6899534136839158,6.392875152793179,-4.0829833245112965,2.3098918282818826,-0.703547385251202,-0.9541071192142647,-0.8123774239054384,-0.10883003865423646,35.25809557738775,0.008256368577735833,10.0,8.0,0.47368421052631576,0.9473684210526315,1.8995823119396116,4.4932928408535675,3.9276837973145247,3.800351269351445,0.4444444444444444,0.2222222222222222,2.963337626196571,0.40782862201484216,1.231720925749387,0.3,0.7,2,3.7122753621437194,-3.7122753621437194,-7.424550724287439,2.2532656832935074,7.424550724287439,-3.7122753621437194,3.7122753621437194,2.539977879361492,-0.19538291379703768,-2.7353607931585295,-5.2753386725200215,7.424550724287439,1.0,0.0,1.0,0.0,1.0,0.0,7.424550724287439,-0.3907658275940751,0.39076582759407597,0.6666666666666666,0.05555555555555555,4.194175870806147e-16,0.9769145689851892,0.9769145689851892,0.5,0.5,1.2251619928862416,7.120838367601646,-0.3037123566857929,-4.448665356486199,134,0.0174647235715938,1.0
20fcf049-b356-45cf-83d8-833f280ee107,frontierscience,deepseek/deepseek-v3.2_reasoning-auto_s3,physics,,deepseek/deepseek-v3.2,1,is_correct,True,,,True,,,,46,5.043960104164171,-2.1332251590250664,-7.177185263189237,2.604096105558425,8.382272916026878,-3.338312811862706,5.043960104164171,0.908856664820091,1.278126320574876,-1.6813851250105476,-2.5902417898306385,57.06519887841428,0.12577166827160766,12.0,11.0,0.0,0.6842105263157895,1.2050876528376397,7.177185263189237,4.832412576234991,6.057482925385045,0.05555555555555555,0.0,5.181816636342035,1.2050413316941049,0.9440128243090307,0.4,0.6,2,2.1483786499789943,-2.1483786499789943,-4.296757299957989,1.304016381996689,4.296757299957989,-2.1483786499789943,2.1483786499789943,1.4699432868277331,-0.11307256052521002,-1.583015847352943,-3.052959134180676,4.296757299957989,1.0,0.0,1.0,0.0,1.0,0.0,4.296757299957989,-0.22614512105042017,0.22614512105042106,0.4444444444444444,0.7777777777777778,2.590520390792032e-16,0.5653628026260511,0.565362802626051,0.5,0.5,2.515232932855419,6.7968367418594795,2.500079441901491,-5.831024028956435,48,0.06183574879227053,1.0
84bba88d-2aee-4fcb-baab-4c6eea17b0d8,frontierscience,deepseek/deepseek-v3.2_reasoning-auto_s3,physics,,deepseek/deepseek-v3.2,0,is_correct,False,,,True,,,,54,0.18216022147066574,-2.1817764038250096,-2.3639366252956755,2.161576749941224,7.716384686406975,-2.9933838306837073,4.723000855723268,-0.6630448635491479,-0.2851173108859025,1.0826031741283488,1.7456480376774968,50.089106018621926,0.047194626001446714,10.0,11.0,0.7368421052631579,0.3157894736842105,0.8116074268586977,6.904777259548277,6.295228731648175,6.907084795525607,0.7222222222222222,0.7777777777777778,4.489515821441611,0.9309348070731792,0.9380106158869422,0.45,0.55,3,3.793232795391585,1.5295738461613482,-2.263658949230237,2.5098416458376094,8.755387832327978,-4.962155036936393,3.793232795391585,0.9144834995143685,-3.8815852675985787,-0.2736841769213581,-1.1881676764357265,15.247116715425719,0.14846472231304308,1.0,2.0,0.0,0.5263157894736842,6.491728883097741,2.263658949230237,0.7213032092330831,0.959583098625739,0.5555555555555556,0.0,0.09338257265882399,0.5920122250298352,1.712603096935716,0.35,0.65,1.110678038861691,7.085687238078286,4.822028288848049,-5.446221466392991,57,0.04821802935010482,0.6666666666666666
36c373f1-468f-4bba-a8d9-5a73a3be5876,frontierscience,deepseek/deepseek-v3.2_reasoning-auto_s3,chemistry,,deepseek/deepseek-v3.2,1,is_correct,True,,,True,,,,20,3.212022297781605,-2.064714237748287,-5.276736535529892,3.981718813136181,14.298368122503376,-7.067295401589032,7.231072720914344,0.24703187820973074,0.6613274604713902,-1.0597525617946417,-1.3067844400043724,110.35828092526627,0.0478145952554594,13.0,13.0,0.631578947368421,0.8421052631578947,5.002581163840745,9.295786958662632,11.727052729776688,11.858336941180365,0.6111111111111112,0.8333333333333334,10.513196442596275,1.5875691759734387,1.587569175973439,0.6,0.4,2,3.6698886193094786,-3.6698886193094786,-7.339777238618957,2.22753790619245,7.339777238618957,-3.6698886193094786,3.6698886193094786,2.5109764237380645,-0.19315203259523553,-2.7041284563332995,-5.2151048800713635,7.339777238618957,1.0,0.0,1.0,0.0,1.0,0.0,7.339777238618957,-0.3863040651904708,0.38630406519047167,0.6666666666666666,0.05555555555555555,4.194175870806147e-16,0.9657601629761785,0.9657601629761785,0.5,0.5,1.400516853634578,7.135119710692344,-0.20465752792661362,-6.958590883884419,22,0.2,1.0
3f380f88-7221-4320-a168-348d9a77db2e,frontierscience,deepseek/deepseek-v3.2_reasoning-auto_s3,physics,,deepseek/deepseek-v3.2,0,is_correct,False,,0.025,True,,,,333,-2.5330235665138017,2.565720692244518,5.09874425875832,1.59443855096232,6.469884175450858,-3.1903203548950767,3.2795638205557816,-0.19314096948419948,0.7359377284594244,1.0297328659611578,1.2228738354453572,31.508795430385643,0.1618197138009701,12.0,7.0,0.42105263157894735,0.6842105263157895,5.756041047139595,0.7138431283112636,5.30048931291253,3.1305699869773003,0.7222222222222222,0.6666666666666666,2.822757746631064,0.8889145889525286,0.3900158635228526,0.65,0.35,46,0.14405489311089942,2.523989353438166,2.3799344603272665,2.24596335534987,8.588521494212936,-3.6941924478335735,4.8943290463793625,-1.3165790767126595,0.30252310054098314,0.564353400134555,1.8809324768472147,50.44816195506066,0.047175840865070914,12.0,8.0,0.42105263157894735,0.10526315789473684,6.21818180127174,2.3703396929411964,7.106003083119758,7.644147612807092,0.3888888888888889,0.4444444444444444,4.864057900915493,0.8623249266198144,1.0479384982395346,0.55,0.45,0.0018808866623255631,-2.419784912471293,-0.039850452144026605,-0.1476988912457351,379,0.00636781359672926,0.043478260869565216
bc82c611-4407-4da9-8444-48dbf08d0bbf,frontierscience,deepseek/deepseek-v3.2_reasoning-auto_s3,physics,,deepseek/deepseek-v3.2,0,is_correct,False,,0.29500000000000004,True,,,,52,-2.736118687025836,-4.57021479322308,-1.834096106197244,1.8267726763832257,7.31876247433996,-4.57021479322308,2.7485476811168796,-1.0637587534710533,-0.2001729535303851,-0.9238807114052934,0.13987804206575993,32.76288552838999,0.0559809087819187,7.0,8.0,0.3684210526315789,1.0,0.0,7.31876247433996,4.843914574516397,3.2027561553840753,0.3333333333333333,1.0,2.291233602757355,0.3597570916436979,1.0792974025157895,0.3,0.7,11,5.096831353765685,2.807182343840024,-2.289649009925661,2.5161123394286395,9.008359748549028,-3.9115283947833426,5.096831353765685,0.6833472413141434,-1.1949006028591687,0.04214462723370915,-0.6412026140804342,41.42660501315292,0.05527001329697905,5.0,6.0,0.0,0.42105263157894735,6.718710738623367,2.289649009925661,5.0287088207719925,5.0356491970728126,0.2222222222222222,0.3333333333333333,2.3284354619958183,0.9389175852587608,1.105317873629407,0.5,0.5,0.06351638536837907,9.730562532357144,7.440913522431483,-2.6479580272201844,63,0.05203619909502263,0.18181818181818182
2f43ac4a-f7e3-46c9-aaee-2f112ff662cb,frontierscience,deepseek/deepseek-v3.2_reasoning-auto_s3,biology,,deepseek/deepseek-v3.2,0,is_correct,False,,0.35,True,,,,122,-2.5370589356244224,2.571840793901952,5.1088997295263745,1.5133631124036613,5.226221667500623,-2.5370589356244224,2.6891627318762006,0.14229925475473978,-0.05260108558965958,0.5751176784765923,0.43281842372185253,32.22385763938243,0.15854401377700122,10.0,9.0,0.21052631578947367,0.0,5.1088997295263745,0.1173219379742485,3.8816176369961592,3.137244420346782,0.3888888888888889,0.2222222222222222,2.5948243215805387,0.7335430243269336,0.5296133615761777,0.5,0.5,19,-2.3196424086534924,2.6638586949673035,4.983501103620796,1.9052061412820889,7.202123617756396,-3.063717352030462,4.1384062657259335,-0.5449330321815282,0.5388288594670615,0.007121534833546939,0.5520545670150752,50.74748892641402,0.09820192504198741,12.0,13.0,0.8947368421052632,0.2631578947368421,5.727576046997766,1.47454757075863,5.457424947249978,6.089182709720541,0.8888888888888888,0.9444444444444444,4.483804277160276,0.7943308756693062,0.7943308756693055,0.55,0.45,-0.0077379293385935475,-4.899221131894038,0.08427997172675816,-2.48516797594689,141,0.01883213656686086,0.10526315789473684
b75893ef-5c56-4d43-9ae1-8c9caaf32ee2,frontierscience,deepseek/deepseek-v3.2_reasoning-auto_s3,chemistry,,deepseek/deepseek-v3.2,1,is_correct,True,,,True,,,,188,2.512528724004484,5.0162479749662925,2.5037192509618085,2.9342625661261357,11.799925330828902,-4.905026325991746,6.894899004837157,2.634766012715467,-1.6361729018692277,0.5139192199303194,-2.1208467927851475,46.56823510357303,0.05376452952089022,14.0,4.0,0.3157894736842105,0.6842105263157895,9.92127430095804,1.8786510298708645,5.626404780924902,5.537427856361319,0.2777777777777778,0.3333333333333333,4.263403364180203,1.4526167620223707,0.9489334072470911,0.65,0.35,2,1.4458685919772947,-1.4458685919772947,-2.8917371839545893,0.87760894950772,2.8917371839545893,-1.4458685919772947,1.4458685919772947,0.9892785103002543,-0.07609834694617332,-1.0653768572464275,-2.054655367546682,2.8917371839545893,1.0,0.0,1.0,0.0,1.0,0.0,2.8917371839545893,-0.1521966938923467,0.15219669389234713,0.0,0.7777777777777778,1.4802973661668753e-16,0.38049173473086706,0.380491734730867,0.5,0.5,-1.3465459182820239,-4.9169253012710215,-7.808662485225611,-9.648105224317945,190,0.011776083741039936,1.0
c982b5bc-0fb8-4f12-94fa-f05715209ead,frontierscience,deepseek/deepseek-v3.2_reasoning-auto_s3,chemistry,,deepseek/deepseek-v3.2,0,is_correct,False,,,False,,,,39,-2.6107042112148906,2.5333469713561816,5.144051182571072,3.1847139462005947,12.138250552890465,-4.90012681692572,7.238123735964745,0.8211384122753927,0.2712920913805395,1.6138373623901419,0.7926989501147491,78.8555989666404,0.06523381028083049,12.0,11.0,0.42105263157894735,0.3684210526315789,7.433473788281901,4.704776764608564,12.138250552890465,9.969932779425669,0.3888888888888889,0.4444444444444444,6.92388151794815,1.7623768927988706,0.8958750078022517,0.65,0.35,0,,,,,,,,,,,,,,,,,,,,,,,,,,,,,,,,,39,0.07827260458839407,
1a5d24e0-9af4-4b36-98d1-2845df696d90,frontierscience,deepseek/deepseek-v3.2_reasoning-auto_s3,physics,,deepseek/deepseek-v3.2,0,is_correct,False,,0.075,True,,,,63,-2.6004990297264614,2.371941653548819,4.9724406832752805,2.149370994060179,6.605315380457766,-2.9595911770081536,3.6457242034496122,-0.9546067949010835,0.8787886862865139,0.49353914331447224,1.4481459382155557,54.45464552125944,0.09131343406383957,13.0,11.0,0.631578947368421,0.05263157894736842,5.331532830556973,1.273782549900793,5.833852379085544,4.995084641916262,0.6111111111111112,0.9444444444444444,4.840912301554493,1.041582974531798,0.9200575695525552,0.55,0.45,61,-2.106804936394679,-0.05106947459196698,2.055735461802712,1.7289933061022775,6.752994297228974,-2.7730343424306425,3.9799599547983315,-0.03163602511520296,0.27068659259217837,-0.0961352293833785,-0.06449920426817554,47.62636184345564,0.043163814791475436,13.0,12.0,0.3684210526315789,0.10526315789473684,2.7219648678386754,4.031029429390299,5.4301500021637885,5.228499460145322,0.1111111111111111,0.05555555555555555,4.618066289767468,0.713063066450316,0.6582359366483881,0.4,0.6,0.09835552145905223,-4.380391068484446,-2.324655606681734,0.03000084622346577,124,0.03942652329749104,0.03278688524590164
16318af5-cfa6-4b2c-bf25-9eb3ac468b48,frontierscience,deepseek/deepseek-v3.2_reasoning-auto_s3,physics,,deepseek/deepseek-v3.2,1,is_correct,True,,,True,,,,49,0.03113255840271357,-2.695369400275471,-2.7265019586781847,2.2333495385767734,8.69834475476194,-4.408371197057329,4.28997355770461,0.0379394793006416,-0.2908239839234668,-0.4623042820142924,-0.500243761314934,57.70895368836638,0.04724573544343819,12.0,13.0,0.631578947368421,0.6842105263157895,1.7130017967818585,6.985342957980081,5.836347109608859,8.69834475476194,0.6111111111111112,0.6666666666666666,5.639840590471532,0.8654782373344896,1.092679098556766,0.5,0.5,3,-1.9345798287442313,3.5734773780001796,5.508057206744411,1.8294270338812093,5.508057206744411,-1.9345798287442313,3.5734773780001796,-1.8412064773268788,-1.0318535017318624,2.2017997655643557,4.043006242891234,5.508057206744411,1.0,0.0,1.0,1.0,0.0,5.508057206744411,0.0,0.54867104497433,0.0,0.7222222222222222,0.1111111111111111,0.028752588583438002,0.6746124850770169,1.0196435480782697,0.35,0.65,-1.027740605548934,-0.26695103401769416,5.241106172726717,-6.727839988796063,52,0.05782312925170068,0.6666666666666666
23cb57a5-1c57-4f6e-8205-7ffb6116a16a,frontierscience,deepseek/deepseek-v3.2_reasoning-auto_s3,chemistry,,deepseek/deepseek-v3.2,0,is_correct,False,,,True,,,,133,-2.5408398562747343,-2.4824596125938796,0.058380243680854704,2.152184506445668,7.301864975295917,-4.884664191005297,2.41720078429062,-1.1110183517964365,-0.06846820723214475,-1.709413778337085,-0.5983954265406486,54.37462953286559,0.0010736669689964142,12.0,10.0,0.05263157894736842,0.9473684210526315,2.402204578411417,4.899660396884499,4.958040640565354,6.522430443405452,0.0,0.9444444444444444,5.150754450740336,0.5288903822375188,1.454534811398648,0.4,0.6,2,2.485570122148097,-2.485570122148097,-4.971140244296194,1.5086838430061296,4.971140244296194,-2.485570122148097,2.485570122148097,1.7006532414697506,-0.13081948011305758,-1.8314727215828082,-3.5321259630525588,4.971140244296194,1.0,0.0,1.0,0.0,1.0,0.0,4.971140244296194,-0.26163896022611466,0.261638960226116,0.8333333333333334,0.5555555555555556,4.440892098500626e-16,0.6540974005652889,0.6540974005652886,0.5,0.5,-0.19489468804377924,4.773135046698197,-0.19800519759799684,-5.3476063049412375,135,0.017316017316017316,1.0
d9a6df63-9cdc-41c0-980b-ddc78275bf91,frontierscience,deepseek/deepseek-v3.2_reasoning-auto_s3,biology,,deepseek/deepseek-v3.2,0,is_correct,False,,0.0,True,,,,35,0.4970906811045229,-2.1971152231870557,-2.6942059042915787,1.631521439643405,5.131882120039567,-2.5667241984865976,2.565157921552969,0.3318357872482297,-0.1339041093323934,0.33136757138580064,-0.00046821586242906665,42.69736089193222,0.06310005695927347,11.0,11.0,0.7894736842105263,0.10526315789473684,0.36960897529954195,4.762273144740025,3.5670515530222877,5.1018248069367225,0.3888888888888889,0.05555555555555555,4.013508506408396,0.7893811836076521,0.6206948249213692,0.65,0.35,20,-0.5541288649851364,1.9948919026689982,2.5490207676541345,3.279964790855641,10.88260058324525,-4.44515392819847,6.437446655046779,0.7753955364982337,-0.1854739718133234,-0.6882418254657287,-1.4636373619639622,78.32392401840428,0.03254459987289675,14.0,9.0,0.5789473684210527,0.42105263157894735,6.440045830867469,4.442554752377781,9.34137904662667,10.669772939828,0.5555555555555556,0.3888888888888889,8.043699689184024,1.414349605906254,1.4143496059062541,0.35,0.65,1.1398218764649473,2.7828082346668666,5.331829002321001,2.944725726988338,55,0.05714285714285714,0.15263157894736842
84b13a21-19c8-47a2-8661-a1b59f1062f5,frontierscience,deepseek/deepseek-v3.2_reasoning-auto_s3,chemistry,,deepseek/deepseek-v3.2,1,is_correct,True,,,True,,,,53,0.15891363485539306,0.14876529946981681,-0.010148335385576246,2.0486538063950093,8.959459538142667,-4.261432572339624,4.6980269658030425,-0.6641663098909651,0.6581397661523113,1.0260430897595934,1.6902093996505585,47.57310897255502,0.00021332083617723685,12.0,10.0,0.7894736842105263,0.21052631578947367,4.410197871809441,4.5492616663332255,5.843448022527714,7.193052356664182,0.2222222222222222,0.16666666666666666,4.487884509020321,0.886117251066594,0.5804136144472449,0.6,0.4,2,-1.2996954373286442,1.2996954373286442,2.5993908746572885,0.7888852097368749,2.5993908746572885,-1.2996954373286442,1.2996954373286442,-0.8892652992248619,0.06840502301729699,0.9576703222421589,1.8469356214670207,2.5993908746572885,1.0,0.0,1.0,1.0,0.0,2.5993908746572885,0.0,0.13681004603459446,0.0,1.0,0.0,9.868649107779169e-17,0.3420251150864853,0.34202511508648537,0.5,0.5,1.5445123892804007,0.0960516524819397,2.695442527139228,-8.860168400369538,55,0.05152394775036284,1.0
fec1882e-053d-458a-a628-106fbb843235,frontierscience,deepseek/deepseek-v3.2_reasoning-auto_s3,chemistry,,deepseek/deepseek-v3.2,0,is_correct,False,,0.2,True,,,,0,,,,,,,,,,,,,,,,,,,,,,,,,,,,,80,2.611711766705407,-0.03992874377194631,-2.6516405104773533,1.88418533617347,6.548380342451785,-3.6408215761042046,2.9075587663475804,1.0663668478635848,1.641862838573811,-0.6148589456637569,-1.6812257935273416,34.9120746458745,0.07595196038545057,11.0,5.0,0.5789473684210527,0.2631578947368421,3.600892832332258,2.947487510119527,6.08123356285914,6.317113197532997,0.2777777777777778,0.2222222222222222,3.3838798344888827,1.250732455628792,0.4873097490748305,0.7,0.3,,,,,80,,0.03132911392405063
f88cc0c0-2ca6-4cb0-bd1e-a37ddcf11294,frontierscience,deepseek/deepseek-v3.2_reasoning-auto_s3,physics,,deepseek/deepseek-v3.2,0,is_correct,False,,,True,,,,349,2.5523507735890147,0.26614405228338617,-2.2862067213056285,2.013796215481942,7.794561742255839,-3.902429548000229,3.89213219425561,0.16629952768708797,-0.03627268059213166,-0.5441985929803619,-0.7104981206674499,49.23941540478495,0.04643041966504463,13.0,10.0,0.631578947368421,0.6842105263157895,4.168573600283615,3.6259881419722237,4.477179726304013,7.794561742255839,0.2777777777777778,0.6666666666666666,4.868222017301277,0.768544861048049,0.8862950424589229,0.55,0.45,2,3.767445204813935,-3.767445204813935,-7.53489040962787,2.286752507711002,7.53489040962787,-3.767445204813935,3.767445204813935,2.57772566645164,-0.19828658972704888,-2.7760122561786886,-5.353737922630328,7.53489040962787,1.0,0.0,1.0,0.0,1.0,0.0,7.53489040962787,-0.39657317945409787,0.39657317945409964,0.6111111111111112,0.7777777777777778,4.194175870806147e-16,0.9914329486352461,0.9914329486352459,0.5,0.5,1.2874386067150203,4.788739759245569,-2.746150650382301,-4.940787758088188,351,0.006060007245660837,1.0
b7337452-ab08-43e5-9f3b-419107415280,frontierscience,deepseek/deepseek-v3.2_reasoning-auto_s3,chemistry,,deepseek/deepseek-v3.2,1,is_correct,True,,,True,,,,150,2.5207705191178795,-2.598452414681381,-5.119222933799261,2.3271938089911965,7.495970843610742,-4.975200324492862,2.5207705191178795,-1.2860748110173577,0.44062548060622475,-0.3517458910912549,0.9343289199261027,56.39545476989935,0.09077367945140868,12.0,9.0,0.0,0.10526315789473684,2.3767479098114808,5.119222933799261,6.319728889923076,6.659553676918465,0.1111111111111111,0.6666666666666666,4.849699402153997,0.7845823841290026,1.1860134171002756,0.55,0.45,2,-2.6016653664734726,2.6016653664734726,5.203330732946945,1.5791509836443398,5.203330732946945,-2.6016653664734726,2.6016653664734726,-1.780086829692376,0.1369297561301827,1.9170165858225587,3.6971034155149347,5.203330732946945,1.0,0.0,1.0,1.0,0.0,5.203330732946945,0.0,0.2738595122603664,0.0,0.9444444444444444,0.8888888888888888,2.9605947323337506e-16,0.6846487806509138,0.6846487806509138,0.5,0.5,0.028893049547265452,0.025680097755174103,5.229010830702119,-5.173982027396043,152,0.015123042505592842,1.0
1510d6bd-6785-456d-8988-b9382a3aef9c,frontierscience,deepseek/deepseek-v3.2_reasoning-auto_s3,biology,,deepseek/deepseek-v3.2,1,is_correct,True,,,True,,,,64,2.571735383120796,-2.2686280138266213,-4.840363396947417,2.05979396172735,6.983776304644572,-2.746078063610349,4.237698241034224,-0.07253835409568156,0.5248798708722618,0.13648050159471606,0.20901885569039763,56.64186024687774,0.08545558666064877,14.0,11.0,0.3684210526315789,0.6842105263157895,0.4774500497837275,6.506326254860845,6.225730474842814,5.669771016147077,0.3333333333333333,1.0,5.1401094634766515,1.0005729248639565,0.8013092435137388,0.45,0.55,2,-1.3803207160614974,1.3803207160614974,2.760641432122995,0.8378228978263176,2.760641432122995,-1.3803207160614974,1.3803207160614974,-0.9444299636210245,0.07264845874007873,1.0170784223611034,1.9615083859821278,2.760641432122995,1.0,0.0,1.0,1.0,0.0,2.760641432122995,0.0,0.14529691748015794,0.0,0.5555555555555556,0.6666666666666666,2.4671622769447924e-16,0.363242293700394,0.363242293700394,0.5,0.5,1.451018256897328,2.3393255546624516,5.0999669867854465,-7.421937275056415,66,0.04117063492063492,1.0
f040ed81-6802-4359-beff-42e319c1b0f1,frontierscience,deepseek/deepseek-v3.2_reasoning-auto_s3,chemistry,,deepseek/deepseek-v3.2,0,is_correct,False,,,False,,,,64,-2.680423557960258,-2.681636455665815,-0.0012128977055567702,2.4304789622254512,8.533769085842225,-4.902514356128935,3.6312547297132896,0.26389191320457767,0.19109283501475133,-0.7952364355897448,-1.0591283487943224,54.57033529650474,2.2226319463982788e-05,13.0,12.0,0.47368421052631576,0.8421052631578947,2.2208779004631203,6.3128911853791045,5.927745996612611,5.6354975426470535,0.8888888888888888,0.8333333333333334,5.252682101097182,1.040823838334157,1.1201501071343152,0.5,0.5,0,,,,,,,,,,,,,,,,,,,,,,,,,,,,,,,,,64,0.04117063492063492,
a6176b58-f026-4fbc-9301-28190a36879c,frontierscience,deepseek/deepseek-v3.2_reasoning-auto_s3,chemistry,,deepseek/deepseek-v3.2,0,is_correct,False,,0.2,True,,,,85,0.093419948761161,-2.3627493986294272,-2.4561693473905883,2.515488885030483,9.644632241020254,-4.20692769292479,5.437704548095465,1.4530321108009956,-1.200506408795104,0.7850628491110507,-0.6679692616899449,64.41879768883148,0.038128146372039845,15.0,9.0,0.2631578947368421,0.3684210526315789,1.8441782942953626,7.800453946724892,5.294041056853054,5.8125247075362605,0.6666666666666666,0.7777777777777778,6.030361478457168,1.1870966731903279,0.8631938227549508,0.6,0.4,16,-3.0253818381491913,-0.4684972752201062,2.556884562929085,1.9852944384705926,7.579514159711543,-3.0253818381491913,4.554132321562352,0.023535080242496446,0.01083267404447365,-0.08645178669995542,-0.10998686694245186,48.83380153629547,0.052358908839581,11.0,10.0,0.7894736842105263,0.0,2.556884562929085,5.022629596782458,6.973486769720738,5.702282431734531,0.7777777777777778,0.8333333333333334,4.149131574067209,0.8397301443010841,0.853636966310631,0.5,0.5,0.6732151326685264,0.0105826931487627,2.5674672560778475,-1.3145378487974106,101,0.028011204481792718,0.125
d3acd2cb-8477-4630-b8bb-b4bc22670dc8,frontierscience,deepseek/deepseek-v3.2_reasoning-auto_s3,physics,,deepseek/deepseek-v3.2,0,is_correct,False,,0.05,True,,,,307,2.6490310489178195,0.12239167593282427,-2.526639372984995,2.4174953066291174,8.691914265408583,-4.396690290560233,4.29522397484835,1.7894419035482676,-0.8117245609207624,0.058176739111085306,-1.7312651644371824,36.745804954313655,0.06875994079123822,11.0,6.0,0.9473684210526315,0.47368421052631576,4.519081966493057,4.172832298915526,5.616228112010717,7.72056766237267,0.9444444444444444,0.4444444444444444,3.2595552846632905,1.1615712370501474,0.8019171453971949,0.6,0.4,58,4.909502576695415,2.648891444533229,-2.260611132162186,3.668605475073421,9.823016134697088,-4.913513558001673,4.909502576695415,1.0775249751455653,-1.0998388813356592,2.09646213951681,1.0189371643712446,69.64884362575403,0.03245726726360581,12.0,8.0,0.0,0.3684210526315789,7.562405002534902,2.260611132162186,9.694575678103014,7.354861072319842,0.3888888888888889,0.1111111111111111,6.546194749093803,1.9626533180906425,1.3415245434021323,0.55,0.45,0.0014530371307917092,4.788563937893382,2.5279528057311964,-3.348763781225678,365,0.006897873155776969,0.034482758620689655
710c1336-0995-4d45-bfea-48ff475f255f,frontierscience,deepseek/deepseek-v3.2_reasoning-auto_s3,physics,,deepseek/deepseek-v3.2,1,is_correct,True,,,True,,,,50,0.20898754732522576,0.05495945283115958,-0.15402809449406618,2.1992859847252046,7.5563608737872,-4.938238021160883,2.6181228526263167,-0.6508786200876633,-0.8396573689929718,-0.3602044972369214,0.2906741228507419,59.42409312271986,0.0025920142218405348,14.0,10.0,0.631578947368421,0.5789473684210527,4.993197473992042,2.5631633997951573,7.5563608737872,6.230228288665163,0.6111111111111112,0.5555555555555556,5.874710373099643,0.5964511006876617,1.2262000460369602,0.5,0.5,2,3.7624629254673767,-3.7624629254673767,-7.524925850934753,2.283728378846354,7.524925850934753,-3.7624629254673767,3.7624629254673767,2.574316738477679,-0.1980243644982828,-2.772341102975961,-5.34665784145364,7.524925850934753,1.0,0.0,1.0,0.0,1.0,0.0,7.524925850934753,-0.39604872899656574,0.3960487289965666,0.0,0.7777777777777778,3.20731096002823e-16,0.990121822491415,0.990121822491415,0.5,0.5,1.2903235335364178,4.997827006172635,-2.5270988447621185,-4.271252475332201,52,0.0563265306122449,1.0
1c77dfab-266d-40d4-b3a0-2c27f0b32139,frontierscience,deepseek/deepseek-v3.2_reasoning-auto_s3,physics,,deepseek/deepseek-v3.2,0,is_correct,False,,0.3,True,,,,72,-2.6164631848323956,-2.259494063286302,0.3569691215460935,1.9099188806265668,8.265553428534378,-4.839510647162998,3.4260427813713807,-0.22393525312295884,0.3746191728138561,-0.6434069670582102,-0.4194717139352514,49.93592955243366,0.007148542637446435,13.0,14.0,0.15789473684210525,0.7894736842105263,2.5800165838766955,5.685536844657683,6.1562498745363,5.66131161524063,0.8333333333333334,0.7777777777777778,4.500290640476207,0.683145222916392,0.823427941142041,0.5,0.5,51,0.12174957915331709,2.652056621198206,2.530307042044889,2.0393275625724683,8.710002620957729,-4.8631996316754655,3.846802989282264,0.2213556978682559,-1.2187073792265408,0.43271608980212806,0.21136039193387215,52.7861816201502,0.04793502701621798,14.0,10.0,0.7368421052631579,0.6842105263157895,7.515256252873671,1.1947463680840578,8.710002620957729,6.633947924942298,0.7222222222222222,0.7777777777777778,5.210814874697691,0.7052083588649063,0.9244666203996676,0.45,0.55,0.049990400747505506,2.431234043187125,4.961541085232014,0.8147434312789628,123,0.030907668231611892,0.04156862745098039
6e9aca19-46c4-46ea-9643-86b138e8f2f5,frontierscience,deepseek/deepseek-v3.2_reasoning-auto_s3,physics,,deepseek/deepseek-v3.2,1,is_correct,True,,,True,,,,339,-0.010434283484446397,-0.12379658411200699,-0.11336230062756059,1.8514183579131582,6.6408808466861,-2.702711595499294,3.9381692511868054,-1.3764421576948116,0.6518799703006479,1.2590833142623181,2.6355254719571297,30.08440215772648,0.0037681420436153196,11.0,6.0,0.7368421052631579,0.2631578947368421,2.5789150113872874,4.061965835298812,4.371366113645311,4.549552640631348,0.4444444444444444,0.7777777777777778,3.054608643649889,0.831555894666765,0.707427665976027,0.35,0.65,2,-0.0051066202232341595,0.0051066202232341595,0.010213240446468319,0.003099600914297879,0.010213240446468319,-0.0051066202232341595,0.0051066202232341595,-0.003494003310633899,0.0002687694854333765,0.0037627727960672756,0.007256776106701175,0.010213240446468319,1.0,0.0,1.0,1.0,0.0,0.010213240446468319,0.0,0.0005375389708667548,0.0,0.5555555555555556,0.8333333333333334,7.709882115452476e-19,0.001343847427166884,0.0013438474271668841,0.5,0.5,-0.017995280907058247,0.10069468298171458,0.1109079234281829,-12.684337472560692,341,0.006248799986036201,1.0
aeaa8d2c-fcb9-423f-b1c0-ac9c122999e6,frontierscience,deepseek/deepseek-v3.2_reasoning-auto_s3,physics,,deepseek/deepseek-v3.2,1,is_correct,True,,,True,,,,132,-0.10567761722527202,-2.3033702023211795,-2.1976925850959077,1.9026329674006772,6.845816696178451,-2.7516531432601625,4.094163552918289,0.3401036494797008,-0.5013174036091729,-0.49866034582990454,-0.8387639953096053,49.59066062884176,0.04431666279956224,13.0,12.0,0.47368421052631576,0.2631578947368421,0.448282940938983,6.397533755239468,6.806169715727146,6.044393720006085,0.4444444444444444,0.5,4.692756226862081,0.6362865440445646,0.8423094617388512,0.3,0.7,2,-0.04859108380224875,0.04859108380224875,0.0971821676044975,0.02949366923643831,0.0971821676044975,-0.04859108380224875,0.04859108380224875,-0.033246531022591244,0.0025574254632762467,0.03580395648586749,0.06905048750845874,0.0971821676044975,1.0,0.0,1.0,1.0,0.0,0.0971821676044975,0.0,0.0051148509265525055,0.0,0.5555555555555556,0.6111111111111112,4.240435163498862e-18,0.012787127316381246,0.01278712731638125,0.5,0.5,-0.04558837704065354,2.2091907414782774,2.306372909082775,-12.198331475769002,134,0.0174647235715938,1.0
bc8a05ac-9db5-47b4-8618-84aa4a46466a,frontierscience,deepseek/deepseek-v3.2_reasoning-auto_s3,physics,,deepseek/deepseek-v3.2,1,is_correct,True,,,True,,,,53,-2.765097507145204,0.022125227814284602,2.7872227349594887,2.2676649914923943,7.642765553316642,-5.067418269515395,2.5753472838012472,-1.3483171190708032,-0.044109680621810164,-0.015341949597297214,1.332975169473506,52.36920813588157,0.053222548787209556,15.0,13.0,0.10526315789473684,0.3157894736842105,5.08954349732968,2.5532220559869625,6.417036180110186,6.894273085717843,0.2222222222222222,0.2777777777777778,5.369276743126109,0.6312397972946919,1.123191762066296,0.6,0.4,2,3.6452345159498627,-3.6452345159498627,-7.290469031899725,2.212573433023489,7.290469031899725,-3.6452345159498627,3.6452345159498627,2.494107826702538,-0.1918544482078873,-2.6859622749104246,-5.180070101612962,7.290469031899725,1.0,0.0,1.0,0.0,1.0,0.0,7.290469031899725,-0.383708896415774,0.38370889641577577,0.6666666666666666,0.7222222222222222,3.7007434154171886e-16,0.9592722410394376,0.9592722410394374,0.5,0.5,1.3994806858003226,5.022589973935901,-2.2678790579638246,-3.041877354307651,55,0.05152394775036284,1.0
4adee97f-5a2a-42f4-9152-ca7bbd9b4148,frontierscience,deepseek/deepseek-v3.2_reasoning-auto_s3,chemistry,,deepseek/deepseek-v3.2,0,is_correct,False,,0.325,True,,,,153,0.02695119849471086,-2.402500816203652,-2.429452014698363,2.4057934667729617,10.14638786314445,-4.97297115691191,5.1734167062325405,-0.5839830496911022,-1.9570678608468957,0.22710691397336782,0.81108996366447,53.987448196618516,0.04500031203272413,11.0,9.0,0.7894736842105263,0.631578947368421,2.5704703407082583,7.5759175224361925,7.277335101463617,7.473881516803431,0.2222222222222222,0.8333333333333334,5.225048591778813,0.5705466756298898,1.3917824201261788,0.5,0.5,22,2.447253552747469,2.6839600916756368,0.23670653892816773,1.9175888363987244,5.826978602008282,-2.8855932103076287,2.9413853917006527,0.12469203894735578,-0.16562261513227614,0.11087399338973387,-0.013818045557621908,47.07785601392021,0.0050279804343294045,9.0,10.0,0.631578947368421,0.10526315789473684,5.569553301983266,0.25742530002501596,5.25758329799735,5.60912480209741,0.1111111111111111,0.6666666666666666,4.400540177149345,0.8171060162485609,0.7981695198963629,0.45,0.55,0.16197988007209932,5.01173424902322,5.248440787951388,-4.789717151362801,175,0.01479188166494668,0.09090909090909091
27c865e6-1c87-489b-b7ea-b197fe3356ba,frontierscience,deepseek/deepseek-v3.2_reasoning-auto_s3,physics,,deepseek/deepseek-v3.2,1,is_correct,True,,,True,,,,97,0.13378927406537944,-2.5421062367497553,-2.6758955108151348,2.02446346417467,6.888632551842451,-3.237539021211921,3.65109353063053,0.24860536542059483,0.7979555981029813,-1.7050759114755607,-1.9536812768961556,36.15875664970059,0.07400407975137863,9.0,5.0,0.05263157894736842,0.8421052631578947,0.6954327844621657,6.193199767380285,5.261596878469662,2.511148268935365,0.3888888888888889,0.8333333333333334,2.77830734543665,0.772663945527236,0.9178903817366526,0.4,0.6,5,0.025312870118330014,-2.4824273365194225,-2.5077402066377523,2.2403006927901052,8.311315985448996,-3.9929524102812675,4.318363575167727,1.0837675872019565,-1.4776480059335977,1.21390440364339,0.13013681644143338,23.09250295021823,0.1085954264916118,3.0,3.0,0.7368421052631579,0.47368421052631576,1.510525073761845,6.80079091168715,2.013515458901866,1.537719952928974,0.5555555555555556,1.0,0.5032239742086438,1.0446557513006884,0.8183425767637458,0.65,0.35,-0.0365272734737749,2.5308918333943105,0.02315162675655813,-0.732876872822132,102,0.02491408934707904,0.4
bf7d23f3-0cf6-4d36-868f-1e3a89f688ea,frontierscience,deepseek/deepseek-v3.2_reasoning-auto_s3,physics,,deepseek/deepseek-v3.2,0,is_correct,False,,0.26,True,,,,8,0.7063561498925854,0.7508408631494352,0.04448471325684977,2.2396154781931217,9.847802093952646,-5.864293771144478,3.9835083228081682,1.7456575532142746,-1.121573607820155,-0.9495117821124511,-2.695169335326726,28.874305912799308,0.0015406331633111476,4.0,4.0,0.2631578947368421,0.42105263157894735,6.615134634293913,3.232667459658733,3.5022857053779126,4.062939100277576,0.5,0.3333333333333333,1.2399537180122306,0.8453987621539858,0.911822915899779,0.55,0.45,25,0.7281383623703919,3.452057537913327,2.7239191755429353,3.076744201329208,9.559197851056894,-4.663286215278034,4.895911635778859,-0.12271006277446703,0.03702756537516575,0.2472625720551489,0.36997263482961595,81.3594423929408,0.03348006199928526,12.0,10.0,0.42105263157894735,0.5789473684210527,8.115343753191361,1.4438540978655316,8.973314677619129,7.722496329101375,0.3888888888888889,0.16666666666666666,7.212611067990049,1.3632694421057716,1.3190795445789822,0.45,0.55,-2.390849702928112,-2.4135522037071553,0.31036697183578,-0.736888123709349,33,0.25,0.12666666666666668
845a3693-c660-4446-bae5-6c38bc75e6fd,frontierscience,deepseek/deepseek-v3.2_reasoning-auto_s3,chemistry,,deepseek/deepseek-v3.2,0,is_correct,False,,0.11499999999999999,True,,,,33,2.7622795791042885,2.7588400305350733,-0.003439548569215134,2.0873437847293204,6.924311767127457,-3.8152796470987074,3.1090321200287496,-0.17482619178501624,1.102333845450739,-0.9566987386732649,-0.7818725468882487,48.45275512811546,7.09876777929452e-05,13.0,12.0,0.3684210526315789,0.7894736842105263,6.574119677633781,0.3501920894936763,5.396320486328154,4.273902314332186,0.3333333333333333,0.8888888888888888,4.466568829579388,0.8862208703099472,0.8486028131289238,0.55,0.45,25,-0.31786352599716594,2.419228836607039,2.737092362604205,1.5653439349826546,5.453331688455526,-3.034102851848487,2.419228836607039,0.3165020084041878,-0.23559940585442915,0.15078905879312776,-0.16571294961106003,31.74898921917331,0.08621037802838985,11.0,9.0,1.0,0.3684210526315789,5.453331688455526,0.0,4.043778739944594,4.340468634743772,1.0,0.8888888888888888,2.863110764284981,0.7112824372435705,0.6377298087132166,0.5,0.5,0.5342399376114759,-2.5424636189207632,0.19462874368344174,-2.8078782102739908,58,0.08143939393939394,0.08
bb0539ef-d9fd-4215-bf16-b0eca44a8778,frontierscience,deepseek/deepseek-v3.2_reasoning-auto_s3,physics,,deepseek/deepseek-v3.2,1,is_correct,True,,,True,,,,54,0.14525500587396967,2.5737773991889834,2.4285223933150135,2.3298248015209944,8.72846809946804,-4.392044896447686,4.336423203020354,0.4737810714002585,0.7182015877616063,-0.03719427391787892,-0.5109753453181374,40.547145213900066,0.059893794754321834,8.0,6.0,0.7368421052631579,0.2631578947368421,6.96582229563667,1.7626458038313708,5.088556011542098,6.534878544231233,0.4444444444444444,0.2222222222222222,3.393865771486002,1.1621001961152575,0.7560645475839688,0.55,0.45,4,2.4821832867440436,-2.513942239496539,-4.996125526240583,2.5122986561896425,8.785608787838418,-4.378596441372039,4.407012346466379,-0.948206577313998,0.6431841721034094,0.3697888379880105,1.3179954153020086,22.567343101917416,0.221387404962886,2.0,3.0,0.6842105263157895,0.3157894736842105,1.8646542018755001,6.920954585962918,1.5080937938172871,1.153492430993821,0.5555555555555556,1.0,0.2951746281470971,1.0778657648691605,1.0736869552964634,0.5,0.5,0.005219261810984097,-0.08637485063395545,-5.082500376874538,-0.750237684162375,58,0.05101327742837177,0.5
0ea11f5b-df09-4330-92cc-302a63c22008,frontierscience,deepseek/deepseek-v3.2_reasoning-auto_s3,physics,,deepseek/deepseek-v3.2,1,is_correct,True,,,True,,,,75,2.5426183423939106,-4.798601948330693,-7.341220290724603,2.4006213530748437,9.111104886209258,-4.798601948330693,4.312502937878565,1.037898504729599,-1.205268215404531,-0.6590076139962381,-1.696906118725837,49.289849865932176,0.1489397981672218,11.0,11.0,0.05263157894736842,1.0,0.0,9.111104886209258,5.007820973392967,5.630626945656737,0.16666666666666666,0.05555555555555555,4.230250911157188,0.8733724312560955,1.1296541141911933,0.5,0.5,22,4.37059259303913,-0.09404984928490799,-4.464642442324038,1.9790067017519848,8.793909015915794,-4.423316422876663,4.37059259303913,0.9303569327373381,-0.44658562641341154,-0.494226189816499,-1.424583122553837,51.141400926261475,0.08729996365882524,13.0,13.0,0.0,0.42105263157894735,4.329266573591755,4.464642442324038,5.854998633146992,5.522770360834549,0.4444444444444444,0.6111111111111112,4.851749151575337,0.7633687954801468,0.7423166952117222,0.4,0.6,0.1257497890364439,9.294944330406267,4.830301888082229,-0.10483019369225843,97,0.03099099099099099,0.09090909090909091
a74ccc5b-fd37-49fa-b784-871dbcc41e9e,frontierscience,deepseek/deepseek-v3.2_reasoning-auto_s3,chemistry,,deepseek/deepseek-v3.2,1,is_correct,True,,,True,,,,88,-2.511460473716578,0.13039325290373352,2.6418537266203117,2.4286571978435156,8.376581627780173,-4.464571664199853,3.9120099635803203,-0.03998928057621676,0.5135833851795503,-0.19756604591240012,-0.15757676533618337,62.16804917629003,0.04249536155025233,14.0,13.0,0.7368421052631579,0.2631578947368421,4.594964917103586,3.7816167106765866,6.807703832343421,6.137107562051371,0.2777777777777778,0.8888888888888888,6.059478730809981,1.10290786294304,0.9964197401055934,0.6,0.4,2,3.7614172133222077,-3.7614172133222077,-7.522834426644415,2.283093655647924,7.522834426644415,-3.7614172133222077,3.7614172133222077,2.5736012512204582,-0.19796932701695796,-2.771570578237416,-5.345171829457874,7.522834426644415,1.0,0.0,1.0,0.0,1.0,0.0,7.522834426644415,-0.39593865403391604,0.3959386540339178,0.6111111111111112,0.7777777777777778,4.194175870806147e-16,0.9898466350847915,0.9898466350847913,0.5,0.5,1.2774285003465666,4.908452460765041,-2.6143819658793745,-2.6291204180329686,90,0.027951933124346916,1.0
a466aab3-82ae-4890-94dc-7fd11df89c0f,frontierscience,deepseek/deepseek-v3.2_reasoning-auto_s3,biology,,deepseek/deepseek-v3.2,0,is_correct,False,,0.6,True,,,,135,-2.551869571441556,0.10081251045516516,2.652682081896721,1.8162460181059898,6.76900242859382,-2.551869571441556,4.217132857152264,1.602334836243774,0.2997964507839515,1.0194260367342907,-0.5829087995094833,34.72337324608038,0.07639471151312062,9.0,7.0,0.10526315789473684,0.0,2.652682081896721,4.116320346697099,4.975826544450445,5.269694906465105,0.0,0.16666666666666666,2.6909379224998347,1.3643795713890698,0.3928058099090789,0.75,0.25,13,0.20801560085736498,0.10032157616515364,-0.10769402469221134,2.4725058086846805,8.89522955242417,-4.424942379242294,4.470287173181875,-0.3841218106335901,-0.3966481137294182,0.8574617479009051,1.2415835585344952,49.98026255648297,0.0021547310715005893,7.0,8.0,0.8421052631578947,0.15789473684210525,4.525263955407448,4.369965597016721,4.560401022129978,5.21481340836958,0.4444444444444444,0.3888888888888889,3.200707250175001,0.9628089949815694,0.9788399441383507,0.55,0.45,-0.2559270747510977,-0.1487239843488979,-0.25641800904110923,-0.12256051919422362,148,0.017025981205085684,0.15384615384615385
6646019d-bda1-4b1c-83ac-7953e853effd,frontierscience,deepseek/deepseek-v3.2_reasoning-auto_s3,physics,,deepseek/deepseek-v3.2,1,is_correct,True,,,True,,,,110,-0.11952284234626069,-2.414435286240139,-2.294912443893878,1.7358308253399146,5.909668241025187,-3.378884075935013,2.5307841650901737,-0.14606157102785255,-0.3790072607812132,-1.0926748318230566,-0.946613260795204,40.04945860966347,0.057301959216500935,12.0,10.0,0.2631578947368421,0.15789473684210525,0.9644487896948744,4.9452194513303125,5.1166512938379185,5.804584562794682,0.2222222222222222,0.1111111111111111,3.7018687294814825,0.5450266203604162,1.056603161040506,0.35,0.65,2,1.1612212062071645,-1.1612212062071645,-2.322442412414329,0.7048345393075394,2.322442412414329,-1.1612212062071645,1.1612212062071645,0.7945197726680601,-0.061116905589850674,-0.8556366782579107,-1.6501564509259707,2.322442412414329,1.0,0.0,1.0,0.0,1.0,0.0,2.322442412414329,-0.12223381117970122,0.12223381117970167,0.8333333333333334,0.5555555555555556,1.2335811384723962e-16,0.30558452794925384,0.3055845279492538,0.5,0.5,1.3267239002871505,4.902380392734454,2.579937980320125,-7.785186386197768,112,0.021517931609674728,1.0
441c416a-8f5e-431c-9675-faeac34ff290,frontierscience,deepseek/deepseek-v3.2_reasoning-auto_s3,chemistry,,deepseek/deepseek-v3.2,0,is_correct,False,,,True,,,,213,-2.4995055273018134,-5.028406495766951,-2.528900968465138,2.2723397908849283,9.380021503049278,-5.028406495766951,4.3516150072823265,-0.3302029766604577,-0.890257151758518,-0.09553705762242393,0.2346659190380338,49.71184186919709,0.05087119835791317,9.0,10.0,0.9473684210526315,1.0,0.0,9.380021503049278,4.720084247216025,9.380021503049278,0.2777777777777778,1.0,4.276585487379823,0.6838982785564955,1.1397204407898642,0.5,0.5,2,-1.4411772345301657,1.4411772345301657,2.8823544690603313,0.8747614035386152,2.8823544690603313,-1.4411772345301657,1.4411772345301657,-0.9860686341522186,0.07585143339632443,1.0619200675485432,2.0479887017007616,2.8823544690603313,1.0,0.0,1.0,1.0,0.0,2.8823544690603313,0.0,0.15170286679264944,0.0,0.7777777777777778,0.8888888888888888,2.220446049250313e-16,0.37925716698162254,0.37925716698162254,0.5,0.5,1.352405449622346,4.939634710859131,7.821989179919463,-7.937256735976277,215,0.010275489414474266,1.0
1e2f4cbe-4a38-4dd3-9378-14df40f7599f,frontierscience,deepseek/deepseek-v3.2_reasoning-auto_s3,physics,,deepseek/deepseek-v3.2,1,is_correct,True,,,True,,,,89,-2.815104736632726,-0.029385895658346997,2.785718840974379,1.762198754182394,5.944782994013736,-3.359886918504608,2.5848960755091284,0.6508712862142024,-0.13501334342682267,0.27975770457544585,-0.3711135816387566,42.51606730438142,0.06552155496957973,13.0,10.0,0.3684210526315789,0.5263157894736842,3.330501022846261,2.6142819711674754,5.755959548496701,3.4793748373597273,0.5555555555555556,0.8333333333333334,4.036299801957993,0.8800933625384226,0.6156157711902059,0.55,0.45,4,-4.282350315004291,3.157554175706564,7.439904490710855,2.6711075038714416,9.062376546797623,-4.282350315004291,4.7800262317933315,0.2488379583945203,-0.05703446688753035,0.26956089995137306,0.020722941556852753,24.547216326509307,0.30308546564916483,2.0,3.0,0.3157894736842105,0.0,7.439904490710855,1.6224720560867674,1.5103960911329377,1.490871639743827,0.16666666666666666,0.5555555555555556,0.31374092671792647,1.2230457782191486,1.07504628620629,0.5,0.5,-0.6697639241681079,-4.922728343514052,2.5171761471968033,-0.7871843526675733,93,0.027579162410623085,0.5
cfa05761-b488-4491-9f77-8854ece1cf98,frontierscience,deepseek/deepseek-v3.2_reasoning-auto_s3,physics,,deepseek/deepseek-v3.2,0,is_correct,False,,,True,,,,127,2.666708682164787,-4.773357359330257,-7.440066041495044,2.3536373422022265,8.082808765860799,-4.773357359330257,3.3094514065305423,0.4533390116822556,0.5611360483815832,-1.5157329924642122,-1.9690720041464678,45.926566403162205,0.16199917877994835,12.0,9.0,0.3157894736842105,1.0,0.0,8.082808765860799,5.883302901359036,5.366572005988635,0.7222222222222222,0.5,4.31895824425002,1.0159139321982764,1.1155675589151965,0.45,0.55,3,4.015718244846947,-0.8965847351284116,-4.912302979975358,2.055143033301523,7.017875503271265,-3.0021572584243184,4.015718244846947,1.7626071644578474,-2.3689497038198035,-1.481465991599497,-3.244073156057344,9.123448026567171,0.538426148279784,1.0,1.0,0.0,0.5263157894736842,2.1055725232959066,4.912302979975358,0.23395250258843447,0.7510370267963666,1.0,0.05555555555555555,0.05472164052137809,0.6414377033568093,1.298097389613343,0.3,0.7,0.7753469082064119,9.564422512383615,4.652119532408257,-3.1075110640930887,130,0.01824771903512061,0.6666666666666666
afb2ebc7-421e-4e61-8073-7c4393aa9855,frontierscience,deepseek/deepseek-v3.2_reasoning-auto_s3,physics,,deepseek/deepseek-v3.2,0,is_correct,False,,,True,,,,146,2.5368130964001034,-2.436657344342552,-4.9734704407426555,2.4170236927611546,9.147664966132481,-4.711392306350028,4.436272659782453,0.8443807150834756,-0.6450098363263335,-0.8638064352518254,-1.708187150335301,60.70682923017393,0.0819260452870206,10.0,11.0,0.15789473684210525,0.42105263157894735,2.274734962007476,6.872930004125005,8.304006458295575,7.070981860496183,0.4444444444444444,0.5,5.457543778431793,0.8786229772422237,1.0679851002527714,0.45,0.55,2,3.7004749534344246,-3.7004749534344246,-7.400949906868849,2.246103106868105,7.400949906868849,-3.7004749534344246,3.7004749534344246,2.5319039155077645,-0.1947618396544431,-2.7266657551622075,-5.2585696706699725,7.400949906868849,1.0,0.0,1.0,0.0,1.0,0.0,7.400949906868849,-0.3895236793088861,0.38952367930888787,0.6111111111111112,0.7222222222222222,5.181040781584064e-16,0.9738091982722171,0.9738091982722168,0.5,0.5,1.2156067098649739,7.352739007641951,-0.04821089922689836,-6.4393097706003815,148,0.015588096362777516,1.0
0949d931-d0ad-4146-86e7-ef725919e3de,frontierscience,deepseek/deepseek-v3.2_reasoning-auto_s3,chemistry,,deepseek/deepseek-v3.2,1,is_correct,True,,,True,,,,241,-2.560373965232782,2.68201478273346,5.242388747966242,2.1979592924517806,7.034703056191705,-2.657427616262389,4.377275439929316,-0.10242377687135074,0.003135779244154107,-0.5908034493071139,-0.4883796724357632,47.13428139447218,0.11122241801231872,12.0,9.0,0.42105263157894735,0.7894736842105263,5.339442398995849,1.6952606571958562,4.713561947132687,6.1702444498700775,0.2222222222222222,0.4444444444444444,4.246380039052387,0.8973104191687169,1.10930225313037,0.45,0.55,2,2.6066529344817635,-2.6066529344817635,-5.213305868963527,1.582178322604908,5.213305868963527,-2.6066529344817635,2.6066529344817635,1.7834993762243645,-0.13719225970956644,-1.9206916359339308,-3.7041910121582955,5.213305868963527,1.0,0.0,1.0,0.0,1.0,0.0,5.213305868963527,-0.2743845194191321,0.2743845194191339,0.8888888888888888,0.9444444444444444,2.9605947323337506e-16,0.6859612985478325,0.6859612985478325,0.5,0.5,-0.04893970836201966,-0.124301556613716,-5.337607425577243,-7.398337647301098,243,0.008990318118948824,1.0
dcfa830a-3f87-43eb-9ec7-6649fcdd0473,frontierscience,deepseek/deepseek-v3.2_reasoning-auto_s3,biology,,deepseek/deepseek-v3.2,0,is_correct,False,,0.12666666666666665,True,,,,42,0.1411184804407785,-4.866906817271285,-5.008025297712063,2.003604719355289,6.85426507942813,-4.866906817271285,1.9873582621568455,-0.8893187569545206,-0.4821065535543513,0.001358251115306815,0.8906770080698274,44.40559573565712,0.11277914899564523,10.0,11.0,0.8947368421052632,1.0,0.0,6.85426507942813,3.794846351284576,5.569561906048383,0.3333333333333333,1.0,3.728955512291219,0.5854449826179863,1.0650363659614992,0.45,0.55,22,2.0664868736095996,2.431168131429524,0.36468125781992455,2.427034171647444,8.846635027014017,-4.1894602915077455,4.657174735506272,-0.3469281625840754,0.28847742916677305,0.2088433792705676,0.555771541854643,62.77205971445846,0.005809611146723716,11.0,12.0,0.5263157894736842,0.631578947368421,6.620628422937269,2.226006604076748,5.600223995053625,6.921503264160442,0.6666666666666666,0.3888888888888889,5.680331538369619,1.091915267704262,1.0497200106191475,0.5,0.5,0.5442311082690094,7.477624799149893,7.842306056969818,0.3902996205396434,64,0.0627177700348432,0.09090909090909091
1eca2503-b141-4f9f-ab10-e27d272c93b0,frontierscience,deepseek/deepseek-v3.2_reasoning-auto_s3,biology,,deepseek/deepseek-v3.2,0,is_correct,False,,,True,,,,113,2.8048637381816404,-2.6991047678392848,-5.503968506020925,1.9126388315049652,7.232907700121161,-2.6991047678392848,4.533802932281876,0.5881660801059059,0.84835718701739,0.2290734737776865,-0.3590926063282194,40.975123092550604,0.13432463628209484,10.0,9.0,0.47368421052631576,1.0,0.0,7.232907700121161,2.879684676287266,7.006829309340658,0.4444444444444444,0.5,3.5530605239249864,1.1347009233909184,0.5631957377644591,0.6,0.4,2,-2.6072139953324935,2.6072139953324935,5.214427990664987,1.5825188736249323,5.214427990664987,-2.6072139953324935,2.6072139953324935,-1.7838832599643377,0.13722178922802583,1.9211050491923636,3.7049883091567013,5.214427990664987,1.0,0.0,1.0,1.0,0.0,5.214427990664987,0.0,0.2744435784560526,0.0,1.0,0.0,1.9737298215558337e-16,0.6861089461401298,0.68610894614013,0.5,0.5,0.04352653925072296,0.13541731175751437,5.3498453024225014,-8.919726376460485,115,0.020859671302149177,1.0
4a737e9f-5afd-4a14-a17b-c468cda1a8bb,frontierscience,deepseek/deepseek-v3.2_reasoning-auto_s3,chemistry,,deepseek/deepseek-v3.2,1,is_correct,True,,,True,,,,147,0.12920608331024083,-2.0754599308213915,-2.2046660141316323,2.1339847830832963,7.306704168284245,-2.5906439037699442,4.716060264514301,0.4453563595013344,0.3490102988420815,0.36558938680766057,-0.07976697269367383,51.72175185374529,0.04262550928989826,14.0,11.0,0.8421052631578947,0.42105263157894735,0.5151839729485528,6.791520195335693,6.38556909951143,5.322978320606371,0.4444444444444444,0.8888888888888888,4.63172049037314,1.035263823518599,0.6475586770561049,0.55,0.45,2,1.1947064435962051,-1.1947064435962051,-2.3894128871924103,0.7251593075278826,2.3894128871924103,-1.1947064435962051,1.1947064435962051,0.8174307245658247,-0.06287928650506333,-0.8803100110708879,-1.6977407356367125,2.3894128871924103,1.0,0.0,1.0,0.0,1.0,0.0,2.3894128871924103,-0.12575857301012672,0.12575857301012716,0.05555555555555555,0.7777777777777778,1.4802973661668753e-16,0.3143964325253171,0.31439643252531707,0.5,0.5,1.31284037378474,4.583006748202337,2.1935938610099264,-10.305606465851426,149,0.01546920137918181,1.0
5ef8b29d-7665-45e6-a26a-bd4a27f450ad,frontierscience,deepseek/deepseek-v3.2_reasoning-auto_s3,chemistry,,deepseek/deepseek-v3.2,0,is_correct,False,,,True,,,,93,-2.4685916042844913,0.1456383746386111,2.6142299789231025,1.9058774593093568,6.739446507486891,-3.8215499191488598,2.9178965883380314,-0.5372501411436107,-1.2010016792824578,-0.15002797425053185,0.38722216689307887,47.59613187829274,0.05492526127139713,11.0,7.0,0.5789473684210527,0.631578947368421,3.967188293787471,2.7722582136994203,5.911620199823367,6.739446507486891,0.5555555555555556,0.6111111111111112,4.687385488584457,0.5150737039141163,1.1684702333383998,0.3,0.7,2,3.7613564221096087,-3.7613564221096087,-7.5227128442192175,2.283056756781371,7.5227128442192175,-3.7613564221096087,3.7613564221096087,2.5735596572328907,-0.19796612747945286,-2.771525784712343,-5.345085441945233,7.5227128442192175,1.0,0.0,1.0,0.0,1.0,0.0,7.5227128442192175,-0.3959322549589057,0.3959322549589066,0.6111111111111112,0.5555555555555556,2.220446049250313e-16,0.9898306373972655,0.9898306373972652,0.5,0.5,1.293923235347632,4.9096412828186295,-2.613071561400588,-4.538187286000934,95,0.026180458158017766,1.0
d50f3722-14fb-485a-a417-ed6ae79f3c07,frontierscience,deepseek/deepseek-v3.2_reasoning-auto_s3,physics,,deepseek/deepseek-v3.2,0,is_correct,False,,0.2,True,,,,240,2.524930543080654,0.008276997492022398,-2.516653545588632,2.4247364783803778,9.000553152423528,-4.52420908426161,4.476344068161918,-0.4188416811932977,-0.3750899829338148,0.20480515099458,0.6236468321878776,57.91892799476881,0.04345131432363413,11.0,10.0,0.7368421052631579,0.2631578947368421,4.532486081753633,4.468067070669895,6.767046307539822,4.97028344380694,0.6666666666666666,0.6111111111111112,4.9109201530407836,0.8847470062934499,1.1011815434395653,0.5,0.5,49,4.8414606241212175,-2.587384237328402,-7.428844861449619,2.598476377661611,8.507236136028009,-3.665775511906792,4.8414606241212175,0.4335599611079218,-0.6288875393743517,-0.3163029481155786,-0.7498629092235003,57.234409924982224,0.12979682801284556,14.0,11.0,0.0,0.47368421052631576,1.0783912745783901,7.428844861449619,5.005104071477622,5.644220339388708,0.8333333333333334,0.7777777777777778,5.808061260227173,1.106880473126371,1.270136009954295,0.5,0.5,0.07940697766041009,4.912590604289605,-2.516254257160014,-0.024059793949930963,289,0.00892608089260809,0.04081632653061224
91a30120-36ab-425f-961f-3dee779b0021,frontierscience,deepseek/deepseek-v3.2_reasoning-auto_s3,chemistry,,deepseek/deepseek-v3.2,0,is_correct,False,,0.35,True,,,,57,2.5043439481059258,0.4862832479587194,-2.018060700147206,2.370208060747712,10.105035804538744,-5.056741145473447,5.048294659065298,-0.42307086576199077,-0.3824753554217678,-0.9358157603998989,-0.5127448946379081,59.505761855062346,0.03391370242536477,12.0,10.0,0.47368421052631576,0.42105263157894735,5.543024393432167,4.562011411106578,10.105035804538744,7.5056470208928,0.4444444444444444,0.5,5.555098706584108,0.6655655247204456,1.228251430254731,0.5,0.5,15,4.233605081785926,2.7343646429934005,-1.4992404387925258,2.3137328344860832,7.717851001578609,-3.484245919792683,4.233605081785926,0.027932919821321622,0.27656204410004975,-0.2921396082031968,-0.3200725280245184,46.80621115317192,0.03203080108078619,9.0,8.0,0.0,0.2631578947368421,6.2186105627860835,1.4992404387925258,3.7002669017224834,5.4577621022396485,0.5555555555555556,0.16666666666666666,3.1013614537374523,0.9831113723167609,0.96418001740524,0.5,0.5,0.06059463715538663,3.807916470982594,2.3086760321900677,-0.4172982573245072,72,0.043233082706766915,0.14285714285714285
70929247-a356-4a12-8534-49fd885f0c3e,frontierscience,deepseek/deepseek-v3.2_reasoning-auto_s3,physics,,deepseek/deepseek-v3.2,1,is_correct,True,,,True,,,,36,-2.5466442660690327,-4.389320981084767,-1.8426767150157342,2.4470757185100145,9.011227526483639,-5.615082021417617,3.396145505066021,0.6760547211691387,-0.44468289580912385,-1.5167311620350439,-2.1927858832041824,50.05252327662534,0.036814861557164874,9.0,10.0,0.3157894736842105,0.631578947368421,1.2257610403328503,7.7854664861507885,6.042264690866334,6.932174266414993,0.6666666666666666,0.6111111111111112,4.436021721653808,0.8240418101170078,1.1980810198515157,0.55,0.45,2,3.6965558285141586,-3.6965558285141586,-7.393111657028317,2.243724288264984,7.393111657028317,-3.6965558285141586,3.6965558285141586,2.529222408983372,-0.19455556992179776,-2.723777978905169,-5.253000387888541,7.393111657028317,1.0,0.0,1.0,0.0,1.0,0.0,7.393111657028317,-0.38911113984359513,0.38911113984359647,0.16666666666666666,0.5555555555555556,3.9474596431116675e-16,0.9727778496089892,0.9727778496089889,0.5,0.5,1.1356085279974655,9.221485337596391,1.828373680568074,-7.143976293013525,38,0.0873015873015873,1.0
3a998a27-4c4b-47c6-bd2c-dd1c9deb3d63,frontierscience,deepseek/deepseek-v3.2_reasoning-auto_s3,physics,,deepseek/deepseek-v3.2,0,is_correct,False,,,True,,,,110,2.5611436664010396,-4.734555929495063,-7.295699595896103,2.9057779773313257,11.506735123342473,-4.734555929495063,6.7721791938474105,0.8174172282549991,1.6223207466175122,-1.2966630305111433,-2.1140802587661423,61.37062716998907,0.11887933906374974,10.0,9.0,0.5789473684210527,1.0,0.0,11.506735123342473,9.411722492972954,9.958648027839605,0.5555555555555556,0.6111111111111112,5.385205927964965,1.4410426645036567,0.9761332824516206,0.55,0.45,2,3.7228660816203245,-3.7228660816203245,-7.445732163240649,2.2596940062033255,7.445732163240649,-3.7228660816203245,3.7228660816203245,2.5472241611086432,-0.19594032008527998,-2.7431644811939235,-5.290388642302567,7.445732163240649,1.0,0.0,1.0,0.0,1.0,0.0,7.445732163240649,-0.3918806401705597,0.39188064017056146,0.6111111111111112,0.7777777777777778,5.674473236973022e-16,0.9797016004264012,0.9797016004264009,0.5,0.5,1.2325357104482666,9.689957721563655,2.2442255583230057,-4.912709662058358,112,0.021351125938281902,1.0
af50243e-3a60-4460-9536-f9a02c4f8eb8,frontierscience,deepseek/deepseek-v3.2_reasoning-auto_s3,physics,,deepseek/deepseek-v3.2,0,is_correct,False,,0.0,True,,,,82,2.657983269653518,-2.2951894574413627,-4.953172727094881,2.5586379415643274,8.54379713133067,-4.64654507735069,3.8972520539799813,-0.09361274196663517,-1.0734508381013574,-0.6549410800154823,-0.5613283380488472,63.03981945001268,0.07857212743165438,12.0,9.0,0.21052631578947367,0.3684210526315789,2.3513556199093273,6.192441511421344,7.941131838550545,7.247763978642487,0.16666666666666666,0.2222222222222222,5.509291399941258,0.8256353789041591,1.430589955932601,0.45,0.55,9,5.004752867602168,2.6458969204195455,-2.3588559471826223,2.4201275857958966,8.932229803540572,-3.9274769359384045,5.004752867602168,0.026146198324362047,-0.478946700771235,-0.22039313175809894,-0.24653933008246098,31.800485797641134,0.07417672680200361,5.0,4.0,0.0,0.2631578947368421,6.57337385635795,2.3588559471826223,4.006828750925354,2.843397659420667,0.2777777777777778,0.4444444444444444,1.2357251602239265,0.9059694403768972,1.1305675557607324,0.4,0.6,0.0245864705219436,7.324528795565474,4.965672848382852,-2.438725458171941,91,0.029208069858476363,0.2222222222222222
07fd78cd-81de-4a62-9952-369093ec303f,frontierscience,deepseek/deepseek-v3.2_reasoning-auto_s3,physics,,deepseek/deepseek-v3.2,0,is_correct,False,,0.0,True,,,,419,-2.6471676786240894,-0.10659028070640239,2.540577397917687,2.832867995020547,10.068497819649437,-5.03065926397646,5.037838555672977,-0.06574108355898511,1.0247946102642336,-0.047725720151805706,0.018015363407179408,70.84770360879855,0.03585970001153536,13.0,10.0,0.05263157894736842,0.8421052631578947,4.9240689832700575,5.1444288363793795,9.724521396345644,9.980478056527524,0.3888888888888889,0.05555555555555555,6.990349785043825,1.2117468220821748,0.8903958037808796,0.6,0.4,11,0.10305823568699715,0.13861682549675727,0.03555858980976012,1.744730573207807,7.468788837162792,-3.7752222770078494,3.6935665601549434,0.3945945088325308,-0.4106421637161835,0.0017626106145230646,-0.39283189821800774,34.65100400573949,0.0010261921935615576,9.0,6.0,0.3157894736842105,0.21052631578947367,3.913839102504607,3.554949734658186,5.045552002766355,3.75231873434529,0.2222222222222222,0.1111111111111111,2.6186391346837876,0.7118524181084342,0.7169403141333557,0.5,0.5,-0.010429918206169895,0.19921859818722965,0.23477718799698977,-3.0377734041861437,430,0.005001655799294287,0.18181818181818182
4842f95d-b84a-4ff4-8165-64fc7bfcf00d,frontierscience,deepseek/deepseek-v3.2_reasoning-auto_s3,chemistry,,deepseek/deepseek-v3.2,0,is_correct,False,,,True,,,,280,-2.6348049217686467,-2.326640132235975,0.3081647895326718,2.387158736080673,7.700106296242608,-3.2641004794963413,4.436005816746267,-0.13592461260519784,-0.046796866079375006,0.8402112318832149,0.9761358444884127,60.42704002402347,0.005099782968190355,13.0,10.0,0.8421052631578947,0.631578947368421,0.9374603472603664,6.762645948982241,6.38335050263038,4.6913413933619665,0.5,0.3333333333333333,5.22942000960738,1.0812574447253043,0.8931465926999402,0.4,0.6,2,3.706242862696831,-3.706242862696831,-7.412485725393662,2.2496040950054255,7.412485725393662,-3.706242862696831,3.706242862696831,2.5358503797399368,-0.19506541382614875,-2.7309157935660857,-5.2667661733060225,7.412485725393662,1.0,0.0,1.0,0.0,1.0,0.0,7.412485725393662,-0.390130827652297,0.3901308276522988,0.8333333333333334,0.7777777777777778,3.4540271877227093e-16,0.9753270691307451,0.975327069130745,0.5,0.5,1.2071582439578916,7.240041238890697,-0.17244448650296462,-2.8398674859740787,282,0.007654889912954429,1.0
328c6a47-15d7-470e-99f5-73e468634614,frontierscience,deepseek/deepseek-v3.2_reasoning-auto_s3,physics,,deepseek/deepseek-v3.2,0,is_correct,False,,,False,,,,98,2.6543234589691136,-0.13795712152048212,-2.792280580489596,2.438965413813961,8.768283039562299,-4.168033635303794,4.600249404258505,0.24925264928347193,0.8660470395188236,0.36702566130332875,0.11777301201985682,53.14787760468185,0.05253795083331081,9.0,9.0,0.5263157894736842,0.47368421052631576,4.030076513783312,4.7382065257789865,8.768283039562299,6.607813964178433,0.5,0.4444444444444444,4.843037849850713,1.2923264137905428,0.7918638243187408,0.55,0.45,0,,,,,,,,,,,,,,,,,,,,,,,,,,,,,,,,,98,0.02461603197980223,
dcc38501-c38e-4a8e-a069-1a401d6432c0,frontierscience,deepseek/deepseek-v3.2_reasoning-auto_s3,physics,,deepseek/deepseek-v3.2,0,is_correct,False,,,True,,,,298,2.641509497547405,2.456306713304569,-0.18520278424283632,1.6741174907060559,6.0583402018022685,-3.416830704254864,2.641509497547405,-0.004363037461970087,-0.10381461754660846,0.3834953744083676,0.3878584118703377,41.75872086289825,0.004435068422016373,11.0,12.0,0.0,0.5263157894736842,5.873137417559432,0.18520278424283632,5.371514648133964,4.881507052735272,0.5555555555555556,0.5,3.3748531423721175,0.7427452824889473,0.6655588494194395,0.5,0.5,2,0.05537581751692855,-0.05537581751692855,-0.1107516350338571,0.033611846407634,0.1107516350338571,-0.05537581751692855,0.05537581751692855,0.0378887172484248,-0.00291451671141729,-0.04080323395984209,-0.07869195120826689,0.1107516350338571,1.0,0.0,1.0,0.0,1.0,0.0,0.1107516350338571,-0.00582903342283457,0.005829033422834598,0.6666666666666666,0.7222222222222222,6.1679056923619804e-18,0.01457258355708646,0.01457258355708646,0.5,0.5,0.05671243343873101,-2.344218462348909,-2.454970097382766,-12.730157060513541,300,0.007163356156644748,1.0
adadda00-bef8-417d-97d6-cfd9dec33cba,frontierscience,deepseek/deepseek-v3.2_reasoning-auto_s3,chemistry,,deepseek/deepseek-v3.2,1,is_correct,True,,,True,,,,177,-2.6522139714523396,2.333877248018461,4.986091219470801,2.109379932280445,8.058840715426147,-3.6740730889781297,4.384767626448018,-0.0629244177541662,0.38682346569697007,0.8374574004164751,0.9003818181706413,43.26725419060581,0.11523937242482517,13.0,9.0,0.21052631578947367,0.3684210526315789,6.007950336996591,2.050890378429557,5.110488075753278,5.447966779288276,0.16666666666666666,0.2222222222222222,4.0471634495034525,1.0561397462210194,0.6915378593160955,0.5,0.5,2,-1.1656374221256147,1.1656374221256147,2.3312748442512294,0.7075150807028608,2.3312748442512294,-1.1656374221256147,1.1656374221256147,-0.7975413940859469,0.06134933800661123,0.8588907320925582,1.656432126178505,2.3312748442512294,1.0,0.0,1.0,1.0,0.0,2.3312748442512294,0.0,0.12269867601322293,0.0,1.0,0.0,9.868649107779169e-17,0.30674669003305643,0.30674669003305655,0.5,0.5,-1.3152797791309692,-4.814794449275045,-2.4835196050238153,-7.898447192845023,179,0.012583461736004109,1.0
079657b3-e215-4944-8a67-8bb5347e4f15,frontierscience,deepseek/deepseek-v3.2_reasoning-auto_s3,chemistry,,deepseek/deepseek-v3.2,0,is_correct,False,,,True,,,,583,2.6508433743167017,-2.4301924388477745,-5.081035813164476,1.6450074895910467,6.224246605882738,-2.560427238246224,3.663819367636514,1.4811964235375548,-0.0624101318199464,-0.5835715271432581,-2.064767950680813,35.750504560191004,0.14212487000315863,14.0,7.0,0.10526315789473684,0.5789473684210527,0.1302347993984494,6.094011806484288,3.5817066222984923,3.5603643044465136,0.2777777777777778,0.5,3.4653030797654263,0.8201245077986765,0.498620763840491,0.6,0.4,2,1.1613368985073294,-1.1613368985073294,-2.3226737970146587,0.7049047618703485,2.3226737970146587,-1.1613368985073294,1.1613368985073294,0.7945989305576465,-0.06112299465828045,-0.8557219252159268,-1.6503208557735733,2.3226737970146587,1.0,0.0,1.0,0.0,1.0,0.0,2.3226737970146587,-0.12224598931656083,0.12224598931656105,0.05555555555555555,0.0,9.868649107779169e-17,0.30561497329140247,0.3056149732914024,0.5,0.5,1.3085563877825817,4.900085725137686,2.577411928123027,-10.383156781153499,585,0.003548419420817787,1.0
