id,dataset,run_slug,subject,generator,model,target,target_label,is_correct,final_answer_correct,has_answer_chunks,error_step_index,error_step_position,exit_status,reasoning_n_chunks,reasoning_start,reasoning_end,reasoning_end_minus_start,reasoning_std,reasoning_range,reasoning_min,reasoning_max,reasoning_early_mean,reasoning_mid_mean,reasoning_late_mean,reasoning_late_minus_early,reasoning_total_variation,reasoning_monotonicity,reasoning_direction_changes,reasoning_zero_crossings,reasoning_peak_pos,reasoning_trough_pos,reasoning_rebound_from_trough,reasoning_fall_from_peak,reasoning_max_rise,reasoning_max_drop,reasoning_max_rise_pos,reasoning_max_drop_pos,reasoning_curvature_abs_mean,reasoning_positive_mass,reasoning_negative_mass,reasoning_time_positive,reasoning_time_negative,answer_n_chunks,answer_start,answer_end,answer_end_minus_start,answer_std,answer_range,answer_min,answer_max,answer_early_mean,answer_mid_mean,answer_late_mean,answer_late_minus_early,answer_total_variation,answer_monotonicity,answer_direction_changes,answer_zero_crossings,answer_peak_pos,answer_trough_pos,answer_rebound_from_trough,answer_fall_from_peak,answer_max_rise,answer_max_drop,answer_max_rise_pos,answer_max_drop_pos,answer_curvature_abs_mean,answer_positive_mass,answer_negative_mass,answer_time_positive,answer_time_negative,answer_minus_reasoning_mean,answer_start_minus_reasoning_end,answer_end_minus_reasoning_end,answer_range_minus_reasoning_range,total_n_chunks,reasoning_pair_density,answer_pair_density,rubric_score
af36a1cb-5949-4385-93a0-1f875500c34a,frontierscience,deepseek/deepseek-v3.2_reasoning-auto_s1,biology,,deepseek/deepseek-v3.2,0,is_correct,False,,True,,,,32,2.8881182954335376,-0.2007200929818554,-3.088838388415393,2.633585426953082,9.35782694966641,-5.880441113153563,3.477385836512848,1.0196143758906182,0.2705577300649421,-0.2187772273873542,-1.2383916032779725,70.77721468369903,0.0436417059108543,14,11,0.4736842105263157,0.7368421052631579,5.679721020171708,3.678105929494704,8.539729864043954,7.714679585531366,0.7777777777777778,0.7222222222222222,7.156170969139906,1.3072128318619032,0.9212857629936628,0.7,0.3,2,-1.335808912418523,1.335808912418523,2.671617824837046,0.8108052577360914,2.671617824837046,-1.335808912418523,1.335808912418523,-0.9139745190232,0.0703057322325537,0.9842802512557536,1.8982547702789536,2.671617824837046,1.0,0.0,1.0,1.0,0.0,2.671617824837046,0.0,0.1406114644651079,0.0,0.7222222222222222,0.1111111111111111,1.480297366166875e-16,0.3515286611627692,0.3515286611627692,0.5,0.5,1.498037032273583,0.3629482128369155,3.0345660376739616,-9.144887856098649,34,0.1028225806451613,1.0,
eeb31abb-41cb-4fe6-9864-f98fdcef338d,frontierscience,deepseek/deepseek-v3.2_reasoning-auto_s1,biology,,deepseek/deepseek-v3.2,1,is_correct,True,,True,,,,11,-1.9002742552998315,-2.888982260593853,-0.9887080052940224,2.4306071949617363,8.63068693541382,-3.8506646366073616,4.780022298806458,1.1895984559029582,-1.1463056836127454,0.285579942215363,-0.9040185136875952,49.31198162840488,0.0200500562468676,7,8,0.1052631578947368,0.6842105263157895,0.961682376013508,7.669004559400311,5.254494871886308,4.915200848454759,0.2222222222222222,0.1111111111111111,2.992033790927737,1.038784788156923,0.93795833519074,0.45,0.55,2,2.45365686856427,-2.45365686856427,-4.90731373712854,1.489313232766388,4.90731373712854,-2.45365686856427,2.45365686856427,1.6788178574387107,-0.129139835187593,-1.807957692626304,-3.4867755500650146,4.90731373712854,1.0,0.0,1.0,0.0,1.0,0.0,4.90731373712854,-0.2582796703751859,0.2582796703751868,0.6111111111111112,0.7222222222222222,2.220446049250313e-16,0.6456991759379658,0.6456991759379658,0.5,0.5,3.013147691036191,8.355786820194314,3.4484730830657746,-5.592167398946586,13,0.4909090909090909,1.0,
90ddb7c3-4bf1-43b6-820a-c89f3858781a,frontierscience,deepseek/deepseek-v3.2_reasoning-auto_s1,biology,,deepseek/deepseek-v3.2,0,is_correct,False,,True,,,,31,-0.032548857041279,-2.6080321433418607,-2.5754832863005817,2.010163680663999,7.571807326120249,-4.1586213438607205,3.4131859822595287,0.9880416724265184,-0.1147216285729987,-1.1181532819745998,-2.106194954401118,48.47180505091734,0.0531336368347569,11,12,0.1578947368421052,0.7368421052631579,1.5505892005188595,6.02121812560139,6.6503371969511,4.936308618235129,0.7777777777777778,0.8333333333333334,4.303108175243062,0.860805873419731,0.8905898426633791,0.5,0.5,2,2.4668574590151007,-2.4668574590151007,-4.933714918030201,1.4973256872748524,4.933714918030201,-2.4668574590151007,2.4668574590151007,1.6878498403787532,-0.1298346031060577,-1.8176844434848112,-3.5055342838635646,4.933714918030201,1.0,0.0,1.0,0.0,1.0,0.0,4.933714918030201,-0.2596692062121155,0.2596692062121164,0.4444444444444444,1.0,2.220446049250313e-16,0.6491730155302897,0.6491730155302896,0.5,0.5,-0.221154545144408,4.853735057212553,-0.079979860817648,-4.85014968718523,33,0.1075268817204301,1.0,
8f121749-9809-45f1-bcb8-7118ccb5d4cc,frontierscience,deepseek/deepseek-v3.2_reasoning-auto_s1,chemistry,,deepseek/deepseek-v3.2,1,is_correct,True,,True,,,,26,-0.0398818057884148,-2.085766908649536,-2.0458851028611207,2.380078217972013,9.934585722539415,-5.440035946663005,4.494549775876411,0.7505312506948313,0.5465736792667594,-1.5262446066203008,-2.276775857315132,49.29193111471156,0.0415054767909166,12,8,0.631578947368421,0.8421052631578947,3.354269038013469,6.580316684525947,6.297836120561182,5.690953854700236,0.9444444444444444,0.8333333333333334,4.6632173035112,0.8666950437807488,0.8705817002802825,0.6,0.4,2,1.160704758819719,-1.160704758819719,-2.321409517639438,0.7045210676326673,2.321409517639438,-1.160704758819719,1.160704758819719,0.7941664139292816,-0.0610897241484062,-0.8552561380776876,-1.6494225520069692,2.321409517639438,1.0,0.0,1.0,0.0,1.0,0.0,2.321409517639438,-0.1221794482968123,0.1221794482968126,0.0555555555555555,0.0,9.868649107779167e-17,0.3054486207420313,0.3054486207420313,0.5,0.5,1.3955297315787087,4.642001399047963,2.320591881408525,-9.451244947673937,28,0.1384615384615384,1.0,
4ee82eb3-a457-42c5-9c62-5730d41f67a6,frontierscience,deepseek/deepseek-v3.2_reasoning-auto_s1,biology,,deepseek/deepseek-v3.2,0,is_correct,False,,True,,,,15,-2.4166875331632265,-1.2591758851175423,1.1575116480456842,2.4013976153355228,8.359746597252903,-3.2543147642781034,5.1054318329748,-0.0056811427129219,-0.197612279898206,0.3603418717766011,0.366023014489523,41.58651445799848,0.0278338221688366,8,6,0.9473684210526316,0.3684210526315789,1.995138879160561,6.364607718092342,4.57095971950438,6.364607718092342,0.8888888888888888,1.0,2.53545995592046,1.0223853623900854,0.985435498771,0.4,0.6,2,1.4990625052016746,-1.4990625052016746,-2.998125010403349,0.9098964302401223,2.998125010403349,-1.4990625052016746,1.4990625052016746,1.0256743456643038,-0.0788980265895617,-1.1045723722538654,-2.130246717918169,2.998125010403349,1.0,0.0,1.0,0.0,1.0,0.0,2.998125010403349,-0.1577960531791231,0.157796053179124,0.8333333333333334,0.7777777777777778,2.3438041630975528e-16,0.3944901329478091,0.3944901329478091,0.5,0.5,5.327870980871072,8.08610937119029,5.08798436078694,-8.288109632340298,17,0.2952380952380952,1.0,
8b695bb3-ea3c-4372-9222-9f0b79a68b6c,frontierscience,deepseek/deepseek-v3.2_reasoning-auto_s1,biology,,deepseek/deepseek-v3.2,0,is_correct,False,,True,,,,40,-0.0988453955023873,-4.37949091358665,-4.280645518084263,1.9880377937442804,7.08509513546578,-4.37949091358665,2.70560422187913,0.8122374675265659,-0.2014394311468683,-2.6445921682377564,-3.4568296357643225,34.922334535204655,0.1225761557770146,13,8,0.4736842105263157,1.0,0.0,7.08509513546578,3.8664433405944063,4.007623733336342,0.1111111111111111,0.3333333333333333,3.264219879514808,0.5748867854614207,1.1544851231998534,0.4,0.6,2,3.660822521365336,-3.660822521365336,-7.321645042730672,2.222034993454016,7.321645042730672,-3.660822521365336,3.660822521365336,2.504773304092073,-0.1926748695455436,-2.6974481736376155,-5.2022214777296885,7.321645042730672,1.0,0.0,1.0,0.0,1.0,0.0,7.321645042730672,-0.3853497390910876,0.3853497390910885,0.1111111111111111,0.1666666666666666,2.96059473233375e-16,0.96337434772772,0.96337434772772,0.5,0.5,1.1965609495418157,9.236874384493802,1.9152293417631296,-2.782262035462754,42,0.0756410256410256,1.0,
57390923-7cfd-4adf-8d0b-33c5791f6e51,frontierscience,deepseek/deepseek-v3.2_reasoning-auto_s1,chemistry,,deepseek/deepseek-v3.2,1,is_correct,True,,True,,,,29,-0.0542996925133913,-4.536382487115217,-4.482082794601826,2.627255708381105,9.502089545263388,-4.596228325959092,4.905861219304297,-0.1426944341020013,0.0142845885586628,-0.002790150255939,0.1399042838460623,58.10199969845629,0.0771416271017073,12,10,0.1052631578947368,0.5789473684210527,0.0598458388438745,9.442243706419514,6.228772545678472,7.556199452853642,0.4444444444444444,0.5555555555555556,5.327968846235725,1.0877844646804085,1.1335649556973588,0.5,0.5,2,3.646340376257463,-3.646340376257463,-7.292680752514926,2.213244664771824,7.292680752514926,-3.646340376257463,3.646340376257463,2.4948644679656327,-0.1919126513819714,-2.6867771193476044,-5.181641587313237,7.292680752514926,1.0,0.0,1.0,0.0,1.0,0.0,7.292680752514926,-0.3838253027639426,0.3838253027639444,0.6111111111111112,0.7777777777777778,5.674473236973022e-16,0.9595632569098588,0.9595632569098584,0.5,0.5,1.1975456861982727,9.380268549570951,2.0875877970560275,-4.259421760001153,31,0.1182266009852216,1.0,
676e50c1-cea4-4361-81e1-d4409a23422c,frontierscience,deepseek/deepseek-v3.2_reasoning-auto_s1,biology,,deepseek/deepseek-v3.2,0,is_correct,False,,True,,,,43,-2.329677520223613,0.1214203751928328,2.4510978954164457,1.770892576657637,7.25548752022949,-4.3498643500200656,2.9056231702094246,-0.2865926924561571,-0.4799059852448572,-0.8846051732795441,-0.598012480823387,38.488191183984696,0.0636844138426638,13,7,0.6842105263157895,0.7368421052631579,4.471284725212898,2.784202795016592,4.678729604698917,7.25548752022949,0.9444444444444444,0.7222222222222222,3.829524341332699,0.4999604268380578,1.033616516017276,0.3,0.7,19,-2.5283630588282504,2.212420565909647,4.740783624737897,2.852051385637851,11.180274656773474,-4.80994593141396,6.370328725359514,1.0112289028651409,-0.6332845782955249,-0.4409350453312173,-1.4521639481963582,77.3127837967722,0.061319530767379,14.0,11.0,0.0526315789473684,0.9473684210526316,7.022366497323607,4.157908159449868,8.898691784187765,9.88215001503764,0.0,0.0555555555555555,6.929880627119463,1.120049959719053,1.1200499597190523,0.5,0.5,0.4895398799429938,-2.160243554078089,2.580540070659808,2.360065183261604,62,0.0620155038759689,0.1052631578947368,0.05
50f7d1e4-51bd-4013-a570-a02988ca3aa2,frontierscience,deepseek/deepseek-v3.2_reasoning-auto_s1,chemistry,,deepseek/deepseek-v3.2,1,is_correct,True,,True,,,,14,0.2237608243817244,-4.848472580401651,-5.072233404783376,3.1174311108034694,10.898596773675113,-6.075052603281468,4.823544170393645,0.1617143691795688,1.807690006825491,-2.381540615874457,-2.543254985054026,46.10415844091417,0.1100168309390965,7,7,0.5789473684210527,0.7894736842105263,1.2265800228798165,9.672016750795295,7.355180411265359,7.889975118102521,0.8888888888888888,1.0,3.123502042566485,1.2890535161326633,1.3142241692932293,0.6,0.4,2,-2.2915517757564494,2.2915517757564494,4.583103551512899,1.390919173307383,4.583103551512899,-2.2915517757564494,2.2915517757564494,-1.5679038465702024,0.1206079881977077,1.68851183476791,3.2564156813381127,4.583103551512899,1.0,0.0,1.0,1.0,0.0,4.583103551512899,0.0,0.2412159763954164,0.0,0.9444444444444444,0.6111111111111112,3.7007434154171886e-16,0.6030399409885392,0.6030399409885394,0.5,0.5,0.5364539246773179,3.09337472932252,7.676478280835418,-8.622916741846304,16,0.3076923076923077,1.0,
e5e3780b-d0a6-4a42-b468-2b196bfe4663,frontierscience,deepseek/deepseek-v3.2_reasoning-auto_s1,physics,,deepseek/deepseek-v3.2,0,is_correct,False,,True,,,,5,-4.132074495045667,-1.2587528338480385,2.873321661197629,1.728417618990485,7.342162718722604,-4.132074495045667,3.210088223676937,0.1400733554026891,1.315490506838186,-0.0430792733926015,-0.1831526287952906,12.027903610571586,0.2388879853237437,3,2,0.2631578947368421,0.0,2.873321661197629,4.468841057524975,1.5719934843552368,0.4992253278590841,0.0,0.3888888888888889,0.1733133283906131,0.995103024590802,0.4985794548242762,0.7,0.3,32,4.923488722518167,0.0868299916098302,-4.836658730908336,2.145915462486529,8.194708210323482,-3.2712194878053147,4.923488722518167,-0.094302560924851,-0.7679123961389178,0.2739662004832818,0.3682687614081328,53.586855403899925,0.0902583048483254,12.0,12.0,0.0,0.6842105263157895,3.358049479415145,4.836658730908336,5.057114097568556,5.627585338149624,0.4444444444444444,0.6666666666666666,4.628410385267865,0.8121231321480564,1.031708506975391,0.5,0.5,-1.826047748795557,4.356193807570648,-0.4804649233376885,4.563913295797796,37,0.4,0.094758064516129,0.0
85b4f862-d881-4a79-8c5d-3e927b486b71,frontierscience,deepseek/deepseek-v3.2_reasoning-auto_s1,chemistry,,deepseek/deepseek-v3.2,0,is_correct,False,,True,,,,39,-2.6539039404310776,4.65601706902557,7.309921009456648,2.949668674157873,11.530061234165425,-6.8740441651398525,4.65601706902557,-1.0093698928032298,-2.1443895171629745,-0.6884166465462216,0.3209532462570081,68.62274524439427,0.106523296079499,12,7,1.0,0.7894736842105263,11.530061234165425,0.0,5.4443280289229286,9.289663126482584,0.0,0.7777777777777778,6.337937824309287,0.669232277949971,1.9795730654020087,0.3,0.7,2,0.1374096293828444,-0.1374096293828444,-0.2748192587656888,0.0834044816825351,0.2748192587656888,-0.1374096293828444,0.1374096293828444,0.0940171148408935,-0.0072320857569917,-0.1012492005978853,-0.1952663154387788,0.2748192587656888,1.0,0.0,1.0,0.0,1.0,0.0,0.2748192587656888,-0.0144641715139836,0.0144641715139836,0.4444444444444444,0.7777777777777778,1.61907524424502e-17,0.036160428784959,0.036160428784959,0.5,0.5,0.1197315241563403,-4.398875915486386,-4.6736951742520745,-11.505684523232627,41,0.078272604588394,1.0,
cc251e69-6a32-4ed7-9315-beee80404866,frontierscience,deepseek/deepseek-v3.2_reasoning-auto_s1,chemistry,,deepseek/deepseek-v3.2,1,is_correct,True,,True,,,,95,-0.0196826338089438,-1.7891002558609117,-1.769417622051968,1.7062588403763714,7.212512721008045,-3.54542019913127,3.6670925218767754,0.4403309337812897,-0.0227447127318612,-0.4985502473360426,-0.9388811811173324,41.178397271985645,0.0429695602372492,15,12,0.1578947368421052,0.1052631578947368,1.7563199432703585,5.456192777737686,7.212512721008045,5.782517648727076,0.1111111111111111,0.0555555555555555,3.73464829355356,0.6536138032515567,0.6570237000850695,0.5,0.5,2,-0.053638617738736,0.053638617738736,0.107277235477472,0.0325574061349259,0.107277235477472,-0.053638617738736,0.053638617738736,-0.036700106873872,0.0028230851441439,0.039523192018016,0.076223298891888,0.107277235477472,1.0,0.0,1.0,1.0,0.0,0.107277235477472,0.0,0.005646170288288,0.0,0.7222222222222222,0.8888888888888888,6.167905692361981e-18,0.01411542572072,0.01411542572072,0.5,0.5,-0.0747204632473857,1.66074117487479,1.768018410352262,-11.821502522044415,97,0.025531914893617,1.0,
0b946e4d-8fc8-4f65-85dc-8fb7fd227a96,frontierscience,deepseek/deepseek-v3.2_reasoning-auto_s1,biology,,deepseek/deepseek-v3.2,0,is_correct,False,,True,,,,38,3.1514151792356877,-2.021030186974262,-5.172445366209949,2.9009546193940103,11.28325827005931,-6.383827528976466,4.899430741082843,0.9864953529115112,0.1569721377794967,-1.2683218822429116,-2.254817235154423,72.69754669753105,0.0711502052157368,12,11,0.9473684210526316,0.8947368421052632,4.362797342002205,6.920460928057105,11.28325827005931,7.421284520041667,0.9444444444444444,0.0,6.34162763079399,1.2292680799578628,1.2095510228888835,0.55,0.45,36,4.941264267305765,2.2076310219049096,-2.733633245400856,1.9760011126502632,8.27902103950317,-3.337756772197405,4.941264267305765,1.3501812149125114,-0.4421519513483002,0.0832366077613625,-1.2669446071511488,42.28282512047578,0.064651149435071,11.0,10.0,0.0,0.4210526315789473,5.545387794102314,2.733633245400856,5.225151710303079,4.432158053289729,1.0,0.3888888888888889,3.607112561168629,0.9410758312488404,0.5982946066729579,0.55,0.45,0.8052977750444149,7.767592229324443,5.033958983923586,0.0250732556421908,74,0.0640113798008534,0.0587301587301587,0.375
cb11faa6-e12a-4621-9fa7-f6f4b11a9300,frontierscience,deepseek/deepseek-v3.2_reasoning-auto_s1,physics,,deepseek/deepseek-v3.2,1,is_correct,True,,True,,,,60,2.7245388529606056,4.038726791011231,1.3141879380506256,2.593192396844477,11.203176273323514,-5.733680816864903,5.469495456458612,1.7644980454639387,-1.3918229098502883,0.2854162711806988,-1.4790817742832398,55.69485227097456,0.0235962191201558,14,14,0.1052631578947368,0.5263157894736842,9.772407607876133,1.4307686654473804,5.767637910022328,7.229777417320003,0.5555555555555556,0.1111111111111111,5.522793169220765,1.1029832119806895,0.8869220331617023,0.55,0.45,2,1.3617517057041848,-1.3617517057041848,-2.7235034114083696,0.8265519360228019,2.7235034114083696,-1.3617517057041848,1.3617517057041848,0.9317248512712843,-0.0716711424054833,-1.0033959936767678,-1.9351208449480524,2.7235034114083696,1.0,0.0,1.0,0.0,1.0,0.0,2.7235034114083696,-0.1433422848109664,0.1433422848109671,0.8333333333333334,0.5555555555555556,2.0970879354030732e-16,0.358355712027417,0.3583557120274171,0.5,0.5,1.5963219373879458,-1.0806531479191008,-3.8041565593274704,-10.128310499829563,62,0.0446327683615819,1.0,
2db1b6e6-c019-4ce3-9b53-2292f7b2c38c,frontierscience,deepseek/deepseek-v3.2_reasoning-auto_s1,physics,,deepseek/deepseek-v3.2,0,is_correct,False,,True,,,,13,-2.830448335832419,-0.2711341299608708,2.559314205871548,1.866570292564572,8.398848202987104,-4.45386054449123,3.944987658495873,-0.2096106666786636,0.1276054566289783,0.065447350824231,0.2750580175028947,39.07944280154832,0.0654900383014199,8,8,0.8421052631578947,0.5789473684210527,4.182726414530359,4.216121788456744,3.539663041142397,6.133350109579873,0.6111111111111112,0.5555555555555556,2.996965284517187,0.6687118977738621,0.6777795160439826,0.45,0.55,47,4.789694777475492,-0.3175442511844981,-5.10723902865999,2.2196634100839336,8.75634214741521,-3.8412757633718737,4.915066384043338,0.4516719716036836,1.5861317368447965,0.9927964926592916,0.5411245210556082,54.54362455728322,0.0936358569881293,12.0,9.0,0.631578947368421,0.1052631578947368,3.523731512187376,5.232610635227836,7.20130096140905,5.363573542805849,0.6111111111111112,0.0555555555555555,5.052629384130255,1.446766241848437,0.4356959960936817,0.6,0.4,-0.1843088578364337,4.876520049599929,-0.230718979060061,0.7832837296123927,60,0.1538461538461538,0.0573543015726179,0.5
ee749fc0-8faa-45f7-881b-b5703b1a4b01,frontierscience,deepseek/deepseek-v3.2_reasoning-auto_s1,chemistry,,deepseek/deepseek-v3.2,1,is_correct,True,,True,,,,18,-2.5689480273678584,-2.0442734206719657,0.5246746066958927,2.344774347874744,8.92549172852494,-4.206820837451683,4.718670891073258,-0.4684910535738351,-0.0899271974435807,0.6939025945273324,1.1623936481011674,55.05358056868716,0.0095302540048469,13,8,0.5263157894736842,0.5789473684210527,2.162547416779717,6.762944311745224,4.602073391346849,8.92549172852494,0.5,0.5555555555555556,5.1445967514690345,0.9709814740541556,0.9582570835520514,0.5,0.5,2,1.1684425198084265,-1.1684425198084265,-2.336885039616853,0.7092177104192393,2.336885039616853,-1.1684425198084265,1.1684425198084265,0.7994606714478705,-0.0614969747267592,-0.8609576461746299,-1.6604183176225005,2.336885039616853,1.0,0.0,1.0,0.0,1.0,0.0,2.336885039616853,-0.1229939494535183,0.1229939494535188,0.6111111111111112,0.7222222222222222,1.1102230246251563e-16,0.3074848736337964,0.3074848736337964,0.5,0.5,1.3883663295647086,4.601082270045101,2.2641972304282483,-8.836950599561241,20,0.2418300653594771,1.0,
0949d931-d0ad-4146-86e7-ef725919e3de,frontierscience,deepseek/deepseek-v3.2_reasoning-auto_s1,chemistry,,deepseek/deepseek-v3.2,1,is_correct,True,,True,,,,74,-0.0079980613980821,4.413100059063082,4.421098120461164,2.28980571975309,8.920613041956647,-4.507512982893566,4.413100059063082,0.3598627094480408,-1.527695131737504,0.6860582328386927,0.3261955233906519,49.986533272944,0.0884457839138477,12,9,1.0,0.6842105263157895,8.920613041956647,0.0,4.831708495540288,8.047219029931394,1.0,0.2777777777777778,4.826799174631326,0.7079086929587374,0.9108325709084418,0.5,0.5,2,0.1358164269244355,-0.1358164269244355,-0.271632853848871,0.0824374444679255,0.271632853848871,-0.1358164269244355,0.1358164269244355,0.0929270289482979,-0.0071482329960229,-0.1000752619443208,-0.1930022908926189,0.271632853848871,1.0,0.0,1.0,0.0,1.0,0.0,0.271632853848871,-0.0142964659920458,0.0142964659920458,0.6111111111111112,0.5555555555555556,1.3877787807814457e-17,0.0357411649801146,0.0357411649801146,0.5,0.5,0.1402690019799324,-4.137014630158713,-4.408647484007584,-9.773590476065412,76,0.0344316919659385,1.0,
94c55a69-1e8d-4934-ae59-2cf0401e1b01,frontierscience,deepseek/deepseek-v3.2_reasoning-auto_s1,physics,,deepseek/deepseek-v3.2,1,is_correct,True,,True,,,,26,-2.350013527672791,-4.7249739604774605,-2.3749604328046696,2.6363775899504494,10.08867138215918,-4.7249739604774605,5.36369742168172,0.8794637536275739,-1.373710813468292,0.2374199969215068,-0.6420437567060671,53.95436215075302,0.044017950321956,15,8,0.7894736842105263,1.0,0.0,10.08867138215918,6.320790251373918,5.565236557886568,0.2222222222222222,0.1666666666666666,4.761877339311595,1.082219276984231,1.18397974885203,0.55,0.45,3,5.230341684297302,0.97481385497352,-4.255527829323782,3.0963565947016005,11.057604097555265,-5.827262413257962,5.230341684297302,1.619132034749473,-4.5675691834811785,-0.9146517750907812,-2.5337838098402545,17.859680365786748,0.2382756993499149,1.0,2.0,0.0,0.5263157894736842,6.802076268231482,4.255527829323782,0.7557862520257213,1.2037365498492765,0.7222222222222222,0.0555555555555555,0.1088623778819451,0.7654092190457533,2.0717577536290848,0.35,0.65,1.735603194227623,11.690918839002386,7.435391009678604,-2.3875508510191032,29,0.1323076923076923,0.6666666666666666,
b90fc8dc-2fca-4ff7-9c9f-a2e6a0ac7812,frontierscience,deepseek/deepseek-v3.2_reasoning-auto_s1,physics,,deepseek/deepseek-v3.2,1,is_correct,True,,True,,,,18,0.1441981460417446,-2.6992570051368188,-2.8434551511785635,2.597270295535403,10.344910966785362,-6.276409437757572,4.06850152902779,-0.0530253480709076,-0.0804536334219429,0.1565915725052579,0.2096169205761656,41.80891513995217,0.0680107374625797,10,5,0.7368421052631579,0.9473684210526316,3.577152432620753,6.767758534164608,4.37159541210814,8.625471734390608,0.4444444444444444,0.9444444444444444,3.870854273723716,0.9863816875963264,0.9861218593672468,0.65,0.35,4,4.950566284930637,2.54971453138016,-2.4008517535504765,2.915435825699753,9.772645505614072,-4.822079220683435,4.950566284930637,1.472342191511968,-3.8865340170734712,-0.4730397194373688,-1.9453819109493369,17.144439257677668,0.1400367616266785,1.0,2.0,0.0,0.631578947368421,7.371793752063595,2.4008517535504765,1.2091017003270128,1.1594080311395567,1.0,0.2222222222222222,0.1315838739703654,0.8590294803208532,1.8459085350985895,0.4,0.6,-0.0554059662035474,7.594417323863908,5.193565570313432,-3.3614073863453093,22,0.2352941176470588,0.5,
b36273bb-c098-4037-90cc-cfd05cbe5bb9,frontierscience,deepseek/deepseek-v3.2_reasoning-auto_s1,chemistry,,deepseek/deepseek-v3.2,1,is_correct,True,,True,,,,81,2.4953643333932867,4.928094065399186,2.4327297320059,2.522984541157822,8.988265323085788,-4.060171257686602,4.928094065399186,-1.5253575133303323,1.8426844618882656,1.1093862939006194,2.634743807230952,52.00961951296831,0.046774611212053,13,8,1.0,0.1578947368421052,8.988265323085788,0.0,6.308226823172211,5.233666647389691,1.0,0.0,4.652726711103323,1.3166203475859684,0.8727400274205059,0.55,0.45,1,0.0,0.0,0.0,0.0,0.0,0.0,0.0,0.0,0.0,0.0,0.0,0.0,0.0,0.0,0.0,0.0,0.0,0.0,0.0,0.0,0.0,0.0,0.0,0.0,0.0,0.0,0.0,0.0,-2.5497135183121813,-7.477807583711368,-7.477807583711368,-11.53155757287783,82,0.0308641975308641,,
7fbca2d0-9e5c-48f8-953c-acab7e25598c,frontierscience,deepseek/deepseek-v3.2_reasoning-auto_s1,physics,,deepseek/deepseek-v3.2,0,is_correct,False,,True,,,,5,0.2320321511943595,3.9113134477548206,3.679281296560461,2.2736233649103847,8.374525724951875,-4.463212277197054,3.9113134477548206,-2.4554025520843834,-0.5255430234949069,2.205690049024773,4.661092601109156,13.069770153343288,0.2815107881311355,1,2,1.0,0.2631578947368421,8.374525724951875,0.0,0.9778055420508251,1.03993596082192,0.3333333333333333,0.1111111111111111,0.188675684561618,0.7188379117006194,1.100461848445939,0.55,0.45,41,-1.7783394227458489,0.3142522648241934,2.0925916875700423,2.2795178477370506,7.17970789795983,-4.338524965839762,2.841182932120068,0.8115368100501462,-1.2630053678986637,0.8413277747919653,0.029790964741819,47.77125911757439,0.0438044072152204,11.0,9.0,0.631578947368421,0.5789473684210527,4.652777230663956,2.5269306672958742,7.17970789795983,6.980119010345989,0.6111111111111112,0.6666666666666666,4.29205594329141,1.0382673220356016,0.9438829848449932,0.65,0.35,-2.7422789047702203,-8.43193177527089,-6.339340087700848,2.047297329266943,46,0.5,0.0597560975609756,0.215
69bd11e8-5f96-45dc-8123-b9d800101430,frontierscience,deepseek/deepseek-v3.2_reasoning-auto_s1,physics,,deepseek/deepseek-v3.2,1,is_correct,True,,True,,,,68,2.498699135400519,0.345812939105817,-2.152886196294702,2.461910289203409,8.431895724239364,-4.203569242196546,4.228326482042818,0.441111714840069,0.7502775040882836,-1.1802843512489338,-1.621396066089003,53.41231503268154,0.0403069253781156,10,10,0.2105263157894736,0.1052631578947368,4.549382181302363,3.882513542937001,5.15439734856443,7.052212893775574,0.1111111111111111,0.0555555555555555,4.696812037049227,1.097967298675166,1.035066377424923,0.45,0.55,2,2.5516376529114204,-2.5516376529114204,-5.103275305822841,1.548785313216833,5.103275305822841,-2.5516376529114204,2.5516376529114204,1.7458573414657086,-0.1342967185742851,-1.8801540600399935,-3.626011401505703,5.103275305822841,1.0,0.0,1.0,0.0,1.0,0.0,5.103275305822841,-0.2685934371485698,0.2685934371485712,0.6666666666666666,0.5555555555555556,4.934324553889585e-16,0.6714835928714263,0.6714835928714263,0.5,0.5,-0.1189291387139542,2.086895575091649,-3.016379730731192,-5.202456992898767,70,0.0381913959613696,1.0,
7c94f50a-0896-450f-8d55-00c98aca5158,frontierscience,deepseek/deepseek-v3.2_reasoning-auto_s1,chemistry,,deepseek/deepseek-v3.2,0,is_correct,False,,True,,,,15,0.6912817602590777,-4.365267697691297,-5.056549457950375,3.126299675505361,13.958622465788336,-8.998142939901232,4.960479525887104,-1.337775104457872,1.318131779456208,-0.0351082429394516,1.3026668615184205,49.91346555200904,0.1013063188866645,7,5,0.4210526315789473,0.2105263157894736,4.632875242209935,9.3257472235784,5.950215729330063,9.190132309365293,0.2222222222222222,0.1666666666666666,4.146973954091049,1.1607255130426168,1.178133149675035,0.55,0.45,27,1.7181112012165702,2.150655803705623,0.4325446024890527,2.6105143467611587,10.994982407188832,-6.998280929094443,3.996701478094389,0.0600330443546532,1.3461086304567935,-1.5309122765079766,-1.59094532086263,57.21886615611616,0.0075594752491057,11.0,12.0,0.4736842105263157,0.7368421052631579,9.148936732800069,1.8460456743887657,5.1500607851638645,8.938756592047827,1.0,0.7222222222222222,5.114254397226961,1.059870420394856,1.0269945171632426,0.45,0.55,1.1707028170472351,7.2540817159551025,7.686626318444155,-2.880434341112217,42,0.1619047619047619,0.0854700854700854,0.0
d1cec1fb-13bb-475a-b2f1-956db5ef3b77,frontierscience,deepseek/deepseek-v3.2_reasoning-auto_s1,physics,,deepseek/deepseek-v3.2,1,is_correct,True,,True,,,,40,4.820010002485705,0.1209498712908499,-4.699060131194855,2.544394849735369,9.172585011105568,-4.352575008619863,4.820010002485705,0.6489756738092787,0.2914605721864686,-0.4257285380013968,-1.0747042118106755,59.44195156811544,0.079052924865869,13,10,0.0,0.9473684210526316,4.473524879910713,4.699060131194855,6.068423316225964,6.231359386205747,0.4444444444444444,0.8888888888888888,5.457745007320326,1.164699045045661,0.9632649203475684,0.5,0.5,3,4.174678019788005,-0.987683963388721,-5.162361983176727,2.1315880517905086,7.24591891339726,-3.0712408936092546,4.174678019788005,1.8499394694130715,-2.424257137798873,-1.5664497773388693,-3.4163892467519403,9.329475843617796,0.5533389088207189,1.0,1.0,0.0,0.5263157894736842,2.0835569302205337,5.162361983176727,0.2315063255800595,0.774912850124978,0.7777777777777778,0.0,0.0559121764280579,0.6712187683426682,1.3421648854793595,0.3,0.7,0.9322372612266088,4.9859654097237645,-0.176396573452962,-2.802499331572072,43,0.0756410256410256,0.6666666666666666,
1b340ded-5f04-4f7f-b8ca-d0887b292332,frontierscience,deepseek/deepseek-v3.2_reasoning-auto_s1,biology,,deepseek/deepseek-v3.2,0,is_correct,False,,True,,,,13,-0.1063942268977894,-0.1053324891675641,0.0010617377302253,2.053363588548688,7.716867140875718,-2.889775607435848,4.82709153343987,0.734625428981693,-0.4322662228757464,-0.2063144637974621,-0.9409398927791552,41.96230237620633,2.5302180054528263e-05,10,8,0.2631578947368421,0.6842105263157895,2.784443118268284,4.932424022607434,4.258601398075359,7.332489162975672,0.1666666666666666,0.2777777777777778,3.4812584884778306,0.8499138282928858,0.8059824452950431,0.5,0.5,20,5.284879426267953,2.898762307503869,-2.386117118764083,3.3165313581199047,12.137253493917516,-5.138282953731434,6.998970540186082,0.9292372485441168,-1.5208627028199386,0.6902296966551248,-0.239007551888992,80.61548665970663,0.0295987435867792,13.0,10.0,0.7894736842105263,0.3684210526315789,8.037045261235303,4.100208232682213,9.271205598474983,8.984412225782101,0.4444444444444444,0.8333333333333334,7.124091007757765,1.31166502978609,1.3116650297860903,0.45,0.55,-0.4894660468890834,4.900745868546434,2.51462874978235,0.5274789858727047,33,0.1923076923076923,0.1473684210526315,0.3
11c1fcc0-bcad-4507-951b-550e19f1e2aa,frontierscience,deepseek/deepseek-v3.2_reasoning-auto_s1,physics,,deepseek/deepseek-v3.2,0,is_correct,False,,True,,,,60,-2.668286009283825,-0.0303334738509089,2.637952535432916,1.8508324704708896,7.385715783277755,-3.7720550908608894,3.613660692416865,-1.9757436510311257,0.6971775791191474,-0.2384662543838086,1.737277396647317,35.74472385624018,0.0737997738083628,13,8,0.4210526315789473,0.0526315789473684,3.741721617009981,3.643994166267774,5.205459466193671,3.695375265966875,0.3888888888888889,0.5555555555555556,3.635797964529376,0.5392695162081157,1.0583075176924506,0.4,0.6,2,-1.215666917179176,1.215666917179176,2.431333834358352,0.7378818324547012,2.431333834358352,-1.215666917179176,1.215666917179176,-0.8317721012278572,0.0639824693252197,0.895754570553077,1.727526671780934,2.431333834358352,1.0,0.0,1.0,1.0,0.0,2.431333834358352,0.0,0.12796493865044,0.0,0.9444444444444444,0.8888888888888888,1.480297366166875e-16,0.3199123466260989,0.3199123466260989,0.5,0.5,-1.394326550371415,-2.579659993699682,-0.1483261593413303,-7.482662108045176,62,0.0446327683615819,1.0,
62dc1c65-0200-41d8-91fd-aa3c606e46cc,frontierscience,deepseek/deepseek-v3.2_reasoning-auto_s1,physics,,deepseek/deepseek-v3.2,0,is_correct,False,,True,,,,66,2.8467509254789367,-4.841772834546013,-7.68852376002495,2.3722924681015485,9.06203425827733,-4.841772834546013,4.220261423731317,-0.0676221894337685,0.8806814780090862,-0.977513988874112,-0.9098917994403436,52.99280735969269,0.1450861757113284,12,11,0.631578947368421,1.0,0.0,9.06203425827733,4.739790152815299,4.576666223521631,0.6111111111111112,0.8888888888888888,4.8034105162058855,1.0149879399258883,1.0236713855867603,0.4,0.6,2,1.1063154233320205,-1.1063154233320205,-2.212630846664041,0.6715079931066444,2.212630846664041,-1.1063154233320205,1.1063154233320205,0.7569526580692771,-0.0582271275437904,-0.8151797856130676,-1.5721324436823447,2.212630846664041,1.0,0.0,1.0,0.0,1.0,0.0,2.212630846664041,-0.1164542550875809,0.1164542550875813,0.6111111111111112,0.5555555555555556,1.3569392523196361e-16,0.2911356377189528,0.2911356377189527,0.5,0.5,1.286053483072202,7.2341417409502355,5.021510894286195,-8.313224761270408,68,0.0396270396270396,1.0,
0a1877af-e331-40b9-b9a3-c1a06dd51ec5,frontierscience,deepseek/deepseek-v3.2_reasoning-auto_s1,biology,,deepseek/deepseek-v3.2,0,is_correct,False,,True,,,,32,2.4618085740846345,2.3132188431118896,-0.1485897309727448,2.2951758263156417,9.136546956845724,-3.1805503870237555,5.955996569821967,-0.2551686180819518,0.7133933857433359,0.2167013412502242,0.471869959332176,47.41807134355264,0.0031336097559975,11,10,0.8947368421052632,0.8421052631578947,5.493769230135645,3.6427777267100776,9.136546956845724,6.016624760408018,0.8888888888888888,0.9444444444444444,4.355856901522568,1.05825571592196,0.8328666448654083,0.5,0.5,24,0.5111572491117333,2.963003871243011,2.451846622131278,2.244869399913708,7.731431523808466,-4.418537241942026,3.3128942818664395,0.5655751889379375,0.0227727562815046,-0.7975424352792778,-1.3631176242172152,64.29570843176634,0.0381339078755667,14.0,12.0,0.0526315789473684,0.7368421052631579,7.381541113185037,0.3498904106234284,5.136641684416951,7.088799736437655,0.5555555555555556,0.7222222222222222,6.10333128114517,0.9069501704791442,0.9402911202361228,0.6,0.4,-0.2285117020699105,-2.030573296070066,0.4212733260612111,-3.9966320951329943,56,0.0766129032258064,0.0978260869565217,0.4
c330f0d8-a6ff-4ddd-940c-4d263df8bea6,frontierscience,deepseek/deepseek-v3.2_reasoning-auto_s1,chemistry,,deepseek/deepseek-v3.2,0,is_correct,False,,True,,,,63,2.804013803985635,0.149141924305054,-2.654871879680581,1.6497785754011458,7.552174515561687,-4.748160711576052,2.804013803985635,-0.3262946000461162,0.0290828925762523,-0.1412940797582636,0.1850005202878525,38.60989283937968,0.0687614412898027,13,12,0.0,0.2105263157894736,4.897302635881106,2.654871879680581,6.847060585567129,4.982505038666081,0.2222222222222222,0.0,3.658596743231484,0.501106088599497,0.6475184101414284,0.55,0.45,31,-0.096926261360083,2.1518190150216854,2.248745276381769,2.1527015907947424,7.818555863133064,-3.2120110444977823,4.606544818635282,0.4350158698635775,-1.0073579079451362,0.4621742315967569,0.0271583617331794,56.7036255226061,0.0396578747065345,14.0,13.0,0.7368421052631579,0.5263157894736842,5.363830059519468,2.4547258036135964,6.512713633984336,6.740994420251625,0.7222222222222222,0.7777777777777778,5.667882788950111,0.7935110269896077,0.8551784708391261,0.4,0.6,0.7738026647536809,0.5277344790885437,2.776479755470312,0.59937659024569,94,0.0332821300563236,0.0774193548387096,0.37
1875e781-bd89-4528-8bc3-94b7b436402f,frontierscience,deepseek/deepseek-v3.2_reasoning-auto_s1,chemistry,,deepseek/deepseek-v3.2,0,is_correct,False,,True,,,,56,-2.329732917169536,2.650675295056918,4.980408212226454,1.8766003601179768,7.240796501049005,-4.590121205992087,2.650675295056918,-0.7417255019024697,-1.4899876751938044,-0.466644347057771,0.2750811548446986,35.12864232109895,0.14177627950156,10,5,1.0,0.5263157894736842,7.240796501049005,0.0,4.826067743494939,2.458963504418839,1.0,0.5,2.873551197748613,0.3885425739094266,1.309635490010454,0.3,0.7,19,2.3944905632556264,2.468741294112906,0.0742507308572797,2.2055464830632854,8.099066719477854,-4.570536845457232,3.528529874020621,0.4801206935225107,-0.105020057594408,-0.4376174085827859,-0.9177381021052966,51.04199463710101,0.0014546988491572,13.0,8.0,0.8947368421052632,0.0526315789473684,7.039278139570138,1.059788579907715,6.944876615091614,8.00466519499933,1.0,0.9444444444444444,4.326524526333255,0.9078155779308574,0.9078155779308574,0.5,0.5,0.1465152695915364,-0.1096694622097551,-0.0354187313524754,-2.997573119217108,75,0.0357142857142857,0.1286549707602339,0.55
469cc7c7-ae71-4ea2-bc13-3af3770fd8da,frontierscience,deepseek/deepseek-v3.2_reasoning-auto_s1,chemistry,,deepseek/deepseek-v3.2,1,is_correct,True,,True,,,,15,2.3408455728940467,5.75875188179932,3.417906308905273,2.9383175225939957,10.225053560702143,-4.466301678902823,5.75875188179932,-0.4451324396355104,0.2880328911262423,0.3257671842037606,0.7708996238392711,53.65248880215772,0.0637045249011415,7,8,1.0,0.8947368421052632,10.225053560702143,0.0,8.229108968846958,5.03973501012779,1.0,0.4444444444444444,3.3796578913182667,1.298048773798498,1.2553034605156137,0.45,0.55,2,0.4615802898967658,-0.4615802898967658,-0.9231605797935316,0.2801686097737233,0.9231605797935316,-0.4615802898967658,0.4615802898967658,0.3158180930872608,-0.0242936994682508,-0.3401117925555116,-0.6559298856427724,0.9231605797935316,1.0,0.0,1.0,0.0,1.0,0.0,0.9231605797935316,-0.0485873989365015,0.0485873989365017,0.6111111111111112,0.7777777777777778,6.784696261598181e-17,0.1214684973412541,0.1214684973412541,0.5,0.5,-2.948723286128761,-8.245894878031315,-9.169055457824848,-10.24491587792734,17,0.2666666666666666,1.0,
a2d2c8a2-86ef-49a6-9e56-804cbb89c848,frontierscience,deepseek/deepseek-v3.2_reasoning-auto_s1,chemistry,,deepseek/deepseek-v3.2,0,is_correct,False,,True,,,,40,0.1508740110834075,0.3142988970230981,0.1634248859396905,1.8574521313684536,7.046194959866384,-4.122252187997701,2.9239427718686826,-0.2114284712284747,-0.6344992516092592,0.56495796995103,0.7763864411795047,46.456051612341255,0.0035178384789006,16,10,0.5789473684210527,0.0526315789473684,4.4365510850208,2.609643874845585,5.109971116117659,4.8606984373003534,0.7777777777777778,0.6111111111111112,4.705749627058352,0.6898258870187436,0.8164131990266416,0.45,0.55,2,1.1617551910796138,-1.1617551910796138,-2.323510382159228,0.7051586558320725,2.323510382159228,-1.1617551910796138,1.1617551910796138,0.794885130738683,-0.0611450100568217,-0.8560301407955048,-1.650915271534188,2.323510382159228,1.0,0.0,1.0,0.0,1.0,0.0,2.323510382159228,-0.1222900201136434,0.1222900201136438,0.0555555555555555,0.5555555555555556,1.480297366166875e-16,0.3057250502841088,0.3057250502841088,0.5,0.5,1.4770424398165232,2.324498733873039,0.0009883517138113,-9.830548551587048,42,0.0743589743589743,1.0,
f398c3ad-6cff-45b1-a21d-5ce963db75aa,frontierscience,deepseek/deepseek-v3.2_reasoning-auto_s1,physics,,deepseek/deepseek-v3.2,1,is_correct,True,,True,,,,88,2.5749893921913825,-2.1978572400482874,-4.77284663223967,2.2821568278810305,7.70555903592593,-3.8579962643927193,3.84756277153321,1.7366835824865965,0.1991382926286053,-0.606823671728782,-2.3435072542153783,45.54454587938663,0.1047951305712733,13,9,0.2105263157894736,0.7368421052631579,1.6601390243444318,6.0454200115814976,5.699213122508913,6.373976150273137,0.5555555555555556,0.2222222222222222,4.22143925075016,1.28609698834436,0.7906064335726739,0.55,0.45,3,4.092287075654355,-0.94033375553024,-5.032620831184595,2.0919257989442466,7.127839366063002,-3.0355522904086474,4.092287075654355,1.8046322138295747,-2.3956820675263084,-1.5223389041075757,-3.32697111793715,9.22305790094141,0.5456564281864595,1.0,1.0,0.0,0.5263157894736842,2.095218534878408,5.032620831184595,0.2328020594309343,0.7625516206082601,0.5555555555555556,0.0,0.0552974266688443,0.6557724072401114,1.3193415272662408,0.3,0.7,0.8639503430200067,7.154094658722649,2.121473827538054,-3.0435724195307188,91,0.0279519331243469,0.6666666666666666,
fcbd76ad-1b45-4f40-ad9d-d2bc5016f02c,frontierscience,deepseek/deepseek-v3.2_reasoning-auto_s1,biology,,deepseek/deepseek-v3.2,1,is_correct,True,,True,,,,35,-0.140602868824361,-2.403727977509566,-2.2631251086852053,1.9962338329170652,7.1986314570419605,-3.051371601702777,4.147259855339183,0.6309223407296994,0.4275459314752353,0.6288941168461638,-0.0020282238835356,46.380572105796425,0.0487946785891925,9,10,0.2631578947368421,0.4736842105263157,0.6476436241932113,6.550987832848749,5.075009615375538,7.179261758494783,0.5,0.2777777777777778,4.126331689230102,1.095466433703265,0.5363343033776882,0.55,0.45,2,-2.593807116046005,2.593807116046005,5.18761423209201,1.5743812065422678,5.18761423209201,-2.593807116046005,2.593807116046005,-1.7747101320314769,0.1365161640024212,1.9112262960338984,3.685936428065375,5.18761423209201,1.0,0.0,1.0,1.0,0.0,5.18761423209201,0.0,0.2730323280048434,0.0,0.9444444444444444,0.8888888888888888,3.454027187722709e-16,0.6825808200121065,0.6825808200121065,0.5,0.5,0.0226759930052742,-0.1674031455311642,5.020211086560845,-6.0748860856237705,37,0.0907563025210084,1.0,
60ff38cc-fb55-4c3c-b75c-f59dde5de0c3,frontierscience,deepseek/deepseek-v3.2_reasoning-auto_s1,physics,,deepseek/deepseek-v3.2,0,is_correct,False,,True,,,,52,-0.1011977289210624,-2.4793834870105456,-2.378185758089483,1.808049039311032,5.740667745100828,-2.767239399939454,2.9734283451613743,-1.022535076522736,-0.5095627700937752,-0.589420911135421,0.4331141653873148,38.768706632787485,0.0613429222856303,14,8,0.0526315789473684,0.2631578947368421,0.2878559129289084,5.45281183217192,3.519440570523619,4.720785507771948,0.4444444444444444,0.5,3.768895592208648,0.5262833685891695,1.2393438882455745,0.35,0.65,25,2.9480364553312617,3.009589373997371,0.0615529186661092,2.1665637492170733,7.241168492545268,-3.003392078836333,4.237776413708935,-0.1620233636149178,-0.1622312470642049,0.7475359816763784,0.909559345291296,60.921305960374426,0.0010103676816472,13.0,12.0,0.5789473684210527,0.2631578947368421,6.012981452833704,1.228187039711564,6.831529841438992,6.237821009530516,0.5555555555555556,0.6111111111111112,5.260908715005693,0.9827639179794854,0.8719922372142648,0.5,0.5,-0.6272153218108089,4.800204620530998,4.861757539197107,-3.682594404773134,77,0.0490196078431372,0.08,0.15
953ba4b1-94ae-42ac-9621-408386bc382b,frontierscience,deepseek/deepseek-v3.2_reasoning-auto_s1,physics,,deepseek/deepseek-v3.2,0,is_correct,False,,False,,,,33,-2.8180632185578505,-2.6541412394183626,0.1639219791394879,2.7977693643961574,8.745626407122229,-4.422920516714436,4.322705890407793,-0.3081348375335868,0.129771895955795,0.105326986878568,0.4134618244121548,88.4124058073841,0.0018540608373061,15,14,0.6842105263157895,0.5263157894736842,1.7687792772960735,6.976847129826155,6.924740456114587,7.502132452147389,0.5555555555555556,0.5,8.611917551338315,1.2784041994856996,1.3092331329743565,0.5,0.5,0,,,,,,,,,,,,,,,,,,,,,,,,,,,,,,,,,33,0.0984848484848484,,
2d0a5720-a17d-4886-877d-ee910ea9626a,frontierscience,deepseek/deepseek-v3.2_reasoning-auto_s1,chemistry,,deepseek/deepseek-v3.2,0,is_correct,False,,False,,,,58,2.7524342647964213,-2.584028323282552,-5.336462588078973,3.852052548548577,13.831703415120652,-8.84639572272156,4.985307692399094,-0.6872350761663144,0.5492236763697277,1.9713691037663568,2.658604179932672,93.84745775739478,0.0568631555462511,13,11,0.5263157894736842,0.1052631578947368,6.262367399439008,7.569336015681646,8.976031450935622,12.365992762654905,0.1111111111111111,0.0555555555555555,8.5893585477417,1.881647484947696,1.338540743746594,0.6,0.4,0,,,,,,,,,,,,,,,,,,,,,,,,,,,,,,,,,58,0.0465819721718088,,0.1
19962a30-eaf9-4b7e-86c7-17c02cdb01bd,frontierscience,deepseek/deepseek-v3.2_reasoning-auto_s1,physics,,deepseek/deepseek-v3.2,0,is_correct,False,,False,,,,23,0.1684020722481178,4.7934563635884055,4.625054291340288,2.891946412769869,10.370582519866064,-5.577126156277661,4.7934563635884055,1.5282547209047934,-1.060164160492011,-0.5436770168136525,-2.071931737718446,50.159840601247865,0.0922063195556731,12,6,1.0,0.7368421052631579,10.370582519866064,0.0,6.793267081604141,5.835077167352376,1.0,0.2222222222222222,4.049326541943077,1.2112965885576998,1.2105679974573218,0.55,0.45,0,,,,,,,,,,,,,,,,,,,,,,,,,,,,,,,,,23,0.1660079051383399,,
3d762ba1-3958-453b-b34e-fe24c2822994,frontierscience,deepseek/deepseek-v3.2_reasoning-auto_s1,chemistry,,deepseek/deepseek-v3.2,0,is_correct,False,,True,,,,67,0.1780430487295358,-2.322329438585938,-2.500372487315474,1.830687707956421,7.841604436963015,-4.12098185592625,3.720622581036765,0.6543410491797437,-1.2531850185788165,-1.3033529202073233,-1.957693969387067,40.098406418800806,0.0623559066462833,14,9,0.2631578947368421,0.8947368421052632,1.7986524173403122,6.042952019622703,4.702497477292435,3.887229572466084,0.1111111111111111,0.2777777777777778,3.9528160225159255,0.461036257216549,1.0616375225684211,0.35,0.65,2,2.497069623705446,-2.497069623705446,-4.994139247410892,1.5156637757175846,4.994139247410892,-2.497069623705446,2.497069623705446,1.7085213214826738,-0.1314247170371286,-1.8399460385198023,-3.5484673600024763,4.994139247410892,1.0,0.0,1.0,0.0,1.0,0.0,4.994139247410892,-0.2628494340742571,0.262849434074258,0.6111111111111112,0.7777777777777778,1.9737298215558335e-16,0.6571235851856437,0.6571235851856436,0.5,0.5,-0.1115339039516978,4.707865158339686,-0.2862740890712061,-7.503235314437429,69,0.0388964269561284,1.0,
4225f097-0cee-4e43-b5b9-6efbab4c3447,frontierscience,deepseek/deepseek-v3.2_reasoning-auto_s1,physics,,deepseek/deepseek-v3.2,0,is_correct,False,,True,,,,55,-2.4468798121110087,0.0699118702387178,2.5167916823497265,1.978541416759684,8.846438102113119,-4.52689483094485,4.3195432711682695,-0.9857349289742052,-0.573792117155019,0.2821316663951914,1.2678665953693966,49.46560814599368,0.050879626809027,14,15,0.631578947368421,0.6842105263157895,4.596806701183568,4.249631400929552,4.879995950499987,8.846438102113119,0.6111111111111112,0.6666666666666666,4.920709554359967,0.5424446722916973,1.0036396385183683,0.4,0.6,2,3.756233995710943,-3.756233995710943,-7.512467991421886,2.2799475618824654,7.512467991421886,-3.756233995710943,3.756233995710943,2.570054839170645,-0.1976965260900494,-2.7677513652606947,-5.33780620443134,7.512467991421886,1.0,0.0,1.0,0.0,1.0,0.0,7.512467991421886,-0.3953930521800988,0.3953930521800997,0.6111111111111112,0.5555555555555556,2.220446049250313e-16,0.9884826304502482,0.988482630450248,0.5,0.5,1.3232109950206787,5.009533120492904,-2.502934870928982,-3.998341856263238,57,0.0498316498316498,1.0,
079657b3-e215-4944-8a67-8bb5347e4f15,frontierscience,deepseek/deepseek-v3.2_reasoning-auto_s1,chemistry,,deepseek/deepseek-v3.2,0,is_correct,False,,False,,,,83,-2.820494985331235,0.1212981600405477,2.9417931453717827,1.9930908357734949,6.753134418460879,-2.820494985331235,3.932639433129644,-1.8786896359005965,1.2228228388551856,0.312608449438815,2.1912980853394117,36.42612330939433,0.0807605333234319,13,5,0.6842105263157895,0.0,2.9417931453717827,3.811341273089096,5.144800832677529,3.584854051640164,0.3333333333333333,0.7222222222222222,3.297140303362814,0.7171769397225956,0.852947783856845,0.4,0.6,0,,,,,,,,,,,,,,,,,,,,,,,,,,,,,,,,,83,0.0299735527475756,,
fbec81f3-a103-43e1-b4a8-bb2487cc24e8,frontierscience,deepseek/deepseek-v3.2_reasoning-auto_s1,chemistry,,deepseek/deepseek-v3.2,1,is_correct,True,,True,,,,82,-0.1068271148610017,-2.578463532425648,-2.471636417564646,2.0731623668496164,8.163340033024166,-4.823081487817878,3.3402585452062894,-0.1378055645694882,0.4391102075137573,-1.5460890729609122,-1.408283508391424,48.551193634651945,0.0509078404161126,13,12,0.3684210526315789,0.7894736842105263,2.24461795539223,5.918722077631937,6.231662928568616,6.531364606511367,0.3333333333333333,0.7777777777777778,4.713992344960266,0.6068412578296875,0.965211354687467,0.5,0.5,2,1.1550400905559357,-1.1550400905559357,-2.3100801811118714,0.701082744404766,2.3100801811118714,-1.1550400905559357,1.1550400905559357,0.790290588275114,-0.0607915837134702,-0.8510821719885842,-1.6413727602636985,2.3100801811118714,1.0,0.0,1.0,0.0,1.0,0.0,2.3100801811118714,-0.1215831674269403,0.1215831674269409,0.6111111111111112,0.9444444444444444,1.8503717077085943e-16,0.3039579185673515,0.3039579185673514,0.5,0.5,1.289555439261523,5.023059062243107,2.712978881131235,-9.673451530162318,84,0.0304125263474857,1.0,
af50243e-3a60-4460-9536-f9a02c4f8eb8,frontierscience,deepseek/deepseek-v3.2_reasoning-auto_s1,physics,,deepseek/deepseek-v3.2,0,is_correct,False,,True,,,,178,2.4658606416577493,4.9716803278628925,2.505819686205143,2.1693323292668194,8.888177034451761,-3.9164967065888687,4.9716803278628925,-0.1126188413760293,0.3900376679830293,0.0942540160562526,0.2068728574322819,39.57669378498024,0.0633155386809023,11,6,1.0,0.631578947368421,8.888177034451761,0.0,3.8553469163529135,4.945265010756888,1.0,0.6111111111111112,3.2175343118174573,0.9247045173555772,0.7993317232262515,0.5,0.5,71,0.2227507680488789,2.7639449013488786,2.5411941332999994,1.9091793921522928,7.108433268689544,-3.310223226054508,3.798210042635036,0.4490591922302996,-0.6149033542804762,0.5831905346998534,0.1341313424695537,32.98083842545823,0.0770506225620518,9.0,8.0,0.3157894736842105,0.4736842105263157,6.074168127403387,1.0342651412861574,4.431967362299155,2.9510385425833805,0.2777777777777778,0.3333333333333333,2.543741173229566,0.85289802773977,0.7359863240473759,0.55,0.45,-0.1489873416336659,-4.89791690144768,-2.35672276814768,-3.795568670827152,249,0.0121881546372119,0.028169014084507,0.025
4c2bdcf2-82c0-4190-b2fc-9696d2ef499a,frontierscience,deepseek/deepseek-v3.2_reasoning-auto_s1,biology,,deepseek/deepseek-v3.2,0,is_correct,False,,True,,,,88,2.5165546778804977,0.1344570539978686,-2.382097623882629,1.838629607266191,7.465600812336545,-2.6824459293008283,4.783154883035717,-0.2655378968596894,0.7340861337697043,1.1791808082210955,1.4447187050807853,35.06309246377795,0.0679374651948758,14,4,0.631578947368421,0.2105263157894736,2.816902983298697,4.6486978290378485,4.197535498749764,4.643891124692948,0.5,0.6666666666666666,3.584262767482969,0.9625127114397862,0.4447665860549522,0.55,0.45,20,4.779080280586604,2.667651298466729,-2.1114289821198757,3.234092107901248,10.084951470492635,-5.305871189906033,4.779080280586604,0.2800307893007554,-0.1526809338459697,-0.1485748313639166,-0.4286056206646721,90.17559803267883,0.0234146379750618,11.0,12.0,0.0,0.8421052631578947,7.973522488372762,2.1114289821198757,9.699659260255771,9.676651307028116,0.5555555555555556,0.0,8.612115484288763,1.3080607992913444,1.3080607992913442,0.4,0.6,0.1343126202876225,4.778935846876358,2.667506864756483,-0.0942773931244786,108,0.0276907001044932,0.1,0.2
1567b1bb-e3e5-44e5-abb8-b58e2626f468,frontierscience,deepseek/deepseek-v3.2_reasoning-auto_s1,chemistry,,deepseek/deepseek-v3.2,0,is_correct,False,,True,,,,57,-0.0728007633688176,-4.959002940862295,-4.886202177493477,2.748257738210424,11.149148309977075,-6.925695443959272,4.223452866017803,0.1074384227976145,0.5822128368101367,-2.4480688737373377,-2.555507296534952,52.98631018618786,0.0922163132387199,11,8,0.1578947368421052,0.9473684210526316,1.9666925030969773,9.182455806880098,4.643246191578324,7.611864534424809,0.1111111111111111,0.1666666666666666,4.893965861059871,0.8642803679992298,1.3573230892577182,0.45,0.55,37,2.472934356502728,2.667535499273343,0.1946011427706153,2.2204971577530834,8.289200716569235,-3.9760550377722166,4.313145678797019,-0.1819295331966586,-0.206367952591683,-0.56623241805594,-0.3843028848592814,57.23662262459976,0.0033999410490544,13.0,12.0,0.4210526315789473,0.0526315789473684,6.64359053704556,1.645610179523676,5.140517590932217,6.478567022111664,0.0555555555555555,0.4444444444444444,5.342503314914352,0.8529869835201085,1.15876082896281,0.45,0.55,-0.0987442518999985,7.333193045465023,7.527794188235639,-0.0830779440539757,94,0.0350877192982456,0.0675675675675675,0.2
70929247-a356-4a12-8534-49fd885f0c3e,frontierscience,deepseek/deepseek-v3.2_reasoning-auto_s1,physics,,deepseek/deepseek-v3.2,1,is_correct,True,,True,,,,76,-2.556278102050494,0.0845573895091867,2.640835491559681,1.8958037297883843,6.651941563444968,-3.483497404605459,3.1684441588395087,-0.477138788501981,0.8779800704366826,-1.2644059172291775,-0.7872671287271967,43.23352679785859,0.0610830456628508,12,7,0.1578947368421052,0.8421052631578947,3.568054794114646,3.083886769330322,4.952863621273641,5.852131689457024,0.6666666666666666,0.1666666666666666,4.154673065519373,0.680170976216434,0.9191983027080418,0.45,0.55,2,0.0051066810710036,-0.0051066810710036,-0.0102133621420072,0.0030996378474931,0.0102133621420072,-0.0051066810710036,0.0051066810710036,0.0034940449433182,-0.0002687726879475,-0.0037628176312658,-0.0072568625745841,0.0102133621420072,1.0,0.0,1.0,0.0,1.0,0.0,0.0102133621420072,-0.0005375453758951,0.0005375453758951,0.8888888888888888,0.9444444444444444,5.782411586589358e-19,0.0013438634397378,0.0013438634397378,0.5,0.5,-0.0212451748645402,-0.1006958833027233,-0.1109092454447306,-10.162456962576949,78,0.0333333333333333,1.0,
f7b49518-6e84-44e3-9480-4cf91d149702,frontierscience,deepseek/deepseek-v3.2_reasoning-auto_s1,biology,,deepseek/deepseek-v3.2,0,is_correct,False,,True,,,,76,0.0826390026535809,2.5273811286739747,2.444742126020394,2.214788892376645,7.457663390373808,-4.490233785335594,2.9674296050382143,-1.2798609946619215,-0.4949457320246583,-0.1840966963088185,1.0957642983531033,53.97872353916151,0.0452908473140669,14,10,0.7368421052631579,0.2105263157894736,7.0176149140095685,0.4400484763642396,4.761653309306436,6.896871983300154,0.8333333333333334,0.7777777777777778,5.055755823449919,0.6459397032976814,1.32235106653063,0.45,0.55,2,-1.1555079372499009,1.1555079372499009,2.3110158744998017,0.7013667165775481,2.3110158744998017,-1.1555079372499009,1.1555079372499009,-0.7906106939078269,0.0608162072236789,0.8514269011315058,1.6420375950393329,2.3110158744998017,1.0,0.0,1.0,1.0,0.0,2.3110158744998017,0.0,0.1216324144473581,0.0,0.5555555555555556,0.6666666666666666,1.3569392523196361e-16,0.3040810361183949,0.304081036118395,0.5,0.5,-1.3310793594527632,-5.013968425376639,-2.7029525508768373,-10.367286182020386,78,0.0333333333333333,1.0,
f8b3f2c7-7747-42d9-85bb-f8b370cc50e9,frontierscience,deepseek/deepseek-v3.2_reasoning-auto_s1,chemistry,,deepseek/deepseek-v3.2,0,is_correct,False,,True,,,,28,2.461914443527507,4.690743841280926,2.2288293977534197,2.3000122239091474,8.374586467019045,-3.6838426257381194,4.690743841280926,0.3460259165370446,-0.8049347607424379,0.830679709740937,0.4846537932038923,57.74788787185615,0.0385958600373271,15,12,1.0,0.4210526315789473,8.374586467019045,0.0,7.139586257888639,5.300039492622805,0.4444444444444444,0.1666666666666666,5.6884033974283446,0.9987529740401416,0.9101671565897484,0.5,0.5,10,-1.435680514509837,0.6379160945998201,2.073596609109657,1.542254592454362,4.85373570610431,-2.0655641580704303,2.78817154803388,0.3574385654399746,0.8061220739507673,-1.287508077542706,-1.644946642982681,18.220099098069404,0.1138081959899644,4.0,5.0,0.1052631578947368,0.7894736842105263,2.7034802526702504,2.15025545343406,2.1119260312718584,2.003414938374804,0.0,0.1666666666666666,0.642791294188343,0.6901151460770251,0.6691213455530772,0.5,0.5,-1.0859817530050306,-7.212406108795793,-5.138809499686136,-5.225194059793537,38,0.1005291005291005,0.2222222222222222,0.5
b93b8a19-eaca-4495-946f-ba4b73e481c8,frontierscience,deepseek/deepseek-v3.2_reasoning-auto_s1,biology,,deepseek/deepseek-v3.2,0,is_correct,False,,True,,,,14,0.1058259721971704,0.2335399261850173,0.1277139539878469,2.0647364538635724,9.02142223194608,-4.922875815512151,4.098546416433928,-1.0617138254326888,0.9426268643773278,-0.0265953963785246,1.0351184290541642,34.26620322540155,0.0037271113215476,9,4,0.3684210526315789,0.1578947368421052,5.156415741697168,3.8650064902489114,3.6179351575683287,4.514508174491896,0.3333333333333333,0.1111111111111111,2.258947394662142,0.7751375257333567,0.8247965810162905,0.5,0.5,21,2.270496110467371,-0.1029065140544098,-2.3734026245217805,2.3235690954167083,8.617998656628203,-4.782184547330492,3.83581410929771,-0.5402623315607539,-0.0282956367395477,0.6823315735118709,1.2225939050726249,54.876073677477486,0.0432502266556268,14.0,11.0,0.3157894736842105,0.0526315789473684,4.679278033276082,3.93872062335212,6.070389754498734,7.052680657797863,0.2777777777777778,0.0,5.504978686140918,0.9133587544820184,0.9076545713335628,0.6,0.4,0.0852435596946779,2.1221997439770317,-0.2512028805447492,-0.408530128986893,35,0.1428571428571428,0.1523809523809524,0.125
ff4a744b-45ac-46d9-b0ba-6461a71e278a,frontierscience,deepseek/deepseek-v3.2_reasoning-auto_s1,chemistry,,deepseek/deepseek-v3.2,1,is_correct,True,,True,,,,56,-0.0123407070466387,-2.096557580842911,-2.0842168737962723,2.0964513709484565,8.665483857798396,-4.205024746493337,4.460459111305058,-0.0008688244760667,-1.1931809700643363,-0.6098323917001509,-0.6089635672240842,49.45178498333215,0.0421464437431078,14,10,0.1052631578947368,0.4736842105263157,2.1084671656504264,6.557016692147968,6.273431443744963,6.026935041333822,0.5,0.9444444444444444,5.222781068424419,0.5612504588236732,1.1621176044228598,0.3,0.7,2,3.6479236155368255,-3.6479236155368255,-7.295847231073651,2.2142056545661184,7.295847231073651,-3.6479236155368255,3.6479236155368255,2.495947736946249,-0.1919959797650959,-2.687943716711345,-5.183891453657594,7.295847231073651,1.0,0.0,1.0,0.0,1.0,0.0,7.295847231073651,-0.3839919595301913,0.383991959530193,0.6666666666666666,0.7222222222222222,3.947459643111668e-16,0.9599798988254804,0.9599798988254804,0.5,0.5,1.2168032900725347,6.961284486452271,-0.3345627446213797,-5.106571489425793,58,0.048051948051948,1.0,
6681ea07-9b3a-4a71-9b31-a88212189f27,frontierscience,deepseek/deepseek-v3.2_reasoning-auto_s1,chemistry,,deepseek/deepseek-v3.2,1,is_correct,True,,True,,,,46,-0.1257368848792588,-1.9089307491247844,-1.7831938642455256,2.2337713977156053,7.905667534621623,-4.066589437888459,3.839078096733164,0.97976300400928,-0.0424319129142842,0.0478451693193648,-0.9319178346899152,52.70397139389078,0.0338341460251366,12,10,0.8421052631578947,0.6842105263157895,2.157658688763675,5.748008845857948,5.100697832309158,6.2273305879265015,0.6111111111111112,0.6666666666666666,5.021023796373639,1.0660306650966036,0.7236112324175454,0.6,0.4,9,2.592113443800017,2.4474760354003964,-0.1446374083996211,2.7887211530118603,8.610583807562172,-5.029698365788423,3.580885441773749,1.8487951254679431,-2.4011722363497605,0.153391636960334,-1.695403488507609,32.76490734322473,0.0044144000434516,6.0,4.0,0.7368421052631579,0.5263157894736842,7.47717440118882,1.133409406373353,3.995136840033061,3.973745496257615,0.7222222222222222,0.8333333333333334,1.584592121973974,1.131428995414448,1.278743493134984,0.55,0.45,0.0804560067092942,4.581500199634096,4.436862791234475,-0.697627123241638,55,0.0589371980676328,0.2222222222222222,
5c97845c-c039-48d8-abcf-703afc476b98,frontierscience,deepseek/deepseek-v3.2_reasoning-auto_s1,physics,,deepseek/deepseek-v3.2,1,is_correct,True,,True,,,,49,-2.533715889551195,-3.9209100499365257,-1.3871941603853308,2.0778083162995893,7.405485678162453,-4.53308306476664,2.8724026133958134,-0.9564554763968908,-0.1613221992832611,-0.7182769480285561,0.2381785283683345,47.59416777750269,0.029146305632873,10,8,0.4210526315789473,0.2105263157894736,0.6121730148301139,6.793312663332339,6.5764505491856085,4.36276581914565,0.2222222222222222,0.7777777777777778,4.0602405759201785,0.5845023647413571,1.191207635637977,0.35,0.65,2,2.4251561670430686,-2.4251561670430686,-4.850312334086137,1.4720139630671627,4.850312334086137,-2.4251561670430686,2.4251561670430686,1.6593173774505203,-0.1276397982654245,-1.786957175715945,-3.4462745531664654,4.850312334086137,1.0,0.0,1.0,0.0,1.0,0.0,4.850312334086137,-0.255279596530849,0.2552795965308498,0.6111111111111112,0.7222222222222222,2.220446049250313e-16,0.6381989913271233,0.6381989913271233,0.5,0.5,-0.2590913102880746,6.08697490669152,1.2366625726053826,-5.3443515915939805,51,0.0578231292517006,1.0,
e2aee1ae-6baa-4d30-a409-e0fc9c90f1fb,frontierscience,deepseek/deepseek-v3.2_reasoning-auto_s1,chemistry,,deepseek/deepseek-v3.2,0,is_correct,False,,True,,,,14,3.600773652101383,-1.7093999029075688,-5.310173555008952,1.5917061672292871,6.345486909037351,-2.744713256935968,3.600773652101383,0.9097737983011768,0.0003878126991772,-0.887303500179719,-1.7970772984808958,31.179653237118057,0.1703089355941718,10,9,0.0,0.7894736842105263,1.0353133540283987,5.310173555008952,3.190831477897992,3.4536674003539583,0.5,0.0,2.593255553378931,0.6354051229250454,0.5830396091288372,0.5,0.5,19,-0.3517884365484648,-0.5759245605182145,-0.2241361239697497,1.855775484089516,6.427972047439752,-3.2475989021863985,3.1803731452533537,0.3937741597458561,-0.1199740400744188,-0.319433472950011,-0.7132076326958672,45.73190068146145,0.0049010891878501,10.0,10.0,0.8421052631578947,0.7894736842105263,2.671674341668184,3.756297705771568,6.427972047439752,5.492605035657458,0.8333333333333334,0.8888888888888888,4.214456260538334,0.7597491421256701,0.7597491421256702,0.4,0.6,1.4515166958015429,2.809128162160647,2.5849920381908973,3.690500478112714,33,0.1428571428571428,0.1578947368421052,0.2
078d0957-0a51-46be-b820-da8f749b30b5,frontierscience,deepseek/deepseek-v3.2_reasoning-auto_s1,chemistry,,deepseek/deepseek-v3.2,1,is_correct,True,,True,,,,15,-2.2476839095314816,4.910697850803835,7.158381760335317,3.0604181831375725,10.28250308822093,-4.347665972012232,5.934837116208698,-0.5561336908775589,-0.4134690762368617,1.035107979576855,1.591241670454414,57.89901282776477,0.1236356443870594,8,7,0.8421052631578947,0.7368421052631579,9.258363822816069,1.0241392654048624,9.705683377907452,4.828467931905581,0.8333333333333334,0.3888888888888889,3.9621329917708,1.292830359347947,1.321658933964938,0.5,0.5,2,0.0016897797096397,-0.0016897797096397,-0.0033795594192795,0.0010256573827697,0.0033795594192795,-0.0016897797096397,0.0016897797096397,0.0011561650644903,-8.893577419156797e-05,-0.0012451008386819,-0.0024012659031723,0.0033795594192795,1.0,0.0,1.0,0.0,1.0,0.0,0.0033795594192795,-0.0001778715483831,0.0001778715483831,0.6111111111111112,0.7777777777777778,2.7707388852407333e-19,0.0004446788709578,0.0004446788709578,0.5,0.5,2.948713719611522,-1.9602943514826732,-1.963673910901953,-13.42928223754704,17,0.3047619047619048,1.0,
f44b0903-1c29-44a5-9f9b-b6ccdd164e1c,frontierscience,deepseek/deepseek-v3.2_reasoning-auto_s1,chemistry,,deepseek/deepseek-v3.2,1,is_correct,True,,True,,,,87,0.1265911153872702,-0.0057535674512619,-0.1323446828385321,1.848264460908848,6.8356103085041,-3.4702668559088976,3.3653434525952024,1.4746689452002626,-0.3208418907443482,-0.2379305665067631,-1.7125995117070258,32.42912409498611,0.0040810440162025,12,7,0.6842105263157895,0.3684210526315789,3.464513288457636,3.3710970200464643,3.7141684607844527,5.758715555887783,0.6111111111111112,0.3333333333333333,2.880083788547915,0.8817967532728425,0.5493364541653013,0.45,0.55,2,-2.5404016343098093,2.5404016343098093,5.0808032686196185,1.5419653085937823,5.0808032686196185,-2.5404016343098093,2.5404016343098093,-1.7381695392646062,0.1337053491742003,1.8718748884388068,3.610044427703413,5.0808032686196185,1.0,0.0,1.0,1.0,0.0,5.0808032686196185,0.0,0.2674106983484012,0.0,0.0555555555555555,0.8888888888888888,3.20731096002823e-16,0.6685267458710024,0.6685267458710025,0.5,0.5,0.1053297800200917,-2.4293182868384555,2.651484981781163,-6.671396396444109,89,0.0283346698743651,1.0,
163a8ed3-8fc0-492f-bd91-37ef359bec8a,frontierscience,deepseek/deepseek-v3.2_reasoning-auto_s1,biology,,deepseek/deepseek-v3.2,0,is_correct,False,,True,,,,16,-0.1229716914654415,5.037999411617747,5.160971103083188,2.242577177464487,9.463067973644712,-4.425068562026965,5.037999411617747,-0.3959120096294879,-0.245773189083581,0.6208886686796274,1.0168006783091157,53.42509013468717,0.0966020102178983,11,11,1.0,0.2631578947368421,9.463067973644712,0.0,6.671869098545958,5.623645276498084,0.2777777777777778,0.2222222222222222,4.625420460075397,0.898926879761935,0.9372500987076208,0.45,0.55,23,-2.1808649021748083,0.0265378717505759,2.2074027739253843,2.7723840155613715,8.79699233450485,-4.57122862773495,4.2257637067699,-0.2178705359206674,1.124412348639655,-1.199009704693877,-0.9811391687732096,71.49918267109962,0.0308731189848639,14.0,13.0,0.4736842105263157,0.7894736842105263,4.597766499485526,4.199225835019324,8.099971755176558,8.520768018074708,0.3333333333333333,0.6666666666666666,7.478049479767094,1.1181083746105542,1.1605216515670718,0.5,0.5,-0.0376370163905614,-7.2565013301831165,-5.049098556257732,2.3493472705082894,39,0.1333333333333333,0.1304347826086956,0.4
f12a8706-3ddd-4255-9234-0655babceb8e,frontierscience,deepseek/deepseek-v3.2_reasoning-auto_s1,chemistry,,deepseek/deepseek-v3.2,0,is_correct,False,,True,,,,35,2.4046533203541327,-4.889760778757903,-7.294414099112036,2.4499489130842003,9.027748024511617,-4.889760778757903,4.137987245753712,0.9879411269654048,1.4085662069423712,-1.647536466613707,-2.6354775935791115,63.49912196942632,0.114874251373494,14,13,0.4736842105263157,1.0,0.0,9.027748024511617,7.083628502818215,8.15779570298641,0.7777777777777778,0.7222222222222222,6.243694521221624,1.1403436920806889,0.7958270651970792,0.6,0.4,8,5.010598816882464,0.3752996987201236,-4.63529911816234,1.956317338204644,7.529112049702713,-2.518513232820249,5.010598816882464,-0.3686637481244438,-1.064541515548307,0.9492759156426884,1.317939663767132,16.853922636015124,0.2750279100164596,4.0,2.0,0.0,0.2631578947368421,2.8938129315403724,4.63529911816234,1.6542050586192765,2.6765505055288243,0.7777777777777778,0.0,0.5222896125580271,0.7026464554159462,0.9194855230086024,0.35,0.65,-0.3379673179450219,9.562392277695343,4.927093159533005,-5.742675980786292,43,0.0756302521008403,0.2857142857142857,
783fc5fc-cf8a-44be-9c48-3b8f86e96720,frontierscience,deepseek/deepseek-v3.2_reasoning-auto_s1,chemistry,,deepseek/deepseek-v3.2,0,is_correct,False,,True,,,,64,-2.7655195475145744,-6.132162667552122,-3.366643120037548,2.5044334306754674,8.262182231569394,-6.132162667552122,2.130019564017272,-1.246599870379344,-1.365874201607176,-2.1013509365310648,-0.8547510661517208,68.52321082648696,0.0491314268469189,13,12,0.4210526315789473,1.0,0.0,8.262182231569394,6.008911582754825,6.623141188640433,0.8888888888888888,0.1111111111111111,6.312365561107256,0.4391357523230585,1.98390695847766,0.4,0.6,32,0.0345551674259403,0.232449814386539,0.1978946469605986,1.831951699418552,6.610223583852052,-3.6617628320991766,2.948460751752876,-0.4345008687145245,0.0224792780352268,-0.0320920575438405,0.4024088111706839,52.71604554453334,0.003753973669998,14.0,12.0,0.2105263157894736,0.1578947368421052,3.894212646485716,2.716010937366337,6.610223583852052,6.121490767440476,0.1666666666666666,0.8888888888888888,5.106520760644088,0.647001360620086,0.8008365346209922,0.55,0.45,-0.3482327873773843,5.818485047600678,6.016379694561277,-1.390185698020321,96,0.0376984126984126,0.0625,0.2
516da073-8d2a-4db5-a739-c752655ec14c,frontierscience,deepseek/deepseek-v3.2_reasoning-auto_s1,physics,,deepseek/deepseek-v3.2,1,is_correct,True,,True,,,,11,2.6921083640945347,-1.6524421599451444,-4.344550524039679,3.2862692876056285,11.238747838753245,-6.482708847685352,4.756038991067893,-0.9636462040676256,0.5160956686239454,0.4491832594808269,1.4128294635484524,42.71379088675338,0.1017130634824321,5,5,0.4736842105263157,0.2105263157894736,4.830266687740208,6.408481151013037,4.167777110980698,6.191964598923046,0.3333333333333333,0.1111111111111111,2.0680223513851117,1.396663810544731,1.4185515201057717,0.55,0.45,2,5.260815769425458,-5.260815769425458,-10.521631538850915,3.193194061048963,10.521631538850915,-5.260815769425458,5.260815769425458,3.599505526448997,-0.2768850404960765,-3.876390566945073,-7.47589609339407,10.521631538850915,1.0,0.0,1.0,0.0,1.0,0.0,10.521631538850915,-0.5537700809921517,0.5537700809921553,0.8888888888888888,0.9444444444444444,5.921189464667501e-16,1.3844252024803836,1.3844252024803834,0.5,0.5,3.8065608799410273,10.71981880931163,0.1981872704607141,-1.6113398266279226,13,0.4363636363636363,1.0,
0744af3b-0249-4cbb-978a-a8595f8f9672,frontierscience,deepseek/deepseek-v3.2_reasoning-auto_s1,chemistry,,deepseek/deepseek-v3.2,0,is_correct,False,,True,,,,25,2.541250398569757,-4.663556720239908,-7.204807118809665,2.1706434022519288,8.845252722448533,-4.663556720239908,4.181696002208626,0.1302715270489463,0.0767684639723816,-0.2110803864993471,-0.3413519135482934,55.90059021906328,0.1288860652557595,12,13,0.5789473684210527,1.0,0.0,8.845252722448533,5.779372236746893,6.894919003148428,0.5555555555555556,1.0,4.735579889095633,0.8970960645123582,0.8879561836046974,0.45,0.55,25,4.825291800957275,-0.1066247118117679,-4.9319165127690425,2.2022172091494303,9.266339500741832,-4.441047699784559,4.825291800957275,0.5515913920461543,-0.6547815316782112,0.2847588517021688,-0.2668325403439854,51.34073794428113,0.0960624391126113,12.0,9.0,0.0,0.631578947368421,4.334422987972791,4.9319165127690425,5.812638009074037,6.12587691045806,0.1666666666666666,0.0,4.968138551545135,0.8750805514348527,0.825769444795422,0.4,0.6,-0.0023236334322241,9.486524887764958,4.554608374995915,2.5410940003284885,50,0.09,0.0933333333333333,0.45
09d32726-331e-4c45-98f4-b01a913bb623,frontierscience,deepseek/deepseek-v3.2_reasoning-auto_s1,chemistry,,deepseek/deepseek-v3.2,0,is_correct,False,,True,,,,133,0.1360698606581467,-2.552685786999255,-2.688755647657402,1.9397350528266304,8.403514409387107,-4.1258721718816656,4.277642237505441,1.0822967356643998,-1.182727141523859,-0.6613470797401294,-1.7436438154045293,47.55099975479573,0.0565446712271539,14,9,0.1052631578947368,0.8947368421052632,1.5731863848824106,6.830328024504697,4.505755842741287,6.209676256742201,0.7222222222222222,0.8888888888888888,4.838841655106093,0.6278098806452475,0.8613646466180969,0.4,0.6,27,2.159373342381452,-0.3095449944727538,-2.4689183368542054,2.175801156502444,7.086280963374616,-4.462782928334464,2.623498035040152,-0.4054626025035738,-0.0722289176679829,0.2199404314387482,0.625403033942322,59.28175653261204,0.0416471859347825,13.0,11.0,0.8947368421052632,0.1578947368421052,4.153237933861711,2.933043029512905,6.670913882046186,6.331844195379231,0.1666666666666666,0.8333333333333334,6.126894565468965,0.8754730688111497,0.9766829714395702,0.6,0.4,0.3235490277091791,5.035608157089886,2.5666898202356805,-2.733288395411588,160,0.016974253816359,0.074074074074074,0.1
20daab54-df1b-4006-a544-7198daee7847,frontierscience,deepseek/deepseek-v3.2_reasoning-auto_s1,physics,,deepseek/deepseek-v3.2,1,is_correct,True,,True,,,,98,-2.537258040047392,-2.2585543794395457,0.2787036606078459,1.7957259652387194,6.623716544318028,-4.114872623658054,2.5088439206599737,-0.5553461677460982,-0.4548136726856824,-0.7293078226542962,-0.1739616549081979,41.03413971585967,0.0067919947277492,14,10,0.0526315789473684,0.4210526315789473,1.8563182442185084,4.76739830009952,5.046101960707365,4.8490026972896185,0.0,0.3888888888888889,3.861199575640045,0.4926426280111899,1.064990918958602,0.45,0.55,2,4.87961301295698,-4.87961301295698,-9.75922602591396,2.961812763668238,9.75922602591396,-4.87961301295698,4.87961301295698,3.338682587812671,-0.2568217375240512,-3.5955043253367216,-6.934186913149393,9.75922602591396,1.0,0.0,1.0,0.0,1.0,0.0,9.75922602591396,-0.5136434750481023,0.513643475048104,0.6111111111111112,0.5555555555555556,4.440892098500626e-16,1.284108687620258,1.284108687620258,0.5,0.5,2.6013585261560257,9.739525918552552,-0.0197001073614089,-2.978215789933412,100,0.0244056385440774,1.0,
0eb69a4c-0774-46b6-87dd-6686f639b7fa,frontierscience,deepseek/deepseek-v3.2_reasoning-auto_s1,chemistry,,deepseek/deepseek-v3.2,0,is_correct,False,,True,,,,20,2.8280611109647693,0.836196421235735,-1.9918646897290344,3.957141976278924,11.958885977999842,-6.608125467025856,5.350760510973986,0.3149122455592851,-0.3662392114628492,0.0598814602208255,-0.2550307853384596,123.48295489639813,0.0161306853354797,14,14,0.2631578947368421,0.1052631578947368,7.444321888261591,4.514564089738251,11.491544484376632,9.491638762651895,0.1111111111111111,0.5555555555555556,12.242233506913298,1.8592993127680808,1.8592993127680804,0.55,0.45,22,4.95748140250476,2.303838637730498,-2.6536427647742618,2.4191498653285466,9.769157389009813,-4.811675986505051,4.95748140250476,0.5308536897597946,-0.2697609218135434,-0.1849975267346469,-0.7158512164944416,64.2217588330717,0.0413199951697327,13.0,14.0,0.0,0.4736842105263157,7.11551462423555,2.6536427647742618,8.608715977660381,7.807602898277901,0.5,0.5555555555555556,5.797612696515454,0.993281605138152,0.957398394377358,0.55,0.45,0.670091909381636,4.79137689065066,2.137734125876399,-1.8199043785945008,42,0.1,0.1125541125541125,0.65
4f1cf869-3ea3-400c-8fa3-e4d3f6fe1cdf,frontierscience,deepseek/deepseek-v3.2_reasoning-auto_s1,physics,,deepseek/deepseek-v3.2,1,is_correct,True,,True,,,,71,0.0525558209852775,-2.415797402189439,-2.4683532231747165,1.800152529832071,5.955895470268613,-3.085999399209742,2.869896071058872,-1.3015979476361543,-0.9313819918478796,-0.4630290667565345,0.8385688808796199,35.409610280914606,0.0697085679168045,13,7,0.7894736842105263,0.3157894736842105,0.6702019970203028,5.285693473248311,4.169264411549817,4.757869633294289,0.6666666666666666,0.8333333333333334,3.2250780734599243,0.4571033792916674,1.37755507813804,0.35,0.65,4,4.193444138679316,-3.123471371127152,-7.316915509806467,2.659478887556209,8.957459318833061,-4.764015180153746,4.193444138679316,-0.2852855207372151,0.0852504031884289,-0.2359119977510483,0.0493735229861667,24.45828812006495,0.2991589384297038,2.0,3.0,0.0,0.3157894736842105,1.6405438090265942,7.316915509806467,1.4926311869058084,1.4929098864721777,0.5555555555555556,0.2222222222222222,0.3129553338685691,1.0755012975084317,1.2162871879758217,0.5,0.5,0.6345150365965401,7.2437565774652946,-0.0731589323411725,-3.402331168113601,75,0.0362173038229376,0.5,
30a44280-a888-42bf-913a-208aa47c8772,frontierscience,deepseek/deepseek-v3.2_reasoning-auto_s1,biology,,deepseek/deepseek-v3.2,0,is_correct,False,,True,,,,22,2.6962925699486497,-2.3246152716068416,-5.020907841555491,2.114919121636023,8.720518019331264,-4.530450504123427,4.190067515207837,0.1374961900998688,0.0673370453696634,-0.2594525630008155,-0.3969487531006843,54.426138600209946,0.0922517740682805,14,13,0.9473684210526316,0.5263157894736842,2.205835232516585,6.514682786814679,7.742002193949835,6.514682786814679,0.5555555555555556,1.0,5.293126444917483,0.8374267822269879,0.8435709187128962,0.4,0.6,33,2.720557018758481,0.2764195600311691,-2.444137458727312,1.814949026970356,6.166622064774129,-3.446065046015649,2.720557018758481,-0.4701390636821143,-0.6858412609902642,0.2758204017550887,0.745959465437203,49.134319707360426,0.0497439971344749,13.0,14.0,0.0,0.631578947368421,3.722484606046818,2.444137458727312,4.986602003885144,5.155319878038059,0.0555555555555555,0.0,4.532214926037884,0.6272180120443338,0.9490650051531396,0.45,0.55,-0.2963793574805043,4.748792932884818,2.3046554741575065,0.5387029914287851,55,0.0952380952380952,0.0757575757575757,0.21000000000000002
f10254b9-f0a1-407f-8af9-3169e23eee5e,frontierscience,deepseek/deepseek-v3.2_reasoning-auto_s1,physics,,deepseek/deepseek-v3.2,0,is_correct,False,,True,,,,83,-0.1275005664591466,0.0132470167779325,0.1407475832370792,2.441367323586732,10.411715154875496,-4.546095638003071,5.865619516872423,0.1496080605000301,-0.4911486938731436,1.1759493815140585,1.0263413210140284,49.30442810276124,0.0028546641478881,10,9,0.8421052631578947,0.5789473684210527,4.559342654781004,5.85237250009449,5.487096913703497,7.606299820974852,0.4444444444444444,0.5555555555555556,4.188495954471168,1.1127407679322456,0.8794951751586181,0.45,0.55,4,2.512921586520939,-2.6090983557740834,-5.122019942295022,1.4774041290321476,5.122019942295022,-2.6090983557740834,2.512921586520939,0.2436397270204627,0.3428893341492705,-0.6421011111659406,-0.8857408381864034,13.396694269825968,0.3823346147289185,2.0,3.0,0.0,1.0,0.0,5.122019942295022,0.7344861934547291,0.7867988978432578,0.5555555555555556,0.7222222222222222,0.1673443650696043,0.64686320259177,0.6342083645321456,0.5,0.5,-0.0472513883301664,2.45242318141284,-2.6695967608821825,-7.148274847758824,87,0.0299735527475756,0.5,
b188cad8-92b9-4c72-98a2-b78e04b764f1,frontierscience,deepseek/deepseek-v3.2_reasoning-auto_s1,chemistry,,deepseek/deepseek-v3.2,1,is_correct,True,,True,,,,64,-2.467879748636475,-6.12295177542733,-3.655072026790855,2.509435832968389,10.800643535778285,-6.12295177542733,4.677691760350954,-0.1861794603910077,0.0359237755991947,-1.2259259474273585,-1.0397464870363509,54.09667907058454,0.0675655528137276,15,12,0.8421052631578947,1.0,0.0,10.800643535778285,7.19060760206502,6.985022102705507,0.8333333333333334,1.0,5.378162549965639,0.8058221784013753,1.2261894523067174,0.5,0.5,4,1.847019983036109,-3.3728099998277017,-5.219829982863811,1.846482851107848,5.475029595757678,-3.3728099998277017,2.1022195959299763,1.9746197894830424,0.5486187136835212,-2.2745721059787134,-4.249191895461756,5.730229208651545,0.9109286544738682,1.0,1.0,0.3157894736842105,1.0,0.0,5.475029595757678,0.0425332688156445,0.439295157539596,0.0,1.0,0.0267682459086247,0.9352684025156218,0.7345065582009382,0.6,0.4,0.6203478734962276,8.590319631959666,3.370489649095856,-5.704754688777356,68,0.0411706349206349,0.5,
319ae242-19fc-4542-b75a-d32b325ea923,frontierscience,deepseek/deepseek-v3.2_reasoning-auto_s1,chemistry,,deepseek/deepseek-v3.2,0,is_correct,False,,True,,,,70,0.1116046445429159,0.0997712269020365,-0.0118334176408794,2.363836854350337,9.04727643474738,-4.790401347775624,4.256875086971758,1.575098391700424,-0.6204263544072538,1.3642324670804171,-0.2108659246200068,45.84022030014845,0.0002581448684887,9,6,0.5789473684210527,0.4210526315789473,4.89017257467766,4.157103860069721,4.942871462189787,7.265589233942367,0.4444444444444444,0.3333333333333333,3.695583244010592,1.3393482327143968,0.5959432795376625,0.75,0.25,2,0.0056212714200718,-0.0056212714200718,-0.0112425428401436,0.0034119823428217,0.0112425428401436,-0.0056212714200718,0.0056212714200718,0.0038461330768912,-0.00029585639053,-0.0041419894674213,-0.0079881225443126,0.0112425428401436,1.0,0.0,1.0,0.0,1.0,0.0,0.0112425428401436,-0.0005917127810601,0.0005917127810601,0.6111111111111112,0.5555555555555556,7.7098821154524765e-19,0.0014792819526504,0.0014792819526504,0.5,0.5,-0.0166978309207184,-0.1108477864026831,-0.1220903292428268,-11.859186831718862,72,0.0368530020703933,1.0,
aeaa8d2c-fcb9-423f-b1c0-ac9c122999e6,frontierscience,deepseek/deepseek-v3.2_reasoning-auto_s1,physics,,deepseek/deepseek-v3.2,1,is_correct,True,,True,,,,90,0.1346183003983963,2.771120733396148,2.636502432997752,2.2850949050214284,7.544229305889564,-4.773108572493416,2.771120733396148,-0.3557551619106583,-1.5462575852067688,0.3661793533645015,0.7219345152751598,33.69015114050599,0.0782573643555982,7,6,1.0,0.8421052631578947,7.544229305889564,0.0,7.041765936036946,3.803638508438153,0.8888888888888888,0.7777777777777778,3.022354554432783,0.7245190648499303,1.2803697203316795,0.45,0.55,2,2.6010961613214736,-2.6010961613214736,-5.202192322642947,1.578805489220938,5.202192322642947,-2.6010961613214736,2.6010961613214736,1.779697373535745,-0.136899797964288,-1.916597171500033,-3.696294545035778,5.202192322642947,1.0,0.0,1.0,0.0,1.0,0.0,5.202192322642947,-0.2737995959285753,0.273799595928577,0.8888888888888888,0.9444444444444444,2.96059473233375e-16,0.6844989898214404,0.6844989898214404,0.5,0.5,-0.0384784789837581,-0.2085030510584324,-5.41069537370138,-5.028753926023569,92,0.0272159800249687,1.0,
4525a8e7-9e13-47c9-8b87-c0a97ebd355e,frontierscience,deepseek/deepseek-v3.2_reasoning-auto_s1,biology,,deepseek/deepseek-v3.2,0,is_correct,False,,True,,,,26,2.436538503481047,0.0095430014106247,-2.4269955020704224,1.8902189575471509,6.559831271372746,-2.828052782373383,3.731778488999362,-0.2814680130530415,0.5513531860051355,-0.072395610455133,0.2090724025979083,45.74320965305554,0.0530569568790261,12,10,0.2105263157894736,0.3157894736842105,2.837595783784008,3.722235487588737,4.151609671449416,5.338431575375049,0.6111111111111112,0.2222222222222222,4.147026075982537,0.8253414284239261,0.7526003010272333,0.45,0.55,12,-2.6055980189121706,2.58398294910644,5.1895809680186105,2.240975117997882,7.66650251558225,-3.677963622843414,3.988538892738836,-0.5808820360123208,0.2218471760887845,0.5119743365723033,1.092856372584624,31.7047678780466,0.1636845596214582,6.0,5.0,0.2631578947368421,0.8947368421052632,6.261946571949854,1.4045559436323964,4.281210558457834,4.153862773083382,1.0,0.8888888888888888,2.0945515331602143,0.982398685814068,0.9544685858156144,0.4,0.6,-0.1735611219983254,-2.788702142321121,2.4008788256974896,-4.420616003097567,38,0.08,0.2575757575757575,0.0
6e9aca19-46c4-46ea-9643-86b138e8f2f5,frontierscience,deepseek/deepseek-v3.2_reasoning-auto_s1,physics,,deepseek/deepseek-v3.2,0,is_correct,False,,False,,,,50,-0.090330809546623,2.7269411043491005,2.8172719138957234,2.20063621235982,7.274476583558964,-4.231349138575805,3.043127444983159,1.5654781038562704,0.3448109679351596,-1.61154168838735,-3.1770197922436205,36.43037047267791,0.0773330569341485,12,9,0.1052631578947368,0.7894736842105263,6.958290242924905,0.3161863406340583,4.221981684094102,4.605981651001772,1.0,0.3888888888888889,2.992267334591951,1.0744857494114322,0.8893470808006365,0.5,0.5,0,,,,,,,,,,,,,,,,,,,,,,,,,,,,,,,,,50,0.0563265306122449,,
4195adea-9fa5-4f25-91ef-ebd6c57cfb88,frontierscience,deepseek/deepseek-v3.2_reasoning-auto_s1,physics,,deepseek/deepseek-v3.2,1,is_correct,True,,True,,,,111,0.0852763485118093,-2.3832241901346074,-2.468500538646417,1.6222803326994923,5.09523007509468,-2.6518429472703224,2.4433871278243573,-1.037499386279666,-0.7208068131825479,-1.2566467867442326,-0.2191474004645666,37.99683503728176,0.0649659514068572,11,9,0.4210526315789473,0.8421052631578947,0.268618757135715,4.826611317958965,4.494211113616623,4.75561371217481,0.5555555555555556,0.4444444444444444,3.431121334064368,0.3392984550712202,1.3316996609062648,0.35,0.65,2,-0.0497358153695177,0.0497358153695177,0.0994716307390355,0.0301884949445238,0.0994716307390355,-0.0497358153695177,0.0497358153695177,-0.0340297684107226,0.0026176744931325,0.0366474429038551,0.0706772113145778,0.0994716307390355,1.0,0.0,1.0,1.0,0.0,0.0994716307390355,0.0,0.005235348986265,0.0,0.9444444444444444,0.8888888888888888,4.625929269271485e-18,0.0130883724656625,0.0130883724656625,0.5,0.5,-0.1015923206191408,2.231896054145949,2.3313676848849845,-12.833740676763014,113,0.0212940212940212,1.0,
824508b0-030f-4ed6-a642-c1dcf2ab15d7,frontierscience,deepseek/deepseek-v3.2_reasoning-auto_s1,biology,,deepseek/deepseek-v3.2,0,is_correct,False,,True,,,,30,2.6059136038293835,-2.624279868566236,-5.230193472395619,2.251698159944077,7.607802531149558,-3.220875123995294,4.386927407154263,-0.0485543855896187,0.7855123929842255,-0.680706065496587,-0.6321516799069682,51.2356818657706,0.1020810747888141,10,9,0.8947368421052632,0.3157894736842105,0.5965952554290581,7.0112072757205,4.250234343570616,6.393975694897626,0.3888888888888889,0.2777777777777778,4.023739366619265,0.9960058073943784,0.9422823244552424,0.55,0.45,29,2.417638247047007,2.628498997444213,0.2108607503972059,2.448432777018159,8.707945607806518,-4.196302720632495,4.511642887174023,-0.0491452731225197,0.2955000087055532,0.0881108206062488,0.1372560937287686,70.68965170130498,0.0029829083228219,13.0,14.0,0.8947368421052632,0.7894736842105263,6.824801718076708,1.8831438897298105,5.331012096622642,7.027804542538449,0.4444444444444444,0.9444444444444444,6.300215576628933,1.1076078123699251,0.9949504087339884,0.45,0.55,-0.0200541124580879,5.021864003155155,5.232724753552361,0.3673875783582119,59,0.0689655172413793,0.083743842364532,0.305
a6176b58-f026-4fbc-9301-28190a36879c,frontierscience,deepseek/deepseek-v3.2_reasoning-auto_s1,chemistry,,deepseek/deepseek-v3.2,0,is_correct,False,,False,,,,11,4.8531718142355125,-0.3761113403681942,-5.229283154603706,3.837358927016226,11.506724812905617,-5.428071978909415,6.0786528339962,0.1628552981928713,1.8316216325238943,-2.6410694348795465,-2.8039247330724177,37.03442951477391,0.1412005861334416,3,3,0.6842105263157895,0.8421052631578947,5.051960638541221,6.454764174364394,4.554180716677302,6.643643484238432,0.4444444444444444,0.7777777777777778,1.60197925415309,1.682765881874882,1.777019786587878,0.45,0.55,0,,,,,,,,,,,,,,,,,,,,,,,,,,,,,,,,,11,0.5454545454545454,,0.3
22f5a060-b2ba-4d68-8ad1-cbcbd58a788e,frontierscience,deepseek/deepseek-v3.2_reasoning-auto_s1,chemistry,,deepseek/deepseek-v3.2,1,is_correct,True,,True,,,,31,2.780955756213045,-4.735910568077359,-7.516866324290405,2.3896558556763043,8.975059411889202,-4.735910568077359,4.239148843811844,0.3722330131180926,-0.080461118439932,-0.910988703101819,-1.2832217162199115,56.14415081455675,0.1338851192017935,10,9,0.9473684210526316,1.0,0.0,8.975059411889202,4.9413587703565085,8.975059411889202,0.3888888888888889,1.0,4.014345977984697,0.9051862899145864,1.0763627377077758,0.35,0.65,2,-0.0500214509899183,0.0500214509899183,0.1000429019798367,0.0303618691903942,0.1000429019798367,-0.0500214509899183,0.0500214509899183,-0.0342252033088915,0.0026327079468378,0.0368579112557293,0.0710831145646208,0.1000429019798367,1.0,0.0,1.0,1.0,0.0,0.1000429019798367,0.0,0.0052654158936756,0.0,0.7222222222222222,0.1111111111111111,4.625929269271485e-18,0.013163539734189,0.013163539734189,0.5,0.5,2.703381186598876,7.389270303686317,7.4893132056661536,-10.14758997258762,33,0.1032258064516129,1.0,
218df0c2-18db-495f-8c53-eb6758feaff2,frontierscience,deepseek/deepseek-v3.2_reasoning-auto_s1,physics,,deepseek/deepseek-v3.2,1,is_correct,True,,True,,,,39,0.1350572353258215,-2.325767015263824,-2.4608242505896456,3.32699908701498,11.719924495968751,-5.0740797865718,6.645844709396951,-0.0252137980043613,-1.790711939082753,0.9338450378238722,0.9590588358282336,54.52081698422837,0.0451354984519308,8,7,0.3157894736842105,0.0526315789473684,2.748312771307976,8.971611724660775,4.909541258680768,7.7232937465183475,0.7777777777777778,0.3888888888888889,3.9616840761379697,1.1389863947868022,1.4944068914201307,0.6,0.4,4,4.095792380219755,-0.5408097138444683,-4.636602094064223,2.349632448157319,9.060139667205515,-4.964347286985762,4.095792380219755,-0.4342774533830038,-1.2687678109702378,0.4276832178966396,0.8619606712796435,18.13244331270413,0.2557075190642224,2.0,3.0,0.0,0.3157894736842105,4.423537573141294,4.636602094064223,1.165325383080205,1.5100232778675862,0.5,0.0,0.2348928453735801,0.6968512158137948,1.1646120929684378,0.45,0.55,0.8215069164726126,7.243066311956191,2.6064642178919684,-4.5711547131251,43,0.0769230769230769,0.5,
ecb58594-7fd9-4a94-b799-0f1c13acb752,frontierscience,deepseek/deepseek-v3.2_reasoning-auto_s1,chemistry,,deepseek/deepseek-v3.2,1,is_correct,True,,True,,,,78,-0.0491803819131829,-2.4594359995469666,-2.4102556176337835,2.0321344786291835,8.731643681520195,-6.164674987830235,2.5669686936899594,-1.6590140770041533,-0.1096174553349047,-1.4541224716094634,0.2048916053946898,52.02617983871967,0.0463277454755574,13,10,0.7894736842105263,0.8421052631578947,3.7052389882832686,5.026404693236926,7.936362815038844,8.731643681520195,0.8888888888888888,0.8333333333333334,5.221549200627484,0.4517926975094018,1.507050475310911,0.25,0.75,2,-0.0603052694470758,0.0603052694470758,0.1206105388941516,0.0366039102466784,0.1206105388941516,-0.0603052694470758,0.0603052694470758,-0.0412615001479992,0.003173961549846,0.0444354616978453,0.0856969618458445,0.1206105388941516,1.0,0.0,1.0,1.0,0.0,0.1206105388941516,0.0,0.0063479230996922,0.0,0.5555555555555556,0.6111111111111112,6.938893903907228e-18,0.0158698077492304,0.0158698077492304,0.5,0.5,-0.1403764833917969,2.2587542467080937,2.3793647856022453,-13.601489963388891,80,0.0323010323010323,1.0,
422512ca-5a0c-4a23-b987-7fa2eb2024e6,frontierscience,deepseek/deepseek-v3.2_reasoning-auto_s1,physics,,deepseek/deepseek-v3.2,1,is_correct,True,,True,,,,97,-2.7803569761903866,-6.441607886782638,-3.6612509105922513,2.6191140699861264,10.14544007719968,-6.441607886782638,3.7038321904170415,-0.3352704673854614,0.8881957048460193,-0.6808414550479885,-0.3455709876625271,58.186297695717386,0.0629229054877936,11,12,0.2631578947368421,1.0,0.0,10.14544007719968,4.9859487662407735,5.980958568500867,0.8888888888888888,1.0,4.8159002168734055,1.0539237471867182,1.0646523505899197,0.45,0.55,2,-0.1675814828205606,0.1675814828205606,0.3351629656411212,0.1017181021229402,0.3351629656411212,-0.1675814828205606,0.1675814828205606,-0.1146610145614362,0.0088200780431873,0.1234810926046236,0.2381421071660598,0.3351629656411212,1.0,0.0,1.0,1.0,0.0,0.3351629656411212,0.0,0.0176401560863748,0.0,0.5555555555555556,0.6666666666666666,3.0839528461809905e-17,0.044100390215937,0.044100390215937,0.5,0.5,-0.1723874640635526,6.101638939898525,6.436801905539646,-11.286022341843058,99,0.024914089347079,1.0,
8be6ce44-a0c8-4636-80ca-2667dcc9d2af,frontierscience,deepseek/deepseek-v3.2_reasoning-auto_s1,chemistry,,deepseek/deepseek-v3.2,0,is_correct,False,,True,,,,124,-2.520559809195495,-4.792477828596772,-2.2719180194012765,2.237550056453263,8.65768755914632,-4.792477828596772,3.865209730549549,-1.2394435193876474,-0.854745295049737,-0.3028124089832637,0.9366311104043836,47.11501425060474,0.0482206798732341,12,8,0.1052631578947368,1.0,0.0,8.65768755914632,7.988673359263428,5.458675625054116,0.0555555555555555,0.1111111111111111,4.123077423579073,0.5765877248819138,1.4003975326299771,0.35,0.65,2,1.111262030852043,-1.111262030852043,-2.2225240617040853,0.6745104699937985,2.2225240617040853,-1.111262030852043,1.111262030852043,0.7603371790040292,-0.0584874753080022,-0.8188246543120314,-1.5791618333160606,2.2225240617040853,1.0,0.0,1.0,0.0,1.0,0.0,2.2225240617040853,-0.1169749506160042,0.1169749506160047,0.6666666666666666,0.7222222222222222,9.868649107779167e-17,0.2924373765400112,0.2924373765400112,0.5,0.5,1.2313599905681,7.135099850016914,4.912575788312829,-10.312898449146395,126,0.0187516391292945,1.0,
e1b0b588-915d-46ad-990e-ba5aa554053e,frontierscience,deepseek/deepseek-v3.2_reasoning-auto_s1,physics,,deepseek/deepseek-v3.2,0,is_correct,False,,True,,,,46,2.7647432524833957,-4.661480603978408,-7.426223856461803,2.357551696471292,7.889364317198696,-4.753910306020611,3.1354540111780853,-0.4233985005365516,0.0465524067728462,-1.6632896774198949,-1.2398911768833432,51.79253138556064,0.1433840682776933,12,11,0.631578947368421,0.5789473684210527,0.0924297020422031,7.796934615156493,7.889364317198696,6.032153485464336,0.6111111111111112,0.0,4.564650013214951,0.6815988838072464,1.3124819198505118,0.5,0.5,2,3.655989268221468,-3.655989268221468,-7.311978536442936,2.219101320063619,7.311978536442936,-3.655989268221468,3.655989268221468,2.5014663414146887,-0.1924204878011295,-2.6938868292158182,-5.195353170630507,7.311978536442936,1.0,0.0,1.0,0.0,1.0,0.0,7.311978536442936,-0.384840975602259,0.3848409756022608,0.6666666666666666,0.7777777777777778,5.921189464667501e-16,0.9621024390056496,0.9621024390056494,0.5,0.5,1.1316224188935953,9.449092291093471,2.137113754650535,-3.747441244926474,48,0.0628019323671497,1.0,
1a5d24e0-9af4-4b36-98d1-2845df696d90,frontierscience,deepseek/deepseek-v3.2_reasoning-auto_s1,physics,,deepseek/deepseek-v3.2,0,is_correct,False,,True,,,,90,0.0288122477854754,-0.2172674008936562,-0.2460796486791316,1.8530948171588308,6.843655648129753,-2.55758379644023,4.286071851689523,-0.1911664727969245,0.6754780637367122,-0.0093430799114313,0.1818233928854931,35.628515110387724,0.0069068174162381,11,7,0.4736842105263157,0.3157894736842105,2.340316395546574,4.50333925258318,3.656538629151697,4.7421668458212185,0.3888888888888889,0.6111111111111112,3.2514465286101317,0.8479179374907169,0.6812118046352205,0.55,0.45,28,-2.087428010422712,0.3528104637323719,2.440238474155084,2.107543915186724,8.667263518393138,-4.41858516433544,4.248678354057698,0.3549029486004649,-0.7189755752331889,0.6021766726093387,0.2472737240088738,56.606265340581736,0.0431089820088457,14.0,11.0,0.8947368421052632,0.631578947368421,4.771395628067812,3.895867890325326,4.684657632911472,5.5305675241638665,0.6666666666666666,0.7777777777777778,5.147828107326274,0.8621855631436974,0.808957980682349,0.5,0.5,-0.4716560720822002,-2.341816681611256,0.0984217925438279,-0.2120099002360298,118,0.0257178526841448,0.0714285714285714,0.275
e2bef5ee-c2ee-4704-b52a-63bb2e7aea7a,frontierscience,deepseek/deepseek-v3.2_reasoning-auto_s1,physics,,deepseek/deepseek-v3.2,1,is_correct,True,,True,,,,64,-0.1052190187284866,-4.783307492629066,-4.67808847390058,2.755328383644504,9.172332230305994,-4.783307492629066,4.3890247376769285,-1.7651851650677592,0.2269179851857888,0.3100108083256574,2.075195973393417,56.25814573076067,0.0831539755378519,11,8,0.4736842105263157,1.0,0.0,9.172332230305994,7.579602853199001,8.697216200988864,0.5555555555555556,0.5,4.941602269819844,0.9527245649220368,1.398114835383029,0.4,0.6,2,1.1107792765748776,-1.1107792765748776,-2.2215585531497557,0.6742174492612064,2.2215585531497557,-1.1107792765748776,1.1107792765748776,0.7600068734459688,-0.0584620671881514,-0.8184689406341202,-1.5784758140800892,2.2215585531497557,1.0,0.0,1.0,0.0,1.0,0.0,2.2215585531497557,-0.1169241343763027,0.1169241343763032,0.1666666666666666,0.5555555555555556,1.295260195396016e-16,0.2923103359407573,0.2923103359407572,0.5,0.5,1.2506985226327108,7.144785291836655,4.9232267386869,-9.9745941171171,66,0.0411706349206349,1.0,
84bba88d-2aee-4fcb-baab-4c6eea17b0d8,frontierscience,deepseek/deepseek-v3.2_reasoning-auto_s1,physics,,deepseek/deepseek-v3.2,1,is_correct,True,,True,,,,30,0.201289260281341,-4.680750201869175,-4.882039462150516,3.0507735498874404,12.14499356346347,-5.6611781544880335,6.483815408975435,1.7387080628917868,-0.7223674915154822,-0.811590343690562,-2.550298406582349,70.2911428383037,0.0694545466899159,11,11,0.1052631578947368,0.4210526315789473,0.9804279526188592,11.164565610844608,6.962909114725586,6.886200602837821,0.8888888888888888,1.0,6.314876039508527,1.2930237624975331,1.180781665622995,0.5,0.5,2,4.580226509825035,-4.580226509825035,-9.16045301965007,2.7800920485435667,9.16045301965007,-4.580226509825035,4.580226509825035,3.133839190932919,-0.2410645531486858,-3.3749037440816045,-6.508742935014523,9.16045301965007,1.0,0.0,1.0,0.0,1.0,0.0,9.16045301965007,-0.4821291062973714,0.4821291062973731,0.6111111111111112,0.5555555555555556,7.401486830834377e-16,1.205322765743431,1.2053227657434302,0.5,0.5,2.33983989006182,11.60081660175603,2.4403635821059595,-3.948417475843094,32,0.1080459770114942,1.0,
a1e4e236-3b97-4c36-9cc3-a1711073631e,frontierscience,deepseek/deepseek-v3.2_reasoning-auto_s1,biology,,deepseek/deepseek-v3.2,0,is_correct,False,,True,,,,31,-2.4527928862870594,-3.830361932018838,-1.3775690457317786,2.40926333994018,8.815739262002205,-3.830361932018838,4.985377329983368,0.2691204792369666,0.8784025174774469,-0.97047723384645,-1.2395977130834166,61.519081750967885,0.0223925488892737,13,12,0.631578947368421,1.0,0.0,8.815739262002205,6.44504066754982,5.891550326138873,0.6111111111111112,0.1111111111111111,5.583421441233625,1.0625435944564765,0.9520537157603663,0.55,0.45,22,4.284088436127893,-0.3399762143476856,-4.624064650475578,2.5362768692682214,8.58513792909664,-4.301049492968746,4.284088436127893,0.0243617897087012,-0.0480224578327087,0.0446317822650491,0.0202699925563479,56.73644154119911,0.081500787234212,10.0,9.0,0.0,0.7894736842105263,3.96107327862106,4.624064650475578,5.815124665376811,5.240104629066784,0.8333333333333334,0.7777777777777778,5.025298133563147,1.08766980686264,1.082561506026528,0.55,0.45,0.5249780597750661,8.639428427921796,4.015363777446218,2.1227137816985824,53,0.0881720430107526,0.0909090909090909,0.25
f4681d73-b08d-450c-89d3-85b9d1250419,frontierscience,deepseek/deepseek-v3.2_reasoning-auto_s1,physics,,deepseek/deepseek-v3.2,1,is_correct,True,,True,,,,51,-2.5762092465409427,2.4903190381614757,5.066528284702418,2.087101592959059,7.404758885419655,-2.698277696323346,4.706481189096309,0.6795781655737286,0.4729619639794178,0.7073981986520005,0.0278200330782718,40.85882547211837,0.1240008303263578,8,7,0.5789473684210527,0.5263157894736842,5.188596734484822,2.216162150934834,7.404758885419655,4.284172844562668,0.5555555555555556,0.6111111111111112,3.4446330300354666,1.2095074623695283,0.5938989574303271,0.7,0.3,3,2.578500679684337,-0.1341971249594446,-2.7126978046437813,1.380807581190578,4.901219685474205,-2.3227190057898683,2.578500679684337,0.9923519740814226,-1.8265070059584991,-0.7421198696345624,-1.7344718437159852,7.089741566304629,0.3826229460233647,1.0,1.0,0.0,0.5263157894736842,2.188521880830424,2.7126978046437813,0.2431690978700476,0.5287162352009718,0.9444444444444444,0.3888888888888889,0.0428825185039457,0.3802670523205985,0.894857274367944,0.25,0.75,-0.0760214009243321,0.0121602405985292,-2.700537564045252,-6.416112984609253,54,0.0549019607843137,0.6666666666666666,
eec8840a-2d00-4e70-b043-0da51bd1b288,frontierscience,deepseek/deepseek-v3.2_reasoning-auto_s1,chemistry,,deepseek/deepseek-v3.2,1,is_correct,True,,True,,,,34,-2.586979654014596,-4.223492224734675,-1.6365125707200785,2.7907304503039136,9.643761199869452,-4.778501861930892,4.865259337938561,0.4863409200690268,-0.2975546003431937,-0.603791209983812,-1.0901321300528388,68.52733028683443,0.0238811663006589,13,12,0.2105263157894736,0.7894736842105263,0.5550096371962177,9.088751562673234,6.860207077870245,6.980442301970556,0.8333333333333334,1.0,6.3874509787116684,1.1252918129551992,1.2403539640463008,0.5,0.5,2,0.0399541656885791,-0.0399541656885791,-0.0799083313771582,0.0242512587748098,0.0799083313771582,-0.0399541656885791,0.0399541656885791,0.0273370607342909,-0.0021028508257146,-0.0294399115600056,-0.0567769722942966,0.0799083313771582,1.0,0.0,1.0,0.0,1.0,0.0,0.0799083313771582,-0.0042057016514293,0.0042057016514293,0.6111111111111112,0.5555555555555556,4.240435163498862e-18,0.0105142541285734,0.0105142541285734,0.5,0.5,0.142921225008888,4.406367615432142,4.326459284054984,-10.989842556903827,36,0.0926916221033868,1.0,
0f13c295-7991-43dc-a79f-d8f3d3fc0d57,frontierscience,deepseek/deepseek-v3.2_reasoning-auto_s1,chemistry,,deepseek/deepseek-v3.2,0,is_correct,False,,False,,,,31,2.542847130421753,-0.0229582678596164,-2.5658053982813698,2.147089706078456,7.887688464641327,-3.761329599719757,4.126358864921571,0.1723428918842016,1.3231121125381458,-0.9585142789212372,-1.130857170805439,50.21881115763775,0.051092515715421,12,7,0.631578947368421,0.8421052631578947,3.73837133186014,4.149317132781187,7.485883508433087,4.041504859858084,0.6111111111111112,0.5,4.485296721617145,0.9205022686715834,0.684647300800133,0.55,0.45,0,,,,,,,,,,,,,,,,,,,,,,,,,,,,,,,,,31,0.1075268817204301,,0.2
9557097c-9285-46d9-b1fc-51a256d87913,frontierscience,deepseek/deepseek-v3.2_reasoning-auto_s1,physics,,deepseek/deepseek-v3.2,0,is_correct,False,,True,,,,90,0.1859088198200864,-3.960204850454821,-4.146113670274907,2.116552457391464,8.17897267997047,-3.960204850454821,4.218767829515649,0.876655103227913,-1.3592028406738614,0.4580919911304615,-0.4185631120974514,38.80277013589295,0.1068509710970277,12,11,0.1578947368421052,1.0,0.0,8.17897267997047,3.3169790239713786,5.239775216022641,0.4444444444444444,0.1666666666666666,3.49382329085969,0.7973203582607631,0.8287844690277065,0.55,0.45,30,2.3534386467310218,2.454386700309904,0.1009480535788824,2.603329091360532,9.07825578657399,-4.483481289634761,4.59477449693923,0.7884724990938621,-0.0153898353435132,-0.2118748876335011,-1.0003473867273631,77.27965889941687,0.0013062693989148,13.0,14.0,0.8947368421052632,0.7894736842105263,6.937867989944666,2.140387796629326,6.041348690188791,7.272762706755563,0.0555555555555555,0.9444444444444444,7.063919317563434,1.240554184426898,1.0335377184043264,0.5,0.5,0.222049036950694,6.535692534136537,6.636640587715419,0.1067346149651164,120,0.0264669163545568,0.0666666666666666,0.1
f3ba1aae-2fc3-4d9b-a5a3-42bb91de4d7d,frontierscience,deepseek/deepseek-v3.2_reasoning-auto_s1,physics,,deepseek/deepseek-v3.2,0,is_correct,False,,True,,,,127,2.654091810181449,-2.355227062114103,-5.009318872295552,1.9177786399057772,6.469322447206126,-3.0902110753926197,3.379111371813507,0.8301474193230423,0.631484171029028,-0.9061555814231148,-1.7363030007461573,32.541665868826264,0.1539355389022753,11,7,0.0526315789473684,0.7368421052631579,0.7349840132785164,5.73433843392761,4.434731264097764,4.356122846073793,0.7777777777777778,0.5555555555555556,2.988893272432706,0.976756111693159,0.7370317294968689,0.55,0.45,2,3.706248350929119,-3.706248350929119,-7.412496701858238,2.2496074262360777,7.412496701858238,-3.706248350929119,3.706248350929119,2.53585413484624,-0.1950657026804797,-2.7309198375267187,-5.266773972372958,7.412496701858238,1.0,0.0,1.0,0.0,1.0,0.0,7.412496701858238,-0.3901314053609592,0.3901314053609601,0.6666666666666666,0.0555555555555555,4.1941758708061473e-16,0.9753285134023996,0.9753285134023996,0.5,0.5,1.178458248630836,7.239933661674058,-0.1725630401841797,-4.908742743029844,129,0.0182477190351206,1.0,
20fcf049-b356-45cf-83d8-833f280ee107,frontierscience,deepseek/deepseek-v3.2_reasoning-auto_s1,physics,,deepseek/deepseek-v3.2,1,is_correct,True,,True,,,,56,2.4620549816545227,-0.0547270672275623,-2.516782048882085,2.450667487933104,8.714867130145768,-4.160889279791151,4.553977850354617,0.5210361923976343,0.5669493982099728,1.44817799448065,0.9271418020830156,43.40613545637855,0.0579821728522999,9,7,0.0526315789473684,0.1578947368421052,4.106162212563589,4.608704917582179,4.738782518445756,6.970383039450256,0.3333333333333333,0.1111111111111111,3.48571944309698,1.5575934707641856,0.7423451157073282,0.65,0.35,1,0.0,0.0,0.0,0.0,0.0,0.0,0.0,0.0,0.0,0.0,0.0,0.0,0.0,0.0,0.0,0.0,0.0,0.0,0.0,0.0,0.0,0.0,0.0,0.0,0.0,0.0,0.0,0.0,-0.0433688881207623,0.0113581791068,0.0113581791068,-13.585927104616063,57,0.0487012987012987,,
8fac71ae-1f4a-4edd-9f0d-88a443912a04,frontierscience,deepseek/deepseek-v3.2_reasoning-auto_s1,physics,,deepseek/deepseek-v3.2,0,is_correct,False,,True,,,,28,0.0250499075313586,-2.459662495955224,-2.484712403486583,2.0805227822025456,7.353616396531489,-2.8450540163842537,4.508562380147235,0.1588918994509089,0.4635990526388341,-0.133218104251515,-0.292110003702424,52.49128718906224,0.0473357110588122,13,9,0.1052631578947368,0.2631578947368421,0.3853915204290294,6.968224876102459,5.224394113081727,5.496992829874111,0.8888888888888888,0.1111111111111111,5.049095938245328,0.9655037274271286,0.7875973254711731,0.55,0.45,14,2.3173129113970106,-2.6654088516574745,-4.982721763054485,2.501327239906583,9.016462092329856,-4.241317090446808,4.775145001883048,0.6268820716915317,-0.8155588590346018,0.2979886366814391,-0.3288934350100925,55.69473341496666,0.0894648642256629,8.0,9.0,0.1578947368421052,0.3684210526315789,1.5759082387893333,7.440553853540522,4.319161258454557,6.559035046736354,0.1111111111111111,0.6666666666666666,3.829816032592591,1.0697987180818935,1.0464390026475363,0.55,0.45,0.0397176109309755,4.81669301828321,-0.1660287447712747,-0.1701981947864865,42,0.1005291005291005,0.1538461538461538,0.3
896bb6e5-d69d-4e9c-9f57-e86b485fd2cf,frontierscience,deepseek/deepseek-v3.2_reasoning-auto_s1,chemistry,,deepseek/deepseek-v3.2,0,is_correct,False,,True,,,,66,0.0491133938088017,-0.1200030480002291,-0.1691164418090309,2.030336662171164,7.347063512340945,-3.1539947566889746,4.193068755651971,-0.5533927612994588,1.1334465549342905,-1.2324443261537898,-0.679051564854331,52.07725960797927,0.0032474143816722,13,11,0.631578947368421,0.1578947368421052,3.0339917086887453,4.3130718036522,4.923091476003586,5.874948563451426,0.4444444444444444,0.5,5.047537203101063,0.7306761840205361,0.8973906540944819,0.5,0.5,34,-2.1730256379296407,0.1611386939072263,2.334164331836867,2.158828015577165,9.338217831029814,-5.16034807349495,4.177869757534864,0.0620093048601438,-0.1947097302399007,0.1528115994090075,0.0908022945488637,61.98651562630854,0.0376560016037777,15.0,15.0,0.5789473684210527,0.6842105263157895,5.321486767402176,4.016731063627638,5.976125676093118,5.284287338645909,0.7222222222222222,0.2222222222222222,5.991013092934835,0.8716254254443052,0.8722270945045179,0.5,0.5,-0.246913110886312,-2.2999357008157237,0.0342286310211434,0.6996427802927592,100,0.0303030303030303,0.071301247771836,0.0
1dba0086-bca8-4b25-8843-e6e428f9284d,frontierscience,deepseek/deepseek-v3.2_reasoning-auto_s1,physics,,deepseek/deepseek-v3.2,0,is_correct,False,,True,,,,51,-2.726057832443538,-0.0423468533441146,2.683710979099424,2.367108419823439,9.309436929108724,-4.9521681136560725,4.357268815452652,-0.9609755078145128,1.6663870399185814,-0.5128415008125197,0.4481340070019932,52.500302870005456,0.0511180094664308,14,12,0.5789473684210527,0.2631578947368421,4.909821260311958,4.399615668796766,5.473904950859932,6.460479723284919,0.0555555555555555,0.7222222222222222,5.361905407997096,0.985052016030273,0.8920104300376048,0.55,0.45,2,3.756221462429156,-3.756221462429156,-7.512442924858313,2.279939954468954,7.512442924858313,-3.756221462429156,3.756221462429156,2.570046263767317,-0.1976958664436395,-2.7677421302109573,-5.337788393978274,7.512442924858313,1.0,0.0,1.0,0.0,1.0,0.0,7.512442924858313,-0.3953917328872789,0.3953917328872807,0.6111111111111112,0.7222222222222222,5.181040781584064e-16,0.9884793322181992,0.988479332218199,0.5,0.5,1.3221974773912732,5.120765793164544,-2.3916771316937684,-7.943642051441273,53,0.0549019607843137,1.0,
bc82c611-4407-4da9-8444-48dbf08d0bbf,frontierscience,deepseek/deepseek-v3.2_reasoning-auto_s1,physics,,deepseek/deepseek-v3.2,0,is_correct,False,,True,,,,128,-0.1701779382540575,-1.8970168498367856,-1.7268389115827285,2.2465730108512494,6.82235683092245,-2.733334411088861,4.089022419833589,0.4312930837042422,0.2480214477724772,0.4160963957434647,-0.0151966879607775,53.1182766055116,0.032509317356195,13,12,0.4736842105263157,0.7894736842105263,0.836317561252075,5.986039269670375,5.167215627119841,5.379129126538777,0.8333333333333334,0.2777777777777778,4.89857186136492,1.1719560154317197,0.8093670106918284,0.55,0.45,22,7.520613553346932,0.0727464528069516,-7.44786710053998,2.631921714093603,11.872183295852205,-4.351569742505273,7.520613553346932,1.0333566661199751,-0.927243810900124,-0.0087345300630954,-1.0420911961830708,60.91422461538719,0.1222681097488453,13.0,14.0,0.0,0.3684210526315789,4.424316195312224,7.44786710053998,5.661961533971611,7.732631076277896,0.3888888888888889,0.0,5.203048889902889,1.0036282667111476,0.969109126403128,0.45,0.55,-0.2175025417461244,9.200127861437592,1.752260760897613,-0.0029481685711196,150,0.0171013779527559,0.0952380952380952,0.06
44a8a9e1-5336-4f37-bfbf-c76fbc7ad1dc,frontierscience,deepseek/deepseek-v3.2_reasoning-auto_s1,biology,,deepseek/deepseek-v3.2,0,is_correct,False,,True,,,,40,-0.1922425039094056,-0.3499529816023182,-0.1577104776929126,1.5825233647154635,5.910851341725092,-2.9214127869146465,2.989438554810446,-0.1212929922629765,-0.459285575216687,1.3485646984678117,1.469857690730788,42.34665759715049,0.0037242721537372,13,14,0.7368421052631579,0.2631578947368421,2.5714598053123283,3.339391536412764,4.124727490534772,4.848029682571928,0.7222222222222222,0.2222222222222222,4.205764218069517,0.7534104904133434,0.5520435794908822,0.55,0.45,19,0.1289474587747216,2.979778307734474,2.8508308489597525,1.8952049667180904,6.6790070656210325,-3.598443918549578,3.080563147071455,-1.0369862275321904,1.0108465097524906,0.0304963374096501,1.0674825649418405,48.52663194345158,0.0587477583913477,13.0,12.0,0.2105263157894736,0.1578947368421052,6.578222226284051,0.1007848393369812,6.6790070656210325,4.869276178323212,0.1666666666666666,0.2222222222222222,4.7532945830735365,0.7706587268093456,0.7706587268093454,0.5,0.5,-0.5327817856342001,-0.0538813452571602,2.796949503702592,-2.6347334783981147,59,0.0602564102564102,0.1228070175438596,0.2
16318af5-cfa6-4b2c-bf25-9eb3ac468b48,frontierscience,deepseek/deepseek-v3.2_reasoning-auto_s1,physics,,deepseek/deepseek-v3.2,1,is_correct,True,,True,,,,23,-0.0263747477388797,4.71491328727606,4.741288035014939,2.634818273615944,11.218260936288411,-6.503347649012354,4.71491328727606,0.2589499007722003,-0.668372457951368,0.3755684881614323,0.1166185873892319,56.01331244151558,0.0846457356001824,14,9,1.0,0.6842105263157895,11.218260936288411,0.0,7.38993435584614,6.475803393798605,0.7222222222222222,0.2777777777777778,5.182241636315311,1.0541706265053947,1.0847979750696737,0.55,0.45,2,-3.65221176702277,3.65221176702277,7.30442353404554,2.2168084637991226,7.30442353404554,-3.65221176702277,3.65221176702277,-2.4988817353313686,0.1922216719485666,2.691103407279936,5.189985142611304,7.30442353404554,1.0,0.0,1.0,1.0,0.0,7.30442353404554,0.0,0.3844433438971344,0.0,0.5555555555555556,0.6111111111111112,4.6876083261951055e-16,0.961108359742834,0.9611083597428344,0.5,0.5,-1.2724000732811214,-9.639525127579953,-2.335101593534411,-4.561905814250231,25,0.1660079051383399,1.0,
cfcfcb2d-4ec8-42df-9b19-b6c840d5dea4,frontierscience,deepseek/deepseek-v3.2_reasoning-auto_s1,biology,,deepseek/deepseek-v3.2,0,is_correct,False,,True,,,,34,2.6524494432746484,0.0497444427556073,-2.602705000519041,2.0119006741569216,8.784234456976215,-4.231169377661887,4.553065079314328,0.188998203351958,1.045948781455071,0.1288985050918991,-0.0600996982600589,47.46717380330082,0.0548316824444696,10,8,0.5789473684210527,0.2631578947368421,4.280913820417495,4.50332063655872,4.331301249329037,4.392412908093934,0.2777777777777778,0.6111111111111112,3.5279847795355237,1.0125985740757666,0.5416975778657369,0.7,0.3,26,2.4008832339479778,2.497468834809053,0.0965856008610757,1.3123914072356098,5.6605153898215335,-3.16304655501248,2.497468834809053,0.4001632895760683,-0.2971988421661196,0.1854477129510828,-0.2147155766249855,28.42275389558064,0.0033981788399502,9.0,10.0,1.0,0.631578947368421,5.6605153898215335,0.0,4.860786702205664,2.5714618515578955,0.6666666666666666,0.6111111111111112,2.2863544412305776,0.5164238508670967,0.4247519803882899,0.5,0.5,0.4282267552614684,2.779365546453839,2.875951147314914,-0.5692178637167622,60,0.0819964349376114,0.0769230769230769,0.16
111d5872-2705-42c0-8df4-0fb386ba7084,frontierscience,deepseek/deepseek-v3.2_reasoning-auto_s1,biology,,deepseek/deepseek-v3.2,0,is_correct,False,,True,,,,49,0.0387375435186219,-5.009849429694078,-5.0485869732127,2.5958529578171707,8.530272062810033,-5.009849429694078,3.520422633115955,-0.0915159321463132,0.5376475114412888,-0.964973742710864,-0.8734578105645507,70.48423224157959,0.0716271826003443,13,13,0.1578947368421052,1.0,0.0,8.530272062810033,7.565403980535704,7.019255867397161,0.1111111111111111,0.2777777777777778,6.770219196949749,1.0355177095531831,1.168863779613201,0.55,0.45,2,-0.0156647431122536,0.0156647431122536,0.0313294862245072,0.0095081384458685,0.0313294862245072,-0.0156647431122536,0.0156647431122536,-0.0107179821294366,0.0008244601638028,0.0115424422932395,0.0222604244226762,0.0313294862245072,1.0,0.0,1.0,1.0,0.0,0.0313294862245072,0.0,0.0016489203276056,0.0,0.5555555555555556,0.6111111111111112,2.312964634635743e-18,0.0041223008190141,0.0041223008190141,0.5,0.5,0.0169904165255308,5.011175103107355,5.042504589331863,-12.66059383967535,51,0.0569727891156462,1.0,
ea576eec-eb50-4d75-9849-ccd4c83a15fe,frontierscience,deepseek/deepseek-v3.2_reasoning-auto_s1,chemistry,,deepseek/deepseek-v3.2,1,is_correct,True,,True,,,,47,0.1582106197048022,-4.746108491179055,-4.904319110883858,2.8203449631144064,9.8684278495233,-4.746108491179055,5.122319358344245,-2.439039706095207,0.3607080190729319,-0.5638990970424603,1.8751406090527465,60.09054483382245,0.0816154875021772,14,9,0.631578947368421,1.0,0.0,9.8684278495233,8.616209125978104,6.103283494451115,0.6111111111111112,0.6666666666666666,5.749521585186157,0.8626070046664023,1.7591928242369366,0.3,0.7,2,3.652666765993793,-3.652666765993793,-7.305333531987586,2.21708463769985,7.305333531987586,-3.652666765993793,3.652666765993793,2.499193050416806,-0.192245619262831,-2.6914386696796364,-5.190631720096443,7.305333531987586,1.0,0.0,1.0,0.0,1.0,0.0,7.305333531987586,-0.384491238525662,0.3844912385256629,0.1111111111111111,0.5555555555555556,3.20731096002823e-16,0.9612280963141562,0.9612280963141556,0.5,0.5,1.1536829257113073,9.552458182884155,2.24712465089657,-4.651214884086485,49,0.061054579093432,1.0,
f88cc0c0-2ca6-4cb0-bd1e-a37ddcf11294,frontierscience,deepseek/deepseek-v3.2_reasoning-auto_s1,physics,,deepseek/deepseek-v3.2,0,is_correct,False,,False,,,,37,-2.826627109259999,2.4428591358216205,5.26948624508162,1.967824330273792,7.657825018230453,-4.94351276425071,2.7143122539797435,0.0205658489488361,-1.1141275774986883,0.1543289768990496,0.1337631279502135,41.97973214151844,0.1255245323461708,8,9,0.2631578947368421,0.4736842105263157,7.38637190007233,0.271453118158123,5.249956016159938,4.690356492550064,0.5,0.1111111111111111,3.2775245020410635,0.6184508516146392,0.9548987635373728,0.55,0.45,0,,,,,,,,,,,,,,,,,,,,,,,,,,,,,,,,,37,0.084084084084084,,
431c9b49-2795-4750-ae7b-ae9f1450cb4e,frontierscience,deepseek/deepseek-v3.2_reasoning-auto_s1,chemistry,,deepseek/deepseek-v3.2,0,is_correct,False,,True,,,,34,-2.768802743729877,0.0274777561120649,2.796280499841941,2.095212756884238,7.161785903271167,-2.768802743729877,4.3929831595412905,0.5989824588906634,-0.2596480260975121,0.0184002279441409,-0.5805822309465224,61.08668556954737,0.0457756133561767,13,13,0.2105263157894736,0.0,2.796280499841941,4.365505403429226,6.90765007150163,5.913548868356624,0.1666666666666666,0.2222222222222222,5.476185926021328,0.9097015546765091,0.7854144348156641,0.55,0.45,35,5.104015722499474,0.0772801042615094,-5.026735618237964,2.753448245651786,9.534231937411048,-4.430216214911573,5.104015722499474,-0.4058493823481556,0.622424885753342,-0.4737839467822255,-0.0679345644340699,62.82850650993835,0.0800072434865664,11.0,10.0,0.0,0.5263157894736842,4.507496319173082,5.026735618237964,6.070729429312523,9.001819731374875,0.5555555555555556,0.5,5.407812813046298,1.1618646402650974,1.2281983981079498,0.5,0.5,0.0688745405832098,5.145412506970619,0.1186768887326543,2.0071572673348825,69,0.0588235294117647,0.0840336134453781,0.35
bc8a05ac-9db5-47b4-8618-84aa4a46466a,frontierscience,deepseek/deepseek-v3.2_reasoning-auto_s1,physics,,deepseek/deepseek-v3.2,1,is_correct,True,,True,,,,54,0.1857388467805411,-2.395369031087736,-2.581107877868277,2.1841917681346965,8.811914556070223,-4.101162830928613,4.710751725141609,0.2195963838258841,-0.1583762556168886,-1.018697039296407,-1.238293423122291,44.36690767273378,0.0581764205183614,12,11,0.2105263157894736,0.2631578947368421,1.7057937998408774,7.106120756229345,4.147607109179035,8.811914556070223,0.6111111111111112,0.2222222222222222,4.017222811735596,0.7486769844635006,1.032859051379274,0.55,0.45,2,3.701006921855285,-3.701006921855285,-7.40201384371057,2.246425999452945,7.40201384371057,-3.701006921855285,3.701006921855285,2.532267893900985,-0.1947898379923831,-2.727057731893368,-5.259325625794353,7.40201384371057,1.0,0.0,1.0,0.0,1.0,0.0,7.40201384371057,-0.3895796759847663,0.389579675984768,0.6111111111111112,0.7222222222222222,4.1941758708061473e-16,0.9739491899619171,0.9739491899619168,0.5,0.5,1.2460385461504089,7.342414499093429,-0.0595993446171405,-2.811386619970857,56,0.0510132774283717,1.0,
36c373f1-468f-4bba-a8d9-5a73a3be5876,frontierscience,deepseek/deepseek-v3.2_reasoning-auto_s1,chemistry,,deepseek/deepseek-v3.2,1,is_correct,True,,True,,,,130,2.797471585408972,-2.44866863030074,-5.246140215709712,2.224589937306656,7.794293370661231,-3.2913056823633533,4.502987688297878,1.0293320691884744,1.3198834910267612,-0.1933549207301251,-1.2226869899185997,37.83409534753022,0.1386617062604663,10,7,0.5263157894736842,0.2105263157894736,0.8426370520626132,6.951656318598618,5.785445664123158,5.099732393937412,0.2222222222222222,0.1111111111111111,3.333867242052717,1.4360620384994958,0.671843068643201,0.6,0.4,2,3.7062374052864193,-3.7062374052864193,-7.412474810572839,2.2496007824829425,7.412474810572839,-3.7062374052864193,3.7062374052864193,2.5358466457222875,-0.1950651265940219,-2.730911772316309,-5.266758418038597,7.412474810572839,1.0,0.0,1.0,0.0,1.0,0.0,7.412474810572839,-0.390130253188043,0.3901302531880448,0.6111111111111112,0.5555555555555556,4.934324553889585e-16,0.9753256329701104,0.9753256329701102,0.5,0.5,1.2117168027103886,7.366622838297548,-0.0458519722752903,-2.776775921872499,132,0.0177698270721526,1.0,
b7337452-ab08-43e5-9f3b-419107415280,frontierscience,deepseek/deepseek-v3.2_reasoning-auto_s1,chemistry,,deepseek/deepseek-v3.2,1,is_correct,True,,True,,,,85,2.48937544852565,2.6609273165849854,0.1715518680593355,2.107513092946383,7.523830355765238,-3.905768167600973,3.618062188164265,-0.4033081652791571,0.0697960636958877,0.3533568294952329,0.75666499477439,49.08299027309083,0.0034951388883367,9,10,0.2631578947368421,0.1052631578947368,6.566695484185958,0.9571348715792798,5.327337840712109,4.557279382826382,0.2222222222222222,0.2777777777777778,3.6270376487368634,0.8918544436917382,0.9025766303973124,0.45,0.55,2,1.3911551343869508,-1.3911551343869508,-2.7823102687739016,0.8443991403271144,2.7823102687739016,-1.3911551343869508,1.3911551343869508,0.9518429866858086,-0.0732186912835236,-1.0250616779693322,-1.976904664655141,2.7823102687739016,1.0,0.0,1.0,0.0,1.0,0.0,2.7823102687739016,-0.146437382567047,0.1464373825670477,0.8333333333333334,0.5555555555555556,2.0970879354030732e-16,0.3660934564176186,0.3660934564176187,0.5,0.5,-1.438265795679411,-2.7080379778774457,-5.490348246651347,-7.327002111995828,87,0.0291316526610644,1.0,
0ea11f5b-df09-4330-92cc-302a63c22008,frontierscience,deepseek/deepseek-v3.2_reasoning-auto_s1,physics,,deepseek/deepseek-v3.2,1,is_correct,True,,True,,,,51,2.654061875868536,-2.0779808595006624,-4.732042735369198,2.161260796747856,7.70467200579793,-3.36790523499766,4.336766770800271,0.3688584912347711,0.9370104447808688,0.0382233504096002,-0.330635140825171,43.78071403108742,0.1080850972875662,12,7,0.7368421052631579,0.2105263157894736,1.2899243754969976,6.414747630300933,5.482854524868621,5.798673533355895,0.6111111111111112,0.1111111111111111,4.087343532657375,1.1395381244520784,0.6710169917237242,0.6,0.4,2,4.909530426317136,-4.909530426317136,-9.819060852634273,2.9799719448391144,9.819060852634273,-4.909530426317136,4.909530426317136,3.35915239695383,-0.2583963382272174,-3.617548735181048,-6.9767011321348775,9.819060852634273,1.0,0.0,1.0,0.0,1.0,0.0,9.819060852634273,-0.5167926764544344,0.5167926764544362,0.6666666666666666,0.5555555555555556,5.427757009278545e-16,1.2919816911360886,1.2919816911360882,0.5,0.5,2.664066731251158,9.651578017068957,-0.1674828355653161,-0.9930978422476392,53,0.0541176470588235,1.0,
ae667a28-9659-4f33-a51e-7a19f133e111,frontierscience,deepseek/deepseek-v3.2_reasoning-auto_s1,physics,,deepseek/deepseek-v3.2,1,is_correct,True,,True,,,,192,-2.4975762489708,-2.46166245950541,0.0359137894653898,2.030094427112095,7.1784667964414455,-4.398943531065555,2.7795232653758903,-1.71533103668187,1.04122009652601,-0.1548810563425397,1.5604499803393304,42.620036898805424,0.0008426503606897,14,10,0.4736842105263157,0.0526315789473684,1.937281071560145,5.2411857248813005,4.655798632027428,4.600441990629959,0.0555555555555555,0.9444444444444444,4.410935682135627,0.774784729121939,1.0571878750792518,0.5,0.5,2,-2.596092807046528,2.596092807046528,5.192185614093056,1.5757685683599314,5.192185614093056,-2.596092807046528,2.596092807046528,-1.7762740258739402,0.1366364635287644,1.9129104894027045,3.689184515276645,5.192185614093056,1.0,0.0,1.0,1.0,0.0,5.192185614093056,0.0,0.2732729270575298,0.0,0.7222222222222222,0.1111111111111111,2.96059473233375e-16,0.6831823176438231,0.6831823176438232,0.5,0.5,0.0501521978039339,-0.0842781497371838,5.107907464355872,-5.103981891878885,194,0.0115074171029668,1.0,
1510d6bd-6785-456d-8988-b9382a3aef9c,frontierscience,deepseek/deepseek-v3.2_reasoning-auto_s1,biology,,deepseek/deepseek-v3.2,1,is_correct,True,,True,,,,78,-2.5156627121988997,2.451966123620562,4.967628835819461,1.926877199589974,5.338441750830888,-2.624997872926834,2.7134438779040537,-0.1964778562068305,0.3318709419341698,0.5575475577766139,0.7540254139834444,40.607098982035566,0.1223339997279077,12,11,0.2105263157894736,0.3684210526315789,5.076963996547396,0.2614777542834918,4.104927989264743,5.081451875735661,0.1111111111111111,0.2777777777777778,4.056531817031156,0.9265566662113872,0.7119048188738344,0.55,0.45,2,2.5954105757540784,-2.5954105757540784,-5.190821151508157,1.5753544696712882,5.190821151508157,-2.5954105757540784,2.5954105757540784,1.775807236042264,-0.1366005566186356,-1.9124077926609,-3.688215028703164,5.190821151508157,1.0,0.0,1.0,0.0,1.0,0.0,5.190821151508157,-0.2732011132372705,0.2732011132372722,0.8888888888888888,0.9444444444444444,3.454027187722709e-16,0.6830027830931785,0.6830027830931784,0.5,0.5,-0.0457117556999988,0.0977326964335176,-5.093088455074639,-4.882110045355599,80,0.0323010323010323,1.0,
a466aab3-82ae-4890-94dc-7fd11df89c0f,frontierscience,deepseek/deepseek-v3.2_reasoning-auto_s1,biology,,deepseek/deepseek-v3.2,0,is_correct,False,,True,,,,112,-2.4496833565816734,-2.385038343233497,0.0646450133481764,2.32152095676086,8.171543928800057,-3.696836975797091,4.474706953002967,0.5238831238737431,0.6195717638988096,-1.5816518242925393,-2.1055349481662824,44.71650496819037,0.0014456633718167,13,8,0.2631578947368421,0.0526315789473684,1.311798632563594,6.859745296236463,6.323285321622558,5.766942658773781,0.2222222222222222,0.1666666666666666,4.099004695076255,0.941670632089684,1.0159569686570522,0.35,0.65,36,2.3079482273865173,2.517112993659352,0.2091647662728348,1.9528177712095336,5.547047213593525,-3.029934219934173,2.517112993659352,-0.2360116833706148,0.0694945608928469,0.4589914345652306,0.6950031179358455,50.32362894637631,0.0041563927453585,13.0,12.0,1.0,0.1052631578947368,5.547047213593525,0.0,5.179375160713114,5.0314970468245495,0.8888888888888888,0.8333333333333334,4.730738912064682,0.8861913288792145,0.806774891376864,0.55,0.45,0.3517840372840199,5.044770607904034,5.253935374176869,-1.05257141623256,148,0.0204311454311454,0.0555555555555555,0.4
5ef8b29d-7665-45e6-a26a-bd4a27f450ad,frontierscience,deepseek/deepseek-v3.2_reasoning-auto_s1,chemistry,,deepseek/deepseek-v3.2,0,is_correct,False,,False,,,,18,2.925349031313102,2.8945296193558665,-0.0308194119572355,3.5870322492121485,12.669020822406198,-6.581937619657095,6.087083202749103,2.6205622464683715,-0.8893339092504002,-2.055368099394128,-4.675930345862499,55.99822142951626,0.000550364121761,7,6,0.1052631578947368,0.7894736842105263,9.476467239012962,3.192553583393236,5.51410940380933,7.3224987426891746,0.3888888888888889,0.4444444444444444,4.289905426258436,1.5154180984628058,1.526098610254755,0.55,0.45,0,,,,,,,,,,,,,,,,,,,,,,,,,,,,,,,,,18,0.2418300653594771,,
8a983c4c-070e-45b1-b2ce-300c7a68feb6,frontierscience,deepseek/deepseek-v3.2_reasoning-auto_s1,physics,,deepseek/deepseek-v3.2,0,is_correct,False,,True,,,,144,0.0141122973895881,2.4693073827154284,2.4551950853258404,2.042194315999186,6.999156872887736,-2.8288216635718744,4.170335209315861,-0.3415379751904716,-0.1139573639039883,0.081919590650933,0.4234575658414047,64.58106236108438,0.0380172607195341,15,14,0.631578947368421,0.5789473684210527,5.298129046287302,1.7010278266004328,6.999156872887736,6.186345361439617,0.6111111111111112,0.6666666666666666,6.482175912391802,0.8106031865586854,0.9454506780464664,0.5,0.5,2,0.054815636738823,-0.054815636738823,-0.1096312734776461,0.0332718295714322,0.1096312734776461,-0.054815636738823,0.054815636738823,0.0375054356634052,-0.0028850335125696,-0.0403904691759748,-0.0778959048393801,0.1096312734776461,1.0,0.0,1.0,0.0,1.0,0.0,0.1096312734776461,-0.0057700670251392,0.0057700670251392,0.6666666666666666,0.7222222222222222,6.167905692361981e-18,0.0144251675628481,0.0144251675628481,0.5,0.5,0.0814804497222786,-2.333011296254327,-2.442642569731973,-12.303126482645393,146,0.0158313908313908,1.0,
9c098058-e720-4a0b-8fc5-62fb27aade25,frontierscience,deepseek/deepseek-v3.2_reasoning-auto_s1,biology,,deepseek/deepseek-v3.2,0,is_correct,False,,True,,,,52,-2.5644678511671244,2.408727928154813,4.973195779321937,2.482774364815696,7.828829612205403,-2.6193856296579225,5.20944398254748,-0.286224294660574,0.8452323795022433,0.7382286258552093,1.0244529205157833,62.80499991083629,0.0791847111915029,15,11,0.8421052631578947,0.3157894736842105,5.028113557812736,2.8007160543926672,6.12723745170483,7.462214593951915,0.8333333333333334,0.8888888888888888,6.360381616119722,1.2997381717255492,0.882616754274402,0.5,0.5,2,2.59496245184485,-2.59496245184485,-5.1899249036897,1.5750824687747966,5.1899249036897,-2.59496245184485,2.59496245184485,1.7755006249464766,-0.1365769711497288,-1.912077596096205,-3.687578221042682,5.1899249036897,1.0,0.0,1.0,0.0,1.0,0.0,5.1899249036897,-0.2731539422994573,0.2731539422994586,0.6111111111111112,0.9444444444444444,3.947459643111668e-16,0.6828848557486449,0.6828848557486447,0.5,0.5,-0.0796647786144198,0.1065697450756175,-5.083355158614083,-5.4020599377954746,54,0.0535444947209653,1.0,0.0
1ca773ca-3f07-4426-8086-d1f3591cdf5f,frontierscience,deepseek/deepseek-v3.2_reasoning-auto_s1,biology,,deepseek/deepseek-v3.2,0,is_correct,False,,True,,,,166,-2.467543515454096,-2.5286966681716083,-0.0611531527175124,1.9849642085175956,7.605776918304657,-3.643657815325713,3.962119102978944,-0.3815829799419311,0.6097865731911577,-0.5309139932025003,-0.1493310132605692,42.66710644521381,0.0014332622437388,9,10,0.6842105263157895,0.2105263157894736,1.1149611471541043,6.490815771150553,5.942621367231537,5.046109543660489,0.0,0.7222222222222222,3.5284794065608938,0.706449147028364,0.7858520873518848,0.5,0.5,21,-0.371322510661045,2.280546477619218,2.6518689882802637,2.053966084177117,7.659013213885061,-4.540815263355036,3.118197950530025,0.3761149290826129,-0.5388739718566438,0.2066331285605645,-0.1694818005220483,50.14689069489479,0.0528820222257615,10.0,11.0,0.8947368421052632,0.8421052631578947,6.821361740974254,0.8376514729108067,7.659013213885061,5.345383653140545,0.8888888888888888,0.9444444444444444,4.685928095904258,0.838620819638875,0.8335965460416164,0.55,0.45,0.4324028591374685,2.589777016648032,5.241646004928295,-0.4008317462708994,187,0.0133625410733844,0.0952380952380952,0.525
1c77dfab-266d-40d4-b3a0-2c27f0b32139,frontierscience,deepseek/deepseek-v3.2_reasoning-auto_s1,physics,,deepseek/deepseek-v3.2,0,is_correct,False,,True,,,,32,-0.441790293267589,-2.595389984442514,-2.153599691174925,2.493300911661328,8.71312405663462,-4.653402776745603,4.0597212798890165,-0.5318136066459633,-0.6601440818860225,0.255135958972809,0.7869495656187724,70.79569708576011,0.0304199235239693,13,14,0.8421052631578947,0.5789473684210527,2.0580127923030886,6.655111264331531,6.084084628252921,7.491170142634675,0.4444444444444444,0.3888888888888889,6.398797282438645,0.9181922399033536,1.2588366431977058,0.4,0.6,48,2.7182305223695384,0.397757256276368,-2.3204732660931704,1.6913381264789211,5.96034986713561,-3.108094842467902,2.8522550246677083,0.7705229329926399,-0.3100316982487562,-0.1653011105916385,-0.9358240435842784,45.84645630294673,0.0506140158523882,13.0,14.0,0.1052631578947368,0.6842105263157895,3.50585209874427,2.4544977683913403,4.270035217012227,5.261241864869459,0.5,0.6666666666666666,4.474989451792546,0.7686225110767168,0.6570409120938491,0.55,0.45,-0.718639030651675,4.5949814761603776,2.274508210067207,2.2839100525223337,80,0.0665322580645161,0.0469858156028368,0.2
d9a6df63-9cdc-41c0-980b-ddc78275bf91,frontierscience,deepseek/deepseek-v3.2_reasoning-auto_s1,biology,,deepseek/deepseek-v3.2,0,is_correct,False,,True,,,,32,-0.4584638946956662,1.9095458596494792,2.3680097543451453,2.059891130031645,9.091703627779912,-4.58556193222503,4.5061416955548825,0.0177272685317089,1.420384134547647,-0.4262788018710529,-0.4440060704027618,53.06910558580745,0.0446212486192425,13,11,0.4210526315789473,0.7368421052631579,6.495107791874509,2.5965958359054038,6.7878814677716575,6.268654745804117,0.7777777777777778,0.7222222222222222,5.209069832199329,1.0036835424197252,0.6282281919032666,0.55,0.45,21,-1.7425816877766875,3.278710366587167,5.021292054363855,2.439588522413216,8.911975708598417,-3.9360979969865055,4.97587771161191,0.0442175231713624,-0.015113522954705,-0.0204798539474095,-0.0646973771187719,53.07744447916681,0.0946031238624297,8.0,9.0,0.0526315789473684,0.2105263157894736,7.214808363573674,1.697167345024743,8.282795922158671,6.93212080171447,0.2222222222222222,0.0555555555555555,4.127122283449474,0.976931143649775,0.9728886997581676,0.45,0.55,-0.8122576260904799,-4.464385173516646,0.5569068808472082,1.6131946472045016,53,0.0826612903225806,0.0952380952380952,0.1
f040ed81-6802-4359-beff-42e319c1b0f1,frontierscience,deepseek/deepseek-v3.2_reasoning-auto_s1,chemistry,,deepseek/deepseek-v3.2,0,is_correct,False,,True,,,,84,-0.1828986082121757,-2.4991024658317453,-2.31620385761957,2.5756093707281704,10.15372941734205,-6.190039561303514,3.963689856038535,-0.5516804930856674,0.4501691826517277,-0.0978353824190113,0.453845110666656,58.06816370314082,0.0398876718309983,13,6,0.3157894736842105,0.1052631578947368,3.690937095471769,6.46279232187028,6.19629280994292,9.427673921545455,0.2777777777777778,0.0555555555555555,5.773242797371492,1.0226349360407323,1.087514509418315,0.45,0.55,2,-0.0547043859048095,0.0547043859048095,0.109408771809619,0.0332043028763285,0.109408771809619,-0.0547043859048095,0.0547043859048095,-0.0374293166717117,0.0028791782055162,0.040308494877228,0.0777378115489398,0.109408771809619,1.0,0.0,1.0,1.0,0.0,0.109408771809619,0.0,0.0057583564110325,0.0,0.1666666666666666,0.1111111111111111,4.625929269271485e-18,0.0143958910275814,0.0143958910275814,0.5,0.5,-0.1136087179251055,2.3307893620018305,2.4401981338114496,-15.074935949765496,86,0.0295467584624211,1.0,
bb0539ef-d9fd-4215-bf16-b0eca44a8778,frontierscience,deepseek/deepseek-v3.2_reasoning-auto_s1,physics,,deepseek/deepseek-v3.2,1,is_correct,True,,True,,,,49,-0.2580741698621038,-0.348254294326159,-0.0901801244640552,2.3645565839547453,9.853106091369376,-6.5294662494857,3.323639841883677,-0.480171437317639,-0.1277831261341131,-0.2706762962590721,0.2094951410585669,44.06718371883663,0.0020464235935619,11,10,0.5789473684210527,0.4210526315789473,6.181211955159541,3.671894136209836,6.849234593004058,4.669210214467891,0.4444444444444444,0.3888888888888889,3.8044575196187376,0.6513717827283008,0.9453587688141356,0.4,0.6,2,0.0151080886459915,-0.0151080886459915,-0.0302161772919831,0.0091702619997754,0.0302161772919831,-0.0151080886459915,0.0151080886459915,0.0103371132840994,-0.0007951625603153,-0.0111322758444148,-0.0214693891285143,0.0302161772919831,1.0,0.0,1.0,0.0,1.0,0.0,0.0302161772919831,-0.0015903251206306,0.0015903251206306,0.6111111111111112,0.5555555555555556,1.927470528863119e-18,0.0039758128015767,0.0039758128015767,0.5,0.5,-0.1067382702458934,0.2566241127262572,0.226407935434274,-14.188225805245022,51,0.0578231292517006,1.0,
1e2f4cbe-4a38-4dd3-9378-14df40f7599f,frontierscience,deepseek/deepseek-v3.2_reasoning-auto_s1,physics,,deepseek/deepseek-v3.2,1,is_correct,True,,True,,,,71,-0.07778619373643,-2.2874303383998558,-2.209644144663425,1.8734642743007748,6.384539891369972,-2.434544461594984,3.949995429774988,0.864600322734981,1.4246877598975014,-0.0135335303525953,-0.8781338530875763,41.39041186433282,0.0533854108991733,12,6,0.4736842105263157,0.5263157894736842,0.1471141231951285,6.237425768174843,6.044787853344019,6.384539891369972,0.7777777777777778,0.5,3.584794823451167,1.1990745746527551,0.4018838048371652,0.7,0.3,7,4.564962601296554,2.190276764371401,-2.374685836925153,2.819792389178044,9.39813182362105,-4.833169222324496,4.564962601296554,-1.0117867179253073,1.3472582563976958,-1.5765131748262002,-0.564726456900893,31.620791564892983,0.0750988738549369,3.0,4.0,0.0,0.8421052631578947,7.023445986695897,2.374685836925153,2.518142589174058,2.352535199628247,0.4444444444444444,0.7222222222222222,0.8011790714701994,1.071398732942092,1.4269376469246164,0.4,0.6,0.383549129228586,7.235942068924995,4.8612562319998425,-2.063404899620764,78,0.0325955734406438,0.2857142857142857,
441c416a-8f5e-431c-9675-faeac34ff290,frontierscience,deepseek/deepseek-v3.2_reasoning-auto_s1,chemistry,,deepseek/deepseek-v3.2,0,is_correct,False,,True,,,,75,2.581601508733644,-2.256873671686759,-4.838475180420403,2.436862525805675,8.962591940009453,-5.032166132520402,3.9304258074890512,-0.0558459698537914,0.7186307686427484,0.7239888567782057,0.7798348266319971,55.04603010678163,0.0878987126053311,10,9,0.9473684210526316,0.5263157894736842,2.775292460833643,6.18729947917581,7.346865539605698,6.18729947917581,0.5555555555555556,1.0,4.534085556280252,1.299102593040599,0.8499312564310026,0.55,0.45,2,1.1667593295473822,-1.1667593295473822,-2.3335186590947643,0.7081960526800692,2.3335186590947643,-1.1667593295473822,1.1667593295473822,0.7983090149534721,-0.0614083857656516,-0.8597174007191235,-1.6580264156725957,2.3335186590947643,1.0,0.0,1.0,0.0,1.0,0.0,2.3335186590947643,-0.1228167715313031,0.1228167715313035,0.6666666666666666,0.5555555555555556,1.480297366166875e-16,0.3070419288282585,0.3070419288282583,0.5,0.5,1.368723163006091,4.792356164240232,2.458837505145468,-10.8985452576201,77,0.0338738738738738,1.0,
07fd78cd-81de-4a62-9952-369093ec303f,frontierscience,deepseek/deepseek-v3.2_reasoning-auto_s1,physics,,deepseek/deepseek-v3.2,0,is_correct,False,,False,,,,91,-0.0090125451940246,-0.0107043856975537,-0.0016918405035291,2.385017555953393,9.818091080279604,-4.549739384109937,5.268351696169667,0.1031693700355716,-2.1379788549295093,1.0322332675968966,0.9290638975613248,49.63706747228119,3.408421548017278e-05,14,6,0.9473684210526316,0.4210526315789473,4.539034998412384,5.27905608186722,5.584498310155732,5.27905608186722,0.8333333333333334,1.0,4.614688138436415,0.7827945207199702,1.1853078601537794,0.35,0.65,0,,,,,,,,,,,,,,,,,,,,,,,,,,,,,,,,,91,0.0268620268620268,,0.1
27c865e6-1c87-489b-b7ea-b197fe3356ba,frontierscience,deepseek/deepseek-v3.2_reasoning-auto_s1,physics,,deepseek/deepseek-v3.2,1,is_correct,True,,True,,,,340,0.1193962673557208,0.0119508616034336,-0.1074454057522871,1.692095645927444,7.719673696120354,-2.9771410246698915,4.742532671450463,1.5807345524908345,-0.4203165599737061,-0.0204499726794545,-1.601184525170289,34.60646626069107,0.0031047783076983,11,10,0.3157894736842105,0.5263157894736842,2.989091886273325,4.730581809847029,5.6075678989275,3.561930002044241,0.2777777777777778,0.2222222222222222,3.2932345288423828,0.8456640208689526,0.445652715291794,0.6,0.4,2,0.0006362903872059,-0.0006362903872059,-0.0012725807744118,0.000386213616781,0.0012725807744118,-0.0006362903872059,0.0006362903872059,0.0004353565807198,-3.348896774767986e-05,-0.0004688455484675,-0.0009042021291873,0.0012725807744118,1.0,0.0,1.0,0.0,1.0,0.0,0.0012725807744118,-6.697793549535953e-05,6.697793549535996e-05,0.8333333333333334,0.7777777777777778,1.2046690805394494e-19,0.0001674448387383,0.0001674448387383,0.5,0.5,-0.0012290082379501,-0.0125435794541779,-0.0138161602285897,-10.394765327002847,342,0.0062293944126323,1.0,
4adee97f-5a2a-42f4-9152-ca7bbd9b4148,frontierscience,deepseek/deepseek-v3.2_reasoning-auto_s1,chemistry,,deepseek/deepseek-v3.2,0,is_correct,False,,True,,,,97,2.643680029143725,2.6623479518643807,0.018667922720656,2.5273049302875883,8.66061118457558,-5.451002796979837,3.209608387595744,-0.0384436082302829,0.9928333558056728,-0.0517114111605397,-0.0132678029302568,55.67115359956191,0.0003353248767742,13,10,0.6842105263157895,0.1578947368421052,8.113350748844217,0.5472604357313631,8.566531276630284,7.3441245736421585,0.1666666666666666,0.1111111111111111,5.8316618381437,1.177252356554606,0.8587293682513815,0.5,0.5,23,2.49277219165698,3.2238575216931884,0.7310853300362083,2.5977124369468445,11.928148388661135,-6.8085278801084925,5.119620508552643,-0.707940547367025,1.0017281517160284,-0.2644078517924172,0.4435326955746078,59.58691939970905,0.0122692251487627,13.0,10.0,0.6842105263157895,0.3157894736842105,10.03238540180168,1.8957629868594543,8.321053011613396,7.770442903770439,0.6666666666666666,0.2777777777777778,5.647076150393804,0.9450299277613332,0.921526621776907,0.55,0.45,-0.5776462263367077,-0.7472219865441083,-0.0161366565078999,1.4651391538105791,120,0.0208333333333333,0.1067193675889328,0.2
84b13a21-19c8-47a2-8661-a1b59f1062f5,frontierscience,deepseek/deepseek-v3.2_reasoning-auto_s1,chemistry,,deepseek/deepseek-v3.2,1,is_correct,True,,True,,,,41,2.8358638402979817,-0.1999732904689934,-3.035837130766975,2.195793459748294,8.166810330988469,-4.038987894056369,4.1278224369321,-0.8228297525666467,0.9278351833927598,-0.0186775443471273,0.8041522082195194,48.52101643556877,0.0625674677445859,9,9,0.4210526315789473,0.1052631578947368,3.839014603587376,4.327795727401094,5.82479070442148,4.826025845246463,0.3333333333333333,0.5,3.4825923020571983,0.9579214035978372,0.9267727661128354,0.5,0.5,2,-2.546060619673153,2.546060619673153,5.092121239346305,1.5454001824319443,5.092121239346305,-2.546060619673153,2.546060619673153,-1.742041476618473,0.1340031905091132,1.876044667127586,3.6180861437460594,5.092121239346305,1.0,0.0,1.0,1.0,0.0,5.092121239346305,0.0,0.2680063810182274,0.0,0.7777777777777778,0.8333333333333334,4.934324553889585e-16,0.6700159525455665,0.6700159525455665,0.5,0.5,0.151903308161365,-2.194184021042794,2.897937218303511,-7.163146028087169,43,0.073170731707317,1.0,
f9fdb988-7a10-4510-a8ab-d011e663be3f,frontierscience,deepseek/deepseek-v3.2_reasoning-auto_s1,physics,,deepseek/deepseek-v3.2,0,is_correct,False,,False,,,,76,-2.801496664397192,2.475145121957126,5.276641786354318,1.9737532980730108,7.186286282922419,-4.660032226063774,2.526254056858645,-1.7425244734588134,-0.6842474803592972,-0.2707910016221915,1.471733471836622,31.3748324131515,0.1681807162145188,7,5,0.5789473684210527,0.0526315789473684,7.1351773480209,0.051108934901519,2.65981683308539,5.841790253732361,0.5555555555555556,0.6666666666666666,2.4209716204452696,0.4086698623764972,1.3392773466994934,0.25,0.75,0,,,,,,,,,,,,,,,,,,,,,,,,,,,,,,,,,76,0.0333333333333333,,
b75893ef-5c56-4d43-9ae1-8c9caaf32ee2,frontierscience,deepseek/deepseek-v3.2_reasoning-auto_s1,chemistry,,deepseek/deepseek-v3.2,0,is_correct,False,,True,,,,112,0.020795902204201,0.1175495200670283,0.0967536178628272,2.042880566244755,8.800279078580274,-4.607444459322572,4.192834619257702,-0.9579956874889232,-0.8143993571137125,0.1079575416154226,1.065953229104346,53.13200406442007,0.0018210044880956,13,14,0.631578947368421,0.3684210526315789,4.7249939793896,4.075285099190674,7.833179259564738,4.740564034092636,0.6111111111111112,0.5555555555555556,4.9628958625425765,0.5336973991495628,1.1216484022758586,0.45,0.55,2,0.0051130335989029,-0.0051130335989029,-0.0102260671978058,0.0031034936856843,0.0102260671978058,-0.0051130335989029,0.0051130335989029,0.0034983914097756,-0.0002691070315212,-0.0037674984412968,-0.0072658898510725,0.0102260671978058,1.0,0.0,1.0,0.0,1.0,0.0,0.0102260671978058,-0.0005382140630424,0.0005382140630424,0.6111111111111112,0.9444444444444444,7.7098821154524765e-19,0.001345535157606,0.001345535157606,0.5,0.5,0.0116152868908215,-0.1008211995773038,-0.1110472667751096,-10.233638755573338,114,0.021074646074646,1.0,
4a737e9f-5afd-4a14-a17b-c468cda1a8bb,frontierscience,deepseek/deepseek-v3.2_reasoning-auto_s1,chemistry,,deepseek/deepseek-v3.2,0,is_correct,False,,False,,,,121,-0.0198212386693093,0.0068049927428497,0.026626231412159,1.682144235316157,6.22287461424353,-4.181151100805839,2.0417235134376903,-0.4326683410728686,-0.0683184640107185,-0.8198201232339871,-0.3871517821611185,41.07733955169063,0.0006481975634924,12,11,0.4736842105263157,0.1578947368421052,4.187956093548689,2.034918520694841,3.77259897971011,4.441345999550265,0.7777777777777778,0.1111111111111111,3.857792989866786,0.5082659166266689,0.9295573353761204,0.45,0.55,0,,,,,,,,,,,,,,,,,,,,,,,,,,,,,,,,,121,0.0192837465564738,,
91a30120-36ab-425f-961f-3dee779b0021,frontierscience,deepseek/deepseek-v3.2_reasoning-auto_s1,chemistry,,deepseek/deepseek-v3.2,0,is_correct,False,,True,,,,53,2.225874919258313,-0.0421045718270143,-2.2679794910853275,2.36080248028857,8.388725738349855,-4.527528731788216,3.861197006561639,1.1049246368756975,-0.0926417955905098,-1.3631706872226443,-2.468095324098342,57.9517576965094,0.0391356462898438,11,11,0.631578947368421,0.7894736842105263,4.485424159961202,3.903301578388653,6.804457136397273,6.205675148506481,0.4444444444444444,0.5,4.708505713303172,0.9241957467984572,0.978847958515435,0.45,0.55,16,0.6960943305108283,3.4635202701700862,2.767425939659258,2.363152642332888,8.527871071466507,-4.092376819473576,4.435494251992931,-0.6655161689880875,1.218538587792432,-0.7040969063440197,-0.0385807373559321,41.18417154360423,0.0671963484012107,7.0,6.0,0.5789473684210527,0.2105263157894736,7.555897089643662,0.9719739818228446,5.461732067897744,3.216392227656489,0.2777777777777778,0.3333333333333333,2.8540632400473664,0.9678096339848116,0.9854808593064968,0.5,0.5,-1.0858653855729126,-0.34766648323507,2.419759456424188,-0.6486647329112678,69,0.0449927431059506,0.1333333333333333,0.3
dcfa830a-3f87-43eb-9ec7-6649fcdd0473,frontierscience,deepseek/deepseek-v3.2_reasoning-auto_s1,biology,,deepseek/deepseek-v3.2,0,is_correct,False,,True,,,,45,-0.0572957860711298,-2.4599278314975592,-2.4026320454264294,1.7177880123032934,5.464717945222739,-2.7036048088547404,2.761113136367998,-0.3676063709358347,0.6044725360073413,-0.1945545682219124,0.1730518027139222,40.033722396531545,0.0600152047223714,10,10,0.631578947368421,0.0526315789473684,0.2436769773571812,5.221040967865557,4.251970351215344,3.5876462448891857,0.0555555555555555,1.0,3.651531291691175,0.7959189152625693,0.7713821279541156,0.55,0.45,8,0.316662487124753,-2.222030140553545,-2.538692627678298,2.3269422358889,9.217867704333116,-4.69297916549155,4.524888538841567,0.4074467673390715,-1.2429097459258778,1.204975246135254,0.7975284787961824,31.49191283665246,0.0806141132438164,5.0,5.0,0.8421052631578947,0.4210526315789473,2.4709490249380046,6.746918679395112,2.713521279887571,2.765543915752991,0.5,1.0,1.1758008926124963,0.9955826423082306,0.9265021109730366,0.6,0.4,-0.341964366780016,2.434625951842296,-0.1040666758360018,-1.3005132421619372,53,0.0626262626262626,0.25,0.29300000000000004
845a3693-c660-4446-bae5-6c38bc75e6fd,frontierscience,deepseek/deepseek-v3.2_reasoning-auto_s1,chemistry,,deepseek/deepseek-v3.2,0,is_correct,False,,True,,,,44,-2.472780588096005,-4.63174661372915,-2.158966025633145,2.873463882682076,9.691439717749478,-4.63174661372915,5.059693104020328,0.0060221711856766,0.989854934246028,-1.1575214505580769,-1.1635436217437536,82.09879108003386,0.0262971719465208,15,14,0.2105263157894736,1.0,0.0,9.691439717749478,6.875082901250498,8.265640340061445,0.9444444444444444,0.2222222222222222,8.059146505540292,1.2390275231072276,1.237726971373554,0.4,0.6,31,3.926971440700198,2.313399972833471,-1.613571467866727,2.2600148867374807,8.559318549064976,-4.632347108364779,3.926971440700198,1.3681652709390644,-1.0913378837518128,-0.5818533696143472,-1.950018640553412,44.76026242647116,0.0360491958803276,11.0,8.0,0.0,0.3684210526315789,6.94574708119825,1.613571467866727,6.143474312308158,5.914754582680128,0.3888888888888889,0.8888888888888888,3.7670836999695823,0.9391000979660948,1.0167665233348608,0.5,0.5,0.789322266326015,9.348040320755365,7.734468852888636,-0.3742045539921186,75,0.0507399577167019,0.0709677419354838,0.1
3a998a27-4c4b-47c6-bd2c-dd1c9deb3d63,frontierscience,deepseek/deepseek-v3.2_reasoning-auto_s1,physics,,deepseek/deepseek-v3.2,0,is_correct,False,,True,,,,115,2.556564981873902,-2.430684864448032,-4.987249846321934,2.974598357860847,9.757625318899706,-4.804319517120702,4.953305801779004,-0.6117460906423616,0.2678982036275019,-0.8982125700106982,-0.2864664793683366,68.00981681779092,0.0733313230306672,8,9,0.631578947368421,0.0526315789473684,2.3736346526726706,7.383990666227035,7.502536588854888,9.585856341127425,0.2777777777777778,0.3333333333333333,6.174362165507936,0.9918114500801288,1.381621981538539,0.4,0.6,2,3.701061255027252,-3.701061255027252,-7.402122510054504,2.246458978437507,7.402122510054504,-3.701061255027252,3.701061255027252,2.532305069229172,-0.194792697633013,-2.727097766862185,-5.259402836091358,7.402122510054504,1.0,0.0,1.0,0.0,1.0,0.0,7.402122510054504,-0.3895853952660255,0.3895853952660273,0.8333333333333334,0.7777777777777778,3.454027187722709e-16,0.9739634881650664,0.973963488165066,0.5,0.5,1.2096121595777207,7.341358279053004,-0.0607642310014995,-4.6408924396604405,117,0.0204424103737604,1.0,
6646019d-bda1-4b1c-83ac-7953e853effd,frontierscience,deepseek/deepseek-v3.2_reasoning-auto_s1,physics,,deepseek/deepseek-v3.2,1,is_correct,True,,True,,,,81,-2.493976242331691,-4.767518684595687,-2.273542442263996,2.477614550877773,9.462850889254687,-4.767518684595687,4.695332204659003,-1.9172845688486069,0.3119538691016189,0.3934926188840643,2.310777187732671,53.5999850391161,0.0424168484488347,13,10,0.7368421052631579,1.0,0.0,9.462850889254687,5.008245931428959,5.416264039767006,0.5555555555555556,1.0,4.538051344389863,0.8248933158400249,1.2687112750862508,0.5,0.5,3,4.214613077602871,-3.4990425683840223,-7.713655645986893,2.3633923981269804,7.713655645986893,-3.4990425683840223,4.214613077602871,2.6577129975539067,-0.7168028450477755,-2.7665499212352924,-5.424262918789199,7.713655645986893,1.0000000000000002,0.0,1.0,0.0,1.0,0.0,7.713655645986893,-0.2929970588594912,0.5189666933496548,0.8888888888888888,0.0,0.0125538685827872,0.9624358368919136,1.1130822598853551,0.45,0.55,0.7215809926396891,9.703712754838246,1.990057108851353,-2.233641337878378,84,0.0305555555555555,0.6666666666666666,
bf7d23f3-0cf6-4d36-868f-1e3a89f688ea,frontierscience,deepseek/deepseek-v3.2_reasoning-auto_s1,physics,,deepseek/deepseek-v3.2,0,is_correct,False,,True,,,,80,2.4844973136265454,4.887402249583599,2.4029049359570536,2.359505341875373,7.345085139910374,-2.457682890326776,4.887402249583599,0.8319447331169544,-0.1362876773852776,3.092018383162225,2.2600736500452707,36.270238950849134,0.0662500442639294,8,8,1.0,0.6842105263157895,7.345085139910374,0.0,6.011145459958918,4.734189236667912,0.3888888888888889,0.1111111111111111,3.3502116843674425,1.75021306155712,0.5791275771023654,0.65,0.35,44,-2.287260915303833,2.713432956311187,5.00069387161502,2.570477194411154,9.064874919705954,-4.85348914114875,4.211385778557204,1.1014217531814043,0.0856947671081722,0.0406668054021404,-1.060754947779264,62.53723517788399,0.0799634626857231,12.0,11.0,0.4210526315789473,0.5789473684210527,7.566922097459937,1.4979528222460163,6.034474747845962,7.553356869393127,0.8333333333333334,0.5555555555555556,5.871829019002651,1.3658259274847744,0.9381351037627804,0.6,0.4,-0.0922689031315209,-7.266932068018953,-2.2662381964039326,4.767306044330212,124,0.0275316455696202,0.0465116279069767,0.3
d50f3722-14fb-485a-a417-ed6ae79f3c07,frontierscience,deepseek/deepseek-v3.2_reasoning-auto_s1,physics,,deepseek/deepseek-v3.2,0,is_correct,False,,True,,,,216,2.51254655869762,-4.6653138884471606,-7.177860447144781,2.376655611476039,8.749068719759865,-4.6653138884471606,4.083754831312705,0.4448510774006523,-0.0509617735620687,-0.3869631323723454,-0.8318142097729977,47.44090108923209,0.1513010984686793,8,7,0.3157894736842105,1.0,0.0,8.749068719759865,6.746218239986619,4.124678307612137,0.6666666666666666,0.1111111111111111,3.444577338924459,0.959049972572075,0.9372776559402743,0.5,0.5,10,4.230681082376588,-0.3115836571849115,-4.5422647395615,2.2268766335862464,8.971145418778132,-4.740464336401544,4.230681082376588,0.2229885547026543,-0.0577348941934026,-0.5365764131547992,-0.7595649678574535,36.66849632093255,0.1238737661835483,6.0,7.0,0.0,0.1052631578947368,4.428880679216633,4.5422647395615,3.4129707740224595,4.485572709389066,0.1666666666666666,0.0,1.9308875279819908,0.8540320901991578,0.9571662329673596,0.45,0.55,0.4583771715823501,9.3543721424061,4.8121074028446,-0.6536616907212363,226,0.0099913867355727,0.2,0.0
4842f95d-b84a-4ff4-8165-64fc7bfcf00d,frontierscience,deepseek/deepseek-v3.2_reasoning-auto_s1,chemistry,,deepseek/deepseek-v3.2,0,is_correct,False,,True,,,,134,2.656997300172621,4.899198591757413,2.2422012915847915,3.2329876115301497,10.301672528027131,-5.247107405128718,5.054565122898415,-1.8183542314715184,1.1490378503979393,0.7734764284618993,2.591830659933417,71.98647180819232,0.0311475369644331,13,8,0.3684210526315789,0.0526315789473684,10.14630599688613,0.1553665311410021,7.6207566260227,7.904104705301339,0.3333333333333333,0.0,6.583956334366192,1.3666822551009066,1.3689000599380894,0.4,0.6,1,0.0,0.0,0.0,0.0,0.0,0.0,0.0,0.0,0.0,0.0,0.0,0.0,0.0,0.0,0.0,0.0,0.0,0.0,0.0,0.0,0.0,0.0,0.0,0.0,0.0,0.0,0.0,0.0,-2.5154725531432245,-7.414671144900637,-7.414671144900637,-13.130789838525711,135,0.0171697901470093,,
a74ccc5b-fd37-49fa-b784-871dbcc41e9e,frontierscience,deepseek/deepseek-v3.2_reasoning-auto_s1,chemistry,,deepseek/deepseek-v3.2,1,is_correct,True,,True,,,,188,2.4893572602955705,2.4536451061137297,-0.0357121541818408,2.163076062702113,8.936291738637667,-5.118253451256484,3.818038287381184,0.3856725555585105,-0.9004806970924345,-0.9673935848641212,-1.3530661404226316,46.66162671142724,0.0007653431030747,12,8,0.0526315789473684,0.6842105263157895,7.571898557370213,1.364393181267454,4.577691741194428,3.877093023286833,0.3333333333333333,0.0555555555555555,4.229158467712449,0.6711070338685643,1.1415079588646742,0.3,0.7,2,0.0552638238722806,-0.0552638238722806,-0.1105276477445613,0.0335438688435757,0.1105276477445613,-0.0552638238722806,0.0552638238722806,0.0378120900178762,-0.0029086223090674,-0.0407207123269436,-0.0785328023448199,0.1105276477445613,1.0,0.0,1.0,0.0,1.0,0.0,0.1105276477445613,-0.0058172446181347,0.0058172446181348,0.6666666666666666,0.7222222222222222,5.782411586589357e-18,0.014543111545337,0.014543111545337,0.5,0.5,0.0564061043342616,-2.341975177907188,-2.4525028256517487,-10.60259920765877,190,0.0117760837410399,1.0,
c982b5bc-0fb8-4f12-94fa-f05715209ead,frontierscience,deepseek/deepseek-v3.2_reasoning-auto_s1,chemistry,,deepseek/deepseek-v3.2,1,is_correct,True,,True,,,,236,-2.635064022479788,-5.127309675619888,-2.4922456531400994,2.449217352181051,9.022017123849285,-5.127309675619888,3.894707448229397,0.5865490208010025,-1.30302209174161,-1.1322350528911052,-1.7187840736921076,57.10530507052985,0.043642979405538,15,10,0.1578947368421052,1.0,0.0,9.022017123849285,4.710283358825807,5.085938185206381,0.4444444444444444,0.1666666666666666,5.159465818868498,0.6522179309206956,1.2426540216172397,0.3,0.7,2,-1.445643793359194,1.445643793359194,2.891287586718388,0.8774725019216966,2.891287586718388,-1.445643793359194,1.445643793359194,-0.9891247007194484,0.0760865154399575,1.0652112161594058,2.054335916878854,2.891287586718388,1.0,0.0,1.0,1.0,0.0,2.891287586718388,0.0,0.1521730308799154,0.0,0.5555555555555556,0.3888888888888889,1.480297366166875e-16,0.3804325771997878,0.3804325771997879,0.5,0.5,1.3453193347562424,5.026985217016936,7.918272803735324,-7.429595450894109,238,0.0091958168049044,1.0,
af50243e-3a60-4460-9536-f9a02c4f8eb8,frontierscience,deepseek/deepseek-v3.2_reasoning-auto_s1,physics,,deepseek/deepseek-v3.2,0,is_correct,False,,True,,,,178,2.4658606416577493,4.9716803278628925,2.505819686205143,2.1693323292668194,8.888177034451761,-3.9164967065888687,4.9716803278628925,-0.1126188413760293,0.3900376679830293,0.0942540160562526,0.2068728574322819,39.57669378498024,0.0633155386809023,11,6,1.0,0.631578947368421,8.888177034451761,0.0,3.8553469163529135,4.945265010756888,1.0,0.6111111111111112,3.2175343118174573,0.9247045173555772,0.7993317232262515,0.5,0.5,71,0.2227507680488789,2.7639449013488786,2.5411941332999994,1.9091793921522928,7.108433268689544,-3.310223226054508,3.798210042635036,0.4490591922302996,-0.6149033542804762,0.5831905346998534,0.1341313424695537,32.98083842545823,0.0770506225620518,9.0,8.0,0.3157894736842105,0.4736842105263157,6.074168127403387,1.0342651412861574,4.431967362299155,2.9510385425833805,0.2777777777777778,0.3333333333333333,2.543741173229566,0.85289802773977,0.7359863240473759,0.55,0.45,-0.1489873416336659,-4.89791690144768,-2.35672276814768,-3.795568670827152,249,0.0121881546372119,0.028169014084507,0.025
790baca4-d2d8-4acb-8494-91adf77e026b,frontierscience,deepseek/deepseek-v3.2_reasoning-auto_s1,physics,,deepseek/deepseek-v3.2,0,is_correct,False,,True,,,,114,2.6542737761308137,-4.777077379705404,-7.431351155836218,2.595052465851664,9.096500411534112,-4.777077379705404,4.319423031828707,-0.1540252852558545,-0.0801582341007258,-1.0031382731349023,-0.8491129878790479,62.62163844328283,0.118670659864112,12,9,0.8421052631578947,1.0,0.0,9.096500411534112,6.287872191218689,8.231354617899141,0.9444444444444444,0.8888888888888888,5.611161594923068,0.8910054398525091,1.273911153567783,0.4,0.6,55,2.4421635552265477,2.5143094137883937,0.0721458585618464,2.2403106487315223,7.993878844523605,-3.816219790609424,4.177659053914181,1.246328430416605,-1.1942632732610774,0.2195528235068782,-1.0267756069097267,52.31357873044353,0.0013791038639048,12.0,10.0,0.3157894736842105,0.3684210526315789,6.330529204397818,1.6633496401257872,6.906936642265483,7.993878844523605,0.2777777777777778,0.3333333333333333,4.934423062746363,0.9979897932402176,0.91390114118372,0.45,0.55,0.0033244972874141,7.222565432219365,7.294711290781212,-0.1386682023286987,169,0.0198726905759975,0.0363636363636363,0.1
cfa05761-b488-4491-9f77-8854ece1cf98,frontierscience,deepseek/deepseek-v3.2_reasoning-auto_s1,physics,,deepseek/deepseek-v3.2,0,is_correct,False,,True,,,,293,-2.7892566166999333,2.4176923266774257,5.206948943377359,1.8597591570827177,6.530551257217989,-3.676914893399292,2.8536363638186977,0.0842294548995014,0.0946105179128043,0.1518651180366624,0.0676356631371609,45.61609601187641,0.1141471848450533,12,9,0.8947368421052632,0.7368421052631579,6.094607220076718,0.4359440371412719,4.723767626378902,6.297287217649404,0.0,0.7222222222222222,4.075174753164821,0.8131604848079308,0.7050069589126249,0.65,0.35,4,0.5465332378445664,0.8033494018347858,0.2568161639902193,2.141754884947841,6.983367843198877,-4.095578786719148,2.8877890564797286,-1.774522774437291,-0.1659798375083325,1.6718659246035117,3.446388699040803,13.709919522407532,0.0187321423419355,2.0,2.0,0.6842105263157895,0.3157894736842105,4.898928188553934,2.084439654644943,1.1616418671648123,0.7736853374272861,0.5555555555555556,0.1666666666666666,0.1913542044924668,0.838110133546263,1.0157262703461778,0.5,0.5,-0.6970536342745947,-2.568212723107454,-2.3113965591172345,-3.969478403228429,297,0.0072934686053578,0.5,
710c1336-0995-4d45-bfea-48ff475f255f,frontierscience,deepseek/deepseek-v3.2_reasoning-auto_s1,physics,,deepseek/deepseek-v3.2,0,is_correct,False,,True,,,,76,-2.554200499734606,2.226794775997472,4.780995275732078,1.8891227328655285,6.42524740473816,-3.987492315219413,2.437755089518748,-1.3472240495583825,-0.257516669455201,1.0816854712957378,2.4289095208541203,38.42162717655686,0.1244350025510951,11,11,0.4210526315789473,0.2105263157894736,6.214287091216885,0.2109603135212756,4.9234435927587406,5.614911336237315,0.2222222222222222,0.1666666666666666,3.934428887670613,0.7343894353018074,0.97154304556784,0.45,0.55,4,2.734276243033041,-2.772706291632544,-5.506982534665585,1.4422945624558985,5.506982534665585,-2.772706291632544,2.734276243033041,1.5100364360056555,-0.0194459575505555,-1.7221669403908166,-3.2322033763964724,5.506982534665585,1.0,0.0,1.0,0.0,1.0,0.0,5.506982534665585,-0.0412278819326061,0.4202157404966913,0.6111111111111112,0.7222222222222222,0.0414355506837375,0.5406712796817785,0.5356146943397386,0.5,0.5,-0.068332917818933,0.439148549216636,-5.067833985448949,-7.067672592223179,80,0.0333333333333333,0.5,
fec1882e-053d-458a-a628-106fbb843235,frontierscience,deepseek/deepseek-v3.2_reasoning-auto_s1,chemistry,,deepseek/deepseek-v3.2,0,is_correct,False,,True,,,,239,-0.034110066840094,4.768611438803243,4.802721505643337,1.9880178662838168,9.159246061572944,-4.390634622769703,4.768611438803243,0.0821562163295561,-0.2297961271735396,0.3126847306423254,0.2305285143127692,36.52942613303201,0.1314754162343776,13,9,1.0,0.7894736842105263,9.159246061572944,0.0,5.1621926602044965,3.731527733724846,0.8333333333333334,0.3333333333333333,3.380144010127662,0.7762633489220134,0.73413189852471,0.35,0.65,12,-4.700971543596844,-2.3193771884638044,2.38159435513304,2.5779514526561176,9.666476821974676,-4.700971543596844,4.965505278377833,-0.6564308745089339,1.1575116096699702,-0.2026391318567068,0.4537917426522271,51.79649400760879,0.0459798370674121,7.0,8.0,0.631578947368421,0.0,2.38159435513304,7.284882466841637,4.242915300225718,5.609378100555434,0.8888888888888888,0.2222222222222222,2.894607855639628,1.1637208844857705,1.04913436673642,0.45,0.55,-0.2170851078338395,-9.686668090233926,-7.305073735100887,-4.7552883254805,251,0.0090714109911747,0.1666666666666666,0.2
328c6a47-15d7-470e-99f5-73e468634614,frontierscience,deepseek/deepseek-v3.2_reasoning-auto_s1,physics,,deepseek/deepseek-v3.2,0,is_correct,False,,True,,,,105,2.7669694764210844,-4.910499547733129,-7.677469024154213,2.557273115211871,8.826949257323836,-4.910499547733129,3.916449709590707,1.6154739924597468,-1.1210751404134205,-1.080322056192435,-2.695796048652181,58.15882256790626,0.1320086735798338,12,11,0.2105263157894736,1.0,0.0,8.826949257323836,5.021019603032067,5.854972451147068,0.7222222222222222,0.8888888888888888,5.615967655491455,1.0411329678156431,1.1921899864571597,0.5,0.5,3,4.00786759798072,-0.8921032729030642,-4.899970870883784,2.0513768550484115,7.006597130838661,-2.998729532857941,4.00786759798072,1.7582996222780751,-2.36620594806774,-1.4772772340016411,-3.2355768562797165,9.113223390793536,0.5376770282876955,1.0,1.0,0.0,0.5263157894736842,2.1066262599548766,4.899970870883784,0.2340695844394309,0.7498559919008825,0.5555555555555556,0.4444444444444444,0.0546625320189065,0.6399682854685549,1.2959186696954297,0.3,0.7,0.7576228760723887,9.675990021786236,4.776019150902453,-5.701959261562987,108,0.0227106227106227,0.6666666666666666,
dcc38501-c38e-4a8e-a069-1a401d6432c0,frontierscience,deepseek/deepseek-v3.2_reasoning-auto_s1,physics,,deepseek/deepseek-v3.2,0,is_correct,False,,False,,,,55,-0.0220504301067968,-2.556509681683695,-2.534459251576898,1.5259507389674027,5.838242538154928,-2.556509681683695,3.281732856471233,0.5642512018309479,0.4938115516558506,0.321672269186433,-0.2425789326445148,24.36007014841957,0.104041541593891,7,6,0.1052631578947368,1.0,0.0,5.838242538154928,4.724061419054344,2.9600532637114108,0.3333333333333333,0.1666666666666666,1.7503190496402372,0.881332394135774,0.4145087496594647,0.6,0.4,0,,,,,,,,,,,,,,,,,,,,,,,,,,,,,,,,,55,0.0498316498316498,,
afb2ebc7-421e-4e61-8073-7c4393aa9855,frontierscience,deepseek/deepseek-v3.2_reasoning-auto_s1,physics,,deepseek/deepseek-v3.2,0,is_correct,False,,True,,,,277,2.504309904281272,-2.4411455574769287,-4.9454554617582005,2.063661683838962,7.253508567181469,-3.017702171958692,4.235806395222777,-0.3289617126399043,-1.0464845719808362,-0.3063357198831043,0.0226259927568,54.07822948446436,0.0914500254335977,14,11,0.7894736842105263,0.1578947368421052,0.5765566144817629,6.6769519526997065,5.478552047082907,5.281850576216647,0.7777777777777778,0.0,5.099814521045209,0.6656874365897751,1.2389943521719655,0.3,0.7,2,3.701644685208233,-3.701644685208233,-7.403289370416466,2.2468131071260222,7.403289370416466,-3.701644685208233,3.701644685208233,2.5327042583003703,-0.1948234044846436,-2.7275276627850134,-5.260231921085383,7.403289370416466,1.0,0.0,1.0,0.0,1.0,0.0,7.403289370416466,-0.389646808969287,0.3896468089692879,0.6666666666666666,0.0555555555555555,4.1941758708061473e-16,0.9741170224232192,0.9741170224232192,0.5,0.5,1.187181377510687,7.329971620195849,-0.0733177502206174,-2.9709677496771505,279,0.0077434207084183,1.0,
dbe975d5-c431-4d73-8f7c-f8bba77ea458,frontierscience,deepseek/deepseek-v3.2_reasoning-auto_s1,physics,,deepseek/deepseek-v3.2,1,is_correct,True,,True,,,,51,-2.528016529757179,-2.1995235545846312,0.3284929751725478,1.8626589232919448,5.679689073829269,-3.114497324588704,2.5651917492405647,-1.5386693875903876,0.4708417596209292,0.3319140043942183,1.870583391984606,39.46775173652097,0.0083230729068507,12,10,0.4736842105263157,0.0526315789473684,0.9149737700040728,4.764715303825196,5.108891437034898,4.034309946908708,0.7222222222222222,0.2777777777777778,3.596011241934835,0.6711256707663013,0.9452911392373462,0.45,0.55,3,-0.0620860781563881,0.036144409805202,0.0982304879615902,0.0320493426100816,0.0982304879615902,-0.0620860781563881,0.036144409805202,-0.0342878424171542,0.0212123010180739,0.0334594778436189,0.0677473202607731,0.0982304879615903,1.0,0.0,1.0,1.0,0.0,0.0982304879615902,0.0,0.0092660785797446,0.0,0.0555555555555555,0.6111111111111112,0.0004551169886173,0.0174621487094115,0.0120007448460039,0.65,0.35,-0.0617850542463997,2.075652422181843,2.1738829101434334,-11.471162716141794,54,0.0549019607843137,0.6666666666666666,
1eca2503-b141-4f9f-ab10-e27d272c93b0,frontierscience,deepseek/deepseek-v3.2_reasoning-auto_s1,biology,,deepseek/deepseek-v3.2,0,is_correct,False,,True,,,,112,0.0772139948933493,-4.629728705587666,-4.706942700481015,2.294918995357367,9.554454740435816,-4.629728705587666,4.92472603484815,1.0027620615037256,-0.005917205817835,-1.8921867523495504,-2.894948813853276,38.67322360571787,0.1217106375322974,10,7,0.3157894736842105,1.0,0.0,9.554454740435816,5.876001154885673,4.698331014222818,0.2222222222222222,0.6111111111111112,3.205139639143895,0.8185441842398381,1.0373045104546417,0.45,0.55,2,2.30609575654816,-2.30609575654816,-4.61219151309632,1.3997470348261245,4.61219151309632,-2.30609575654816,2.30609575654816,1.5778549913224251,-0.1213734608709557,-1.6992284521933811,-3.2770834435158065,4.61219151309632,1.0,0.0,1.0,0.0,1.0,0.0,4.61219151309632,-0.2427469217419107,0.2427469217419124,0.8888888888888888,0.9444444444444444,2.96059473233375e-16,0.606867304354779,0.606867304354779,0.5,0.5,2.6227388505132376,9.558563312649063,4.946371799552743,-6.285891976490287,114,0.0209137709137709,1.0,
adadda00-bef8-417d-97d6-cfd9dec33cba,frontierscience,deepseek/deepseek-v3.2_reasoning-auto_s1,chemistry,,deepseek/deepseek-v3.2,1,is_correct,True,,True,,,,188,-2.4899344288963787,-4.650582251893897,-2.160647822997518,2.577112430231603,10.254363908393614,-4.650582251893897,5.6037816564997165,0.4577560801690768,1.608897377999109,-0.282293695890108,-0.7400497760591849,48.85105340841817,0.0442292984950287,10,8,0.1052631578947368,1.0,0.0,10.254363908393614,9.317095895556978,5.76462178747914,0.0555555555555555,0.1111111111111111,4.379884584630613,1.4042086496055028,0.7655680480136702,0.55,0.45,6,4.411051756920778,2.2375428036986427,-2.1735089532221354,2.081945631193167,7.397588113739719,-2.9865363568189403,4.411051756920778,0.4263261216809893,-0.9823411210127228,-0.8676619619735474,-1.2939880836545368,20.211316683471885,0.1075392062408064,3.0,4.0,0.0,0.631578947368421,5.224079160517583,2.1735089532221354,1.3692727925701955,1.850910375214629,0.9444444444444444,0.1111111111111111,0.4558801907749161,0.676987602441354,1.131891440799525,0.45,0.55,0.4152244372002368,9.476858446014912,7.303349492792776,-4.14420313373822,194,0.0117760837410399,0.3333333333333333,
2c46387b-36e6-43cb-9e73-dbf1341bfafd,frontierscience,deepseek/deepseek-v3.2_reasoning-auto_s1,physics,,deepseek/deepseek-v3.2,0,is_correct,False,,True,,,,198,2.6666302690523334,2.605843960159461,-0.0607863088928724,1.919539111248129,8.240246072722286,-3.933046086988688,4.307199985733599,1.0787084734064616,0.6847853601960139,0.6838540811413066,-0.3948543922651549,36.2521702750145,0.0016767633063548,12,6,0.5789473684210527,0.6842105263157895,6.538890047148149,1.7013560255741376,3.5233756441712245,6.279975077854613,0.0555555555555555,0.6666666666666666,3.177596380264076,1.225392914525179,0.4030138484219206,0.65,0.35,172,-2.548344610052753,-0.012260998963819,2.5360836110889338,2.963550012249375,9.819626040508505,-4.907082075400315,4.912543965108188,0.0901775402045086,0.2981495943675114,-0.7956569553863647,-0.8858344955908733,72.06933250950777,0.0351894977070081,12.0,10.0,0.7368421052631579,0.8947368421052632,4.8948210764364966,4.924804964072006,7.612411188970775,7.141909081168343,0.7222222222222222,0.7777777777777778,6.5678565205672506,1.1405035443171698,1.2432861338328718,0.4,0.6,0.0232898397362547,-5.130898730475959,-2.594815119387025,-4.795425345794797,370,0.0103061067528072,0.0119679042567659,
23cb57a5-1c57-4f6e-8205-7ffb6116a16a,frontierscience,deepseek/deepseek-v3.2_reasoning-auto_s1,chemistry,,deepseek/deepseek-v3.2,1,is_correct,True,,True,,,,101,-2.6418012048492567,4.521590492836021,7.163391697685277,2.6874033081467115,11.592817092524434,-4.775195143808151,6.817621948716283,-0.6692953665059751,-0.5860738111228448,1.8896394856640548,2.55893485217003,46.440589898523896,0.1542485078966011,11,7,0.7894736842105263,0.0526315789473684,9.296785636644172,2.2960314558802626,7.658739243698223,8.821099314382511,0.7777777777777778,0.8333333333333334,4.4501357694811245,1.0268710563556014,0.8993584228264717,0.6,0.4,2,0.1176430052832255,-0.1176430052832255,-0.2352860105664511,0.0714065959081045,0.2352860105664511,-0.1176430052832255,0.1176430052832255,0.0804925825622069,-0.0061917371201697,-0.0866843196823767,-0.1671769022445837,0.2352860105664511,1.0,0.0,1.0,0.0,1.0,0.0,0.2352860105664511,-0.0123834742403395,0.0123834742403395,0.8333333333333334,0.7777777777777778,1.0793834961633468e-17,0.0309586856008488,0.0309586856008488,0.5,0.5,0.1276125771770042,-4.276334910375791,-4.511620920942242,-13.592747193327956,103,0.0237623762376237,1.0,
