id,dataset,run_slug,subject,generator,model,target,target_label,is_correct,final_answer_correct,rubric_score,has_answer_chunks,error_step_index,error_step_position,exit_status,reasoning_n_chunks,reasoning_start,reasoning_end,reasoning_end_minus_start,reasoning_std,reasoning_range,reasoning_min,reasoning_max,reasoning_early_mean,reasoning_mid_mean,reasoning_late_mean,reasoning_late_minus_early,reasoning_total_variation,reasoning_monotonicity,reasoning_direction_changes,reasoning_zero_crossings,reasoning_peak_pos,reasoning_trough_pos,reasoning_rebound_from_trough,reasoning_fall_from_peak,reasoning_max_rise,reasoning_max_drop,reasoning_max_rise_pos,reasoning_max_drop_pos,reasoning_curvature_abs_mean,reasoning_positive_mass,reasoning_negative_mass,reasoning_time_positive,reasoning_time_negative,answer_n_chunks,answer_start,answer_end,answer_end_minus_start,answer_std,answer_range,answer_min,answer_max,answer_early_mean,answer_mid_mean,answer_late_mean,answer_late_minus_early,answer_total_variation,answer_monotonicity,answer_direction_changes,answer_zero_crossings,answer_peak_pos,answer_trough_pos,answer_rebound_from_trough,answer_fall_from_peak,answer_max_rise,answer_max_drop,answer_max_rise_pos,answer_max_drop_pos,answer_curvature_abs_mean,answer_positive_mass,answer_negative_mass,answer_time_positive,answer_time_negative,reasoning_traj_t00,reasoning_traj_t01,reasoning_traj_t02,reasoning_traj_t03,reasoning_traj_t04,reasoning_traj_t05,reasoning_traj_t06,reasoning_traj_t07,reasoning_traj_t08,reasoning_traj_t09,reasoning_traj_t10,reasoning_traj_t11,reasoning_traj_t12,reasoning_traj_t13,reasoning_traj_t14,reasoning_traj_t15,reasoning_traj_t16,reasoning_traj_t17,reasoning_traj_t18,reasoning_traj_t19,answer_traj_t00,answer_traj_t01,answer_traj_t02,answer_traj_t03,answer_traj_t04,answer_traj_t05,answer_traj_t06,answer_traj_t07,answer_traj_t08,answer_traj_t09,answer_traj_t10,answer_traj_t11,answer_traj_t12,answer_traj_t13,answer_traj_t14,answer_traj_t15,answer_traj_t16,answer_traj_t17,answer_traj_t18,answer_traj_t19,answer_minus_reasoning_mean,answer_start_minus_reasoning_end,answer_end_minus_reasoning_end,answer_range_minus_reasoning_range,total_n_chunks,reasoning_pair_density,answer_pair_density
0a1877af-e331-40b9-b9a3-c1a06dd51ec5,frontierscience,deepseek/deepseek-v3.2_reasoning-auto_s3,biology,,deepseek/deepseek-v3.2,0,is_correct,False,,0.425,True,,,,18,2.7522461534650398,-0.3086282117642241,-3.060874365229264,2.129248899815675,7.638831438093822,-4.583091330223421,3.055740107870401,-0.16197385450371724,0.1362687932921794,-0.013305185278553297,0.14866866922516395,47.26602757015376,0.06475844327484927,11.0,7.0,0.8947368421052632,0.47368421052631576,4.274463118459196,3.3643683196346252,4.439837205951164,6.845778842611709,0.1111111111111111,0.9444444444444444,4.039907372983539,0.7705219769163374,0.7835103039239416,0.65,0.35,27,-4.650418318103956,-0.2013427235723984,4.449075594531557,2.6722495589540998,10.984241616699673,-7.031409952021303,3.9528316646783717,-0.025525412370183638,-1.199187928458276,0.8075760024490105,0.8331014148191942,68.1543997589888,0.0652793599571651,13.0,14.0,0.7368421052631579,0.42105263157894735,6.830067228448904,4.1541743882507705,9.220809130380102,9.384866727540816,0.4444444444444444,0.3888888888888889,6.897267853766722,0.9193597737654573,1.1057366423207147,0.45,0.55,2.7522461534650398,-1.9759106870581422,-4.2202343612107285,0.2196028447404359,1.17551052252507,0.010939406677437341,0.904029139334867,2.780566474015383,1.4125026432380272,-4.583091330223421,-0.352472932666279,0.16992647746276812,1.9662800420335076,-0.43982982081473043,0.2607203208632729,0.5566141167849497,0.14576128931558863,3.055740107870401,-3.7900387347413083,-0.3086282117642241,-4.650418318103956,2.2724322255771523,-3.1028745193460057,2.2440285635627877,1.158315880681538,-0.08768425577365657,1.9875225368108544,2.3534567755195126,-7.031409952021303,2.1893991783587996,-2.559294792452961,-0.5031111249902198,0.487806867670459,-3.33116245129222,3.9528316646783717,-0.20059208409524618,-0.2975363299533197,1.7414017824496661,-0.14930629481300967,-0.2013427235723984,0.32623161591472005,-4.015558490425011,0.43351710410654576,2.4507809167538745,45,0.11764705882352941,0.10826210826210826
1567b1bb-e3e5-44e5-abb8-b58e2626f468,frontierscience,deepseek/deepseek-v3.2_reasoning-auto_s3,chemistry,,deepseek/deepseek-v3.2,0,is_correct,False,,0.05,True,,,,8,1.7995525106730028,1.6258274324292614,-0.1737250782437414,2.03780752498449,7.192710599902708,-5.393158089229705,1.7995525106730028,-0.4849360652965216,-1.1469498972836256,1.415689474317437,1.9006255396139586,21.151576252175943,0.008213339572074192,5.0,4.0,0.0,0.42105263157894735,7.0189855216589665,0.1737250782437414,2.673088466270899,2.5926021204978786,0.5,0.3333333333333333,0.8830607386217265,0.76541321115657,0.9118664557643905,0.55,0.45,32,-4.524659295762929,0.26408526715515424,4.788744562918083,2.3522776558889356,11.234273284631705,-4.524659295762929,6.709613988868777,-0.06217806907538227,0.05170534760417305,0.24274188451834378,0.30491995359372603,54.87955311961909,0.08725917560735635,15.0,15.0,0.42105263157894735,0.0,4.788744562918083,6.445528721713623,7.6732591028190145,7.384351711797244,0.3888888888888889,0.4444444444444444,5.398832152424767,0.8382348261849852,0.7690777133444053,0.5,0.5,1.7995525106730028,-0.017209971962043102,-1.833972454597089,-2.667955413776878,-1.0449895643185245,0.5779762851398296,-0.2079538482339489,-2.8005559687318273,-5.393158089229705,-3.4723111353543468,-0.7992226690834476,1.4903547884807384,1.4788661938046495,1.4673775991285605,1.4264951115683568,1.3464207668293335,1.2663464220903107,1.344088931181819,1.4849581818055402,1.6258274324292614,-4.524659295762929,0.5530583176971522,-0.4304350060537362,2.1129793271157706,-2.535485123989938,0.09095275875511355,4.298342538710891,-0.9636451139502376,6.709613988868777,-0.6747377229284668,-1.2823262004804925,-1.7427165416525465,0.12285675547240126,-1.8071077321002238,0.11236260504179853,-1.1063228794524267,2.1227832185334674,-0.3141186505171114,0.3776617463491808,0.26408526715515424,-1.047144844076049,-7.197631572268239,-2.408887009350156,4.539033616781541,40,0.42857142857142855,0.06854838709677419
2db1b6e6-c019-4ce3-9b53-2292f7b2c38c,frontierscience,deepseek/deepseek-v3.2_reasoning-auto_s3,physics,,deepseek/deepseek-v3.2,0,is_correct,False,,0.5,True,,,,11,2.7819858828698805,2.2785430298523273,-0.5034428530175532,3.1846237335447034,11.269863165964725,-5.232167988799133,6.037695177165594,1.7312679069794377,-0.043642724610916596,-2.3240208820771113,-4.055288789056549,46.84276629965017,0.010747504743786086,5.0,6.0,0.3157894736842105,0.7894736842105263,7.51071101865146,3.7591521473132663,6.2759525339557385,5.913149959725908,0.5555555555555556,0.6666666666666666,2.629964641079809,1.3072816518788715,1.4138191026730227,0.45,0.55,12,2.8435425255533753,5.165324361341974,2.321781835788599,2.5923466280139524,9.79814897512307,-4.632824613781096,5.165324361341974,0.5737101420179922,-1.1942668412035982,0.287021223031027,-0.2866889189869652,39.415424226510765,0.05890541282635672,8.0,6.0,1.0,0.631578947368421,9.79814897512307,0.0,5.506344887863815,5.558866125116527,0.5,0.6111111111111112,2.840605930235307,1.0684324679944843,1.1995209458001383,0.4,0.6,2.7819858828698805,1.406858836043654,0.054343671445856,-1.0946645530960875,-1.019528475603008,3.9521848100301757,6.037695177165594,1.3887320678061856,-2.1105160590338063,-3.8851917120946706,-1.6345532716472406,4.641399262308497,3.603890300055263,-2.309259659670645,-4.5563071998516635,-5.232167988799133,-4.023763886612447,-2.3442935616422216,-0.06613568540952919,2.2785430298523273,2.8435425255533753,3.56135399363702,3.070394899418371,-0.6439523609397302,-2.2742009894889113,-2.167700758197322,-0.3734663158568581,1.2488191586348063,-2.598905514359065,-3.045150347041061,2.4611945408227545,0.9260415113354314,-4.632824613781096,-2.7190426240369585,-0.7798529902078826,-2.0890206096839594,-2.103130542163318,-0.5631712502466093,2.0919783691459566,5.165324361341974,0.4247237339422978,0.9897232296433458,3.3115050654319447,-2.4962238155192793,23,0.32727272727272727,0.19696969696969696
30a44280-a888-42bf-913a-208aa47c8772,frontierscience,deepseek/deepseek-v3.2_reasoning-auto_s3,biology,,deepseek/deepseek-v3.2,0,is_correct,False,,0.3,True,,,,37,0.33897068620976945,-4.611505460360377,-4.950476146570146,2.4134645815812714,8.95577817229519,-4.611505460360377,4.344272711934813,-0.1364286819941515,-0.2242630443534674,-0.7040572319370165,-0.567628549942865,50.17726277679445,0.09865974891040888,13.0,11.0,0.42105263157894735,1.0,0.0,8.95577817229519,5.913271258272919,6.35234655480572,0.6111111111111112,0.4444444444444444,5.048486148449534,0.8104480556440039,1.1479073294467754,0.55,0.45,20,4.4100493503177765,2.273084910329725,-2.1369644399880516,3.578371330719183,15.6237599381014,-7.80483183497011,7.818928103131291,-0.43186490144346434,-1.0841543223291212,1.76868909440135,2.2005539958448144,93.25694208806246,0.02291480282476041,13.0,12.0,0.8421052631578947,0.6842105263157895,10.077916745299834,5.545843192801566,9.694940858823344,7.877992759010517,0.7222222222222222,0.8888888888888888,8.475788274164508,1.4186600402668037,1.4186600402668037,0.5,0.5,0.33897068620976945,0.34826466722086646,-3.573061061464723,1.0174316902652045,-1.600866078462838,1.4316528713171637,1.0826064509554962,0.5707983525812461,4.344272711934813,-2.0080738428709077,-2.18727347826821,-4.0270679018821145,1.8862033563908047,-0.14870050835990245,0.16943226725990795,-1.2383129309978829,3.7378963083469485,1.2814317503978596,-3.5632853262685558,-4.611505460360377,4.4100493503177765,-2.7386086037298374,2.0578013335406875,-0.38156596481315985,-2.851355645560109,1.8128747483338077,-5.332249528193416,1.9816796999894417,-5.366933903313481,-0.447222598167628,2.320608674065141,2.3112567189787465,-0.583637012885959,-7.80483183497011,1.8901090238532343,1.4968082427962233,7.818928103131291,-0.05906465587922638,-2.807731057823148,2.273084910329725,0.5697014763495293,9.591256287027683,7.454291847039631,5.502231131999764,57,0.06456456456456457,0.10526315789473684
e5e3780b-d0a6-4a42-b468-2b196bfe4663,frontierscience,deepseek/deepseek-v3.2_reasoning-auto_s3,physics,,deepseek/deepseek-v3.2,0,is_correct,False,,0.18,True,,,,49,-0.06322911000051407,-2.777514030989413,-2.7142849209888986,1.8958448936545198,6.717314000255096,-2.777514030989413,3.9397999692656835,1.2401014135663877,0.9150774452675903,-0.4974088869307239,-1.7375103004971115,38.88286591012118,0.06980670939387655,11.0,8.0,0.3684210526315789,1.0,0.0,6.717314000255096,6.407733159264499,4.9353065537382825,0.16666666666666666,0.1111111111111111,3.5036295970263973,1.1571602967023487,0.5520703621896734,0.65,0.35,22,2.6231850971869046,2.5928598624859407,-0.030325234700963932,2.4431939833531247,8.280135340414276,-3.7073890171583637,4.572746323255912,0.1962961572834679,-0.24634742921103778,0.17341092827897908,-0.022885229004488805,66.17246070776599,0.0004582757596832872,11.0,12.0,0.5263157894736842,0.9473684210526315,6.300248879644304,1.9798864607699715,6.783899878586405,7.035623255240771,0.5,0.5555555555555556,5.885985018186429,1.103073407179826,1.0685680738707817,0.45,0.55,-0.06322911000051407,1.3671336661107416,2.413959003025048,-2.521347550713235,3.886385608551264,1.498025494360196,2.0997827836312144,3.9397999692656835,1.9179706678386867,0.8397027972061708,1.1570333952973206,1.1143289846686346,-0.9918457569489134,-1.5714479404544512,-1.1041455236986257,1.868974669916196,-2.0118773309883173,0.05214468625533597,0.9879642079204807,-2.777514030989413,2.6231850971869046,2.099766241237252,-2.5015792068903773,-0.8822345685065671,2.6282781561281907,-0.073656557252467,-2.5196860609186604,1.1169014148990661,-0.42696130763544327,-2.211153555330493,4.572746323255912,-2.4628769319848587,-2.6654682908339358,0.3523803431524879,2.7649406342032457,-1.4407008375236598,-2.4796551433808087,3.3104100710475204,-3.7073890171583637,2.5928598624859407,-0.1014933053904415,5.299205822785876,5.268880588084912,-0.303788464237833,71,0.04251700680272109,0.09523809523809523
a1e4e236-3b97-4c36-9cc3-a1711073631e,frontierscience,deepseek/deepseek-v3.2_reasoning-auto_s3,biology,,deepseek/deepseek-v3.2,0,is_correct,False,,0.15,True,,,,15,2.5746425841328766,-2.514757033098872,-5.089399617231749,2.0959794518064108,6.973035320922632,-3.5364079841509666,3.4366273367716658,0.7297808630827679,-0.934422174247521,0.09516008373143414,-0.6346207793513338,46.79987679659216,0.10874814135413162,8.0,9.0,0.5789473684210527,0.631578947368421,1.0216509510520946,5.951384369870538,5.057762744012106,6.973035320922632,0.5555555555555556,0.6111111111111112,3.930633994329269,0.8660129964016722,0.9090894301899054,0.45,0.55,25,2.4880170911154296,2.719847231869951,0.23183014075452135,2.6666989793225673,9.921270379485792,-5.914221934994534,4.007048444491258,1.5851070322439906,-1.6449186610710171,0.19003063731423617,-1.3950763949297544,58.58359960717497,0.003957253263866159,12.0,10.0,0.15789473684210525,0.3684210526315789,8.634069166864485,1.2872012126213073,7.17927146013554,8.170876811515203,0.6111111111111112,0.6666666666666666,5.327414864716059,1.0903969545749463,1.0543218334701348,0.65,0.35,2.5746425841328766,0.6324824229628638,-0.1831346075667012,-0.7878314519889176,-2.4298710681433846,2.499056939893815,2.8031212222888233,-0.05369438237007125,-0.39201527867004937,-3.4164961717306817,-1.6211354072404394,3.4366273367716658,-3.5364079841509666,-0.957833332342104,0.5667477350847134,-2.2886118864959224,1.3390869897550188,2.37735518501405,1.091139512129617,-2.514757033098872,2.4880170911154296,2.5308648884746963,1.32630327336954,4.007048444491258,2.118006667435645,0.47170820653991874,-1.8461993457185535,-5.914221934994534,-1.359687908983562,0.018044240055610186,1.512868434758434,-3.986366522362982,3.192904937772558,-4.977971873742645,0.04437378923364399,0.06587744661541528,-1.2658973223888434,1.312074439766824,-1.7360917612115738,2.719847231869951,-0.28227904622877303,4.720495077985529,4.95232521874005,1.9376232093695371,40,0.13333333333333333,0.14333333333333334
676e50c1-cea4-4361-81e1-d4409a23422c,frontierscience,deepseek/deepseek-v3.2_reasoning-auto_s3,biology,,deepseek/deepseek-v3.2,0,is_correct,False,,0.0,True,,,,55,-2.411940787182088,-5.054313413535171,-2.642372626353083,2.343053245538867,8.360290536292986,-5.054313413535171,3.305977122757814,0.73243372947184,-0.9353105787277965,-0.884771363237531,-1.617205092709371,41.317683290490855,0.06395258436382897,13.0,10.0,0.05263157894736842,1.0,0.0,8.360290536292986,5.717917909939902,7.428258718168744,0.0,0.2777777777777778,3.5974945200132584,0.7707980090645179,1.1072363152753621,0.5,0.5,23,2.1947500163426796,2.5834799244490427,0.3887299081063631,1.8388776961111426,5.616434328381079,-2.8973087222578138,2.7191256061232654,0.07980681130662168,-0.2421946083225705,0.21581350645111538,0.1360066951444937,50.94887589208811,0.007629803431379126,13.0,14.0,0.42105263157894735,0.10526315789473684,5.4807886467068565,0.13564568167422264,4.640073727731864,5.415410570498287,0.3888888888888889,0.4444444444444444,4.911447790798283,0.8092736983722345,0.8013653753924819,0.45,0.55,-2.411940787182088,3.305977122757814,1.8590360790151965,2.2784700914443228,1.8824875841504431,2.8206323671429674,-4.607626351025776,-0.08463956566043107,0.0988720714262589,-0.7169006054994513,0.6031340964530736,-2.848382117552664,-3.6517121288870324,0.05245419862567058,-1.037098474024475,-0.5534935370981406,1.4943607007655941,1.0205358695090179,-1.1786193250420116,-5.054313413535171,2.1947500163426796,1.0424625064240223,-2.8973087222578138,1.0336425494792056,-0.013657058406608079,1.7388856523104255,-2.5401272647455593,-1.9209481216085988,2.7191256061232654,-2.696284964375022,1.4922211010925284,-0.6030718780652373,1.6289129229484094,-2.3153169243733385,1.7519936882751121,-0.16690495768590613,-1.654774643195671,-1.1466151250532166,-0.07229784808266904,2.5834799244490427,0.3538327113933833,7.602896141271234,7.991626049377597,-0.26610879505751583,78,0.04579124579124579,0.08695652173913043
0b946e4d-8fc8-4f65-85dc-8fb7fd227a96,frontierscience,deepseek/deepseek-v3.2_reasoning-auto_s3,biology,,deepseek/deepseek-v3.2,0,is_correct,False,,0.225,True,,,,65,2.7034030786189103,0.04814719213579907,-2.6552558864831113,1.5273622257253463,4.730244469561379,-1.7750390855182052,2.955205384043174,0.7997057017478422,0.04942441122032631,0.36946806212617683,-0.43023763962166534,39.417356321238415,0.06736260709225789,12.0,12.0,0.3157894736842105,0.10526315789473684,1.8231862776540042,2.907058191907375,3.834936348442972,4.532678530289008,0.3888888888888889,0.3333333333333333,3.7374925234303302,0.8911840907426285,0.4831481325659165,0.6,0.4,25,-2.5517897113158865,-0.2234839276988039,2.3283057836170826,1.7813384315124372,5.876528979816822,-3.4845283333410793,2.392000646475743,-0.3609355570638537,-0.17623281713000574,0.24401010852721397,0.6049456655910677,45.09692709922632,0.051628923152438624,11.0,10.0,0.2631578947368421,0.631578947368421,3.2610444056422754,2.615484574174547,4.9836989344115175,4.386817445253426,0.6666666666666666,0.7222222222222222,3.8483223676705887,0.6945283694227928,0.8093342678324795,0.45,0.55,2.7034030786189103,-0.8647301444442531,-1.7750390855182052,1.8851569837380944,-1.4085747613606248,2.1025184571577995,2.955205384043174,-1.5774731462458345,2.2574632021971377,0.04635547441599197,-0.6359652291793911,0.3106193502074367,-1.4552580952382543,1.4002293223851976,0.8815951361370555,-1.0765953148844072,-0.8693268744473581,1.6434703423798969,1.5895178914360748,0.04814719213579907,-2.5517897113158865,2.1488571600276103,0.18105910453646246,-1.1492211902077862,-2.2814246279135912,2.392000646475743,-1.2660302810495279,-0.10540310891469071,-1.8460286007677364,1.2408020532565425,1.4955668943390679,-0.033209225552582655,-3.4845283333410793,1.4991706010704386,-2.887646844182987,-0.35791950570491915,1.900264062567799,1.964975849852726,1.0678710163294687,-0.2234839276988039,0.25876101966138265,-2.341175883790303,-0.012870100173220322,-2.685266624782244,90,0.035576923076923075,0.09333333333333334
0744af3b-0249-4cbb-978a-a8595f8f9672,frontierscience,deepseek/deepseek-v3.2_reasoning-auto_s3,chemistry,,deepseek/deepseek-v3.2,0,is_correct,False,,0.39,True,,,,78,0.07516729588702813,-2.4797528258919206,-2.554920121778949,1.7166682999053182,6.80222530543743,-4.169363352967788,2.6328619524696415,-0.8587377607575816,0.3677697420864487,-0.9575147526244424,-0.09877699186686084,47.16717336358724,0.05416733587328621,16.0,15.0,0.6842105263157895,0.10526315789473684,1.6896105270758675,5.1126147783615625,5.5974742109585165,5.639206014135148,0.1111111111111111,0.7222222222222222,4.523706672401204,0.47266589980279905,0.9317591321250284,0.45,0.55,49,-0.16815681855133388,2.6314442539396987,2.7996010724910327,1.7665646193201974,6.92832015979357,-4.296875905853871,2.6314442539396987,0.06285659111697475,-0.4563203619372585,-0.9126891995048596,-0.9755457906218343,40.9892451192537,0.06830086927304714,12.0,13.0,1.0,0.8947368421052632,6.92832015979357,0.0,5.697521422965901,5.266843514150643,0.4444444444444444,0.8888888888888888,3.449447471347274,0.4985737511155396,0.9100928307540969,0.45,0.55,0.07516729588702813,-2.1437412333120376,-4.169363352967788,1.4281108579907282,-0.7741279161782382,0.4527561168974885,-0.879966093620252,1.7412869293732887,-0.8758249519707622,0.33972384190984783,-1.1290568980019118,0.40764082567348936,-0.5422435048484529,2.6328619524696415,-3.006344061665507,-0.44288644425427104,-2.1918753597894227,2.1778304018015993,0.1979397740528679,-2.4797528258919206,-0.16815681855133388,0.042505465185975755,-0.5902730386708586,0.22988449284283252,0.2229479668975837,-1.2223302258622688,1.9254182959768926,-0.9865036199757715,-3.617104289908971,2.0804171330569297,0.9587716279839955,-0.7474979455662547,-1.7924436172808496,0.9101181781301118,-1.417483772315006,-0.6274595039934785,0.969967608296772,-4.296875905853871,-2.7357278771032734,2.6314442539396987,0.2447305132647306,2.5563265206053174,5.35592759309635,-0.18420207573694114,127,0.025974025974025976,0.047619047619047616
1b340ded-5f04-4f7f-b8ca-d0887b292332,frontierscience,deepseek/deepseek-v3.2_reasoning-auto_s3,biology,,deepseek/deepseek-v3.2,0,is_correct,False,,0.35,True,,,,22,2.723900145784713,-2.426408342393413,-5.150308488178126,2.723192237004407,8.091667198333555,-3.9363182781794746,4.155348920154081,-0.11151095400220123,0.7747735364128988,-0.787776596989724,-0.6762656429875228,65.06887846328256,0.07915164068924858,11.0,9.0,0.42105263157894735,0.8421052631578947,1.5099099357860615,6.5817572625474945,7.0698722242501155,6.412153477854549,0.05555555555555555,0.9444444444444444,5.978706624737878,1.239494089490599,1.243685164743772,0.55,0.45,15,2.2800593455995197,2.198649282551924,-0.08141006304759557,2.227959389406676,7.032991265035967,-3.7005327693903283,3.332458495645639,0.28553163621389677,-0.183122928130583,-0.07146715864751507,-0.35699879486141184,44.99332713500029,0.0018093808178116864,10.0,10.0,0.5789473684210527,0.631578947368421,5.899182051942253,1.133809213093715,5.463892361711734,7.032991265035967,1.0,0.6111111111111112,3.7504686474066395,1.0237900887601756,1.0093871885252703,0.5,0.5,2.723900145784713,-3.569368306945616,3.5005039173045,-2.177914023491161,-2.416404355595588,-2.4173361721179316,3.576042117045674,0.5506799730637946,4.155348920154081,0.5729650345919186,-2.494801760794449,-1.6021442821438754,2.03276671546339,2.2086001545554317,2.874500352613151,0.015428754594705843,-3.9363182781794746,2.5791457046406174,-3.8330077732139314,-2.426408342393413,2.2800593455995197,2.4645202042232524,2.3784233745990946,1.1357448559761711,-2.6226133181327076,-2.896860714671238,-0.740552294096815,2.203106406321274,2.086711069488997,-2.2568537536701005,-1.4216106702509035,3.332458495645639,-3.7005327693903283,-1.5251392750586583,0.7443164636660288,-0.021664435144657976,1.6518122771316133,-1.7366734609301884,-3.26524307915981,2.198649282551924,0.5113660523580182,5.217833740350951,5.136423677303355,-3.146827367248431,37,0.12121212121212122,0.14285714285714285
7c94f50a-0896-450f-8d55-00c98aca5158,frontierscience,deepseek/deepseek-v3.2_reasoning-auto_s3,chemistry,,deepseek/deepseek-v3.2,0,is_correct,False,,0.27999999999999997,True,,,,5,1.6982217154322492,1.6109360825829335,-0.08728563284931568,0.988621318938666,2.945288478251498,-1.2470667628192489,1.6982217154322492,-0.0267106773000289,-1.0815102694110479,0.2769549384389631,0.30366561573899203,5.80329132365368,0.015040711896290212,1.0,2.0,0.0,0.2631578947368421,2.8580028454021824,0.08728563284931568,0.5421927191365611,0.6219115689314492,0.9444444444444444,0.05555555555555555,0.06567122336970171,0.32175802649207597,0.6265488763092637,0.3,0.7,26,2.495664700515186,2.849090517846066,0.35342581733087997,2.393545814002558,7.990766329982675,-4.393425347599405,3.5973409823832703,-0.020091044995966083,-1.0398522259275766,1.3860217042674459,1.406112749263412,63.10419247820611,0.005600670945166446,13.0,12.0,0.8421052631578947,0.3684210526315789,7.242515865445471,0.7482504645372043,5.4342339106031625,6.287355072165467,0.3888888888888889,0.1111111111111111,5.988279811996006,1.0578277497803041,1.0130013833233105,0.55,0.45,1.6982217154322492,1.0763101465008003,0.4543985775693511,-0.16751299136209785,-0.789424560293547,-1.2470667628192489,-1.2119008661277095,-1.17673496943617,-1.1415690727446304,-1.106403176053091,-1.075731712508206,-1.0495546821099757,-1.0233776517117454,-0.9972006213135153,-0.971023590915285,-0.5578347939633073,-0.01564207482674762,0.5265506443098119,1.068743363446373,1.6109360825829335,2.495664700515186,-2.474335593330774,2.2018673987792496,-4.0854876733862175,-0.043132400372047575,1.5848158720645975,0.17997038075824312,-4.393425347599405,1.0408085630037576,-2.0998857558065693,2.9783615149524243,-2.561878869532869,-2.9224856241079555,0.6795399375975798,2.0745163817400796,1.4745787459656312,3.5973409823832703,-0.9009666687337592,-0.7784297335966122,2.849090517846066,-1.161208556910579,-0.27647993897832635,0.07694587835255362,8.920207431075951,31,0.4,0.13230769230769232
1875e781-bd89-4528-8bc3-94b7b436402f,frontierscience,deepseek/deepseek-v3.2_reasoning-auto_s3,chemistry,,deepseek/deepseek-v3.2,0,is_correct,False,,0.65,True,,,,56,2.861779816976813,2.7905489157829773,-0.0712309011938359,1.798466079070045,6.148225944501062,-2.316984594002277,3.8312413504987854,1.0894491774137987,0.3613125020313986,2.3721342976536546,1.282685120239856,31.430278624491784,0.002266314659340303,10.0,8.0,0.9473684210526315,0.5263157894736842,5.107533509785254,1.0406924347158082,4.160188938946911,3.456558236268924,0.6111111111111112,0.3333333333333333,2.5847199036770174,1.4964085510149165,0.27700167391300107,0.75,0.25,12,2.1576476201354273,2.0947208452713353,-0.06292677486409204,1.4256121461648485,4.803903326959041,-2.6462557068236143,2.1576476201354273,-0.017034203078897074,0.17193611931120995,-0.3229010624018806,-0.3058668593229835,25.475917936124276,0.0024700493627695078,7.0,8.0,0.0,0.8947368421052632,4.740976552094949,0.06292677486409204,2.9537814268628706,2.753437740289307,1.0,0.5,1.5300792946961148,0.6112982510125382,0.6539528990517929,0.5,0.5,2.861779816976813,1.7563207295193113,-0.07756230563131852,0.09334795457101058,-0.3295232637274297,0.4010664365252403,2.9207148736629645,-0.5358433626059591,3.382505036885684,0.041418955718770356,-2.316984594002277,-2.280119952293037,1.8800689866538742,2.3581424438627345,0.16634132379918842,1.4459080565361295,2.5693006686108206,3.4294654706940264,3.8312413504987854,2.7905489157829773,2.1576476201354273,0.6004868940655519,-0.9248568805105628,-2.365355451103315,-1.5305544534549496,1.200329517727682,0.7430633315878864,-0.19884796780286773,1.0975677276799778,0.9213094465184093,-1.8321282937708978,-1.2622651691165168,1.2066270212199628,1.2712900704504022,0.9329225455941288,-0.13717944915462854,-1.3225540277069696,-2.6462557068236143,-0.8590605815915353,2.0947208452713353,0.644338570549398,0.011437274901847871,-0.05148949996224417,-5.938776138468068,68,0.04350649350649351,0.16666666666666666
7e32b7a6-9340-4a41-8c1f-89a0a91a6d3f,frontierscience,deepseek/deepseek-v3.2_reasoning-auto_s3,biology,,deepseek/deepseek-v3.2,0,is_correct,False,,0.375,True,,,,54,0.11200829131590273,2.2128832422606455,2.1008749509447426,1.8941573424257723,5.949011746640464,-3.3157168623565667,2.633294884283897,0.7518750467076091,0.8999203752845114,-1.377556998794654,-2.1294320455022633,35.35682271871268,0.05941922348788569,11.0,8.0,0.2631578947368421,0.7894736842105263,5.528600104617212,0.42041164202325154,4.912345626992799,4.982426660033502,0.05555555555555555,0.7222222222222222,3.199278439898098,0.8611713909991113,0.6963100929402656,0.6,0.4,39,-4.797619354969711,-2.9082875759819684,1.8893317789877422,2.869122822941944,11.631405035892012,-4.797619354969711,6.833785680922301,-0.7146827735788979,0.8638217858954669,1.309122883118309,2.023805656697207,60.63379681850059,0.031159714187835075,13.0,8.0,0.9473684210526315,0.0,1.8893317789877422,9.74207325690427,7.246946753256491,9.74207325690427,0.0,1.0,4.823125480835393,1.3625266232706603,0.9175911040243685,0.4,0.6,0.11200829131590273,-3.285394414610218,1.626951212382581,0.9432457652399888,0.7651753647309663,2.633294884283897,2.467844223610145,0.15663133759143744,0.02409606203371073,2.065864334996025,-0.13180116944277956,1.8076618657000108,-0.03078103972374334,2.4077712358369188,-2.5746554241965836,-3.3157168623565667,-2.2749346110661604,-1.704708085583536,-0.6082102518257224,2.2128832422606455,-4.797619354969711,2.4493273982867807,-0.12040261966396587,-0.2693280418050064,-0.07080078038916598,-2.173524235822309,-0.020431780688908552,-2.5767597791734316,2.1958669726235955,4.434305757220426,2.3626293392015763,-0.2422587804887924,2.4468959065709877,-2.5739269146860932,-0.021708603470808774,-2.5767736133472097,2.1958314900075324,4.331889920580008,6.833785680922301,-2.9082875759819684,0.23222896032965984,-6.778273636900696,-4.888941857912954,2.0157637092051814,93,0.045422781271837874,0.05128205128205128
4c2bdcf2-82c0-4190-b2fc-9696d2ef499a,frontierscience,deepseek/deepseek-v3.2_reasoning-auto_s3,biology,,deepseek/deepseek-v3.2,0,is_correct,False,,0.0,False,,,,17,2.5663954588871865,-0.08591436488352437,-2.652309823770711,2.5011192311430714,8.702556637663115,-4.869118640284387,3.833437997378728,1.3417682917950084,-0.5145882955617339,-0.9857424786241912,-2.3275107704191997,55.307939781124844,0.0479553177042381,11.0,7.0,0.5789473684210527,0.6842105263157895,4.783204275400863,3.9193523622622526,3.7534704179639076,6.266820568653504,0.05555555555555555,0.0,3.903007533474541,1.029620224153249,1.0358299690588606,0.5,0.5,0,,,,,,,,,,,,,,,,,,,,,,,,,,,,,2.5663954588871865,-3.7004251097663174,0.053045308197590124,3.727463541175,3.207112441923897,0.7250546665148414,2.8137317356328615,2.059544508921934,-1.368144117247909,-3.0889434025647704,0.13957934861551236,3.833437997378728,-0.3084737637512463,-4.869118640284387,-1.3353549642988831,-3.0989698643007464,-0.986245946625349,1.4670394758174314,-1.875009207454076,-0.08591436488352437,,,,,,,,,,,,,,,,,,,,,,,,,17,0.2647058823529412,
60ff38cc-fb55-4c3c-b75c-f59dde5de0c3,frontierscience,deepseek/deepseek-v3.2_reasoning-auto_s3,physics,,deepseek/deepseek-v3.2,0,is_correct,False,,0.35,True,,,,60,0.19953748148849418,0.008453724284293605,-0.19108375720420057,2.1628422936661718,7.062600414954389,-2.565755231697162,4.496845183257227,-0.10606063187968548,1.1955716264601735,-0.1518078186667016,-0.045747186787016114,43.36932731885847,0.004405965437262173,12.0,8.0,0.5263157894736842,0.7368421052631579,2.574208955981456,4.4883914589729335,3.9366954879243283,6.649307010613105,0.0,0.05555555555555555,4.026208143357279,1.0263262567984603,0.6905397542953002,0.55,0.45,25,2.46134320326748,-0.10126715601731334,-2.5626103592847933,2.9921123484018155,10.9938399682259,-5.014470009614264,5.9793699586116364,0.69730688432466,-0.2743206225435855,-0.6229012677303903,-1.3202081520550504,66.9389991439412,0.03828277076229247,13.0,9.0,0.05263157894736842,0.7894736842105263,4.9132028535969505,6.08063711462895,6.636864407216107,7.162908057716588,0.5555555555555556,0.6111111111111112,6.186563750570317,1.224142624069376,1.262967812765117,0.45,0.55,0.19953748148849418,4.136232969412823,-2.5130740412002828,0.9703386967246403,1.1430691532648205,-2.4901844907303694,-2.1883441921179236,-0.35906350199430914,1.319520567438917,4.468184462331869,4.496845183257227,-0.8011750105858538,-0.5696393541683826,-0.18567096105825187,-2.565755231697162,1.193181770226568,1.0513453905892738,1.5398157369502852,-2.137888302353468,0.008453724284293605,2.46134320326748,5.9793699586116364,1.6877671074401246,3.9962309343564315,-2.8963508609119173,-5.0033489391481005,-1.3438632133430346,1.9501264411467076,-2.52016534784794,-2.1632248484244285,-2.715238595662335,3.921625811553772,-3.241282246162816,2.847914427591941,-0.20291503677542233,-5.014470009614264,0.32771775765513383,1.3107568397642924,-0.05723000139476778,-0.10126715601731334,0.17822859602301652,2.631118075006203,0.06850771572140957,3.3516835013832598,85,0.03389830508474576,0.09666666666666666
9557097c-9285-46d9-b1fc-51a256d87913,frontierscience,deepseek/deepseek-v3.2_reasoning-auto_s3,physics,,deepseek/deepseek-v3.2,0,is_correct,False,,0.25,True,,,,7,3.1967801918062095,0.43043356566828195,-2.7663466261379277,2.2923978625529933,8.284345468425643,-4.256292618610337,4.028052849815306,1.146053214915694,-0.45679002279653425,-1.4404936815906852,-2.586546896506379,27.880414002078062,0.09922186327404386,3.0,4.0,0.6842105263157895,0.8421052631578947,4.686726184278619,3.597619284147024,3.0324750466216956,3.015783227763537,0.5555555555555556,0.7222222222222222,0.9573188104269238,0.8252396218300282,1.016145609065528,0.55,0.45,57,5.2073222419019904,2.5852629964278715,-2.622059245474119,2.443741207399886,10.102566793698667,-4.895244551796677,5.2073222419019904,1.5147965248749355,-0.7055714703446861,1.028419021226678,-0.4863775036482576,52.5767463185085,0.049871082352448276,13.0,8.0,0.0,0.05263157894736842,7.480507548224548,2.622059245474119,8.824597542492098,10.102566793698667,0.05555555555555555,0.0,4.708005465671381,1.3606155577330772,0.7688610822794866,0.55,0.45,3.1967801918062095,2.310159697117146,1.4235392024280822,0.5369187077390185,0.2963499630858225,0.18499156843980022,0.07363317379377798,-0.9331783817852078,-2.3877165178306754,-3.842254653876143,-3.053286198588033,-0.020811151966337427,3.011663894655352,4.028052849815306,1.012269622051769,-2.003513605711767,-4.256292618610337,-2.6940505571841333,-1.1318084957579257,0.43043356566828195,5.2073222419019904,-4.895244551796677,3.929352990695422,1.5223421284075607,1.084856469065341,2.8813446796823805,0.8736017161685314,-0.4909009108869373,-0.0018510241534418284,-1.158379925915881,2.551044040315803,-2.496015332364983,-1.5505241853124052,-1.7923729540949576,-1.4499094783889486,3.2926335501919644,1.530518872772559,-1.5420232826755003,1.7540314690321217,2.5852629964278715,0.4610729426601681,5.237961618893877,2.6159023734197575,0.7553849360393627,64,0.2857142857142857,0.046365914786967416
b93b8a19-eaca-4495-946f-ba4b73e481c8,frontierscience,deepseek/deepseek-v3.2_reasoning-auto_s3,biology,,deepseek/deepseek-v3.2,0,is_correct,False,,0.27999999999999997,True,,,,27,0.030031222543562608,-3.8327890474795447,-3.862820270023107,2.1150873159612025,7.974336140823094,-4.133544402181393,3.840791738641701,-0.1583354309758525,0.20643582717382816,-0.8001600730267012,-0.6418246420508487,56.484184156673116,0.06838764386343267,13.0,11.0,0.21052631578947367,0.5789473684210527,0.300755354701848,7.673580786121246,5.757573601944129,7.028683716690757,0.6111111111111112,0.2222222222222222,5.190061513332537,0.7338327995287857,0.9570456827675047,0.45,0.55,44,-0.29924851415693166,-2.7301937403648777,-2.430945226207946,2.2208867777379395,7.419659455377695,-2.7301937403648777,4.689465715012817,0.3743813176473992,-0.24579885793871808,-0.9021276721752297,-1.276508989822629,60.99203746895465,0.039856763720105486,12.0,12.0,0.21052631578947367,1.0,0.0,7.419659455377695,6.9011355756933135,6.528810860093461,0.16666666666666666,0.2222222222222222,5.65251320859514,0.8502895847070444,1.075924025461575,0.4,0.6,0.030031222543562608,0.48195010573867636,-0.36879535365203076,-1.8932126542374528,3.840791738641701,-3.1878919780490564,-0.011221097816367931,1.6308556266237746,-1.7965965768335161,2.7774870062320676,-0.8207618147532514,-4.133544402181393,1.6240291997627359,2.163581751366379,-1.4385733528472193,0.03588246531642669,2.092046874350391,-1.2808542381335997,-0.3766731393666616,-3.8327890474795447,-0.29924851415693166,-2.6879287846488866,2.55316336086587,-2.2116698606804963,4.689465715012817,-1.8393451450806446,2.416232452220066,-2.561852353510787,-2.585042855899717,1.762753187509033,-0.7983531110681241,-1.9401023977030372,0.9733206066182936,3.4286849184833117,0.714978534968834,-2.698964524806806,-0.830983271289419,-0.3347959500217721,0.4671929184626631,-2.7301937403648777,0.24293402948688425,3.776474562809497,1.345529336601551,0.6827555347679244,71,0.07407407407407407,0.06025369978858351
783fc5fc-cf8a-44be-9c48-3b8f86e96720,frontierscience,deepseek/deepseek-v3.2_reasoning-auto_s3,chemistry,,deepseek/deepseek-v3.2,0,is_correct,False,,0.1,True,,,,52,2.6948459660720627,-0.21234427461036604,-2.9071902406824286,1.8465732046054064,7.452091929540265,-3.9166743535736663,3.535417575966598,-0.2577560921174308,-0.7079641254543472,0.8039447212231967,1.0617008133406274,38.04199822541182,0.07642054508957008,12.0,7.0,0.9473684210526315,0.3684210526315789,3.7043300789633005,3.7477618505769636,3.1457810284750347,4.311457089039605,0.8888888888888888,0.8333333333333334,3.188557394886784,0.710886312454375,0.8077049722375381,0.55,0.45,42,2.5675812990893028,2.559137469643575,-0.008443829445727857,2.0081238021215286,8.2696765108174,-4.377579520588394,3.892096990229006,0.1983867688215921,0.056535156342125796,1.7736262351558183,1.5752394663342262,44.73365599119523,0.0001887578660548073,12.0,12.0,0.42105263157894735,0.05263157894736842,6.936716990231968,1.332959520585431,6.032041643497205,6.945160819677696,0.3888888888888889,0.0,4.0123444014108705,1.113800918487343,0.4924903741332963,0.5,0.5,2.6948459660720627,0.6361607443337416,1.133561750503529,-2.480698573595006,-1.1778589279571263,-0.8653529419916683,-1.7449506621875486,-3.9166743535736663,-1.4109533980567643,0.5309541355650522,-2.161091686411717,0.020052630938491856,0.38702049175423614,1.5949433016039372,0.5958807875690093,2.127282462672705,-2.1841746263669,0.9616064021081345,3.535417575966598,-0.21234427461036604,2.5675812990893028,-4.377579520588394,0.09281422760783054,2.489159793403671,-0.45909234199191573,1.3835246166314885,-0.30770069240083897,-2.139944653268199,3.892096990229006,-0.6306127777454664,-0.7862998472341491,0.6329270681072947,-0.45086774599231916,-0.12155293970128639,2.027318444416336,-0.2498258469293244,-0.3263311168140328,3.3974639421979416,3.233994518420414,2.559137469643575,-0.12636477315307568,2.653560800546593,2.6451169711008653,-0.03103460836640437,94,0.038461538461538464,0.06155632984901278
2d0a5720-a17d-4886-877d-ee910ea9626a,frontierscience,deepseek/deepseek-v3.2_reasoning-auto_s3,chemistry,,deepseek/deepseek-v3.2,0,is_correct,False,,0.075,True,,,,229,0.03587129746719492,-4.74166435811398,-4.777535655581175,3.1159044499424753,9.878955131970024,-4.945360538033946,4.9335945939360775,-0.5986805378542625,1.1197499616569162,-1.6033513054191262,-1.0046707675648636,59.08671284562101,0.08085634528466148,10.0,7.0,0.3157894736842105,0.15789473684210525,0.20369617991996591,9.675258952050058,7.351057419524231,9.754018353512919,0.05555555555555555,0.1111111111111111,4.7114027863313686,1.145139323513475,1.4437704168082839,0.45,0.55,12,4.7028715752593415,2.467965341598572,-2.2349062336607695,2.1519157738841193,8.502038494570156,-3.7991669193108146,4.7028715752593415,0.8556724466826161,-1.0620522641760006,-0.06337451899096551,-0.9190469656735816,35.25274286057237,0.063396662282422,7.0,6.0,0.0,0.15789473684210525,6.267132260909387,2.2349062336607695,5.6735188948256035,2.837000543069638,0.2222222222222222,0.0,2.2373584119022683,0.8378635921861031,0.9291088840060773,0.4,0.6,0.03587129746719492,-2.5423996040452588,4.8086578154789725,-4.945360538033946,-4.767266107080126,-1.7138612227027512,4.9335945939360775,2.735961069079422,2.5750042147382706,2.601459389148679,2.3648588864565907,0.2467946483487527,-2.5578097534782964,-0.12801872269500442,-4.867745282716418,-2.41985087208898,-0.10360120361830844,2.60058455561554,-0.08783067159261043,-4.74166435811398,4.7028715752593415,1.8658710321897036,-0.9692088391716287,-3.7991669193108146,-1.9908648312873916,3.6826540635382115,2.497551045560891,0.01636821718505732,-0.1842306867249785,-0.8360989891995982,-2.2776887391622442,-1.939425007218384,-0.584102142756525,-1.6291885013553324,-2.173856394078545,0.6135429600157676,0.910447608374517,-1.7812413901494182,-0.41710523970668634,2.467965341598572,0.22077613048856454,9.665312063861887,7.430405830201117,-4.6857638188351025,241,0.00949973186240711,0.16666666666666666
163a8ed3-8fc0-492f-bd91-37ef359bec8a,frontierscience,deepseek/deepseek-v3.2_reasoning-auto_s3,biology,,deepseek/deepseek-v3.2,0,is_correct,False,,0.3,True,,,,65,-3.247226285639504e-05,-4.909959557458625,-4.909927085195768,2.283053752984887,9.393366808127961,-4.909959557458625,4.483407250669336,1.0826876471130125,-0.22001800342172753,-1.8064498087575334,-2.8891374558705456,46.69139674213192,0.10515699738674346,10.0,8.0,0.15789473684210525,1.0,0.0,9.393366808127961,5.625768453407024,5.247758690609092,0.1111111111111111,1.0,3.9829192969917337,0.7532664815097988,0.9932670488451091,0.45,0.55,25,2.477663228720705,2.6864922074540205,0.2088289787333153,2.3081816769306034,9.140732587164862,-4.603793739057581,4.536938848107282,0.9299251426686033,-0.845508918649638,0.30652135372187167,-0.6234037889467317,55.489339423754096,0.0037634071859921794,13.0,10.0,0.7894736842105263,0.5789473684210527,7.2902859465116014,1.8504466406532618,7.125621107057545,7.0000174970886135,0.16666666666666666,0.8333333333333334,5.611629188048521,0.9844415419464883,0.8629394574232887,0.5,0.5,-3.247226285639504e-05,-1.5524246424803028,-1.1423612027376882,4.483407250669336,1.3261603786674088,0.5740000413892301,3.89006417654596,-0.1869795478639037,-1.8459547572225645,-1.0478580123532681,1.6590273784558192,-2.064095803268302,0.8102352685027945,1.135499449797332,0.8491365530176284,-0.24386935058632453,-4.496462278267226,-2.3753433524011194,0.33779913315046706,-4.909959557458625,2.477663228720705,1.3389754267124796,1.3352777130142868,-2.7565511103829703,4.3690699966745745,-0.6667244925720412,0.4117652365131885,0.4994095146535371,-0.29682547694457506,-2.186747453359471,-1.3638439429190645,-4.603793739057581,1.9978644315765761,0.035374235503111875,-1.607134595100585,4.536938848107282,-2.463078648981331,-0.23748329145267721,-1.0766063976954792,2.6864922074540205,-0.031019052633732423,7.356603733545597,7.565432712278913,-0.06403665964475991,90,0.035096153846153846,0.08
09d32726-331e-4c45-98f4-b01a913bb623,frontierscience,deepseek/deepseek-v3.2_reasoning-auto_s3,chemistry,,deepseek/deepseek-v3.2,0,is_correct,False,,0.22000000000000003,False,,,,104,0.12433391221598537,-2.5274593185164163,-2.6517932307324017,2.518058495781949,9.448571615751604,-4.926082219221022,4.522489396530582,0.18860709502124612,0.21212150968562019,-0.45010405977334655,-0.6387111547945927,56.25439246704224,0.04713930973987512,12.0,11.0,0.3684210526315789,0.631578947368421,2.3986229007046056,7.049948715046998,6.927910835854896,6.811461882582121,0.8333333333333334,0.3888888888888889,5.341817636411474,1.0005766946667227,0.9953529009513234,0.45,0.55,0,,,,,,,,,,,,,,,,,,,,,,,,,,,,,0.12433391221598537,-0.3285647541393768,-0.2846026624517113,0.9649322359018215,0.9856310611208223,-0.24621765732511552,0.10473752982629714,4.522489396530582,-2.2889724860515392,4.377249904419421,3.357579166028052,-2.3374250652497013,-4.926082219221022,-1.21998812865645,1.9929811906657635,-3.346311339229186,3.58159949662571,-1.3033172505061652,-1.0981171376797854,-2.5274593185164163,,,,,,,,,,,,,,,,,,,,,,,,,104,0.022964899178491413,
3182a1e3-e9ad-4d4b-8ef8-de88a9f811b8,frontierscience,deepseek/deepseek-v3.2_reasoning-auto_s3,physics,,deepseek/deepseek-v3.2,0,is_correct,False,,0.1625,True,,,,184,2.541890244867354,2.5933371316324174,0.05144688676506348,1.815858268226019,7.530768221997116,-2.9742842202331916,4.556484001763924,0.04098745896345833,0.9994126728186826,0.7424898510959607,0.7015023921325023,47.90111481070282,0.0010740227439042485,11.0,12.0,0.42105263157894735,0.10526315789473684,5.5676213518656095,1.963146870131507,5.7100743118635675,6.416621152310155,0.3888888888888889,0.4444444444444444,4.172133424490892,1.064156386855985,0.47726938540344727,0.6,0.4,55,-2.504824657211034,2.605720927043511,5.110545584254545,2.204620770183452,8.045365362899346,-3.5580473644545885,4.487317998444759,-0.039889083459607524,1.307082177862277,0.43080951049566746,0.47069859395527497,58.32390230354607,0.08762351938758779,12.0,9.0,0.6842105263157895,0.2631578947368421,6.1637682914981,1.8815970714012478,5.035064215551108,6.687821308266868,0.5,0.2222222222222222,4.887526928686817,1.2186178456468801,0.6458574094572456,0.7,0.3,2.541890244867354,-0.4847577245986674,-2.9742842202331916,0.15879284675140323,0.27739673927366226,1.6634928294063493,-0.8956185027227015,-1.1535903100996432,4.556484001763924,-1.8601371505462305,0.9671856421048155,2.484040095450835,-0.746343946378472,2.7482503774355496,0.9623815712475965,-1.3245788840163721,0.5642113248884986,1.7656649322972908,-0.10607696947366742,2.5933371316324174,-2.504824657211034,1.9249717043067216,-1.9617112524334903,2.51309586574721,3.129773943812279,-3.5580473644545885,0.1775181760156498,3.714447444168166,0.7814232343996756,-3.098445944069013,1.9366182714820943,1.1525035004242412,0.17571074018601546,4.487317998444759,0.015744841223250483,-1.6082337731089238,-0.18588519786786328,1.5601658346178868,0.19734443106614336,2.605720927043511,0.08759256835671142,-5.01056922048674,0.09997636376780505,-1.6195976377385186,239,0.011938702779757662,0.03636363636363636
e2aee1ae-6baa-4d30-a409-e0fc9c90f1fb,frontierscience,deepseek/deepseek-v3.2_reasoning-auto_s3,chemistry,,deepseek/deepseek-v3.2,0,is_correct,False,,0.2,True,,,,7,-0.8328508033813579,4.081189553570167,4.914040356951524,2.189089173247458,9.442343822660344,-5.361154269090177,4.081189553570167,-2.343364299649905,0.5928738722824278,1.4723548406675284,3.8157191403174338,19.040473522371602,0.25808393636732685,5.0,5.0,1.0,0.15789473684210525,9.442343822660344,0.0,2.331389108899831,1.5094344885696067,0.2222222222222222,0.05555555555555555,0.6020009398268472,0.7079083601397704,0.8788735575181285,0.55,0.45,33,0.18434392977414266,0.10578252365289346,-0.07856140612124919,2.140726039259915,8.462830226636296,-4.314446202687376,4.14838402394892,1.0010087409785473,-0.5091890198724119,-0.6123480640959642,-1.6133568050745115,52.560522480585895,0.0014946846494965334,12.0,10.0,0.15789473684210525,0.8421052631578947,4.4202287263402695,4.042601500296027,5.9984742053938405,5.347362233647996,0.8888888888888888,0.16666666666666666,5.122378128528946,0.8621796093156171,0.873747126157259,0.65,0.35,-0.8328508033813579,-2.3422852919509642,-3.851719780520571,-5.361154269090177,-3.669902426435252,-1.338513317535421,0.9928757913644102,1.3193772032008517,0.6434347665055988,-0.03250767018965406,-0.1188954274782979,0.38427149463966914,0.8874384167576351,1.0669983225411925,0.5993441956559304,0.13169006877066836,-0.029642163780878944,1.3406350753361345,2.71091231445315,4.081189553570167,0.18434392977414266,0.0961381802784152,1.1544779612105391,4.14838402394892,-1.1989782096990749,0.8925858345731763,1.7301094667637134,-2.8460023753425197,-3.6666780405741317,1.4348160124595202,-2.0145694107638557,2.6939882275840206,-1.3084993363967885,2.1426217839268724,0.7754488967522901,-2.125768947681431,-4.314446202687376,1.684028002706464,0.2008673426813745,0.10578252365289346,-0.6683894901518934,-4.565235113947917,-4.643796520069166,0.12118704450698914,40,0.2857142857142857,0.08522727272727272
0eb69a4c-0774-46b6-87dd-6686f639b7fa,frontierscience,deepseek/deepseek-v3.2_reasoning-auto_s3,chemistry,,deepseek/deepseek-v3.2,0,is_correct,False,,0.15,True,,,,20,2.649078241165662,0.19057628322665537,-2.4585019579390064,2.944245561097889,10.093845431770923,-4.922118436128975,5.171726995641948,-0.411354936657232,0.21056972166265034,0.23424941749367914,0.6456043541509111,80.105749066038,0.03069070555612998,13.0,12.0,0.631578947368421,0.05263157894736842,5.1126947193556305,4.9811507124152925,9.46556538855247,9.575149771511377,0.7222222222222222,0.6666666666666666,7.755186004215712,1.2086545254210288,1.2086545254210288,0.55,0.45,14,-2.9921803286062683,-0.25623890062584337,2.735941427980425,2.303313326975469,7.236462205281883,-2.9921803286062683,4.244281876675616,-0.9889310762373401,0.7000868335637159,0.4607210227410172,1.4496520989783575,38.58714544581293,0.07090292366462937,6.0,6.0,0.15789473684210525,0.0,2.735941427980425,4.500520777301459,5.1562208837414545,5.035259064911317,0.3333333333333333,0.8333333333333334,2.8075431273951534,0.9788927056429912,0.9417718837564543,0.35,0.65,2.649078241165662,-4.922118436128975,-1.7461365553506163,-2.1983551800236105,5.170747835101101,-2.070678414553682,0.23797795318949683,2.076310716082973,0.45796824575236955,0.1309581964876621,-2.3200253246651874,0.3604719982082159,5.171726995641948,-4.403422775869429,5.062142612683041,-1.966270882358898,2.665131430881453,-2.352253222183154,-2.1938297172870227,0.19057628322665537,-2.9921803286062683,-2.801407536629076,-0.00788672473103924,4.244281876675616,-0.7708985384287805,-2.6962771546662996,-1.898149127275532,3.2580717564659225,3.703725118651123,2.0114231853171787,0.17122215070648572,-1.6017942415291797,-2.2460587940118963,-0.3959813406536212,2.949753902505379,3.2393761225381206,-1.795882942373197,-1.0383041405509623,-0.33437790504739445,-0.25623890062584337,0.5035171469752504,-2.679239464857673,0.056701963122751664,-1.9256508787375672,34,0.14736842105263157,0.15384615384615385
0f13c295-7991-43dc-a79f-d8f3d3fc0d57,frontierscience,deepseek/deepseek-v3.2_reasoning-auto_s3,chemistry,,deepseek/deepseek-v3.2,0,is_correct,False,,0.2,False,,,,19,0.07415190316258534,-2.8264786957092323,-2.9006305988718175,3.173612095102582,12.200931972068119,-6.624129287368087,5.576802684700032,-0.8141809780680127,1.033521619395446,-0.2558974148820036,0.558283563186009,64.85673026890231,0.04472366378701981,9.0,9.0,0.5789473684210527,0.15789473684210525,3.7976505916588543,8.403281380409265,10.678935863555127,7.362185579371252,0.16666666666666666,0.2777777777777778,4.939085594233048,1.3100524165843648,1.3100524165843646,0.5,0.5,0,,,,,,,,,,,,,,,,,,,,,,,,,,,,,0.07415190316258534,2.194068024552794,-3.7796906938657635,-6.624129287368087,4.05480657618704,2.871856105113296,-4.490329474257956,-1.2759799996785581,0.5627123261818898,-0.29211143661116107,2.561624473644558,5.576802684700032,2.74291491329263,-2.6413116257612668,-2.671913496989721,-1.513957276582075,0.9767828935233215,4.585328431329153,-0.08514634486346785,-2.8264786957092323,,,,,,,,,,,,,,,,,,,,,,,,,19,0.2222222222222222,
4525a8e7-9e13-47c9-8b87-c0a97ebd355e,frontierscience,deepseek/deepseek-v3.2_reasoning-auto_s3,biology,,deepseek/deepseek-v3.2,0,is_correct,False,,0.38,True,,,,93,2.515873099892928,-1.88086291523986,-4.396736015132788,1.9831879000751547,6.3412666323697895,-2.0262153120845987,4.315051320285191,1.2066951150221477,-0.07919903902581679,0.22985820758186618,-0.9768369074402815,51.04197115506426,0.0861396203092473,10.0,11.0,0.3157894736842105,0.6842105263157895,0.14535239684473877,6.19591423552505,5.545750471447752,5.604493776807346,0.9444444444444444,1.0,4.253230197071697,1.0967606474605598,0.6331795585872841,0.5,0.5,13,5.049044711003274,-2.64290071127193,-7.691945422275204,2.5089594890329883,9.399476138228856,-4.3504314272255815,5.049044711003274,-0.3961562617018405,0.5543638249396032,-0.3737112027685283,0.022445058933312168,40.35133924821571,0.1906242906823801,6.0,7.0,0.0,0.15789473684210525,1.7075307159536517,7.691945422275204,3.886320268624693,4.4902354451240525,0.8333333333333334,0.7222222222222222,2.131270002260047,1.0501679680698612,1.1069086817672027,0.55,0.45,2.515873099892928,-1.5771049739025078,2.428511879372297,1.2218519272599118,-0.9625791134557238,0.5052616657029368,4.315051320285191,-0.5033533164019803,-0.6756599437648796,-1.651461970737469,1.2471104290169446,3.601010566837665,-0.5458237260463996,-2.0262153120845987,-1.0184102902319982,1.1619792374333044,1.2149319618425307,-1.8221196098802661,3.7236308615674862,-1.88086291523986,5.049044711003274,1.882928865717787,-1.2541071567360522,-4.3504314272255815,-3.717016219734594,-1.8522480291024706,1.4687354241647532,2.628187203034464,2.559321118704087,0.8673827483590748,-0.7652713069929981,-2.3386410473521333,0.23104679133790063,0.6985212674868271,-3.791714177637225,-1.4258435592910677,2.4604767093336255,2.52220179023402,0.6355127320214071,-2.64290071127193,0.001913552417258723,6.9318211786603925,-0.7601242436148112,-0.4382625759523435,106,0.025946704067321177,0.15384615384615385
824508b0-030f-4ed6-a642-c1dcf2ab15d7,frontierscience,deepseek/deepseek-v3.2_reasoning-auto_s3,biology,,deepseek/deepseek-v3.2,0,is_correct,False,,0.15,True,,,,27,2.602611518504788,2.5294410135129697,-0.07317050499181832,2.358997764372898,8.520943324441653,-4.220895984821269,4.3000473396203835,-0.09060117562254855,-0.2807328155650616,0.2504766321056063,0.3410778077281548,69.23421749071494,0.001056854654299101,17.0,14.0,0.42105263157894735,0.5789473684210527,6.750336998334238,1.7706063261074139,6.199590788272739,6.898167215391775,0.8888888888888888,0.4444444444444444,7.300363717775912,0.9973276053937464,1.052151512677728,0.4,0.6,33,-4.85370116398668,2.5314981413349757,7.385199305321656,2.714095544159455,9.297070349423226,-4.85370116398668,4.443369185436547,-0.2403335165169347,-0.9296791540232228,0.9195120011071176,1.1598455176240523,57.0211655989855,0.12951680709685548,8.0,9.0,0.15789473684210525,0.0,7.385199305321656,1.911871044101571,7.064433572344804,6.468691705500369,0.2777777777777778,0.6666666666666666,4.874937127385078,1.0779031241661838,1.2115539585231039,0.5,0.5,2.602611518504788,-1.1838413256290092,-0.48819921965048874,-1.9433852625686252,2.6449090575245857,-1.5870836632634502,-0.6792193342756402,-1.0077885933893895,4.3000473396203835,-2.5981198757713915,2.368094967276859,-4.220895984821269,0.6651426803402583,-1.471610242210882,-1.7743547317636748,2.584741538321944,-3.9480267954995956,2.2515639927731437,-0.14050522471114935,2.5294410135129697,-4.85370116398668,-0.10171307373576255,0.4285170883266438,4.443369185436547,-1.1328798806589295,-3.7651801716725823,3.299253400672221,2.7206914375845965,-0.4132633859569974,-3.4284709116437506,-3.289528566652578,-0.38296623067324465,2.377237642339892,-4.091454063160477,0.6410960495853741,0.6179926484965899,-2.771921722321074,1.9721721656812763,2.5262347238655636,2.5314981413349757,0.15137422498638403,-7.231767952513266,0.15343135280838993,0.0004501912549095266,60,0.08547008547008547,0.06439393939393939
44a8a9e1-5336-4f37-bfbf-c76fbc7ad1dc,frontierscience,deepseek/deepseek-v3.2_reasoning-auto_s3,biology,,deepseek/deepseek-v3.2,0,is_correct,False,,0.2,True,,,,31,-0.2240263861162773,-2.555575947772964,-2.3315495616566864,2.02617276871221,7.9731749277364266,-3.865928528305242,4.107246399431185,-0.4880198350104822,-0.20587701100486067,0.23293882280483622,0.7209586578153184,54.65447805505061,0.04265980839316109,13.0,12.0,0.631578947368421,0.2631578947368421,1.3103525805322782,6.662822347204148,6.358525003347658,6.756313450791802,0.2777777777777778,0.6666666666666666,5.299803574016695,0.6757080594344511,0.8486903086983704,0.35,0.65,13,-0.12243657734574717,-0.11654579225663972,0.005890785089107453,2.1095293140829576,8.223310104627625,-3.6641752504069363,4.559134854220689,-0.725626711101287,0.46761436563062564,0.6239576950486537,1.3495844061499407,46.52204291929703,0.00012662352552587485,9.0,8.0,0.5789473684210527,0.2631578947368421,3.5476294581502965,4.675680646477328,6.083072136024009,3.9866113689206193,0.1111111111111111,0.16666666666666666,3.670503431103422,0.8831172002462452,0.7862342126463805,0.4,0.6,-0.2240263861162773,0.30577984658089763,0.48133393674524233,-3.1662957105821854,0.5604015215617733,-3.865928528305242,2.4925964750424163,-0.10505614982671047,-0.7524963387826089,-0.20106349463288062,-0.3921601339364479,-1.448542307925945,4.107246399431185,-2.6490670513606167,-0.08705390794584539,3.3815738807953237,-1.0477900761488397,2.185229128532186,-0.47875014063084365,-2.555575947772964,-0.12243657734574717,-3.1522316304529494,-2.3849986880888125,3.6980734479351973,-0.28853792098542197,-3.6641752504069363,0.8349196416356621,1.231875704241615,-0.3921483797837929,-1.6851905148526327,-0.03476277018447549,4.559134854220689,0.7937735699755377,-1.1993819042025617,1.871739497871673,2.6143079731505607,2.058519315893969,-1.1081334593810768,-1.5761413649865639,-0.11654579225663972,-0.10630004339607155,2.326839327031145,2.3327301121202524,-0.3178350720682701,44,0.0967741935483871,0.15384615384615385
1ca773ca-3f07-4426-8086-d1f3591cdf5f,frontierscience,deepseek/deepseek-v3.2_reasoning-auto_s3,biology,,deepseek/deepseek-v3.2,0,is_correct,False,,0.4,True,,,,163,0.1714026348566424,-4.690383110531696,-4.861785745388339,2.117763938648106,8.406150258098481,-4.690383110531696,3.715767147566785,1.025414356248191,-0.22713193733431675,-1.35563174886326,-2.381046105111451,46.71509262653007,0.10407312652158311,14.0,11.0,0.21052631578947367,1.0,0.0,8.406150258098481,4.825926364016928,7.218154938132949,0.7222222222222222,0.7777777777777778,4.643837951529684,0.7302250775119334,0.8575157555510557,0.55,0.45,14,4.46763130228953,2.4633756700450795,-2.0042556322444507,2.473046657716493,9.429527171102347,-4.9618958688128165,4.46763130228953,0.3038707344401077,-0.28186458882747495,-0.11963634660190887,-0.42350708104201656,49.57632247225786,0.040427678623520355,7.0,8.0,0.0,0.6842105263157895,7.425271538857896,2.0042556322444507,6.544201753964135,4.786019166682195,0.5,0.16666666666666666,3.616138413522949,0.966583741525431,0.9947724945415823,0.35,0.65,0.1714026348566424,-0.28436529241016206,0.2834217648880867,0.7388916001910948,3.715767147566785,1.2533069510903223,1.299475687554567,-1.666883138310297,-1.074703995073504,2.9580199987533353,0.14003779002162983,-0.24399205196780713,0.48471045839974924,-2.1871126231633236,2.6388137408536037,-4.579341197279346,-0.6113542114728074,-1.8121794908121682,0.9206537760628537,-4.690383110531696,4.46763130228953,-0.27658721927410657,-0.020864160779309415,3.8030303063744855,-0.9829888603077093,-2.8176623761951873,-2.045463851026949,2.9192802253408936,-0.026054726300564823,-3.4857971144294053,3.0584046395347295,1.9710178604888058,-1.4480071376139667,-4.9618958688128165,-2.671201301722134,-0.5437815169851173,-0.3662074344254943,-0.24893832295888646,0.6489348264350998,2.4633756700450795,0.37365086823260585,9.531665281053833,7.527409648809382,-0.28070801170196447,177,0.013709005529046428,0.14285714285714285
431c9b49-2795-4750-ae7b-ae9f1450cb4e,frontierscience,deepseek/deepseek-v3.2_reasoning-auto_s3,chemistry,,deepseek/deepseek-v3.2,0,is_correct,False,,0.35,True,,,,6,1.8723128871859522,-0.6581444013622182,-2.5304572885481704,3.2479777683899496,11.660220688093919,-5.444041770457643,6.216178917636276,-0.6827836338570078,-2.313751382554657,3.2190418995731065,3.9018255334301144,25.850898664736004,0.09788662751597274,2.0,3.0,0.7894736842105263,0.42105263157894735,4.785897369095425,6.874323318998494,1.9580574911746726,1.9120881097982734,0.7222222222222222,1.0,0.42748762895760467,1.2980871010899262,1.381161786962077,0.5,0.5,33,-2.4014962850908157,0.16583962891838336,2.567335914009199,2.3224653406373195,8.755995899053865,-5.099972991304435,3.65602290774943,-1.3269392122648358,1.1476448822705216,0.2306154289767762,1.557554641241612,57.85997432428422,0.04437153565987102,13.0,11.0,0.42105263157894735,0.15789473684210525,5.265812620222818,3.4901832788310467,7.6663408886499465,6.8291480137901885,0.3333333333333333,0.1111111111111111,5.574241605348746,0.9209195952553664,0.9144879820603433,0.65,0.35,1.8723128871859522,1.1157586145328249,0.3592043418796975,-0.3973499307734296,-1.2649061990701704,-2.5764704499413664,-3.888034700812563,-5.199598951683759,-5.444041770457643,-4.087802441085554,-2.7315631117134638,-1.3753237823413729,0.3420064441122621,2.3000639352869303,4.258121426461603,6.216178917636276,5.0781199280325975,3.166031818234328,1.2539437084360552,-0.6581444013622182,-2.4014962850908157,0.2065447296341,1.7291750224857538,-5.099972991304435,2.380103553767981,-1.354466283070169,-4.748462232276266,2.9178786563736807,3.65602290774943,0.2958406530178855,2.2386683095872737,-2.425675738245041,1.4574643273731644,-0.10668493996273964,1.3584588080148776,0.9055276895963379,-2.1530011712574018,0.754309485049411,0.35255813353904913,0.16583962891838336,-1.066658550170014,-2.8100104338986114,-0.24267451988941247,-2.631620536192859,39,0.3333333333333333,0.08901515151515152
70c1246f-0a17-4f59-84a2-3699aa395d4d,frontierscience,deepseek/deepseek-v3.2_reasoning-auto_s3,physics,,deepseek/deepseek-v3.2,0,is_correct,False,,0.1,True,,,,107,-2.7884087429080373,2.086404576238492,4.874813319146529,1.7050183252779336,6.306081224967556,-3.8833265161728336,2.4227547087947228,-0.3276094284104928,0.47766931366605464,-0.743827232167896,-0.41621780375740325,35.6668993832593,0.13667611716858638,12.0,9.0,0.10526315789473684,0.7368421052631579,5.969731092411326,0.3363501325562308,4.77114545902244,4.009558335660509,0.7777777777777778,0.7222222222222222,2.872881563011997,0.6292346583217827,0.7998618681327047,0.5,0.5,46,-4.699372970440922,2.7685458267211245,7.467918797162046,2.4950998233465422,9.25291692176552,-4.699372970440922,4.553543951324598,-1.095642678792887,0.8142153020064681,0.9012279896805593,1.9968706684734463,47.13175911455515,0.15844769933180397,12.0,7.0,0.5789473684210527,0.0,7.467918797162046,1.7849981246034736,4.996971498104392,5.348949644219082,0.2777777777777778,0.3888888888888889,4.098391289263144,1.1993050742983442,1.027436259269423,0.55,0.45,-2.7884087429080373,-0.6281888577928623,2.4227547087947228,1.3578329916723306,-0.9086417674753107,-0.6386396755141979,-1.109974655650095,0.22089603720698245,1.7170002028453129,1.884376363917825,0.8267385915833136,1.0546389318393923,-2.4861967512181185,0.12623181948767526,-3.8833265161728336,0.8878189428496062,-1.0049145542042757,-2.09746084174832,-0.4514849999700452,2.086404576238492,-4.699372970440922,-2.220903360134907,-2.2334178297499996,-0.16437478947080475,1.2066406162022787,-2.277520958030123,2.719450540074268,2.8978348046257967,-2.451114839593285,-2.500643797917958,0.7698686041825487,4.553543951324598,0.8219824787946001,1.6080359126289767,3.3099059653441785,1.0401385718901448,2.290154214178373,-2.645282432142896,-1.356094207907569,2.7685458267211245,-0.002776783226003064,-6.788554329905416,0.6793644672566295,-0.3637400047385846,153,0.019044260271557045,0.05410628019323672
9c098058-e720-4a0b-8fc5-62fb27aade25,frontierscience,deepseek/deepseek-v3.2_reasoning-auto_s3,biology,,deepseek/deepseek-v3.2,0,is_correct,False,,0.0,True,,,,7,0.7789604904327281,-1.273191789749062,-2.05215228018179,2.137246440173154,7.649994336248579,-4.026957756186766,3.6230365800618127,-2.148482528096329,0.8238124237697511,1.6321557005417684,3.7806382286380975,18.99943434335423,0.10801123039221469,4.0,3.0,0.8421052631578947,0.15789473684210525,2.7537659664377037,4.896228369810875,1.1976900093029657,1.632076123270293,0.3888888888888889,0.9444444444444444,0.47087311222380573,0.9304677979296967,0.9044556242814682,0.6,0.4,35,5.640947116007407,3.085776384379816,-2.555170731627591,2.415664809640459,8.540170415793535,-2.8992232997861276,5.640947116007407,1.0818702973411134,-0.34529738444971986,1.1263479259912828,0.044477628650169354,50.59490099504947,0.0505025344723494,9.0,10.0,0.0,0.631578947368421,5.984999684165944,2.555170731627591,4.416348994775057,7.14715580170592,0.5,0.0,3.7169650986133718,1.3188713614505279,0.7231664641411554,0.6,0.4,0.7789604904327281,-0.8230122584404365,-2.424985007313601,-4.026957756186766,-3.636608293448861,-2.8477943883887424,-2.058980483328624,-0.9975825087732735,0.20010750052969217,1.3977975098326578,1.790730840649731,1.3789074929809093,0.9670841453120889,1.0296419858564514,2.0409622028271857,3.05228241979792,3.6230365800618127,1.9909604567915233,0.3588843335212304,-1.273191789749062,5.640947116007407,-1.5062086856985129,-2.4487639509200374,1.1865900871562318,3.7170227362961614,2.500198681077549,-1.5166939025310036,0.5674903079123352,-1.2882448172686725,0.1543579628393176,4.570706957614375,-2.047664061995044,-2.8992232997861276,-1.4745047404642229,0.17877788252137805,2.0186600076562176,2.643916950842925,-1.2820258241594864,0.11298215470684625,3.085776384379816,-2.3081196775772015,4.606019228179267,2.0508484965516764,2.9347586167046806,42,0.3333333333333333,0.058823529411764705
cfcfcb2d-4ec8-42df-9b19-b6c840d5dea4,frontierscience,deepseek/deepseek-v3.2_reasoning-auto_s3,biology,,deepseek/deepseek-v3.2,0,is_correct,False,,0.15,True,,,,18,2.9566259032560422,-1.9738549139902846,-4.930480817246327,2.6686132776512275,9.255552832764625,-4.902863489572522,4.352689343192102,0.048759269295440485,0.9218413550135452,-1.1396068012656992,-1.1883660705611396,61.24170759333252,0.08050854574445465,8.0,9.0,0.9473684210526315,0.8421052631578947,2.9290085755822375,6.326544257182387,5.711673985868019,7.6579955725768984,0.5555555555555556,0.5,4.151626394939909,1.1314037176049105,1.133575539476475,0.5,0.5,21,3.981441100644279,-0.008987958997852985,-3.990429059642132,2.702082043209612,9.336191190067186,-5.354750089422907,3.981441100644279,-0.14249868646028224,0.7956267771153335,-0.7271366922410137,-0.5846380057807314,74.18611586225379,0.053789432338679416,14.0,15.0,0.0,0.8947368421052632,5.345762130425054,3.990429059642132,7.934667218453172,8.357841271464855,0.05555555555555555,0.0,7.373640569776125,1.0924539629324785,1.0820001388755147,0.55,0.45,2.9566259032560422,0.47937214139404816,-1.8515116465523747,-0.5958166118883967,2.8107326730703983,0.30524024533094174,-3.7633278195425754,-1.0288806188740984,2.970428954275391,3.4163516306911372,-4.241643941885761,1.4700300439822582,2.8164928435362286,1.0501105733696614,-0.42131024123407573,-2.981885726090789,-4.902863489572522,-0.9104157798986268,4.352689343192102,-1.9738549139902846,3.981441100644279,-4.376400170820576,3.5582670476325964,-3.345213900213665,2.498859012441045,-3.850056315745891,0.5356124208402361,0.6497711056600206,0.6115587139972747,0.12403772235534394,-0.6726399265181984,2.8170606328524816,-0.5219018851677482,2.5615010766281605,-0.38045181260440497,2.961181066580167,-3.1296007180190477,-5.354750089422907,1.5497893590179634,-0.008987958997852985,0.29686623390489253,6.252162248539456,2.261733188897324,-0.8345085007839828,39,0.1437908496732026,0.10476190476190476
790baca4-d2d8-4acb-8494-91adf77e026b,frontierscience,deepseek/deepseek-v3.2_reasoning-auto_s3,physics,,deepseek/deepseek-v3.2,0,is_correct,False,,0.0,False,,,,39,-0.04882123019449954,0.20108694257312246,0.249908172767622,3.6970809579133754,13.682987940652808,-6.152966332169968,7.53002160848284,3.424964582756757,-1.1314248275393044,-2.4682823774380798,-5.893246960194837,67.53807509054444,0.0037002560767772016,14.0,9.0,0.21052631578947367,0.7894736842105263,6.354053274743091,7.328934665909717,8.381907658162572,6.305417005842468,0.8333333333333334,0.8888888888888888,6.282005098932925,1.4704934242915753,1.4082392231968908,0.45,0.55,0,,,,,,,,,,,,,,,,,,,,,,,,,,,,,-0.04882123019449954,7.179992305070015,2.6771551760813765,4.05151221523496,7.53002160848284,2.6918009224534907,-0.10690891783088692,0.09951447352386704,-4.958884075726574,-0.10899322944790531,-0.1954341989420326,2.749843516419228,-2.6932172252678135,-2.812803053333903,-2.2976792321243003,-6.152966332169968,2.228941325992603,-4.076475679849865,-4.712601289050071,0.20108694257312246,,,,,,,,,,,,,,,,,,,,,,,,,39,0.07827260458839407,
b818c26a-1311-482d-8c4e-bde09ef34a05,frontierscience,deepseek/deepseek-v3.2_reasoning-auto_s3,chemistry,,deepseek/deepseek-v3.2,0,is_correct,False,,0.0,True,,,,33,0.08568175287216595,0.8180060963834389,0.732324343511273,2.147194545460582,9.61934291113192,-4.931014448901946,4.688328462229973,0.6250878339552771,-0.36740797785522306,0.4008207874733894,-0.22426704648188772,46.78184902485637,0.015654027337016343,11.0,10.0,0.15789473684210525,0.5789473684210527,5.749020545285385,3.8703223658465338,5.228851776063778,5.337877730109074,0.6111111111111112,0.16666666666666666,3.720987208211083,0.8683219006768448,0.6578877147998091,0.5,0.5,10,6.115090441366474,-3.2354054138704407,-9.350495855236915,3.1639062356643946,11.412337501170665,-5.2972470598041905,6.115090441366474,-0.6858229192122566,1.58623065913842,-1.3030796463608738,-0.6172567271486172,44.36301419019956,0.21077232974180046,4.0,5.0,0.0,0.21052631578947367,2.06184164593375,9.350495855236915,4.5875353183688965,3.454189368951318,0.8333333333333334,0.9444444444444444,1.4120939104905053,1.27930668264028,1.3550878675743847,0.5,0.5,0.08568175287216595,-0.49979850091950495,1.6321643185965162,4.688328462229973,-0.649549267879101,-0.552534190071623,-0.3286777371414865,-0.8644440429144424,0.623429523056342,4.4426571787175035,0.04902249328305075,-4.931014448901946,0.2978373271618321,-2.1893438753889014,-1.284931056774838,1.531572848626117,3.197738012609957,-0.35041396778563083,-1.5070472082187076,0.8180060963834389,6.115090441366474,2.9226278745956202,-0.2698346921752339,-2.82346772204597,-5.2972470598041905,-3.9460124847265927,-1.501916791695904,0.983319762690919,3.4891267477558094,3.927466436197128,2.711832287339588,1.4416453609856776,0.10326746276130949,-1.5530434437614908,-3.845220366881163,-4.608572347447804,-0.02103702907890792,3.672973324032195,0.21878395508087722,-3.2354054138704407,0.9386304817545568,6.235714826737592,-3.1147810284993227,1.827550116205991,43,0.0928030303030303,0.2
8fac71ae-1f4a-4edd-9f0d-88a443912a04,frontierscience,deepseek/deepseek-v3.2_reasoning-auto_s3,physics,,deepseek/deepseek-v3.2,0,is_correct,False,,0.2,True,,,,18,0.4227611713301618,-2.0233809213149136,-2.4461420926450756,2.8253479154981544,14.094195777263778,-5.910525223961778,8.183670553301999,1.8659724964143003,-0.287611862361446,-1.8747066309913254,-3.7406791274056257,50.92886718737785,0.04803056159967612,10.0,5.0,0.10526315789473684,0.47368421052631576,3.887144302646864,10.207051474616913,8.026458843942098,8.556982427179543,0.5,0.4444444444444444,5.151235975396561,1.0386745230988619,1.0486602904777604,0.55,0.45,17,4.599842205169704,-3.0887763010514604,-7.6886185062211645,2.5701049395816598,9.302564249098774,-4.399132695851458,4.903431553247316,0.9133470121957685,-0.9423915405855288,0.007912783561195477,-0.905434228634573,47.1228404431325,0.16316118540221983,8.0,7.0,0.631578947368421,0.6842105263157895,1.3103563947999977,7.992207854298776,5.451752765926076,9.302564249098774,0.2777777777777778,0.6666666666666666,3.994217359814762,1.078010126940707,1.0858018768087645,0.45,0.55,0.4227611713301618,0.7991211166924301,8.183670553301999,2.4488806097649114,1.1654853505668579,1.5938253476659274,-1.5519366744221859,-2.262504125223294,2.646457203217765,-5.910525223961778,2.1159336199803196,0.8222108881586823,0.3893273834513802,0.1858172178468024,-2.5331312341154684,-3.2860645986423282,-0.711202248008403,-0.42022573264096663,-2.2742350512258724,-2.0233809213149136,4.599842205169704,2.8250608804772948,2.4430210870023488,0.9305012291478645,-2.2249972007303986,-3.8158759408112557,1.6358768251148204,-2.3377847616363807,-2.107599845047387,-1.0486927995813184,-1.337045812849056,-0.2699164223804167,4.903431553247316,-4.399132695851458,0.685694906505403,2.3366561785267,1.2001176736226868,-0.2395744317984851,-0.8466413244376715,-3.0887763010514604,0.6544233593766398,7.277646485861258,-0.41097202035990676,-5.121589771514994,35,0.1437908496732026,0.15441176470588236
3f380f88-7221-4320-a168-348d9a77db2e,frontierscience,deepseek/deepseek-v3.2_reasoning-auto_s3,physics,,deepseek/deepseek-v3.2,0,is_correct,False,,0.025,True,,,,333,-2.5330235665138017,2.565720692244518,5.09874425875832,1.59443855096232,6.469884175450858,-3.1903203548950767,3.2795638205557816,-0.19314096948419948,0.7359377284594244,1.0297328659611578,1.2228738354453572,31.508795430385643,0.1618197138009701,12.0,7.0,0.42105263157894735,0.6842105263157895,5.756041047139595,0.7138431283112636,5.30048931291253,3.1305699869773003,0.7222222222222222,0.6666666666666666,2.822757746631064,0.8889145889525286,0.3900158635228526,0.65,0.35,46,0.14405489311089942,2.523989353438166,2.3799344603272665,2.24596335534987,8.588521494212936,-3.6941924478335735,4.8943290463793625,-1.3165790767126595,0.30252310054098314,0.564353400134555,1.8809324768472147,50.44816195506066,0.047175840865070914,12.0,8.0,0.42105263157894735,0.10526315789473684,6.21818180127174,2.3703396929411964,7.106003083119758,7.644147612807092,0.3888888888888889,0.4444444444444444,4.864057900915493,0.8623249266198144,1.0479384982395346,0.55,0.45,-2.5330235665138017,-1.2242604572966862,-0.2595291139764635,0.0691057099705678,-0.361584953404102,1.8690282516068244,1.0882773432242647,0.11569788920520435,3.2795638205557816,1.1103955528812586,1.9617474721540646,1.9342300872325167,-0.05975036791777659,-3.1903203548950767,2.110168958017453,-0.17184845645314498,1.470747067089228,0.15061291862277346,0.052996016246118494,2.565720692244518,0.14405489311089942,1.6730064537676248,-3.6941924478335735,-1.7225603891593007,-1.1676835412106383,-1.6221479213208823,-2.8265305843427453,-2.2116740367403946,4.8943290463793625,-2.7498185664277304,2.6688731126830696,1.8387894001435878,0.3397956500589099,-2.6626329023099222,0.14875213707329252,0.10568994439683,1.6878224067113416,-2.3015295754455014,1.2213961346332018,2.523989353438166,0.0018808866623255631,-2.419784912471293,-0.039850452144026605,-0.1476988912457351,379,0.00636781359672926,0.043478260869565216
bc82c611-4407-4da9-8444-48dbf08d0bbf,frontierscience,deepseek/deepseek-v3.2_reasoning-auto_s3,physics,,deepseek/deepseek-v3.2,0,is_correct,False,,0.29500000000000004,True,,,,52,-2.736118687025836,-4.57021479322308,-1.834096106197244,1.8267726763832257,7.31876247433996,-4.57021479322308,2.7485476811168796,-1.0637587534710533,-0.2001729535303851,-0.9238807114052934,0.13987804206575993,32.76288552838999,0.0559809087819187,7.0,8.0,0.3684210526315789,1.0,0.0,7.31876247433996,4.843914574516397,3.2027561553840753,0.3333333333333333,1.0,2.291233602757355,0.3597570916436979,1.0792974025157895,0.3,0.7,11,5.096831353765685,2.807182343840024,-2.289649009925661,2.5161123394286395,9.008359748549028,-3.9115283947833426,5.096831353765685,0.6833472413141434,-1.1949006028591687,0.04214462723370915,-0.6412026140804342,41.42660501315292,0.05527001329697905,5.0,6.0,0.0,0.42105263157894735,6.718710738623367,2.289649009925661,5.0287088207719925,5.0356491970728126,0.2222222222222222,0.3333333333333333,2.3284354619958183,0.9389175852587608,1.105317873629407,0.5,0.5,-2.736118687025836,0.1597762161444544,0.3058231396736236,-0.29770500344593287,-0.41939348076838456,-2.363326565475781,-2.095366893399517,2.7485476811168796,-0.08854478087912376,-2.6109076246934966,-3.69660521921,-0.7870417926079156,2.5675928930197705,0.46574816854118994,-0.09872679119644379,0.94765373437804,-0.15634040633819812,-0.2981973742130739,-1.3674586378390048,-4.57021479322308,5.096831353765685,2.4185666535996124,-0.25066366038815313,-2.8385844987711626,-3.9031794053231748,1.1255294154488178,3.13493083086738,-1.9007183662054326,-3.9115283947833426,-1.3850796706188842,0.5744753445671247,1.967136650774685,0.13593059227669002,-3.844520376025021,-3.265612508961563,-0.7326937124558617,-0.07377687905554095,0.11663946356843363,1.4011290564667633,2.807182343840024,0.06351638536837907,9.730562532357144,7.440913522431483,-2.6479580272201844,63,0.05203619909502263,0.18181818181818182
2f43ac4a-f7e3-46c9-aaee-2f112ff662cb,frontierscience,deepseek/deepseek-v3.2_reasoning-auto_s3,biology,,deepseek/deepseek-v3.2,0,is_correct,False,,0.35,True,,,,122,-2.5370589356244224,2.571840793901952,5.1088997295263745,1.5133631124036613,5.226221667500623,-2.5370589356244224,2.6891627318762006,0.14229925475473978,-0.05260108558965958,0.5751176784765923,0.43281842372185253,32.22385763938243,0.15854401377700122,10.0,9.0,0.21052631578947367,0.0,5.1088997295263745,0.1173219379742485,3.8816176369961592,3.137244420346782,0.3888888888888889,0.2222222222222222,2.5948243215805387,0.7335430243269336,0.5296133615761777,0.5,0.5,19,-2.3196424086534924,2.6638586949673035,4.983501103620796,1.9052061412820889,7.202123617756396,-3.063717352030462,4.1384062657259335,-0.5449330321815282,0.5388288594670615,0.007121534833546939,0.5520545670150752,50.74748892641402,0.09820192504198741,12.0,13.0,0.8947368421052632,0.2631578947368421,5.727576046997766,1.47454757075863,5.457424947249978,6.089182709720541,0.8888888888888888,0.9444444444444444,4.483804277160276,0.7943308756693062,0.7943308756693055,0.55,0.45,-2.5370589356244224,0.5362165382162416,0.9255398345229144,0.4202047258823433,2.6891627318762006,-0.4480816884705816,-0.5898884231195175,-1.456310859834898,2.425306777161261,1.6108025066481702,-1.004641049534754,-2.5282038708558363,-0.45279155107502755,1.0376304483634677,1.7761348922025157,-0.07628737641537642,-0.269471897377636,0.6780212377636031,-1.2295315792155046,2.571840793901952,-2.3196424086534924,2.1953850144829934,0.24546724204932824,-2.0923746014859983,1.2015567057659,-3.063717352030462,0.01879417460103383,0.8419457479066177,-1.3550877826688663,1.4804552775408029,1.5006031060846223,-0.29625961685533464,1.5796698883111895,0.02047539595039939,-0.8235292400892134,-2.66621138608409,-1.319018681524044,4.1384062657259335,-1.9507764439946078,2.6638586949673035,-0.0077379293385935475,-4.899221131894038,0.08427997172675816,-2.48516797594689,141,0.01883213656686086,0.10526315789473684
1a5d24e0-9af4-4b36-98d1-2845df696d90,frontierscience,deepseek/deepseek-v3.2_reasoning-auto_s3,physics,,deepseek/deepseek-v3.2,0,is_correct,False,,0.075,True,,,,63,-2.6004990297264614,2.371941653548819,4.9724406832752805,2.149370994060179,6.605315380457766,-2.9595911770081536,3.6457242034496122,-0.9546067949010835,0.8787886862865139,0.49353914331447224,1.4481459382155557,54.45464552125944,0.09131343406383957,13.0,11.0,0.631578947368421,0.05263157894736842,5.331532830556973,1.273782549900793,5.833852379085544,4.995084641916262,0.6111111111111112,0.9444444444444444,4.840912301554493,1.041582974531798,0.9200575695525552,0.55,0.45,61,-2.106804936394679,-0.05106947459196698,2.055735461802712,1.7289933061022775,6.752994297228974,-2.7730343424306425,3.9799599547983315,-0.03163602511520296,0.27068659259217837,-0.0961352293833785,-0.06449920426817554,47.62636184345564,0.043163814791475436,13.0,12.0,0.3684210526315789,0.10526315789473684,2.7219648678386754,4.031029429390299,5.4301500021637885,5.228499460145322,0.1111111111111111,0.05555555555555555,4.618066289767468,0.713063066450316,0.6582359366483881,0.4,0.6,-2.6004990297264614,-2.9595911770081536,0.10528527091372286,2.7270398125648807,-0.0843483759976469,-2.333251346451222,-1.5368827186027032,2.492898117617369,1.734077402197801,-2.372992958780577,1.4589472145250655,-2.188128175635931,3.6457242034496122,1.3809950006322573,1.6311384119902859,-1.9178003894114335,0.6961849807168569,2.5874274224792835,-2.4076572194369783,2.371941653548819,-2.106804936394679,2.455465117714679,-2.7730343424306425,2.6571156597331465,0.42822825995507907,-0.6828230200472456,-0.19959891433675825,3.9799599547983315,-0.4391402382019778,-0.9373041806131432,-0.7827428214257912,1.7967139218535828,-1.9242842323779876,0.20160374411223408,0.6812223851580796,-1.29820040959296,-0.24127397836054687,-1.728442184594062,2.0609522856811853,-0.05106947459196698,0.09835552145905223,-4.380391068484446,-2.324655606681734,0.03000084622346577,124,0.03942652329749104,0.03278688524590164
d9a6df63-9cdc-41c0-980b-ddc78275bf91,frontierscience,deepseek/deepseek-v3.2_reasoning-auto_s3,biology,,deepseek/deepseek-v3.2,0,is_correct,False,,0.0,True,,,,35,0.4970906811045229,-2.1971152231870557,-2.6942059042915787,1.631521439643405,5.131882120039567,-2.5667241984865976,2.565157921552969,0.3318357872482297,-0.1339041093323934,0.33136757138580064,-0.00046821586242906665,42.69736089193222,0.06310005695927347,11.0,11.0,0.7894736842105263,0.10526315789473684,0.36960897529954195,4.762273144740025,3.5670515530222877,5.1018248069367225,0.3888888888888889,0.05555555555555555,4.013508506408396,0.7893811836076521,0.6206948249213692,0.65,0.35,20,-0.5541288649851364,1.9948919026689982,2.5490207676541345,3.279964790855641,10.88260058324525,-4.44515392819847,6.437446655046779,0.7753955364982337,-0.1854739718133234,-0.6882418254657287,-1.4636373619639622,78.32392401840428,0.03254459987289675,14.0,9.0,0.5789473684210527,0.42105263157894735,6.440045830867469,4.442554752377781,9.34137904662667,10.669772939828,0.5555555555555556,0.3888888888888889,8.043699689184024,1.414349605906254,1.4143496059062541,0.35,0.65,0.4970906811045229,2.5351006084501244,-2.5667241984865976,-1.4304159658019873,0.2679133028378504,0.48971507826693855,2.5301710043667565,-2.2316177401704027,1.3354338128518852,-1.5485801504334278,0.7711997075553301,-0.3332075778930197,0.3549054145719044,0.7145377681909766,0.9120173346135347,2.565157921552969,-2.1062356424548927,0.8391412270808103,1.9752398107094384,-2.1971152231870557,-0.5541288649851364,4.461505959291495,-2.9839721685870355,-0.8055905052694126,-2.182069145369381,3.6012453179460824,3.8907781624610234,6.22461901162953,-4.44515392819847,-0.9981064854501849,-2.9039323915798914,6.437446655046779,-2.9543052210854146,-2.6588854430556115,1.6765051090811713,-3.115750407479661,-0.7941887283379199,-0.7925101049905603,-3.0983987237364,1.9948919026689982,1.1398218764649473,2.7828082346668666,5.331829002321001,2.944725726988338,55,0.05714285714285714,0.15263157894736842
fec1882e-053d-458a-a628-106fbb843235,frontierscience,deepseek/deepseek-v3.2_reasoning-auto_s3,chemistry,,deepseek/deepseek-v3.2,0,is_correct,False,,0.2,True,,,,0,,,,,,,,,,,,,,,,,,,,,,,,,,,,,80,2.611711766705407,-0.03992874377194631,-2.6516405104773533,1.88418533617347,6.548380342451785,-3.6408215761042046,2.9075587663475804,1.0663668478635848,1.641862838573811,-0.6148589456637569,-1.6812257935273416,34.9120746458745,0.07595196038545057,11.0,5.0,0.5789473684210527,0.2631578947368421,3.600892832332258,2.947487510119527,6.08123356285914,6.317113197532997,0.2777777777777778,0.2222222222222222,3.3838798344888827,1.250732455628792,0.4873097490748305,0.7,0.3,,,,,,,,,,,,,,,,,,,,,2.611711766705407,2.5691075349949597,0.6761066022454868,0.13175999901971736,2.676291621428792,-3.6408215761042046,2.4404119867549356,1.6294480742749564,1.9077865541482415,1.746040497835505,1.8237966881056162,2.9075587663475804,1.4204847197061135,0.05792456959866328,-2.124280640871008,-2.8509106392134687,2.4162197314098632,-0.8373935071936092,-0.25285987434237134,-0.03992874377194631,,,,,80,,0.03132911392405063
a6176b58-f026-4fbc-9301-28190a36879c,frontierscience,deepseek/deepseek-v3.2_reasoning-auto_s3,chemistry,,deepseek/deepseek-v3.2,0,is_correct,False,,0.2,True,,,,85,0.093419948761161,-2.3627493986294272,-2.4561693473905883,2.515488885030483,9.644632241020254,-4.20692769292479,5.437704548095465,1.4530321108009956,-1.200506408795104,0.7850628491110507,-0.6679692616899449,64.41879768883148,0.038128146372039845,15.0,9.0,0.2631578947368421,0.3684210526315789,1.8441782942953626,7.800453946724892,5.294041056853054,5.8125247075362605,0.6666666666666666,0.7777777777777778,6.030361478457168,1.1870966731903279,0.8631938227549508,0.6,0.4,16,-3.0253818381491913,-0.4684972752201062,2.556884562929085,1.9852944384705926,7.579514159711543,-3.0253818381491913,4.554132321562352,0.023535080242496446,0.01083267404447365,-0.08645178669995542,-0.10998686694245186,48.83380153629547,0.052358908839581,11.0,10.0,0.7894736842105263,0.0,2.556884562929085,5.022629596782458,6.973486769720738,5.702282431734531,0.7777777777777778,0.8333333333333334,4.149131574067209,0.8397301443010841,0.853636966310631,0.5,0.5,0.093419948761161,1.9213486949597423,0.31679687562809855,0.6148998398554584,0.2270040944019076,5.437704548095465,1.5600507739051355,-4.20692769292479,-1.096093563325193,-3.5209404468177983,-0.13770684836469343,0.8574452206134942,-2.796681293799901,2.4973597630531525,4.216044312591643,-1.5964803949446176,3.082429556749383,-1.5462968162925934,2.9174298351919172,-2.3627493986294272,-3.0253818381491913,2.8460095406888835,1.5807754052757264,0.4163909848218579,1.4984503638361364,-0.7582237020020435,-2.3932751927738947,0.8883030634375335,2.0742331668365157,-2.2970113180431277,1.3947910187706007,0.2553902120902567,-0.7389064482354453,-1.500970976545018,-2.419354448158386,4.554132321562352,-1.1481501101721792,-2.3229680169132303,1.2861268087018174,-0.4684972752201062,0.6732151326685264,0.0105826931487627,2.5674672560778475,-1.3145378487974106,101,0.028011204481792718,0.125
d3acd2cb-8477-4630-b8bb-b4bc22670dc8,frontierscience,deepseek/deepseek-v3.2_reasoning-auto_s3,physics,,deepseek/deepseek-v3.2,0,is_correct,False,,0.05,True,,,,307,2.6490310489178195,0.12239167593282427,-2.526639372984995,2.4174953066291174,8.691914265408583,-4.396690290560233,4.29522397484835,1.7894419035482676,-0.8117245609207624,0.058176739111085306,-1.7312651644371824,36.745804954313655,0.06875994079123822,11.0,6.0,0.9473684210526315,0.47368421052631576,4.519081966493057,4.172832298915526,5.616228112010717,7.72056766237267,0.9444444444444444,0.4444444444444444,3.2595552846632905,1.1615712370501474,0.8019171453971949,0.6,0.4,58,4.909502576695415,2.648891444533229,-2.260611132162186,3.668605475073421,9.823016134697088,-4.913513558001673,4.909502576695415,1.0775249751455653,-1.0998388813356592,2.09646213951681,1.0189371643712446,69.64884362575403,0.03245726726360581,12.0,8.0,0.0,0.3684210526315789,7.562405002534902,2.260611132162186,9.694575678103014,7.354861072319842,0.3888888888888889,0.1111111111111111,6.546194749093803,1.9626533180906425,1.3415245434021323,0.55,0.45,2.6490310489178195,4.26044673079601,1.4004018666230773,1.7294962843336652,0.9846869363882575,-0.12120977640545005,1.6232402341844938,1.370139223907422,3.3238773718124364,-4.396690290560233,-4.170721530275795,-3.2811660945877605,0.34966595149854407,1.1228234417600491,-0.10709714589375707,-0.9843071076465746,-1.6561468254119633,-1.321004137162367,4.29522397484835,0.12239167593282427,4.909502576695415,4.897912261715531,4.907868656446292,-2.4469924158735505,-4.7660624124460735,0.1438469957302557,-0.10340083624891054,-4.913513558001673,4.781062120101341,-0.12946059894172438,-4.796775160738589,-2.4240113968549064,-4.901660304884258,4.685486729970195,2.451751975222164,-2.3486141840529573,2.478097056178717,2.5774967622249836,4.7711497829947245,2.648891444533229,0.0014530371307917092,4.788563937893382,2.5279528057311964,-3.348763781225678,365,0.006897873155776969,0.034482758620689655
1c77dfab-266d-40d4-b3a0-2c27f0b32139,frontierscience,deepseek/deepseek-v3.2_reasoning-auto_s3,physics,,deepseek/deepseek-v3.2,0,is_correct,False,,0.3,True,,,,72,-2.6164631848323956,-2.259494063286302,0.3569691215460935,1.9099188806265668,8.265553428534378,-4.839510647162998,3.4260427813713807,-0.22393525312295884,0.3746191728138561,-0.6434069670582102,-0.4194717139352514,49.93592955243366,0.007148542637446435,13.0,14.0,0.15789473684210525,0.7894736842105263,2.5800165838766955,5.685536844657683,6.1562498745363,5.66131161524063,0.8333333333333334,0.7777777777777778,4.500290640476207,0.683145222916392,0.823427941142041,0.5,0.5,51,0.12174957915331709,2.652056621198206,2.530307042044889,2.0393275625724683,8.710002620957729,-4.8631996316754655,3.846802989282264,0.2213556978682559,-1.2187073792265408,0.43271608980212806,0.21136039193387215,52.7861816201502,0.04793502701621798,14.0,10.0,0.7368421052631579,0.6842105263157895,7.515256252873671,1.1947463680840578,8.710002620957729,6.633947924942298,0.7222222222222222,0.7777777777777778,5.210814874697691,0.7052083588649063,0.9244666203996676,0.45,0.55,-2.6164631848323956,-1.2125301095883882,0.15760825438035964,3.4260427813713807,-0.3209214320479301,0.12859751604621614,-1.1298805971899544,0.3345084100390503,2.2726988934709627,-1.0216244492808573,-0.38773910685127744,2.2205918751044025,0.6331340000334054,-1.429235412818693,0.8218009680776328,-4.839510647162998,1.316739227373303,-1.2511598197820257,2.3511825324311286,-2.259494063286302,0.12174957915331709,1.6930006344128228,1.0066200966191101,-0.32359304483433293,-1.1570052850928938,2.304375953294214,-2.0956580484744456,-1.4168392539363592,-2.0338349208671613,1.6715454448114637,-1.681851505496919,-0.013340391974314691,-0.193431395447031,-4.8631996316754655,3.846802989282264,-2.787144935660034,0.5002635913612493,-1.9234339945343961,0.3077522671654789,2.652056621198206,0.049990400747505506,2.431234043187125,4.961541085232014,0.8147434312789628,123,0.030907668231611892,0.04156862745098039
4adee97f-5a2a-42f4-9152-ca7bbd9b4148,frontierscience,deepseek/deepseek-v3.2_reasoning-auto_s3,chemistry,,deepseek/deepseek-v3.2,0,is_correct,False,,0.325,True,,,,153,0.02695119849471086,-2.402500816203652,-2.429452014698363,2.4057934667729617,10.14638786314445,-4.97297115691191,5.1734167062325405,-0.5839830496911022,-1.9570678608468957,0.22710691397336782,0.81108996366447,53.987448196618516,0.04500031203272413,11.0,9.0,0.7894736842105263,0.631578947368421,2.5704703407082583,7.5759175224361925,7.277335101463617,7.473881516803431,0.2222222222222222,0.8333333333333334,5.225048591778813,0.5705466756298898,1.3917824201261788,0.5,0.5,22,2.447253552747469,2.6839600916756368,0.23670653892816773,1.9175888363987244,5.826978602008282,-2.8855932103076287,2.9413853917006527,0.12469203894735578,-0.16562261513227614,0.11087399338973387,-0.013818045557621908,47.07785601392021,0.0050279804343294045,9.0,10.0,0.631578947368421,0.10526315789473684,5.569553301983266,0.25742530002501596,5.25758329799735,5.60912480209741,0.1111111111111111,0.6666666666666666,4.400540177149345,0.8171060162485609,0.7981695198963629,0.45,0.55,0.02695119849471086,0.04219710553338277,0.017017120365611784,0.009291221673294128,-4.646718082003705,2.630617019459912,-2.1672369313609217,2.6192527364561364,-2.429467640985674,-1.6017426737207217,-2.348391336954837,-2.427027722470232,-4.97297115691191,-2.5391272313410305,0.27700821690743993,5.1734167062325405,-2.3004648105708903,0.42534977366043947,0.1898324138143295,-2.402500816203652,2.447253552747469,1.5847686766603193,-2.8855932103076287,2.3719900876897215,-2.5770544932575743,1.2360074108173746,-1.304527751718191,2.1770960067746854,-1.4544257730315246,-2.8119274220859647,-0.2236493348506887,0.8799022359636643,2.9413853917006527,-2.6677394103967575,-1.6133410653652434,-0.19144490074219334,-0.12532381192567388,-0.10836322424582041,0.019756870941697327,2.6839600916756368,0.16197988007209932,5.01173424902322,5.248440787951388,-4.789717151362801,175,0.01479188166494668,0.09090909090909091
bf7d23f3-0cf6-4d36-868f-1e3a89f688ea,frontierscience,deepseek/deepseek-v3.2_reasoning-auto_s3,physics,,deepseek/deepseek-v3.2,0,is_correct,False,,0.26,True,,,,8,0.7063561498925854,0.7508408631494352,0.04448471325684977,2.2396154781931217,9.847802093952646,-5.864293771144478,3.9835083228081682,1.7456575532142746,-1.121573607820155,-0.9495117821124511,-2.695169335326726,28.874305912799308,0.0015406331633111476,4.0,4.0,0.2631578947368421,0.42105263157894735,6.615134634293913,3.232667459658733,3.5022857053779126,4.062939100277576,0.5,0.3333333333333333,1.2399537180122306,0.8453987621539858,0.911822915899779,0.55,0.45,25,0.7281383623703919,3.452057537913327,2.7239191755429353,3.076744201329208,9.559197851056894,-4.663286215278034,4.895911635778859,-0.12271006277446703,0.03702756537516575,0.2472625720551489,0.36997263482961595,81.3594423929408,0.03348006199928526,12.0,10.0,0.42105263157894735,0.5789473684210527,8.115343753191361,1.4438540978655316,8.973314677619129,7.722496329101375,0.3888888888888889,0.16666666666666666,7.212611067990049,1.3632694421057716,1.3190795445789822,0.45,0.55,0.7063561498925854,0.7352608739975289,0.7641655981024723,1.184648891256274,2.584078607032221,3.9835083228081682,2.2615844294106733,-1.8013546708669024,-5.864293771144478,-3.442754466574494,0.059531238803418596,2.812048130279814,1.0659521383471238,-0.6801438535855664,-1.6915272360162221,-1.7232938057774956,-1.755060375538769,-1.1023003800442477,-0.17572975844740646,0.7508408631494352,0.7281383623703919,3.2008975116136598,-0.822682713847958,3.1765737576959543,-4.545922571405421,-1.871108740451838,-0.7248660453960587,-4.07740304184027,4.895911635778859,3.0061417137272453,-1.9144547929457651,-4.663286215278034,4.161847863747165,-1.1495642055630397,-3.2564064447277263,-0.04083039611058581,3.926630174147004,-3.3150657240129493,0.7171902851218235,3.452057537913327,-2.390849702928112,-2.4135522037071553,0.31036697183578,-0.736888123709349,33,0.25,0.12666666666666668
845a3693-c660-4446-bae5-6c38bc75e6fd,frontierscience,deepseek/deepseek-v3.2_reasoning-auto_s3,chemistry,,deepseek/deepseek-v3.2,0,is_correct,False,,0.11499999999999999,True,,,,33,2.7622795791042885,2.7588400305350733,-0.003439548569215134,2.0873437847293204,6.924311767127457,-3.8152796470987074,3.1090321200287496,-0.17482619178501624,1.102333845450739,-0.9566987386732649,-0.7818725468882487,48.45275512811546,7.09876777929452e-05,13.0,12.0,0.3684210526315789,0.7894736842105263,6.574119677633781,0.3501920894936763,5.396320486328154,4.273902314332186,0.3333333333333333,0.8888888888888888,4.466568829579388,0.8862208703099472,0.8486028131289238,0.55,0.45,25,-0.31786352599716594,2.419228836607039,2.737092362604205,1.5653439349826546,5.453331688455526,-3.034102851848487,2.419228836607039,0.3165020084041878,-0.23559940585442915,0.15078905879312776,-0.16571294961106003,31.74898921917331,0.08621037802838985,11.0,9.0,1.0,0.3684210526315789,5.453331688455526,0.0,4.043778739944594,4.340468634743772,1.0,0.8888888888888888,2.863110764284981,0.7112824372435705,0.6377298087132166,0.5,0.5,2.7622795791042885,0.340860116031223,0.23541136443476254,-1.568844627765376,1.4425533410561684,-2.148754749056775,-2.287288366299405,3.1090321200287496,1.8109302626164672,1.8681374896039236,-0.4193079401455888,0.2221076044663568,-1.5724285947363965,2.697865976321661,-1.3216076802755545,-3.8152796470987074,0.4763995220002688,-3.797502792331917,-0.04104186486875294,2.7588400305350733,-0.31786352599716594,-0.625281445362101,2.101359028391036,1.7959703717317277,1.410165228621233,-1.2567962652684215,-0.8920393332869936,-3.034102851848487,0.2504771793854631,0.9878273005318761,-0.6243679752972948,0.10556450522939609,1.3661141606506733,-0.7007081596326303,-1.0862446672277333,2.041115545985142,1.7478265877378232,-2.592642047005949,-1.6245499033375554,2.419228836607039,0.5342399376114759,-2.5424636189207632,0.19462874368344174,-2.8078782102739908,58,0.08143939393939394,0.08
a466aab3-82ae-4890-94dc-7fd11df89c0f,frontierscience,deepseek/deepseek-v3.2_reasoning-auto_s3,biology,,deepseek/deepseek-v3.2,0,is_correct,False,,0.6,True,,,,135,-2.551869571441556,0.10081251045516516,2.652682081896721,1.8162460181059898,6.76900242859382,-2.551869571441556,4.217132857152264,1.602334836243774,0.2997964507839515,1.0194260367342907,-0.5829087995094833,34.72337324608038,0.07639471151312062,9.0,7.0,0.10526315789473684,0.0,2.652682081896721,4.116320346697099,4.975826544450445,5.269694906465105,0.0,0.16666666666666666,2.6909379224998347,1.3643795713890698,0.3928058099090789,0.75,0.25,13,0.20801560085736498,0.10032157616515364,-0.10769402469221134,2.4725058086846805,8.89522955242417,-4.424942379242294,4.470287173181875,-0.3841218106335901,-0.3966481137294182,0.8574617479009051,1.2415835585344952,49.98026255648297,0.0021547310715005893,7.0,8.0,0.8421052631578947,0.15789473684210525,4.525263955407448,4.369965597016721,4.560401022129978,5.21481340836958,0.4444444444444444,0.3888888888888889,3.200707250175001,0.9628089949815694,0.9788399441383507,0.55,0.45,-2.551869571441556,2.4239569730088895,4.217132857152264,3.7641276046916268,-1.5055673017734783,2.4131977321286473,2.4553655599400233,-0.47741207400588515,1.3847254038486223,-0.9224171706611147,-2.3988500802995443,0.3537788181208774,2.548858478639373,1.6098917798453318,1.1622363587002473,0.8422128646175713,1.432406056782856,1.9904592015053733,0.5884292283445305,0.10081251045516516,0.20801560085736498,0.045424729671469655,-1.3363383081444178,-4.424942379242294,-2.23723687214447,0.9726965557000382,4.083527998867179,1.0514923027977439,-4.163321105571836,0.397079916558142,2.6702136283083076,2.6560800296786535,-1.6545122949825815,-3.7335692728943566,-0.5683812434832829,2.6010403878454595,4.470287173181875,-0.168396274639397,-1.2901011316643771,0.10032157616515364,-0.2559270747510977,-0.1487239843488979,-0.25641800904110923,-0.12256051919422362,148,0.017025981205085684,0.15384615384615385
dcfa830a-3f87-43eb-9ec7-6649fcdd0473,frontierscience,deepseek/deepseek-v3.2_reasoning-auto_s3,biology,,deepseek/deepseek-v3.2,0,is_correct,False,,0.12666666666666665,True,,,,42,0.1411184804407785,-4.866906817271285,-5.008025297712063,2.003604719355289,6.85426507942813,-4.866906817271285,1.9873582621568455,-0.8893187569545206,-0.4821065535543513,0.001358251115306815,0.8906770080698274,44.40559573565712,0.11277914899564523,10.0,11.0,0.8947368421052632,1.0,0.0,6.85426507942813,3.794846351284576,5.569561906048383,0.3333333333333333,1.0,3.728955512291219,0.5854449826179863,1.0650363659614992,0.45,0.55,22,2.0664868736095996,2.431168131429524,0.36468125781992455,2.427034171647444,8.846635027014017,-4.1894602915077455,4.657174735506272,-0.3469281625840754,0.28847742916677305,0.2088433792705676,0.555771541854643,62.77205971445846,0.005809611146723716,11.0,12.0,0.5263157894736842,0.631578947368421,6.620628422937269,2.226006604076748,5.600223995053625,6.921503264160442,0.6666666666666666,0.3888888888888889,5.680331538369619,1.091915267704262,1.0497200106191475,0.5,0.5,0.1411184804407785,-3.590155687399198,-0.6446945638420021,1.4098795976568068,1.590055749675738,-3.202983392126473,-1.9284514830872936,1.8663948681972822,-0.10619594768398147,-0.7625388142407457,1.612404913804897,-3.4805604297939468,-1.341774170416035,-1.1624762947479295,1.006689308693974,1.3923433829563039,-0.2139897186210975,1.9873582621568455,0.702655088777099,-4.866906817271285,2.0664868736095996,1.6878187040514951,-1.6837934601780138,1.2345338078791723,-2.612391337559785,-2.841732469870894,-0.27941925602010204,3.307772744906962,-3.6137305192534805,1.7157301662120465,4.657174735506272,-1.2689085352425227,-4.1894602915077455,1.4107637035458798,1.1218512688507247,-2.814444491912849,2.2050052180935684,-1.1787909120548274,-0.5117289387827353,2.431168131429524,0.5442311082690094,7.477624799149893,7.842306056969818,0.3902996205396434,64,0.0627177700348432,0.09090909090909091
d50f3722-14fb-485a-a417-ed6ae79f3c07,frontierscience,deepseek/deepseek-v3.2_reasoning-auto_s3,physics,,deepseek/deepseek-v3.2,0,is_correct,False,,0.2,True,,,,240,2.524930543080654,0.008276997492022398,-2.516653545588632,2.4247364783803778,9.000553152423528,-4.52420908426161,4.476344068161918,-0.4188416811932977,-0.3750899829338148,0.20480515099458,0.6236468321878776,57.91892799476881,0.04345131432363413,11.0,10.0,0.7368421052631579,0.2631578947368421,4.532486081753633,4.468067070669895,6.767046307539822,4.97028344380694,0.6666666666666666,0.6111111111111112,4.9109201530407836,0.8847470062934499,1.1011815434395653,0.5,0.5,49,4.8414606241212175,-2.587384237328402,-7.428844861449619,2.598476377661611,8.507236136028009,-3.665775511906792,4.8414606241212175,0.4335599611079218,-0.6288875393743517,-0.3163029481155786,-0.7498629092235003,57.234409924982224,0.12979682801284556,14.0,11.0,0.0,0.47368421052631576,1.0783912745783901,7.428844861449619,5.005104071477622,5.644220339388708,0.8333333333333334,0.7777777777777778,5.808061260227173,1.106880473126371,1.270136009954295,0.5,0.5,2.524930543080654,0.5532639147741252,-2.096519885073487,-0.4301783099452814,-0.08650871651702197,-4.52420908426161,1.1273297695895375,-1.9785486261728382,2.3189352489015325,0.8708088797960429,-2.666303055619964,0.6676660842108604,-4.30261735959608,2.4644289479437425,4.476344068161918,2.6829556719185645,-0.7776156666741018,-3.620895762027263,-1.5402344029036608,0.008276997492022398,4.8414606241212175,0.9780045184832526,2.342486737795457,-0.8398776259607095,2.2682822455529403,-3.275288254222018,-3.2801485180146863,1.6662662186721162,1.0639400298552961,-3.665775511906792,-1.9915072643053708,-2.8151177279855224,-1.7979344335607625,3.1379159136105743,3.1325159851820743,-2.5117043542066337,2.4933997172709885,-2.6379822715950025,0.21333747198350395,-2.587384237328402,0.07940697766041009,4.912590604289605,-2.516254257160014,-0.024059793949930963,289,0.00892608089260809,0.04081632653061224
91a30120-36ab-425f-961f-3dee779b0021,frontierscience,deepseek/deepseek-v3.2_reasoning-auto_s3,chemistry,,deepseek/deepseek-v3.2,0,is_correct,False,,0.35,True,,,,57,2.5043439481059258,0.4862832479587194,-2.018060700147206,2.370208060747712,10.105035804538744,-5.056741145473447,5.048294659065298,-0.42307086576199077,-0.3824753554217678,-0.9358157603998989,-0.5127448946379081,59.505761855062346,0.03391370242536477,12.0,10.0,0.47368421052631576,0.42105263157894735,5.543024393432167,4.562011411106578,10.105035804538744,7.5056470208928,0.4444444444444444,0.5,5.555098706584108,0.6655655247204456,1.228251430254731,0.5,0.5,15,4.233605081785926,2.7343646429934005,-1.4992404387925258,2.3137328344860832,7.717851001578609,-3.484245919792683,4.233605081785926,0.027932919821321622,0.27656204410004975,-0.2921396082031968,-0.3200725280245184,46.80621115317192,0.03203080108078619,9.0,8.0,0.0,0.2631578947368421,6.2186105627860835,1.4992404387925258,3.7002669017224834,5.4577621022396485,0.5555555555555556,0.16666666666666666,3.1013614537374523,0.9831113723167609,0.96418001740524,0.5,0.5,2.5043439481059258,0.2266074003055697,-2.4338900832403625,1.6128122344539229,-1.117760317953926,-3.776379834057573,0.022770592052507865,0.39526868459616527,-5.056741145473447,5.048294659065298,-2.457352361827503,0.3357021162121345,0.6748122688055997,-1.6173117093306217,-0.25050961621016254,-3.9170818699641736,-2.45999454987265,-1.4780071171641969,2.0044153428530707,0.4862832479587194,4.233605081785926,-0.46753741382505076,1.1615550232352203,3.2778298667936285,-2.17993223544602,-3.484245919792683,-2.3457439640017688,0.1882323396281745,1.9998189966899935,-2.3746706424631614,-3.227214617237143,0.4730522844853403,4.172434162696505,0.7042817849006395,-1.7255856271678636,-0.3879357593627206,-1.9523898693561508,-1.1383442994522364,0.7170532631263897,2.7343646429934005,0.06059463715538663,3.807916470982594,2.3086760321900677,-0.4172982573245072,72,0.043233082706766915,0.14285714285714285
af50243e-3a60-4460-9536-f9a02c4f8eb8,frontierscience,deepseek/deepseek-v3.2_reasoning-auto_s3,physics,,deepseek/deepseek-v3.2,0,is_correct,False,,0.0,True,,,,82,2.657983269653518,-2.2951894574413627,-4.953172727094881,2.5586379415643274,8.54379713133067,-4.64654507735069,3.8972520539799813,-0.09361274196663517,-1.0734508381013574,-0.6549410800154823,-0.5613283380488472,63.03981945001268,0.07857212743165438,12.0,9.0,0.21052631578947367,0.3684210526315789,2.3513556199093273,6.192441511421344,7.941131838550545,7.247763978642487,0.16666666666666666,0.2222222222222222,5.509291399941258,0.8256353789041591,1.430589955932601,0.45,0.55,9,5.004752867602168,2.6458969204195455,-2.3588559471826223,2.4201275857958966,8.932229803540572,-3.9274769359384045,5.004752867602168,0.026146198324362047,-0.478946700771235,-0.22039313175809894,-0.24653933008246098,31.800485797641134,0.07417672680200361,5.0,4.0,0.0,0.2631578947368421,6.57337385635795,2.3588559471826223,4.006828750925354,2.843397659420667,0.2777777777777778,0.4444444444444444,1.2357251602239265,0.9059694403768972,1.1305675557607324,0.4,0.6,2.657983269653518,0.500983026564648,-1.058683416105984,-4.043879784570564,3.8972520539799813,-3.3505119246625057,0.7415675813744596,-4.64654507735069,-1.3505155378717402,-2.4613310133324333,-1.427850832809921,3.8755229257952495,0.4797123548878123,-1.9831486860277785,-1.7116652071073233,-4.282478181371718,0.5277922370416438,2.8232668779725794,1.0086272508132865,-2.2951894574413627,5.004752867602168,2.899022390051031,0.7932919124998943,-1.294469413183877,-3.371449247747228,-3.9274769359384045,0.07935181498694988,4.086180565912304,2.099061207784893,-0.7443364516357738,-2.2808535764757045,-2.5104901667348978,-2.5693565949943005,-1.4328318892551661,-0.29630718351602914,-0.7733339003953101,-1.78821109148073,-1.622234663857229,0.5118311282811585,2.6458969204195455,0.0245864705219436,7.324528795565474,4.965672848382852,-2.438725458171941,91,0.029208069858476363,0.2222222222222222
07fd78cd-81de-4a62-9952-369093ec303f,frontierscience,deepseek/deepseek-v3.2_reasoning-auto_s3,physics,,deepseek/deepseek-v3.2,0,is_correct,False,,0.0,True,,,,419,-2.6471676786240894,-0.10659028070640239,2.540577397917687,2.832867995020547,10.068497819649437,-5.03065926397646,5.037838555672977,-0.06574108355898511,1.0247946102642336,-0.047725720151805706,0.018015363407179408,70.84770360879855,0.03585970001153536,13.0,10.0,0.05263157894736842,0.8421052631578947,4.9240689832700575,5.1444288363793795,9.724521396345644,9.980478056527524,0.3888888888888889,0.05555555555555555,6.990349785043825,1.2117468220821748,0.8903958037808796,0.6,0.4,11,0.10305823568699715,0.13861682549675727,0.03555858980976012,1.744730573207807,7.468788837162792,-3.7752222770078494,3.6935665601549434,0.3945945088325308,-0.4106421637161835,0.0017626106145230646,-0.39283189821800774,34.65100400573949,0.0010261921935615576,9.0,6.0,0.3157894736842105,0.21052631578947367,3.913839102504607,3.554949734658186,5.045552002766355,3.75231873434529,0.2222222222222222,0.1111111111111111,2.6186391346837876,0.7118524181084342,0.7169403141333557,0.5,0.5,-2.6471676786240894,5.037838555672977,-4.942639500854547,-0.12036210946362721,0.01612354597287471,-0.006775403662075162,2.202795006045591,-4.943931506192293,4.780589890153351,0.11271035933222642,0.09225139446416755,2.570576928157497,2.3359580506472715,2.225407155287414,0.12669546869979378,2.3000430587169807,-5.03065926397646,-0.009790332138096325,2.43394702849335,-0.10659028070640239,0.10305823568699715,1.2830659630595957,1.9698410442604064,-1.782477690084884,-3.7752222770078494,1.270329725758506,3.6935665601549434,-0.0019319983117958017,-1.2584474428614305,1.1435117834646,1.0756039286015608,-1.4621710074505572,-1.7726896488840025,-0.5983707605716593,-1.0637112526231993,-2.231762907687842,-0.3920212971838932,2.1996686297122063,1.3597856659731093,0.13861682549675727,-0.010429918206169895,0.19921859818722965,0.23477718799698977,-3.0377734041861437,430,0.005001655799294287,0.18181818181818182
