id,dataset,run_slug,subject,generator,model,target,target_label,is_correct,final_answer_correct,has_answer_chunks,error_step_index,error_step_position,exit_status,reasoning_n_chunks,reasoning_start,reasoning_end,reasoning_end_minus_start,reasoning_std,reasoning_range,reasoning_min,reasoning_max,reasoning_early_mean,reasoning_mid_mean,reasoning_late_mean,reasoning_late_minus_early,reasoning_total_variation,reasoning_monotonicity,reasoning_direction_changes,reasoning_zero_crossings,reasoning_peak_pos,reasoning_trough_pos,reasoning_rebound_from_trough,reasoning_fall_from_peak,reasoning_max_rise,reasoning_max_drop,reasoning_max_rise_pos,reasoning_max_drop_pos,reasoning_curvature_abs_mean,reasoning_positive_mass,reasoning_negative_mass,reasoning_time_positive,reasoning_time_negative,answer_n_chunks,answer_start,answer_end,answer_end_minus_start,answer_std,answer_range,answer_min,answer_max,answer_early_mean,answer_mid_mean,answer_late_mean,answer_late_minus_early,answer_total_variation,answer_monotonicity,answer_direction_changes,answer_zero_crossings,answer_peak_pos,answer_trough_pos,answer_rebound_from_trough,answer_fall_from_peak,answer_max_rise,answer_max_drop,answer_max_rise_pos,answer_max_drop_pos,answer_curvature_abs_mean,answer_positive_mass,answer_negative_mass,answer_time_positive,answer_time_negative,answer_minus_reasoning_mean,answer_start_minus_reasoning_end,answer_end_minus_reasoning_end,answer_range_minus_reasoning_range,total_n_chunks,reasoning_pair_density,answer_pair_density,rubric_score
078d0957-0a51-46be-b820-da8f749b30b5,frontierscience,deepseek/deepseek-v3.2_reasoning-auto,chemistry,,deepseek/deepseek-v3.2,1,is_correct,True,,True,,,,29,-2.512073783255635,4.618160817573115,7.13023460082875,2.9552643918236403,9.259423363591868,-4.641262546018754,4.618160817573115,0.6143222164235643,-1.4810895366964782,1.3245710633482723,0.710248846924708,73.1567833331684,0.0974651191039449,10,11,1.0,0.4210526315789473,9.259423363591868,0.0,8.534615500173928,7.011627253269907,0.4444444444444444,0.5,5.823108447637704,1.341341945976465,1.2473391890675032,0.45,0.55,1,0.0,0.0,0.0,0.0,0.0,0.0,0.0,0.0,0.0,0.0,0.0,0.0,0.0,0.0,0.0,0.0,0.0,0.0,0.0,0.0,0.0,0.0,0.0,0.0,0.0,0.0,0.0,0.0,0.2318701183120403,-4.386290699261075,-4.386290699261075,-11.601998875570835,30,0.1182266009852216,,
4ee82eb3-a457-42c5-9c62-5730d41f67a6,frontierscience,deepseek/deepseek-v3.2_reasoning-auto,biology,,deepseek/deepseek-v3.2,0,is_correct,False,,True,,,,38,0.1395379065083973,-2.267895734693578,-2.407433641201976,1.8771916984805144,7.408149112453708,-2.267895734693578,5.14025337776013,0.0790322945648163,0.2907983237866091,-1.053583690058151,-1.1326159846229673,39.14435591313449,0.0615014242805355,12,9,0.4736842105263157,1.0,0.0,7.408149112453708,4.461100622463702,7.197725469050379,0.9444444444444444,0.5,3.4604581267566963,0.6758754121735231,0.8625098027679694,0.35,0.65,2,1.282641717476391,-1.282641717476391,-2.565283434952782,0.7785339943859229,2.565283434952782,-1.282641717476391,1.282641717476391,0.8775969645891097,-0.0675074588145468,-0.9451044234036564,-1.8227013879927665,2.565283434952782,1.0,0.0,1.0,0.0,1.0,0.0,2.565283434952782,-0.1350149176290935,0.135014917629094,0.6111111111111112,0.5555555555555556,1.1102230246251563e-16,0.3375372940727345,0.3375372940727345,0.5,0.5,1.592676134312938,5.143213586482908,2.5779301515301256,-7.856954519681956,40,0.0796586059743954,1.0,
dcfa830a-3f87-43eb-9ec7-6649fcdd0473,frontierscience,deepseek/deepseek-v3.2_reasoning-auto,biology,,deepseek/deepseek-v3.2,0,is_correct,False,,True,,,,9,3.7605236970614784,-0.9757112385103688,-4.736234935571847,1.7210125523396582,7.063528700127323,-3.3030050030658447,3.7605236970614784,0.1641346162404967,-0.1141172478212044,-0.3210381065990446,-0.4851727228395414,21.621163601885375,0.2190555061134103,4,5,0.0,0.2631578947368421,2.327293764555476,4.736234935571847,3.0390889689514835,2.080347472461354,0.3333333333333333,0.1666666666666666,0.9240799797454268,0.6531985328444174,0.7320038858773786,0.35,0.65,34,2.058240185828613,-0.1966054408121598,-2.2548456266407726,2.5519916229782598,9.530037434149262,-3.5452514148511725,5.98478601929809,0.3166878230419458,-0.3161386627090547,0.9548104552120534,0.6381226321701077,73.55879770337377,0.0306536498289905,12.0,13.0,0.7894736842105263,0.2631578947368421,3.3486459740390124,6.18139146011025,8.467187737108459,8.710668620029617,0.7777777777777778,0.8333333333333334,6.923855325509274,1.1880999369802283,0.9014645943001004,0.45,0.55,1.1818583007378316,4.215809725076813,1.9609640984360404,3.7313089333945832,43,0.2222222222222222,0.0819964349376114,0.1325
ecb58594-7fd9-4a94-b799-0f1c13acb752,frontierscience,deepseek/deepseek-v3.2_reasoning-auto,chemistry,,deepseek/deepseek-v3.2,1,is_correct,True,,True,,,,29,0.1407829562986973,0.2830533415399832,0.1422703852412858,2.853421895060093,12.571280138142347,-7.730351014508891,4.840929123633459,-0.5824608879050684,1.0870871351003155,-0.637766850772189,-0.0553059628671205,65.86463180133762,0.0021600422161381,12,12,0.4210526315789473,0.3157894736842105,8.013404356048873,4.557875782093475,12.271128274751096,8.884856981170266,0.3333333333333333,0.2777777777777778,6.828767125425167,1.0700614568106477,1.0847723255239674,0.55,0.45,2,1.221137904567961,-1.221137904567961,-2.4422758091359213,0.7412025958502705,2.4422758091359213,-1.221137904567961,1.221137904567961,0.8355154083886047,-0.0642704160298925,-0.8997858244184972,-1.7353012328071018,2.4422758091359213,1.0,0.0,1.0,0.0,1.0,0.0,2.4422758091359213,-0.1285408320597851,0.1285408320597856,0.4444444444444444,1.0,1.1102230246251563e-16,0.3213520801494633,0.3213520801494633,0.5,0.5,1.3601650207673228,2.2982495837953003,-0.144026225340621,-10.936392312090796,31,0.1182266009852216,1.0,
0a1877af-e331-40b9-b9a3-c1a06dd51ec5,frontierscience,deepseek/deepseek-v3.2_reasoning-auto,biology,,deepseek/deepseek-v3.2,0,is_correct,False,,True,,,,10,2.241439783773811,4.389695911347457,2.148256127573646,2.629916462136839,9.077460611891656,-4.6877647005442,4.389695911347457,-0.5581218933677434,-0.4890213165211826,0.6399885084562654,1.198110401824009,55.47528856002659,0.0387245597695114,7,8,1.0,0.1052631578947368,9.077460611891656,0.0,4.486461391772542,4.431486206132451,0.3888888888888889,0.2777777777777778,3.1133953494657964,1.0603471325014031,1.234850703425648,0.4,0.6,34,-4.578352007684416,-2.6916432048869368,1.8867088027974788,2.4246966499665468,9.302786119681889,-4.578352007684416,4.724434111997473,-0.1588293934103681,0.2318362278080938,0.0295288696192869,0.188358263029655,64.84747992093017,0.0290945585718671,15.0,12.0,0.7894736842105263,0.0,1.8867088027974788,7.41607731688441,7.920820176024954,8.696447878039422,0.0,0.8333333333333334,6.268165344663833,1.0228530580004898,0.9884420050754996,0.45,0.55,-0.3839568113300333,-9.352004730361903,-7.465295927564426,1.743135526161872,44,0.2,0.0855614973262032,0.15
239c543b-7543-445a-b492-89c994b9ba7c,frontierscience,deepseek/deepseek-v3.2_reasoning-auto,physics,,deepseek/deepseek-v3.2,1,is_correct,True,,True,,,,64,-2.264655509854688,-2.338722196089844,-0.074066686235156,2.940268828582871,10.136947786380262,-4.397097554108036,5.739850232272226,-2.2989732392217364,0.3357610388621471,1.4566387206399398,3.755611959861677,52.363164153684544,0.0014144807219398,12,6,0.7894736842105263,0.3157894736842105,2.0583753580181914,8.07857242836207,7.021418660814826,6.581797980249768,0.6666666666666666,0.9444444444444444,4.866155259637982,1.0979230452278306,1.3480556991617048,0.5,0.5,2,3.707276499424104,-3.707276499424104,-7.414552998848208,2.2502314887031845,7.414552998848208,-3.707276499424104,3.707276499424104,2.536557604869124,-0.1951198157591632,-2.7316774206282872,-5.268235025497411,7.414552998848208,1.0,0.0,1.0,0.0,1.0,0.0,7.414552998848208,-0.3902396315183258,0.3902396315183276,0.6666666666666666,0.7222222222222222,3.947459643111668e-16,0.9755990787958168,0.9755990787958168,0.5,0.5,1.2934170687014472,7.339415764215396,-0.0751372346328125,-5.357833045710265,66,0.0411706349206349,1.0,
1c77dfab-266d-40d4-b3a0-2c27f0b32139,frontierscience,deepseek/deepseek-v3.2_reasoning-auto,physics,,deepseek/deepseek-v3.2,0,is_correct,False,,True,,,,32,2.310876790559697,-4.896332454648991,-7.207209245208688,2.4381991083250294,8.8041626743332,-4.896332454648991,3.9078302196842096,1.040325429347652,-0.4086892780036781,-0.6949899256034163,-1.7353153549510685,59.97057589918469,0.1201790901145351,12,11,0.4210526315789473,1.0,0.0,8.8041626743332,6.317100553863246,6.998803698431093,0.3888888888888889,0.8333333333333334,5.497775316091902,1.0303157676361194,1.0177400923467537,0.65,0.35,25,5.221331939625032,2.8158421487680494,-2.405489790856983,2.397186438396509,9.886498570528335,-4.665166630903302,5.221331939625032,-0.1592745288467688,0.5758474431795679,-0.1294420764199031,0.0298324524268657,54.34643609073134,0.0442621441972941,13.0,12.0,0.0,0.1578947368421052,7.481008779671352,2.405489790856983,5.470274075940118,5.523826211659864,1.0,0.9444444444444444,4.548414540510449,0.9855058252238658,0.8785379281333572,0.5,0.5,-0.5611424971453969,9.556521897128626,7.151032106271643,1.1245444827048985,57,0.0766129032258064,0.0833333333333333,0.55
f8b3f2c7-7747-42d9-85bb-f8b370cc50e9,frontierscience,deepseek/deepseek-v3.2_reasoning-auto,chemistry,,deepseek/deepseek-v3.2,0,is_correct,False,,True,,,,34,-0.3579808047595966,4.583760911702348,4.941741716461944,2.1889881746417887,8.891696398235563,-4.307935486533215,4.583760911702348,-0.5625142024096838,-0.8991331229190058,2.293878522948594,2.856392725358278,43.30580104221599,0.1141126961638364,14,5,1.0,0.5263157894736842,8.891696398235563,0.0,6.810348113853114,4.233135686692134,0.7222222222222222,0.5,4.072876967091287,0.9342152989068898,0.7576283058873529,0.45,0.55,9,-3.856838124231225,3.8999191484675055,7.7567572726987315,2.119377157827446,7.7567572726987315,-3.856838124231225,3.8999191484675055,-0.7522629180504392,0.402191103741555,0.3826492236240035,1.1349121416744428,27.359231291377117,0.2835151759232157,4.0,5.0,1.0,0.0,7.7567572726987315,0.0,2.074590296068341,3.09545393656695,0.8333333333333334,0.7222222222222222,0.9756179581186472,0.8541614371023097,0.8618918050232182,0.55,0.45,-1.4979046519274173,-9.93850368786099,-2.1817464151622588,-6.114500595318809,43,0.0606060606060606,0.25,0.6
11c1fcc0-bcad-4507-951b-550e19f1e2aa,frontierscience,deepseek/deepseek-v3.2_reasoning-auto,physics,,deepseek/deepseek-v3.2,1,is_correct,True,,True,,,,52,-0.0069484026721029,-4.918962792918185,-4.912014390246082,2.2684107372954183,9.466678753645056,-4.918962792918185,4.54771596072687,0.5245694967092145,0.4796979486126166,-0.9893173846960628,-1.5138868814052775,40.3616877735322,0.1216999253799097,11,6,0.5263157894736842,1.0,0.0,9.466678753645056,6.276288988465037,3.575134093083849,0.5,0.2777777777777778,3.397929017519099,0.9423288865204178,0.8876304960665958,0.5,0.5,4,4.071823793316889,-0.4562137025207056,-4.528037495837594,2.3110555159570745,8.955144426415565,-4.883320633098676,4.071823793316889,-0.4057484198908937,-1.314075599173253,0.4206674561028284,0.8264158759937221,17.5912809183865,0.2574023754634528,2.0,3.0,0.0,0.3157894736842105,4.42710693057797,4.528037495837594,1.1283232457022132,1.492524071069261,0.5555555555555556,0.0,0.2277735014401725,0.6742441495992532,1.1499823194408565,0.45,0.55,0.5866788236644507,9.577465409899524,5.04942791406193,-1.5589022121755427,56,0.0535444947209653,0.5,
4a737e9f-5afd-4a14-a17b-c468cda1a8bb,frontierscience,deepseek/deepseek-v3.2_reasoning-auto,chemistry,,deepseek/deepseek-v3.2,1,is_correct,True,,True,,,,47,2.667718043027958,-0.169137327944589,-2.836855370972547,2.416143857935407,9.210909473337914,-4.461433464931346,4.749476008406568,0.7441710518356491,-0.3677149110309744,0.1709979947122552,-0.5731730571233938,58.51853343483431,0.048477895881168,13,11,0.1052631578947368,0.2631578947368421,4.292296136986757,4.918613336351156,5.921429910655171,8.225641582689033,0.0555555555555555,0.2222222222222222,6.09413223538747,1.0889594848766588,0.9059004371813462,0.5,0.5,2,3.7652020390881535,-3.7652020390881535,-7.530404078176307,2.285390957756118,7.530404078176307,-3.7652020390881535,3.7652020390881535,2.576190868849789,-0.1981685283730604,-2.77435939722285,-5.35055026607264,7.530404078176307,1.0,0.0,1.0,0.0,1.0,0.0,7.530404078176307,-0.3963370567461206,0.3963370567461224,0.6111111111111112,0.7777777777777778,5.674473236973022e-16,0.9908426418653036,0.9908426418653032,0.5,0.5,1.2803699418888772,5.21470930892162,-2.315694769254687,-6.401659355257767,49,0.061054579093432,1.0,
1875e781-bd89-4528-8bc3-94b7b436402f,frontierscience,deepseek/deepseek-v3.2_reasoning-auto,chemistry,,deepseek/deepseek-v3.2,0,is_correct,False,,True,,,,56,2.803738048878241,4.332793333428957,1.5290552845507157,2.702378563488577,8.885943367833738,-4.553150034404781,4.332793333428957,0.3714943224649012,0.3500272364181139,0.6662254350231279,0.2947311125582267,64.39996138570193,0.0237431087169905,11,12,1.0,0.8947368421052632,8.885943367833738,0.0,8.394823514578125,8.646574073489376,0.9444444444444444,0.5,6.041110560881965,1.3348249292707262,0.8824247531547327,0.6,0.4,11,4.702746750453635,-3.309831333278596,-8.01257808373223,2.056696483322123,8.01257808373223,-3.309831333278596,4.702746750453635,1.2794483980198612,0.4063830208073319,-2.064551772293132,-3.3440001703129933,23.135611168517528,0.3463309451982658,8.0,3.0,0.0,1.0,0.0,8.01257808373223,2.478532028982968,3.8971950871792007,0.4444444444444444,0.5555555555555556,1.5151918536622209,0.8149528320331516,0.8442773671315734,0.45,0.55,0.6118914194832756,0.9818448365079532,-7.030733247224276,-6.066074374055926,67,0.0435064935064935,0.2,0.45
22f5a060-b2ba-4d68-8ad1-cbcbd58a788e,frontierscience,deepseek/deepseek-v3.2_reasoning-auto,chemistry,,deepseek/deepseek-v3.2,1,is_correct,True,,True,,,,29,-2.469186334639341,0.1501035052419455,2.6192898398812865,2.7912242495239923,9.714828834125196,-5.708186795578357,4.00664203854684,0.228171146980374,0.0491005721272231,0.2607950518252542,0.0326239048448802,83.4819965448326,0.0313755054776947,14,15,0.2105263157894736,0.5263157894736842,5.858290300820303,3.856538533304894,6.70258174805385,7.640335923388624,0.3888888888888889,0.0555555555555555,8.184524571074016,1.2818387231013433,1.1065551058661076,0.55,0.45,2,-0.0742283580261187,0.0742283580261187,0.1484567160522374,0.0450549044860972,0.1484567160522374,-0.0742283580261187,0.0742283580261187,-0.0507878239126075,0.0039067556855851,0.0546945795981927,0.1054824035108002,0.1484567160522374,1.0,0.0,1.0,1.0,0.0,0.1484567160522374,0.0,0.0078135113711703,0.0,0.0,0.0555555555555555,6.167905692361981e-18,0.0195337784279259,0.0195337784279259,0.5,0.5,3.0308214778457536,2.806489614577689,2.9549463306299266,-12.198924849924726,31,0.1157635467980295,1.0,
f040ed81-6802-4359-beff-42e319c1b0f1,frontierscience,deepseek/deepseek-v3.2_reasoning-auto,chemistry,,deepseek/deepseek-v3.2,1,is_correct,True,,True,,,,77,-0.0275539532274736,2.3969262175550177,2.4244801707824912,2.535045126184546,7.5192840324424495,-5.056315395822142,2.462968636620308,-1.1717492138996486,-1.0360538823757235,0.3609653909907601,1.5327146048904088,48.114132900961664,0.0503901873441853,9,9,0.7894736842105263,0.3157894736842105,7.453241613377159,0.0660424190652904,7.24403264122628,7.208134801275939,0.3333333333333333,0.2777777777777778,4.59107907848479,0.7309738765766943,1.395415342975847,0.45,0.55,2,1.379337617380525,-1.379337617380525,-2.75867523476105,0.8372261795592095,2.75867523476105,-1.379337617380525,1.379337617380525,0.943757317155096,-0.072596716704238,-1.016354033859334,-1.96011135101443,2.75867523476105,1.0,0.0,1.0,0.0,1.0,0.0,2.75867523476105,-0.1451934334084761,0.1451934334084765,0.3888888888888889,0.5555555555555556,1.9737298215558335e-16,0.3629835835211908,0.3629835835211907,0.5,0.5,-1.45779466861138,-2.475383268785873,-5.2340585035469225,-9.327893927119572,79,0.0328092959671907,1.0,
8b695bb3-ea3c-4372-9222-9f0b79a68b6c,frontierscience,deepseek/deepseek-v3.2_reasoning-auto,biology,,deepseek/deepseek-v3.2,0,is_correct,False,,True,,,,49,0.1155854623353208,-2.93811649189134,-3.053701954226661,1.7936941878099433,6.334115980588538,-3.049707900589756,3.2844080799987823,-0.76082314256061,0.0252911060933821,-0.3920955720679939,0.368727570492616,39.42343429841219,0.0774590547112647,14,9,0.2631578947368421,0.6842105263157895,0.1115914086984162,6.222524571890122,5.907973194356154,5.032064923835288,0.2222222222222222,0.2777777777777778,3.8780260144911214,0.5756853962295218,0.9507502806134496,0.5,0.5,3,-2.4392764920421697,-2.487121772311221,-0.0478452802690512,2.2342579837890115,7.02585294422274,-2.487121772311221,4.538731171911518,-0.1132739373909403,3.536117111013588,-0.5361954468731644,-0.422921509482224,14.00386060817643,0.0034165778714703,1.0,2.0,0.4736842105263157,1.0,0.0,7.02585294422274,0.7753341848837434,0.7803705301752237,0.2222222222222222,1.0,0.0864280397254987,1.5557047150589656,0.5185682383529884,0.6,0.4,-0.0505058590568972,0.4483341407922729,0.4004888605232217,-2.806235763123027,52,0.0578231292517006,0.6666666666666666,
3d762ba1-3958-453b-b34e-fe24c2822994,frontierscience,deepseek/deepseek-v3.2_reasoning-auto,chemistry,,deepseek/deepseek-v3.2,0,is_correct,False,,True,,,,102,2.527068384760521,-2.19633635916128,-4.723404743921801,2.389552183045974,7.71444840099829,-4.747811296061739,2.9666371049365505,-0.9368505868804836,-0.6831712416926985,-1.0051561447205943,-0.0683055578401106,59.01177591786224,0.0800417318485085,11,11,0.5263157894736842,0.1578947368421052,2.5514749369004592,5.16297346409783,5.126601066187306,6.554909348711914,0.8888888888888888,0.8333333333333334,5.303694365249601,0.6702394853575895,1.538793968774382,0.45,0.55,2,3.711773988216368,-3.711773988216368,-7.423547976432737,2.252961360861901,7.423547976432737,-3.711773988216368,3.711773988216368,2.5396348340427783,-0.1953565256955981,-2.734991359738377,-5.274626193781155,7.423547976432737,1.0,0.0,1.0,0.0,1.0,0.0,7.423547976432737,-0.390713051391196,0.3907130513911974,0.6111111111111112,0.5555555555555556,4.6876083261951055e-16,0.9767826284779918,0.9767826284779916,0.5,0.5,1.2226710029587684,7.130781350336417,-0.29276662609632,-2.8966712817352445,104,0.0234905843525529,1.0,
7c94f50a-0896-450f-8d55-00c98aca5158,frontierscience,deepseek/deepseek-v3.2_reasoning-auto,chemistry,,deepseek/deepseek-v3.2,0,is_correct,False,,True,,,,7,2.2700794916356486,-2.6230204785768585,-4.893099970212507,2.7058281507269903,9.98671428373794,-6.073730533244194,3.912983750493745,0.0382786463446618,-0.183934010791043,0.2318507299139735,0.1935720835693117,36.78081824873665,0.1330340161853407,4,5,0.8421052631578947,0.6842105263157895,3.4507100546673355,6.536004229070604,3.652879634046151,3.4933335869817648,0.7777777777777778,0.5555555555555556,1.1760546677460617,1.1510575536162926,1.1324817121983342,0.55,0.45,26,2.4036603717386256,0.1533715374860606,-2.250288834252565,2.708778063888348,8.948969233530182,-5.0517989485660575,3.897170284964123,0.6515075510422756,-1.2707304993842763,0.2997556773752726,-0.351751873667003,70.67597471383343,0.0318395160924765,12.0,12.0,0.5263157894736842,0.3684210526315789,5.205170486052118,3.743798747478063,7.546889800984511,7.532447811913585,0.3888888888888889,0.3333333333333333,6.738913361276814,1.1301476900752316,1.25694901878235,0.5,0.5,-0.459775893900838,4.566904956414646,2.316616122162081,0.5487435173533761,33,0.2857142857142857,0.1292307692307692,0.3
a1e4e236-3b97-4c36-9cc3-a1711073631e,frontierscience,deepseek/deepseek-v3.2_reasoning-auto,biology,,deepseek/deepseek-v3.2,0,is_correct,False,,True,,,,44,-2.6251810542217138,-2.3201220645696674,0.3050589896520463,2.0363468176951467,6.965829109940944,-4.234956952000043,2.730872157940901,-0.0579324361382243,-0.7506515123039845,-0.1257738040611389,-0.0678413679229146,54.4133681393851,0.0056063243295399,13,12,0.7368421052631579,0.631578947368421,1.9148348874303756,5.050994222510568,5.738580725475059,6.30866896858798,0.6666666666666666,0.6111111111111112,5.159992413500917,0.6684619524516432,0.9891984756247576,0.55,0.45,52,2.328535811710126,2.6587235650987897,0.3301877533886639,2.232350665479553,7.952145673777568,-3.7854859182298393,4.1666597555477285,-0.4513932562033018,0.43008479362009,0.8547570240108188,1.3061502802141205,48.94366515563627,0.0067462817167185,12.0,8.0,0.6842105263157895,0.3157894736842105,6.444209483328629,1.5079361904489388,5.728864433592789,5.0127444128165095,0.6666666666666666,0.9444444444444444,4.388668778960887,1.090455058694388,0.8414859133952666,0.45,0.55,0.0204580903839845,4.669115966663778,4.999303720052442,0.0123330652351967,96,0.0454545454545454,0.0452488687782805,0.2
eec8840a-2d00-4e70-b043-0da51bd1b288,frontierscience,deepseek/deepseek-v3.2_reasoning-auto,chemistry,,deepseek/deepseek-v3.2,1,is_correct,True,,True,,,,56,0.0849272629512214,0.1610920494112335,0.0761647864600121,1.645693584891123,6.128977146826636,-3.1066700398322142,3.022307106994422,-0.0155571367310786,0.3360616505037908,-0.1703645648229055,-0.1548074280918268,45.61046738400439,0.0016698970834647,14,14,0.0526315789473684,0.7894736842105263,3.267762089243448,2.8612150575831885,3.7881690432814894,4.450388983046781,0.2777777777777778,0.7777777777777778,4.339153035054718,0.7117361117933809,0.6506689014198033,0.55,0.45,2,2.5454378425383464,-2.5454378425383464,-5.090875685076693,1.545022171048277,5.090875685076693,-2.5454378425383464,2.5454378425383464,1.7416153659472895,-0.1339704127651759,-1.875585778712466,-3.617201144659756,5.090875685076693,1.0,0.0,1.0,0.0,1.0,0.0,5.090875685076693,-0.2679408255303519,0.2679408255303528,0.1111111111111111,0.7777777777777778,2.96059473233375e-16,0.6698520638258807,0.6698520638258806,0.5,0.5,-0.054650722906344,2.329695070220769,-2.761180614855924,-7.506027808853521,58,0.0487012987012987,1.0,
84b13a21-19c8-47a2-8661-a1b59f1062f5,frontierscience,deepseek/deepseek-v3.2_reasoning-auto,chemistry,,deepseek/deepseek-v3.2,1,is_correct,True,,True,,,,43,-2.123149167297787,3.059659751090499,5.182808918388286,2.663630259815821,8.70874565942323,-3.910764775780839,4.79798088364239,-0.649123917226939,-0.4636239491962019,1.5203994360434432,2.169523353270382,63.08267443442094,0.0821589915908875,13,9,0.2631578947368421,0.5263157894736842,6.970424526871338,1.7383211325518912,7.143118063761216,8.555322132016634,0.2222222222222222,0.5,5.807837314251113,1.149945852467326,1.0832877749023924,0.45,0.55,2,-1.2446326968192911,1.2446326968192911,2.4892653936385827,0.7554633938653893,2.4892653936385827,-1.2446326968192911,1.2446326968192911,-0.8515907925605678,0.0655069840431205,0.9170977766036884,1.7686885691642562,2.4892653936385827,1.0,0.0,1.0,1.0,0.0,2.4892653936385827,0.0,0.1310139680862414,0.0,0.7777777777777778,0.6111111111111112,9.868649107779167e-17,0.3275349202156029,0.327534920215603,0.5,0.5,4.738878936285448,0.4345864883756576,2.9238518820142403,-7.658675256765811,45,0.0664451827242525,1.0,
e2aee1ae-6baa-4d30-a409-e0fc9c90f1fb,frontierscience,deepseek/deepseek-v3.2_reasoning-auto,chemistry,,deepseek/deepseek-v3.2,0,is_correct,False,,True,,,,26,0.072380762550576,-2.2237944287431017,-2.2961751912936776,1.825598727537044,6.014345980408782,-3.7046886029961454,2.309657377412637,-0.7837737349400944,0.6412475074061387,0.1708414738349382,0.9546152087750326,41.00466360818535,0.0559979033905625,10,11,0.5263157894736842,0.1052631578947368,1.4808941742530437,4.533451806155739,5.858101291370028,3.558902401782679,0.1111111111111111,0.2222222222222222,3.519574206322061,0.8041889864967992,0.8028207239832023,0.55,0.45,13,2.1964644821137798,2.5297452811310746,0.3332807990172952,1.8015821271317596,6.085930081319187,-2.5802551179627247,3.505674963356462,0.4733945846077953,-0.1850138855587535,-0.4097554781560679,-0.8831500627638633,34.50663112039773,0.0096584565979344,7.0,6.0,0.2631578947368421,0.8421052631578947,5.110000399093799,0.9759296822253876,4.093615168001442,4.580776288909742,0.5555555555555556,0.2777777777777778,2.1596111489505354,0.7691021174420688,0.7910955162217246,0.4,0.6,0.3698291343693852,4.790088045226266,5.123368844243561,-3.794712954562524,39,0.083076923076923,0.1794871794871795,0.1
70929247-a356-4a12-8534-49fd885f0c3e,frontierscience,deepseek/deepseek-v3.2_reasoning-auto,physics,,deepseek/deepseek-v3.2,1,is_correct,True,,True,,,,43,-2.480344795033553,0.170403413967612,2.650748209001165,2.335346004290954,8.222012837175706,-3.3694100835061005,4.852602753669605,-0.3204642923832793,1.2068234824258004,-0.4345069623175297,-0.1140426699342504,48.03630126236191,0.0551821880399046,9,7,0.2105263157894736,0.1578947368421052,3.5398134974737125,4.682199339701993,8.222012837175706,4.291787266525585,0.1666666666666666,0.4444444444444444,4.052585024258259,1.0736217580552676,0.8937481302356438,0.55,0.45,2,3.762513661107288,-3.762513661107288,-7.525027322214576,2.2837591742117778,7.525027322214576,-3.762513661107288,3.762513661107288,2.574351452336566,-0.1980270347951201,-2.772378487131686,-5.346729939468252,7.525027322214576,1.0,0.0,1.0,0.0,1.0,0.0,7.525027322214576,-0.3960540695902397,0.3960540695902415,0.6111111111111112,0.5555555555555556,6.167905692361982e-16,0.9901351739756024,0.990135173975602,0.5,0.5,1.2947454546890105,4.8868557018286864,-2.63817162038589,-4.363949714911215,45,0.0686600221483942,1.0,
6646019d-bda1-4b1c-83ac-7953e853effd,frontierscience,deepseek/deepseek-v3.2_reasoning-auto,physics,,deepseek/deepseek-v3.2,1,is_correct,True,,True,,,,54,0.1119031202832756,2.4474896488074256,2.33558652852415,2.4951379440935257,10.24696082324493,-6.6630089665889,3.5839518566560296,-0.02858691264428,0.1658628541047236,-0.2463204157431119,-0.2177335030988318,52.93394463685621,0.0441226616407868,14,8,0.2105263157894736,0.2631578947368421,9.110498615396326,1.136462207848604,9.517108314169397,10.24696082324493,0.2777777777777778,0.2222222222222222,5.472898481048038,0.9718350153857348,0.9976845605975132,0.6,0.4,2,2.6035618695970246,-2.6035618695970246,-5.207123739194049,1.5803021173803058,5.207123739194049,-2.6035618695970246,2.6035618695970246,1.7813844370927008,-0.1370295720840538,-1.9184140091767548,-3.699798446269456,5.207123739194049,1.0,0.0,1.0,0.0,1.0,0.0,5.207123739194049,-0.2740591441681075,0.2740591441681084,0.1111111111111111,0.7222222222222222,2.4671622769447924e-16,0.6851478604202696,0.6851478604202696,0.5,0.5,-0.0774739082333644,0.0785983125562346,-5.128525426637815,-6.953314640649747,56,0.0510132774283717,1.0,
23cb57a5-1c57-4f6e-8205-7ffb6116a16a,frontierscience,deepseek/deepseek-v3.2_reasoning-auto,chemistry,,deepseek/deepseek-v3.2,1,is_correct,True,,True,,,,85,0.1413212631944725,2.4433595961076784,2.302038332913206,2.2130046463821262,8.122916865333822,-2.869779001446496,5.253137863887327,0.5179197289156708,-0.438112294541627,1.5412840228817597,1.0233642939660887,46.87564900655396,0.049109471158284,15,8,0.7894736842105263,0.3157894736842105,5.313138597554175,2.8097782677796483,5.313294819271762,7.518651556599211,0.3333333333333333,0.8333333333333334,4.224432493208484,1.1102530556325152,0.6199352467370718,0.6,0.4,2,-1.16064446001592,1.16064446001592,2.32128892003184,0.7044844676469202,2.32128892003184,-1.16064446001592,1.16064446001592,-0.794125156852998,0.0610865505271535,0.8552117073801515,1.6493368642331494,2.32128892003184,1.0,0.0,1.0,1.0,0.0,2.32128892003184,0.0,0.1221731010543076,0.0,0.7777777777777778,0.0555555555555555,1.480297366166875e-16,0.3054327526357683,0.3054327526357684,0.5,0.5,-1.3063673315168791,-4.9103713876404775,-2.589082467608637,-10.280378691421229,87,0.0291316526610644,1.0,
19962a30-eaf9-4b7e-86c7-17c02cdb01bd,frontierscience,deepseek/deepseek-v3.2_reasoning-auto,physics,,deepseek/deepseek-v3.2,1,is_correct,True,,True,,,,81,-2.7448622873764768,-2.070864973180739,0.6739973141957378,2.592520983348034,8.579435420467114,-3.768395868161872,4.8110395523052425,0.2717441711526387,-1.5798734099330614,1.768490163432406,1.4967459922797672,46.42196048105471,0.0145189325743966,9,6,0.2631578947368421,0.4736842105263157,1.6975308949811332,6.881904525485981,7.985651342464422,4.587206727600626,0.2222222222222222,0.1666666666666666,4.182698416362725,1.133216776521296,1.0605149610647224,0.45,0.55,3,4.099477423858748,-0.9444458099836516,-5.043923233842399,2.0953845803661637,7.1381624164764,-3.038684992617652,4.099477423858748,1.8085798329954288,-2.3981898529587973,-1.526178916270874,-3.334758749266303,9.232401599110402,0.5463284043372216,1.0,1.0,0.0,0.5263157894736842,2.094239182634,5.043923233842399,0.2326932425148893,0.7636325302877731,0.5555555555555556,0.0,0.0553514318223704,0.6571188294417946,1.3213360113102357,0.3,0.7,0.8509631663363325,7.021305563375819,1.97738232953342,-2.93032915220412,84,0.0308641975308641,0.6666666666666666,
af36a1cb-5949-4385-93a0-1f875500c34a,frontierscience,deepseek/deepseek-v3.2_reasoning-auto,biology,,deepseek/deepseek-v3.2,1,is_correct,True,,True,,,,91,0.1883378297121848,0.1738107970448002,-0.0145270326673845,1.8147281691801385,6.522596755726758,-4.344865243812557,2.1777315119142004,-0.4987593418191553,0.0553043845126473,0.7678859105850696,1.2666452524042249,33.97774238599862,0.0004275455532728,12,8,0.6842105263157895,0.2105263157894736,4.518676040857358,2.0039207148694,4.419924082450949,3.3911869876500877,0.2222222222222222,0.5,2.6976062917134795,0.7580316360915172,0.6828750979732743,0.65,0.35,2,3.761880858159604,-3.761880858159604,-7.523761716319207,2.2833750773905006,7.523761716319207,-3.761880858159604,3.761880858159604,2.5739184818986764,-0.1979937293768208,-2.7719122112754966,-5.3458306931741735,7.523761716319207,1.0,0.0,1.0,0.0,1.0,0.0,7.523761716319207,-0.395987458753642,0.3959874587536429,0.1111111111111111,0.1666666666666666,2.96059473233375e-16,0.9899686468841062,0.989968646884106,0.5,0.5,1.3112930180454174,4.899363079160221,-2.6243986371589862,-4.164778923407887,93,0.0268620268620268,1.0,
783fc5fc-cf8a-44be-9c48-3b8f86e96720,frontierscience,deepseek/deepseek-v3.2_reasoning-auto,chemistry,,deepseek/deepseek-v3.2,0,is_correct,False,,True,,,,88,0.1262696957291836,-4.690195428803571,-4.816465124532755,1.9953799868418067,8.4803705695353,-4.690195428803571,3.790175140731728,0.0522762935454757,1.2233153610144178,0.4280030558580536,0.3757267623125779,38.900197318032,0.1238159561288421,11,9,0.7368421052631579,1.0,0.0,8.4803705695353,5.4262945853397095,6.337929325041474,0.8333333333333334,0.7777777777777778,3.151160609135154,1.077574460617169,0.5027164647637904,0.65,0.35,21,4.787367565097155,2.502505616196952,-2.284861948900204,2.5160749251444807,9.565971383255352,-4.778603818158198,4.787367565097155,0.4593991338808067,-0.5951076064843722,0.2222728073470956,-0.237126326533711,64.58440374293366,0.035377921239231,11.0,12.0,0.0,0.9473684210526316,7.28110943435515,2.284861948900204,7.28110943435515,7.256704706544239,1.0,0.0,5.430248326795322,1.09882312802242,1.0796392512295387,0.5,0.5,-0.0135121144299123,9.464050879470816,7.179188930570611,-0.1026492568540184,109,0.0276907001044932,0.0952380952380952,0.0
b188cad8-92b9-4c72-98a2-b78e04b764f1,frontierscience,deepseek/deepseek-v3.2_reasoning-auto,chemistry,,deepseek/deepseek-v3.2,1,is_correct,True,,True,,,,52,-2.831896289573904,4.8522091842346535,7.684105473808557,2.879422619474996,9.9822829016592,-5.130073717424545,4.8522091842346535,-0.724650503568174,1.0859504184705575,1.2643409332614195,1.9889914368295936,72.91982034312355,0.1053774603071026,14,11,1.0,0.5263157894736842,9.9822829016592,0.0,8.820086754818353,7.076637407878598,0.5555555555555556,0.5,6.708310119011486,1.519958989862172,1.014201739667912,0.65,0.35,4,0.636065952914854,0.7688865897716033,0.1328206368567492,2.131242496249741,6.965921486671219,-4.111492144011129,2.8544293426600893,-1.7377130955481377,-0.1943468979141832,1.6378627368084728,3.3755758323566107,13.799022336485688,0.0096253657409888,2.0,2.0,0.6842105263157895,0.3157894736842105,4.880378733782733,2.085542752888486,1.1598218211394435,0.7912596828209972,0.5555555555555556,0.0,0.1921385435508129,0.8276003229148545,1.0124624995841252,0.5,0.5,-0.7054073723043166,-4.921550603624116,-4.788729966767367,-4.310805213363725,56,0.0535444947209653,0.5,
6681ea07-9b3a-4a71-9b31-a88212189f27,frontierscience,deepseek/deepseek-v3.2_reasoning-auto,chemistry,,deepseek/deepseek-v3.2,1,is_correct,True,,True,,,,69,-2.463664273170712,-0.0702485349807395,2.3934157381899723,1.8414077899146677,8.010683834124457,-3.721323740222303,4.289360093902154,0.0102889217829397,-1.1845822177655638,-1.3502597331865027,-1.3605486549694423,31.38488779009957,0.0762601336731552,9,6,0.2631578947368421,0.8421052631578947,3.6510752052415634,4.359608628882893,5.250403206922906,3.669125543280909,0.2222222222222222,0.3333333333333333,2.592882350668292,0.4164144937067485,1.2324950672566175,0.2,0.8,2,-2.545489331598123,2.545489331598123,5.090978663196246,1.5450534237222144,5.090978663196246,-2.545489331598123,2.545489331598123,-1.7416505953039791,0.1339731227156905,1.875623718019669,3.617274313323649,5.090978663196246,1.0,0.0,1.0,1.0,0.0,5.090978663196246,0.0,0.2679462454313821,0.0,0.9444444444444444,0.6111111111111112,3.947459643111668e-16,0.6698656135784533,0.6698656135784535,0.5,0.5,0.1465636804741899,-2.3286771161431936,2.7623015470530525,-7.6518115538584865,71,0.0375106564364876,1.0,
4195adea-9fa5-4f25-91ef-ebd6c57cfb88,frontierscience,deepseek/deepseek-v3.2_reasoning-auto,physics,,deepseek/deepseek-v3.2,1,is_correct,True,,True,,,,122,2.540497903065812,2.23090442441483,-0.3095934786509815,1.6663125594198072,6.694346656037883,-2.5979861164994897,4.096360539538393,0.539808521602829,0.3413080840936867,0.4278862812334856,-0.1119222403693433,37.50536460983278,0.0082546452186686,11,12,0.6842105263157895,0.2631578947368421,4.82889054091432,1.8654561151235631,5.514378071833252,4.095660421293559,0.6666666666666666,0.7222222222222222,3.351767405254497,0.9198609273545886,0.4831042309907624,0.6,0.4,2,-3.711832356010566,3.711832356010566,7.423664712021132,2.2529967887692752,7.423664712021132,-3.711832356010566,3.711832356010566,-2.539674769901967,0.1953595976847664,2.735034367586733,5.274709137488699,7.423664712021132,1.0,0.0,1.0,1.0,0.0,7.423664712021132,0.0,0.3907191953695337,0.0,0.5555555555555556,0.6111111111111112,2.220446049250313e-16,0.9767979884238328,0.9767979884238333,0.5,0.5,-1.186889021926713,-7.129625802352109,0.2940389096690232,-6.558583083798677,124,0.0191031025606286,1.0,
bdb3fc5f-9374-4e37-9af9-6036e3e29093,frontierscience,deepseek/deepseek-v3.2_reasoning-auto,physics,,deepseek/deepseek-v3.2,0,is_correct,False,,True,,,,144,-0.1388162693228178,-4.665485481690141,-4.526669212367324,2.680184561837049,10.639686349133395,-4.937009966641317,5.702676382492077,0.1449101431924242,1.9099358558957076,-0.885049800677247,-1.0299599438696712,57.33911960481394,0.0789455653237355,11,8,0.3684210526315789,0.2631578947368421,0.2715244849511755,10.36816186418222,7.403400342193902,8.825186458259298,0.3333333333333333,0.2222222222222222,4.9953863545729895,1.2790510581607113,0.8253698986830393,0.6,0.4,3,4.022060269498797,-0.9002073215508103,-4.922267591049607,2.058186036849903,7.026984500267986,-3.004924230769188,4.022060269498797,1.766087674515603,-2.371164609757191,-1.4848509074448044,-3.250938581960407,9.131701409486364,0.53903072059892,1.0,1.0,0.0,0.5263157894736842,2.1047169092183777,4.922267591049607,0.2338574343575978,0.7519908649943989,0.5555555555555556,0.3333333333333333,0.0547693499640001,0.6426249321038405,1.2998571316718377,0.3,0.7,0.7864584616703,9.47400421285924,4.551736621809631,-4.114905562399056,147,0.0158313908313908,0.6666666666666666,
85b4f862-d881-4a79-8c5d-3e927b486b71,frontierscience,deepseek/deepseek-v3.2_reasoning-auto,chemistry,,deepseek/deepseek-v3.2,0,is_correct,False,,True,,,,60,-2.5896240778838147,2.502602702983414,5.092226780867229,2.003207776376269,8.185124096692263,-4.099334696616428,4.085789400075835,-0.4519147671686302,-0.0940799189258619,-0.7914636857914048,-0.3395489186227745,38.152295747020574,0.1334710449571018,10,9,0.4736842105263157,0.9473684210526316,6.601937399599842,1.5831866970924209,6.601937399599842,4.077526423628992,1.0,0.5,3.005517743712513,0.5478004112770851,0.9763376571475788,0.45,0.55,2,0.0552638245311136,-0.0552638245311136,-0.1105276490622273,0.0335438692434722,0.1105276490622273,-0.0552638245311136,0.0552638245311136,0.0378120904686567,-0.0029086223437428,-0.0407207128123995,-0.0785328032810562,0.1105276490622273,1.0,0.0,1.0,0.0,1.0,0.0,0.1105276490622273,-0.0058172446874856,0.0058172446874856,0.6111111111111112,0.7777777777777778,8.866364432770348e-18,0.0145431117187141,0.0145431117187141,0.5,0.5,0.1053636873618879,-2.3419751910904125,-2.45250284015264,-10.20553053947097,62,0.0446327683615819,1.0,
09d32726-331e-4c45-98f4-b01a913bb623,frontierscience,deepseek/deepseek-v3.2_reasoning-auto,chemistry,,deepseek/deepseek-v3.2,0,is_correct,False,,True,,,,7,-3.6198100759140814,1.6304556001493538,5.250265676063435,2.700777889531763,8.895815879077542,-4.998135763405744,3.897680115671797,-0.923934837417148,-0.3483674331760758,1.833362206177134,2.757297043594282,26.94631644650872,0.1948416840752897,4,3,0.6842105263157895,0.3684210526315789,6.628591363555098,2.2672245155224435,2.3028431837957664,3.058716850791972,0.0,0.2222222222222222,0.7635000563990604,1.236249540995184,1.131546673849672,0.6,0.4,18,3.2201039234854214,2.986249689538866,-0.2338542339465554,2.7276634033897285,8.460858527418281,-3.847510953210314,4.613347574207968,0.8622460653902867,-0.0492628055078896,-0.9408766860134984,-1.803122751403785,64.2884160057215,0.0036375796523862,12.0,10.0,0.5263157894736842,0.7894736842105263,6.83376064274918,1.6270978846691015,8.359863789595709,7.349482817933129,0.5,0.4444444444444444,5.961679550851938,1.1995245232269407,1.1972433880721516,0.45,0.55,-1.3737477957040662,0.2159005276320016,-0.0179537063145538,1.198042336995055,25,0.2857142857142857,0.2091503267973856,0.1
f3ba1aae-2fc3-4d9b-a5a3-42bb91de4d7d,frontierscience,deepseek/deepseek-v3.2_reasoning-auto,physics,,deepseek/deepseek-v3.2,0,is_correct,False,,True,,,,78,-2.872677800454622,2.486029695811353,5.358707496265975,2.193205053525524,7.64275722509525,-3.6072573360589617,4.035499889036288,0.3899615741259545,-0.604084492284635,0.3821718864314531,-0.0077896876945013,47.77504294782908,0.112165414526529,12,11,0.2105263157894736,0.8421052631578947,6.0932870318703145,1.549470193224935,5.306893698766928,5.707572953439481,0.7222222222222222,0.8333333333333334,4.400485488459271,0.9648376432446824,0.9251290986707849,0.55,0.45,4,1.1335997772271798,3.885194026801739,2.751594249574559,2.094815198262385,7.237369073622418,-3.3521750468206784,3.885194026801739,-1.0976971156131174,-2.3168410175753773,1.7824024694089804,2.880099585022098,11.723143897670276,0.2347147039729999,1.0,2.0,1.0,0.3684210526315789,7.237369073622418,0.0,0.8411166229571041,0.7437656309467657,0.7222222222222222,0.0,0.0880490141057708,0.6269118913972627,1.2872794971905417,0.35,0.65,-1.301411818684402,-2.653841737268575,0.0977525123059841,-2.8434431459807143,82,0.0296370296370296,0.5,
36c373f1-468f-4bba-a8d9-5a73a3be5876,frontierscience,deepseek/deepseek-v3.2_reasoning-auto,chemistry,,deepseek/deepseek-v3.2,1,is_correct,True,,True,,,,8,4.475964067228266,-2.5041824710177094,-6.980146538245975,3.188302262604609,11.858836405749026,-6.770267910717,5.088568495032026,1.3540201786483024,-3.3722530335450807,2.01005639663861,0.6560362179903076,33.63968794569884,0.2074973629218357,4,5,0.8421052631578947,0.5789473684210527,4.266085439699291,7.592750966049735,3.1745225941050084,2.957517836695434,0.6666666666666666,0.9444444444444444,0.8967330993290071,1.2211861605625236,1.324550740784813,0.55,0.45,1,0.0,0.0,0.0,0.0,0.0,0.0,0.0,0.0,0.0,0.0,0.0,0.0,0.0,0.0,0.0,0.0,0.0,0.0,0.0,0.0,0.0,0.0,0.0,0.0,0.0,0.0,0.0,0.0,-5.155820422378439,-2.6516379513607298,-2.6516379513607298,-12.747137081316184,9,0.8214285714285714,,
4225f097-0cee-4e43-b5b9-6efbab4c3447,frontierscience,deepseek/deepseek-v3.2_reasoning-auto,physics,,deepseek/deepseek-v3.2,1,is_correct,True,,True,,,,53,0.1291383835018733,-0.222562297688375,-0.3517006811902483,2.549391801351649,9.750336649388007,-6.6685818736514175,3.081754775736591,-1.4427490563599268,0.4154493158785594,0.0983993384302382,1.5411483947901652,54.69986218312533,0.0064296447404715,11,7,0.7368421052631579,0.2105263157894736,6.446019575963042,3.304317073424966,6.114719884913404,6.567217660201262,0.8888888888888888,0.9444444444444444,5.250050240987104,0.8629393732376128,1.19297448087702,0.5,0.5,2,1.2442037476067362,-1.2442037476067362,-2.4884074952134725,0.755203031568351,2.4884074952134725,-1.2442037476067362,1.2442037476067362,0.8512973009940827,-0.0654844077687755,-0.916781708762858,-1.7680790097569408,2.4884074952134725,1.0,0.0,1.0,0.0,1.0,0.0,2.4884074952134725,-0.130968815537551,0.1309688155375514,0.4444444444444444,1.0,1.1102230246251563e-16,0.327422038843878,0.3274220388438779,0.5,0.5,1.3606211401667052,2.8273871854618164,0.3389796902483439,-9.984163688923871,55,0.0522496371552975,1.0,
90ddb7c3-4bf1-43b6-820a-c89f3858781a,frontierscience,deepseek/deepseek-v3.2_reasoning-auto,biology,,deepseek/deepseek-v3.2,1,is_correct,True,,True,,,,60,-2.765850884274716,0.1451543928811639,2.91100527715588,1.5771083102317067,6.438717132040583,-4.6129100346281415,1.8258070974124416,-0.3982555830336466,-0.648878917684144,-1.6464971638753083,-1.2482415808416616,32.02146607826532,0.0909079325113016,12,11,0.2105263157894736,0.7368421052631579,4.758064427509305,1.680652704531278,3.1736879184115985,4.650903877043462,0.7777777777777778,0.7222222222222222,2.9967593887154904,0.2487756818683787,1.109221906282198,0.35,0.65,2,1.2155501550054095,-1.2155501550054095,-2.4311003100108195,0.7378109605032461,2.4311003100108195,-1.2155501550054095,1.2155501550054095,0.831692211319491,-0.0639763239476531,-0.895668535267144,-1.727360746586635,2.4311003100108195,1.0,0.0,1.0,0.0,1.0,0.0,2.4311003100108195,-0.1279526478953061,0.1279526478953063,0.0555555555555555,0.0,9.868649107779167e-17,0.3198816197382657,0.3198816197382657,0.5,0.5,1.3755473006887835,2.445943062813029,0.0148427528022097,-9.48253814072162,62,0.0446327683615819,1.0,
896bb6e5-d69d-4e9c-9f57-e86b485fd2cf,frontierscience,deepseek/deepseek-v3.2_reasoning-auto,chemistry,,deepseek/deepseek-v3.2,0,is_correct,False,,True,,,,69,-0.0367733304564057,2.14858271871163,2.1853560491680355,1.9537166172787253,7.3350305190956675,-2.930527570764744,4.404502948330923,1.5123053036174954,1.454756210529411,0.552554430001687,-0.9597508736158084,42.089311680621485,0.051921876645329,12,5,0.3684210526315789,0.8421052631578947,5.0791102894763736,2.255920229619293,4.218024263175611,5.438239202756707,0.5,0.8333333333333334,3.701396349611391,1.5570072112286166,0.3527693522766933,0.75,0.25,20,-2.361325842198633,-2.4105732556202333,-0.0492474134216003,2.9683682587841296,10.291300572229538,-5.040398057197838,5.2509025150317,0.4809875926136658,-0.2168567135173544,-0.3081526922790298,-0.7891402848926956,78.3826144208294,0.0006282951109182,11.0,12.0,0.631578947368421,0.5263157894736842,2.629824801577605,7.661475770651933,7.26751368315993,9.36046455020806,0.2777777777777778,0.3333333333333333,6.707202788630194,1.1794697479226974,1.1794697479226972,0.5,0.5,-0.1551378230692489,-4.665046383979512,-4.714293797401112,0.2319194948437868,89,0.0366581415174765,0.1,0.4
e1b0b588-915d-46ad-990e-ba5aa554053e,frontierscience,deepseek/deepseek-v3.2_reasoning-auto,physics,,deepseek/deepseek-v3.2,0,is_correct,False,,True,,,,34,2.9332084716586344,-4.766267933702377,-7.699476405361011,2.320432225004345,8.48696069413273,-4.766267933702377,3.720692760430353,0.9745483488098384,0.1311539832039204,-1.9676249419551184,-2.9421732907649565,41.33667581414053,0.1862625925698447,12,9,0.4210526315789473,1.0,0.0,8.48696069413273,3.495463187641492,4.2162928868124325,0.0555555555555555,0.0,3.4234464416436365,0.8469668887498247,1.0502585551315449,0.4,0.6,2,1.1113307779704318,-1.1113307779704318,-2.222661555940864,0.6745521979120104,2.222661555940864,-1.1113307779704318,1.1113307779704318,0.7603842165060849,-0.058491093577391,-0.8188753100834759,-1.5792595265895608,2.222661555940864,1.0,0.0,1.0,0.0,1.0,0.0,2.222661555940864,-0.116982187154782,0.1169821871547824,0.6666666666666666,0.5555555555555556,1.1102230246251563e-16,0.2924554678869557,0.2924554678869557,0.5,0.5,1.256119248646646,7.133717960319455,4.911056404378591,-8.07082022244849,36,0.0944741532976827,1.0,
5c97845c-c039-48d8-abcf-703afc476b98,frontierscience,deepseek/deepseek-v3.2_reasoning-auto,physics,,deepseek/deepseek-v3.2,0,is_correct,False,,True,,,,189,2.795338996082076,-4.6612899833190165,-7.456628979401092,2.0112924297278365,8.536259812084488,-4.6612899833190165,3.874969828765472,0.8647932046550483,-0.2961336628912692,0.1420673135732424,-0.7227258910818058,38.03669684173464,0.1960377634900075,12,9,0.9473684210526316,1.0,0.0,8.536259812084488,2.849017710830818,8.536259812084488,0.8333333333333334,1.0,3.200202752190002,0.8953743885173526,0.6537233548280573,0.5,0.5,2,3.657632943328304,-3.657632943328304,-7.315265886656608,2.220098993013876,7.315265886656608,-3.657632943328304,3.657632943328304,2.5025909612246293,-0.1925069970172788,-2.695097958241908,-5.197688919466538,7.315265886656608,1.0,0.0,1.0,0.0,1.0,0.0,7.315265886656608,-0.3850139940345576,0.3850139940345594,0.6111111111111112,0.7222222222222222,5.181040781584064e-16,0.962534985086396,0.9625349850863956,0.5,0.5,1.1332397313573894,9.45216265800471,2.136896771348102,-2.9897702466215,191,0.0117077563886074,1.0,
d50f3722-14fb-485a-a417-ed6ae79f3c07,frontierscience,deepseek/deepseek-v3.2_reasoning-auto,physics,,deepseek/deepseek-v3.2,0,is_correct,False,,True,,,,83,-2.508130317843783,-2.240926116134748,0.2672042017090348,2.3541208100313757,9.888898712640316,-6.676563527271943,3.2123351853683726,-2.2537935464579184,0.6467613109055027,-1.0583479032047187,1.1954456432531997,44.76193241199458,0.0059694518826768,12,8,0.4736842105263157,0.3157894736842105,4.435637411137195,5.453261301503121,5.642410960626188,8.152592687944743,0.3888888888888889,0.2777777777777778,4.2124508001043095,0.5929685698262672,1.4729342232310283,0.35,0.65,12,4.789500482683088,2.655059332948435,-2.1344411497346525,2.508000376375937,8.983862933907776,-4.194362451224688,4.789500482683088,0.7187669136282455,-0.6890040127832908,-0.3798683134822881,-1.0986352271105335,57.79822734258735,0.0369291801473976,9.0,10.0,0.0,0.3684210526315789,6.849421784173122,2.1344411497346525,5.485281665968675,5.543135622790109,0.6111111111111112,0.0,4.028494159918669,0.935835006933163,1.039378485682115,0.4,0.6,0.0032198141359719,7.033646412953807,4.899205263219155,-4.084153514601244,95,0.0293858360270349,0.1666666666666666,0.0
c330f0d8-a6ff-4ddd-940c-4d263df8bea6,frontierscience,deepseek/deepseek-v3.2_reasoning-auto,chemistry,,deepseek/deepseek-v3.2,0,is_correct,False,,True,,,,41,2.808985324697813,-2.2866664157899543,-5.095651740487767,2.918753812106332,9.840550586903966,-4.942349649564525,4.89820093733944,0.5646696661221081,0.508419639469534,0.2715296172616581,-0.29314004886045,81.8711312910855,0.0622399087459855,13,13,0.5263157894736842,0.4736842105263157,2.6556832337745706,7.184867353129395,9.840550586903966,6.835188286817632,0.5,0.9444444444444444,8.442816428109996,1.5749600965984931,1.1179199544629213,0.55,0.45,23,-0.4299384268120122,2.0839310278330343,2.513869454645046,1.9864213189439492,8.474954579350328,-4.637815729538302,3.837138849812026,0.750825311664621,-0.9289011586358148,0.2400413194522978,-0.5107839922123232,52.52696713128848,0.0478586446531694,14.0,13.0,0.0526315789473684,0.3684210526315789,6.721746757371336,1.7532078219789915,5.111923195229661,6.164607541453416,0.3888888888888889,0.3333333333333333,5.031848353132304,0.7877695693660349,0.7780837199702633,0.55,0.45,0.8483524343889308,2.705080423366873,5.21894987801192,-0.4495706539566804,64,0.0585365853658536,0.0869565217391304,0.47000000000000003
f4681d73-b08d-450c-89d3-85b9d1250419,frontierscience,deepseek/deepseek-v3.2_reasoning-auto,physics,,deepseek/deepseek-v3.2,0,is_correct,False,,True,,,,78,-2.484552479193192,-2.508576354137994,-0.0240238749448025,2.510273817151647,10.197349918414536,-4.695826634199684,5.501523284214852,-1.9757686105509025,-1.4143663851402395,-0.4799052883571923,1.49586332219371,59.40580419592868,0.0004044028234272,14,6,0.7368421052631579,0.5789473684210527,2.18725028006169,8.010099638352846,8.951826838179104,8.409838601968097,0.7222222222222222,0.9444444444444444,6.363153107813014,0.5190673656734781,1.849586200672536,0.15,0.85,4,1.9267546812659555,-0.7765512437908688,-2.7033059250568243,1.828514698780794,4.900967066802973,-2.965048229114025,1.935918837688948,1.931336759477452,-0.9165226487913266,-1.6884249876755175,-3.619761747152969,7.098628208549123,0.3808208918169766,2.0,1.0,0.3157894736842105,0.6842105263157895,2.1884969853231566,2.7124700814798164,0.3647494975538599,0.7931146345982434,0.9444444444444444,0.5555555555555556,0.1084725625641212,0.7770806208630022,0.928423178425514,0.45,0.55,0.6855502939108488,5.120881329314798,2.417575404257974,-7.643525704644492,82,0.0323010323010323,0.5,
677d66f3-b5f3-432d-bb04-2a8807d5491f,frontierscience,deepseek/deepseek-v3.2_reasoning-auto,chemistry,,deepseek/deepseek-v3.2,0,is_correct,False,,True,,,,67,-2.471433871861525,-2.411227175290318,0.0602066965712069,2.639959192538284,9.64558961612726,-4.4901616769656485,5.15542793916161,1.4222521177697776,0.3350843716736677,-1.5195313533453592,-2.9417834711151367,63.32461137877393,0.0009507629855173,11,10,0.1052631578947368,0.5789473684210527,2.0789345016753304,7.566655114451928,6.5155980215465785,4.874482543284811,0.6111111111111112,0.5555555555555556,4.958448734578134,1.184282731247415,1.0250743659458168,0.55,0.45,2,3.700541550995269,-3.700541550995269,-7.401083101990537,2.246143530054373,7.401083101990537,-3.700541550995269,3.700541550995269,2.531949482259921,-0.1947653447892244,-2.7267148270491446,-5.258664309309065,7.401083101990537,1.0,0.0,1.0,0.0,1.0,0.0,7.401083101990537,-0.3895306895784483,0.38953068957845,0.6666666666666666,0.7222222222222222,3.7007434154171886e-16,0.9738267239461234,0.9738267239461232,0.5,0.5,1.2396795827724063,7.351448309057993,-0.0496347929325438,-4.574521837611847,69,0.0388964269561284,1.0,
431c9b49-2795-4750-ae7b-ae9f1450cb4e,frontierscience,deepseek/deepseek-v3.2_reasoning-auto,chemistry,,deepseek/deepseek-v3.2,0,is_correct,False,,True,,,,48,-0.1442242893359737,-2.3680026710938766,-2.223778381757903,2.2205367417866477,9.678567841017651,-3.9380421116333113,5.74052572938434,0.2980615638663008,-0.0393708814198056,-0.1553994381399014,-0.4534610020062022,61.88690141410838,0.0359329410738755,15,16,0.5789473684210527,0.4210526315789473,1.570039440539435,8.108528400478217,6.341394078302451,8.443762712319474,0.5555555555555556,0.6111111111111112,6.103679461804496,0.9110001430132822,0.8670782355989793,0.5,0.5,32,5.114692240559563,-2.325407371485088,-7.440099612044651,2.197504236579101,8.203782407773751,-3.089090167214189,5.114692240559563,1.1382662065733882,-0.0016402725495072,-0.6292133813904159,-1.767479587963804,53.65400130076397,0.1386681222587347,12.0,13.0,0.0,0.0526315789473684,0.763682795729101,7.440099612044651,6.225731896529962,8.203782407773751,0.2222222222222222,0.0,4.746074186351573,0.908573539315386,0.6995184768241525,0.55,0.45,-0.1987546641039203,7.28394024754952,-0.1561593644951315,-2.45607571291486,80,0.050531914893617,0.0665322580645161,0.375
676e50c1-cea4-4361-81e1-d4409a23422c,frontierscience,deepseek/deepseek-v3.2_reasoning-auto,biology,,deepseek/deepseek-v3.2,0,is_correct,False,,True,,,,31,0.4335316090760362,-2.26156899472206,-2.695100603798096,2.0410031322497004,7.020422731405139,-4.120678701860856,2.899744029544284,-0.124385943324793,0.1575117122207051,-1.048622794269871,-0.924236850945078,55.58702252580834,0.0484843490681083,14,13,0.5263157894736842,0.631578947368421,1.859109707138796,5.161313024266343,5.394269522291591,6.152483384971164,0.6666666666666666,0.2222222222222222,5.428477299766192,0.7244366898918643,1.0274295090592562,0.45,0.55,18,1.9856581373030344,-0.3437091383612903,-2.3293672756643247,2.0389582331688154,10.12442805603496,-5.004173145946284,5.120254910088676,0.298882637707166,-0.1557381461085162,-0.1949489675846594,-0.4938316052918254,47.72472253768588,0.0488083984946153,10.0,11.0,0.4210526315789473,0.5263157894736842,4.660464007584994,5.463964048449966,6.930096564180555,6.8223813698616524,0.3888888888888889,0.5,4.023294691920011,0.7413721105039874,0.7497562287198578,0.6,0.4,0.7914588540195004,5.0386859860445945,2.70931871038027,1.35420325798124,49,0.0731182795698924,0.1241830065359477,0.1
f7b49518-6e84-44e3-9480-4cf91d149702,frontierscience,deepseek/deepseek-v3.2_reasoning-auto,biology,,deepseek/deepseek-v3.2,0,is_correct,False,,True,,,,150,0.1626103042391099,-4.884108435807607,-5.0467187400467175,2.0507127655389104,9.420894158096594,-4.884108435807607,4.536785722288988,-0.1807491406667088,0.0815063042753099,-0.6361915233352301,-0.4554423826685212,39.784786946874064,0.1268504653998969,8,9,0.6842105263157895,1.0,0.0,9.420894158096594,6.585889011961259,4.207319925698794,0.6666666666666666,0.6111111111111112,2.859744713235388,0.6864987712736003,0.9120912210111588,0.5,0.5,2,1.1058031122881538,-1.1058031122881538,-2.2116062245763075,0.6711970320971007,2.2116062245763075,-1.1058031122881538,1.1058031122881538,0.7566021294603157,-0.0582001638046396,-0.8148022932649553,-1.571404422725271,2.2116062245763075,1.0,0.0,1.0,0.0,1.0,0.0,2.2116062245763075,-0.1164003276092791,0.1164003276092795,0.6666666666666666,0.7222222222222222,1.2335811384723962e-16,0.2910008190231984,0.2910008190231983,0.5,0.5,1.2544617624170733,7.244373310512834,5.032767085936527,-7.982567681672002,152,0.0151230425055928,1.0,
0eb69a4c-0774-46b6-87dd-6686f639b7fa,frontierscience,deepseek/deepseek-v3.2_reasoning-auto,chemistry,,deepseek/deepseek-v3.2,0,is_correct,False,,True,,,,28,3.097681231303752,-1.7487015038178102,-4.846382735121562,1.8891773168997712,7.706216123483888,-2.355435566401677,5.350780557082211,0.4385836678040244,0.6561616956147961,-1.08920802390037,-1.5277916917043943,42.927103924640505,0.1128979663671114,12,13,0.5263157894736842,0.7368421052631579,0.6067340625838673,7.099482060900021,5.524080398624932,5.869156339192998,0.5,0.5555555555555556,4.111774576763922,0.7435777048278468,0.6871792348013708,0.4,0.6,28,4.835122289377836,-0.2383048494300333,-5.073427138807869,1.8762811686209655,7.529016137657325,-2.6938938482794894,4.835122289377836,0.5831268474185443,-0.3250557224140631,-0.0803816830236337,-0.6635085304421781,41.589948714431706,0.1219868572967821,11.0,9.0,0.0,0.5263157894736842,2.455588998849456,5.073427138807869,5.776041710289411,3.680414531164005,0.5555555555555556,0.9444444444444444,3.643203431099511,0.7640885988412126,0.6978782099967344,0.45,0.55,0.8071101327170738,7.390933925912719,2.3175067871048505,0.0758255058017454,56,0.0767195767195767,0.0873015873015873,0.55
eeb31abb-41cb-4fe6-9864-f98fdcef338d,frontierscience,deepseek/deepseek-v3.2_reasoning-auto,biology,,deepseek/deepseek-v3.2,1,is_correct,True,,True,,,,18,0.2038671419279541,-1.3692715712470265,-1.5731387131749806,2.686481462454396,9.964094681256697,-5.695732269444035,4.26836241181266,-1.100662137244651,1.1814221740142494,-0.1067408311226996,0.9939213061219514,50.17616691617202,0.0313523094700155,10,7,0.4736842105263157,0.5263157894736842,4.326460698197009,5.637633983059686,6.456753647756397,9.964094681256697,0.5555555555555556,0.5,4.423016450887924,1.1572317622629409,1.1609879987303913,0.55,0.45,2,1.221906706151998,-1.221906706151998,-2.443813412303996,0.7416692407129437,2.443813412303996,-1.221906706151998,1.221906706151998,0.8360414305250513,-0.0643108792711577,-0.900352309796209,-1.7363937403212604,2.443813412303996,1.0,0.0,1.0,0.0,1.0,0.0,2.443813412303996,-0.1286217585423152,0.1286217585423159,0.6111111111111112,0.9444444444444444,2.0970879354030732e-16,0.321554396355789,0.3215543963557888,0.5,0.5,1.453109337770385,4.044287615169409,1.6004742028654135,-8.692527702041726,20,0.2418300653594771,1.0,
4842f95d-b84a-4ff4-8165-64fc7bfcf00d,frontierscience,deepseek/deepseek-v3.2_reasoning-auto,chemistry,,deepseek/deepseek-v3.2,1,is_correct,True,,True,,,,246,2.524309174195829,-2.527266048623715,-5.051575222819544,1.4556845427632006,5.118404562509001,-2.527266048623715,2.591138513885286,0.188174388387923,-0.1469808528215447,0.8100023442185832,0.6218279558306602,30.368198754157987,0.1663442492494846,14,9,0.9473684210526316,1.0,0.0,5.118404562509001,2.628385065836319,5.118404562509001,0.2777777777777778,1.0,2.614583076325165,0.7435816920244808,0.4861632513106732,0.65,0.35,1,0.0,0.0,0.0,0.0,0.0,0.0,0.0,0.0,0.0,0.0,0.0,0.0,0.0,0.0,0.0,0.0,0.0,0.0,0.0,0.0,0.0,0.0,0.0,0.0,0.0,0.0,0.0,0.0,2.6624105825342967,5.189676631158012,5.189676631158012,-13.569577130221624,247,0.0087937614070018,,
ee749fc0-8faa-45f7-881b-b5703b1a4b01,frontierscience,deepseek/deepseek-v3.2_reasoning-auto,chemistry,,deepseek/deepseek-v3.2,1,is_correct,True,,True,,,,25,-0.0147090791747515,1.825109515027341,1.839818594202093,2.951298169904259,12.875820026908002,-7.597198308071111,5.27862171883689,0.5732626929017101,-1.171074142705723,1.0419011808198908,0.4686384879181807,67.34276487672075,0.0273202117194045,11,9,0.1578947368421052,0.3684210526315789,9.422307823098452,3.4535122038095483,11.863819850340349,6.231286514736034,0.3888888888888889,0.4444444444444444,6.098931415653593,1.175305554811208,1.071969207996645,0.45,0.55,2,2.54954035404384,-2.54954035404384,-5.09908070808768,1.5475123010868277,5.09908070808768,-2.54954035404384,2.54954035404384,1.74442234750368,-0.1341863344233598,-1.87860868192704,-3.62303102943072,5.09908070808768,1.0,0.0,1.0,0.0,1.0,0.0,5.09908070808768,-0.2683726688467196,0.2683726688467205,0.6111111111111112,0.5555555555555556,3.20731096002823e-16,0.6709316721168002,0.6709316721167998,0.5,0.5,-0.1239150992834861,0.6005157397330123,-4.498564968354668,-8.445490862960135,27,0.1433333333333333,1.0,
fcbd76ad-1b45-4f40-ad9d-d2bc5016f02c,frontierscience,deepseek/deepseek-v3.2_reasoning-auto,biology,,deepseek/deepseek-v3.2,0,is_correct,False,,True,,,,11,0.364432759996133,-1.9874457237230143,-2.3518784837191475,3.616321331619888,13.703117342018857,-7.876800935354159,5.826316406664698,-0.0483259107307094,1.2017908860669688,-1.231813491314974,-1.1834875805842646,47.07442495779432,0.0499608542393832,7,5,0.3157894736842105,0.8947368421052632,5.889355211631145,7.813762130387712,5.948063445806357,7.026443805745821,0.2222222222222222,0.8888888888888888,2.789269727247889,1.5396711008375292,1.5055024068643306,0.45,0.55,2,-1.1585796608167556,1.1585796608167556,2.317159321633511,0.7032311820674575,2.317159321633511,-1.1585796608167556,1.1585796608167556,-0.7927123995062013,0.0609778768850923,0.8536902763912936,1.646402675897495,2.317159321633511,1.0,0.0,1.0,1.0,0.0,2.317159321633511,0.0,0.1219557537701852,0.0,0.9444444444444444,0.6111111111111112,1.9737298215558335e-16,0.304889384425462,0.304889384425462,0.5,0.5,1.308383166377928,2.137249229284187,4.454408550917698,-13.57908665852026,13,0.4909090909090909,1.0,
e2bef5ee-c2ee-4704-b52a-63bb2e7aea7a,frontierscience,deepseek/deepseek-v3.2_reasoning-auto,physics,,deepseek/deepseek-v3.2,0,is_correct,False,,False,,,,51,2.5617687703491208,-2.6101812786957352,-5.171950049044856,2.5267671690279307,9.116515479554216,-4.70098579228924,4.415529687264976,0.7792163437274207,-0.0592434816757888,-1.5247196303659527,-2.303935974093373,54.508092539808494,0.0948840769885254,13,9,0.4210526315789473,0.5789473684210527,2.0908045135935045,7.025710965960711,6.038090193223098,4.669143841156063,0.3888888888888889,0.5555555555555556,5.0638469435987865,0.9595443552493762,1.164969742641091,0.35,0.65,0,,,,,,,,,,,,,,,,,,,,,,,,,,,,,,,,,51,0.0549019607843137,,
bb0539ef-d9fd-4215-bf16-b0eca44a8778,frontierscience,deepseek/deepseek-v3.2_reasoning-auto,physics,,deepseek/deepseek-v3.2,1,is_correct,True,,True,,,,51,0.4279301079555813,-4.303896340509099,-4.73182644846468,2.046358899035857,6.6754883075384726,-4.499085825055088,2.176402482483384,0.7492467014466584,-1.2170761071989618,-1.258474826222021,-2.0077215276686795,49.83000694543096,0.0949593776626706,13,11,0.3157894736842105,0.4210526315789473,0.1951894845459891,6.4802988229924825,6.482939409768869,6.356464697313319,0.8888888888888888,0.8333333333333334,4.571449399384287,0.5446115524899909,1.085894292369903,0.45,0.55,2,4.786930994962924,-4.786930994962924,-9.573861989925849,2.905556912409456,9.573861989925849,-4.786930994962924,4.786930994962924,3.2752685755009487,-0.2519437365769957,-3.527212312077944,-6.802480887578893,9.573861989925849,1.0,0.0,1.0,0.0,1.0,0.0,9.573861989925849,-0.5038874731539904,0.5038874731539931,0.8333333333333334,0.5555555555555556,8.881784197001252e-16,1.2597186828849805,1.25971868288498,0.5,0.5,2.5371766805160947,11.628004015988118,2.0541420260622694,-2.683491606073563,53,0.0541176470588235,1.0,
6e9aca19-46c4-46ea-9643-86b138e8f2f5,frontierscience,deepseek/deepseek-v3.2_reasoning-auto,physics,,deepseek/deepseek-v3.2,1,is_correct,True,,True,,,,124,-0.0910667316292474,0.2814255110580675,0.3724922426873149,2.1812572694984933,8.494182192218018,-4.074629969497082,4.419552222720936,0.3132728499082075,1.66938983378191,-0.1798979812067283,-0.4931708311149358,59.49707019551376,0.0062606821052409,13,13,0.5789473684210527,0.2105263157894736,4.356055480555149,4.138126711662869,6.346475766207489,5.286480030384581,0.2222222222222222,0.4444444444444444,5.5675645371057705,1.211676514794478,0.5717139698649554,0.55,0.45,2,3.7674922249911873,-3.7674922249911873,-7.534984449982375,2.286781047876127,7.534984449982375,-3.7674922249911873,3.7674922249911873,2.5777578381518644,-0.1982890644732201,-2.7760469026250854,-5.353804740776949,7.534984449982375,1.0,0.0,1.0,0.0,1.0,0.0,7.534984449982375,-0.39657812894644,0.3965781289464418,0.6111111111111112,0.7222222222222222,5.181040781584064e-16,0.991445322366102,0.9914453223661016,0.5,0.5,1.3017301830912231,4.787796897024343,-2.747187552958032,-4.4778165178727605,126,0.0187516391292945,1.0,
319ae242-19fc-4542-b75a-d32b325ea923,frontierscience,deepseek/deepseek-v3.2_reasoning-auto,chemistry,,deepseek/deepseek-v3.2,0,is_correct,False,,True,,,,306,0.1405053845191713,-0.0088158305693983,-0.1493212150885696,1.9582535810440544,8.015786510089946,-3.744270653456312,4.271515856633635,-0.2222603642285915,-0.0643062555500884,-0.2101530521110325,0.012107312117559,53.11562580023793,0.0028112483443224,13,13,0.8421052631578947,0.1578947368421052,3.735454822886913,4.2803316872030335,6.321230547843751,6.502887888330157,0.8333333333333334,0.8888888888888888,5.4700141581453,0.7184186936834477,0.8817629262392954,0.55,0.45,2,-0.0005766981574257,0.0005766981574257,0.0011533963148515,0.000350042505197,0.0011533963148515,-0.0005766981574257,0.0005766981574257,-0.0003945829498176,3.0352534601356856e-05,0.0004249354844189,0.0008195184342366,0.0011533963148515,1.0,0.0,1.0,1.0,0.0,0.0011533963148515,0.0,6.070506920271396e-05,0.0,0.7777777777777778,0.0555555555555555,7.228014483236696e-20,0.0001517626730067,0.0001517626730067,0.5,0.5,0.0031296298953762,0.0113687623073488,0.0125221586222004,-10.370523258978956,308,0.0069645344476588,1.0,
7e32b7a6-9340-4a41-8c1f-89a0a91a6d3f,frontierscience,deepseek/deepseek-v3.2_reasoning-auto,biology,,deepseek/deepseek-v3.2,0,is_correct,False,,False,,,,48,2.818834134649568,-0.1061814535284449,-2.925015588178013,2.174843555157599,7.620765053286057,-4.018083240155687,3.60268181313037,0.7292567864831941,0.0279129076026745,0.3029710201646664,-0.4262857663185277,63.05779316581471,0.0463862663332744,14,15,0.3157894736842105,0.5789473684210527,3.9119017866272414,3.708863266658815,6.443466441345935,6.762013659461648,0.5,0.5555555555555556,5.915486251209046,1.109672096492754,0.7537713975132999,0.5,0.5,0,,,,,,,,,,,,,,,,,,,,,,,,,,,,,,,,,48,0.0593971631205673,,0.125
4adee97f-5a2a-42f4-9152-ca7bbd9b4148,frontierscience,deepseek/deepseek-v3.2_reasoning-auto,chemistry,,deepseek/deepseek-v3.2,0,is_correct,False,,True,,,,74,2.7473645574487384,-0.4005963030740409,-3.14796086052278,2.2106526548030696,8.726989799603828,-4.541808329194037,4.18518147040979,-0.5847796796614578,-0.970941321530982,0.425165704314365,1.0099453839758228,52.56154172752269,0.0598909536718254,13,9,0.631578947368421,0.6842105263157895,4.141212026119996,4.585777773483831,7.359646374022372,8.726989799603828,0.6111111111111112,0.6666666666666666,5.0761289610529685,0.6487995173301174,1.0657521564531618,0.4,0.6,24,-2.3676013704255574,2.712477323406876,5.080078693832434,2.4662774079971896,7.843002317923663,-3.798985201463518,4.044017116460145,0.4371698124948041,-0.3515987664582412,-0.0887357050917353,-0.5259055175865395,73.14839375860257,0.0694489438906509,12.0,13.0,0.3157894736842105,0.9473684210526316,6.511462524870394,1.3315397930532686,6.511462524870394,6.235141002194856,1.0,0.1111111111111111,6.386124817338101,1.0979225835233646,1.0945934289380883,0.5,0.5,-0.2271890008844704,-2.194194068235987,2.8858846255964465,-1.8941745166650497,98,0.0318400592373195,0.0833333333333333,0.4
16318af5-cfa6-4b2c-bf25-9eb3ac468b48,frontierscience,deepseek/deepseek-v3.2_reasoning-auto,physics,,deepseek/deepseek-v3.2,1,is_correct,True,,True,,,,45,-2.5086157895730072,-4.644940289605852,-2.136324500032845,2.432745557286625,9.26872699088403,-4.644940289605852,4.623786701278178,-0.3679693712026838,0.5540998889362718,-0.6280281690490296,-0.2600587978463458,59.25569694332349,0.0360526432095834,14,12,0.1578947368421052,1.0,0.0,9.26872699088403,4.432961120963444,6.444704315204793,0.7222222222222222,0.1666666666666666,5.385937039021177,0.9841645796484076,1.1074273491563609,0.55,0.45,2,3.63744771025012,-3.63744771025012,-7.27489542050024,2.2078470212263928,7.27489542050024,-3.63744771025012,3.63744771025012,2.488780012276397,-0.1914446163289535,-2.680224628605352,-5.169004640881749,7.27489542050024,1.0,0.0,1.0,0.0,1.0,0.0,7.27489542050024,-0.3828892326579067,0.3828892326579081,0.6111111111111112,0.5555555555555556,4.6876083261951055e-16,0.9572230816447684,0.9572230816447682,0.5,0.5,1.1439838179369504,9.426371817792925,2.151476397292683,-3.0599246999576053,47,0.0646464646464646,1.0,
50f7d1e4-51bd-4013-a570-a02988ca3aa2,frontierscience,deepseek/deepseek-v3.2_reasoning-auto,chemistry,,deepseek/deepseek-v3.2,1,is_correct,True,,True,,,,26,0.1520747487247942,-2.3662792726477937,-2.518354021372588,2.6928189408890235,11.496527148198156,-6.630211138632398,4.8663160095657565,0.4889530741395205,-0.638321002015163,-0.0631130050055138,-0.5520660791450344,66.85545110667994,0.0376686415196585,11,9,0.3157894736842105,0.1578947368421052,4.263931865984604,7.23259528221355,10.130325013628545,6.318930553932344,0.1666666666666666,0.1111111111111111,5.711057188090941,0.993401221145197,1.064613897403326,0.55,0.45,2,3.707654661556681,-3.707654661556681,-7.415309323113362,2.2504610244118624,7.415309323113362,-3.707654661556681,3.707654661556681,2.536816347380888,-0.1951397190292988,-2.7319560664101856,-5.268772413791073,7.415309323113362,1.0,0.0,1.0,0.0,1.0,0.0,7.415309323113362,-0.390279438058597,0.3902794380585987,0.6666666666666666,0.7222222222222222,3.7007434154171886e-16,0.9756985951464952,0.9756985951464948,0.5,0.5,1.1886962081501988,7.2626301423546735,-0.1526791807586889,-4.966198230767382,28,0.1384615384615384,1.0,
a6176b58-f026-4fbc-9301-28190a36879c,frontierscience,deepseek/deepseek-v3.2_reasoning-auto,chemistry,,deepseek/deepseek-v3.2,0,is_correct,False,,True,,,,59,-2.559879934238087,-4.814434531703935,-2.254554597465848,2.4400494322244577,7.770201121446631,-4.814434531703935,2.955766589742696,-1.546122749263302,0.4440598566733366,0.2813174021513657,1.827440151414668,57.65940671711269,0.0391012451537542,14,12,0.7894736842105263,1.0,0.0,7.770201121446631,5.1849308416534114,7.085570849507313,0.0555555555555555,1.0,5.559983978992323,0.9110625747069704,1.2123893664680483,0.5,0.5,25,2.258680428268461,2.4122999538013574,0.1536195255328962,2.492187858545196,7.419297402922497,-4.274712861494727,3.14458454142777,-0.156286260904001,-0.11237164570845,0.2746104557487792,0.4308967166527802,69.4923399532434,0.002210596529578,14.0,12.0,0.2631578947368421,0.2105263157894736,6.687012815296084,0.7322845876264128,7.419297402922497,7.16783332892763,0.2222222222222222,0.3888888888888889,7.122163722440503,1.0921623852673563,1.1038095158570802,0.55,0.45,0.3054945022772567,7.378609462249653,7.532228987782549,-0.4670318588476654,84,0.0409117475160724,0.08,0.55
516da073-8d2a-4db5-a739-c752655ec14c,frontierscience,deepseek/deepseek-v3.2_reasoning-auto,physics,,deepseek/deepseek-v3.2,1,is_correct,True,,True,,,,20,-0.0055128484550843,-0.0137259625657977,-0.0082131141107133,2.855232487536933,10.937041439619303,-6.807207568102659,4.129833871516644,1.3024049517362373,-1.172197005739248,-0.1519092703298203,-1.4543142220660576,63.65937409558518,0.00012901657026,12,10,0.1052631578947368,0.5263157894736842,6.793481605536861,4.143559834082442,8.778957442361492,5.159106261970052,0.5555555555555556,0.3888888888888889,6.203968764091609,1.1440344546151269,1.1440344546151269,0.5,0.5,3,5.327018828145942,2.815706035684471,-2.511312792461471,3.770701730654945,12.892984170949257,-7.565965342803314,5.327018828145942,1.0734155569955135,-5.912930971950523,-0.0680915694510256,-1.1415071264465393,23.27465554943704,0.1078990315077816,1.0,2.0,0.0,0.5263157894736842,10.381671378487784,2.511312792461471,1.1535190420541994,1.4178677570501428,0.5555555555555556,0.0,0.1428548221724642,0.8893714875586862,2.6036293536282478,0.35,0.65,-0.6694281833497557,4.671316607361984,2.160003814900513,2.5327022523570517,23,0.1894736842105263,0.6666666666666666,
218df0c2-18db-495f-8c53-eb6758feaff2,frontierscience,deepseek/deepseek-v3.2_reasoning-auto,physics,,deepseek/deepseek-v3.2,1,is_correct,True,,True,,,,30,-2.597604222265697,2.4000612830156034,4.997665505281301,2.5695899404661917,8.700829214933025,-4.70281956505686,3.9980096498761646,0.149857123705176,-1.3261300943440069,0.9147495658281,0.764892442122924,55.35402337305448,0.0902854968933313,12,11,0.8947368421052632,0.5789473684210527,7.102880848072463,1.5979483668605612,7.418452785234368,5.0060173233958,0.8333333333333334,0.9444444444444444,4.878213806993644,1.0159429768759785,1.1532136468511394,0.55,0.45,5,2.874788982497793,-2.2776398483477727,-5.152428830845565,2.907426328186484,10.667887828724124,-5.866247589850685,4.8016402388734365,-2.0836672145899717,2.570225711155414,-0.7509868398110054,1.332680374778966,26.488204488293803,0.1945178591898378,2.0,3.0,0.5263157894736842,0.2631578947368421,3.5886077415029125,7.079280087221209,2.480686492278739,1.970780672719613,0.3888888888888889,0.1666666666666666,0.4615963498763229,1.182727039821876,1.2377276179672727,0.5,0.5,-0.5957710699422929,-0.1210433704601037,-5.273472201305669,-1.7259459138021214,35,0.1103448275862069,0.4,
e5e3780b-d0a6-4a42-b468-2b196bfe4663,frontierscience,deepseek/deepseek-v3.2_reasoning-auto,physics,,deepseek/deepseek-v3.2,0,is_correct,False,,True,,,,33,-0.0812277020489574,-0.2199119706869879,-0.1386842686380305,1.806685019170001,7.247855198854571,-3.652459210731089,3.595395988123482,0.6491942049964611,-0.8952299917158459,0.8019557138108556,0.1527615088143945,42.67087252427352,0.0032500921690583,13,10,0.2105263157894736,0.5789473684210527,3.432547240044101,3.81530795881047,4.030563669475937,6.242413071275362,0.3888888888888889,0.2222222222222222,4.472460294982613,0.7379757830227683,0.5835015942312964,0.5,0.5,30,2.433645490919691,-2.510949872415395,-4.944595363335086,2.3581604281266406,9.789686161772853,-5.770942500885295,4.018743660887557,-0.1809239017705472,-0.4829338108023543,0.28922116455134,0.4701450663218873,59.87481012142194,0.0825822303788152,10.0,11.0,0.5789473684210527,0.6842105263157895,3.2599926284699,6.529693533302952,7.2703314220151425,5.883427592779948,0.7222222222222222,0.6111111111111112,4.620598602991702,0.8595350354694377,1.0051188855045514,0.5,0.5,-0.0754521320440716,2.5781053295626077,-2.366490033772479,-0.2749310475889892,63,0.0795454545454545,0.0666666666666666,0.0
8f121749-9809-45f1-bcb8-7118ccb5d4cc,frontierscience,deepseek/deepseek-v3.2_reasoning-auto,chemistry,,deepseek/deepseek-v3.2,1,is_correct,True,,True,,,,25,0.0710819345995675,4.722992469314817,4.651910534715249,2.485181255613754,11.220025692470422,-6.497033223155604,4.722992469314817,0.8642857425664223,-1.09586348723481,0.7063363715961932,-0.1579493709702291,54.55898113326243,0.0852638820976655,12,10,1.0,0.4736842105263157,11.220025692470422,0.0,4.960846834221507,7.756816461927082,0.5,0.4444444444444444,4.621450020327494,1.0656631753772283,0.934814474532306,0.55,0.45,2,-2.555994575622446,2.555994575622446,5.111989151244892,1.5514298650002565,5.111989151244892,-2.555994575622446,2.555994575622446,-1.7488383938469367,0.134526030295918,1.8833644241428544,3.632202817989791,5.111989151244892,1.0,0.0,1.0,1.0,0.0,5.111989151244892,0.0,0.2690520605918371,0.0,0.7777777777777778,0.6666666666666666,3.7007434154171886e-16,0.672630151479591,0.672630151479591,0.5,0.5,0.0096275939829469,-7.269359450954315,-2.157370299709424,-7.844286795509259,27,0.1433333333333333,1.0,
1b340ded-5f04-4f7f-b8ca-d0887b292332,frontierscience,deepseek/deepseek-v3.2_reasoning-auto,biology,,deepseek/deepseek-v3.2,0,is_correct,False,,True,,,,24,2.731328568926574,-0.1717911670821239,-2.9031197360086978,1.9904449673638396,7.018936395327559,-3.539047873480861,3.479888521846698,1.344856436554567,-0.0136697609197187,-1.39749376967303,-2.742350206227597,38.29204573617015,0.075815216455423,11,7,0.2105263157894736,0.5789473684210527,3.367256706398737,3.651679688928822,4.79888062171422,4.926601915206174,0.6111111111111112,0.5555555555555556,3.4320586774085493,0.9035545783685558,0.8568873727982679,0.45,0.55,19,0.3893681284116064,2.864976003431766,2.47560787502016,2.522954445634641,9.47813669484411,-4.701314947205917,4.776821747638193,-0.485329362821266,-0.0115963523168436,0.5797466676611254,1.0650760304823914,59.788548980698565,0.0414060537883158,10.0,10.0,0.0526315789473684,0.1578947368421052,7.566290950637683,1.9118457442064272,7.535502380874906,8.449232526981806,0.1666666666666666,0.0555555555555555,4.926579372349359,1.051993712312179,1.05199371231218,0.5,0.5,-0.1210069375203342,0.4401523579733961,2.915760232993556,1.250548558786221,43,0.1376811594202898,0.1052631578947368,0.45
20fcf049-b356-45cf-83d8-833f280ee107,frontierscience,deepseek/deepseek-v3.2_reasoning-auto,physics,,deepseek/deepseek-v3.2,1,is_correct,True,,True,,,,40,-0.0366090727725839,-0.038278872231742,-0.0016697994591581,1.6426514908287386,6.804495959150587,-3.1033237664614197,3.701172192689168,-0.2456928448128452,0.6251227090893032,-0.0815509671730911,0.1641418776397541,37.542105258374754,4.44780453218093e-05,10,10,0.4210526315789473,0.7368421052631579,3.0650448942296773,3.739451064920909,4.039828367525482,3.639726221573119,0.2222222222222222,0.2777777777777778,3.0754705306138046,0.6764683314972407,0.5681331691524079,0.45,0.55,2,-3.755629589065341,3.755629589065341,7.511259178130683,2.279580700962832,7.511259178130683,-3.755629589065341,3.755629589065341,-2.569641297781549,0.1976647152139651,2.767306012995514,5.336947310777063,7.511259178130683,1.0,0.0,1.0,1.0,0.0,7.511259178130683,0.0,0.3953294304279309,0.0,0.0555555555555555,0.6666666666666666,4.1941758708061473e-16,0.9883235760698266,0.9883235760698266,0.5,0.5,-1.3038307836953544,-5.021181500528954,2.490077677601729,-4.465632291926994,42,0.0756410256410256,1.0,
0ea11f5b-df09-4330-92cc-302a63c22008,frontierscience,deepseek/deepseek-v3.2_reasoning-auto,physics,,deepseek/deepseek-v3.2,1,is_correct,True,,True,,,,60,-0.1245575601385032,-2.423725442991754,-2.2991678828532507,2.053104920738723,7.852234056846943,-4.609759296818212,3.242474760028731,0.3217502016402225,0.8831462928312954,-1.1198409617088736,-1.441591163349096,47.122437420618674,0.0487913615828207,14,12,0.5789473684210527,0.9473684210526316,2.186033853826458,5.666200203020486,4.519374878257336,5.097506406989906,0.3333333333333333,0.6111111111111112,4.593997741734016,0.8930083095462681,0.8072468249938985,0.5,0.5,9,2.677526655749153,-2.3130671505608493,-4.990593806310002,2.393486056242624,9.487519124834982,-4.85407429791481,4.633444826920173,-0.3628132074689473,-0.1036227860362994,0.6278390429600412,0.9906522504289884,36.25745769907156,0.1376432359855665,6.0,5.0,0.3684210526315789,0.5263157894736842,2.5410071473539606,6.9465119774810224,3.957373848397484,4.987304977307154,0.5555555555555556,0.4444444444444444,1.762926588184203,1.0238622080273023,0.9987630928661264,0.55,0.45,-0.4420985097491932,4.659153588991714,-0.3314402173182884,1.6077727346839126,69,0.0429378531073446,0.2222222222222222,
0f13c295-7991-43dc-a79f-d8f3d3fc0d57,frontierscience,deepseek/deepseek-v3.2_reasoning-auto,chemistry,,deepseek/deepseek-v3.2,0,is_correct,False,,True,,,,31,-2.761300606671285,-0.1164452272697298,2.6448553794015552,2.7127593253293845,8.845176357676603,-4.790068330648185,4.055108027028419,0.3481708921190486,-0.7484943206846957,0.3668327193564514,0.0186618272374027,63.195696853908494,0.0418518271191114,9,10,0.2631578947368421,0.631578947368421,4.673623103378455,4.171553254298149,5.568488762471245,5.515102328686529,0.3888888888888889,0.0555555555555555,4.717834557040503,1.1411122302890904,1.1711756144801315,0.45,0.55,5,-1.636637051652756,3.7410120009264594,5.377649052579216,2.254887224859972,7.475113652186787,-3.734101651260328,3.7410120009264594,-2.76135255652067,1.182954901968,1.1953839020256611,3.956736458546331,17.19841224507004,0.3126828788582347,3.0,3.0,1.0,0.2631578947368421,7.475113652186787,0.0,1.55723073577311,0.953229249159461,0.2777777777777778,0.5555555555555556,0.3664509522236904,0.8808620615473863,1.0746860700331229,0.45,0.55,-1.1980515054330785,-2.7182433298161044,2.659405722763111,-3.5181986860467163,36,0.1053763440860215,0.4,0.1
ae667a28-9659-4f33-a51e-7a19f133e111,frontierscience,deepseek/deepseek-v3.2_reasoning-auto,physics,,deepseek/deepseek-v3.2,0,is_correct,False,,False,,,,48,-2.458409885645838,5.290842126589376,7.749252012235214,2.7197810213020626,10.205211047537023,-4.914368920947648,5.290842126589376,-1.0847903485155774,0.5907224669003962,1.5979705878911603,2.682760936406738,58.18181925768076,0.1331902664974198,16,9,1.0,0.2105263157894736,10.205211047537023,0.0,5.428696550506633,6.041640097089729,0.3888888888888889,0.5555555555555556,5.586368726799404,1.2717975785022508,0.9653301607002164,0.55,0.45,0,,,,,,,,,,,,,,,,,,,,,,,,,,,,,,,,,48,0.0593971631205673,,
2db1b6e6-c019-4ce3-9b53-2292f7b2c38c,frontierscience,deepseek/deepseek-v3.2_reasoning-auto,physics,,deepseek/deepseek-v3.2,0,is_correct,False,,True,,,,104,-0.0942828388347712,2.634873695202736,2.7291565340375072,1.971625879527502,6.678976676190519,-2.548533982354383,4.130442693836136,0.4100508734579641,0.7051596914842019,-0.0212636965617593,-0.4313145700197234,47.078937458057496,0.0579697988398507,14,9,0.5263157894736842,0.2631578947368421,5.183407677557119,1.4955689986333995,5.277729419672172,4.540331182987175,0.8333333333333334,0.8888888888888888,4.4507169622670295,1.0218211705842344,0.6378765818230041,0.55,0.45,53,2.4955912662160986,2.702901242510634,0.2073099762945354,1.800810174007103,6.166299886175832,-3.463398643665198,2.702901242510634,-0.7314095495543109,-0.5018928175266876,0.917620320132715,1.649029869687026,32.68031559321895,0.0063435732651722,13.0,6.0,1.0,0.1578947368421052,6.166299886175832,0.0,3.662042450052717,3.377739996122437,1.0,0.0555555555555555,2.785279829346392,0.7040773143115044,0.8604470467500394,0.4,0.6,0.1293237397659913,-0.009958689220646,0.1973512870738893,-0.4315099633884891,157,0.0222180731889469,0.0377358490566037,0.4
adadda00-bef8-417d-97d6-cfd9dec33cba,frontierscience,deepseek/deepseek-v3.2_reasoning-auto,chemistry,,deepseek/deepseek-v3.2,1,is_correct,True,,True,,,,183,-0.019058045172871,-2.463409972364177,-2.444351927191306,1.9082357442783089,6.772425847708959,-2.463409972364177,4.309015875344782,-0.0179424124170158,1.8626358010394783,-0.3259893159381271,-0.3080469035211113,38.60469872288613,0.0633174719154643,8,8,0.631578947368421,1.0,0.0,6.772425847708959,3.271042133278549,3.975466191549968,0.1111111111111111,1.0,2.501598967497097,1.1002350266005931,0.5523891353641693,0.55,0.45,2,3.701006808257535,-3.701006808257535,-7.40201361651507,2.2464259305017262,7.40201361651507,-3.701006808257535,3.701006808257535,2.5322678161762084,-0.1947898320135543,-2.727057648189762,-5.25932546436597,7.40201361651507,1.0,0.0,1.0,0.0,1.0,0.0,7.40201361651507,-0.3895796640271083,0.3895796640271092,0.6666666666666666,0.0555555555555555,4.1941758708061473e-16,0.9739491600677724,0.9739491600677724,0.5,0.5,1.1779999233855296,7.342416704007242,-0.0595969125078283,-7.240538386759251,185,0.012129946556176,1.0,
a74ccc5b-fd37-49fa-b784-871dbcc41e9e,frontierscience,deepseek/deepseek-v3.2_reasoning-auto,chemistry,,deepseek/deepseek-v3.2,1,is_correct,True,,True,,,,143,-0.103953843519727,-0.2159392855572205,-0.1119854420374935,1.983328118721668,7.389900845243964,-3.9373634041014194,3.452537441142544,0.5997305282337424,0.5252666527407991,-1.1668393863358428,-1.7665699145695852,44.2253094055428,0.0025321573448044,11,12,0.631578947368421,0.5789473684210527,3.721424118544199,3.668476726699765,7.389900845243964,5.316223705099141,0.6111111111111112,0.5555555555555556,4.179828145733205,0.853686831140158,0.8099896336998214,0.45,0.55,2,-1.3358530738284262,1.3358530738284262,2.6717061476568524,0.8108320626952481,2.6717061476568524,-1.3358530738284262,1.3358530738284262,-0.9140047347247128,0.0703080565172855,0.9843127912419982,1.898317525966711,2.6717061476568524,1.0,0.0,1.0,1.0,0.0,2.6717061476568524,0.0,0.1406161130345715,0.0,0.9444444444444444,0.6111111111111112,1.9737298215558335e-16,0.3515402825864279,0.351540282586428,0.5,0.5,1.4837347281329056,0.3638209398617,3.0355270875185525,-9.16949059333054,145,0.0159558751108046,1.0,
fec1882e-053d-458a-a628-106fbb843235,frontierscience,deepseek/deepseek-v3.2_reasoning-auto,chemistry,,deepseek/deepseek-v3.2,0,is_correct,False,,True,,,,207,2.6792830094802853,0.3085947185742792,-2.3706882909060063,2.222952407826401,6.990261943510348,-4.310978934030062,2.6792830094802853,-0.853313181708086,-0.2012341058636434,-1.1233957350112342,-0.2700825533031482,64.65470997309939,0.0366669078229933,13,14,0.0,0.0526315789473684,4.619573652604341,2.3706882909060063,6.185424861576424,6.990261943510348,0.6666666666666666,0.0,5.610269543481839,0.6533472604125475,1.3594575315660231,0.45,0.55,10,3.817878947944645,-0.5708181874482541,-4.388697135392899,2.1127759465203555,6.798882224611868,-2.9810032766672223,3.817878947944645,0.2494632348581998,-0.6127179537737545,0.1389672807965318,-0.1104959540616679,31.4234850875923,0.1396629661910351,5.0,5.0,0.0,0.5789473684210527,2.4101850892189685,4.388697135392899,3.4824751564921788,3.426134104617336,0.7222222222222222,0.8333333333333334,1.4698563323156344,0.8851341630698611,0.9705831304513456,0.45,0.55,0.4729399941347299,3.982224223505096,-0.4064729118878034,-4.499040560201138,217,0.009755639979363,0.2,0.1
824508b0-030f-4ed6-a642-c1dcf2ab15d7,frontierscience,deepseek/deepseek-v3.2_reasoning-auto,biology,,deepseek/deepseek-v3.2,0,is_correct,False,,True,,,,26,3.1666812954118058,-4.35658290548713,-7.523264200898936,2.271813981564065,8.227713665736744,-4.35658290548713,3.8711307602496143,-1.0623192926528318,1.4147884526862704,-0.519236433044797,0.5430828596080347,50.46575971294136,0.1490766064692707,14,11,0.3684210526315789,1.0,0.0,8.227713665736744,7.374647617109906,6.443804243823989,0.3333333333333333,1.0,4.515740809822636,0.8791341139234279,0.9115408378251632,0.5,0.5,25,4.34269173352808,1.9598595534886143,-2.3828321800394647,2.14205265535756,9.61026311029432,-5.267571376766241,4.34269173352808,-0.10907670282463,0.8745739278415179,-0.771848357809405,-0.662771654984775,48.36541356220543,0.0492672760251449,11.0,10.0,0.0,0.7894736842105263,7.227430930254855,2.3828321800394647,4.743511937410613,5.581594673734793,1.0,0.7777777777777778,4.010719872271711,0.8443738751500474,0.808004353736958,0.45,0.55,1.1004007474926765,9.799675386507886,7.416843206468421,1.9061458073651456,51,0.08,0.1,0.266
af50243e-3a60-4460-9536-f9a02c4f8eb8,frontierscience,deepseek/deepseek-v3.2_reasoning-auto,physics,,deepseek/deepseek-v3.2,0,is_correct,False,,False,,,,100,0.0068818628086275,2.5316425335863197,2.524760670777692,2.0087002986096896,8.526112247970318,-4.746816499231112,3.779295748739206,0.6741329826823313,0.4636710970879402,0.2554420005651425,-0.4186909821171888,45.451690404135306,0.0555482238026505,9,10,0.4736842105263157,0.7894736842105263,7.27845903281743,1.2476532151528867,7.880718448376204,5.939433357516839,0.8333333333333334,0.5,4.026052354010157,1.0579849427476362,0.5831209146584986,0.6,0.4,0,,,,,,,,,,,,,,,,,,,,,,,,,,,,,,,,,100,0.024040404040404,,0.0
94c55a69-1e8d-4934-ae59-2cf0401e1b01,frontierscience,deepseek/deepseek-v3.2_reasoning-auto,physics,,deepseek/deepseek-v3.2,1,is_correct,True,,True,,,,81,0.1241089937654588,2.5911691912898167,2.467060197524358,2.0600372677408294,6.675947178928754,-2.866158658100516,3.8097885208282394,-0.5336652763778283,-0.8571412971561454,2.2644717482738352,2.7981370246516635,31.02256066183437,0.0795247118513807,10,8,0.7894736842105263,0.3157894736842105,5.4573278493903326,1.2186193295384218,4.37573278746534,3.9264777397856494,0.3888888888888889,0.4444444444444444,2.814638349546284,1.0043873547549371,0.8118281310096774,0.55,0.45,3,2.731903297868579,-2.7570405815308923,-5.488943879399471,1.6658702945491082,5.488943879399471,-2.7570405815308923,2.731903297868579,1.8771350828560744,-0.1263961878808064,-2.0248885117432067,-3.9020235945992807,5.488943879399471,1.0,0.0,1.0,0.0,1.0,0.0,5.488943879399471,-0.2849227383375017,0.2928608279150746,0.0,0.7777777777777778,0.0004410049765319,0.7248754876749107,0.7195834279565291,0.5,0.5,-0.0307747496209181,0.1099593569578445,-5.378984522441627,-4.69242031928696,84,0.0308641975308641,0.6666666666666666,
8be6ce44-a0c8-4636-80ca-2667dcc9d2af,frontierscience,deepseek/deepseek-v3.2_reasoning-auto,chemistry,,deepseek/deepseek-v3.2,0,is_correct,False,,False,,,,185,-2.6816664722754973,2.776211794818655,5.457878267094152,2.2397868487497874,7.433107273831537,-2.917752588901983,4.515354684929553,1.3659582203051717,-0.3651524708423331,0.5618496967401767,-0.804108523564995,40.96646647222286,0.1332279480534364,10,7,0.8421052631578947,0.7368421052631579,5.693964383720638,1.7391428901108985,5.3605171496351645,4.704904145323854,0.0,0.3888888888888889,2.894199662790567,1.217261890224454,0.6984249688904073,0.6,0.4,0,,,,,,,,,,,,,,,,,,,,,,,,,,,,,,,,,185,0.0119858989424206,,
f88cc0c0-2ca6-4cb0-bd1e-a37ddcf11294,frontierscience,deepseek/deepseek-v3.2_reasoning-auto,physics,,deepseek/deepseek-v3.2,0,is_correct,False,,True,,,,212,2.788582309653197,-2.3374578176281844,-5.126040127281382,1.9478817969476343,6.739833238266867,-2.3374578176281844,4.402375420638682,0.0586474189801959,1.8918663065878925,0.2709397958431249,0.212292376862929,37.43421138072092,0.1369346364785811,12,9,0.4736842105263157,1.0,0.0,6.739833238266867,4.547985024510617,4.987804025100603,0.4444444444444444,0.0,3.464201065673328,1.23132302964395,0.4673612869421817,0.55,0.45,2,2.491586882013518,-2.491586882013518,-4.983173764027036,1.5123358777306073,4.983173764027036,-2.491586882013518,2.491586882013518,1.704769971903986,-0.1311361516849218,-1.835906123588908,-3.540676095492894,4.983173764027036,1.0,0.0,1.0,0.0,1.0,0.0,4.983173764027036,-0.2622723033698433,0.2622723033698446,0.6666666666666666,0.5555555555555556,4.934324553889585e-16,0.6556807584246099,0.6556807584246099,0.5,0.5,-0.1784523586970224,4.65059234094468,-0.332581423082356,-6.334229741274644,214,0.0103281766967718,1.0,
4c2bdcf2-82c0-4190-b2fc-9696d2ef499a,frontierscience,deepseek/deepseek-v3.2_reasoning-auto,biology,,deepseek/deepseek-v3.2,0,is_correct,False,,True,,,,29,2.367555332376277,-0.7405459167476351,-3.108101249123912,2.2829601359858525,8.067929059631705,-3.8518010941326666,4.216127965499039,0.5219462363441844,0.0825536960774927,0.2517639194745083,-0.270182316869676,64.92395744871983,0.0478729481575248,13,13,0.8947368421052632,0.631578947368421,3.1112551773850314,4.956673882246674,6.018157852951118,6.129509315021765,0.6666666666666666,0.2222222222222222,6.463631494633806,1.096059020047846,0.8089548678579064,0.4,0.6,20,-5.8444565587303865,3.122325340647921,8.966781899378308,3.623762424726182,12.018517232582248,-6.875958241026894,5.142558991555354,0.2346146105271312,0.1317528559721372,-0.4274287109158132,-0.6620433214429444,95.07642038797688,0.0943113114985576,12.0,11.0,0.3157894736842105,0.7894736842105263,9.998283581674816,2.020233650907432,11.998370692320568,9.453055967403849,0.8333333333333334,0.2222222222222222,9.308568226818572,1.4899710455584985,1.4899710455584985,0.6,0.4,-0.913362446070912,-6.017273088053663,2.9495088113246446,1.759850837906736,49,0.0862068965517241,0.1105263157894736,0.1
845a3693-c660-4446-bae5-6c38bc75e6fd,frontierscience,deepseek/deepseek-v3.2_reasoning-auto,chemistry,,deepseek/deepseek-v3.2,0,is_correct,False,,True,,,,74,-2.528286032254771,-2.458210674432893,0.070075357821878,1.8847765044462808,6.716389910649131,-4.042680932499732,2.673708978149399,-1.3362414026665534,0.3100284965619616,0.0313134022366322,1.3675548049031856,35.25188653861997,0.0019878470261473,14,10,0.2631578947368421,0.0526315789473684,1.5844702580668395,5.131919652582292,3.2653832913134497,3.7661931949352985,0.8333333333333334,1.0,3.3226626623359508,0.6643023343993475,1.014082830864965,0.45,0.55,30,-0.2951334412381657,-0.2989631775120623,-0.0038297362738966,1.4962702889073805,6.854979059034058,-4.404936235220256,2.450042823813802,0.3764357494747578,-0.8705648530712208,0.3082652674831656,-0.0681704819915921,34.46298602101864,0.0001111260722318,11.0,12.0,0.8421052631578947,0.4210526315789473,4.105973057708193,2.7490060013258644,4.177289077714998,4.828482787455374,0.4444444444444444,0.3888888888888889,3.3019934964596334,0.4999888303901004,0.5804544364039128,0.5,0.5,0.4067629771076678,2.569840210302395,2.5660104740284986,-2.232964758018138,104,0.0318400592373195,0.0689655172413793,0.2475
60ff38cc-fb55-4c3c-b75c-f59dde5de0c3,frontierscience,deepseek/deepseek-v3.2_reasoning-auto,physics,,deepseek/deepseek-v3.2,0,is_correct,False,,True,,,,63,2.9366410233509,-4.745906707780028,-7.682547731130928,2.532390393649972,8.84282029727996,-4.745906707780028,4.096913589499932,0.7607774672737457,1.0143737657280187,-1.9260159863615745,-2.68679345363532,51.24328748654236,0.149923006660112,8,7,0.2105263157894736,1.0,0.0,8.84282029727996,6.542694345179247,5.4902905322569975,0.6111111111111112,0.5555555555555556,3.7107732995597775,1.078159564130508,1.0346614284883628,0.55,0.45,41,2.285160333521681,-0.2358470431116047,-2.521007376633285,1.6695640538699912,7.546650262096673,-3.9298236260358816,3.6168266360607912,-0.0958893118058442,-0.429263254369271,0.287869225674877,0.3837585374807212,39.992796546766535,0.0630365364343872,14.0,13.0,0.8947368421052632,0.631578947368421,3.693976582924277,3.852673679172396,6.521288274596804,4.570801901928318,0.8888888888888888,0.6111111111111112,3.839217559409287,0.5408417411134977,0.638284371572325,0.5,0.5,0.3789021443880697,7.409969185689778,4.888961809056493,0.0009551863844166,104,0.0399385560675883,0.048780487804878,0.31
441c416a-8f5e-431c-9675-faeac34ff290,frontierscience,deepseek/deepseek-v3.2_reasoning-auto,chemistry,,deepseek/deepseek-v3.2,0,is_correct,False,,True,,,,166,0.1317638815494229,-4.400817586620791,-4.532581468170214,2.0698113986624818,7.867496330984227,-4.400817586620791,3.466678744363436,-0.0671406835757268,-0.4387497530160061,-0.9083787474691514,-0.8412380638934246,49.83235909077956,0.0909565902732643,12,11,0.3684210526315789,1.0,0.0,7.867496330984227,5.783997363386206,4.392908525461131,0.0555555555555555,0.4444444444444444,4.300175877921991,0.555459096957341,1.0050343740051928,0.5,0.5,2,-0.1226386247831836,0.1226386247831836,0.2452772495663673,0.0744388219387584,0.2452772495663673,-0.1226386247831836,0.1226386247831836,-0.0839106380095467,0.0064546644622728,0.0903653024718195,0.1742759404813662,0.2452772495663673,1.0,0.0,1.0,1.0,0.0,0.2452772495663673,0.0,0.0129093289245456,0.0,0.1111111111111111,0.1666666666666666,1.1564823173178714e-17,0.0322733223113641,0.0322733223113641,0.5,0.5,-0.1121662112207106,4.166012750616897,4.411290000183264,-12.311099883859129,168,0.01350857977364,1.0,
afb2ebc7-421e-4e61-8073-7c4393aa9855,frontierscience,deepseek/deepseek-v3.2_reasoning-auto,physics,,deepseek/deepseek-v3.2,0,is_correct,False,,True,,,,183,2.5247270672329543,-4.890974793072243,-7.415701860305198,2.1392457612095743,8.153182680449184,-4.890974793072243,3.2622078873769413,0.3535082712850184,-0.4555319107791466,-0.8354845918920238,-1.1889928631770423,39.45248500120885,0.1879653933099011,10,7,0.7368421052631579,1.0,0.0,8.153182680449184,3.6378666389301895,4.195070783443242,0.4444444444444444,1.0,3.137199283429455,0.7665551826866427,1.0529088340771946,0.45,0.55,3,4.0071252865899645,-0.8916796455542588,-4.898804932144223,2.051020791143237,7.005530612074015,-2.998405325484051,4.0071252865899645,1.7578923620765952,-2.365946435950486,-1.4768812233125346,-3.2347735853891297,9.112256292003808,0.537606140033948,1.0,1.0,0.0,0.5263157894736842,2.106725679929792,4.898804932144223,0.2340806311033105,0.7497443081711235,0.5555555555555556,0.1111111111111111,0.0546569410708021,0.6398293548486469,1.2957126476982694,0.3,0.7,0.7884397150955305,9.68653979475774,4.787734862613515,-5.472074108156996,186,0.012129946556176,0.6666666666666666,
b75893ef-5c56-4d43-9ae1-8c9caaf32ee2,frontierscience,deepseek/deepseek-v3.2_reasoning-auto,chemistry,,deepseek/deepseek-v3.2,1,is_correct,True,,True,,,,287,2.523513739991037,-4.928238953146563,-7.4517526931376,2.227511227010877,8.29175195121998,-4.928238953146563,3.363512998073418,-0.5824956340130569,-0.379086546074831,-0.1356455995776742,0.4468500344353826,44.5076813418198,0.1674262165199756,10,9,0.7894736842105263,1.0,0.0,8.29175195121998,4.6485644235790575,4.734769302671712,0.2222222222222222,0.1111111111111111,3.457911584805785,0.7442960991884596,1.1215435420925224,0.6,0.4,2,1.105293449147695,-1.105293449147695,-2.2105868982953893,0.6708876783039669,2.2105868982953893,-1.105293449147695,1.105293449147695,0.7562534125747385,-0.0581733394288259,-0.8144267520035644,-1.5706801645783028,2.2105868982953893,1.0,0.0,1.0,0.0,1.0,0.0,2.2105868982953893,-0.1163466788576519,0.1163466788576523,0.4444444444444444,0.7777777777777778,1.295260195396016e-16,0.2908666971441301,0.2908666971441301,0.5,0.5,1.2209657728734826,7.25449817516774,5.04391127687235,-10.50012000458743,289,0.0074559586754708,1.0,
4f1cf869-3ea3-400c-8fa3-e4d3f6fe1cdf,frontierscience,deepseek/deepseek-v3.2_reasoning-auto,physics,,deepseek/deepseek-v3.2,0,is_correct,False,,False,,,,86,-2.808943032983883,-2.838069426059924,-0.0291263930760408,2.640661992077918,11.427108154562957,-5.744610835750484,5.68249731881247,-1.5706962046625212,0.0241955929278417,0.436869317372976,2.007565522035497,63.31443436065754,0.0004600276914759,13,12,0.8947368421052632,0.3157894736842105,2.90654140969056,8.520566744872394,7.298319430032643,7.992270949993389,0.3333333333333333,0.6111111111111112,5.930025921767785,0.7924153053613853,1.2026297242566302,0.4,0.6,0,,,,,,,,,,,,,,,,,,,,,,,,,,,,,,,,,86,0.0287277701778385,,
1dba0086-bca8-4b25-8843-e6e428f9284d,frontierscience,deepseek/deepseek-v3.2_reasoning-auto,physics,,deepseek/deepseek-v3.2,1,is_correct,True,,True,,,,30,0.0278733181689168,-2.2008188669534525,-2.2286921851223696,1.9050508778046809,6.429277222915772,-2.797896784268855,3.6313804386469166,0.0503888211860257,0.4429017190394923,-0.2140628376468714,-0.2644516588328972,51.619812978279,0.0431751309533061,13,13,0.7894736842105263,0.7368421052631579,0.5970779173154024,5.832199305600369,6.429277222915772,4.601317345955243,0.7777777777777778,1.0,4.755541531542057,0.8710961629495959,0.7626633251647261,0.55,0.45,2,2.4977017991254264,-2.4977017991254264,-4.995403598250853,1.5160474916439917,4.995403598250853,-2.4977017991254264,2.4977017991254264,1.7089538625595024,-0.1314579894276538,-1.840411851987156,-3.549365714546658,4.995403598250853,1.0,0.0,1.0,0.0,1.0,0.0,4.995403598250853,-0.2629159788553075,0.2629159788553084,0.6666666666666666,0.5555555555555556,2.96059473233375e-16,0.6572899471382702,0.6572899471382699,0.5,0.5,-0.1537216338952533,4.544799032183626,-0.4506045660672271,-4.821663361498192,32,0.1126436781609195,1.0,
84bba88d-2aee-4fcb-baab-4c6eea17b0d8,frontierscience,deepseek/deepseek-v3.2_reasoning-auto,physics,,deepseek/deepseek-v3.2,1,is_correct,True,,True,,,,7,5.033270546915338,-2.406778342643068,-7.440048889558405,3.657697830627808,11.98744497201634,-6.954174425101004,5.033270546915338,2.5346854001110874,0.1853068010084287,-3.634112340652116,-6.168797740763203,31.647048596340525,0.2350945576144098,3,3,0.0,0.8421052631578947,4.5473960824579365,7.440048889558405,2.837545029146751,4.249067464935637,0.5555555555555556,0.7222222222222222,1.072367275080725,1.5508577016687723,1.6890941334725764,0.5,0.5,4,7.0431203232884645,-2.0241101175070018,-9.067230440795466,2.815783530982793,10.807957287243209,-3.764836963954745,7.0431203232884645,1.764993373196753,-2.290655768923489,-1.5880474706790986,-3.353040843875852,14.641784838464892,0.6192708430583737,2.0,1.0,0.0,0.3684210526315789,1.7407268464477434,9.067230440795466,0.5021327444256061,1.759375650030571,0.5555555555555556,0.2222222222222222,0.163225899867386,0.8810922558068309,1.5414883355149178,0.25,0.75,-0.5960494367522744,8.853849229179257,-0.213381211616209,-2.312667855435887,11,0.4761904761904761,0.6666666666666666,
f9fdb988-7a10-4510-a8ab-d011e663be3f,frontierscience,deepseek/deepseek-v3.2_reasoning-auto,physics,,deepseek/deepseek-v3.2,0,is_correct,False,,False,,,,53,2.7669373190615407,-0.0085393850484359,-2.775476704109977,2.50336976674191,8.755683709682142,-4.215555837500197,4.5401278721819445,0.3415247363581546,0.2629212006271176,-0.5119493217523198,-0.8534740581104744,52.98396291025282,0.052383335478534,12,9,0.8421052631578947,0.7894736842105263,4.207016452451762,4.54866725723038,8.755683709682142,5.986043343313698,0.8333333333333334,0.8888888888888888,5.526954373132931,1.061511545262846,1.0035402638436968,0.45,0.55,0,,,,,,,,,,,,,,,,,,,,,,,,,,,,,,,,,53,0.0522496371552975,,
91a30120-36ab-425f-961f-3dee779b0021,frontierscience,deepseek/deepseek-v3.2_reasoning-auto,chemistry,,deepseek/deepseek-v3.2,0,is_correct,False,,False,,,,14,6.979065075230357,0.0587649608090908,-6.920300114421266,3.822769584688162,14.06896374050528,-7.089898665274921,6.979065075230357,0.6826174566291667,-2.0617647510890595,1.3363710536815052,0.6537535970523385,55.76181212071627,0.1241046488847926,8,6,0.0,0.3157894736842105,7.148663626084012,6.920300114421266,10.599760016396791,5.251783241020791,0.3333333333333333,0.4444444444444444,4.358614944436591,1.46453117874464,1.5463214157011511,0.6,0.4,0,,,,,,,,,,,,,,,,,,,,,,,,,,,,,,,,,14,0.3626373626373626,,0.2
710c1336-0995-4d45-bfea-48ff475f255f,frontierscience,deepseek/deepseek-v3.2_reasoning-auto,physics,,deepseek/deepseek-v3.2,1,is_correct,True,,True,,,,52,0.0742257345011265,-4.87628036285971,-4.950506097360837,2.839497441911745,10.362343866599783,-4.87628036285971,5.486063503740073,0.8695720678171267,-0.0590530712809092,-0.7546542079093134,-1.62422627572644,76.77529798418476,0.0644804543563036,13,13,0.2631578947368421,1.0,0.0,10.362343866599783,5.158998709833779,6.635958455798118,0.2222222222222222,0.5,6.625534561354708,1.2043979530371316,1.14711256662225,0.55,0.45,5,4.453279338564577,-2.977108010439008,-7.430387349003585,2.7672035359114697,9.284644266006692,-4.831364927442116,4.453279338564577,1.3589180720749865,-2.3586894653718127,0.7131894633691479,-0.6457286087058386,24.71001376083037,0.3007034889143619,2.0,3.0,0.0,0.4736842105263157,1.854256917003108,7.430387349003585,2.034609096842292,1.535622855393867,0.5555555555555556,0.9444444444444444,0.3687293951898359,1.1211868634230222,1.2571500120661665,0.5,0.5,0.5178274228681734,9.84738712429246,2.4169997752888754,-2.287298293235647,57,0.0535444947209653,0.4,
8a983c4c-070e-45b1-b2ce-300c7a68feb6,frontierscience,deepseek/deepseek-v3.2_reasoning-auto,physics,,deepseek/deepseek-v3.2,1,is_correct,True,,True,,,,60,-2.445034529525171,-2.4201493662813904,0.0248851632437805,2.2405327382060216,7.57070533415694,-3.291507222322714,4.2791981118342255,0.5521114943940616,-0.5892396842478284,-0.7479503360400637,-1.3000618304341254,49.649867033391246,0.0005012130893934,11,10,0.4210526315789473,0.5789473684210527,0.8713578560413238,6.699347478115616,4.574949760208974,6.438181886978301,0.6111111111111112,0.4444444444444444,4.52437316253842,0.9162837521797728,1.15366371944061,0.45,0.55,3,4.09318627071276,-0.940847895853846,-5.034034166566606,2.0923583024540187,7.129130409834565,-3.0359441391218054,4.09318627071276,1.8051258563217052,-2.395995747233153,-1.52281907453939,-3.3279449308610958,9.224226653102525,0.5457405109265646,1.0,1.0,0.0,0.5263157894736842,2.0950962432679594,5.034034166566606,0.2327884714742181,0.7626868047970188,0.5555555555555556,0.2777777777777778,0.055304182015069,0.6559407776160643,1.3195909617968884,0.3,0.7,0.8603192928842198,7.37365492987837,2.339620763311764,-3.0698932852737,63,0.0446327683615819,0.6666666666666666,
bc82c611-4407-4da9-8444-48dbf08d0bbf,frontierscience,deepseek/deepseek-v3.2_reasoning-auto,physics,,deepseek/deepseek-v3.2,0,is_correct,False,,True,,,,8,-0.1816676947667881,-5.122048709841239,-4.9403810150744505,2.2177839140281157,8.453687026146095,-5.122048709841239,3.331638316304857,1.5954552041526124,-0.2131522543372221,-0.902489717965068,-2.4979449221176804,27.459833057297782,0.1799130025578026,5,6,0.8421052631578947,1.0,0.0,8.453687026146095,3.4972129993237724,3.482643956930014,0.7777777777777778,1.0,1.1177899807766514,1.005366323743085,0.7923072066972185,0.6,0.4,25,2.544848087883964,-2.4257094112362045,-4.970557499120169,2.238001295450565,8.770694387229469,-4.036332515179454,4.734361872050014,0.3719211149989593,0.2474645724855064,-0.8669487310679796,-1.238869846066939,55.94353286340328,0.0888495460459518,12.0,11.0,0.1578947368421052,0.5789473684210527,1.610623103943249,7.160071283286219,7.019765720296208,6.623115385508187,0.6111111111111112,0.1666666666666666,5.13181813569138,0.9107194193871582,0.954019048087989,0.5,0.5,-0.4240437856337651,7.242853012091437,2.2722955129712687,0.6152540585972517,33,0.25,0.1266666666666666,0.0125
b818c26a-1311-482d-8c4e-bde09ef34a05,frontierscience,deepseek/deepseek-v3.2_reasoning-auto,chemistry,,deepseek/deepseek-v3.2,0,is_correct,False,,True,,,,58,-0.1214896052376485,2.616220343948641,2.7377099491862893,2.8874447107896337,11.323008663251024,-5.020920219888019,6.3020884433630044,0.0977419521650673,0.9597642298589094,1.029312850117911,0.9315708979528436,72.02505426549104,0.038010522548096,12,11,0.6842105263157895,0.4736842105263157,7.63714056383666,3.685868099414364,7.655830464088467,7.518816568350132,0.5,0.3888888888888889,6.576222132513946,1.4375847941188709,0.7586637753751059,0.55,0.45,8,2.4852379107095044,2.672392154245021,0.1871542435355166,2.218578273260284,7.586317164532966,-4.419464988516275,3.1668521760166914,0.161416213284095,-1.0966810607233632,0.3680672418431832,0.2066510285590881,35.15202259520748,0.0053241386901313,5.0,6.0,0.2631578947368421,0.4210526315789473,7.091857142761295,0.4944600217716703,3.47790965448101,3.5298860619541,0.1666666666666666,0.3888888888888889,1.4144094706911068,0.8058661929934882,1.022788717044277,0.4,0.6,0.0248872828545464,-0.1060951503845899,0.0810590931509267,-1.8398675170550904,66,0.0459770114942528,0.25,0.0
0b946e4d-8fc8-4f65-85dc-8fb7fd227a96,frontierscience,deepseek/deepseek-v3.2_reasoning-auto,biology,,deepseek/deepseek-v3.2,0,is_correct,False,,True,,,,28,2.391736129385436,-4.676680241907405,-7.068416371292841,2.2803688619776907,8.691073683030936,-4.676680241907405,4.014393441123532,0.5956797157465835,-0.312622017666017,-0.910084940500421,-1.5057646562470044,60.84024958014473,0.1161799371316127,14,13,0.1578947368421052,1.0,0.0,8.691073683030936,5.279113522910409,5.34618473585299,0.7777777777777778,1.0,5.769108448458758,0.8581727151590224,1.0321280029809503,0.45,0.55,31,7.748447263296448,2.833209022007164,-4.915238241289284,3.118575927040152,13.30137377949766,-5.55292651620121,7.748447263296448,-0.0720516834412277,0.7328759221336184,0.4017940703712455,0.4738457538124732,73.62682748207308,0.0667587944419588,13.0,14.0,0.0,0.2631578947368421,8.386135538208375,4.915238241289284,5.619894849590006,7.393579291839367,0.2777777777777778,0.0,6.55221572230802,1.428137537723415,1.0763108330697049,0.55,0.45,-0.3329403081443724,12.09218719705948,7.176948955770197,1.133616765325776,59,0.0714285714285714,0.0881720430107526,0.2
bf7d23f3-0cf6-4d36-868f-1e3a89f688ea,frontierscience,deepseek/deepseek-v3.2_reasoning-auto,physics,,deepseek/deepseek-v3.2,0,is_correct,False,,True,,,,72,-2.466108678568779,-2.3286193854249,0.1374892931438793,1.903947893981908,5.876471765175305,-2.466108678568779,3.4103630866065258,0.3032191098958267,0.845784636061034,-0.5089857375082011,-0.8122048474040278,41.05568145761296,0.0033488493738881,11,10,0.8421052631578947,0.0,0.1374892931438793,5.7389824720314255,5.384401407115535,5.348742468245371,0.8333333333333334,0.7222222222222222,3.901071736567149,0.9707180599467752,0.7212624701143341,0.5,0.5,21,4.683475716276492,-0.2363910170194764,-4.919866733295969,2.4647377229975835,9.24396388777279,-4.560488171496297,4.683475716276492,0.6290272950957382,-0.6572394352601659,0.0719236784309315,-0.5571036166648066,63.8141928334138,0.0770967478369462,11.0,11.0,0.0,0.0526315789473684,4.32409715447682,4.919866733295969,6.948566328641077,9.24396388777279,0.8888888888888888,0.0,6.0964138629020725,0.9580108482601872,0.9463079937884574,0.5,0.5,0.1613578420079296,7.1734529437093215,2.253586210413353,-0.2352690645870971,93,0.0348200312989045,0.0952380952380952,0.15
222e24bf-14d4-4660-a5dd-01b2b3528cfa,frontierscience,deepseek/deepseek-v3.2_reasoning-auto,physics,,deepseek/deepseek-v3.2,0,is_correct,False,,True,,,,75,-0.0178096972916379,2.276571919422289,2.2943816167139275,2.4091354683257715,11.056470298206357,-4.17392612921143,6.882544168994926,0.5247754014619513,1.2411121665755007,-0.1967027748714931,-0.7214781763334445,56.314870590504256,0.0407420205827624,10,9,0.4736842105263157,0.9473684210526316,6.450498048633719,4.605972249572636,6.613999132273768,6.850751644951766,0.4444444444444444,0.5,4.9597829681662216,1.2397281060892038,0.6806782897375434,0.6,0.4,11,0.3798828432387854,3.293466373300649,2.913583530061864,2.1575985771861226,7.628981284501795,-4.130730223847142,3.4982510606546526,-0.2062897039388207,-0.1499018409664727,0.1577779100007736,0.3640676139395943,37.93349319397855,0.0768076779842769,5.0,6.0,0.6842105263157895,0.1052631578947368,7.424196597147791,0.2047846873540035,4.961975711833403,4.952844228878802,0.6666666666666666,0.7777777777777778,2.265967902768743,0.8362419066589547,0.9135755743755752,0.6,0.4,-0.5654206352959453,-2.462109711479449,0.4514738185824143,-4.232531872744964,86,0.0331531531531531,0.1818181818181818,0.325
b36273bb-c098-4037-90cc-cfd05cbe5bb9,frontierscience,deepseek/deepseek-v3.2_reasoning-auto,chemistry,,deepseek/deepseek-v3.2,1,is_correct,True,,True,,,,76,-2.658795328659288,-4.530964150372089,-1.8721688217128007,2.159462764888302,7.607126953919609,-4.530964150372089,3.07616280354752,-1.7789068017501812,1.8644936740743825,-0.1391468059146578,1.6397599958355231,26.96420370273365,0.0694316376761016,7,6,0.7368421052631579,1.0,0.0,7.607126953919609,2.8355474439550603,4.648230692289144,0.0,1.0,1.8621717444142225,0.9270237135825802,0.9388123500435072,0.6,0.4,2,3.660974064945801,-3.660974064945801,-7.321948129891602,2.222126976918623,7.321948129891602,-3.660974064945801,3.660974064945801,2.504876991805022,-0.1926828455234629,-2.6975598373284853,-5.202436829133507,7.321948129891602,1.0,0.0,1.0,0.0,1.0,0.0,7.321948129891602,-0.3853656910469256,0.3853656910469274,0.6111111111111112,0.7777777777777778,5.674473236973022e-16,0.963414227617316,0.9634142276173158,0.5,0.5,1.165232374292429,9.35717058961032,2.0352224597187174,-3.10379120119579,78,0.0333333333333333,1.0,
0949d931-d0ad-4146-86e7-ef725919e3de,frontierscience,deepseek/deepseek-v3.2_reasoning-auto,chemistry,,deepseek/deepseek-v3.2,0,is_correct,False,,False,,,,32,-0.1834973173673203,2.733773440464598,2.9172707578319184,2.840330021627297,11.73529540489365,-5.827438625258089,5.907856779635561,1.0328501055273671,-0.6434571017317164,0.5875361638940148,-0.4453139416333526,55.71225404794112,0.0523631794779218,10,7,0.4210526315789473,0.631578947368421,8.561212065722687,3.1740833391709637,5.960095955709395,6.043844581765491,1.0,0.9444444444444444,4.692038412954249,1.3318677043247078,1.0193193038280253,0.6,0.4,0,,,,,,,,,,,,,,,,,,,,,,,,,,,,,,,,,32,0.1028225806451613,,
cfcfcb2d-4ec8-42df-9b19-b6c840d5dea4,frontierscience,deepseek/deepseek-v3.2_reasoning-auto,biology,,deepseek/deepseek-v3.2,0,is_correct,False,,True,,,,5,1.26726469615186,0.843418322383799,-0.4238463737680611,1.4586600485569918,5.52637819120442,-3.3082487039046207,2.218129487299799,-1.3271808521542905,0.874339104785858,-0.1197013442872511,1.207479507867039,14.93542760457396,0.0283785898194343,3,4,0.5263157894736842,0.2631578947368421,4.15166702628842,1.374711164916,1.3143096977430524,1.0324401735773143,0.3888888888888889,0.1111111111111111,0.3121139956224148,0.4863759379792546,0.6807809528443812,0.5,0.5,35,-2.159768606729143,2.7537145006258665,4.91348310735501,2.294616330331223,8.495599155446161,-4.147529707637128,4.348069447809034,0.0587869391573363,-0.2304907809208233,0.6060240523431615,0.5472371131858251,66.16522388900783,0.074260809811471,12.0,13.0,0.0526315789473684,0.4736842105263157,6.901244208262995,1.5943549471831675,6.777484419304379,6.030931696938948,0.5,0.4444444444444444,6.017419429128747,1.0512384362204643,0.9295275651347368,0.5,0.5,-1.648639985420289,-4.651826914533231,0.2616561928217784,4.915670443831441,40,0.5,0.0672268907563025,0.06
cb11faa6-e12a-4621-9fa7-f6f4b11a9300,frontierscience,deepseek/deepseek-v3.2_reasoning-auto,physics,,deepseek/deepseek-v3.2,1,is_correct,True,,True,,,,43,0.0785587681191297,0.1048410161071617,0.026282247988032,2.465173137162869,8.998105738414273,-4.38401619046805,4.614089547946223,-1.061638716568671,0.3002339677765791,0.3795929545270697,1.441231671095741,46.90116441415013,0.0005603751701333,8,8,0.7368421052631579,0.2631578947368421,4.488857206575212,4.509248531839061,6.40896704038567,8.41087530674714,0.6666666666666666,0.7777777777777778,4.26955226867016,0.9347870174028946,1.0874007931220058,0.45,0.55,3,4.315240939510801,-3.6032755577774234,-7.918516497288223,2.4247731560223413,7.918516497288223,-3.6032755577774234,4.315240939510801,2.7277021012231653,-0.7196052759101234,-2.842404458818463,-5.570106560041628,7.918516497288223,1.0,0.0,1.0,0.0,1.0,0.0,7.918516497288223,-0.3043484395835831,0.5291796127625457,0.6111111111111112,0.1666666666666666,0.0124906207321648,0.9893351198072792,1.139222568593253,0.45,0.55,0.9199920776944768,5.130392001098116,-2.7881244961901075,-2.46462207104706,46,0.0686600221483942,0.6666666666666666,
30a44280-a888-42bf-913a-208aa47c8772,frontierscience,deepseek/deepseek-v3.2_reasoning-auto,biology,,deepseek/deepseek-v3.2,0,is_correct,False,,True,,,,61,-0.1070640091649431,1.950680277371224,2.057744286536167,1.8198245129914703,5.740513368529256,-3.1103015319862912,2.6302118365429648,0.2542430500543971,0.2730736967214682,0.2633463526381959,0.0091033025837988,44.31580161198321,0.0464336469540413,13,11,0.5263157894736842,0.8947368421052632,5.060981809357515,0.679531559171741,5.388808385709709,4.460019828145631,0.9444444444444444,0.6111111111111112,4.467062128138102,0.9567083896044302,0.6931436224414186,0.55,0.45,28,5.456458215681604,2.940717308385835,-2.515740907295769,2.3254229307715404,8.609693691802057,-3.153235476120454,5.456458215681604,1.0701080897116908,-1.17945852120004,0.3036432667926789,-0.7664648229190119,53.37326662775092,0.0471348498273803,11.0,12.0,0.0,0.4736842105263157,6.093952784506289,2.515740907295769,4.277775020009599,6.77003234773372,0.0555555555555555,0.0,4.596877755263768,1.0252143214820084,0.9723939924651266,0.4,0.6,-0.6405059624082793,2.8652719759021004,0.349531068606332,1.5702553488050237,89,0.0327868852459016,0.0793650793650793,0.45999999999999996
cc251e69-6a32-4ed7-9315-beee80404866,frontierscience,deepseek/deepseek-v3.2_reasoning-auto,chemistry,,deepseek/deepseek-v3.2,1,is_correct,True,,True,,,,69,-0.096495707746879,-2.415509490657048,-2.3190137829101687,2.130007453899552,7.323426461882014,-3.7692615315939535,3.55416493028806,0.156132412397195,-0.1373204001215397,0.1752275243221925,0.0190951119249975,51.83101638700751,0.0447418157034535,11,12,0.7894736842105263,0.7368421052631579,1.3537520409369068,5.969674420945108,7.323426461882014,6.5200182333657,0.7777777777777778,0.7222222222222222,4.663258852006257,0.921689735837062,0.862537274243925,0.5,0.5,2,3.7010612668868728,-3.7010612668868728,-7.4021225337737455,2.246458985636024,7.4021225337737455,-3.7010612668868728,3.7010612668868728,2.53230507734365,-0.1947926982572035,-2.727097775600853,-5.259402852944504,7.4021225337737455,1.0,0.0,1.0,0.0,1.0,0.0,7.4021225337737455,-0.3895853965144065,0.3895853965144082,0.6111111111111112,0.5555555555555556,6.167905692361982e-16,0.9739634912860192,0.973963491286019,0.5,0.5,1.2247872908002737,7.341358048344194,-0.0607644854295514,-2.929111882217857,71,0.0375106564364876,1.0,
111d5872-2705-42c0-8df4-0fb386ba7084,frontierscience,deepseek/deepseek-v3.2_reasoning-auto,biology,,deepseek/deepseek-v3.2,0,is_correct,False,,True,,,,23,-2.612129232301232,0.0146107124575252,2.626739944758757,2.342547267927067,8.294164714150845,-4.814579049653308,3.4795856644975363,0.2422899891978415,0.4155049182751155,-0.9471404431844364,-1.189430432382278,61.366901873459625,0.0428038545953513,14,11,0.2631578947368421,0.9473684210526316,4.8291897621108335,3.464974952040011,6.4039280698877175,6.21560772872694,0.7222222222222222,0.7777777777777778,5.892080727853671,0.98140576015279,1.035319675492586,0.6,0.4,2,3.770193282200813,-3.770193282200813,-7.540386564401626,2.288420527420432,7.540386564401626,-3.770193282200813,3.770193282200813,2.5796059299268714,-0.1984312253789897,-2.7780371553058614,-5.357643085232732,7.540386564401626,1.0,0.0,1.0,0.0,1.0,0.0,7.540386564401626,-0.3968624507579799,0.3968624507579807,0.1111111111111111,0.1666666666666666,2.96059473233375e-16,0.9921561268949508,0.9921561268949508,0.5,0.5,1.3667377554054578,5.1223203251487455,-2.41806623925288,-2.6817089129382765,25,0.1660079051383399,1.0,
163a8ed3-8fc0-492f-bd91-37ef359bec8a,frontierscience,deepseek/deepseek-v3.2_reasoning-auto,biology,,deepseek/deepseek-v3.2,0,is_correct,False,,True,,,,10,0.2640220886294333,-2.3525657567064773,-2.6165878453359106,2.1164464587197034,7.696021161089921,-3.29593556222387,4.400085598866051,0.1693221133101601,-0.1874730614243161,0.20438169105222,0.0350595777420598,32.49175162095448,0.0805308336669799,5,5,0.7894736842105263,0.3157894736842105,0.9433698055173928,6.752651355572528,4.386641104775109,3.4081533795838563,0.3888888888888889,0.8333333333333334,2.090523858025148,0.9142870697111,0.8593253942353887,0.5,0.5,23,2.313728516907604,2.7342482975331044,0.4205197806255007,2.445845502240105,8.419582920909832,-4.250091771776487,4.1694911491333455,-0.3345649437590531,-0.1650072340275619,0.6250167665035148,0.959581710262568,60.18273705225501,0.0069873821169079,14.0,8.0,0.3684210526315789,0.3157894736842105,6.984340069309591,1.4352428516002411,8.419582920909832,7.565859113692349,0.3333333333333333,0.2777777777777778,5.783548716403663,1.0642648169948086,1.0516100492690694,0.45,0.55,0.2909072351447014,4.957201508758782,5.377721289384283,0.3610340128982692,33,0.2,0.1343873517786561,0.4
70c1246f-0a17-4f59-84a2-3699aa395d4d,frontierscience,deepseek/deepseek-v3.2_reasoning-auto,physics,,deepseek/deepseek-v3.2,0,is_correct,False,,True,,,,288,-2.5234484723630555,-2.440262484507949,0.0831859878551064,1.6699761885891973,7.038735625359525,-3.8956939636977967,3.1430416616617283,-0.3406491322499941,-0.2133017713201058,-0.5396461627644363,-0.1989970305144422,30.950045444715,0.0026877501037502,10,8,0.3684210526315789,0.9473684210526316,1.4554314791898475,5.583304146169677,4.6623057790785705,3.9001805737877486,0.7222222222222222,0.3888888888888889,2.954578096075925,0.4695389456842872,0.8253156107631533,0.45,0.55,16,-2.4548409257622845,0.1502468921042166,2.605087817866501,2.0190043647197795,7.433588938307501,-4.171175217207598,3.262413721099903,0.0473775700262351,-0.1871584326863314,0.008834308321365,-0.0385432617048701,50.11493709699442,0.0519822625502754,11.0,9.0,0.0526315789473684,0.2631578947368421,4.321422109311815,3.1121668289956865,6.5712597089020255,7.3844229191447806,0.2777777777777778,0.2222222222222222,4.265134782821381,0.8184241147053003,0.8646971241399243,0.4,0.6,0.005596314421683,-0.0089821268326524,2.5961056910338485,-0.7457590736166395,304,0.0074283778552071,0.125,0.2
469cc7c7-ae71-4ea2-bc13-3af3770fd8da,frontierscience,deepseek/deepseek-v3.2_reasoning-auto,chemistry,,deepseek/deepseek-v3.2,1,is_correct,True,,True,,,,54,0.0651788755654303,-2.4043457094006118,-2.4695245849660417,2.2403912099237235,8.515922963893392,-4.7608075011069415,3.7551154627864496,-1.289837935044394,-0.2387465949832445,-0.5863268048611829,0.7035111301832111,48.88367670693116,0.0505183887818301,10,9,0.9473684210526316,0.7894736842105263,2.35646179170633,6.159461172187061,5.503362017409282,6.159461172187061,0.5,1.0,3.760043374364232,0.6181405005187866,1.329043127486815,0.4,0.6,2,3.70106740299909,-3.70106740299909,-7.40213480599818,2.246462710114878,7.40213480599818,-3.70106740299909,3.70106740299909,2.53230927573622,-0.1947930212104781,-2.7271022969466983,-5.259411572682918,7.40213480599818,1.0,0.0,1.0,0.0,1.0,0.0,7.40213480599818,-0.389586042420956,0.3895860424209578,0.6111111111111112,0.7777777777777778,5.674473236973022e-16,0.9739651060523922,0.9739651060523918,0.5,0.5,1.2358255447489457,7.341238657148647,-0.0608961488495332,-4.681477657101805,56,0.0510132774283717,1.0,
1510d6bd-6785-456d-8988-b9382a3aef9c,frontierscience,deepseek/deepseek-v3.2_reasoning-auto,biology,,deepseek/deepseek-v3.2,1,is_correct,True,,True,,,,78,-2.8941783587721344,-2.039164387236529,0.8550139715356053,2.2067160763026124,8.581360989813493,-4.165900574294406,4.415460415519088,-0.0807407194563783,0.8453932239760419,-1.1148060645623572,-1.034065345105979,53.97890092409821,0.0158397810421867,12,12,0.1052631578947368,0.9473684210526316,2.1267361870578774,6.4546248027556175,6.319152233802804,5.773621794367047,0.0555555555555555,0.3888888888888889,5.099980856917445,0.9011887934604882,0.9680022362473132,0.4,0.6,2,1.1816174738667955,-1.1816174738667955,-2.3632349477335914,0.7172146042276634,2.3632349477335914,-1.1816174738667955,1.1816174738667955,0.8084751136983339,-0.0621903933614102,-0.8706655070597442,-1.679140620758078,2.3632349477335914,1.0,0.0,1.0,0.0,1.0,0.0,2.3632349477335914,-0.1243807867228201,0.124380786722821,0.8888888888888888,0.9444444444444444,1.480297366166875e-16,0.3109519668070515,0.3109519668070515,0.5,0.5,1.3529460387093173,4.573727899812642,2.2104929520790506,-7.730292569694882,80,0.0323010323010323,1.0,
20daab54-df1b-4006-a544-7198daee7847,frontierscience,deepseek/deepseek-v3.2_reasoning-auto,physics,,deepseek/deepseek-v3.2,1,is_correct,True,,True,,,,78,-0.0621471257494731,-4.700289785448253,-4.638142659698779,3.067394667079399,12.022292332161715,-4.700289785448253,7.322002546713462,0.3825467294721769,1.2871439940057705,1.3651643787420582,0.9826176492698812,79.38972799790972,0.0584224530889046,13,12,0.8947368421052632,1.0,0.0,12.022292332161715,9.34374651742726,9.420644664034109,0.8888888888888888,1.0,7.168068444461797,1.8411016480943183,0.8471605812544196,0.6,0.4,5,3.946657939147898,-0.9943049625345984,-4.9409629016824965,1.4737518399063656,5.133093496380717,-1.1864355572328182,3.946657939147898,1.1727429624271597,-1.095182087874797,-0.9969118464642952,-2.1696548088914547,5.325224091078936,0.927841310933718,1.0,1.0,0.0,0.5263157894736842,0.1921305946982197,4.9409629016824965,0.0448720338179251,0.9882968269711117,0.7222222222222222,0.0555555555555555,0.0598745005662109,0.4928425397382462,0.7647697875842081,0.2,0.8,1.0408432065242033,9.687790931120354,4.746828029437857,-9.93175496233723,83,0.0319680319680319,0.4,
1440c195-fba2-48dc-a03d-7b9420891daf,frontierscience,deepseek/deepseek-v3.2_reasoning-auto,chemistry,,deepseek/deepseek-v3.2,1,is_correct,True,,True,,,,28,-2.512971139221687,2.42409670533166,4.937067844553347,3.053607866082758,11.81862410997334,-4.771564604707156,7.047059505266182,-1.4553972705421343,1.7538711354962628,0.1443439921343711,1.5997412626765053,79.63120626119385,0.0619991593290643,14,13,0.631578947368421,0.3157894736842105,7.195661310038816,4.6229627999345215,9.51743874694079,6.88772620916163,0.6111111111111112,0.6666666666666666,7.627490716626899,1.414203630064287,1.266434579690031,0.5,0.5,2,-0.0234827271451081,0.0234827271451081,0.0469654542902162,0.0142534747733965,0.0469654542902162,-0.0234827271451081,0.0234827271451081,-0.0160671290992845,0.0012359330076372,0.0173030621069217,0.0333701912062062,0.0469654542902162,1.0,0.0,1.0,1.0,0.0,0.0469654542902162,0.0,0.0024718660152745,0.0,0.5555555555555556,0.6111111111111112,3.0839528461809906e-18,0.0061796650381863,0.0061796650381863,0.5,0.5,-0.0250483501377623,-2.47262778261453,-2.4256623283243144,-14.359018272751044,30,0.119047619047619,1.0,
5ef8b29d-7665-45e6-a26a-bd4a27f450ad,frontierscience,deepseek/deepseek-v3.2_reasoning-auto,chemistry,,deepseek/deepseek-v3.2,0,is_correct,False,,False,,,,32,0.1411668081429435,-0.0118963005944767,-0.1530631087374203,2.471189064529008,10.07690299214318,-4.652455137780246,5.424447854362935,1.084265289420393,-0.0292120732576161,-1.260775644940676,-2.345040934361069,64.1277946648699,0.0023868450418001,14,9,0.2631578947368421,0.2105263157894736,4.640558837185769,5.436344154957411,10.07690299214318,7.939759261083767,0.2222222222222222,0.1666666666666666,6.42988468763863,0.9681601685169352,0.9771242363421658,0.45,0.55,0,,,,,,,,,,,,,,,,,,,,,,,,,,,,,,,,,32,0.1028225806451613,,
0744af3b-0249-4cbb-978a-a8595f8f9672,frontierscience,deepseek/deepseek-v3.2_reasoning-auto,chemistry,,deepseek/deepseek-v3.2,0,is_correct,False,,True,,,,45,0.0816022474946169,-2.276475473608423,-2.35807772110304,1.9012527391806175,7.599320720250697,-4.621071110070574,2.9782496101801232,-0.0432371389885083,-1.8756931721782684,-0.3551652194155557,-0.3119280804270474,30.503175720933893,0.0773059743902247,10,9,0.2105263157894736,0.3157894736842105,2.3445956364621505,5.254725083788546,3.8477392050157775,3.988649392286003,0.6666666666666666,0.2777777777777778,2.530753168204023,0.4225465211721508,1.2007216959051896,0.3,0.7,9,2.4188500456717064,2.864696908913568,0.4458468632418615,1.525220107768107,5.432981228802923,-2.568284319889356,2.864696908913568,0.4013581760160236,-1.6234993843190058,0.8433961013756184,0.4420379253595947,20.441756033082253,0.0218105950643534,5.0,4.0,1.0,0.631578947368421,5.432981228802923,0.0,1.9674658214478944,2.100892666265856,0.1666666666666666,0.2777777777777778,0.9628572090575704,0.5516147542008684,0.7263453466942265,0.45,0.55,-0.1303239537326642,4.565001565547465,5.010848428789327,-4.408142965073445,54,0.0626262626262626,0.2222222222222222,0.25670000000000004
69bd11e8-5f96-45dc-8123-b9d800101430,frontierscience,deepseek/deepseek-v3.2_reasoning-auto,physics,,deepseek/deepseek-v3.2,0,is_correct,False,,True,,,,31,2.60235977228396,-2.119175916096184,-4.721535688380143,2.369717826438093,8.287644539877572,-3.973003380940004,4.314641158937569,0.1415636797409441,0.1161368776904225,0.4072245223930886,0.2656608426521445,64.00460354593052,0.0737686889192573,14,15,0.2105263157894736,0.2631578947368421,1.85382746484382,6.433817075033753,7.752290220283026,8.287644539877572,0.5,0.2222222222222222,6.13080115973924,1.0790265645436323,0.8666640127247277,0.5,0.5,2,3.709276151267982,-3.709276151267982,-7.418552302535964,2.2514452313377675,7.418552302535964,-3.709276151267982,3.709276151267982,2.537925787709672,-0.1952250605930514,-2.733150848302724,-5.271076636012396,7.418552302535964,1.0,0.0,1.0,0.0,1.0,0.0,7.418552302535964,-0.3904501211861024,0.3904501211861042,0.6111111111111112,0.7777777777777778,5.427757009278545e-16,0.9761253029652586,0.9761253029652583,0.5,0.5,1.277611780189391,7.106063847553557,-0.3124884549824074,-4.279406740174458,33,0.1075268817204301,1.0,
b93b8a19-eaca-4495-946f-ba4b73e481c8,frontierscience,deepseek/deepseek-v3.2_reasoning-auto,biology,,deepseek/deepseek-v3.2,0,is_correct,False,,True,,,,55,-0.1997185893578678,-2.631308839494348,-2.4315902501364803,1.949259577624893,6.985375085532828,-2.631308839494348,4.354066246038481,-0.2227260251037061,1.825525650011705,0.1846774019504935,0.4074034270541996,41.26909469854594,0.0589203680841139,11,12,0.3684210526315789,1.0,0.0,6.985375085532828,3.735256639534936,5.047797618563866,0.5555555555555556,1.0,3.260522445191656,1.137255300043144,0.5208722107401964,0.5,0.5,28,2.725030640794341,2.961988984742462,0.2369583439481211,1.975326255648492,9.027823330735831,-4.523296615483941,4.50452671525189,0.5426714808438836,-0.2657375383582152,0.36043641897814,-0.1822350618657436,41.19674933872218,0.0057518699351697,11.0,8.0,0.2631578947368421,0.3684210526315789,7.485285600226403,1.542537730509428,5.869156667016358,5.494272530261992,0.3888888888888889,0.2777777777777778,3.3638105763617765,0.8666429536687291,0.6615851481053031,0.45,0.55,-0.2366131107647899,5.1197263695239,5.356684713472021,0.1874054750590552,83,0.0451178451178451,0.074074074074074,0.0
079657b3-e215-4944-8a67-8bb5347e4f15,frontierscience,deepseek/deepseek-v3.2_reasoning-auto,chemistry,,deepseek/deepseek-v3.2,0,is_correct,False,,True,,,,434,2.665090326435232,2.332492670044056,-0.3325976563911759,2.1542878068687457,6.553785074040114,-2.9622823113545387,3.591502762685575,-0.2974387414622636,-0.7404041281146778,1.9756661038243204,2.273104845286584,38.974434019663896,0.0085337392256515,11,6,0.3157894736842105,0.6842105263157895,5.294774981398595,1.2590100926415189,5.648222875445144,5.250261630467255,0.7222222222222222,0.0,3.531754639303497,1.11501042597156,0.8855555991761934,0.5,0.5,2,-2.491593335279749,2.491593335279749,4.983186670559498,1.5123397947146462,4.983186670559498,-2.491593335279749,2.491593335279749,-1.7047743872966703,0.1311364913305129,1.835910878627183,3.540685265923853,4.983186670559498,1.0,0.0,1.0,1.0,0.0,4.983186670559498,0.0,0.2622729826610266,0.0,0.5555555555555556,0.6111111111111112,2.220446049250313e-16,0.6556824566525654,0.6556824566525655,0.5,0.5,0.1736239817230949,-4.65046202360071,0.3327246469587877,-5.348933747081446,436,0.0048211492002,1.0,
cfa05761-b488-4491-9f77-8854ece1cf98,frontierscience,deepseek/deepseek-v3.2_reasoning-auto,physics,,deepseek/deepseek-v3.2,0,is_correct,False,,True,,,,123,-2.4924771696970343,-2.4241093813626744,0.0683677883343598,1.929918170955506,6.29906005897624,-2.4924771696970343,3.806582889279206,0.9984038539776132,-0.8464519913684551,-0.1756929983399899,-1.1740968523176032,37.67537647174591,0.0018146544172061,9,6,0.2631578947368421,0.0,0.0683677883343598,6.23069227064188,3.8707113671527886,4.102402921776465,0.7222222222222222,0.7777777777777778,2.9445010608120223,0.7885983237163164,0.7881230713051081,0.45,0.55,7,-0.2671157829715201,-0.3889411774233561,-0.1218253944518359,1.8728946140100768,8.416160875376313,-4.145406343529422,4.270754531846891,0.6784601681794468,-0.2642435215835289,-0.3681550420119259,-1.0466152101913726,20.693288485573703,0.0058871935476454,3.0,4.0,0.1578947368421052,0.3157894736842105,3.756465166106066,4.659695709270247,2.248492001856844,3.059387570031217,0.4444444444444444,0.2222222222222222,0.7519679987223584,0.6885248849771924,0.653995571272199,0.4,0.6,0.4232519046776337,2.580245503068788,2.458420108616952,-0.7132063589967856,130,0.018925763028122,0.2857142857142857,
44a8a9e1-5336-4f37-bfbf-c76fbc7ad1dc,frontierscience,deepseek/deepseek-v3.2_reasoning-auto,biology,,deepseek/deepseek-v3.2,0,is_correct,False,,True,,,,37,0.1892695415069682,-2.0840761301591244,-2.2733456716660925,2.431014189219035,7.692147343522258,-4.222294524533875,3.4698528189883837,-0.4216988066699033,-0.2904574820838699,0.3751220836972646,0.796820890367168,64.9409407849693,0.0350063556854455,12,13,0.3157894736842105,0.1052631578947368,2.1382183943747504,5.553928949147508,6.014284617883213,7.081571853445892,0.3888888888888889,0.3333333333333333,6.220956617520908,0.9825886697497688,1.1193067457044097,0.5,0.5,28,4.735173258085158,2.348445346892397,-2.3867279111927613,2.6424886324051973,8.80520817799569,-4.070034919910532,4.735173258085158,0.8426143507831289,-0.4597853942995425,-0.2447384213401783,-1.0873527721233072,70.71335462921978,0.0337521522448961,13.0,14.0,0.0,0.7368421052631579,6.418480266802929,2.3867279111927613,6.87703069012178,7.869019919521317,0.4444444444444444,0.5,6.654743225640789,1.2041131928809528,1.143544584513751,0.5,0.5,0.5197388388331295,7.338988227077412,4.952260315884651,0.2029305860363024,65,0.075075075075075,0.0714285714285714,0.2
7fbca2d0-9e5c-48f8-953c-acab7e25598c,frontierscience,deepseek/deepseek-v3.2_reasoning-auto,physics,,deepseek/deepseek-v3.2,0,is_correct,False,,True,,,,166,2.4851610251241274,4.658276445810421,2.173115420686294,2.305759904176704,8.838636339955675,-4.180359894145254,4.658276445810421,-0.0989138182172522,1.208220173701499,1.039000077891009,1.1379138961082609,57.41806327352752,0.0378472434769182,12,10,1.0,0.1578947368421052,8.838636339955675,0.0,6.289117392067107,4.860803083906191,0.1666666666666666,0.8888888888888888,5.364696124805334,1.3626856290125615,0.6627283812257727,0.65,0.35,54,-4.745543510836195,2.559585360838068,7.305128871674263,2.8576264861650205,9.479579462319736,-4.821884927176042,4.657694535143694,-0.0349589404059866,0.2873022703016368,0.7806536338435102,0.8156125742494968,51.65156643705623,0.1414309260218944,13.0,5.0,0.4736842105263157,0.7368421052631579,7.3814702880141105,2.0981091743056264,8.063034852956783,6.47537479920003,0.4444444444444444,0.2777777777777778,4.510234350405593,1.420687678527209,1.0981714229106785,0.65,0.35,-0.0603107360992516,-9.464130692745869,-2.1590018210716053,0.1142102026562703,220,0.01350857977364,0.037037037037037,0.075
a2d2c8a2-86ef-49a6-9e56-804cbb89c848,frontierscience,deepseek/deepseek-v3.2_reasoning-auto,chemistry,,deepseek/deepseek-v3.2,1,is_correct,True,,True,,,,100,-0.0098685427083939,-4.922314524098199,-4.912445981389805,2.5116421167851417,9.712531985433127,-5.558061984081975,4.154470001351152,-0.1920126236117905,2.838265949752085,-1.624573174911155,-1.4325605512993644,35.5908937840919,0.1380253615205788,12,8,0.5263157894736842,0.7894736842105263,0.6357474599837767,9.076784525449352,5.231394765989512,7.974873576172342,0.8333333333333334,0.7777777777777778,3.139721407622749,1.2300496282295446,0.7912329165537877,0.6,0.4,2,1.098577541768151,-1.098577541768151,-2.197155083536302,0.6668112771337247,2.197155083536302,-1.098577541768151,1.098577541768151,0.7516583180518929,-0.0578198706193762,-0.8094781886712691,-1.561136506723162,2.197155083536302,1.0,0.0,1.0,0.0,1.0,0.0,2.197155083536302,-0.1156397412387524,0.1156397412387528,0.8333333333333334,0.5555555555555556,1.295260195396016e-16,0.2890993530968818,0.2890993530968818,0.5,0.5,1.2097045773873514,7.230596643253701,5.033441559717399,-10.422736527050777,102,0.024040404040404,1.0,
27c865e6-1c87-489b-b7ea-b197fe3356ba,frontierscience,deepseek/deepseek-v3.2_reasoning-auto,physics,,deepseek/deepseek-v3.2,1,is_correct,True,,True,,,,23,2.5560718754412965,2.162578001437317,-0.3934938740039797,2.871994346791168,12.957901588716844,-7.023339142970334,5.934562445746511,-0.3736262085223189,0.6458573923691792,-0.1951156804599847,0.1785105280623342,68.2817442385652,0.0057627976319582,13,10,0.6842105263157895,0.3157894736842105,9.18591714440765,3.7719844443091937,8.111718353431709,9.260598113378151,0.3333333333333333,0.7222222222222222,6.69182514922979,1.16686707547565,1.1301208652672443,0.55,0.45,2,2.5927565030084825,-2.5927565030084825,-5.185513006016965,1.5737435086150042,5.185513006016965,-2.5927565030084825,2.5927565030084825,1.77399129153212,-0.1364608685793937,-1.910452160111513,-3.6844434516436326,5.185513006016965,1.0,0.0,1.0,0.0,1.0,0.0,5.185513006016965,-0.2729217371587866,0.2729217371587884,0.8333333333333334,0.7777777777777778,4.934324553889585e-16,0.6823043428969691,0.6823043428969691,0.5,0.5,-0.181168788881279,0.2490097126898867,-4.936503293327078,-8.577272867425826,25,0.1660079051383399,1.0,
1ca773ca-3f07-4426-8086-d1f3591cdf5f,frontierscience,deepseek/deepseek-v3.2_reasoning-auto,biology,,deepseek/deepseek-v3.2,0,is_correct,False,,True,,,,186,2.6772056043375483,-4.986534423327732,-7.66374002766528,2.040662175762445,8.256347858425,-4.986534423327732,3.2698134350972685,0.7704977492319595,1.1432672269588602,-1.0786077263489493,-1.8491054755809089,42.90141810231032,0.1786360536938188,10,9,0.631578947368421,1.0,0.0,8.256347858425,4.241826873656981,6.075051463194515,0.3333333333333333,1.0,3.345606983417808,1.056424087489504,0.7101886637274017,0.65,0.35,8,-0.325379881475039,-3.1008812828652155,-2.7755014013901764,2.2610989728751525,7.744882395410135,-4.200919528266315,3.5439628671438204,0.007687043811663,0.8676328107506807,-0.5529946436341473,-0.5606816874458104,23.71180124324341,0.1170514788361362,3.0,4.0,0.1578947368421052,0.3157894736842105,1.1000382454010995,6.644844150009035,1.805063489512016,3.605403530198145,0.0,0.1666666666666666,0.7544514533860193,1.0207714012150544,0.8803078452084782,0.5,0.5,0.3381843820117565,4.99933892386445,2.223837522474273,-2.946419011682856,194,0.011915140947399,0.25,0.04
fbec81f3-a103-43e1-b4a8-bb2487cc24e8,frontierscience,deepseek/deepseek-v3.2_reasoning-auto,chemistry,,deepseek/deepseek-v3.2,1,is_correct,True,,True,,,,65,-2.463333850425055,0.176666332739924,2.640000183164979,2.193137846192988,9.262670393357045,-4.65279186048477,4.609878532872274,-0.6408995179540093,0.1341203177035645,0.6038291352519377,1.244728653205947,48.09710586750711,0.0548889613116717,12,9,0.6842105263157895,0.5789473684210527,4.829458193224694,4.433212200132351,6.165108894639284,4.529798418273218,0.6111111111111112,0.2777777777777778,4.249006035625338,0.8863156158597025,0.882539595371777,0.45,0.55,2,3.761887648100689,-3.761887648100689,-7.523775296201379,2.283379198728426,7.523775296201379,-3.761887648100689,3.761887648100689,2.5739231276478405,-0.1979940867421413,-2.771917214389981,-5.345840342037821,7.523775296201379,1.0,0.0,1.0,0.0,1.0,0.0,7.523775296201379,-0.395988173484282,0.3959881734842838,0.6666666666666666,0.7222222222222222,3.7007434154171886e-16,0.9899704337107078,0.9899704337107076,0.5,0.5,1.3140086312863883,4.899229946647154,-2.624545349554225,-6.074185792142036,67,0.0403846153846153,1.0,
1a5d24e0-9af4-4b36-98d1-2845df696d90,frontierscience,deepseek/deepseek-v3.2_reasoning-auto,physics,,deepseek/deepseek-v3.2,0,is_correct,False,,True,,,,54,2.5785147413685325,2.4098553552053583,-0.1686593861631742,2.02078866176628,7.803549237388254,-4.465460111033658,3.338089126354596,-0.4629595787935855,-0.2547565906388085,0.2341302468908078,0.6970898256843934,48.11337349615509,0.0035054575039651,11,10,0.4210526315789473,0.5263157894736842,6.875315466239016,0.928233771149238,3.725117200927696,5.137695194369708,0.9444444444444444,0.8888888888888888,4.01287347030058,0.731569579743253,0.9125311649773484,0.55,0.45,28,-2.364071900099592,0.0840245324554665,2.448096432555058,1.6459555376925443,5.21406901396629,-2.364071900099592,2.8499971138666984,0.3781345960546816,-0.8010897234674381,0.1769152428241718,-0.2012193532305098,35.30148699458987,0.0693482524668221,12.0,11.0,0.1052631578947368,0.0,2.448096432555058,2.765972581411232,4.920853764336851,2.5313920153113965,0.6666666666666666,0.6111111111111112,3.126841450937184,0.6635413162824668,0.7585010380296799,0.5,0.5,-0.1580952696022539,-4.932022524907204,-2.483926092352146,-0.5032345645443996,82,0.037037037037037,0.0925925925925925,0.2
ea576eec-eb50-4d75-9849-ccd4c83a15fe,frontierscience,deepseek/deepseek-v3.2_reasoning-auto,chemistry,,deepseek/deepseek-v3.2,1,is_correct,True,,True,,,,87,-0.036019908127369,-0.282513795801546,-0.2464938876741769,1.5717058190131374,7.043298401164929,-3.648982817366361,3.394315583798568,-1.1177060988344214,-0.5700480118051825,-0.749631886603019,0.3680742122314023,31.79035611798896,0.0077537315643562,10,4,0.5789473684210527,0.4210526315789473,3.3664690215648143,3.6768293796001137,4.773985792064691,3.496555317489276,0.5555555555555556,0.3888888888888889,2.5588356002768724,0.316613991607393,1.1322174963121605,0.15,0.85,2,-2.5510617009795293,2.5510617009795293,5.102123401959059,1.5484357236533566,5.102123401959059,-2.5510617009795293,2.5510617009795293,-1.745463269091257,0.1342664053147118,1.8797296744059688,3.625192943497226,5.102123401959059,1.0,0.0,1.0,1.0,0.0,5.102123401959059,0.0,0.2685328106294249,0.0,0.7777777777777778,0.6666666666666666,3.7007434154171886e-16,0.6713320265735603,0.6713320265735604,0.5,0.5,0.0494967772911156,-2.219051127886868,2.883072274072191,-7.338239158085667,89,0.0283346698743651,1.0,
57390923-7cfd-4adf-8d0b-33c5791f6e51,frontierscience,deepseek/deepseek-v3.2_reasoning-auto,chemistry,,deepseek/deepseek-v3.2,1,is_correct,True,,True,,,,33,-2.857383160024938,-2.0539729809753564,0.8034101790495818,2.868779210161955,10.659846663328974,-5.55581134792713,5.104035315401845,0.1638430602738664,0.069803133487986,0.3011177991267498,0.1372747388528834,82.13398529788199,0.0097817021314111,15,14,0.1578947368421052,0.4736842105263157,3.5018383669517736,7.158008296377201,9.597015824919724,6.836355065159021,0.5,0.4444444444444444,8.344198755219507,1.3512779909534811,1.179166483398808,0.55,0.45,2,-1.2961539597561271,1.2961539597561271,2.5923079195122547,0.786735614379892,2.5923079195122547,-1.2961539597561271,1.2961539597561271,-0.8868421829910346,0.0682186294608487,0.9550608124518832,1.8419029954429176,2.5923079195122547,1.0,0.0,1.0,1.0,0.0,2.5923079195122547,0.0,0.136437258921698,0.0,0.7777777777777778,0.6666666666666666,1.8503717077085943e-16,0.341093147304244,0.341093147304244,0.5,0.5,1.568793031692729,2.3266120529119583,4.918919972424213,-8.90890013141745,35,0.096590909090909,1.0,
8fac71ae-1f4a-4edd-9f0d-88a443912a04,frontierscience,deepseek/deepseek-v3.2_reasoning-auto,physics,,deepseek/deepseek-v3.2,0,is_correct,False,,True,,,,41,-0.1073338283104182,-2.411889219692801,-2.304555391382383,1.589099652156348,5.265534661531462,-2.643194856431337,2.622339805100125,0.5774149145709967,0.5570429716927778,0.4310376489599909,-0.1463772656110057,35.371673588119464,0.0651525686405867,11,10,0.7368421052631579,0.8421052631578947,0.231305636738536,5.034229024792927,4.736047179259307,4.174215309406672,0.8888888888888888,0.8333333333333334,3.235216958092803,0.9757839724424476,0.4494124175621292,0.7,0.3,28,2.50943519966237,-2.582631466492849,-5.092066666155219,2.8935441105501867,8.545086153301199,-4.233552285965794,4.311533867335405,0.2089660286730343,0.3112131492748217,-0.6987610208279795,-0.907727049501014,93.306083747334,0.0545737904930632,14.0,15.0,0.3684210526315789,0.1052631578947368,1.6509208194729448,6.894165333828254,7.015398341165015,6.650834849585894,0.1111111111111111,0.3888888888888889,9.345713666607388,1.3319636815479687,1.359529275514613,0.45,0.55,0.1108286193442626,5.032153038699434,-0.0599136274557849,-0.1498658377478534,69,0.0646341463414634,0.0714285714285714,0.5
3182a1e3-e9ad-4d4b-8ef8-de88a9f811b8,frontierscience,deepseek/deepseek-v3.2_reasoning-auto,physics,,deepseek/deepseek-v3.2,0,is_correct,False,,True,,,,323,2.8032530679551293,-0.110476498093515,-2.9137295660486444,1.933001670018004,8.276580935258579,-3.893468419721239,4.3831125155373405,0.8532596126446369,0.2090801801337877,0.6181686829260391,-0.2350909297185978,51.75735922919914,0.0562959472709119,14,13,0.9473684210526316,0.2105263157894736,3.782991921627724,4.493589013630856,5.759297174741374,7.583139591354974,0.2222222222222222,0.1666666666666666,4.963715121444855,1.0469777605278707,0.4897082281776102,0.55,0.45,84,0.0693521040880967,2.4740300529214885,2.404677948833392,2.0388705089866,8.342662004098889,-4.178816659504474,4.163845344594416,-0.3499082186827787,0.3625132487394116,0.176036325552604,0.5259445442353828,52.8752367277092,0.045478339155562,13.0,14.0,0.4210526315789473,0.8421052631578947,6.652846712425962,1.689815291672927,4.283340372954815,6.45078720263686,0.2777777777777778,0.2222222222222222,5.054564320493177,0.8146456031124416,0.7574229449268388,0.6,0.4,0.0432866158711853,0.2231152180527971,2.627793166886189,-0.0494617615241033,407,0.006480395361806,0.0238095238095238,0.075
f398c3ad-6cff-45b1-a21d-5ce963db75aa,frontierscience,deepseek/deepseek-v3.2_reasoning-auto,physics,,deepseek/deepseek-v3.2,1,is_correct,True,,True,,,,41,0.210450558111196,0.474810702928467,0.264360144817271,2.486748682829321,8.398647578824203,-3.928116118522783,4.47053146030142,-0.4756101137688366,-0.2459932576186682,-0.927899655585671,-0.4522895418168343,65.46552174128155,0.0040381583738386,13,12,0.4210526315789473,0.8947368421052632,4.40292682145125,3.995720757372952,7.562751672124194,5.733770632315798,0.3888888888888889,0.8888888888888888,6.270090887628215,0.8356461180980974,1.3665771947594254,0.55,0.45,3,3.2714761034171547,-1.7001607167670822,-4.971636820184237,1.668654823925323,4.971636820184237,-1.7001607167670822,3.2714761034171547,1.7421735276064507,-1.259107881922758,-1.666254050946817,-3.408427578553267,4.971636820184237,1.0,0.0,1.0,0.0,1.0,0.0,4.971636820184237,-0.013562666328106,0.5097675252702345,0.6111111111111112,0.0,0.027566936607896,0.609760734662258,0.9405639739570104,0.35,0.65,1.786586621046578,4.583252021535266,-0.3883847986489712,-7.129303848545852,44,0.0707317073170731,0.6666666666666666,
d3acd2cb-8477-4630-b8bb-b4bc22670dc8,frontierscience,deepseek/deepseek-v3.2_reasoning-auto,physics,,deepseek/deepseek-v3.2,0,is_correct,False,,True,,,,98,2.6038431878328003,-4.837033943166625,-7.440877130999425,2.575110367971982,9.601791466042815,-4.837033943166625,4.764757522876192,1.0783899866819822,-0.1515923643114445,-0.8249477448054211,-1.9033377314874032,57.78360645149017,0.1287714213069429,12,11,0.5263157894736842,1.0,0.0,9.601791466042815,6.826176354470057,5.328597534227317,0.7222222222222222,0.8888888888888888,5.198024809099345,1.1529174137300366,1.0760225693419747,0.55,0.45,13,1.3582081814877964,1.6920584484137249,0.3338502669259284,2.154296745630404,6.548892642153675,-3.564927674025141,2.9839649681285327,-0.4336720427449886,1.0065121048501835,-0.5297735938379852,-0.0961015510929965,41.08271314217638,0.0081262954997777,7.0,8.0,0.8421052631578947,0.3157894736842105,5.2569861224388665,1.291906519714808,4.613238854137888,6.112841153313179,1.0,0.2777777777777778,3.14835444170412,1.017869040335209,0.9763070967497862,0.6,0.4,0.9378879066125584,7.13313003126698,7.466980298192908,-0.5555259590940089,111,0.0210393435724805,0.1666666666666666,0.0
a466aab3-82ae-4890-94dc-7fd11df89c0f,frontierscience,deepseek/deepseek-v3.2_reasoning-auto,biology,,deepseek/deepseek-v3.2,0,is_correct,False,,False,,,,61,-2.503736905252412,0.018819783750208,2.52255668900262,2.0261317899693214,8.316993741367199,-5.537657268120272,2.779336473246927,-0.3156383334674924,-1.4377316965270714,-0.3681529361850359,-0.0525146027175434,54.76304770231235,0.0460631172814749,16,13,0.2631578947368421,0.631578947368421,5.5564770518704805,2.760516689496719,4.843509392478385,5.258624870672245,0.7777777777777778,0.2777777777777778,5.623791012196571,0.5312463963827004,1.2553717877363084,0.4,0.6,0,,,,,,,,,,,,,,,,,,,,,,,,,,,,,,,,,61,0.0437158469945355,,0.4
422512ca-5a0c-4a23-b987-7fa2eb2024e6,frontierscience,deepseek/deepseek-v3.2_reasoning-auto,physics,,deepseek/deepseek-v3.2,1,is_correct,True,,True,,,,166,0.0501152816414331,0.1305290294243355,0.0804137477829023,1.6193314690415554,6.290066168369606,-1.7753331313027387,4.514733037066868,0.8758473233608142,0.6463196517145374,0.802213108969917,-0.0736342143908971,43.17713336811391,0.0018624151607593,12,12,0.3157894736842105,0.7368421052631579,1.9058621607270745,4.384204007642532,5.224543860744494,3.967439125520456,0.2777777777777778,0.7222222222222222,4.104510745563029,1.068241361044255,0.2948189870769068,0.65,0.35,2,2.54554277722872,-2.54554277722872,-5.09108555445744,1.5450858639895972,5.09108555445744,-2.54554277722872,2.54554277722872,1.741687163367019,-0.1339759356436167,-1.8756630990106355,-3.6173502623776543,5.09108555445744,1.0,0.0,1.0,0.0,1.0,0.0,5.09108555445744,-0.2679518712872331,0.2679518712872344,0.6111111111111112,0.9444444444444444,3.947459643111668e-16,0.6698796782180843,0.6698796782180841,0.5,0.5,-0.0873923101552383,2.327621437649146,-2.7634641168082936,-5.319143098244357,168,0.01350857977364,1.0,
d9a6df63-9cdc-41c0-980b-ddc78275bf91,frontierscience,deepseek/deepseek-v3.2_reasoning-auto,biology,,deepseek/deepseek-v3.2,0,is_correct,False,,True,,,,30,0.1332855431179313,4.814957451579001,4.68167190846107,2.2823091957539363,9.212813103116623,-4.397855651537622,4.814957451579001,-0.7684686543515988,0.2450248478359037,0.3863494010187562,1.154818055370355,56.09315969917076,0.0834624387994723,12,10,1.0,0.1052631578947368,9.212813103116623,0.0,7.988779297473719,6.151283552654787,0.1111111111111111,0.1666666666666666,5.266350512806579,0.9073718217532848,0.9746723337281508,0.5,0.5,11,-4.86200144802842,2.709386554798686,7.571388002827106,1.7596360284346304,7.571388002827106,-4.86200144802842,2.709386554798686,0.3526501838337343,-0.0236761214550823,-0.2327423785133586,-0.585392562347093,17.543605953911406,0.4315753570114267,4.0,5.0,1.0,0.0,7.571388002827106,0.0,3.812582162879418,1.3337018335777455,0.0,0.2222222222222222,0.5975707515208413,0.6211836730590572,0.5758654647805365,0.5,0.5,0.1244398936696712,-9.55251900593775,-1.981131003110644,-2.1520916945347075,41,0.0666666666666666,0.2545454545454545,0.25
9c098058-e720-4a0b-8fc5-62fb27aade25,frontierscience,deepseek/deepseek-v3.2_reasoning-auto,biology,,deepseek/deepseek-v3.2,0,is_correct,False,,True,,,,51,2.6218994079582663,-4.929015044922914,-7.55091445288118,2.242947269639721,8.836942846655528,-4.929015044922914,3.907927801732615,0.467871195158981,0.6266652870259994,-0.269274342242671,-0.737145537401652,54.25980040126764,0.1391622231751662,14,11,0.8421052631578947,1.0,0.0,8.836942846655528,5.101518303735047,7.73724608592585,0.9444444444444444,1.0,5.111355348911029,1.1048651073534022,0.8025596412614604,0.55,0.45,41,2.18099284652449,2.5279484720821306,0.3469556255576407,1.74602815839645,5.32071040912658,-2.653026198077408,2.6676842110491714,-0.3501381596202669,-0.4215633210604867,0.8142592954973896,1.1643974551176566,42.43482518210312,0.0081762001862557,13.0,10.0,0.7368421052631579,0.3157894736842105,5.1809746701595385,0.1397357389670408,5.123857198697881,5.113765676295232,0.3888888888888889,0.4444444444444444,3.967285576064057,0.7068057068118019,0.7326234364008488,0.45,0.55,0.2323066422592803,7.342314533706684,7.689270159264325,0.1132940554332435,92,0.0486274509803921,0.05,0.0
790baca4-d2d8-4acb-8494-91adf77e026b,frontierscience,deepseek/deepseek-v3.2_reasoning-auto,physics,,deepseek/deepseek-v3.2,0,is_correct,False,,False,,,,84,-0.1050783782907063,-2.381378066640053,-2.276299688349347,1.9480987538572396,7.111256947435571,-3.8165495279251687,3.2947074195104022,-0.3226300904950904,-0.0907897602276633,-0.2385149105413224,0.0841151799537679,50.749724985230685,0.0448534388907881,11,12,0.4210526315789473,0.2631578947368421,1.4351714612851154,5.676085486150456,4.050419339779493,4.906764408459688,0.3888888888888889,0.2222222222222222,4.296333185895023,0.7232305583562695,0.93948197927163,0.4,0.6,0,,,,,,,,,,,,,,,,,,,,,,,,,,,,,,,,,84,0.0295467584624211,,0.1
1eca2503-b141-4f9f-ab10-e27d272c93b0,frontierscience,deepseek/deepseek-v3.2_reasoning-auto,biology,,deepseek/deepseek-v3.2,0,is_correct,False,,True,,,,64,-2.497182968952287,2.471008939686663,4.96819190863895,1.8996282064480383,6.436712609025287,-3.611385163437906,2.8253274455873805,-0.6931430109745284,-0.0565406270616723,-0.0238279297138585,0.6693150812606699,46.4045839715751,0.1070625245058158,10,11,0.5789473684210527,0.3157894736842105,6.082394103124569,0.3543185059007174,4.507562876109393,4.225505392654606,0.3333333333333333,0.1111111111111111,3.9345175820179934,0.7300652174944394,0.9996028697212672,0.45,0.55,2,2.5954801098948703,-2.5954801098948703,-5.190960219789741,1.5753966752939803,5.190960219789741,-2.5954801098948703,2.5954801098948703,1.7758548120333326,-0.1366042163102561,-1.9124590283435885,-3.688313840376921,5.190960219789741,1.0,0.0,1.0,0.0,1.0,0.0,5.190960219789741,-0.2732084326205122,0.2732084326205131,0.6111111111111112,0.5555555555555556,2.220446049250313e-16,0.6830210815512817,0.6830210815512816,0.5,0.5,-0.0281097068255045,0.0963614633827028,-5.094598756407038,-5.150216308124303,66,0.0411706349206349,1.0,
3f380f88-7221-4320-a168-348d9a77db2e,frontierscience,deepseek/deepseek-v3.2_reasoning-auto,physics,,deepseek/deepseek-v3.2,0,is_correct,False,,True,,,,5,1.893161386076171,-0.240590390438863,-2.133751776515034,2.797244415419436,9.641931061503438,-5.353472941877944,4.288458119625494,-2.285180014179464,-0.0341990916229642,2.198574001968572,4.483754016148036,21.41761389952191,0.0996260268079005,2,3,0.7368421052631579,0.2631578947368421,5.112882551439081,4.5290485100643565,1.085087864065042,1.581268462881694,0.7222222222222222,0.1111111111111111,0.2645576653027671,1.0995967943003588,1.2518072807406375,0.5,0.5,90,2.1525745285424605,2.670746163099975,0.5181716345575147,1.7152193050655775,6.033284189981394,-3.3395159263381418,2.693768263643252,0.017806530835328,0.6443242878346106,1.4150756404280054,1.3972691095926772,37.54636129369347,0.0138008482500952,13.0,8.0,0.8421052631578947,0.2105263157894736,6.0102620894381165,0.0230221005432769,3.432421644896837,3.729618464133677,1.0,0.3333333333333333,3.4840570376598974,1.1189713740842833,0.4627028954214031,0.65,0.35,-0.6300004669866829,1.7631644519946406,2.2813360865521557,0.2517990682825797,95,0.4,0.0272159800249687,0.0125
62dc1c65-0200-41d8-91fd-aa3c606e46cc,frontierscience,deepseek/deepseek-v3.2_reasoning-auto,physics,,deepseek/deepseek-v3.2,1,is_correct,True,,True,,,,114,2.564357646416867,-2.412214026391772,-4.976571672808639,2.075023392303677,5.900525610711133,-2.633420638173233,3.2671049725379,-0.3579684981608034,0.5107471471767827,-0.4930008260547419,-0.1350323278939385,52.52940940998688,0.0947387706944691,12,11,0.1578947368421052,0.7894736842105263,0.2212066117814615,5.679318998929672,5.786290083175023,4.899604685636733,0.1111111111111111,0.7777777777777778,4.570780814176,0.9093290550600746,1.0037567757209045,0.45,0.55,2,3.7072819370107695,-3.7072819370107695,-7.414563874021539,2.25023478919311,7.414563874021539,-3.7072819370107695,3.7072819370107695,2.5365613253231585,-0.195120101947935,-2.7316814272710928,-5.268242752594251,7.414563874021539,1.0,0.0,1.0,0.0,1.0,0.0,7.414563874021539,-0.3902402038958694,0.3902402038958712,0.6666666666666666,0.7222222222222222,3.7007434154171886e-16,0.9756005097396764,0.975600509739676,0.5,0.5,1.2265918914511085,7.34608785485365,-0.068476019167889,-4.737577107780531,116,0.0206489675516224,1.0,
ff4a744b-45ac-46d9-b0ba-6461a71e278a,frontierscience,deepseek/deepseek-v3.2_reasoning-auto,chemistry,,deepseek/deepseek-v3.2,1,is_correct,True,,True,,,,47,-2.5658291951134182,-2.2514706093159043,0.3143585857975139,2.3949248535937664,8.10065904196803,-3.2167184566667557,4.883940585301274,-0.7081418228283864,-0.7827995095385455,-0.4292421283130236,0.2788996945153628,59.95700596438386,0.005243066773285,13,12,0.2631578947368421,0.8947368421052632,0.965247847350851,7.135411194617179,7.22765374416793,7.057441722624072,0.5555555555555556,0.6111111111111112,5.848753507898007,0.7266858262309915,1.3772879310533248,0.3,0.7,2,0.0853299472838013,-0.0853299472838013,-0.1706598945676027,0.0517933135921262,0.1706598945676027,-0.0853299472838013,0.0853299472838013,0.0583836481415483,-0.0044910498570421,-0.0628746979985904,-0.1212583461401388,0.1706598945676027,1.0,0.0,1.0,0.0,1.0,0.0,0.1706598945676027,-0.0089820997140843,0.0089820997140843,0.6111111111111112,0.5555555555555556,8.480870326997724e-18,0.0224552492852108,0.0224552492852108,0.5,0.5,2.5836076345258507,4.920408191125556,4.749748296557954,-10.098746571320708,49,0.0601295097132284,1.0,
328c6a47-15d7-470e-99f5-73e468634614,frontierscience,deepseek/deepseek-v3.2_reasoning-auto,physics,,deepseek/deepseek-v3.2,0,is_correct,False,,False,,,,76,2.4288568615612944,0.105885943620501,-2.3229709179407934,2.4273375129494217,7.905806739413361,-4.761030336822354,3.144776402591007,-0.1134426204050575,-0.3083815827478351,-0.3572090315441286,-0.243766411139071,48.31291618392631,0.0480817781542577,9,10,0.8421052631578947,0.0526315789473684,4.866916280442855,3.038890458970506,4.819388508483828,7.189887198383648,0.1111111111111111,0.0,3.932377906758481,0.8718871650885939,1.1266883456553447,0.65,0.35,0,,,,,,,,,,,,,,,,,,,,,,,,,,,,,,,,,76,0.0333333333333333,,
1567b1bb-e3e5-44e5-abb8-b58e2626f468,frontierscience,deepseek/deepseek-v3.2_reasoning-auto,chemistry,,deepseek/deepseek-v3.2,0,is_correct,False,,True,,,,115,0.1699277153913274,0.1569838738871775,-0.0129438415041498,2.962022345983768,9.73688092049732,-4.776358140372332,4.960522780124989,-1.603626786080874,1.6972521232091435,-0.2492942871909869,1.354332498889887,49.366031717553824,0.0002622013772184,12,10,0.0526315789473684,0.1052631578947368,4.933342014259509,4.803538906237812,7.32729943073662,9.73688092049732,0.7777777777777778,0.0555555555555555,4.802863486654707,1.1148066644551462,1.156826082617548,0.5,0.5,18,2.5512816725827228,-0.1389502370517613,-2.690231909634484,2.3546953370778514,7.75654536919713,-4.5348387294065295,3.2217066397906,-0.1272190824287359,0.0170202944834415,0.1057673763935842,0.2329864588223202,56.87552846847129,0.0473003413256336,10.0,11.0,0.4210526315789473,0.4736842105263157,4.395888492354768,3.360656876842361,6.470719570957589,7.75654536919713,0.5,0.4444444444444444,5.666316736295524,1.0339802078392313,1.0408195707020087,0.55,0.45,0.1865672486477106,2.580865047343256,-0.1093668622912282,-2.9417244245531755,133,0.0204424103737604,0.1111111111111111,0.2
f10254b9-f0a1-407f-8af9-3169e23eee5e,frontierscience,deepseek/deepseek-v3.2_reasoning-auto,physics,,deepseek/deepseek-v3.2,0,is_correct,False,,True,,,,181,2.7974050813480087,0.141238041788979,-2.6561670395590298,2.4181719268786144,8.408797990368411,-3.874163369782413,4.534634620585998,-0.6594096418122043,-0.8725358174023048,0.1823318258711592,0.8417414676833636,52.256228939643,0.0508296731979446,12,8,0.8947368421052632,0.7894736842105263,4.015401411571392,4.393396578797019,6.486945356355534,5.515895150789234,0.5555555555555556,0.0,4.769728755137603,0.8143460319217981,1.2958273948855286,0.45,0.55,4,2.5227863674771145,-2.6128899548106537,-5.135676322287768,1.47915709665255,5.135676322287768,-2.6128899548106537,2.5227863674771145,0.2476919064723955,0.3397617593894441,-0.6458434929205934,-0.8935353993929889,13.4065245388034,0.3830729065853896,2.0,3.0,0.0,1.0,0.0,5.135676322287768,0.7342871436770726,0.7868185847560252,0.5555555555555556,0.9444444444444444,0.1674309829136157,0.6472006491177277,0.6353449139422617,0.5,0.5,-0.0489589655338658,2.332589360154269,-2.8030869621334986,-5.084699539470542,185,0.0122774708410067,0.5,
953ba4b1-94ae-42ac-9621-408386bc382b,frontierscience,deepseek/deepseek-v3.2_reasoning-auto,physics,,deepseek/deepseek-v3.2,1,is_correct,True,,True,,,,94,-2.684325416133356,2.287559581330284,4.97188499746364,1.8413048075520124,7.229604121422675,-4.555117215397089,2.6744869060255856,-0.8844575060888478,-1.709998784539335,0.5327062794309979,1.4171637855198456,29.378094138712907,0.1692378332640697,8,5,0.7368421052631579,0.5789473684210527,6.842676796727373,0.3869273246953018,4.061697766527652,3.2527466228844504,1.0,0.8888888888888888,2.1230066500005216,0.4818512609428264,1.230099078833391,0.35,0.65,2,0.0486031536100046,-0.0486031536100046,-0.0972063072200093,0.029500995331883,0.0972063072200093,-0.0486031536100046,0.0486031536100046,0.0332547893121084,-0.002558060716316,-0.0358128500284244,-0.0690676393405329,0.0972063072200093,1.0,0.0,1.0,0.0,1.0,0.0,0.0972063072200093,-0.005116121432632,0.005116121432632,0.6666666666666666,0.7222222222222222,6.167905692361981e-18,0.0127903035815801,0.0127903035815801,0.5,0.5,0.0295268243078622,-2.209429603412417,-2.3066359106324263,-12.171275167461054,96,0.0258522077327842,1.0,
4525a8e7-9e13-47c9-8b87-c0a97ebd355e,frontierscience,deepseek/deepseek-v3.2_reasoning-auto,biology,,deepseek/deepseek-v3.2,0,is_correct,False,,True,,,,32,2.9042700056827724,-0.0228803327451704,-2.9271503384279427,2.3141018687898454,9.34226299385847,-5.058385453735989,4.283877540122481,0.7385193024060067,-0.9822440022662178,0.6862960285115912,-0.0522232738944155,52.761933346135976,0.0554784510875455,11,11,0.7368421052631579,0.5789473684210527,5.035505120990818,4.306757872867652,4.905235123689727,6.192062058421387,0.3333333333333333,0.5555555555555556,5.004494243280671,0.9516718668407216,0.831086703238318,0.5,0.5,15,2.412003146367037,-0.3983517071421625,-2.8103548535092,1.8580189677142576,6.963396020863174,-4.551392874496137,2.412003146367037,0.4555471746383037,-0.5389788767561314,0.1689035190403155,-0.2866436555979881,33.55813361300741,0.0837458628038802,7.0,7.0,0.0,0.631578947368421,4.153041167353974,2.8103548535092,4.823415854412254,3.5274373051616994,0.1666666666666666,0.6111111111111112,2.369848446604652,0.7554264494519681,0.7339564894811131,0.5,0.5,0.3620176435300357,2.796901122642243,-0.0134537308669564,-3.8687377610945326,47,0.0887096774193548,0.1333333333333333,0.1
c982b5bc-0fb8-4f12-94fa-f05715209ead,frontierscience,deepseek/deepseek-v3.2_reasoning-auto,chemistry,,deepseek/deepseek-v3.2,0,is_correct,False,,False,,,,113,-2.65311772156598,-2.518808998754767,0.1343087228112125,2.394189356102268,9.274192674097812,-4.906142822793176,4.3680498513046375,0.1367465669479201,-0.0661785191205726,-0.5905270041947116,-0.7272735711426317,59.74333283785573,0.0022480955854225,11,10,0.9473684210526316,0.4736842105263157,2.387333824038409,6.886858850059404,8.392896511588809,6.886858850059404,0.9444444444444444,1.0,5.525105718788059,0.9141224409478642,1.066581725466706,0.5,0.5,0,,,,,,,,,,,,,,,,,,,,,,,,,,,,,,,,,113,0.0208596713021491,,
dbe975d5-c431-4d73-8f7c-f8bba77ea458,frontierscience,deepseek/deepseek-v3.2_reasoning-auto,physics,,deepseek/deepseek-v3.2,1,is_correct,True,,True,,,,94,-0.1220853013618066,-2.305594821112077,-2.1835095197502703,2.250026404031064,7.785153336126131,-4.644674710099173,3.140478626026957,-0.6420467854733508,0.3104744226130086,-0.1915137320424194,0.4505330534309313,46.17348062323202,0.0472892554400944,13,6,0.4210526315789473,0.4736842105263157,2.3390798889870963,5.4460734471390335,5.052110164924976,7.785153336126131,0.2222222222222222,0.4444444444444444,4.347590506825198,0.8849257724832537,1.0584302190970991,0.5,0.5,3,2.5766015000614666,-2.6681175447345047,-5.244719044795971,1.5922528825859117,5.244719044795971,-2.6681175447345047,2.5766015000614666,1.791837672044068,-0.072306273612863,-1.9418981791009409,-3.733735851145009,5.244719044795971,1.0,0.0,1.0,0.0,1.0,0.0,5.244719044795971,-0.2615879426724659,0.2904877462534259,0.0555555555555555,0.7777777777777778,0.0016055446433869,0.6997278790176844,0.6804613432970449,0.5,0.5,-0.1070105384511976,4.775185782722346,-0.4695332620736252,-5.828337780186885,97,0.0258522077327842,0.6666666666666666,
d1cec1fb-13bb-475a-b2f1-956db5ef3b77,frontierscience,deepseek/deepseek-v3.2_reasoning-auto,physics,,deepseek/deepseek-v3.2,1,is_correct,True,,True,,,,99,2.6925542745312,-2.06487114072618,-4.75742541525738,2.3655558166475315,8.137622972051304,-3.7585742665432207,4.379048705508084,0.5495429384666899,0.4354009083064828,-0.2438036055419044,-0.7933465440085944,50.19225774920646,0.0947840489469233,12,11,0.3684210526315789,0.0526315789473684,1.6937031258170403,6.443919846234264,4.712625598638379,6.451128541074421,0.0555555555555555,0.0,4.456072837177546,1.153355571605988,0.8817663068979489,0.55,0.45,2,3.7072758794842944,-3.7072758794842944,-7.414551758968589,2.250231112413992,7.414551758968589,-3.7072758794842944,3.7072758794842944,2.53655718069978,-0.1951197831307521,-2.7316769638305325,-5.268234144530313,7.414551758968589,1.0,0.0,1.0,0.0,1.0,0.0,7.414551758968589,-0.3902395662615037,0.3902395662615054,0.8333333333333334,0.7777777777777778,3.454027187722709e-16,0.9755989156537618,0.9755989156537616,0.5,0.5,1.231920240962059,7.004067261172533,-0.4104844977960553,-2.7034709237382017,101,0.0243248814677386,1.0,
b90fc8dc-2fca-4ff7-9c9f-a2e6a0ac7812,frontierscience,deepseek/deepseek-v3.2_reasoning-auto,physics,,deepseek/deepseek-v3.2,1,is_correct,True,,True,,,,26,2.6111720934701337,0.2303861419937749,-2.3807859514763585,2.5361581202029235,10.405970776179707,-4.372856140047598,6.033114636132108,0.1591712257206523,0.245301917416052,-0.4878560690306688,-0.6470272947513211,68.85865379175661,0.0345749709060006,13,12,0.4736842105263157,0.1578947368421052,4.603242282041373,5.802728494138333,6.119163864318549,7.663241761302123,0.6111111111111112,0.1111111111111111,6.774026729561986,0.9651912600519256,0.9699824806632796,0.5,0.5,2,3.762574677721512,-3.762574677721512,-7.525149355443023,2.283796209891928,7.525149355443023,-3.762574677721512,3.762574677721512,2.574393200546297,-0.1980302461958688,-2.7724234467421667,-5.346816647288463,7.525149355443023,1.0,0.0,1.0,0.0,1.0,0.0,7.525149355443023,-0.3960604923917374,0.3960604923917388,0.6111111111111112,0.5555555555555556,4.6876083261951055e-16,0.9901512309793452,0.990151230979345,0.5,0.5,1.3534519011539252,4.885640436881662,-2.6395089185613614,-3.909840282883984,28,0.1384615384615384,1.0,
f12a8706-3ddd-4255-9234-0655babceb8e,frontierscience,deepseek/deepseek-v3.2_reasoning-auto,chemistry,,deepseek/deepseek-v3.2,1,is_correct,True,,True,,,,69,2.4771856771567613,4.7493301261723495,2.272144449015588,2.4584535254266204,9.170355219347917,-4.421025093175567,4.7493301261723495,0.2767547025626417,0.3544937390097918,-0.1986241096783197,-0.4753788122409614,63.30631051732386,0.0358912789333033,13,14,1.0,0.8947368421052632,9.170355219347917,0.0,8.212989556561396,5.432566963445265,0.3333333333333333,0.2777777777777778,5.559082602404507,1.1167802226518797,0.955430501005024,0.5,0.5,2,-1.1118246629816737,1.1118246629816737,2.223649325963347,0.6748519747439427,2.223649325963347,-1.1118246629816737,1.1118246629816737,-0.7607221378295661,0.0585170875253511,0.8192392253549171,1.579961363184483,2.223649325963347,1.0,0.0,1.0,1.0,0.0,2.223649325963347,0.0,0.1170341750507026,0.0,0.5555555555555556,0.6111111111111112,1.1102230246251563e-16,0.2925854376267561,0.2925854376267562,0.5,0.5,-1.2625955761246797,-7.123750365278703,-4.900101039315356,-8.17969297668255,71,0.0375106564364876,1.0,
dcc38501-c38e-4a8e-a069-1a401d6432c0,frontierscience,deepseek/deepseek-v3.2_reasoning-auto,physics,,deepseek/deepseek-v3.2,0,is_correct,False,,True,,,,155,2.6605947089395223,-2.346981339884271,-5.007576048823793,2.0488036731282926,7.327648596614432,-4.410128126963799,2.917520469650634,0.2305240024084783,-0.8611793617888394,-0.4134469617753858,-0.6439709641838641,46.91538910079967,0.1067363213819842,12,7,0.1052631578947368,0.5263157894736842,2.063146787079528,5.264501809534905,3.886484081828892,5.761076310355915,0.5555555555555556,0.6666666666666666,3.7580842070643214,0.6829220239251218,1.027685488240864,0.4,0.6,4,2.257904430346162,0.2282283396155655,-2.0296760907305966,2.0963719357004,6.739309574689052,-4.48140514434289,2.257904430346162,-1.111750356998364,-0.7430611070274654,1.0735375983977984,2.1852879553961624,15.506427500802223,0.1308925663648568,2.0,2.0,0.0,0.3157894736842105,4.709633483958456,2.0296760907305966,1.1408667937404493,1.1232182624481757,0.5555555555555556,0.1666666666666666,0.2079486418578874,0.7089794529886869,1.036102185878388,0.6,0.4,-0.0982581886203221,4.506627581610111,2.4769514908795145,-2.9166282370636125,159,0.0144113950565563,0.5,
f44b0903-1c29-44a5-9f9b-b6ccdd164e1c,frontierscience,deepseek/deepseek-v3.2_reasoning-auto,chemistry,,deepseek/deepseek-v3.2,0,is_correct,False,,True,,,,75,-2.49926862446808,-2.4687280680209334,0.0305405564471463,2.1714527021840757,6.046055283734679,-3.0808275489643777,2.965227734770302,-0.7735347244988048,0.3620755193113485,0.4694109316037129,1.2429456561025176,55.37884616186891,0.0005514841598157,11,12,0.631578947368421,0.2105263157894736,0.6120994809434444,5.433955802791235,5.655904581605561,5.0510001069382575,0.6111111111111112,1.0,5.191968705443392,1.034236663636824,1.03742410597132,0.5,0.5,2,-0.0553142565157394,0.0553142565157394,0.1106285130314788,0.0335744802971285,0.1106285130314788,-0.0553142565157394,0.0553142565157394,-0.0378465965634006,0.0029112766587231,0.0407578732221237,0.0786044697855244,0.1106285130314788,1.0,0.0,1.0,1.0,0.0,0.1106285130314788,0.0,0.0058225533174462,0.0,0.7222222222222222,0.6111111111111112,6.553399798134605e-18,0.0145563832936156,0.0145563832936156,0.5,0.5,-0.0704290787849295,2.3429847327202644,2.453613245751743,-11.314066320459505,77,0.0338738738738738,1.0,
af50243e-3a60-4460-9536-f9a02c4f8eb8,frontierscience,deepseek/deepseek-v3.2_reasoning-auto,physics,,deepseek/deepseek-v3.2,0,is_correct,False,,False,,,,100,0.0068818628086275,2.5316425335863197,2.524760670777692,2.0087002986096896,8.526112247970318,-4.746816499231112,3.779295748739206,0.6741329826823313,0.4636710970879402,0.2554420005651425,-0.4186909821171888,45.451690404135306,0.0555482238026505,9,10,0.4736842105263157,0.7894736842105263,7.27845903281743,1.2476532151528867,7.880718448376204,5.939433357516839,0.8333333333333334,0.5,4.026052354010157,1.0579849427476362,0.5831209146584986,0.6,0.4,0,,,,,,,,,,,,,,,,,,,,,,,,,,,,,,,,,100,0.024040404040404,,0.0
aeaa8d2c-fcb9-423f-b1c0-ac9c122999e6,frontierscience,deepseek/deepseek-v3.2_reasoning-auto,physics,,deepseek/deepseek-v3.2,0,is_correct,False,,False,,,,67,2.5517107848255667,2.6914667046414498,0.1397559198158831,2.0398343956872416,8.360867903907252,-3.890439844274184,4.470428059633068,1.1190307084668665,0.3584543512461572,-0.2666882373462237,-1.3857189458130903,57.3135163705989,0.0024384460885665,13,14,0.1052631578947368,0.4736842105263157,6.581906548915633,1.7789613549916186,6.550485841537247,5.364523509861098,0.5,0.1111111111111111,5.536537170011872,1.120643193994184,0.683529894298493,0.55,0.45,0,,,,,,,,,,,,,,,,,,,,,,,,,,,,,,,,,67,0.0388964269561284,,
9557097c-9285-46d9-b1fc-51a256d87913,frontierscience,deepseek/deepseek-v3.2_reasoning-auto,physics,,deepseek/deepseek-v3.2,0,is_correct,False,,True,,,,67,-0.0548906752614502,-0.2905369244410916,-0.2356462491796413,1.552142445738114,6.0408693142593926,-4.250355842055222,1.790513472204171,-0.9654021408620872,-1.813549752724068,-0.406723219820131,0.5586789210419563,35.90720725411085,0.0065626448615733,11,6,0.2631578947368421,0.8947368421052632,3.9598189176141294,2.0810503966452627,3.992749551546188,5.152399564137689,0.2222222222222222,0.8888888888888888,3.5226449554894668,0.2405212363874338,1.3351713650886272,0.25,0.75,34,-2.309934479436011,2.699942888097416,5.009877367533427,2.514048897723953,10.81973236070945,-6.257080435725484,4.562651924983966,-0.7456144709884299,-0.8746917318945837,0.6412675139132005,1.3868819849016305,57.41190046676838,0.0872620018986008,10.0,9.0,0.7894736842105263,0.7368421052631579,8.9570233238229,1.862709036886549,10.81973236070945,7.227205363129283,0.7777777777777778,0.7222222222222222,4.876198094554852,0.8054229625453789,1.1801498793804734,0.5,0.5,-0.1005293612668347,-2.119926916261754,2.889950451271673,2.581176277222532,101,0.0303030303030303,0.071301247771836,0.125
2d0a5720-a17d-4886-877d-ee910ea9626a,frontierscience,deepseek/deepseek-v3.2_reasoning-auto,chemistry,,deepseek/deepseek-v3.2,0,is_correct,False,,True,,,,84,2.5407794886508195,0.0119951202967699,-2.5287843683540494,2.134514266026659,9.066569952158764,-4.892088945598997,4.17448100655977,0.4830636898059207,-0.5704744942654417,0.6658572960657799,0.1827936062598592,53.03978518563639,0.0476771231162313,14,10,0.8421052631578947,0.4210526315789473,4.904084065895766,4.162485886263,4.469918180929437,7.401545309100347,0.8333333333333334,0.3888888888888889,4.898840049391946,0.9690383867231124,0.7998749794642107,0.55,0.45,33,4.86006436137032,-0.1635756941147054,-5.023640055485025,2.009830858869436,8.318701710325124,-3.458637348954805,4.86006436137032,0.6164178084660294,-1.005038058564343,0.1709750309581014,-0.445442777507928,43.955512281112576,0.114289193659191,12.0,9.0,0.0,0.631578947368421,3.295061654840099,5.023640055485025,5.720630470721954,4.794000339131799,0.9444444444444444,0.0,3.787880839037718,0.7463765592515483,0.8311011374985275,0.45,0.55,0.0623682366332542,4.910437477706804,-0.113202577778221,-2.3685891856789887,117,0.0261044176706827,0.0606060606060606,0.525
