id,subject,failure_type,true_step_index,step_index,target,n_steps,step_pos,remaining_steps,slod_value,slod_centered,slod_from_start,slod_to_end,delta_prev,delta_next,abs_delta_prev,abs_delta_next,curvature,fall_from_peak,rebound_from_trough,is_peak_so_far,is_trough_so_far,reasoning_range,reasoning_monotonicity,reasoning_total_variation,reasoning_direction_changes,reasoning_curvature_abs_mean,reasoning_n_chunks,reasoning_peak_pos,reasoning_trough_pos,fold,prob_responsible
omnimath-0,omnimath,unknown,2,0,0,6,0.0,5.0,1.6428534487769442,1.6428534487769442,0.0,-2.4760700679875023,0.0,-1.6010974854440783,0.0,1.6010974854440783,-1.6010974854440783,0.0,0.0,1.0,1.0,2.6222051853340407,0.6779864871301203,3.6520935372452206,3,0.07290709519056884,6,0.0,0.7894736842105263,4,0.41878093719970483
omnimath-0,omnimath,unknown,2,1,0,6,0.2,4.0,0.041755963332865964,0.041755963332865964,-1.6010974854440783,-0.874972582543424,-1.6010974854440783,0.5597103818909395,1.6010974854440783,0.5597103818909395,2.1608078673350177,1.6010974854440783,0.0,0.0,1.0,2.6222051853340407,0.6779864871301203,3.6520935372452206,3,0.07290709519056884,6,0.0,0.7894736842105263,4,0.7626383086923378
omnimath-0,omnimath,unknown,2,2,1,6,0.4,3.0,0.6014663452238055,0.6014663452238055,-1.0413871035531388,-1.4346829644343635,0.5597103818909395,-1.0452181976726402,0.5597103818909395,1.0452181976726402,-1.6049285795635797,1.0413871035531388,0.5597103818909395,0.0,0.0,2.6222051853340407,0.6779864871301203,3.6520935372452206,3,0.07290709519056884,6,0.0,0.7894736842105263,4,0.6923626238181149
omnimath-0,omnimath,unknown,2,3,0,6,0.6,2.0,-0.4437518524488348,-0.4437518524488348,-2.086605301225779,-0.3894647667617233,-1.0452181976726402,-0.5653554332253878,1.0452181976726402,0.5653554332253878,0.4798627644472524,2.086605301225779,0.0,0.0,1.0,2.6222051853340407,0.6779864871301203,3.6520935372452206,3,0.07290709519056884,6,0.0,0.7894736842105263,4,0.6028254043945734
omnimath-0,omnimath,unknown,2,4,0,6,0.8,1.0,-1.0091072856742227,-1.0091072856742227,-2.651960734451167,0.17589066646366458,-0.5653554332253878,0.17589066646366458,0.5653554332253878,0.17589066646366458,0.7412460996890524,2.651960734451167,0.0,0.0,1.0,2.6222051853340407,0.6779864871301203,3.6520935372452206,3,0.07290709519056884,6,0.0,0.7894736842105263,4,0.4681852475068524
omnimath-0,omnimath,unknown,2,5,0,6,1.0,0.0,-0.8332166192105581,-0.8332166192105581,-2.4760700679875023,0.0,0.17589066646366458,0.0,0.17589066646366458,0.0,-0.17589066646366458,2.4760700679875023,0.17589066646366458,0.0,0.0,2.6222051853340407,0.6779864871301203,3.6520935372452206,3,0.07290709519056884,6,0.0,0.7894736842105263,4,0.4110625902641894
omnimath-1,omnimath,unknown,7,0,0,12,0.0,11.0,0.7323657121943701,0.7323657121943701,0.0,-0.7572928330589722,0.0,-0.39301484251991103,0.0,0.39301484251991103,-0.39301484251991103,0.0,0.0,1.0,1.0,1.35982586432571,0.18818830149985494,4.024122790967195,5,0.2117864053369224,12,0.0,0.8421052631578947,2,0.37925742631609227
omnimath-1,omnimath,unknown,7,1,0,12,0.09090909090909091,10.0,0.33935086967445904,0.3393508696744591,-0.39301484251991103,-0.3642779905390612,-0.39301484251991103,-0.3459505744710689,0.39301484251991103,0.3459505744710689,0.04706426804884212,0.39301484251991103,0.0,0.0,1.0,1.35982586432571,0.18818830149985494,4.024122790967195,5,0.2117864053369224,12,0.0,0.8421052631578947,2,0.5667875692439998
omnimath-1,omnimath,unknown,7,2,0,12,0.18181818181818182,9.0,-0.006599704796609873,-0.006599704796609843,-0.73896541699098,-0.01832741606799229,-0.3459505744710689,0.09146622955491196,0.3459505744710689,0.09146622955491196,0.4374168040259809,0.73896541699098,0.0,0.0,1.0,1.35982586432571,0.18818830149985494,4.024122790967195,5,0.2117864053369224,12,0.0,0.8421052631578947,2,0.5420474220991329
omnimath-1,omnimath,unknown,7,3,0,12,0.2727272727272727,8.0,0.08486652475830209,0.08486652475830211,-0.647499187436068,-0.10979364562290425,0.09146622955491196,0.5146695740154035,0.09146622955491196,0.5146695740154035,0.4232033444604915,0.647499187436068,0.09146622955491196,0.0,0.0,1.35982586432571,0.18818830149985494,4.024122790967195,5,0.2117864053369224,12,0.0,0.8421052631578947,2,0.5506889505348298
omnimath-1,omnimath,unknown,7,4,0,12,0.36363636363636365,7.0,0.5995360987737055,0.5995360987737055,-0.13282961342066457,-0.6244632196383076,0.5146695740154035,-0.8673336344090702,0.5146695740154035,0.8673336344090702,-1.3820032084244738,0.13282961342066457,0.6061358035703154,0.0,0.0,1.35982586432571,0.18818830149985494,4.024122790967195,5,0.2117864053369224,12,0.0,0.8421052631578947,2,0.5451662699546203
omnimath-1,omnimath,unknown,7,5,0,12,0.45454545454545453,6.0,-0.2677975356353647,-0.2677975356353646,-1.0001632478297346,0.24287041477076252,-0.8673336344090702,-0.014958694531337469,0.8673336344090702,0.014958694531337469,0.8523749398777327,1.0001632478297346,0.0,0.0,1.0,1.35982586432571,0.18818830149985494,4.024122790967195,5,0.2117864053369224,12,0.0,0.8421052631578947,2,0.41715224076685276
omnimath-1,omnimath,unknown,7,6,0,12,0.5454545454545454,5.0,-0.28275623016670215,-0.2827562301667021,-1.0151219423610722,0.2578291093021,-0.014958694531337469,-0.06861401184991361,0.014958694531337469,0.06861401184991361,-0.053655317318576146,1.0151219423610722,0.0,0.0,1.0,1.35982586432571,0.18818830149985494,4.024122790967195,5,0.2117864053369224,12,0.0,0.8421052631578947,2,0.3326796849455143
omnimath-1,omnimath,unknown,7,7,1,12,0.6363636363636364,4.0,-0.35137024201661576,-0.3513702420166157,-1.083735954210986,0.32644312115201357,-0.06861401184991361,0.6061358035703155,0.06861401184991361,0.6061358035703155,0.6747498154202292,1.083735954210986,0.0,0.0,1.0,1.35982586432571,0.18818830149985494,4.024122790967195,5,0.2117864053369224,12,0.0,0.8421052631578947,2,0.3265907500669963
omnimath-1,omnimath,unknown,7,8,0,12,0.7272727272727273,3.0,0.2547655615536998,0.25476556155369984,-0.4776001506406703,-0.2796926824183019,0.6061358035703155,-0.9808292530117263,0.6061358035703155,0.9808292530117263,-1.586965056582042,0.4776001506406703,0.6061358035703155,0.0,0.0,1.35982586432571,0.18818830149985494,4.024122790967195,5,0.2117864053369224,12,0.0,0.8421052631578947,2,0.3826853187043438
omnimath-1,omnimath,unknown,7,9,0,12,0.8181818181818182,2.0,-0.7260636914580265,-0.7260636914580265,-1.4584294036523966,0.7011365705934244,-0.9808292530117263,0.3746934494414109,0.9808292530117263,0.3746934494414109,1.355522702453137,1.4584294036523966,0.0,0.0,1.0,1.35982586432571,0.18818830149985494,4.024122790967195,5,0.2117864053369224,12,0.0,0.8421052631578947,2,0.3068791004830169
omnimath-1,omnimath,unknown,7,10,0,12,0.9090909090909091,1.0,-0.3513702420166156,-0.35137024201661554,-1.0837359542109857,0.32644312115201346,0.3746934494414109,0.32644312115201346,0.3746934494414109,0.32644312115201346,-0.04825032828939746,1.0837359542109857,0.3746934494414109,0.0,0.0,1.35982586432571,0.18818830149985494,4.024122790967195,5,0.2117864053369224,12,0.0,0.8421052631578947,2,0.2477606922520362
omnimath-1,omnimath,unknown,7,11,0,12,1.0,0.0,-0.024927120864602165,-0.024927120864602133,-0.7572928330589722,0.0,0.32644312115201346,0.0,0.32644312115201346,0.0,-0.32644312115201346,0.7572928330589722,0.7011365705934244,0.0,0.0,1.35982586432571,0.18818830149985494,4.024122790967195,5,0.2117864053369224,12,0.0,0.8421052631578947,2,0.16139170771979153
omnimath-2,omnimath,unknown,0,0,1,5,0.0,4.0,1.554114579756496,1.554114579756496,0.0,-2.2617630984737906,0.0,-2.484906649788001,0.0,2.484906649788001,-2.484906649788001,0.0,0.0,1.0,1.0,2.4119437886764277,0.4797574693917587,4.714388504135802,2,0.07689333662895342,5,0.0,0.2631578947368421,4,0.47281394159505175
omnimath-2,omnimath,unknown,0,1,0,5,0.25,3.0,-0.9307920700315048,-0.9307920700315049,-2.484906649788001,0.22314355131420993,-2.484906649788001,1.3862943611198908,2.484906649788001,1.3862943611198908,3.8712010109078916,2.484906649788001,0.0,0.0,1.0,2.4119437886764277,0.4797574693917587,4.714388504135802,2,0.07689333662895342,5,0.0,0.2631578947368421,4,0.9044011915713065
omnimath-2,omnimath,unknown,0,2,0,5,0.5,2.0,0.455502291088386,0.4555022910883859,-1.09861228866811,-1.1631508098056809,1.3862943611198908,-0.8266785731844679,1.3862943611198908,0.8266785731844679,-2.212972934304359,1.09861228866811,1.3862943611198908,0.0,0.0,2.4119437886764277,0.4797574693917587,4.714388504135802,2,0.07689333662895342,5,0.0,0.2631578947368421,4,0.6749265610638162
omnimath-2,omnimath,unknown,0,3,0,5,0.75,1.0,-0.3711762820960819,-0.371176282096082,-1.9252908618525777,-0.33647223662121295,-0.8266785731844679,-0.33647223662121295,0.8266785731844679,0.33647223662121295,0.49020633656325496,1.9252908618525777,0.5596157879354229,0.0,0.0,2.4119437886764277,0.4797574693917587,4.714388504135802,2,0.07689333662895342,5,0.0,0.2631578947368421,4,0.5864827748806453
omnimath-2,omnimath,unknown,0,4,0,5,1.0,0.0,-0.7076485187172948,-0.707648518717295,-2.2617630984737906,0.0,-0.33647223662121295,0.0,0.33647223662121295,0.0,0.33647223662121295,2.2617630984737906,0.22314355131420993,0.0,0.0,2.4119437886764277,0.4797574693917587,4.714388504135802,2,0.07689333662895342,5,0.0,0.2631578947368421,4,0.34519204410170984
omnimath-3,omnimath,unknown,1,0,0,8,0.0,7.0,0.27113848557756226,0.27113848557756226,0.0,-0.8765577040414113,0.0,-1.1216801620743961,0.0,1.1216801620743961,-1.1216801620743961,0.0,0.0,1.0,1.0,1.7543560891200563,0.1553378564810839,5.642911032109891,4,0.18266195294354207,8,0.7368421052631579,0.15789473684210525,2,0.544326958399981
omnimath-3,omnimath,unknown,1,1,1,8,0.14285714285714285,6.0,-0.850541676496834,-0.850541676496834,-1.1216801620743961,0.24512245803298494,-1.1216801620743961,0.9655459312202527,1.1216801620743961,0.9655459312202527,2.0872260932946487,1.1216801620743961,0.0,0.0,1.0,1.7543560891200563,0.1553378564810839,5.642911032109891,4,0.18266195294354207,8,0.7368421052631579,0.15789473684210525,2,0.7992462965822363
omnimath-3,omnimath,unknown,1,2,0,8,0.2857142857142857,5.0,0.1150042547234187,0.11500425472341869,-0.15613423085414357,-0.7204234731872677,0.9655459312202527,-0.19829077850658516,0.9655459312202527,0.19829077850658516,-1.1638367097268378,0.15613423085414357,0.9655459312202527,0.0,0.0,1.7543560891200563,0.1553378564810839,5.642911032109891,4,0.18266195294354207,8,0.7368421052631579,0.15789473684210525,2,0.6488420702465055
omnimath-3,omnimath,unknown,1,3,0,8,0.42857142857142855,4.0,-0.08328652378316648,-0.08328652378316649,-0.35442500936072874,-0.5221326946806826,-0.19829077850658516,-0.56172614810044,0.19829077850658516,0.56172614810044,-0.3634353695938548,0.35442500936072874,0.7672551527136675,0.0,0.0,1.7543560891200563,0.1553378564810839,5.642911032109891,4,0.18266195294354207,8,0.7368421052631579,0.15789473684210525,2,0.6000340254091734
omnimath-3,omnimath,unknown,1,4,0,8,0.5714285714285714,3.0,-0.6450126718836064,-0.6450126718836064,-0.9161511574611687,0.039593453419757396,-0.56172614810044,1.6995675681376299,0.56172614810044,1.6995675681376299,2.26129371623807,0.9161511574611687,0.20552900461322754,0.0,0.0,1.7543560891200563,0.1553378564810839,5.642911032109891,4,0.18266195294354207,8,0.7368421052631579,0.15789473684210525,2,0.6252267427075613
omnimath-3,omnimath,unknown,1,5,0,8,0.7142857142857143,2.0,1.0545548962540234,1.0545548962540234,0.7834164106764612,-1.6599741147178726,1.6995675681376299,-0.31099244218157174,1.6995675681376299,0.31099244218157174,-2.0105600103192014,0.0,1.9050965727508573,1.0,0.0,1.7543560891200563,0.1553378564810839,5.642911032109891,4,0.18266195294354207,8,0.7368421052631579,0.15789473684210525,2,0.188262686837793
omnimath-3,omnimath,unknown,1,6,0,8,0.8571428571428571,1.0,0.7435624540724517,0.7435624540724517,0.47242396849488943,-1.3489816725363006,-0.31099244218157174,-1.3489816725363006,0.31099244218157174,1.3489816725363006,-1.037989230354729,0.31099244218157174,1.5941041305692858,0.0,0.0,1.7543560891200563,0.1553378564810839,5.642911032109891,4,0.18266195294354207,8,0.7368421052631579,0.15789473684210525,2,0.3314797155325078
omnimath-3,omnimath,unknown,1,7,0,8,1.0,0.0,-0.605419218463849,-0.605419218463849,-0.8765577040414113,0.0,-1.3489816725363006,0.0,1.3489816725363006,0.0,1.3489816725363006,1.6599741147178726,0.24512245803298494,0.0,0.0,1.7543560891200563,0.1553378564810839,5.642911032109891,4,0.18266195294354207,8,0.7368421052631579,0.15789473684210525,2,0.21063614021358334
omnimath-4,omnimath,unknown,1,0,0,4,0.0,3.0,1.4138157767878439,1.4138157767878439,0.0,-1.5581446180465497,0.0,-1.5581446180465497,0.0,1.5581446180465497,-1.5581446180465497,0.0,0.0,1.0,1.0,2.4873512787945007,0.456056840135197,3.416557939542452,1,0.022271700623318316,4,0.0,0.6842105263157895,3,0.46454902226839556
omnimath-4,omnimath,unknown,1,1,1,4,0.3333333333333333,2.0,-0.14432884125870588,-0.14432884125870593,-1.5581446180465497,0.0,-1.5581446180465497,-0.9808292530117262,1.5581446180465497,0.9808292530117262,0.5773153650348235,1.5581446180465497,0.0,0.0,1.0,2.4873512787945007,0.456056840135197,3.416557939542452,1,0.022271700623318316,4,0.0,0.6842105263157895,3,0.8096457614981983
omnimath-4,omnimath,unknown,1,2,0,4,0.6666666666666666,1.0,-1.125158094270432,-1.125158094270432,-2.5389738710582757,0.9808292530117262,-0.9808292530117262,0.9808292530117262,0.9808292530117262,0.9808292530117262,1.9616585060234524,2.5389738710582757,0.0,0.0,1.0,2.4873512787945007,0.456056840135197,3.416557939542452,1,0.022271700623318316,4,0.0,0.6842105263157895,3,0.7642848220203752
omnimath-4,omnimath,unknown,1,3,0,4,1.0,0.0,-0.14432884125870588,-0.14432884125870593,-1.5581446180465497,0.0,0.9808292530117262,0.0,0.9808292530117262,0.0,-0.9808292530117262,1.5581446180465497,0.9808292530117262,0.0,0.0,2.4873512787945007,0.456056840135197,3.416557939542452,1,0.022271700623318316,4,0.0,0.6842105263157895,3,0.47691322377791323
omnimath-5,omnimath,unknown,1,0,0,17,0.0,16.0,-0.04898985366099478,-0.04898985366099476,0.0,0.33395043847466604,0.0,0.55078450080946,0.0,0.55078450080946,0.55078450080946,0.0,0.0,1.0,1.0,0.8385119764388509,0.09344826540040482,3.5736397785851177,6,0.23036393597397137,17,0.05263157894736842,0.7368421052631579,2,0.5363255685812873
omnimath-5,omnimath,unknown,1,1,1,17,0.0625,15.0,0.5017946471484652,0.5017946471484652,0.55078450080946,-0.21683406233479396,0.55078450080946,-0.38088546401406276,0.55078450080946,0.38088546401406276,-0.9316699648235227,0.0,0.55078450080946,1.0,0.0,0.8385119764388509,0.09344826540040482,3.5736397785851177,6,0.23036393597397137,17,0.05263157894736842,0.7368421052631579,2,0.5035876201576821
omnimath-5,omnimath,unknown,1,2,0,17,0.125,14.0,0.12090918313440246,0.12090918313440248,0.16989903679539725,0.1640514016792688,-0.38088546401406276,-0.08196896428869502,0.38088546401406276,0.08196896428869502,0.2989164997253677,0.38088546401406276,0.16989903679539725,0.0,0.0,0.8385119764388509,0.09344826540040482,3.5736397785851177,6,0.23036393597397137,17,0.05263157894736842,0.7368421052631579,2,0.5712242176099338
omnimath-5,omnimath,unknown,1,3,0,17,0.1875,13.0,0.03894021884570744,0.03894021884570746,0.08793007250670222,0.2460203659679638,-0.08196896428869502,0.33979807359079467,0.08196896428869502,0.33979807359079467,0.42176703787948966,0.4628544283027578,0.08793007250670222,0.0,0.0,0.8385119764388509,0.09344826540040482,3.5736397785851177,6,0.23036393597397137,17,0.05263157894736842,0.7368421052631579,2,0.5300910727890253
omnimath-5,omnimath,unknown,1,4,0,17,0.25,12.0,0.3787382924365021,0.3787382924365021,0.4277281460974969,-0.09377770762283083,0.33979807359079467,-0.8024215955389078,0.33979807359079467,0.8024215955389078,-1.1422196691297024,0.12305635471196313,0.4277281460974969,0.0,0.0,0.8385119764388509,0.09344826540040482,3.5736397785851177,6,0.23036393597397137,17,0.05263157894736842,0.7368421052631579,2,0.5559328762895779
omnimath-5,omnimath,unknown,1,5,0,17,0.3125,11.0,-0.42368330310240576,-0.42368330310240576,-0.374693449441411,0.708643887916077,-0.8024215955389078,0.16989903679539747,0.8024215955389078,0.16989903679539747,0.9723206323343052,0.925477950250871,0.0,0.0,1.0,0.8385119764388509,0.09344826540040482,3.5736397785851177,6,0.23036393597397137,17,0.05263157894736842,0.7368421052631579,2,0.4861848434417875
omnimath-5,omnimath,unknown,1,6,0,17,0.375,10.0,-0.2537842663070083,-0.2537842663070083,-0.2047944126460135,0.5387448511206796,0.16989903679539747,0.29272448515271515,0.16989903679539747,0.29272448515271515,0.12282544835731768,0.7555789134554736,0.16989903679539747,0.0,0.0,0.8385119764388509,0.09344826540040482,3.5736397785851177,6,0.23036393597397137,17,0.05263157894736842,0.7368421052631579,2,0.46233828029031754
omnimath-5,omnimath,unknown,1,7,0,17,0.4375,9.0,0.038940218845706885,0.038940218845706906,0.08793007250670166,0.24602036596796437,0.29272448515271515,0.16989903679539756,0.29272448515271515,0.16989903679539756,-0.1228254483573176,0.46285442830275836,0.4626235219481126,0.0,0.0,0.8385119764388509,0.09344826540040482,3.5736397785851177,6,0.23036393597397137,17,0.05263157894736842,0.7368421052631579,2,0.3752707310722451
omnimath-5,omnimath,unknown,1,8,0,17,0.5,8.0,0.20883925564110445,0.20883925564110448,0.25782910930209924,0.07612132917256681,0.16989903679539756,0.03489537585061564,0.16989903679539756,0.03489537585061564,-0.13500366094478192,0.2929553915073608,0.6325225587435102,0.0,0.0,0.8385119764388509,0.09344826540040482,3.5736397785851177,6,0.23036393597397137,17,0.05263157894736842,0.7368421052631579,2,0.2964095906140435
omnimath-5,omnimath,unknown,1,9,0,17,0.5625,7.0,0.2437346314917201,0.24373463149172012,0.2927244851527149,0.04122595332195117,0.03489537585061564,-0.03489537585061564,0.03489537585061564,0.03489537585061564,-0.06979075170123128,0.25806001565674513,0.6674179345941258,0.0,0.0,0.8385119764388509,0.09344826540040482,3.5736397785851177,6,0.23036393597397137,17,0.05263157894736842,0.7368421052631579,2,0.2480282630761403
omnimath-5,omnimath,unknown,1,10,0,17,0.625,6.0,0.20883925564110445,0.20883925564110448,0.25782910930209924,0.07612132917256681,-0.03489537585061564,-0.63252255874351,0.03489537585061564,0.63252255874351,-0.5976271828928944,0.2929553915073608,0.6325225587435102,0.0,0.0,0.8385119764388509,0.09344826540040482,3.5736397785851177,6,0.23036393597397137,17,0.05263157894736842,0.7368421052631579,2,0.2857182784573011
omnimath-5,omnimath,unknown,1,11,0,17,0.6875,5.0,-0.4236833031024056,-0.4236833031024056,-0.3746934494414108,0.7086438879160768,-0.63252255874351,-1.6653345369377348e-16,0.63252255874351,1.6653345369377348e-16,0.6325225587435099,0.9254779502508708,1.6653345369377348e-16,0.0,1.0,0.8385119764388509,0.09344826540040482,3.5736397785851177,6,0.23036393597397137,17,0.05263157894736842,0.7368421052631579,2,0.18810872191709357
omnimath-5,omnimath,unknown,1,12,0,17,0.75,4.0,-0.42368330310240576,-0.42368330310240576,-0.374693449441411,0.708643887916077,-1.6653345369377348e-16,0.20479441264601347,1.6653345369377348e-16,0.20479441264601347,0.20479441264601364,0.925477950250871,0.0,0.0,1.0,0.8385119764388509,0.09344826540040482,3.5736397785851177,6,0.23036393597397137,17,0.05263157894736842,0.7368421052631579,2,0.1537988491912831
omnimath-5,omnimath,unknown,1,13,0,17,0.8125,3.0,-0.2188888904563923,-0.21888889045639226,-0.1698990367953975,0.5038494752700635,0.20479441264601347,-1.6653345369377348e-16,0.20479441264601347,1.6653345369377348e-16,-0.20479441264601364,0.7206835376048575,0.20479441264601347,0.0,0.0,0.8385119764388509,0.09344826540040482,3.5736397785851177,6,0.23036393597397137,17,0.05263157894736842,0.7368421052631579,2,0.1413301694089179
omnimath-5,omnimath,unknown,1,14,0,17,0.875,2.0,-0.21888889045639245,-0.21888889045639243,-0.16989903679539767,0.5038494752700637,-1.6653345369377348e-16,0.2047944126460129,1.6653345369377348e-16,0.2047944126460129,0.20479441264601306,0.7206835376048577,0.2047944126460133,0.0,0.0,0.8385119764388509,0.09344826540040482,3.5736397785851177,6,0.23036393597397137,17,0.05263157894736842,0.7368421052631579,2,0.12089827327405583
omnimath-5,omnimath,unknown,1,15,0,17,0.9375,1.0,-0.014094477810379563,-0.014094477810379544,0.034895375850615216,0.2990550626240508,0.2047944126460129,0.2990550626240508,0.2047944126460129,0.2990550626240508,0.0942606499780379,0.5158891249588448,0.4095888252920262,0.0,0.0,0.8385119764388509,0.09344826540040482,3.5736397785851177,6,0.23036393597397137,17,0.05263157894736842,0.7368421052631579,2,0.0982202780429969
omnimath-5,omnimath,unknown,1,16,0,17,1.0,0.0,0.28496058481367126,0.28496058481367126,0.33395043847466604,0.0,0.2990550626240508,0.0,0.2990550626240508,0.0,-0.2990550626240508,0.21683406233479396,0.708643887916077,0.0,0.0,0.8385119764388509,0.09344826540040482,3.5736397785851177,6,0.23036393597397137,17,0.05263157894736842,0.7368421052631579,2,0.06622218132139235
omnimath-6,omnimath,unknown,4,0,0,5,0.0,4.0,1.1171998877999636,1.1171998877999636,0.0,-1.8971199848858813,0.0,0.0,0.0,0.0,0.0,0.0,0.0,1.0,1.0,2.2543592650006685,0.7264209839732512,2.6115985451154566,1,0.037170220237987744,5,0.0,0.7368421052631579,1,0.37534638192825254
omnimath-6,omnimath,unknown,4,1,0,5,0.25,3.0,1.1171998877999636,1.1171998877999636,0.0,-1.8971199848858813,0.0,-1.3862943611198908,0.0,1.3862943611198908,-1.3862943611198908,0.0,0.0,1.0,1.0,2.2543592650006685,0.7264209839732512,2.6115985451154566,1,0.037170220237987744,5,0.0,0.7368421052631579,1,0.438828220238285
omnimath-6,omnimath,unknown,4,2,0,5,0.5,2.0,-0.2690944733199272,-0.2690944733199273,-1.3862943611198908,-0.5108256237659904,-1.3862943611198908,-0.9162907318741547,1.3862943611198908,0.9162907318741547,0.47000362924573613,1.3862943611198908,0.0,0.0,1.0,2.2543592650006685,0.7264209839732512,2.6115985451154566,1,0.037170220237987744,5,0.0,0.7368421052631579,1,0.7693097734583992
omnimath-6,omnimath,unknown,4,3,0,5,0.75,1.0,-1.1853852051940819,-1.1853852051940819,-2.3025850929940455,0.4054651081081643,-0.9162907318741547,0.4054651081081643,0.9162907318741547,0.4054651081081643,1.3217558399823188,2.3025850929940455,0.0,0.0,1.0,2.2543592650006685,0.7264209839732512,2.6115985451154566,1,0.037170220237987744,5,0.0,0.7368421052631579,1,0.7131199759093745
omnimath-6,omnimath,unknown,4,4,1,5,1.0,0.0,-0.7799200970859176,-0.7799200970859177,-1.8971199848858813,0.0,0.4054651081081643,0.0,0.4054651081081643,0.0,-0.4054651081081643,1.8971199848858813,0.4054651081081643,0.0,0.0,2.2543592650006685,0.7264209839732512,2.6115985451154566,1,0.037170220237987744,5,0.0,0.7368421052631579,1,0.47258441049289185
omnimath-7,omnimath,unknown,0,0,1,7,0.0,6.0,-0.3555622178185258,-0.3555622178185258,0.0,0.2047944126460136,0.0,0.9520088144762345,0.0,0.9520088144762345,0.9520088144762345,0.0,0.0,1.0,1.0,1.6042861428584563,0.039109866056703864,5.236387471874493,4,0.17863164659270978,7,0.6842105263157895,0.8421052631578947,4,0.696671323711289
omnimath-7,omnimath,unknown,0,1,0,7,0.16666666666666666,5.0,0.5964465966577087,0.5964465966577087,0.9520088144762345,-0.7472144018302209,0.9520088144762345,-0.10482009460755648,0.9520088144762345,0.10482009460755648,-1.056828909083791,0.0,0.9520088144762345,1.0,0.0,1.6042861428584563,0.039109866056703864,5.236387471874493,4,0.17863164659270978,7,0.6842105263157895,0.8421052631578947,4,0.5192886239222556
omnimath-7,omnimath,unknown,0,2,0,7,0.3333333333333333,4.0,0.49162650205015224,0.49162650205015224,0.847188719868678,-0.6423943072226644,-0.10482009460755648,-0.9907010014908807,0.10482009460755648,0.9907010014908807,-0.8858809068833242,0.10482009460755648,0.847188719868678,0.0,0.0,1.6042861428584563,0.039109866056703864,5.236387471874493,4,0.17863164659270978,7,0.6842105263157895,0.8421052631578947,4,0.6657996368537749
omnimath-7,omnimath,unknown,0,3,0,7,0.5,3.0,-0.49907449944072846,-0.49907449944072846,-0.14351228162220264,0.34830669426821625,-0.9907010014908807,1.378103944553475,0.9907010014908807,1.378103944553475,2.3688049460443557,1.0955210960984372,0.0,0.0,1.0,1.6042861428584563,0.039109866056703864,5.236387471874493,4,0.17863164659270978,7,0.6842105263157895,0.8421052631578947,4,0.5692747662661833
omnimath-7,omnimath,unknown,0,4,0,7,0.6666666666666666,2.0,0.8790294451127466,0.8790294451127466,1.2345916629312725,-1.0297972502852588,1.378103944553475,-1.8407274665015878,1.378103944553475,1.8407274665015878,-3.2188314110550627,0.0,1.378103944553475,1.0,0.0,1.6042861428584563,0.039109866056703864,5.236387471874493,4,0.17863164659270978,7,0.6842105263157895,0.8421052631578947,4,0.4111208925642966
omnimath-7,omnimath,unknown,0,5,0,7,0.8333333333333334,1.0,-0.9616980213888411,-0.9616980213888411,-0.6061358035703153,0.8109302162163289,-1.8407274665015878,0.8109302162163289,1.8407274665015878,0.8109302162163289,2.6516576827179166,1.8407274665015878,0.0,0.0,1.0,1.6042861428584563,0.039109866056703864,5.236387471874493,4,0.17863164659270978,7,0.6842105263157895,0.8421052631578947,4,0.4748382381538721
omnimath-7,omnimath,unknown,0,6,0,7,1.0,0.0,-0.1507678051725122,-0.15076780517251223,0.2047944126460136,0.0,0.8109302162163289,0.0,0.8109302162163289,0.0,-0.8109302162163289,1.0297972502852588,0.8109302162163289,0.0,0.0,1.6042861428584563,0.039109866056703864,5.236387471874493,4,0.17863164659270978,7,0.6842105263157895,0.8421052631578947,4,0.22224712170274183
omnimath-8,omnimath,unknown,0,0,1,6,0.0,5.0,1.0806221179718822,1.0806221179718822,0.0,-1.5891727656048378,0.0,-1.0705975275396822,0.0,1.0705975275396822,-1.0705975275396822,0.0,0.0,1.0,1.0,1.9823936253577072,0.37450742136304044,4.243367887933851,3,0.10638391332839829,6,0.0,0.7894736842105263,2,0.4462963167811621
omnimath-8,omnimath,unknown,0,1,0,6,0.2,4.0,0.010024590432200109,0.010024590432200109,-1.0705975275396822,-0.5185752380651556,-1.0705975275396822,-0.3574558889218037,1.0705975275396822,0.3574558889218037,0.7131416386178785,1.0705975275396822,0.0,0.0,1.0,1.9823936253577072,0.37450742136304044,4.243367887933851,3,0.10638391332839829,6,0.0,0.7894736842105263,2,0.6724766124139977
omnimath-8,omnimath,unknown,0,2,0,6,0.4,3.0,-0.3474312984896036,-0.3474312984896036,-1.4280534164614858,-0.16111934914335196,-0.3574558889218037,1.1068249996227366,0.3574558889218037,1.1068249996227366,1.4642808885445402,1.4280534164614858,0.0,0.0,1.0,1.9823936253577072,0.37450742136304044,4.243367887933851,3,0.10638391332839829,6,0.0,0.7894736842105263,2,0.6545683676321907
omnimath-8,omnimath,unknown,0,3,0,6,0.6,2.0,0.7593937011331331,0.7593937011331331,-0.32122841683874914,-1.2679443487660886,1.1068249996227366,-1.7534521645477894,1.1068249996227366,1.7534521645477894,-2.860277164170526,0.32122841683874914,1.1068249996227366,0.0,0.0,1.9823936253577072,0.37450742136304044,4.243367887933851,3,0.10638391332839829,6,0.0,0.7894736842105263,2,0.6930614563525724
omnimath-8,omnimath,unknown,0,4,0,6,0.8,1.0,-0.9940584634146563,-0.9940584634146563,-2.0746805813865388,0.48550781578170077,-1.7534521645477894,0.48550781578170077,1.7534521645477894,0.48550781578170077,2.23895998032949,2.0746805813865388,0.0,0.0,1.0,1.9823936253577072,0.37450742136304044,4.243367887933851,3,0.10638391332839829,6,0.0,0.7894736842105263,2,0.5724289267161742
omnimath-8,omnimath,unknown,0,5,0,6,1.0,0.0,-0.5085506476329555,-0.5085506476329555,-1.5891727656048378,0.0,0.48550781578170077,0.0,0.48550781578170077,0.0,-0.48550781578170077,1.5891727656048378,0.48550781578170077,0.0,0.0,1.9823936253577072,0.37450742136304044,4.243367887933851,3,0.10638391332839829,6,0.0,0.7894736842105263,2,0.36533827755651205
omnimath-9,omnimath,unknown,1,0,0,13,0.0,12.0,0.30727002968461786,0.30727002968461786,0.0,-0.2170022832921255,0.0,-0.6788757864546127,0.0,0.6788757864546127,-0.6788757864546127,0.0,0.0,1.0,1.0,1.2643124466419127,0.0370477050530692,5.857374511627084,9,0.4473530343573667,13,0.15789473684210525,0.8421052631578947,1,0.46506228000094263
omnimath-9,omnimath,unknown,1,1,1,13,0.08333333333333333,11.0,-0.3716057567699948,-0.3716057567699948,-0.6788757864546127,0.46187350316248715,-0.6788757864546127,1.1620114970677196,0.6788757864546127,1.1620114970677196,1.8408872835223322,0.6788757864546127,0.0,0.0,1.0,1.2643124466419127,0.0370477050530692,5.857374511627084,9,0.4473530343573667,13,0.15789473684210525,0.8421052631578947,1,0.7423247010276263
omnimath-9,omnimath,unknown,1,2,0,13,0.16666666666666666,10.0,0.7904057402977248,0.7904057402977248,0.48313571061310695,-0.7001379939052325,1.1620114970677196,-0.6742569942030409,1.1620114970677196,0.6742569942030409,-1.8362684912707605,0.0,1.1620114970677196,1.0,0.0,1.2643124466419127,0.0370477050530692,5.857374511627084,9,0.4473530343573667,13,0.15789473684210525,0.8421052631578947,1,0.4967601540347254
omnimath-9,omnimath,unknown,1,3,0,13,0.25,9.0,0.11614874609468394,0.11614874609468395,-0.1911212835899339,-0.02588099970219157,-0.6742569942030409,0.17082929454386098,0.6742569942030409,0.17082929454386098,0.8450862887469018,0.6742569942030409,0.48775450286467875,0.0,0.0,1.2643124466419127,0.0370477050530692,5.857374511627084,9,0.4473530343573667,13,0.15789473684210525,0.8421052631578947,1,0.5210561307882536
omnimath-9,omnimath,unknown,1,4,0,13,0.3333333333333333,8.0,0.28697804063854493,0.28697804063854493,-0.020291989046072934,-0.19671029424605257,0.17082929454386098,-0.7672551527136672,0.17082929454386098,0.7672551527136672,-0.9380844472575282,0.5034276996591799,0.6585837974085398,0.0,0.0,1.2643124466419127,0.0370477050530692,5.857374511627084,9,0.4473530343573667,13,0.15789473684210525,0.8421052631578947,1,0.5664800693416363
omnimath-9,omnimath,unknown,1,5,0,13,0.4166666666666667,7.0,-0.48027711207512225,-0.48027711207512225,-0.7875471417597402,0.5705448584676146,-0.7672551527136672,1.0054213513038541,0.7672551527136672,1.0054213513038541,1.7726765040175212,1.270682852372847,0.0,0.0,1.0,1.2643124466419127,0.0370477050530692,5.857374511627084,9,0.4473530343573667,13,0.15789473684210525,0.8421052631578947,1,0.5065078905823119
omnimath-9,omnimath,unknown,1,6,0,13,0.5,6.0,0.5251442392287318,0.5251442392287318,0.2178742095441139,-0.4348764928362394,1.0054213513038541,-0.5959958419795928,1.0054213513038541,0.5959958419795928,-1.601417193283447,0.26526150106899304,1.0054213513038541,0.0,0.0,1.2643124466419127,0.0370477050530692,5.857374511627084,9,0.4473530343573667,13,0.15789473684210525,0.8421052631578947,1,0.43323402157758933
omnimath-9,omnimath,unknown,1,7,0,13,0.5833333333333334,5.0,-0.07085160275086098,-0.07085160275086097,-0.37812163243547886,0.16111934914335335,-0.5959958419795928,-0.6061358035703155,0.5959958419795928,0.6061358035703155,-0.010139961590722724,0.8612573430485858,0.40942550932426125,0.0,0.0,1.2643124466419127,0.0370477050530692,5.857374511627084,9,0.4473530343573667,13,0.15789473684210525,0.8421052631578947,1,0.373389499310333
omnimath-9,omnimath,unknown,1,8,0,13,0.6666666666666666,4.0,-0.6769874063211765,-0.6769874063211765,-0.9842574360057943,0.7672551527136688,-0.6061358035703155,0.7472144018302209,0.6061358035703155,0.7472144018302209,1.3533502054005364,1.4673931466189014,0.0,0.0,1.0,1.2643124466419127,0.0370477050530692,5.857374511627084,9,0.4473530343573667,13,0.15789473684210525,0.8421052631578947,1,0.3334473261200655
omnimath-9,omnimath,unknown,1,9,0,13,0.75,3.0,0.07022699550904443,0.07022699550904445,-0.23704303417557343,0.020040750883447936,0.7472144018302209,-0.7472144018302208,0.7472144018302209,0.7472144018302208,-1.4944288036604418,0.7201787447886804,0.7472144018302209,0.0,0.0,1.2643124466419127,0.0370477050530692,5.857374511627084,9,0.4473530343573667,13,0.15789473684210525,0.8421052631578947,1,0.31919071747662037
omnimath-9,omnimath,unknown,1,10,0,13,0.8333333333333334,2.0,-0.6769874063211764,-0.6769874063211764,-0.9842574360057943,0.7672551527136687,-0.7472144018302208,0.7672551527136671,0.7472144018302208,0.7672551527136671,1.5144695545438878,1.4673931466189012,1.1102230246251565e-16,0.0,1.0,1.2643124466419127,0.0370477050530692,5.857374511627084,9,0.4473530343573667,13,0.15789473684210525,0.8421052631578947,1,0.2200534309807446
omnimath-9,omnimath,unknown,1,11,0,13,0.9166666666666666,1.0,0.0902677463924907,0.09026774639249072,-0.21700228329212717,1.6653345369377348e-15,0.7672551527136671,1.6653345369377348e-15,0.7672551527136671,1.6653345369377348e-15,-0.7672551527136654,0.7001379939052341,0.7672551527136672,0.0,0.0,1.2643124466419127,0.0370477050530692,5.857374511627084,9,0.4473530343573667,13,0.15789473684210525,0.8421052631578947,1,0.12804818673661342
omnimath-9,omnimath,unknown,1,12,0,13,1.0,0.0,0.09026774639249237,0.09026774639249238,-0.2170022832921255,0.0,1.6653345369377348e-15,0.0,1.6653345369377348e-15,0.0,-1.6653345369377348e-15,0.7001379939052325,0.7672551527136688,0.0,0.0,1.2643124466419127,0.0370477050530692,5.857374511627084,9,0.4473530343573667,13,0.15789473684210525,0.8421052631578947,1,0.08620024953438696
omnimath-10,omnimath,unknown,2,0,0,8,0.0,7.0,0.567594483520634,0.567594483520634,0.0,-0.015362659221633601,0.0,-1.1102230246251565e-16,0.0,1.1102230246251565e-16,-1.1102230246251565e-16,0.0,0.0,1.0,1.0,1.3850718870859335,0.003945409004855927,3.8938064983188214,3,0.13351498212896695,8,0.0,0.7368421052631579,3,0.280398709734304
omnimath-10,omnimath,unknown,2,1,0,8,0.14285714285714285,6.0,0.5675944835206339,0.5675944835206339,-1.1102230246251565e-16,-0.01536265922163349,-1.1102230246251565e-16,-0.6822181100277545,1.1102230246251565e-16,0.6822181100277545,-0.6822181100277543,1.1102230246251565e-16,0.0,1.0,1.0,1.3850718870859335,0.003945409004855927,3.8938064983188214,3,0.13351498212896695,8,0.0,0.7368421052631579,3,0.31883451601728185
omnimath-10,omnimath,unknown,2,2,1,8,0.2857142857142857,5.0,-0.1146236265071206,-0.1146236265071206,-0.6822181100277547,0.6668554508061211,-0.6822181100277545,0.7148553040047141,0.6822181100277545,0.7148553040047141,1.3970734140324685,0.6822181100277547,0.0,0.0,1.0,1.3850718870859335,0.003945409004855927,3.8938064983188214,3,0.13351498212896695,8,0.0,0.7368421052631579,3,0.5971868957178675
omnimath-10,omnimath,unknown,2,3,0,8,0.42857142857142855,4.0,0.6002316774975934,0.6002316774975934,0.03263719397695941,-0.04799985319859301,0.7148553040047141,-1.2458067090525695,0.7148553040047141,1.2458067090525695,-1.9606620130572836,0.0,0.7148553040047141,1.0,0.0,1.3850718870859335,0.003945409004855927,3.8938064983188214,3,0.13351498212896695,8,0.0,0.7368421052631579,3,0.5397659684502831
omnimath-10,omnimath,unknown,2,4,0,8,0.5714285714285714,3.0,-0.6455750315549762,-0.6455750315549762,-1.2131695150756103,1.1978068558539765,-1.2458067090525695,-0.19671029424605435,1.2458067090525695,0.19671029424605435,1.0490964148065152,1.2458067090525695,0.0,0.0,1.0,1.3850718870859335,0.003945409004855927,3.8938064983188214,3,0.13351498212896695,8,0.0,0.7368421052631579,3,0.5229610634331194
omnimath-10,omnimath,unknown,2,5,0,8,0.7142857142857143,2.0,-0.8422853258010305,-0.8422853258010305,-1.4098798093216645,1.394517150100031,-0.19671029424605435,0.15711684082629618,0.19671029424605435,0.15711684082629618,0.35382713507235053,1.442517003298624,0.0,0.0,1.0,1.3850718870859335,0.003945409004855927,3.8938064983188214,3,0.13351498212896695,8,0.0,0.7368421052631579,3,0.3622360326765665
omnimath-10,omnimath,unknown,2,6,0,8,0.8571428571428571,1.0,-0.6851684849747344,-0.6851684849747344,-1.2527629684953685,1.2374003092737347,0.15711684082629618,1.2374003092737347,0.15711684082629618,1.2374003092737347,1.0802834684474385,1.2854001624723277,0.15711684082629618,0.0,0.0,1.3850718870859335,0.003945409004855927,3.8938064983188214,3,0.13351498212896695,8,0.0,0.7368421052631579,3,0.5558999887791839
omnimath-10,omnimath,unknown,2,7,0,8,1.0,0.0,0.5522318242990004,0.5522318242990004,-0.015362659221633601,0.0,1.2374003092737347,0.0,1.2374003092737347,0.0,-1.2374003092737347,0.04799985319859301,1.394517150100031,0.0,0.0,1.3850718870859335,0.003945409004855927,3.8938064983188214,3,0.13351498212896695,8,0.0,0.7368421052631579,3,0.24951333220438962
omnimath-11,omnimath,unknown,5,0,0,13,0.0,12.0,-0.025215147730909354,-0.025215147730909337,0.0,0.5951941866360417,0.0,0.32542240043462767,0.0,0.32542240043462767,0.32542240043462767,0.0,0.0,1.0,1.0,1.2451323252347977,0.10184507729429358,5.844113455932256,8,0.36562955533532676,13,0.7368421052631579,0.8421052631578947,4,0.42999310548009373
omnimath-11,omnimath,unknown,5,1,0,13,0.08333333333333333,11.0,0.30020725270371834,0.30020725270371834,0.32542240043462767,0.269771786201414,0.32542240043462767,-0.7672551527136671,0.32542240043462767,0.7672551527136671,-1.0926775531482948,0.0,0.32542240043462767,1.0,0.0,1.2451323252347977,0.10184507729429358,5.844113455932256,8,0.36562955533532676,13,0.7368421052631579,0.8421052631578947,4,0.5631699225988276
omnimath-11,omnimath,unknown,5,2,0,13,0.16666666666666666,10.0,-0.4670479000099488,-0.4670479000099488,-0.4418327522790394,1.0370269389150812,-0.7672551527136671,1.1102230246251565e-16,0.7672551527136671,1.1102230246251565e-16,0.7672551527136672,0.7672551527136671,0.0,0.0,1.0,1.2451323252347977,0.10184507729429358,5.844113455932256,8,0.36562955533532676,13,0.7368421052631579,0.8421052631578947,4,0.5700775947067169
omnimath-11,omnimath,unknown,5,3,0,13,0.25,9.0,-0.46704790000994867,-0.46704790000994867,-0.4418327522790393,1.037026938915081,1.1102230246251565e-16,0.40942550932426147,1.1102230246251565e-16,0.40942550932426147,0.40942550932426136,0.7672551527136671,1.1102230246251565e-16,0.0,1.0,1.2451323252347977,0.10184507729429358,5.844113455932256,8,0.36562955533532676,13,0.7368421052631579,0.8421052631578947,4,0.4457792756262496
omnimath-11,omnimath,unknown,5,4,0,13,0.3333333333333333,8.0,-0.0576223906856872,-0.05762239068568718,-0.03240724295477784,0.6276014295908195,0.40942550932426147,-0.6061358035703157,0.40942550932426147,0.6061358035703157,-1.0155613128945773,0.35782964338940554,0.4094255093242616,0.0,0.0,1.2451323252347977,0.10184507729429358,5.844113455932256,8,0.36562955533532676,13,0.7368421052631579,0.8421052631578947,4,0.5883041168220183
omnimath-11,omnimath,unknown,5,5,1,13,0.4166666666666667,7.0,-0.6637581942560029,-0.6637581942560029,-0.6385430465250935,1.2337372331611354,-0.6061358035703157,1.217132884755781,0.6061358035703157,1.217132884755781,1.8232686883260967,0.9639654469597212,0.0,0.0,1.0,1.2451323252347977,0.10184507729429358,5.844113455932256,8,0.36562955533532676,13,0.7368421052631579,0.8421052631578947,4,0.5122517470358364
omnimath-11,omnimath,unknown,5,6,0,13,0.5,6.0,0.553374690499778,0.553374690499778,0.5785898382306874,0.016604348405354297,1.217132884755781,-0.4371318695460353,1.217132884755781,0.4371318695460353,-1.6542647543018163,0.0,1.217132884755781,1.0,0.0,1.2451323252347977,0.10184507729429358,5.844113455932256,8,0.36562955533532676,13,0.7368421052631579,0.8421052631578947,4,0.28694591217085985
omnimath-11,omnimath,unknown,5,7,0,13,0.5833333333333334,5.0,0.11624282095374276,0.11624282095374278,0.1414579686846521,0.4537362179513896,-0.4371318695460353,0.34145850073895195,0.4371318695460353,0.34145850073895195,0.7785903702849872,0.4371318695460353,0.7800010152097456,0.0,0.0,1.2451323252347977,0.10184507729429358,5.844113455932256,8,0.36562955533532676,13,0.7368421052631579,0.8421052631578947,4,0.3750340720449768
omnimath-11,omnimath,unknown,5,8,0,13,0.6666666666666666,4.0,0.45770132169269473,0.45770132169269473,0.4829164694236041,0.11227771721243762,0.34145850073895195,0.19198812921941044,0.34145850073895195,0.19198812921941044,-0.1494703715195415,0.09567336880708333,1.1214595159486977,0.0,0.0,1.2451323252347977,0.10184507729429358,5.844113455932256,8,0.36562955533532676,13,0.7368421052631579,0.8421052631578947,4,0.2497817339955926
omnimath-11,omnimath,unknown,5,9,0,13,0.75,3.0,0.6496894509121052,0.6496894509121052,0.6749045986430146,-0.07971041200697282,0.19198812921941044,-1.3134476451681079,0.19198812921941044,1.3134476451681079,-1.5054357743875184,0.0,1.313447645168108,1.0,0.0,1.2451323252347977,0.10184507729429358,5.844113455932256,8,0.36562955533532676,13,0.7368421052631579,0.8421052631578947,4,0.2152013653609141
omnimath-11,omnimath,unknown,5,10,0,13,0.8333333333333334,2.0,-0.6637581942560027,-0.6637581942560027,-0.6385430465250933,1.233737233161135,-1.3134476451681079,0.36101334553733067,1.3134476451681079,0.36101334553733067,1.6744609907054384,1.3134476451681079,2.220446049250313e-16,0.0,1.0,1.2451323252347977,0.10184507729429358,5.844113455932256,8,0.36562955533532676,13,0.7368421052631579,0.8421052631578947,4,0.22260976769900429
omnimath-11,omnimath,unknown,5,11,0,13,0.9166666666666666,1.0,-0.302744848718672,-0.302744848718672,-0.27752970098776264,0.8727238876238044,0.36101334553733067,0.8727238876238044,0.36101334553733067,0.8727238876238044,0.5117105420864737,0.9524342996307772,0.3610133455373309,0.0,0.0,1.2451323252347977,0.10184507729429358,5.844113455932256,8,0.36562955533532676,13,0.7368421052631579,0.8421052631578947,4,0.19793589285824284
omnimath-11,omnimath,unknown,5,12,0,13,1.0,0.0,0.5699790389051324,0.5699790389051324,0.5951941866360417,0.0,0.8727238876238044,0.0,0.8727238876238044,0.0,-0.8727238876238044,0.07971041200697282,1.2337372331611354,0.0,0.0,1.2451323252347977,0.10184507729429358,5.844113455932256,8,0.36562955533532676,13,0.7368421052631579,0.8421052631578947,4,0.1039032403908975
omnimath-12,omnimath,unknown,2,0,0,6,0.0,5.0,-0.6023077998157396,-0.6023077998157396,0.0,-0.38946476676172326,0.0,2.2624959676894436,0.0,2.2624959676894436,2.2624959676894436,0.0,0.0,1.0,1.0,2.566305133507126,0.06756689691796833,5.764135760660505,3,0.13906730695026048,6,0.21052631578947367,1.0,1,0.8028478099100108
omnimath-12,omnimath,unknown,2,1,0,6,0.2,4.0,1.6601881678737038,1.6601881678737038,2.2624959676894436,-2.6519607344511664,2.2624959676894436,-1.6274564179367788,2.2624959676894436,1.6274564179367788,-3.8899523856262226,0.0,2.2624959676894436,1.0,0.0,2.566305133507126,0.06756689691796833,5.764135760660505,3,0.13906730695026048,6,0.21052631578947367,1.0,1,0.785179735412412
omnimath-12,omnimath,unknown,2,2,1,6,0.4,3.0,0.032731749936925014,0.032731749936925014,0.6350395497526646,-1.024504316514388,-1.6274564179367788,0.6466271649250526,1.6274564179367788,0.6466271649250526,2.2740835828618313,1.6274564179367788,0.6350395497526646,0.0,0.0,2.566305133507126,0.06756689691796833,5.764135760660505,3,0.13906730695026048,6,0.21052631578947367,1.0,1,0.6451644271722007
omnimath-12,omnimath,unknown,2,3,0,6,0.6,2.0,0.6793589148619776,0.6793589148619776,1.2816667146777172,-1.6711314814394405,0.6466271649250526,-1.4575573811413818,0.6466271649250526,1.4575573811413818,-2.1041845460664343,0.9808292530117262,1.2816667146777172,0.0,0.0,2.566305133507126,0.06756689691796833,5.764135760660505,3,0.13906730695026048,6,0.21052631578947367,1.0,1,0.6695618972449974
omnimath-12,omnimath,unknown,2,4,0,6,0.8,1.0,-0.7781984662794041,-0.7781984662794041,-0.17589066646366458,-0.21357410029805868,-1.4575573811413818,-0.21357410029805868,1.4575573811413818,0.21357410029805868,1.243983280843323,2.438386634153108,0.0,0.0,1.0,2.566305133507126,0.06756689691796833,5.764135760660505,3,0.13906730695026048,6,0.21052631578947367,1.0,1,0.42868130435214474
omnimath-12,omnimath,unknown,2,5,0,6,1.0,0.0,-0.9917725665774628,-0.9917725665774628,-0.38946476676172326,0.0,-0.21357410029805868,0.0,0.21357410029805868,0.0,0.21357410029805868,2.6519607344511664,0.0,0.0,1.0,2.566305133507126,0.06756689691796833,5.764135760660505,3,0.13906730695026048,6,0.21052631578947367,1.0,1,0.2869206913216726
omnimath-13,omnimath,unknown,2,0,0,7,0.0,6.0,1.2250837284496057,1.2250837284496057,0.0,-1.6905382616657727,0.0,-1.043176504773506,0.0,1.043176504773506,-1.043176504773506,0.0,0.0,1.0,1.0,1.8953326743117862,0.7883049059408958,2.1445233296474284,3,0.05302767206002332,7,0.0,0.7894736842105263,0,0.44506367740001646
omnimath-13,omnimath,unknown,2,1,0,7,0.16666666666666666,5.0,0.18190722367609977,0.1819072236760998,-1.043176504773506,-0.6473617568922669,-1.043176504773506,0.035147025462622855,1.043176504773506,0.035147025462622855,1.078323530236129,1.043176504773506,0.0,0.0,1.0,1.8953326743117862,0.7883049059408958,2.1445233296474284,3,0.05302767206002332,7,0.0,0.7894736842105263,0,0.6532635837131293
omnimath-13,omnimath,unknown,2,2,1,7,0.3333333333333333,4.0,0.21705424913872262,0.21705424913872265,-1.008029479310883,-0.6825087823548898,0.035147025462622855,-0.035147025462622716,0.035147025462622855,0.035147025462622716,-0.07029405092524557,1.008029479310883,0.035147025462622855,0.0,0.0,1.8953326743117862,0.7883049059408958,2.1445233296474284,3,0.05302767206002332,7,0.0,0.7894736842105263,0,0.5679763413542803
omnimath-13,omnimath,unknown,2,3,0,7,0.5,3.0,0.1819072236760999,0.18190722367609993,-1.0431765047735058,-0.647361756892267,-0.035147025462622716,-0.85215616953828,0.035147025462622716,0.85215616953828,-0.8170091440756573,1.0431765047735058,1.3877787807814457e-16,0.0,1.0,1.8953326743117862,0.7883049059408958,2.1445233296474284,3,0.05302767206002332,7,0.0,0.7894736842105263,0,0.5774411513843903
omnimath-13,omnimath,unknown,2,4,0,7,0.6666666666666666,2.0,-0.6702489458621801,-0.6702489458621801,-1.8953326743117858,0.20479441264601295,-0.85215616953828,-6.661338147750939e-16,0.85215616953828,6.661338147750939e-16,0.8521561695382793,1.8953326743117858,0.0,0.0,1.0,1.8953326743117862,0.7883049059408958,2.1445233296474284,3,0.05302767206002332,7,0.0,0.7894736842105263,0,0.571029545401319
omnimath-13,omnimath,unknown,2,5,0,7,0.8333333333333334,1.0,-0.6702489458621808,-0.6702489458621808,-1.8953326743117864,0.2047944126460136,-6.661338147750939e-16,0.2047944126460136,6.661338147750939e-16,0.2047944126460136,0.20479441264601428,1.8953326743117864,0.0,0.0,1.0,1.8953326743117862,0.7883049059408958,2.1445233296474284,3,0.05302767206002332,7,0.0,0.7894736842105263,0,0.4611599926906144
omnimath-13,omnimath,unknown,2,6,0,7,1.0,0.0,-0.46545453321616714,-0.46545453321616714,-1.6905382616657727,0.0,0.2047944126460136,0.0,0.2047944126460136,0.0,-0.2047944126460136,1.6905382616657727,0.2047944126460136,0.0,0.0,1.8953326743117862,0.7883049059408958,2.1445233296474284,3,0.05302767206002332,7,0.0,0.7894736842105263,0,0.37122655313938846
omnimath-14,omnimath,unknown,3,0,0,10,0.0,9.0,0.8163615486892084,0.8163615486892084,0.0,-0.2876820724517807,0.0,-1.3862943611198904,0.0,1.3862943611198904,-1.3862943611198904,0.0,0.0,1.0,1.0,1.3133315000083172,0.05057237476993193,5.6885221182617585,7,0.30533488436816136,10,0.0,0.10526315789473684,2,0.36668461786249235
omnimath-14,omnimath,unknown,3,1,0,10,0.1111111111111111,8.0,-0.569932812430682,-0.569932812430682,-1.3862943611198904,1.0986122886681096,-1.3862943611198904,0.287682072451781,1.3862943611198904,0.287682072451781,1.6739764335716714,1.3862943611198904,0.0,0.0,1.0,1.3133315000083172,0.05057237476993193,5.6885221182617585,7,0.30533488436816136,10,0.0,0.10526315789473684,2,0.6565995269818665
omnimath-14,omnimath,unknown,3,2,0,10,0.2222222222222222,7.0,-0.28225073997890093,-0.28225073997890093,-1.0986122886681093,0.8109302162163287,0.287682072451781,0.40546510810816405,0.287682072451781,0.40546510810816405,0.11778303565638304,1.0986122886681093,0.287682072451781,0.0,0.0,1.3133315000083172,0.05057237476993193,5.6885221182617585,7,0.30533488436816136,10,0.0,0.10526315789473684,2,0.58035024627232
omnimath-14,omnimath,unknown,3,3,1,10,0.3333333333333333,6.0,0.12321436812926315,0.12321436812926316,-0.6931471805599453,0.4054651081081646,0.40546510810816405,-0.6931471805599451,0.40546510810816405,0.6931471805599451,-1.0986122886681091,0.6931471805599453,0.6931471805599451,0.0,0.0,1.3133315000083172,0.05057237476993193,5.6885221182617585,7,0.30533488436816136,10,0.0,0.10526315789473684,2,0.5428866425719044
omnimath-14,omnimath,unknown,3,4,0,10,0.4444444444444444,5.0,-0.569932812430682,-0.569932812430682,-1.3862943611198904,1.0986122886681096,-0.6931471805599451,1.09861228866811,0.6931471805599451,1.09861228866811,1.791759469228055,1.3862943611198904,0.0,0.0,1.0,1.3133315000083172,0.05057237476993193,5.6885221182617585,7,0.30533488436816136,10,0.0,0.10526315789473684,2,0.4604777813758504
omnimath-14,omnimath,unknown,3,5,0,10,0.5555555555555556,4.0,0.528679476237428,0.528679476237428,-0.28768207245178046,-2.220446049250313e-16,1.09861228866811,-1.0986122886681096,1.09861228866811,1.0986122886681096,-2.1972245773362196,0.28768207245178046,1.09861228866811,0.0,0.0,1.3133315000083172,0.05057237476993193,5.6885221182617585,7,0.30533488436816136,10,0.0,0.10526315789473684,2,0.4341697499716267
omnimath-14,omnimath,unknown,3,6,0,10,0.6666666666666666,3.0,-0.5699328124306817,-0.5699328124306817,-1.3862943611198901,1.0986122886681096,-1.0986122886681096,0.8472978603872034,1.0986122886681096,0.8472978603872034,1.945910149055313,1.3862943611198901,2.220446049250313e-16,0.0,1.0,1.3133315000083172,0.05057237476993193,5.6885221182617585,7,0.30533488436816136,10,0.0,0.10526315789473684,2,0.2997775566924732
omnimath-14,omnimath,unknown,3,7,0,10,0.7777777777777778,2.0,0.2773650479565217,0.2773650479565217,-0.5389965007326867,0.251314428280906,0.8472978603872034,-0.5596157879354242,0.8472978603872034,0.5596157879354242,-1.4069136483226277,0.5389965007326867,0.8472978603872037,0.0,0.0,1.3133315000083172,0.05057237476993193,5.6885221182617585,7,0.30533488436816136,10,0.0,0.10526315789473684,2,0.22634864458149442
omnimath-14,omnimath,unknown,3,8,0,10,0.8888888888888888,1.0,-0.2822507399789025,-0.2822507399789025,-1.098612288668111,0.8109302162163302,-0.5596157879354242,0.8109302162163302,0.5596157879354242,0.8109302162163302,1.3705460041517545,1.098612288668111,0.28768207245177946,0.0,0.0,1.3133315000083172,0.05057237476993193,5.6885221182617585,7,0.30533488436816136,10,0.0,0.10526315789473684,2,0.1860349009510641
omnimath-14,omnimath,unknown,3,9,0,10,1.0,0.0,0.5286794762374277,0.5286794762374277,-0.2876820724517807,0.0,0.8109302162163302,0.0,0.8109302162163302,0.0,-0.8109302162163302,0.2876820724517807,1.0986122886681096,0.0,0.0,1.3133315000083172,0.05057237476993193,5.6885221182617585,7,0.30533488436816136,10,0.0,0.10526315789473684,2,0.08558018162273462
omnimath-15,omnimath,unknown,7,0,0,9,0.0,8.0,0.4099439238429802,0.4099439238429801,0.0,0.057519288090830845,0.0,0.6701990896273086,0.0,0.6701990896273086,0.6701990896273086,0.0,0.0,1.0,1.0,1.7485585477561227,0.012412473779327134,4.633990702693666,4,0.18783250910067534,9,0.10526315789473684,0.2631578947368421,1,0.3841121013217682
omnimath-15,omnimath,unknown,7,1,0,9,0.125,7.0,1.0801430134702887,1.0801430134702887,0.6701990896273086,-0.6126798015364777,0.6701990896273086,-1.8988907040993857,0.6701990896273086,1.8988907040993857,-2.569089793726694,0.0,0.6701990896273086,1.0,0.0,1.7485585477561227,0.012412473779327134,4.633990702693666,4,0.18783250910067534,9,0.10526315789473684,0.2631578947368421,1,0.5862892866564282
omnimath-15,omnimath,unknown,7,2,0,9,0.25,6.0,-0.8187476906290969,-0.8187476906290969,-1.2286916144720772,1.286210902562908,-1.8988907040993857,0.42285685082003366,1.8988907040993857,0.42285685082003366,2.321747554919419,1.8988907040993857,0.0,0.0,1.0,1.7485585477561227,0.012412473779327134,4.633990702693666,4,0.18783250910067534,9,0.10526315789473684,0.2631578947368421,1,0.7558246665111215
omnimath-15,omnimath,unknown,7,3,0,9,0.375,5.0,-0.39589083980906326,-0.3958908398090633,-0.8058347636520434,0.8633540517428743,0.42285685082003366,0.11613964991265358,0.42285685082003366,0.11613964991265358,-0.3067172009073801,1.476033853279352,0.42285685082003366,0.0,0.0,1.7485585477561227,0.012412473779327134,4.633990702693666,4,0.18783250910067534,9,0.10526315789473684,0.2631578947368421,1,0.6110072348135849
omnimath-15,omnimath,unknown,7,4,0,9,0.5,4.0,-0.2797511898964097,-0.27975118989640974,-0.6896951137393899,0.7472144018302207,0.11613964991265358,0.49223279068937464,0.11613964991265358,0.49223279068937464,0.37609314077672107,1.3598942033666983,0.5389965007326872,0.0,0.0,1.7485585477561227,0.012412473779327134,4.633990702693666,4,0.18783250910067534,9,0.10526315789473684,0.2631578947368421,1,0.5090348968754543
omnimath-15,omnimath,unknown,7,5,0,9,0.625,3.0,0.21248160079296496,0.21248160079296494,-0.1974623230500152,0.25498161114084605,0.49223279068937464,-0.6083724406020286,0.49223279068937464,0.6083724406020286,-1.1006052312914032,0.8676614126773238,1.0312292914220618,0.0,0.0,1.7485585477561227,0.012412473779327134,4.633990702693666,4,0.18783250910067534,9,0.10526315789473684,0.2631578947368421,1,0.465205733822165
omnimath-15,omnimath,unknown,7,6,0,9,0.75,2.0,-0.3958908398090636,-0.39589083980906364,-0.8058347636520438,0.8633540517428746,-0.6083724406020286,0.11613964991265235,0.6083724406020286,0.11613964991265235,0.7245120905146809,1.4760338532793522,0.4228568508200333,0.0,0.0,1.7485585477561227,0.012412473779327134,4.633990702693666,4,0.18783250910067534,9,0.10526315789473684,0.2631578947368421,1,0.2991728979446106
omnimath-15,omnimath,unknown,7,7,1,9,0.875,1.0,-0.27975118989641123,-0.2797511898964113,-0.6896951137393914,0.7472144018302223,0.11613964991265235,0.7472144018302223,0.11613964991265235,0.7472144018302223,0.6310747519175699,1.3598942033667,0.5389965007326857,0.0,0.0,1.7485585477561227,0.012412473779327134,4.633990702693666,4,0.18783250910067534,9,0.10526315789473684,0.2631578947368421,1,0.24002086154944566
omnimath-15,omnimath,unknown,7,8,0,9,1.0,0.0,0.467463211933811,0.46746321193381096,0.057519288090830845,0.0,0.7472144018302223,0.0,0.7472144018302223,0.0,-0.7472144018302223,0.6126798015364777,1.286210902562908,0.0,0.0,1.7485585477561227,0.012412473779327134,4.633990702693666,4,0.18783250910067534,9,0.10526315789473684,0.2631578947368421,1,0.13051307688368066
omnimath-16,omnimath,unknown,0,0,1,23,0.0,22.0,0.021945594867124597,0.021945594867124586,0.0,6.439293542825908e-15,0.0,0.187000348845545,0.0,0.187000348845545,0.187000348845545,0.0,0.0,1.0,1.0,0.47365920787912186,1.762378432492811e-15,3.653751898063003,14,0.36138171361822385,23,0.3157894736842105,0.631578947368421,3,0.24820417650861046
omnimath-16,omnimath,unknown,0,1,0,23,0.045454545454545456,21.0,0.2089459437126696,0.2089459437126696,0.187000348845545,-0.18700034884553857,0.187000348845545,-0.24263204483169373,0.187000348845545,0.24263204483169373,-0.4296323936772387,0.0,0.187000348845545,1.0,0.0,0.47365920787912186,1.762378432492811e-15,3.653751898063003,14,0.36138171361822385,23,0.3157894736842105,0.631578947368421,3,0.3468118199230972
omnimath-16,omnimath,unknown,0,2,0,23,0.09090909090909091,20.0,-0.03368610111902412,-0.033686101119024134,-0.05563169598614871,0.05563169598615515,-0.24263204483169373,0.055631695986148824,0.24263204483169373,0.055631695986148824,0.29826374081784257,0.24263204483169373,0.0,0.0,1.0,0.47365920787912186,1.762378432492811e-15,3.653751898063003,14,0.36138171361822385,23,0.3157894736842105,0.631578947368421,3,0.33563955919282706
omnimath-16,omnimath,unknown,0,3,0,23,0.13636363636363635,19.0,0.021945594867124708,0.021945594867124697,1.1102230246251565e-16,6.328271240363392e-15,0.055631695986148824,0.0,0.055631695986148824,0.0,-0.055631695986148824,0.1870003488455449,0.055631695986148824,0.0,0.0,0.47365920787912186,1.762378432492811e-15,3.653751898063003,14,0.36138171361822385,23,0.3157894736842105,0.631578947368421,3,0.40756010788051056
omnimath-16,omnimath,unknown,0,4,0,23,0.18181818181818182,18.0,0.021945594867124708,0.021945594867124697,1.1102230246251565e-16,6.328271240363392e-15,0.0,-0.055631695986148824,0.0,0.055631695986148824,-0.055631695986148824,0.1870003488455449,0.055631695986148824,0.0,0.0,0.47365920787912186,1.762378432492811e-15,3.653751898063003,14,0.36138171361822385,23,0.3157894736842105,0.631578947368421,3,0.37277268331433017
omnimath-16,omnimath,unknown,0,5,0,23,0.22727272727272727,17.0,-0.03368610111902412,-0.033686101119024134,-0.05563169598614871,0.05563169598615515,-0.055631695986148824,0.24263204483169393,0.055631695986148824,0.24263204483169393,0.29826374081784274,0.24263204483169373,0.0,0.0,1.0,0.47365920787912186,1.762378432492811e-15,3.653751898063003,14,0.36138171361822385,23,0.3157894736842105,0.631578947368421,3,0.2421463634799433
omnimath-16,omnimath,unknown,0,6,0,23,0.2727272727272727,16.0,0.2089459437126698,0.2089459437126698,0.1870003488455452,-0.18700034884553876,0.24263204483169393,-0.02269729755426919,0.24263204483169393,0.02269729755426919,-0.2653293423859631,0.0,0.24263204483169393,1.0,0.0,0.47365920787912186,1.762378432492811e-15,3.653751898063003,14,0.36138171361822385,23,0.3157894736842105,0.631578947368421,3,0.16792701497299106
omnimath-16,omnimath,unknown,0,7,0,23,0.3181818181818182,15.0,0.18624864615840062,0.18624864615840062,0.164303051291276,-0.16430305129126957,-0.02269729755426919,-0.3610133455373302,0.02269729755426919,0.3610133455373302,-0.33831604798306103,0.02269729755426919,0.21993474727742474,0.0,0.0,0.47365920787912186,1.762378432492811e-15,3.653751898063003,14,0.36138171361822385,23,0.3157894736842105,0.631578947368421,3,0.29969818799667025
omnimath-16,omnimath,unknown,0,8,0,23,0.36363636363636365,14.0,-0.17476469937892958,-0.17476469937892958,-0.19671029424605418,0.19671029424606062,-0.3610133455373302,0.19671029424605418,0.3610133455373302,0.19671029424605418,0.5577236397833845,0.3837106430915994,0.0,0.0,1.0,0.47365920787912186,1.762378432492811e-15,3.653751898063003,14,0.36138171361822385,23,0.3157894736842105,0.631578947368421,3,0.1959990163981868
omnimath-16,omnimath,unknown,0,9,0,23,0.4090909090909091,13.0,0.021945594867124597,0.021945594867124586,0.0,6.439293542825908e-15,0.19671029424605418,0.30538164955118147,0.19671029424605418,0.30538164955118147,0.10867135530512728,0.1870003488455452,0.19671029424605418,0.0,0.0,0.47365920787912186,1.762378432492811e-15,3.653751898063003,14,0.36138171361822385,23,0.3157894736842105,0.631578947368421,3,0.2571734160753919
omnimath-16,omnimath,unknown,0,10,0,23,0.45454545454545453,12.0,0.3273272444183061,0.3273272444183061,0.30538164955118147,-0.305381649551175,0.30538164955118147,-0.6663949950885122,0.30538164955118147,0.6663949950885122,-0.9717766446396936,0.0,0.5020919437972357,1.0,0.0,0.47365920787912186,1.762378432492811e-15,3.653751898063003,14,0.36138171361822385,23,0.3157894736842105,0.631578947368421,3,0.15091675164239443
omnimath-16,omnimath,unknown,0,11,0,23,0.5,11.0,-0.3390677506702061,-0.3390677506702061,-0.3610133455373307,0.36101334553733716,-0.6663949950885122,0.502091943797236,0.6663949950885122,0.502091943797236,1.1684869388857482,0.6663949950885122,0.0,0.0,1.0,0.47365920787912186,1.762378432492811e-15,3.653751898063003,14,0.36138171361822385,23,0.3157894736842105,0.631578947368421,3,0.18726773470041483
omnimath-16,omnimath,unknown,0,12,0,23,0.5454545454545454,10.0,0.16302419312702987,0.16302419312702987,0.14107859825990526,-0.14107859825989882,0.502091943797236,0.0,0.502091943797236,0.0,-0.502091943797236,0.1643030512912762,0.502091943797236,0.0,0.0,0.47365920787912186,1.762378432492811e-15,3.653751898063003,14,0.36138171361822385,23,0.3157894736842105,0.631578947368421,3,0.16331631324275422
omnimath-16,omnimath,unknown,0,13,0,23,0.5909090909090909,9.0,0.16302419312702987,0.16302419312702987,0.14107859825990526,-0.14107859825989882,0.0,-0.5020919437972358,0.0,0.5020919437972358,-0.5020919437972358,0.1643030512912762,0.502091943797236,0.0,0.0,0.47365920787912186,1.762378432492811e-15,3.653751898063003,14,0.36138171361822385,23,0.3157894736842105,0.631578947368421,3,0.16596262512345086
omnimath-16,omnimath,unknown,0,14,0,23,0.6363636363636364,8.0,-0.33906775067020595,-0.33906775067020595,-0.36101334553733055,0.361013345537337,-0.5020919437972358,0.16430305129127623,0.5020919437972358,0.16430305129127623,0.666394995088512,0.666394995088512,1.6653345369377348e-16,0.0,1.0,0.47365920787912186,1.762378432492811e-15,3.653751898063003,14,0.36138171361822385,23,0.3157894736842105,0.631578947368421,3,0.09646224270799789
omnimath-16,omnimath,unknown,0,15,0,23,0.6818181818181818,7.0,-0.17476469937892972,-0.17476469937892972,-0.19671029424605432,0.19671029424606076,0.16430305129127623,0.48195433217040484,0.16430305129127623,0.48195433217040484,0.31765128087912864,0.5020919437972358,0.1643030512912764,0.0,0.0,0.47365920787912186,1.762378432492811e-15,3.653751898063003,14,0.36138171361822385,23,0.3157894736842105,0.631578947368421,3,0.14064422964901813
omnimath-16,omnimath,unknown,0,16,0,23,0.7272727272727273,6.0,0.3071896327914751,0.3071896327914751,0.2852440379243505,-0.28524403792434405,0.48195433217040484,-0.646257383461681,0.48195433217040484,0.646257383461681,-1.1282117156320859,0.020137611626830976,0.6462573834616812,0.0,0.0,0.47365920787912186,1.762378432492811e-15,3.653751898063003,14,0.36138171361822385,23,0.3157894736842105,0.631578947368421,3,0.13570392766886794
omnimath-16,omnimath,unknown,0,17,0,23,0.7727272727272727,5.0,-0.33906775067020595,-0.33906775067020595,-0.36101334553733055,0.361013345537337,-0.646257383461681,0.16430305129127623,0.646257383461681,0.16430305129127623,0.8105604347529572,0.666394995088512,1.6653345369377348e-16,0.0,1.0,0.47365920787912186,1.762378432492811e-15,3.653751898063003,14,0.36138171361822385,23,0.3157894736842105,0.631578947368421,3,0.06399428812177624
omnimath-16,omnimath,unknown,0,18,0,23,0.8181818181818182,4.0,-0.17476469937892972,-0.17476469937892972,-0.19671029424605432,0.19671029424606076,0.16430305129127623,0.4819543321704046,0.16430305129127623,0.4819543321704046,0.3176512808791284,0.5020919437972358,0.1643030512912764,0.0,0.0,0.47365920787912186,1.762378432492811e-15,3.653751898063003,14,0.36138171361822385,23,0.3157894736842105,0.631578947368421,3,0.0902437881806864
omnimath-16,omnimath,unknown,0,19,0,23,0.8636363636363636,3.0,0.30718963279147493,0.30718963279147493,0.2852440379243503,-0.2852440379243439,0.4819543321704046,-0.6462573834616809,0.4819543321704046,0.6462573834616809,-1.1282117156320854,0.020137611626831142,0.646257383461681,0.0,0.0,0.47365920787912186,1.762378432492811e-15,3.653751898063003,14,0.36138171361822385,23,0.3157894736842105,0.631578947368421,3,0.0868948498666511
omnimath-16,omnimath,unknown,0,20,0,23,0.9090909090909091,2.0,-0.33906775067020595,-0.33906775067020595,-0.36101334553733055,0.361013345537337,-0.6462573834616809,0.30538164955118186,0.6462573834616809,0.30538164955118186,0.9516390330128628,0.666394995088512,1.6653345369377348e-16,0.0,1.0,0.47365920787912186,1.762378432492811e-15,3.653751898063003,14,0.36138171361822385,23,0.3157894736842105,0.631578947368421,3,0.043207770445418736
omnimath-16,omnimath,unknown,0,21,0,23,0.9545454545454546,1.0,-0.03368610111902412,-0.033686101119024134,-0.05563169598614871,0.05563169598615515,0.30538164955118186,0.05563169598615515,0.30538164955118186,0.05563169598615515,-0.24974995356502672,0.3610133455373302,0.30538164955118197,0.0,0.0,0.47365920787912186,1.762378432492811e-15,3.653751898063003,14,0.36138171361822385,23,0.3157894736842105,0.631578947368421,3,0.04377008921115557
omnimath-16,omnimath,unknown,0,22,0,23,1.0,0.0,0.021945594867131036,0.021945594867131026,6.439293542825908e-15,0.0,0.05563169598615515,0.0,0.05563169598615515,0.0,-0.05563169598615515,0.305381649551175,0.36101334553733716,0.0,0.0,0.47365920787912186,1.762378432492811e-15,3.653751898063003,14,0.36138171361822385,23,0.3157894736842105,0.631578947368421,3,0.03132416333956938
omnimath-17,omnimath,unknown,2,0,0,9,0.0,8.0,-0.5768419054740586,-0.5768419054740586,0.0,1.0218731369210317,0.0,-0.0352894769505292,0.0,0.0352894769505292,-0.0352894769505292,0.0,0.0,1.0,1.0,1.7567161701319638,0.28444749421641846,3.592484228894461,5,0.1291564850648786,9,0.631578947368421,0.3684210526315789,2,0.6853522211908789
omnimath-17,omnimath,unknown,2,1,0,9,0.125,7.0,-0.6121313824245878,-0.6121313824245878,-0.0352894769505292,1.0571626138715609,-0.0352894769505292,0.1892419996385281,0.0352894769505292,0.1892419996385281,0.2245314765890573,0.0352894769505292,0.0,0.0,1.0,1.7567161701319638,0.28444749421641846,3.592484228894461,5,0.1291564850648786,9,0.631578947368421,0.3684210526315789,2,0.7465298860111217
omnimath-17,omnimath,unknown,2,2,1,9,0.25,6.0,-0.42288938278605964,-0.4228893827860597,0.15395252268799892,0.8679206142330328,0.1892419996385281,-0.3784839992770565,0.1892419996385281,0.3784839992770565,-0.5677259989155846,0.0,0.1892419996385281,1.0,0.0,1.7567161701319638,0.28444749421641846,3.592484228894461,5,0.1291564850648786,9,0.631578947368421,0.3684210526315789,2,0.6219337911766297
omnimath-17,omnimath,unknown,2,3,0,9,0.375,5.0,-0.8013733820631161,-0.8013733820631161,-0.2245314765890576,1.2464046135100892,-0.3784839992770565,1.365487178500999,0.3784839992770565,1.365487178500999,1.7439711777780555,0.3784839992770565,0.0,0.0,1.0,1.7567161701319638,0.28444749421641846,3.592484228894461,5,0.1291564850648786,9,0.631578947368421,0.3684210526315789,2,0.7349683062132956
omnimath-17,omnimath,unknown,2,4,0,9,0.5,4.0,0.5641137964378828,0.5641137964378828,1.1409557019119414,-0.11908256499090969,1.365487178500999,0.4410662355021655,1.365487178500999,0.4410662355021655,-0.9244209429988335,0.0,1.365487178500999,1.0,0.0,1.7567161701319638,0.28444749421641846,3.592484228894461,5,0.1291564850648786,9,0.631578947368421,0.3684210526315789,2,0.3711675028501956
omnimath-17,omnimath,unknown,2,5,0,9,0.625,3.0,1.0051800319400483,1.0051800319400483,1.582021937414107,-0.5601488004930752,0.4410662355021655,-0.5684236342757585,0.4410662355021655,0.5684236342757585,-1.009489869777924,0.0,1.8065534140031645,1.0,0.0,1.7567161701319638,0.28444749421641846,3.592484228894461,5,0.1291564850648786,9,0.631578947368421,0.3684210526315789,2,0.25802404056345046
omnimath-17,omnimath,unknown,2,6,0,9,0.75,2.0,0.4367563976642899,0.43675639766428986,1.0135983031383484,0.008274833782683233,-0.5684236342757585,-0.4746018024056619,0.5684236342757585,0.4746018024056619,0.09382183187009657,0.5684236342757585,1.238129779727406,0.0,0.0,1.7567161701319638,0.28444749421641846,3.592484228894461,5,0.1291564850648786,9,0.631578947368421,0.3684210526315789,2,0.33864971416224227
omnimath-17,omnimath,unknown,2,7,0,9,0.875,1.0,-0.03784540474137199,-0.03784540474137202,0.5389965007326866,0.48287663618834514,-0.4746018024056619,0.48287663618834514,0.4746018024056619,0.48287663618834514,0.957478438594007,1.0430254366814204,0.7635279773217442,0.0,0.0,1.7567161701319638,0.28444749421641846,3.592484228894461,5,0.1291564850648786,9,0.631578947368421,0.3684210526315789,2,0.2680755255420942
omnimath-17,omnimath,unknown,2,8,0,9,1.0,0.0,0.44503123144697315,0.4450312314469731,1.0218731369210317,0.0,0.48287663618834514,0.0,0.48287663618834514,0.0,-0.48287663618834514,0.5601488004930752,1.2464046135100892,0.0,0.0,1.7567161701319638,0.28444749421641846,3.592484228894461,5,0.1291564850648786,9,0.631578947368421,0.3684210526315789,2,0.15148806660914213
omnimath-18,omnimath,unknown,0,0,1,7,0.0,6.0,0.8455676717398449,0.8455676717398449,0.0,-0.5762472034675562,0.0,-1.0279517042257496,0.0,1.0279517042257496,-1.0279517042257496,0.0,0.0,1.0,1.0,1.7063376961903347,0.1007190360047417,5.721333586239123,3,0.16964508768933348,7,0.6842105263157895,0.47368421052631576,0,0.3482392175802978
omnimath-18,omnimath,unknown,0,1,0,7,0.16666666666666666,5.0,-0.1823840324859046,-0.1823840324859046,-1.0279517042257496,0.45170450075819335,-1.0279517042257496,-0.2578291093021,1.0279517042257496,0.2578291093021,0.7701225949236495,1.0279517042257496,0.0,0.0,1.0,1.7063376961903347,0.1007190360047417,5.721333586239123,3,0.16964508768933348,7,0.6842105263157895,0.47368421052631576,0,0.5985979923251342
omnimath-18,omnimath,unknown,0,2,0,7,0.3333333333333333,4.0,-0.44021314178800464,-0.44021314178800464,-1.2857808135278495,0.7095336100602934,-0.2578291093021,-0.46262352194811307,0.2578291093021,0.46262352194811307,-0.20479441264601306,1.2857808135278495,0.0,0.0,1.0,1.7063376961903347,0.1007190360047417,5.721333586239123,3,0.16964508768933348,7,0.6842105263157895,0.47368421052631576,0,0.5877255026977132
omnimath-18,omnimath,unknown,0,3,0,7,0.5,3.0,-0.9028366637361177,-0.9028366637361177,-1.7484043354759626,1.1721571320084063,-0.46262352194811307,1.958389916168029,0.46262352194811307,1.958389916168029,2.421013438116142,1.7484043354759626,0.0,0.0,1.0,1.7063376961903347,0.1007190360047417,5.721333586239123,3,0.16964508768933348,7,0.6842105263157895,0.47368421052631576,0,0.6501289966677873
omnimath-18,omnimath,unknown,0,4,0,7,0.6666666666666666,2.0,1.0555532524319111,1.0555532524319111,0.2099855806920662,-0.7862327841596224,1.958389916168029,-1.700560806865929,1.958389916168029,1.700560806865929,-3.658950723033958,0.0,1.958389916168029,1.0,0.0,1.7063376961903347,0.1007190360047417,5.721333586239123,3,0.16964508768933348,7,0.6842105263157895,0.47368421052631576,0,0.4858546076608985
omnimath-18,omnimath,unknown,0,5,0,7,0.8333333333333334,1.0,-0.6450075544340178,-0.6450075544340178,-1.4905752261738627,0.9143280227063065,-1.700560806865929,0.9143280227063065,1.700560806865929,0.9143280227063065,2.6148888295722355,1.700560806865929,0.2578291093020999,0.0,0.0,1.7063376961903347,0.1007190360047417,5.721333586239123,3,0.16964508768933348,7,0.6842105263157895,0.47368421052631576,0,0.4054885704835053
omnimath-18,omnimath,unknown,0,6,0,7,1.0,0.0,0.2693204682722887,0.2693204682722887,-0.5762472034675562,0.0,0.9143280227063065,0.0,0.9143280227063065,0.0,-0.9143280227063065,0.7862327841596224,1.1721571320084063,0.0,0.0,1.7063376961903347,0.1007190360047417,5.721333586239123,3,0.16964508768933348,7,0.6842105263157895,0.47368421052631576,0,0.21800247269768294
omnimath-19,omnimath,unknown,3,0,0,6,0.0,5.0,1.034941413835089,1.034941413835089,0.0,-0.6074678938165815,0.0,-1.764187813291972,0.0,1.764187813291972,-1.764187813291972,0.0,0.0,1.0,1.0,2.1730365002660355,0.14035365628044275,4.32812304228677,3,0.09018607253496476,6,0.0,0.3684210526315789,2,0.5169428836764395
omnimath-19,omnimath,unknown,3,1,0,6,0.2,4.0,-0.729246399456883,-0.729246399456883,-1.764187813291972,1.1567199194753903,-1.764187813291972,-0.48550781578170055,1.764187813291972,0.48550781578170055,1.2786799975102714,1.764187813291972,0.0,0.0,1.0,2.1730365002660355,0.14035365628044275,4.32812304228677,3,0.09018607253496476,6,0.0,0.3684210526315789,2,0.8194359146376028
omnimath-19,omnimath,unknown,3,2,0,6,0.4,3.0,-1.2147542152385835,-1.2147542152385835,-2.2496956290736723,1.6422277352570909,-0.48550781578170055,1.6422277352570909,0.48550781578170055,1.6422277352570909,2.1277355510387914,2.2496956290736723,0.0,0.0,1.0,2.1730365002660355,0.14035365628044275,4.32812304228677,3,0.09018607253496476,6,0.0,0.3684210526315789,2,0.8316284995952034
omnimath-19,omnimath,unknown,3,3,1,6,0.6,2.0,0.42747352001850747,0.42747352001850747,-0.6074678938165815,0.0,1.6422277352570909,-0.3733613591951448,1.6422277352570909,0.3733613591951448,-2.0155890944522357,0.6074678938165815,1.6422277352570909,0.0,0.0,2.1730365002660355,0.14035365628044275,4.32812304228677,3,0.09018607253496476,6,0.0,0.3684210526315789,2,0.6260373235476437
omnimath-19,omnimath,unknown,3,4,0,6,0.8,1.0,0.054112160823362704,0.05411216082336268,-0.9808292530117263,0.3733613591951448,-0.3733613591951448,0.3733613591951448,0.3733613591951448,0.3733613591951448,0.7467227183902896,0.9808292530117263,1.2688663760619463,0.0,0.0,2.1730365002660355,0.14035365628044275,4.32812304228677,3,0.09018607253496476,6,0.0,0.3684210526315789,2,0.4511102236875808
omnimath-19,omnimath,unknown,3,5,0,6,1.0,0.0,0.42747352001850747,0.42747352001850747,-0.6074678938165815,0.0,0.3733613591951448,0.0,0.3733613591951448,0.0,-0.3733613591951448,0.6074678938165815,1.6422277352570909,0.0,0.0,2.1730365002660355,0.14035365628044275,4.32812304228677,3,0.09018607253496476,6,0.0,0.3684210526315789,2,0.26782515972892146
omnimath-20,omnimath,unknown,2,0,0,5,0.0,4.0,0.7685768701441169,0.7685768701441169,0.0,-1.55814461804655,0.0,-1.8458266904983305,0.0,1.8458266904983305,-1.8458266904983305,0.0,0.0,1.0,1.0,1.9895313115729625,0.2813953948581114,5.537207241192474,2,0.06974929200942576,5,0.7368421052631579,0.2631578947368421,3,0.5322311731155677
omnimath-20,omnimath,unknown,2,1,0,5,0.25,3.0,-1.0772498203542136,-1.0772498203542136,-1.8458266904983305,0.2876820724517807,-1.8458266904983305,1.1526795099383853,1.8458266904983305,1.1526795099383853,2.998506200436716,1.8458266904983305,0.0,0.0,1.0,1.9895313115729625,0.2813953948581114,5.537207241192474,2,0.06974929200942576,5,0.7368421052631579,0.2631578947368421,3,0.8753000479454769
omnimath-20,omnimath,unknown,2,2,1,5,0.5,2.0,0.07542968958417168,0.07542968958417165,-0.6931471805599452,-0.8649974374866045,1.1526795099383853,0.9473813189441862,1.1526795099383853,0.9473813189441862,-0.2052981909941991,0.6931471805599452,1.1526795099383853,0.0,0.0,1.9895313115729625,0.2813953948581114,5.537207241192474,2,0.06974929200942576,5,0.7368421052631579,0.2631578947368421,3,0.7298668693287617
omnimath-20,omnimath,unknown,2,3,0,5,0.75,1.0,1.022811008528358,1.022811008528358,0.254234138384241,-1.8123787564307907,0.9473813189441862,-1.8123787564307907,0.9473813189441862,1.8123787564307907,-2.759760075374977,0.0,2.1000608288825715,1.0,0.0,1.9895313115729625,0.2813953948581114,5.537207241192474,2,0.06974929200942576,5,0.7368421052631579,0.2631578947368421,3,0.4759691980952759
omnimath-20,omnimath,unknown,2,4,0,5,1.0,0.0,-0.7895677479024329,-0.7895677479024329,-1.55814461804655,0.0,-1.8123787564307907,0.0,1.8123787564307907,0.0,1.8123787564307907,1.8123787564307907,0.2876820724517807,0.0,0.0,1.9895313115729625,0.2813953948581114,5.537207241192474,2,0.06974929200942576,5,0.7368421052631579,0.2631578947368421,3,0.43797174249893145
omnimath-21,omnimath,unknown,5,0,0,10,0.0,9.0,-0.5622367083170691,-0.5622367083170691,0.0,0.287682072451781,0.0,-2.220446049250313e-16,0.0,2.220446049250313e-16,-2.220446049250313e-16,0.0,0.0,1.0,1.0,1.3671461302091794,0.06892562576964169,4.17380428889034,5,0.2075128234889284,10,0.8947368421052632,0.10526315789473684,2,0.6175914567214178
omnimath-21,omnimath,unknown,5,1,0,10,0.1111111111111111,8.0,-0.5622367083170693,-0.5622367083170693,-2.220446049250313e-16,0.28768207245178123,-2.220446049250313e-16,0.0,2.220446049250313e-16,0.0,2.220446049250313e-16,2.220446049250313e-16,0.0,1.0,1.0,1.3671461302091794,0.06892562576964169,4.17380428889034,5,0.2075128234889284,10,0.8947368421052632,0.10526315789473684,2,0.5370872122779817
omnimath-21,omnimath,unknown,5,2,0,10,0.2222222222222222,7.0,-0.5622367083170693,-0.5622367083170693,-2.220446049250313e-16,0.28768207245178123,0.0,0.6931471805599455,0.0,0.6931471805599455,0.6931471805599455,2.220446049250313e-16,0.0,1.0,1.0,1.3671461302091794,0.06892562576964169,4.17380428889034,5,0.2075128234889284,10,0.8947368421052632,0.10526315789473684,2,0.5166487887399591
omnimath-21,omnimath,unknown,5,3,0,10,0.3333333333333333,6.0,0.13091047224287625,0.13091047224287627,0.6931471805599453,-0.4054651081081643,0.6931471805599455,0.5596157879354222,0.6931471805599455,0.5596157879354222,-0.1335313926245233,0.0,0.6931471805599455,1.0,0.0,1.3671461302091794,0.06892562576964169,4.17380428889034,5,0.2075128234889284,10,0.8947368421052632,0.10526315789473684,2,0.4171719691658016
omnimath-21,omnimath,unknown,5,4,0,10,0.4444444444444444,5.0,0.6905262601782984,0.6905262601782984,1.2527629684953676,-0.9650808960435865,0.5596157879354222,-0.5596157879354224,0.5596157879354222,0.5596157879354224,-1.1192315758708447,0.0,1.2527629684953676,1.0,0.0,1.3671461302091794,0.06892562576964169,4.17380428889034,5,0.2075128234889284,10,0.8947368421052632,0.10526315789473684,2,0.30646993311760723
omnimath-21,omnimath,unknown,5,5,1,10,0.5555555555555556,4.0,0.13091047224287602,0.13091047224287605,0.6931471805599451,-0.40546510810816405,-0.5596157879354224,0.2876820724517809,0.5596157879354224,0.2876820724517809,0.8472978603872033,0.5596157879354224,0.6931471805599453,0.0,0.0,1.3671461302091794,0.06892562576964169,4.17380428889034,5,0.2075128234889284,10,0.8947368421052632,0.10526315789473684,2,0.3474441070823101
omnimath-21,omnimath,unknown,5,6,0,10,0.6666666666666666,3.0,0.4185925446946569,0.4185925446946569,0.980829253011726,-0.693147180559945,0.2876820724517809,-0.6931471805599452,0.2876820724517809,0.6931471805599452,-0.9808292530117261,0.27193371548364154,0.9808292530117262,0.0,0.0,1.3671461302091794,0.06892562576964169,4.17380428889034,5,0.2075128234889284,10,0.8947368421052632,0.10526315789473684,2,0.3204155573519594
omnimath-21,omnimath,unknown,5,7,0,10,0.7777777777777778,2.0,-0.2745546358652883,-0.2745546358652883,0.2876820724517808,2.220446049250313e-16,-0.6931471805599452,1.1394342831883644,0.6931471805599452,1.1394342831883644,1.8325814637483095,0.9650808960435867,0.287682072451781,0.0,0.0,1.3671461302091794,0.06892562576964169,4.17380428889034,5,0.2075128234889284,10,0.8947368421052632,0.10526315789473684,2,0.3084820599938089
omnimath-21,omnimath,unknown,5,8,0,10,0.8888888888888888,1.0,0.8648796473230761,0.8648796473230761,1.4271163556401452,-1.1394342831883641,1.1394342831883644,-1.1394342831883641,1.1394342831883644,1.1394342831883641,-2.2788685663767287,0.0,1.4271163556401454,1.0,0.0,1.3671461302091794,0.06892562576964169,4.17380428889034,5,0.2075128234889284,10,0.8947368421052632,0.10526315789473684,2,0.14771658033497403
omnimath-21,omnimath,unknown,5,9,0,10,1.0,0.0,-0.27455463586528805,-0.27455463586528805,0.287682072451781,0.0,-1.1394342831883641,0.0,1.1394342831883641,0.0,1.1394342831883641,1.1394342831883641,0.28768207245178123,0.0,0.0,1.3671461302091794,0.06892562576964169,4.17380428889034,5,0.2075128234889284,10,0.8947368421052632,0.10526315789473684,2,0.13752931127735288
omnimath-22,omnimath,unknown,2,0,0,12,0.0,11.0,0.3715189036589629,0.3715189036589629,0.0,0.027923336115947828,0.0,-0.5621864834385233,0.0,0.5621864834385233,-0.5621864834385233,0.0,0.0,1.0,1.0,1.2811229185872544,0.00695716634415756,4.013607657864482,7,0.23494174462528772,12,0.21052631578947367,0.5789473684210527,1,0.45345712489128853
omnimath-22,omnimath,unknown,2,1,0,12,0.09090909090909091,10.0,-0.1906675797795604,-0.19066757977956036,-0.5621864834385233,0.5901098195544712,-0.5621864834385233,0.9313916977625236,0.5621864834385233,0.9313916977625236,1.493578181201047,0.5621864834385233,0.0,0.0,1.0,1.2811229185872544,0.00695716634415756,4.013607657864482,7,0.23494174462528772,12,0.21052631578947367,0.5789473684210527,1,0.7037697718659783
omnimath-22,omnimath,unknown,2,2,1,12,0.18181818181818182,9.0,0.7407241179829632,0.7407241179829632,0.36920521432400033,-0.3412818782080525,0.9313916977625236,-0.2998632737067145,0.9313916977625236,0.2998632737067145,-1.2312549714692382,0.0,0.9313916977625236,1.0,0.0,1.2811229185872544,0.00695716634415756,4.013607657864482,7,0.23494174462528772,12,0.21052631578947367,0.5789473684210527,1,0.3952648663712799
omnimath-22,omnimath,unknown,2,3,0,12,0.2727272727272727,8.0,0.4408608442762487,0.4408608442762487,0.06934194061728582,-0.041418604501338,-0.2998632737067145,-0.22025088214632205,0.2998632737067145,0.22025088214632205,0.07961239156039246,0.2998632737067145,0.6315284240558091,0.0,0.0,1.2811229185872544,0.00695716634415756,4.013607657864482,7,0.23494174462528772,12,0.21052631578947367,0.5789473684210527,1,0.4891843426602118
omnimath-22,omnimath,unknown,2,4,0,12,0.36363636363636365,7.0,0.22060996212992667,0.2206099621299267,-0.15090894152903622,0.17883227764498405,-0.22025088214632205,0.04967625181633034,0.22025088214632205,0.04967625181633034,0.2699271339626524,0.5201141558530366,0.41127754190948707,0.0,0.0,1.2811229185872544,0.00695716634415756,4.013607657864482,7,0.23494174462528772,12,0.21052631578947367,0.5789473684210527,1,0.3900731902653801
omnimath-22,omnimath,unknown,2,5,0,12,0.45454545454545453,6.0,0.270286213946257,0.270286213946257,-0.10123268971270588,0.1291560258286537,0.04967625181633034,-0.980829253011726,0.04967625181633034,0.980829253011726,-1.0305055048280563,0.4704379040367062,0.4609537937258174,0.0,0.0,1.2811229185872544,0.00695716634415756,4.013607657864482,7,0.23494174462528772,12,0.21052631578947367,0.5789473684210527,1,0.4883306010816275
omnimath-22,omnimath,unknown,2,6,0,12,0.5454545454545454,5.0,-0.710543039065469,-0.710543039065469,-1.0820619427244318,1.1099852788403797,-0.980829253011726,0.20479441264601284,0.980829253011726,0.20479441264601284,1.1856236656577388,1.4512671570484321,0.0,0.0,1.0,1.2811229185872544,0.00695716634415756,4.013607657864482,7,0.23494174462528772,12,0.21052631578947367,0.5789473684210527,1,0.44639977586363455
omnimath-22,omnimath,unknown,2,7,0,12,0.6363636363636364,4.0,-0.5057486264194562,-0.5057486264194562,-0.8772675300784191,0.9051908661943668,0.20479441264601284,0.25782910930210007,0.20479441264601284,0.25782910930210007,0.05303469665608723,1.2464727444024195,0.20479441264601284,0.0,0.0,1.2811229185872544,0.00695716634415756,4.013607657864482,7,0.23494174462528772,12,0.21052631578947367,0.5789473684210527,1,0.35245474873299676
omnimath-22,omnimath,unknown,2,8,0,12,0.7272727272727273,3.0,-0.2479195171173561,-0.24791951711735608,-0.619438420776319,0.6473617568922668,0.25782910930210007,-0.462623521948113,0.25782910930210007,0.462623521948113,-0.7204526312502131,0.9886436351003194,0.4626235219481129,0.0,0.0,1.2811229185872544,0.00695716634415756,4.013607657864482,7,0.23494174462528772,12,0.21052631578947367,0.5789473684210527,1,0.32853949412870526
omnimath-22,omnimath,unknown,2,9,0,12,0.8181818181818182,2.0,-0.7105430390654691,-0.7105430390654691,-1.082061942724432,1.10998527884038,-0.462623521948113,0.6325225587435106,0.462623521948113,0.6325225587435106,1.0951460806916236,1.4512671570484323,0.0,0.0,1.0,1.2811229185872544,0.00695716634415756,4.013607657864482,7,0.23494174462528772,12,0.21052631578947367,0.5789473684210527,1,0.2535121344397879
omnimath-22,omnimath,unknown,2,10,0,12,0.9090909090909091,1.0,-0.07802048032195853,-0.07802048032195852,-0.4495393839809214,0.47746272009686924,0.6325225587435106,0.47746272009686924,0.6325225587435106,0.47746272009686924,-0.15505983864664136,0.8187445983049217,0.6325225587435106,0.0,0.0,1.2811229185872544,0.00695716634415756,4.013607657864482,7,0.23494174462528772,12,0.21052631578947367,0.5789473684210527,1,0.17436525142689283
omnimath-22,omnimath,unknown,2,11,0,12,1.0,0.0,0.3994422397749107,0.3994422397749107,0.027923336115947828,0.0,0.47746272009686924,0.0,0.47746272009686924,0.0,-0.47746272009686924,0.3412818782080525,1.10998527884038,0.0,0.0,1.2811229185872544,0.00695716634415756,4.013607657864482,7,0.23494174462528772,12,0.21052631578947367,0.5789473684210527,1,0.10089645419082702
omnimath-23,omnimath,unknown,1,0,0,5,0.0,4.0,0.7268782537659733,0.7268782537659733,0.0,0.09531017980432488,0.0,-0.916290731874155,0.0,0.916290731874155,-0.916290731874155,0.0,0.0,1.0,1.0,1.6834078233906271,0.02913343131056947,3.2715054669769295,1,0.03341058357222635,5,1.0,0.7368421052631579,1,0.5940214581198999
omnimath-23,omnimath,unknown,1,1,1,5,0.25,3.0,-0.18941247810818176,-0.18941247810818174,-0.916290731874155,1.0116009116784799,-0.916290731874155,-0.2876820724517809,0.916290731874155,0.2876820724517809,0.6286086594223741,0.916290731874155,0.0,0.0,1.0,1.6834078233906271,0.02913343131056947,3.2715054669769295,1,0.03341058357222635,5,1.0,0.7368421052631579,1,0.7512255410105448
omnimath-23,omnimath,unknown,1,2,0,5,0.5,2.0,-0.47709455055996264,-0.47709455055996264,-1.203972804325936,1.2992829841302607,-0.2876820724517809,-0.4054651081081645,0.2876820724517809,0.4054651081081645,-0.1177830356563836,1.203972804325936,0.0,0.0,1.0,1.6834078233906271,0.02913343131056947,3.2715054669769295,1,0.03341058357222635,5,1.0,0.7368421052631579,1,0.6709969588276609
omnimath-23,omnimath,unknown,1,3,0,5,0.75,1.0,-0.8825596586681271,-0.8825596586681271,-1.6094379124341005,1.7047480922384253,-0.4054651081081645,1.7047480922384253,0.4054651081081645,1.7047480922384253,2.11021320034659,1.6094379124341005,0.0,0.0,1.0,1.6834078233906271,0.02913343131056947,3.2715054669769295,1,0.03341058357222635,5,1.0,0.7368421052631579,1,0.6388805843175335
omnimath-23,omnimath,unknown,1,4,0,5,1.0,0.0,0.8221884335702981,0.8221884335702981,0.09531017980432488,0.0,1.7047480922384253,0.0,1.7047480922384253,0.0,-1.7047480922384253,0.0,1.7047480922384253,1.0,0.0,1.6834078233906271,0.02913343131056947,3.2715054669769295,1,0.03341058357222635,5,1.0,0.7368421052631579,1,0.14697520598037656
omnimath-24,omnimath,unknown,2,0,0,6,0.0,5.0,-0.11894823059784404,-0.11894823059784405,0.0,1.6653345369377348e-16,0.0,1.0213146524286667,0.0,1.0213146524286667,1.0213146524286667,0.0,0.0,1.0,1.0,1.8671020617487546,2.969885207565044e-17,5.6074037228634594,3,0.13718438926277932,6,0.7894736842105263,0.5789473684210527,4,0.6220546631234326
omnimath-24,omnimath,unknown,2,1,0,6,0.2,4.0,0.9023664218308227,0.9023664218308227,1.0213146524286667,-1.0213146524286665,1.0213146524286667,-1.6095822021681365,1.0213146524286667,1.6095822021681365,-2.630896854596803,0.0,1.0213146524286667,1.0,0.0,1.8671020617487546,2.969885207565044e-17,5.6074037228634594,3,0.13718438926277932,6,0.7894736842105263,0.5789473684210527,4,0.6162237726472166
omnimath-24,omnimath,unknown,2,2,1,6,0.4,3.0,-0.7072157803373138,-0.7072157803373138,-0.5882675497394698,0.5882675497394699,-1.6095822021681365,-0.27193371548364187,1.6095822021681365,0.27193371548364187,1.3376484866844947,1.6095822021681365,0.0,0.0,1.0,1.8671020617487546,2.969885207565044e-17,5.6074037228634594,3,0.13718438926277932,6,0.7894736842105263,0.5789473684210527,4,0.6453987489516047
omnimath-24,omnimath,unknown,2,3,0,6,0.6,2.0,-0.9791494958209557,-0.9791494958209557,-0.8602012652231117,0.8602012652231118,-0.27193371548364187,2.0010448113440904,0.27193371548364187,2.0010448113440904,2.2729785268277323,1.8815159176517784,0.0,0.0,1.0,1.8671020617487546,2.969885207565044e-17,5.6074037228634594,3,0.13718438926277932,6,0.7894736842105263,0.5789473684210527,4,0.5276060537074303
omnimath-24,omnimath,unknown,2,4,0,6,0.8,1.0,1.0218953155231347,1.0218953155231347,1.1408435461209787,-1.1408435461209785,2.0010448113440904,-1.1408435461209785,2.0010448113440904,1.1408435461209785,-3.141888357465069,0.0,2.0010448113440904,1.0,0.0,1.8671020617487546,2.969885207565044e-17,5.6074037228634594,3,0.13718438926277932,6,0.7894736842105263,0.5789473684210527,4,0.28711502230053093
omnimath-24,omnimath,unknown,2,5,0,6,1.0,0.0,-0.11894823059784387,-0.11894823059784389,1.6653345369377348e-16,0.0,-1.1408435461209785,0.0,1.1408435461209785,0.0,1.1408435461209785,1.1408435461209785,0.8602012652231118,0.0,0.0,1.8671020617487546,2.969885207565044e-17,5.6074037228634594,3,0.13718438926277932,6,0.7894736842105263,0.5789473684210527,4,0.3082161934848508
omnimath-25,omnimath,unknown,5,0,0,10,0.0,9.0,0.8253794033781797,0.8253794033781797,0.0,-0.4207325802389528,0.0,-0.4362367667749179,0.0,0.4362367667749179,-0.4362367667749179,0.0,0.0,1.0,1.0,1.3646274177051874,0.10747371213910058,3.9147487498562348,5,0.1659679680983735,10,0.0,0.8947368421052632,3,0.28838492980600244
omnimath-25,omnimath,unknown,5,1,0,10,0.1111111111111111,8.0,0.3891426366032618,0.3891426366032618,-0.4362367667749179,0.015504186535965081,-0.4362367667749179,-0.9808292530117264,0.4362367667749179,0.9808292530117264,-0.5445924862368086,0.4362367667749179,0.0,0.0,1.0,1.3646274177051874,0.10747371213910058,3.9147487498562348,5,0.1659679680983735,10,0.0,0.8947368421052632,3,0.6383945693788454
omnimath-25,omnimath,unknown,5,2,0,10,0.2222222222222222,7.0,-0.5916866164084645,-0.5916866164084645,-1.4170660197866443,0.9963334395476915,-0.9808292530117264,0.9162907318741551,0.9808292530117264,0.9162907318741551,1.8971199848858815,1.4170660197866443,0.0,0.0,1.0,1.3646274177051874,0.10747371213910058,3.9147487498562348,5,0.1659679680983735,10,0.0,0.8947368421052632,3,0.765988432536572
omnimath-25,omnimath,unknown,5,3,0,10,0.3333333333333333,6.0,0.32460411546569057,0.32460411546569057,-0.5007752879124892,0.08004270767353633,0.9162907318741551,-0.4054651081081642,0.9162907318741551,0.4054651081081642,-1.3217558399823193,0.5007752879124892,0.9162907318741551,0.0,0.0,1.3646274177051874,0.10747371213910058,3.9147487498562348,5,0.1659679680983735,10,0.0,0.8947368421052632,3,0.6900463181505123
omnimath-25,omnimath,unknown,5,4,0,10,0.4444444444444444,5.0,-0.08086099264247366,-0.08086099264247366,-0.9062403960206534,0.48550781578170055,-0.4054651081081642,-0.22314355131420982,0.4054651081081642,0.22314355131420982,0.1823215567939544,0.9062403960206534,0.5108256237659908,0.0,0.0,1.3646274177051874,0.10747371213910058,3.9147487498562348,5,0.1659679680983735,10,0.0,0.8947368421052632,3,0.5716508471698123
omnimath-25,omnimath,unknown,5,5,1,10,0.5555555555555556,4.0,-0.30400454395668347,-0.30400454395668347,-1.1293839473348632,0.7086513670959104,-0.22314355131420982,0.060624621816434965,0.22314355131420982,0.060624621816434965,0.2837681731306448,1.1293839473348632,0.28768207245178107,0.0,0.0,1.3646274177051874,0.10747371213910058,3.9147487498562348,5,0.1659679680983735,10,0.0,0.8947368421052632,3,0.4697859191000473
omnimath-25,omnimath,unknown,5,6,0,10,0.6666666666666666,3.0,-0.2433799221402485,-0.2433799221402485,-1.0687593255184282,0.6480267452794755,0.060624621816434965,0.1112256351102241,0.060624621816434965,0.1112256351102241,0.05060101329378913,1.0687593255184282,0.34830669426821603,0.0,0.0,1.3646274177051874,0.10747371213910058,3.9147487498562348,5,0.1659679680983735,10,0.0,0.8947368421052632,3,0.37861013687517275
omnimath-25,omnimath,unknown,5,7,0,10,0.7777777777777778,2.0,-0.1321542870300244,-0.1321542870300244,-0.9575336904082041,0.5368011101692514,0.1112256351102241,-0.45953232937844013,0.1112256351102241,0.45953232937844013,-0.5707579644886642,0.9575336904082041,0.45953232937844013,0.0,0.0,1.3646274177051874,0.10747371213910058,3.9147487498562348,5,0.1659679680983735,10,0.0,0.8947368421052632,3,0.3699162331335233
omnimath-25,omnimath,unknown,5,8,0,10,0.8888888888888888,1.0,-0.5916866164084645,-0.5916866164084645,-1.4170660197866443,0.9963334395476915,-0.45953232937844013,0.9963334395476915,0.45953232937844013,0.9963334395476915,1.4558657689261316,1.4170660197866443,0.0,0.0,1.0,1.3646274177051874,0.10747371213910058,3.9147487498562348,5,0.1659679680983735,10,0.0,0.8947368421052632,3,0.2990647023516394
omnimath-25,omnimath,unknown,5,9,0,10,1.0,0.0,0.4046468231392269,0.4046468231392269,-0.4207325802389528,0.0,0.9963334395476915,0.0,0.9963334395476915,0.0,-0.9963334395476915,0.4207325802389528,0.9963334395476915,0.0,0.0,1.3646274177051874,0.10747371213910058,3.9147487498562348,5,0.1659679680983735,10,0.0,0.8947368421052632,3,0.19269722023112737
omnimath-26,omnimath,unknown,9,0,0,11,0.0,10.0,0.13616358586397762,0.13616358586397762,0.0,-0.34386092159861,0.0,0.40391995511827283,0.0,0.40391995511827283,0.40391995511827283,0.0,0.0,1.0,1.0,1.4776606991803427,0.0727111884861622,4.729133559191523,5,0.26488985259775083,11,0.3684210526315789,0.6842105263157895,3,0.4106939583039844
omnimath-26,omnimath,unknown,9,1,0,11,0.1,9.0,0.5400835409822504,0.5400835409822504,0.40391995511827283,-0.7477808767168828,0.40391995511827283,-0.313252415275043,0.40391995511827283,0.313252415275043,-0.7171723703933158,0.0,0.40391995511827283,1.0,0.0,1.4776606991803427,0.0727111884861622,4.729133559191523,5,0.26488985259775083,11,0.3684210526315789,0.6842105263157895,3,0.4640090181070607
omnimath-26,omnimath,unknown,9,2,0,11,0.2,8.0,0.22683112570720743,0.22683112570720743,0.09066753984322981,-0.43452846144183976,-0.313252415275043,-0.2849967274708761,0.313252415275043,0.2849967274708761,0.028255687804166874,0.313252415275043,0.09066753984322981,0.0,0.0,1.4776606991803427,0.0727111884861622,4.729133559191523,5,0.26488985259775083,11,0.3684210526315789,0.6842105263157895,3,0.5929797552068861
omnimath-26,omnimath,unknown,9,3,0,11,0.3,7.0,-0.058165601763668695,-0.058165601763668695,-0.1943291876276463,-0.14953173397096367,-0.2849967274708761,0.9699794728226199,0.2849967274708761,0.9699794728226199,1.254976200293496,0.5982491427459191,0.0,0.0,1.0,1.4776606991803427,0.0727111884861622,4.729133559191523,5,0.26488985259775083,11,0.3684210526315789,0.6842105263157895,3,0.5168100940045833
omnimath-26,omnimath,unknown,9,4,0,11,0.4,6.0,0.9118138710589512,0.9118138710589512,0.7756502851949736,-1.1195112067935835,0.9699794728226199,-1.508975973555307,0.9699794728226199,1.508975973555307,-2.4789554463779266,0.0,0.9699794728226199,1.0,0.0,1.4776606991803427,0.0727111884861622,4.729133559191523,5,0.26488985259775083,11,0.3684210526315789,0.6842105263157895,3,0.5138264575492454
omnimath-26,omnimath,unknown,9,5,0,11,0.5,5.0,-0.5971621024963559,-0.5971621024963559,-0.7333256883603335,0.3894647667617236,-1.508975973555307,-0.1268755768627785,1.508975973555307,0.1268755768627785,1.3821003966925285,1.508975973555307,0.0,0.0,1.0,1.4776606991803427,0.0727111884861622,4.729133559191523,5,0.26488985259775083,11,0.3684210526315789,0.6842105263157895,3,0.48454498553559106
omnimath-26,omnimath,unknown,9,6,0,11,0.6,4.0,-0.7240376793591344,-0.7240376793591344,-0.860201265223112,0.5163403436245021,-0.1268755768627785,-0.1758906664636638,0.1268755768627785,0.1758906664636638,-0.0490150896008853,1.6358515504180855,0.0,0.0,1.0,1.4776606991803427,0.0727111884861622,4.729133559191523,5,0.26488985259775083,11,0.3684210526315789,0.6842105263157895,3,0.3293837261991597
omnimath-26,omnimath,unknown,9,7,0,11,0.7,3.0,-0.8999283458227982,-0.8999283458227982,-1.0360919316867758,0.6922310100881659,-0.1758906664636638,1.193142478095457,0.1758906664636638,1.193142478095457,1.3690331445591206,1.8117422168817494,0.0,0.0,1.0,1.4776606991803427,0.0727111884861622,4.729133559191523,5,0.26488985259775083,11,0.3684210526315789,0.6842105263157895,3,0.4439829496461678
omnimath-26,omnimath,unknown,9,8,0,11,0.8,2.0,0.29321413227265875,0.29321413227265875,0.15705054640868113,-0.5009114680072911,1.193142478095457,0.08567067701888553,1.193142478095457,0.08567067701888553,-1.1074718010765714,0.6185997387862925,1.193142478095457,0.0,0.0,1.4776606991803427,0.0727111884861622,4.729133559191523,5,0.26488985259775083,11,0.3684210526315789,0.6842105263157895,3,0.3190325971078888
omnimath-26,omnimath,unknown,9,9,1,11,0.9,1.0,0.3788848092915443,0.3788848092915443,0.24272122342756666,-0.5865821450261767,0.08567067701888553,-0.5865821450261767,0.08567067701888553,0.5865821450261767,-0.6722528220450622,0.532929061767407,1.2788131551143425,0.0,0.0,1.4776606991803427,0.0727111884861622,4.729133559191523,5,0.26488985259775083,11,0.3684210526315789,0.6842105263157895,3,0.23656449401137333
omnimath-26,omnimath,unknown,9,10,0,11,1.0,0.0,-0.20769733573463237,-0.20769733573463237,-0.34386092159861,0.0,-0.5865821450261767,0.0,0.5865821450261767,0.0,0.5865821450261767,1.1195112067935835,0.6922310100881659,0.0,0.0,1.4776606991803427,0.0727111884861622,4.729133559191523,5,0.26488985259775083,11,0.3684210526315789,0.6842105263157895,3,0.19141177494351436
omnimath-27,omnimath,unknown,3,0,0,7,0.0,6.0,-0.0893838675678719,-0.08938386756787188,0.0,-0.5631369183340011,0.0,0.6298186281498408,0.0,0.6298186281498408,0.6298186281498408,0.0,0.0,1.0,1.0,1.900234860649877,0.12905308952900166,4.363606639633756,3,0.12373952867301151,7,0.3157894736842105,0.5263157894736842,0,0.6041742681187159
omnimath-27,omnimath,unknown,3,1,0,7,0.16666666666666666,5.0,0.5404347605819689,0.5404347605819689,0.6298186281498408,-1.192955546483842,0.6298186281498408,0.6971180659894379,0.6298186281498408,0.6971180659894379,0.06729943783959713,0.0,0.6298186281498408,1.0,0.0,1.900234860649877,0.12905308952900166,4.363606639633756,3,0.12373952867301151,7,0.3157894736842105,0.5263157894736842,0,0.4525462136172817
omnimath-27,omnimath,unknown,3,2,0,7,0.3333333333333333,4.0,1.2375528265714069,1.2375528265714069,1.3269366941392788,-1.8900736124732798,0.6971180659894379,-2.0948680251192937,0.6971180659894379,2.0948680251192937,-2.7919860911087317,0.0,1.3269366941392788,1.0,0.0,1.900234860649877,0.12905308952900166,4.363606639633756,3,0.12373952867301151,7,0.3157894736842105,0.5263157894736842,0,0.5975165774340618
omnimath-27,omnimath,unknown,3,3,1,7,0.5,3.0,-0.8573151985478868,-0.8573151985478868,-0.767931330980015,0.20479441264601383,-2.0948680251192937,0.7679313309800148,2.0948680251192937,0.7679313309800148,2.8627993560993086,2.0948680251192937,0.0,0.0,1.0,1.900234860649877,0.12905308952900166,4.363606639633756,3,0.12373952867301151,7,0.3157894736842105,0.5263157894736842,0,0.6039080915906138
omnimath-27,omnimath,unknown,3,4,0,7,0.6666666666666666,2.0,-0.08938386756787206,-0.08938386756787205,-1.6653345369377348e-16,-0.5631369183340009,0.7679313309800148,0.0,0.7679313309800148,0.0,-0.7679313309800148,1.3269366941392788,0.7679313309800148,0.0,0.0,1.900234860649877,0.12905308952900166,4.363606639633756,3,0.12373952867301151,7,0.3157894736842105,0.5263157894736842,0,0.4224174719621954
omnimath-27,omnimath,unknown,3,5,0,7,0.8333333333333334,1.0,-0.08938386756787206,-0.08938386756787205,-1.6653345369377348e-16,-0.5631369183340009,0.0,-0.5631369183340009,0.0,0.5631369183340009,-0.5631369183340009,1.3269366941392788,0.7679313309800148,0.0,0.0,1.900234860649877,0.12905308952900166,4.363606639633756,3,0.12373952867301151,7,0.3157894736842105,0.5263157894736842,0,0.42700459802741253
omnimath-27,omnimath,unknown,3,6,0,7,1.0,0.0,-0.652520785901873,-0.652520785901873,-0.5631369183340011,0.0,-0.5631369183340009,0.0,0.5631369183340009,0.0,0.5631369183340009,1.8900736124732798,0.20479441264601383,0.0,0.0,1.900234860649877,0.12905308952900166,4.363606639633756,3,0.12373952867301151,7,0.3157894736842105,0.5263157894736842,0,0.2581872401383505
omnimath-28,omnimath,unknown,13,0,0,25,0.0,24.0,0.5838807888329205,0.5838807888329205,0.0,-0.7366322924996817,0.0,-0.736632292499684,0.0,0.736632292499684,-0.736632292499684,0.0,0.0,1.0,1.0,1.0363978236695384,0.1518355327533464,4.8515145245765705,10,0.37773411898729137,25,0.0,0.10526315789473684,2,0.2600730627310203
omnimath-28,omnimath,unknown,13,1,0,25,0.041666666666666664,23.0,-0.15275150366676354,-0.15275150366676354,-0.736632292499684,2.3869795029440866e-15,-0.736632292499684,-0.1823215567939544,0.736632292499684,0.1823215567939544,0.5543107357057295,0.736632292499684,0.0,0.0,1.0,1.0363978236695384,0.1518355327533464,4.8515145245765705,10,0.37773411898729137,25,0.0,0.10526315789473684,2,0.48216939729819397
omnimath-28,omnimath,unknown,13,2,0,25,0.08333333333333333,22.0,-0.33507306046071794,-0.33507306046071794,-0.9189538492936384,0.18232155679395678,-0.1823215567939544,-0.22314355131421004,0.1823215567939544,0.22314355131421004,-0.040821994520255644,0.9189538492936384,0.0,0.0,1.0,1.0363978236695384,0.1518355327533464,4.8515145245765705,10,0.37773411898729137,25,0.0,0.10526315789473684,2,0.47618632959604784
omnimath-28,omnimath,unknown,13,3,0,25,0.125,21.0,-0.558216611774928,-0.558216611774928,-1.1420974006078484,0.4054651081081668,-0.22314355131421004,0.7419373447293773,0.22314355131421004,0.7419373447293773,0.9650808960435874,1.1420974006078484,0.0,0.0,1.0,1.0363978236695384,0.1518355327533464,4.8515145245765705,10,0.37773411898729137,25,0.0,0.10526315789473684,2,0.5267187326485302
omnimath-28,omnimath,unknown,13,4,0,25,0.16666666666666666,20.0,0.18372073295444932,0.18372073295444932,-0.40016005587847114,-0.3364722366212105,0.7419373447293773,-0.06984357336726416,0.7419373447293773,0.06984357336726416,-0.8117809180966415,0.40016005587847114,0.7419373447293773,0.0,0.0,1.0363978236695384,0.1518355327533464,4.8515145245765705,10,0.37773411898729137,25,0.0,0.10526315789473684,2,0.43832257178365663
omnimath-28,omnimath,unknown,13,5,0,25,0.20833333333333334,19.0,0.11387715958718517,0.11387715958718517,-0.47000362924573535,-0.2666286632539463,-0.06984357336726416,-0.26662866325394874,0.06984357336726416,0.26662866325394874,-0.19678508988668458,0.47000362924573535,0.6720937713621131,0.0,0.0,1.0363978236695384,0.1518355327533464,4.8515145245765705,10,0.37773411898729137,25,0.0,0.10526315789473684,2,0.4082997197782883
omnimath-28,omnimath,unknown,13,6,0,25,0.25,18.0,-0.15275150366676354,-0.15275150366676354,-0.736632292499684,2.3869795029440866e-15,-0.26662866325394874,-1.3877787807814457e-16,0.26662866325394874,1.3877787807814457e-16,0.26662866325394863,0.736632292499684,0.40546510810816444,0.0,0.0,1.0363978236695384,0.1518355327533464,4.8515145245765705,10,0.37773411898729137,25,0.0,0.10526315789473684,2,0.3571630123517695
omnimath-28,omnimath,unknown,13,7,0,25,0.2916666666666667,17.0,-0.15275150366676368,-0.15275150366676368,-0.7366322924996842,2.525757381022231e-15,-1.3877787807814457e-16,0.1823215567939545,1.3877787807814457e-16,0.1823215567939545,0.18232155679395465,0.7366322924996842,0.4054651081081643,0.0,0.0,1.0363978236695384,0.1518355327533464,4.8515145245765705,10,0.37773411898729137,25,0.0,0.10526315789473684,2,0.3240007787375171
omnimath-28,omnimath,unknown,13,8,0,25,0.3333333333333333,16.0,0.029570053127190833,0.02957005312719083,-0.5543107357057296,-0.18232155679395198,0.1823215567939545,-0.07696104113612823,0.1823215567939545,0.07696104113612823,-0.25928259793008274,0.5543107357057296,0.5877866649021188,0.0,0.0,1.0363978236695384,0.1518355327533464,4.8515145245765705,10,0.37773411898729137,25,0.0,0.10526315789473684,2,0.27610857602193495
omnimath-28,omnimath,unknown,13,9,0,25,0.375,15.0,-0.047390988008937394,-0.0473909880089374,-0.6312717768418579,-0.10536051565782376,-0.07696104113612823,0.39204208777602384,0.07696104113612823,0.39204208777602384,0.46900312891215207,0.6312717768418579,0.5108256237659906,0.0,0.0,1.0363978236695384,0.1518355327533464,4.8515145245765705,10,0.37773411898729137,25,0.0,0.10526315789473684,2,0.26213126786998514
omnimath-28,omnimath,unknown,13,10,0,25,0.4166666666666667,14.0,0.34465109976708647,0.34465109976708647,-0.23922968906583403,-0.4974026034338476,0.39204208777602384,-0.39204208777602384,0.39204208777602384,0.39204208777602384,-0.7840841755520477,0.23922968906583403,0.9028677115420145,0.0,0.0,1.0363978236695384,0.1518355327533464,4.8515145245765705,10,0.37773411898729137,25,0.0,0.10526315789473684,2,0.23366919602373515
omnimath-28,omnimath,unknown,13,11,0,25,0.4583333333333333,13.0,-0.047390988008937394,-0.0473909880089374,-0.6312717768418579,-0.10536051565782376,-0.39204208777602384,0.07696104113612856,0.39204208777602384,0.07696104113612856,0.4690031289121524,0.6312717768418579,0.5108256237659906,0.0,0.0,1.0363978236695384,0.1518355327533464,4.8515145245765705,10,0.37773411898729137,25,0.0,0.10526315789473684,2,0.19072861140568034
omnimath-28,omnimath,unknown,13,12,0,25,0.5,12.0,0.029570053127191166,0.029570053127191163,-0.5543107357057293,-0.18232155679395232,0.07696104113612856,-0.1823215567939547,0.07696104113612856,0.1823215567939547,-0.25928259793008324,0.5543107357057293,0.5877866649021192,0.0,0.0,1.0363978236695384,0.1518355327533464,4.8515145245765705,10,0.37773411898729137,25,0.0,0.10526315789473684,2,0.1678581744151659
omnimath-28,omnimath,unknown,13,13,1,25,0.5416666666666666,11.0,-0.15275150366676354,-0.15275150366676354,-0.736632292499684,2.3869795029440866e-15,-0.1823215567939547,0.2666286632539485,0.1823215567939547,0.2666286632539485,0.4489502200479032,0.736632292499684,0.40546510810816444,0.0,0.0,1.0363978236695384,0.1518355327533464,4.8515145245765705,10,0.37773411898729137,25,0.0,0.10526315789473684,2,0.15275569614202822
omnimath-28,omnimath,unknown,13,14,0,25,0.5833333333333334,10.0,0.11387715958718497,0.11387715958718497,-0.4700036292457355,-0.26662866325394613,0.2666286632539485,0.09669082340345247,0.2666286632539485,0.09669082340345247,-0.16993783985049604,0.4700036292457355,0.6720937713621129,0.0,0.0,1.0363978236695384,0.1518355327533464,4.8515145245765705,10,0.37773411898729137,25,0.0,0.10526315789473684,2,0.11551134484231249
omnimath-28,omnimath,unknown,13,15,0,25,0.625,9.0,0.21056798299063745,0.21056798299063745,-0.37331280584228305,-0.3633194866573986,0.09669082340345247,-0.18896609951262325,0.09669082340345247,0.18896609951262325,-0.2856569229160757,0.37331280584228305,0.7687845947655654,0.0,0.0,1.0363978236695384,0.1518355327533464,4.8515145245765705,10,0.37773411898729137,25,0.0,0.10526315789473684,2,0.10138984218152627
omnimath-28,omnimath,unknown,13,16,0,25,0.6666666666666666,8.0,0.021601883478014207,0.021601883478014203,-0.5622789053549063,-0.17435338714477536,-0.18896609951262325,-0.040821994520254985,0.18896609951262325,0.040821994520254985,0.14814410499236827,0.5622789053549063,0.5798184952529422,0.0,0.0,1.0363978236695384,0.1518355327533464,4.8515145245765705,10,0.37773411898729137,25,0.0,0.10526315789473684,2,0.08576002981564942
omnimath-28,omnimath,unknown,13,17,0,25,0.7083333333333334,7.0,-0.01922011104224078,-0.019220111042240782,-0.6031008998751612,-0.13353139262452038,-0.040821994520254985,-0.2876820724517809,0.040821994520254985,0.2876820724517809,-0.24686007793152592,0.6031008998751612,0.5389965007326872,0.0,0.0,1.0363978236695384,0.1518355327533464,4.8515145245765705,10,0.37773411898729137,25,0.0,0.10526315789473684,2,0.08465988872325937
omnimath-28,omnimath,unknown,13,18,0,25,0.75,6.0,-0.3069021834940217,-0.3069021834940217,-0.8907829723269423,0.15415067982726055,-0.2876820724517809,0.28768207245178057,0.2876820724517809,0.28768207245178057,0.5753641449035615,0.8907829723269423,0.2513144282809063,0.0,0.0,1.0363978236695384,0.1518355327533464,4.8515145245765705,10,0.37773411898729137,25,0.0,0.10526315789473684,2,0.07639575008373573
omnimath-28,omnimath,unknown,13,19,0,25,0.7916666666666666,5.0,-0.019220111042241125,-0.01922011104224113,-0.6031008998751616,-0.13353139262452002,0.28768207245178057,0.3541718137206139,0.28768207245178057,0.3541718137206139,0.06648974126883334,0.6031008998751616,0.5389965007326869,0.0,0.0,1.0363978236695384,0.1518355327533464,4.8515145245765705,10,0.37773411898729137,25,0.0,0.10526315789473684,2,0.0600375954666092
omnimath-28,omnimath,unknown,13,20,0,25,0.8333333333333334,4.0,0.33495170267837276,0.33495170267837276,-0.24892908615454773,-0.4877032063451339,0.3541718137206139,-0.4877032063451364,0.3541718137206139,0.4877032063451364,-0.8418750200657503,0.24892908615454773,0.8931683144533007,0.0,0.0,1.0363978236695384,0.1518355327533464,4.8515145245765705,10,0.37773411898729137,25,0.0,0.10526315789473684,2,0.054567130364583785
omnimath-28,omnimath,unknown,13,21,0,25,0.875,3.0,-0.15275150366676368,-0.15275150366676368,-0.7366322924996842,2.525757381022231e-15,-0.4877032063451364,0.10536051565782628,0.4877032063451364,0.10536051565782628,0.5930637220029626,0.7366322924996842,0.4054651081081643,0.0,0.0,1.0363978236695384,0.1518355327533464,4.8515145245765705,10,0.37773411898729137,25,0.0,0.10526315789473684,2,0.042881757556228944
omnimath-28,omnimath,unknown,13,22,0,25,0.9166666666666666,2.0,-0.047390988008937394,-0.0473909880089374,-0.6312717768418579,-0.10536051565782376,0.10536051565782628,0.3784364357202455,0.10536051565782628,0.3784364357202455,0.2730759200624192,0.6312717768418579,0.5108256237659906,0.0,0.0,1.0363978236695384,0.1518355327533464,4.8515145245765705,10,0.37773411898729137,25,0.0,0.10526315789473684,2,0.036317578996011776
omnimath-28,omnimath,unknown,13,23,0,25,0.9583333333333334,1.0,0.3310454477113081,0.3310454477113081,-0.2528353411216124,-0.4837969513780693,0.3784364357202455,-0.4837969513780693,0.3784364357202455,0.4837969513780693,-0.8622333870983148,0.2528353411216124,0.8892620594862362,0.0,0.0,1.0363978236695384,0.1518355327533464,4.8515145245765705,10,0.37773411898729137,25,0.0,0.10526315789473684,2,0.03333592098543357
omnimath-28,omnimath,unknown,13,24,0,25,1.0,0.0,-0.15275150366676116,-0.15275150366676116,-0.7366322924996817,0.0,-0.4837969513780693,0.0,0.4837969513780693,0.0,0.4837969513780693,0.7366322924996817,0.4054651081081668,0.0,0.0,1.0363978236695384,0.1518355327533464,4.8515145245765705,10,0.37773411898729137,25,0.0,0.10526315789473684,2,0.025044877366742293
omnimath-29,omnimath,unknown,2,0,0,7,0.0,6.0,0.3270945469001223,0.32709454690012224,0.0,0.4944772276133045,0.0,0.8622115090616811,0.0,0.8622115090616811,0.8622115090616811,0.0,0.0,1.0,1.0,1.9785940014412158,0.11107691212401427,4.451665230495736,2,0.09428526709520026,7,0.15789473684210525,0.5263157894736842,1,0.4841614971914598
omnimath-29,omnimath,unknown,2,1,0,7,0.16666666666666666,5.0,1.1893060559618034,1.1893060559618034,0.8622115090616811,-0.3677342814483766,0.8622115090616811,-1.3888915798470745,0.8622115090616811,1.3888915798470745,-2.2511030889087555,0.0,0.8622115090616811,1.0,0.0,1.9785940014412158,0.11107691212401427,4.451665230495736,2,0.09428526709520026,7,0.15789473684210525,0.5263157894736842,1,0.5453479329865899
omnimath-29,omnimath,unknown,2,2,1,7,0.3333333333333333,4.0,-0.19958552388527112,-0.19958552388527118,-0.5266800707853934,1.0211572983986978,-1.3888915798470745,-0.6674179345941267,1.3888915798470745,0.6674179345941267,0.7214736452529478,1.3888915798470745,0.0,0.0,1.0,1.9785940014412158,0.11107691212401427,4.451665230495736,2,0.09428526709520026,7,0.15789473684210525,0.5263157894736842,1,0.680923089780994
omnimath-29,omnimath,unknown,2,3,0,7,0.5,3.0,-0.8670034584793977,-0.8670034584793977,-1.19409800537952,1.6885752329928245,-0.6674179345941267,0.20479441264601328,0.6674179345941267,0.20479441264601328,0.87221234724014,2.0563095144412014,0.0,0.0,1.0,1.9785940014412158,0.11107691212401427,4.451665230495736,2,0.09428526709520026,7,0.15789473684210525,0.5263157894736842,1,0.6298804677272387
omnimath-29,omnimath,unknown,2,4,0,7,0.6666666666666666,2.0,-0.6622090458333845,-0.6622090458333845,-0.9893035927335068,1.4837808203468112,0.20479441264601328,0.05303469665608562,0.20479441264601328,0.05303469665608562,-0.15175971598992766,1.8515151017951879,0.20479441264601328,0.0,0.0,1.9785940014412158,0.11107691212401427,4.451665230495736,2,0.09428526709520026,7,0.15789473684210525,0.5263157894736842,1,0.46845086134291275
omnimath-29,omnimath,unknown,2,5,0,7,0.8333333333333334,1.0,-0.6091743491772988,-0.6091743491772988,-0.9362688960774211,1.4307461236907257,0.05303469665608562,1.4307461236907257,0.05303469665608562,1.4307461236907257,1.3777114270346402,1.7984804051391023,0.2578291093020989,0.0,0.0,1.9785940014412158,0.11107691212401427,4.451665230495736,2,0.09428526709520026,7,0.15789473684210525,0.5263157894736842,1,0.4143308938986287
omnimath-29,omnimath,unknown,2,6,0,7,1.0,0.0,0.8215717745134268,0.8215717745134268,0.4944772276133045,0.0,1.4307461236907257,0.0,1.4307461236907257,0.0,-1.4307461236907257,0.3677342814483766,1.6885752329928245,0.0,0.0,1.9785940014412158,0.11107691212401427,4.451665230495736,2,0.09428526709520026,7,0.15789473684210525,0.5263157894736842,1,0.18545120707083815
omnimath-30,omnimath,unknown,5,0,0,8,0.0,7.0,0.7090986763152107,0.7090986763152107,0.0,-0.8328610116753177,0.0,-0.3984141810023327,0.0,0.3984141810023327,-0.3984141810023327,0.0,0.0,1.0,1.0,1.656604245833364,0.2008796550573908,4.146069503342045,2,0.07087852030999814,8,0.8421052631578947,0.42105263157894735,3,0.3121914876139419
omnimath-30,omnimath,unknown,5,1,0,8,0.14285714285714285,6.0,0.310684495312878,0.310684495312878,-0.3984141810023327,-0.43444683067298495,-0.3984141810023327,-0.6311571249190391,0.3984141810023327,0.6311571249190391,-0.23274294391670636,0.3984141810023327,0.0,0.0,1.0,1.656604245833364,0.2008796550573908,4.146069503342045,2,0.07087852030999814,8,0.8421052631578947,0.42105263157894735,3,0.5738919290178812
omnimath-30,omnimath,unknown,5,2,0,8,0.2857142857142857,5.0,-0.32047262960616113,-0.32047262960616113,-1.0295713059213718,0.19671029424605418,-0.6311571249190391,-0.5705448584676132,0.6311571249190391,0.5705448584676132,0.06061226645142592,1.0295713059213718,0.0,0.0,1.0,1.656604245833364,0.2008796550573908,4.146069503342045,2,0.07087852030999814,8,0.8421052631578947,0.42105263157894735,3,0.6418360922996414
omnimath-30,omnimath,unknown,5,3,0,8,0.42857142857142855,4.0,-0.8910174880737742,-0.8910174880737742,-1.600116164388985,0.7672551527136673,-0.5705448584676132,0.24512245803298494,0.5705448584676132,0.24512245803298494,0.8156673165005981,1.600116164388985,0.0,0.0,1.0,1.656604245833364,0.2008796550573908,4.146069503342045,2,0.07087852030999814,8,0.8421052631578947,0.42105263157894735,3,0.6034751399918324
omnimath-30,omnimath,unknown,5,4,0,8,0.5714285714285714,3.0,-0.6458950300407893,-0.6458950300407893,-1.354993706356,0.5221326946806824,0.24512245803298494,0.72766169929391,0.24512245803298494,0.72766169929391,0.48253924126092507,1.354993706356,0.24512245803298494,0.0,0.0,1.656604245833364,0.2008796550573908,4.146069503342045,2,0.07087852030999814,8,0.8421052631578947,0.42105263157894735,3,0.6671065733351601
omnimath-30,omnimath,unknown,5,5,1,8,0.7142857142857143,2.0,0.08176666925312065,0.08176666925312065,-0.62733200706209,-0.2055290046132276,0.72766169929391,0.7978309729465014,0.72766169929391,0.7978309729465014,0.0701692736525914,0.62733200706209,0.9727841573268949,0.0,0.0,1.656604245833364,0.2008796550573908,4.146069503342045,2,0.07087852030999814,8,0.8421052631578947,0.42105263157894735,3,0.5428721190500009
omnimath-30,omnimath,unknown,5,6,0,8,0.8571428571428571,1.0,0.8795976421996221,0.8795976421996221,0.17049896588441138,-1.003359977559729,0.7978309729465014,-1.003359977559729,0.7978309729465014,1.003359977559729,-1.8011909505062305,0.0,1.7706151302733963,1.0,0.0,1.656604245833364,0.2008796550573908,4.146069503342045,2,0.07087852030999814,8,0.8421052631578947,0.42105263157894735,3,0.2622885612582793
omnimath-30,omnimath,unknown,5,7,0,8,1.0,0.0,-0.12376233536010695,-0.12376233536010695,-0.8328610116753177,0.0,-1.003359977559729,0.0,1.003359977559729,0.0,1.003359977559729,1.003359977559729,0.7672551527136673,0.0,0.0,1.656604245833364,0.2008796550573908,4.146069503342045,2,0.07087852030999814,8,0.8421052631578947,0.42105263157894735,3,0.2769133426860264
omnimath-31,omnimath,unknown,1,0,0,5,0.0,4.0,1.1171998877999636,1.1171998877999636,0.0,-1.3862943611198908,0.0,0.0,0.0,0.0,0.0,0.0,0.0,1.0,1.0,2.2812448241462473,0.4364638303943668,3.1761952871726042,1,0.055093926335040046,5,0.0,0.7368421052631579,0,0.30025888715805665
omnimath-31,omnimath,unknown,1,1,1,5,0.25,3.0,1.1171998877999636,1.1171998877999636,0.0,-1.3862943611198908,0.0,-1.8971199848858815,0.0,1.8971199848858815,-1.8971199848858815,0.0,0.0,1.0,1.0,2.2812448241462473,0.4364638303943668,3.1761952871726042,1,0.055093926335040046,5,0.0,0.7368421052631579,0,0.47980242236134807
omnimath-31,omnimath,unknown,1,2,0,5,0.5,2.0,-0.7799200970859179,-0.7799200970859179,-1.8971199848858815,0.5108256237659908,-1.8971199848858815,-0.40546510810816416,1.8971199848858815,0.40546510810816416,1.4916548767777174,1.8971199848858815,0.0,0.0,1.0,2.2812448241462473,0.4364638303943668,3.1761952871726042,1,0.055093926335040046,5,0.0,0.7368421052631579,0,0.7819572572166908
omnimath-31,omnimath,unknown,1,3,0,5,0.75,1.0,-1.185385205194082,-1.185385205194082,-2.302585092994046,0.916290731874155,-0.40546510810816416,0.916290731874155,0.40546510810816416,0.916290731874155,1.3217558399823193,2.302585092994046,0.0,0.0,1.0,2.2812448241462473,0.4364638303943668,3.1761952871726042,1,0.055093926335040046,5,0.0,0.7368421052631579,0,0.7190563218482551
omnimath-31,omnimath,unknown,1,4,0,5,1.0,0.0,-0.2690944733199271,-0.2690944733199271,-1.3862943611198908,0.0,0.916290731874155,0.0,0.916290731874155,0.0,-0.916290731874155,1.3862943611198908,0.916290731874155,0.0,0.0,2.2812448241462473,0.4364638303943668,3.1761952871726042,1,0.055093926335040046,5,0.0,0.7368421052631579,0,0.5209160726220846
omnimath-32,omnimath,unknown,3,0,0,7,0.0,6.0,0.9917747841339306,0.9917747841339306,0.0,-1.349926716949016,0.0,-1.85377619221908,0.0,1.85377619221908,-1.85377619221908,0.0,0.0,1.0,1.0,1.8272577987838132,0.2382075919056845,5.667018024696306,3,0.1480162926748561,7,0.0,0.8421052631578947,1,0.5573877116936117
omnimath-32,omnimath,unknown,3,1,0,7,0.16666666666666666,5.0,-0.8620014080851496,-0.8620014080851496,-1.85377619221908,0.5038494752700643,-1.85377619221908,1.965582412682147,1.85377619221908,1.965582412682147,3.819358604901227,1.85377619221908,0.0,0.0,1.0,1.8272577987838132,0.2382075919056845,5.667018024696306,3,0.1480162926748561,7,0.0,0.8421052631578947,1,0.8815015072479501
omnimath-32,omnimath,unknown,3,2,0,7,0.3333333333333333,4.0,1.1035810045969976,1.1035810045969976,0.11180622046306699,-1.4617329374120829,1.965582412682147,-0.8873031950009027,1.965582412682147,0.8873031950009027,-2.8528856076830498,0.0,1.965582412682147,1.0,0.0,1.8272577987838132,0.2382075919056845,5.667018024696306,3,0.1480162926748561,7,0.0,0.8421052631578947,1,0.6024670053560984
omnimath-32,omnimath,unknown,3,3,1,7,0.5,3.0,0.21627780959609486,0.21627780959609483,-0.7754969745378357,-0.5744297424111802,-0.8873031950009027,-0.44575665893773386,0.8873031950009027,0.44575665893773386,0.44154653606316885,0.8873031950009027,1.0782792176812444,0.0,0.0,1.8272577987838132,0.2382075919056845,5.667018024696306,3,0.1480162926748561,7,0.0,0.8421052631578947,1,0.5792744934817787
omnimath-32,omnimath,unknown,3,4,0,7,0.6666666666666666,2.0,-0.22947884934163898,-0.229478849341639,-1.2212536334755697,-0.1286730834734463,-0.44575665893773386,-0.6325225587435102,0.44575665893773386,0.6325225587435102,-0.1867658998057763,1.3330598539386367,0.6325225587435106,0.0,0.0,1.8272577987838132,0.2382075919056845,5.667018024696306,3,0.1480162926748561,7,0.0,0.8421052631578947,1,0.5092855150072395
omnimath-32,omnimath,unknown,3,5,0,7,0.8333333333333334,1.0,-0.8620014080851491,-0.8620014080851491,-1.8537761922190796,0.5038494752700639,-0.6325225587435102,0.5038494752700639,0.6325225587435102,0.5038494752700639,1.136372034013574,1.9655824126821466,4.440892098500626e-16,0.0,1.0,1.8272577987838132,0.2382075919056845,5.667018024696306,3,0.1480162926748561,7,0.0,0.8421052631578947,1,0.3469802058015215
omnimath-32,omnimath,unknown,3,6,0,7,1.0,0.0,-0.3581519328150853,-0.3581519328150853,-1.349926716949016,0.0,0.5038494752700639,0.0,0.5038494752700639,0.0,-0.5038494752700639,1.4617329374120829,0.5038494752700643,0.0,0.0,1.8272577987838132,0.2382075919056845,5.667018024696306,3,0.1480162926748561,7,0.0,0.8421052631578947,1,0.19411205841111573
omnimath-33,omnimath,unknown,4,0,0,6,0.0,5.0,-0.6093957857694104,-0.6093957857694104,0.0,1.062218625867895,0.0,1.151875015824672,0.0,1.151875015824672,1.151875015824672,0.0,0.0,1.0,1.0,1.5566491845836758,0.25439212129441435,4.175516995035246,2,0.08129521883021257,6,0.21052631578947367,0.7894736842105263,1,0.7889084261047227
omnimath-33,omnimath,unknown,4,1,0,6,0.2,4.0,0.5424792300552616,0.5424792300552616,1.151875015824672,-0.08965638995677705,1.151875015824672,-0.13625880238431265,1.151875015824672,0.13625880238431265,-1.2881338182089848,0.0,1.151875015824672,1.0,0.0,1.5566491845836758,0.25439212129441435,4.175516995035246,2,0.08129521883021257,6,0.21052631578947367,0.7894736842105263,1,0.6022925256363441
omnimath-33,omnimath,unknown,4,2,0,6,0.4,3.0,0.4062204276709489,0.4062204276709489,1.0156162134403592,0.0466024124275356,-0.13625880238431265,-0.10344353817512131,0.13625880238431265,0.10344353817512131,0.03281526420919134,0.13625880238431265,1.0156162134403592,0.0,0.0,1.5566491845836758,0.25439212129441435,4.175516995035246,2,0.08129521883021257,6,0.21052631578947367,0.7894736842105263,1,0.5978955347622043
omnimath-33,omnimath,unknown,4,3,0,6,0.6,2.0,0.3027768894958276,0.3027768894958276,0.912172675265238,0.1500459506026569,-0.10344353817512131,-1.3976804910469396,0.10344353817512131,1.3976804910469396,-1.2942369528718183,0.23970234055943396,0.912172675265238,0.0,0.0,1.5566491845836758,0.25439212129441435,4.175516995035246,2,0.08129521883021257,6,0.21052631578947367,0.7894736842105263,1,0.6841105001838345
omnimath-33,omnimath,unknown,4,4,1,6,0.8,1.0,-1.094903601551112,-1.094903601551112,-0.48550781578170155,1.5477264416495964,-1.3976804910469396,1.5477264416495964,1.3976804910469396,1.5477264416495964,2.945406932696536,1.6373828316063737,0.0,0.0,1.0,1.5566491845836758,0.25439212129441435,4.175516995035246,2,0.08129521883021257,6,0.21052631578947367,0.7894736842105263,1,0.6115237329296042
omnimath-33,omnimath,unknown,4,5,0,6,1.0,0.0,0.4528228400984845,0.4528228400984845,1.062218625867895,0.0,1.5477264416495964,0.0,1.5477264416495964,0.0,-1.5477264416495964,0.08965638995677705,1.5477264416495964,0.0,0.0,1.5566491845836758,0.25439212129441435,4.175516995035246,2,0.08129521883021257,6,0.21052631578947367,0.7894736842105263,1,0.2876670341628193
omnimath-34,omnimath,unknown,0,0,1,9,0.0,8.0,0.4582621909263776,0.4582621909263776,0.0,0.024300905469991474,0.0,-0.7395919954043197,0.0,0.7395919954043197,-0.7395919954043197,0.0,0.0,1.0,1.0,1.5179550778852788,0.004807296965819873,5.055004016346849,4,0.20609893049488803,9,0.8947368421052632,0.2631578947368421,3,0.3611431973455281
omnimath-34,omnimath,unknown,0,1,0,9,0.125,7.0,-0.28132980447794215,-0.28132980447794215,-0.7395919954043197,0.7638929008743112,-0.7395919954043197,-0.5389965007326869,0.7395919954043197,0.5389965007326869,0.20059549467163285,0.7395919954043197,0.0,0.0,1.0,1.5179550778852788,0.004807296965819873,5.055004016346849,4,0.20609893049488803,9,0.8947368421052632,0.2631578947368421,3,0.6611375214663616
omnimath-34,omnimath,unknown,0,2,0,9,0.25,6.0,-0.8203263052106291,-0.8203263052106291,-1.2785884961370066,1.3028894016069983,-0.5389965007326869,1.3671055804690218,0.5389965007326869,1.3671055804690218,1.9061020812017087,1.2785884961370066,0.0,0.0,1.0,1.5179550778852788,0.004807296965819873,5.055004016346849,4,0.20609893049488803,9,0.8947368421052632,0.2631578947368421,3,0.7631649722280389
omnimath-34,omnimath,unknown,0,3,0,9,0.375,5.0,0.5467792752583926,0.5467792752583926,0.08851708433201505,-0.06421617886202358,1.3671055804690218,-1.1334907292875167,1.3671055804690218,1.1334907292875167,-2.5005963097565385,0.0,1.3671055804690218,1.0,0.0,1.5179550778852788,0.004807296965819873,5.055004016346849,4,0.20609893049488803,9,0.8947368421052632,0.2631578947368421,3,0.6151308721053033
omnimath-34,omnimath,unknown,0,4,0,9,0.5,4.0,-0.5867114540291242,-0.5867114540291242,-1.0449736449555018,1.0692745504254932,-1.1334907292875167,0.1892419996385285,1.1334907292875167,0.1892419996385285,1.322732728926045,1.1334907292875167,0.23361485118150493,0.0,0.0,1.5179550778852788,0.004807296965819873,5.055004016346849,4,0.20609893049488803,9,0.8947368421052632,0.2631578947368421,3,0.610170611672967
omnimath-34,omnimath,unknown,0,5,0,9,0.625,3.0,-0.39746945439059567,-0.39746945439059567,-0.8557316453169732,0.8800325507869647,0.1892419996385285,0.08686012538229321,0.1892419996385285,0.08686012538229321,-0.1023818742562353,0.9442487296489883,0.42285685082003344,0.0,0.0,1.5179550778852788,0.004807296965819873,5.055004016346849,4,0.20609893049488803,9,0.8947368421052632,0.2631578947368421,3,0.39885550451313356
omnimath-34,omnimath,unknown,0,6,0,9,0.75,2.0,-0.31060932900830246,-0.31060932900830246,-0.7688715199346801,0.7931724254046715,0.08686012538229321,1.219451113543757,0.08686012538229321,1.219451113543757,1.1325909881614638,0.8573886042666952,0.5097169762023266,0.0,0.0,1.5179550778852788,0.004807296965819873,5.055004016346849,4,0.20609893049488803,9,0.8947368421052632,0.2631578947368421,3,0.4597168097199753
omnimath-34,omnimath,unknown,0,7,0,9,0.875,1.0,0.9088417845354544,0.9088417845354544,0.4505795936090768,-0.4262786881390853,1.219451113543757,-0.4262786881390853,1.219451113543757,0.4262786881390853,-1.645729801682842,0.0,1.7291680897460835,1.0,0.0,1.5179550778852788,0.004807296965819873,5.055004016346849,4,0.20609893049488803,9,0.8947368421052632,0.2631578947368421,3,0.13649496494142194
omnimath-34,omnimath,unknown,0,8,0,9,1.0,0.0,0.4825630963963691,0.4825630963963691,0.024300905469991474,0.0,-0.4262786881390853,0.0,0.4262786881390853,0.0,0.4262786881390853,0.4262786881390853,1.3028894016069983,0.0,0.0,1.5179550778852788,0.004807296965819873,5.055004016346849,4,0.20609893049488803,9,0.8947368421052632,0.2631578947368421,3,0.1208031575799775
omnimath-35,omnimath,unknown,2,0,0,7,0.0,6.0,-0.4481750339355054,-0.44817503393550534,0.0,0.6564989134042067,0.0,-0.25782910930209957,0.0,0.25782910930209957,-0.25782910930209957,0.0,0.0,1.0,1.0,1.7265105324606729,0.23475548478958055,2.7965221515171392,2,0.04177607601417184,7,0.8421052631578947,0.15789473684210525,1,0.7324774844474563
omnimath-35,omnimath,unknown,2,1,0,7,0.16666666666666666,5.0,-0.706004143237605,-0.7060041432376049,-0.25782910930209957,0.9143280227063064,-0.25782910930209957,0.2578291093020997,0.25782910930209957,0.2578291093020997,0.5156582186041992,0.25782910930209957,0.0,0.0,1.0,1.7265105324606729,0.23475548478958055,2.7965221515171392,2,0.04177607601417184,7,0.8421052631578947,0.15789473684210525,1,0.8160426570037447
omnimath-35,omnimath,unknown,2,2,1,7,0.3333333333333333,4.0,-0.4481750339355053,-0.44817503393550523,1.1102230246251565e-16,0.6564989134042067,0.2578291093020997,0.30819221913599104,0.2578291093020997,0.30819221913599104,0.05036310983389136,0.0,0.2578291093020997,1.0,0.0,1.7265105324606729,0.23475548478958055,2.7965221515171392,2,0.04177607601417184,7,0.8421052631578947,0.15789473684210525,1,0.5201621688415017
omnimath-35,omnimath,unknown,2,3,0,7,0.5,3.0,-0.13998281479951427,-0.1399828147995142,0.30819221913599115,0.3483066942682157,0.30819221913599104,0.5940444820682929,0.30819221913599104,0.5940444820682929,0.2858522629323018,0.0,0.5660213284380907,1.0,0.0,1.7265105324606729,0.23475548478958055,2.7965221515171392,2,0.04177607601417184,7,0.8421052631578947,0.15789473684210525,1,0.3894198701852532
omnimath-35,omnimath,unknown,2,4,0,7,0.6666666666666666,2.0,0.4540616672687786,0.45406166726877867,0.902236701204284,-0.2457377878000772,0.5940444820682929,0.6258898119018711,0.5940444820682929,0.6258898119018711,0.03184532983357824,0.0,1.1600658105063837,1.0,0.0,1.7265105324606729,0.23475548478958055,2.7965221515171392,2,0.04177607601417184,7,0.8421052631578947,0.15789473684210525,1,0.2553630128235769
omnimath-35,omnimath,unknown,2,5,0,7,0.8333333333333334,1.0,1.0799514791706497,1.0799514791706497,1.5281265131061552,-0.8716275997019483,0.6258898119018711,-0.8716275997019483,0.6258898119018711,0.8716275997019483,-1.4975174116038192,0.0,1.7859556224082547,1.0,0.0,1.7265105324606729,0.23475548478958055,2.7965221515171392,2,0.04177607601417184,7,0.8421052631578947,0.15789473684210525,1,0.22119313053106035
omnimath-35,omnimath,unknown,2,6,0,7,1.0,0.0,0.2083238794687014,0.20832387946870148,0.6564989134042067,0.0,-0.8716275997019483,0.0,0.8716275997019483,0.0,0.8716275997019483,0.8716275997019483,0.9143280227063064,0.0,0.0,1.7265105324606729,0.23475548478958055,2.7965221515171392,2,0.04177607601417184,7,0.8421052631578947,0.15789473684210525,1,0.19324011833403232
omnimath-36,omnimath,unknown,4,0,0,11,0.0,10.0,0.8232224046387708,0.8232224046387708,0.0,-1.3583992863474696,0.0,-0.8728914705657688,0.0,0.8728914705657688,-0.8728914705657688,0.0,0.0,1.0,1.0,1.489980804169376,0.2697473389800088,5.035820896265234,6,0.2872422434819989,11,0.0,0.5789473684210527,1,0.3890988340570779
omnimath-36,omnimath,unknown,4,1,0,11,0.1,9.0,-0.04966906592699789,-0.0496690659269979,-0.8728914705657688,-0.48550781578170094,-0.8728914705657688,0.5198611803235318,0.8728914705657688,0.5198611803235318,1.3927526508893004,0.8728914705657688,0.0,0.0,1.0,1.489980804169376,0.2697473389800088,5.035820896265234,6,0.2872422434819989,11,0.0,0.5789473684210527,1,0.6511931672139922
omnimath-36,omnimath,unknown,4,2,0,11,0.2,8.0,0.4701921143965339,0.4701921143965339,-0.3530302902422369,-1.0053689961052328,0.5198611803235318,-0.8294783296415685,0.5198611803235318,0.8294783296415685,-1.3493395099651004,0.3530302902422369,0.5198611803235318,0.0,0.0,1.489980804169376,0.2697473389800088,5.035820896265234,6,0.2872422434819989,11,0.0,0.5789473684210527,1,0.656483073717947
omnimath-36,omnimath,unknown,4,3,0,11,0.3,7.0,-0.3592862152450346,-0.3592862152450346,-1.1825086198838055,-0.1758906664636642,-0.8294783296415685,0.5945481883979277,0.8294783296415685,0.5945481883979277,1.4240265180394962,1.1825086198838055,0.0,0.0,1.0,1.489980804169376,0.2697473389800088,5.035820896265234,6,0.2872422434819989,11,0.0,0.5789473684210527,1,0.5826778424007599
omnimath-36,omnimath,unknown,4,4,1,11,0.4,6.0,0.23526197315289304,0.23526197315289304,-0.5879604314858777,-0.7704388548615919,0.5945481883979277,-0.5945481883979278,0.5945481883979277,0.5945481883979278,-1.1890963767958556,0.5879604314858777,0.5945481883979277,0.0,0.0,1.489980804169376,0.2697473389800088,5.035820896265234,6,0.2872422434819989,11,0.0,0.5789473684210527,1,0.5374156829326686
omnimath-36,omnimath,unknown,4,5,0,11,0.5,5.0,-0.3592862152450348,-0.3592862152450348,-1.1825086198838055,-0.17589066646366402,-0.5945481883979278,-0.3894647667617229,0.5945481883979278,0.3894647667617229,0.20508342163620485,1.1825086198838055,0.0,0.0,1.0,1.489980804169376,0.2697473389800088,5.035820896265234,6,0.2872422434819989,11,0.0,0.5789473684210527,1,0.4425665296658849
omnimath-36,omnimath,unknown,4,6,0,11,0.6,4.0,-0.7487509820067577,-0.7487509820067577,-1.5719733866455285,0.2135741002980589,-0.3894647667617229,1.341423050411616,0.3894647667617229,1.341423050411616,1.7308878171733388,1.5719733866455285,0.0,0.0,1.0,1.489980804169376,0.2697473389800088,5.035820896265234,6,0.2872422434819989,11,0.0,0.5789473684210527,1,0.4887155409669657
omnimath-36,omnimath,unknown,4,7,0,11,0.7,3.0,0.5926720684048583,0.5926720684048583,-0.23055033623391252,-1.1278489501135571,1.341423050411616,-0.5466852062672346,1.341423050411616,0.5466852062672346,-1.8881082566788505,0.23055033623391252,1.341423050411616,0.0,0.0,1.489980804169376,0.2697473389800088,5.035820896265234,6,0.2872422434819989,11,0.0,0.5789473684210527,1,0.3680239083677399
omnimath-36,omnimath,unknown,4,8,0,11,0.8,2.0,0.04598686213762372,0.045986862137623714,-0.7772355425011471,-0.5811637438463225,-0.5466852062672346,-0.1611529247357796,0.5466852062672346,0.1611529247357796,0.385532281531455,0.7772355425011471,0.7947378441443814,0.0,0.0,1.489980804169376,0.2697473389800088,5.035820896265234,6,0.2872422434819989,11,0.0,0.5789473684210527,1,0.2266684833824046
omnimath-36,omnimath,unknown,4,9,0,11,0.9,1.0,-0.11516606259815589,-0.1151660625981559,-0.9383884672369267,-0.42001081911054294,-0.1611529247357796,-0.42001081911054294,0.1611529247357796,0.42001081911054294,-0.25885789437476336,0.9383884672369267,0.6335849194086018,0.0,0.0,1.489980804169376,0.2697473389800088,5.035820896265234,6,0.2872422434819989,11,0.0,0.5789473684210527,1,0.20693444516690107
omnimath-36,omnimath,unknown,4,10,0,11,1.0,0.0,-0.5351768817086988,-0.5351768817086988,-1.3583992863474696,0.0,-0.42001081911054294,0.0,0.42001081911054294,0.0,0.42001081911054294,1.3583992863474696,0.2135741002980589,0.0,0.0,1.489980804169376,0.2697473389800088,5.035820896265234,6,0.2872422434819989,11,0.0,0.5789473684210527,1,0.13533174969213205
omnimath-37,omnimath,unknown,1,0,0,4,0.0,3.0,0.17319552778054076,0.17319552778054073,0.0,-1.090347778818216,0.0,1.04608069423523,0.0,1.04608069423523,1.04608069423523,0.0,0.0,1.0,1.0,2.081371594409487,0.35488523881694883,3.072395410000757,1,0.03503017003074574,4,0.3157894736842105,1.0,0,0.6956391688282262
omnimath-37,omnimath,unknown,1,1,1,4,0.3333333333333333,2.0,1.219276222015771,1.219276222015771,1.04608069423523,-2.136428473053446,1.04608069423523,-1.6945957207744073,1.04608069423523,1.6945957207744073,-2.7406764150096374,0.0,1.04608069423523,1.0,0.0,2.081371594409487,0.35488523881694883,3.072395410000757,1,0.03503017003074574,4,0.3157894736842105,1.0,0,0.6382283040897679
omnimath-37,omnimath,unknown,1,2,0,4,0.6666666666666666,1.0,-0.4753194987586363,-0.4753194987586363,-0.648515026539177,-0.44183275227903895,-1.6945957207744073,-0.44183275227903895,1.6945957207744073,0.44183275227903895,1.2527629684953685,1.6945957207744073,0.0,0.0,1.0,2.081371594409487,0.35488523881694883,3.072395410000757,1,0.03503017003074574,4,0.3157894736842105,1.0,0,0.6144987497477733
omnimath-37,omnimath,unknown,1,3,0,4,1.0,0.0,-0.9171522510376753,-0.9171522510376753,-1.090347778818216,0.0,-0.44183275227903895,0.0,0.44183275227903895,0.0,0.44183275227903895,2.136428473053446,0.0,0.0,1.0,2.081371594409487,0.35488523881694883,3.072395410000757,1,0.03503017003074574,4,0.3157894736842105,1.0,0,0.43511796872591296
omnimath-38,omnimath,unknown,2,0,0,6,0.0,5.0,1.6021660300697051,1.6021660300697051,0.0,-1.07522022830389,0.0,-2.180042299943943,0.0,2.180042299943943,-2.180042299943943,0.0,0.0,1.0,1.0,2.427145892032157,0.23438842127446344,4.587343617306215,3,0.08150263796406697,6,0.0,0.7894736842105263,0,0.43461830937091805
omnimath-38,omnimath,unknown,2,1,0,6,0.2,4.0,-0.5778762698742379,-0.5778762698742379,-2.180042299943943,1.104822071640053,-2.180042299943943,0.4855078157817009,2.180042299943943,0.4855078157817009,2.665550115725644,2.180042299943943,0.0,0.0,1.0,2.427145892032157,0.23438842127446344,4.587343617306215,3,0.08150263796406697,6,0.0,0.7894736842105263,0,0.7632706605475199
omnimath-38,omnimath,unknown,2,2,1,6,0.4,3.0,-0.09236845409253702,-0.09236845409253701,-1.6945344841622423,0.6193142558583521,0.4855078157817009,-0.5302780496928062,0.4855078157817009,0.5302780496928062,-1.015785865474507,1.6945344841622423,0.4855078157817009,0.0,0.0,2.427145892032157,0.23438842127446344,4.587343617306215,3,0.08150263796406697,6,0.0,0.7894736842105263,0,0.6996291974792551
omnimath-38,omnimath,unknown,2,3,0,6,0.6,2.0,-0.6226465037853433,-0.6226465037853433,-2.224812533855048,1.1495923055511583,-0.5302780496928062,-0.2135741002980589,0.5302780496928062,0.2135741002980589,0.31670394939474733,2.224812533855048,0.0,0.0,1.0,2.427145892032157,0.23438842127446344,4.587343617306215,3,0.08150263796406697,6,0.0,0.7894736842105263,0,0.5298500098543971
omnimath-38,omnimath,unknown,2,4,0,6,0.8,1.0,-0.8362206040834022,-0.8362206040834022,-2.4383866341531073,1.3631664058492172,-0.2135741002980589,1.3631664058492172,0.2135741002980589,1.3631664058492172,1.5767405061472761,2.4383866341531073,0.0,0.0,1.0,2.427145892032157,0.23438842127446344,4.587343617306215,3,0.08150263796406697,6,0.0,0.7894736842105263,0,0.5047537456885457
omnimath-38,omnimath,unknown,2,5,0,6,1.0,0.0,0.5269458017658151,0.5269458017658151,-1.07522022830389,0.0,1.3631664058492172,0.0,1.3631664058492172,0.0,-1.3631664058492172,1.07522022830389,1.3631664058492172,0.0,0.0,2.427145892032157,0.23438842127446344,4.587343617306215,3,0.08150263796406697,6,0.0,0.7894736842105263,0,0.2944991566131004
omnimath-39,omnimath,unknown,1,0,0,6,0.0,5.0,1.4799338262449855,1.4799338262449855,0.0,-1.3133288238204393,0.0,-0.7786210812697758,0.0,0.7786210812697758,-0.7786210812697758,0.0,0.0,1.0,1.0,2.6271655143850454,0.3005073836717282,4.370371229397508,3,0.08940232550242994,6,0.0,0.42105263157894735,3,0.20680723544488017
omnimath-39,omnimath,unknown,1,1,1,6,0.2,4.0,0.7013127449752097,0.7013127449752097,-0.7786210812697758,-0.5347077425506634,-0.7786210812697758,-1.933905508506462,0.7786210812697758,1.933905508506462,-1.1552844272366862,0.7786210812697758,0.0,0.0,1.0,2.6271655143850454,0.3005073836717282,4.370371229397508,3,0.08940232550242994,6,0.0,0.42105263157894735,3,0.7132723140942306
omnimath-39,omnimath,unknown,1,2,0,6,0.4,3.0,-1.2325927635312524,-1.2325927635312524,-2.712526589776238,1.3991977659557986,-1.933905508506462,0.8109302162163288,1.933905508506462,0.8109302162163288,2.744835724722791,2.712526589776238,0.0,0.0,1.0,2.6271655143850454,0.3005073836717282,4.370371229397508,3,0.08940232550242994,6,0.0,0.42105263157894735,3,0.8400679694557572
omnimath-39,omnimath,unknown,1,3,0,6,0.6,2.0,-0.42166254731492364,-0.42166254731492364,-1.901596373559909,0.5882675497394699,0.8109302162163288,-0.27193371548364204,0.8109302162163288,0.27193371548364204,-1.0828639316999709,1.901596373559909,0.8109302162163288,0.0,0.0,2.6271655143850454,0.3005073836717282,4.370371229397508,3,0.08940232550242994,6,0.0,0.42105263157894735,3,0.661915438324231
omnimath-39,omnimath,unknown,1,4,0,6,0.8,1.0,-0.6935962627985657,-0.6935962627985657,-2.173530089043551,0.8602012652231119,-0.27193371548364204,0.8602012652231119,0.27193371548364204,0.8602012652231119,1.132134980706754,2.173530089043551,0.5389965007326867,0.0,0.0,2.6271655143850454,0.3005073836717282,4.370371229397508,3,0.08940232550242994,6,0.0,0.42105263157894735,3,0.5825895888466424
omnimath-39,omnimath,unknown,1,5,0,6,1.0,0.0,0.16660500242454626,0.16660500242454626,-1.3133288238204393,0.0,0.8602012652231119,0.0,0.8602012652231119,0.0,-0.8602012652231119,1.3133288238204393,1.3991977659557986,0.0,0.0,2.6271655143850454,0.3005073836717282,4.370371229397508,3,0.08940232550242994,6,0.0,0.42105263157894735,3,0.2916183922702895
omnimath-40,omnimath,unknown,1,0,0,11,0.0,10.0,0.5475142296036803,0.5475142296036803,0.0,-0.7949735002334891,0.0,-1.4788455349738947,0.0,1.4788455349738947,-1.4788455349738947,0.0,0.0,1.0,1.0,1.4440350885399282,0.13058468063958384,6.0878006236246875,8,0.32130415612136337,11,0.0,0.10526315789473684,4,0.38864449060740247
omnimath-40,omnimath,unknown,1,1,1,11,0.1,9.0,-0.9313313053702144,-0.9313313053702144,-1.4788455349738947,0.6838720347404056,-1.4788455349738947,0.6613984822453649,1.4788455349738947,0.6613984822453649,2.14024401721926,1.4788455349738947,0.0,0.0,1.0,1.4440350885399282,0.13058468063958384,6.0878006236246875,8,0.32130415612136337,11,0.0,0.10526315789473684,4,0.7724746411714876
omnimath-40,omnimath,unknown,1,2,0,11,0.2,8.0,-0.26993282312484945,-0.2699328231248495,-0.8174470527285298,0.022473552495040683,0.6613984822453649,0.8377968869336007,0.6613984822453649,0.8377968869336007,0.17639840468823575,0.8174470527285298,0.6613984822453649,0.0,0.0,1.4440350885399282,0.13058468063958384,6.0878006236246875,8,0.32130415612136337,11,0.0,0.10526315789473684,4,0.6837249281149288
omnimath-40,omnimath,unknown,1,3,0,11,0.3,7.0,0.5678640638087512,0.5678640638087512,0.02034983420507086,-0.81532333443856,0.8377968869336007,-0.9601988684462786,0.8377968869336007,0.9601988684462786,-1.7979957553798793,0.0,1.4991953691789655,1.0,0.0,1.4440350885399282,0.13058468063958384,6.0878006236246875,8,0.32130415612136337,11,0.0,0.10526315789473684,4,0.49540866598067346
omnimath-40,omnimath,unknown,1,4,0,11,0.4,6.0,-0.3923348046375274,-0.39233480463752746,-0.9398490342412078,0.14487553400771863,-0.9601988684462786,0.3584496343057775,0.9601988684462786,0.3584496343057775,1.318648502752056,0.9601988684462786,0.5389965007326869,0.0,0.0,1.4440350885399282,0.13058468063958384,6.0878006236246875,8,0.32130415612136337,11,0.0,0.10526315789473684,4,0.6255146111917419
omnimath-40,omnimath,unknown,1,5,0,11,0.5,5.0,-0.03388517033174991,-0.03388517033174995,-0.5813993999354302,-0.21357410029805884,0.3584496343057775,-0.1448755340077184,0.3584496343057775,0.1448755340077184,-0.5033251683134958,0.6017492341405011,0.8974461350384645,0.0,0.0,1.4440350885399282,0.13058468063958384,6.0878006236246875,8,0.32130415612136337,11,0.0,0.10526315789473684,4,0.40855933904934033
omnimath-40,omnimath,unknown,1,6,0,11,0.6,4.0,-0.17876070433946833,-0.17876070433946836,-0.7262749339431487,-0.06869856629034043,-0.1448755340077184,0.8231098028799432,0.1448755340077184,0.8231098028799432,0.9679853368876616,0.7466247681482195,0.752570601030746,0.0,0.0,1.4440350885399282,0.13058468063958384,6.0878006236246875,8,0.32130415612136337,11,0.0,0.10526315789473684,4,0.4048513657889011
omnimath-40,omnimath,unknown,1,7,0,11,0.7,3.0,0.6443490985404748,0.6443490985404748,0.0968348689367945,-0.8918083691702836,0.8231098028799432,-0.7647501876943604,0.8231098028799432,0.7647501876943604,-1.5878599905743036,0.0,1.575680403910689,1.0,0.0,1.4440350885399282,0.13058468063958384,6.0878006236246875,8,0.32130415612136337,11,0.0,0.10526315789473684,4,0.21038456319166662
omnimath-40,omnimath,unknown,1,8,0,11,0.8,2.0,-0.12040108915388563,-0.12040108915388567,-0.6679153187575659,-0.12705818147592313,-0.7647501876943604,0.5347788647884836,0.7647501876943604,0.5347788647884836,1.299529052482844,0.7647501876943604,0.8109302162163288,0.0,0.0,1.4440350885399282,0.13058468063958384,6.0878006236246875,8,0.32130415612136337,11,0.0,0.10526315789473684,4,0.3138485545366858
omnimath-40,omnimath,unknown,1,9,0,11,0.9,1.0,0.41437777563459793,0.4143777756345979,-0.1331364539690824,-0.6618370462644068,0.5347788647884836,-0.6618370462644068,0.5347788647884836,0.6618370462644068,-1.1966159110528904,0.2299713229058769,1.3457090810048122,0.0,0.0,1.4440350885399282,0.13058468063958384,6.0878006236246875,8,0.32130415612136337,11,0.0,0.10526315789473684,4,0.20469716805477398
omnimath-40,omnimath,unknown,1,10,0,11,1.0,0.0,-0.24745927062980877,-0.2474592706298088,-0.7949735002334891,0.0,-0.6618370462644068,0.0,0.6618370462644068,0.0,0.6618370462644068,0.8918083691702836,0.6838720347404056,0.0,0.0,1.4440350885399282,0.13058468063958384,6.0878006236246875,8,0.32130415612136337,11,0.0,0.10526315789473684,4,0.17887581225078833
omnimath-41,omnimath,unknown,2,0,0,11,0.0,10.0,0.7661430853513487,0.7661430853513487,0.0,-0.41739293207800254,0.0,-0.850445996704996,0.0,0.850445996704996,-0.850445996704996,0.0,0.0,1.0,1.0,1.2787046092269825,0.1404173329919691,2.972517161409657,3,0.11084461279778307,11,0.0,0.5789473684210527,0,0.4213726269271141
omnimath-41,omnimath,unknown,2,1,0,11,0.1,9.0,-0.08430291135364731,-0.08430291135364733,-0.850445996704996,0.43305306462699344,-0.850445996704996,0.1611193491433517,0.850445996704996,0.1611193491433517,1.0115653458483478,0.850445996704996,0.0,0.0,1.0,1.2787046092269825,0.1404173329919691,2.972517161409657,3,0.11084461279778307,11,0.0,0.5789473684210527,0,0.6524212989923345
omnimath-41,omnimath,unknown,2,2,1,11,0.2,8.0,0.07681643778970437,0.07681643778970436,-0.6893266475616443,0.27193371548364176,0.1611193491433517,0.21357410029805912,0.1611193491433517,0.21357410029805912,0.052454751154707435,0.6893266475616443,0.1611193491433517,0.0,0.0,1.2787046092269825,0.1404173329919691,2.972517161409657,3,0.11084461279778307,11,0.0,0.5789473684210527,0,0.6031562259232256
omnimath-41,omnimath,unknown,2,3,0,11,0.3,7.0,0.2903905380877635,0.2903905380877635,-0.4757525472635852,0.058359615185582636,0.21357410029805912,0.0731309325058952,0.21357410029805912,0.0731309325058952,-0.14044316779216393,0.4757525472635852,0.3746934494414108,0.0,0.0,1.2787046092269825,0.1404173329919691,2.972517161409657,3,0.11084461279778307,11,0.0,0.5789473684210527,0,0.5221003714602284
omnimath-41,omnimath,unknown,2,4,0,11,0.4,6.0,0.3635214705936587,0.3635214705936587,-0.40262161475769,-0.01477131732031256,0.0731309325058952,-0.661398482245365,0.0731309325058952,0.661398482245365,-0.7345294147512602,0.40262161475769,0.447824381947306,0.0,0.0,1.2787046092269825,0.1404173329919691,2.972517161409657,3,0.11084461279778307,11,0.0,0.5789473684210527,0,0.5690452949721242
omnimath-41,omnimath,unknown,2,5,0,11,0.5,5.0,-0.2978770116517063,-0.2978770116517063,-1.064020097003055,0.6466271649250525,-0.661398482245365,-0.27193371548364176,0.661398482245365,0.27193371548364176,0.38946476676172326,1.064020097003055,0.0,0.0,1.0,1.2787046092269825,0.1404173329919691,2.972517161409657,3,0.11084461279778307,11,0.0,0.5789473684210527,0,0.47671063355422777
omnimath-41,omnimath,unknown,2,6,0,11,0.6,4.0,-0.5698107271353481,-0.5698107271353481,-1.3359538124866968,0.9185608804086942,-0.27193371548364176,0.27193371548364176,0.27193371548364176,0.27193371548364176,0.5438674309672835,1.3359538124866968,0.0,0.0,1.0,1.2787046092269825,0.1404173329919691,2.972517161409657,3,0.11084461279778307,11,0.0,0.5789473684210527,0,0.4449495449087679
omnimath-41,omnimath,unknown,2,7,0,11,0.7,3.0,-0.2978770116517063,-0.2978770116517063,-1.064020097003055,0.6466271649250525,0.27193371548364176,-1.6653345369377348e-16,0.27193371548364176,1.6653345369377348e-16,-0.2719337154836419,1.064020097003055,0.27193371548364176,0.0,0.0,1.2787046092269825,0.1404173329919691,2.972517161409657,3,0.11084461279778307,11,0.0,0.5789473684210527,0,0.38123533335378657
omnimath-41,omnimath,unknown,2,8,0,11,0.8,2.0,-0.2978770116517065,-0.2978770116517065,-1.064020097003055,0.6466271649250526,-1.6653345369377348e-16,-1.6653345369377348e-16,1.6653345369377348e-16,1.6653345369377348e-16,0.0,1.064020097003055,0.2719337154836416,0.0,0.0,1.2787046092269825,0.1404173329919691,2.972517161409657,3,0.11084461279778307,11,0.0,0.5789473684210527,0,0.3211702653704408
omnimath-41,omnimath,unknown,2,9,0,11,0.9,1.0,-0.29787701165170666,-0.29787701165170666,-1.0640200970030553,0.6466271649250528,-1.6653345369377348e-16,0.6466271649250528,1.6653345369377348e-16,0.6466271649250528,0.646627164925053,1.0640200970030553,0.2719337154836414,0.0,0.0,1.2787046092269825,0.1404173329919691,2.972517161409657,3,0.11084461279778307,11,0.0,0.5789473684210527,0,0.29676155966994255
omnimath-41,omnimath,unknown,2,10,0,11,1.0,0.0,0.34875015327334613,0.34875015327334613,-0.41739293207800254,0.0,0.6466271649250528,0.0,0.6466271649250528,0.0,-0.6466271649250528,0.41739293207800254,0.9185608804086942,0.0,0.0,1.2787046092269825,0.1404173329919691,2.972517161409657,3,0.11084461279778307,11,0.0,0.5789473684210527,0,0.2010660330393928
omnimath-42,omnimath,unknown,2,0,0,5,0.0,4.0,-0.5469696788513868,-0.5469696788513868,0.0,-0.6931471805599451,0.0,1.4663370687934267,0.0,1.4663370687934267,1.4663370687934267,0.0,0.0,1.0,1.0,2.345266838891801,0.1734000905445003,3.997386497223657,1,0.03810639225756138,5,0.47368421052631576,1.0,4,0.8612603502584508
omnimath-42,omnimath,unknown,2,1,0,5,0.25,3.0,0.9193673899420399,0.9193673899420399,1.4663370687934267,-2.1594842493533717,1.4663370687934267,0.20763936477824474,1.4663370687934267,0.20763936477824474,-1.2586977040151819,0.0,1.4663370687934267,1.0,0.0,2.345266838891801,0.1734000905445003,3.997386497223657,1,0.03810639225756138,5,0.47368421052631576,1.0,4,0.5747216311277996
omnimath-42,omnimath,unknown,2,2,1,5,0.5,2.0,1.1270067547202847,1.1270067547202847,1.6739764335716716,-2.3671236141316165,0.20763936477824474,-1.3862943611198906,0.20763936477824474,1.3862943611198906,-1.5939337258981352,0.0,1.6739764335716716,1.0,0.0,2.345266838891801,0.1734000905445003,3.997386497223657,1,0.03810639225756138,5,0.47368421052631576,1.0,4,0.5240326866147329
omnimath-42,omnimath,unknown,2,3,0,5,0.75,1.0,-0.2592876063996059,-0.2592876063996059,0.2876820724517809,-0.980829253011726,-1.3862943611198906,-0.980829253011726,1.3862943611198906,0.980829253011726,0.4054651081081646,1.3862943611198906,0.2876820724517809,0.0,0.0,2.345266838891801,0.1734000905445003,3.997386497223657,1,0.03810639225756138,5,0.47368421052631576,1.0,4,0.7086456607272723
omnimath-42,omnimath,unknown,2,4,0,5,1.0,0.0,-1.2401168594113319,-1.2401168594113319,-0.6931471805599451,0.0,-0.980829253011726,0.0,0.980829253011726,0.0,0.980829253011726,2.3671236141316165,0.0,0.0,1.0,2.345266838891801,0.1734000905445003,3.997386497223657,1,0.03810639225756138,5,0.47368421052631576,1.0,4,0.37389981884113643
omnimath-43,omnimath,unknown,4,0,0,8,0.0,7.0,0.7887964926376512,0.7887964926376512,0.0,-0.08029994240164307,0.0,-1.4617750170855845,0.0,1.4617750170855845,-1.4617750170855845,0.0,0.0,1.0,1.0,1.4275200275661502,0.01864137970133945,4.307617981509878,3,0.10235670718299336,8,0.0,0.15789473684210525,1,0.49589781792702925
omnimath-43,omnimath,unknown,4,1,0,8,0.14285714285714285,6.0,-0.6729785244479334,-0.6729785244479334,-1.4617750170855845,1.3814750746839415,-1.4617750170855845,0.3254224004346279,1.4617750170855845,0.3254224004346279,1.7871974175202126,1.4617750170855845,0.0,0.0,1.0,1.4275200275661502,0.01864137970133945,4.307617981509878,3,0.10235670718299336,8,0.0,0.15789473684210525,1,0.7656806272739501
omnimath-43,omnimath,unknown,4,2,0,8,0.2857142857142857,5.0,-0.3475561240133055,-0.3475561240133055,-1.1363526166509565,1.0560526742493135,0.3254224004346279,0.508258228260745,0.3254224004346279,0.508258228260745,0.18283582782611707,1.1363526166509565,0.3254224004346279,0.0,0.0,1.4275200275661502,0.01864137970133945,4.307617981509878,3,0.10235670718299336,8,0.0,0.15789473684210525,1,0.6510710569157836
omnimath-43,omnimath,unknown,4,3,0,8,0.42857142857142855,4.0,0.1607021042474395,0.1607021042474395,-0.6280943883902117,0.5477944459885686,0.508258228260745,-0.02275041247904447,0.508258228260745,0.02275041247904447,-0.5310086407397894,0.6280943883902117,0.8336806286953728,0.0,0.0,1.4275200275661502,0.01864137970133945,4.307617981509878,3,0.10235670718299336,8,0.0,0.15789473684210525,1,0.47483286426055077
omnimath-43,omnimath,unknown,4,4,1,8,0.5714285714285714,3.0,0.13795169176839503,0.13795169176839503,-0.6508448008692561,0.570544858467613,-0.02275041247904447,-0.2403853577487156,0.02275041247904447,0.2403853577487156,-0.21763494526967114,0.6508448008692561,0.8109302162163284,0.0,0.0,1.4275200275661502,0.01864137970133945,4.307617981509878,3,0.10235670718299336,8,0.0,0.15789473684210525,1,0.37813846528046424
omnimath-43,omnimath,unknown,4,5,0,8,0.7142857142857143,2.0,-0.10243366598032058,-0.1024336659803206,-0.8912301586179717,0.8109302162163287,-0.2403853577487156,-0.5705448584676137,0.2403853577487156,0.5705448584676137,-0.3301595007188981,0.8912301586179717,0.5705448584676128,0.0,0.0,1.4275200275661502,0.01864137970133945,4.307617981509878,3,0.10235670718299336,8,0.0,0.15789473684210525,1,0.34845017905748454
omnimath-43,omnimath,unknown,4,6,0,8,0.8571428571428571,1.0,-0.6729785244479343,-0.6729785244479343,-1.4617750170855854,1.3814750746839424,-0.5705448584676137,1.3814750746839424,0.5705448584676137,1.3814750746839424,1.952019933151556,1.4617750170855854,0.0,0.0,1.0,1.4275200275661502,0.01864137970133945,4.307617981509878,3,0.10235670718299336,8,0.0,0.15789473684210525,1,0.2787771466547092
omnimath-43,omnimath,unknown,4,7,0,8,1.0,0.0,0.7084965502360081,0.7084965502360081,-0.08029994240164307,0.0,1.3814750746839424,0.0,1.3814750746839424,0.0,-1.3814750746839424,0.08029994240164307,1.3814750746839424,0.0,0.0,1.4275200275661502,0.01864137970133945,4.307617981509878,3,0.10235670718299336,8,0.0,0.15789473684210525,1,0.11703475961369561
omnimath-44,omnimath,unknown,4,0,0,6,0.0,5.0,-0.6666174673656675,-0.6666174673656675,0.0,1.4194681348018887,0.0,0.9969326605783049,0.0,0.9969326605783049,0.9969326605783049,0.0,0.0,1.0,1.0,2.006805871941646,0.3186633661421377,4.454444048547282,3,0.11229401243848947,6,0.8421052631578947,0.42105263157894735,4,0.7831404084197703
omnimath-44,omnimath,unknown,4,1,0,6,0.2,4.0,0.3303151932126374,0.33031519321263747,0.9969326605783049,0.4225354742235838,0.9969326605783049,-1.2688663760619467,0.9969326605783049,1.2688663760619467,-2.2657990366402516,0.0,0.9969326605783049,1.0,0.0,2.006805871941646,0.3186633661421377,4.454444048547282,3,0.11229401243848947,6,0.8421052631578947,0.42105263157894735,4,0.7474521227291108
omnimath-44,omnimath,unknown,4,2,0,6,0.4,3.0,-0.9385511828493094,-0.9385511828493094,-0.27193371548364187,1.6914018502855306,-1.2688663760619467,0.27193371548364165,1.2688663760619467,0.27193371548364165,1.5408000915455884,1.2688663760619467,0.0,0.0,1.0,2.006805871941646,0.3186633661421377,4.454444048547282,3,0.11229401243848947,6,0.8421052631578947,0.42105263157894735,4,0.7058447631196507
omnimath-44,omnimath,unknown,4,3,0,6,0.6,2.0,-0.6666174673656677,-0.6666174673656677,-2.220446049250313e-16,1.419468134801889,0.27193371548364165,1.8552377242974536,0.27193371548364165,1.8552377242974536,1.583304008813812,0.9969326605783051,0.27193371548364165,0.0,0.0,2.006805871941646,0.3186633661421377,4.454444048547282,3,0.11229401243848947,6,0.8421052631578947,0.42105263157894735,4,0.6951123916712343
omnimath-44,omnimath,unknown,4,4,1,6,0.8,1.0,1.1886202569317859,1.1886202569317859,1.8552377242974534,-0.43576958949556466,1.8552377242974536,-0.43576958949556466,1.8552377242974536,0.43576958949556466,-2.2910073137930183,0.0,2.1271714397810952,1.0,0.0,2.006805871941646,0.3186633661421377,4.454444048547282,3,0.11229401243848947,6,0.8421052631578947,0.42105263157894735,4,0.18095578161339027
omnimath-44,omnimath,unknown,4,5,0,6,1.0,0.0,0.7528506674362212,0.7528506674362212,1.4194681348018887,0.0,-0.43576958949556466,0.0,0.43576958949556466,0.0,0.43576958949556466,0.43576958949556466,1.6914018502855306,0.0,0.0,2.006805871941646,0.3186633661421377,4.454444048547282,3,0.11229401243848947,6,0.8421052631578947,0.42105263157894735,4,0.17210223253277118
omnimath-45,omnimath,unknown,7,0,0,9,0.0,8.0,0.6026376892031242,0.6026376892031242,0.0,-1.23048499234724,0.0,-0.3713147840375981,0.0,0.3713147840375981,-0.3713147840375981,0.0,0.0,1.0,1.0,1.413871318575597,0.27899656657378963,4.41039474950599,4,0.19526367336008985,9,0.0,0.3684210526315789,0,0.3264404597178362
omnimath-45,omnimath,unknown,7,1,0,9,0.125,7.0,0.23132290516552612,0.23132290516552612,-0.3713147840375981,-0.859170208309642,-0.3713147840375981,-0.13844308538132677,0.3713147840375981,0.13844308538132677,0.23287169865627133,0.3713147840375981,0.0,0.0,1.0,1.413871318575597,0.27899656657378963,4.41039474950599,4,0.19526367336008985,9,0.0,0.3684210526315789,0,0.4992535055407249
omnimath-45,omnimath,unknown,7,2,0,9,0.25,6.0,0.09287981978419935,0.09287981978419933,-0.5097578694189249,-0.7207271229283152,-0.13844308538132677,-0.9543419741098205,0.13844308538132677,0.9543419741098205,-0.8158988887284937,0.5097578694189249,0.0,0.0,1.0,1.413871318575597,0.27899656657378963,4.41039474950599,4,0.19526367336008985,9,0.0,0.3684210526315789,0,0.5983519573352516
omnimath-45,omnimath,unknown,7,3,0,9,0.375,5.0,-0.8614621543256211,-0.8614621543256211,-1.4640998435287453,0.23361485118150527,-0.9543419741098205,1.5242806196449414,0.9543419741098205,1.5242806196449414,2.478622593754762,1.4640998435287453,0.0,0.0,1.0,1.413871318575597,0.27899656657378963,4.41039474950599,4,0.19526367336008985,9,0.0,0.3684210526315789,0,0.7095901683864478
omnimath-45,omnimath,unknown,7,4,0,9,0.5,4.0,0.6628184653193203,0.6628184653193203,0.0601807761161961,-1.2906657684634362,1.5242806196449414,-0.6219629037938578,1.5242806196449414,0.6219629037938578,-2.146243523438799,0.0,1.5242806196449414,1.0,0.0,1.413871318575597,0.27899656657378963,4.41039474950599,4,0.19526367336008985,9,0.0,0.3684210526315789,0,0.4281733299762873
omnimath-45,omnimath,unknown,7,5,0,9,0.625,3.0,0.04085556152546253,0.04085556152546252,-0.5617821276776617,-0.6687028646695784,-0.6219629037938578,0.2931252818149678,0.6219629037938578,0.2931252818149678,0.9150881856088255,0.6219629037938578,0.9023177158510837,0.0,0.0,1.413871318575597,0.27899656657378963,4.41039474950599,4,0.19526367336008985,9,0.0,0.3684210526315789,0,0.48409587912336377
omnimath-45,omnimath,unknown,7,6,0,9,0.75,2.0,0.3339808433404303,0.3339808433404303,-0.2686568458626939,-0.9618281464845462,0.2931252818149678,-0.8091666702087561,0.2931252818149678,0.8091666702087561,-1.102291952023724,0.32883762197889,1.1954429976660514,0.0,0.0,1.413871318575597,0.27899656657378963,4.41039474950599,4,0.19526367336008985,9,0.0,0.3684210526315789,0,0.5096592931279688
omnimath-45,omnimath,unknown,7,7,1,9,0.875,1.0,-0.4751858268683258,-0.4751858268683258,-1.07782351607145,-0.15266147627579008,-0.8091666702087561,-0.15266147627579008,0.8091666702087561,0.15266147627579008,0.656505193932966,1.138004292187646,0.38627632745729534,0.0,0.0,1.413871318575597,0.27899656657378963,4.41039474950599,4,0.19526367336008985,9,0.0,0.3684210526315789,0,0.34395664833828304
omnimath-45,omnimath,unknown,7,8,0,9,1.0,0.0,-0.6278473031441159,-0.6278473031441159,-1.23048499234724,0.0,-0.15266147627579008,0.0,0.15266147627579008,0.0,0.15266147627579008,1.2906657684634362,0.23361485118150527,0.0,0.0,1.413871318575597,0.27899656657378963,4.41039474950599,4,0.19526367336008985,9,0.0,0.3684210526315789,0,0.24416996800761837
omnimath-46,omnimath,unknown,4,0,0,12,0.0,11.0,0.5649513552213161,0.5649513552213161,0.0,-0.23434944314871947,0.0,-0.23434944314871964,0.0,0.23434944314871964,-0.23434944314871964,0.0,0.0,1.0,1.0,1.085636672422058,0.06214825610588551,3.7708128567508803,5,0.1441592429543523,12,0.0,0.631578947368421,0,0.31264828147336443
omnimath-46,omnimath,unknown,4,1,0,12,0.09090909090909091,10.0,0.3306019120725965,0.3306019120725965,-0.23434944314871964,1.6653345369377348e-16,-0.23434944314871964,-0.41301231374354713,0.23434944314871964,0.41301231374354713,-0.1786628705948275,0.23434944314871964,0.0,0.0,1.0,1.085636672422058,0.06214825610588551,3.7708128567508803,5,0.1441592429543523,12,0.0,0.631578947368421,0,0.5367287189172308
omnimath-46,omnimath,unknown,4,2,0,12,0.18181818181818182,9.0,-0.08241040167095065,-0.08241040167095064,-0.6473617568922667,0.4130123137435473,-0.41301231374354713,-0.46262352194811324,0.41301231374354713,0.46262352194811324,-0.049611208204566104,0.6473617568922667,0.0,0.0,1.0,1.085636672422058,0.06214825610588551,3.7708128567508803,5,0.1441592429543523,12,0.0,0.631578947368421,0,0.6007826326109408
omnimath-46,omnimath,unknown,4,3,0,12,0.2727272727272727,8.0,-0.5450339236190639,-0.5450339236190639,-1.1099852788403801,0.8756358356916605,-0.46262352194811324,0.8109302162163288,0.46262352194811324,0.8109302162163288,1.273553738164442,1.1099852788403801,0.0,0.0,1.0,1.085636672422058,0.06214825610588551,3.7708128567508803,5,0.1441592429543523,12,0.0,0.631578947368421,0,0.6334299724661964
omnimath-46,omnimath,unknown,4,4,1,12,0.36363636363636365,7.0,0.2658962925972648,0.2658962925972648,-0.2990550626240513,0.06470561947533182,0.8109302162163288,0.1033978064899777,0.8109302162163288,0.1033978064899777,-0.7075324097263511,0.2990550626240513,0.8109302162163288,0.0,0.0,1.085636672422058,0.06214825610588551,3.7708128567508803,5,0.1441592429543523,12,0.0,0.631578947368421,0,0.5292033267165137
omnimath-46,omnimath,unknown,4,5,0,12,0.45454545454545453,6.0,0.36929409908724253,0.36929409908724253,-0.1956572561340736,-0.038692187014645885,0.1033978064899777,-0.45170450075819346,0.1033978064899777,0.45170450075819346,-0.5551023072481711,0.1956572561340736,0.9143280227063064,0.0,0.0,1.085636672422058,0.06214825610588551,3.7708128567508803,5,0.1441592429543523,12,0.0,0.631578947368421,0,0.5478423637999108
omnimath-46,omnimath,unknown,4,6,0,12,0.5454545454545454,5.0,-0.08241040167095093,-0.08241040167095091,-0.647361756892267,0.4130123137435476,-0.45170450075819346,-0.46262352194811296,0.45170450075819346,0.46262352194811296,-0.010919021189919498,0.647361756892267,0.46262352194811296,0.0,0.0,1.085636672422058,0.06214825610588551,3.7708128567508803,5,0.1441592429543523,12,0.0,0.631578947368421,0,0.5033168092864332
omnimath-46,omnimath,unknown,4,7,0,12,0.6363636363636364,4.0,-0.5450339236190639,-0.5450339236190639,-1.1099852788403801,0.8756358356916605,-0.46262352194811296,0.2578291093021,0.46262352194811296,0.2578291093021,0.720452631250213,1.1099852788403801,0.0,0.0,1.0,1.085636672422058,0.06214825610588551,3.7708128567508803,5,0.1441592429543523,12,0.0,0.631578947368421,0,0.35013634589123754
omnimath-46,omnimath,unknown,4,8,0,12,0.7272727272727273,3.0,-0.2872048143169639,-0.2872048143169639,-0.85215616953828,0.6178067263895606,0.2578291093021,0.20479441264601322,0.2578291093021,0.20479441264601322,-0.05303469665608679,0.85215616953828,0.2578291093021,0.0,0.0,1.085636672422058,0.06214825610588551,3.7708128567508803,5,0.1441592429543523,12,0.0,0.631578947368421,0,0.306183643778135
omnimath-46,omnimath,unknown,4,9,0,12,0.8181818181818182,2.0,-0.08241040167095065,-0.08241040167095064,-0.6473617568922667,0.4130123137435473,0.20479441264601322,-0.15443130281212225,0.20479441264601322,0.15443130281212225,-0.3592257154581355,0.6473617568922667,0.46262352194811324,0.0,0.0,1.085636672422058,0.06214825610588551,3.7708128567508803,5,0.1441592429543523,12,0.0,0.631578947368421,0,0.26407575596787375
omnimath-46,omnimath,unknown,4,10,0,12,0.9090909090909091,1.0,-0.2368417044830729,-0.2368417044830729,-0.801793059704389,0.5674436165556695,-0.15443130281212225,0.5674436165556695,0.15443130281212225,0.5674436165556695,0.7218749193677918,0.801793059704389,0.308192219135991,0.0,0.0,1.085636672422058,0.06214825610588551,3.7708128567508803,5,0.1441592429543523,12,0.0,0.631578947368421,0,0.22809336031125266
omnimath-46,omnimath,unknown,4,11,0,12,1.0,0.0,0.33060191207259665,0.33060191207259665,-0.23434944314871947,0.0,0.5674436165556695,0.0,0.5674436165556695,0.0,-0.5674436165556695,0.23434944314871947,0.8756358356916605,0.0,0.0,1.085636672422058,0.06214825610588551,3.7708128567508803,5,0.1441592429543523,12,0.0,0.631578947368421,0,0.15483171715800306
omnimath-47,omnimath,unknown,1,0,0,7,0.0,6.0,1.0099700799061797,1.0099700799061797,0.0,-1.2864999182353496,0.0,-0.6803641146650337,0.0,0.6803641146650337,-0.6803641146650337,0.0,0.0,1.0,1.0,1.936813758006922,0.4431781542559052,2.9028956095441556,3,0.0738496668520508,7,0.0,0.6842105263157895,2,0.433434328882424
omnimath-47,omnimath,unknown,1,1,1,7,0.16666666666666666,5.0,0.329605965241146,0.32960596524114594,-0.6803641146650337,-0.6061358035703157,-0.6803641146650337,-0.1384572452812118,0.6803641146650337,0.1384572452812118,0.5419068693838218,0.6803641146650337,0.0,0.0,1.0,1.936813758006922,0.4431781542559052,2.9028956095441556,3,0.0738496668520508,7,0.0,0.6842105263157895,2,0.588572616120672
omnimath-47,omnimath,unknown,1,2,0,7,0.3333333333333333,4.0,0.19114871995993418,0.19114871995993415,-0.8188213599462455,-0.467678558289104,-0.1384572452812118,0.2047944126460132,0.1384572452812118,0.2047944126460132,0.343251657927225,0.8188213599462455,0.0,0.0,1.0,1.936813758006922,0.4431781542559052,2.9028956095441556,3,0.0738496668520508,7,0.0,0.6842105263157895,2,0.48888302355731855
omnimath-47,omnimath,unknown,1,3,0,7,0.5,3.0,0.3959431326059474,0.3959431326059473,-0.6140269473002323,-0.6724729709351172,0.2047944126460132,-1.3499267169490157,0.2047944126460132,1.3499267169490157,-1.554721129595029,0.6140269473002323,0.2047944126460132,0.0,0.0,1.936813758006922,0.4431781542559052,2.9028956095441556,3,0.0738496668520508,7,0.0,0.6842105263157895,2,0.6226465276951288
omnimath-47,omnimath,unknown,1,4,0,7,0.6666666666666666,2.0,-0.9539835843430684,-0.9539835843430684,-1.963953664249248,0.6774537460138986,-1.3499267169490157,0.25782910930209935,1.3499267169490157,0.25782910930209935,1.6077558262511151,1.963953664249248,0.0,0.0,1.0,1.936813758006922,0.4431781542559052,2.9028956095441556,3,0.0738496668520508,7,0.0,0.6842105263157895,2,0.6309021658008792
omnimath-47,omnimath,unknown,1,5,0,7,0.8333333333333334,1.0,-0.6961544750409691,-0.6961544750409691,-1.7061245549471487,0.4196246367117993,0.25782910930209935,0.4196246367117993,0.25782910930209935,0.4196246367117993,0.16179552740969994,1.7061245549471487,0.25782910930209935,0.0,0.0,1.936813758006922,0.4431781542559052,2.9028956095441556,3,0.0738496668520508,7,0.0,0.6842105263157895,2,0.5284230396897892
omnimath-47,omnimath,unknown,1,6,0,7,1.0,0.0,-0.2765298383291698,-0.27652983832916983,-1.2864999182353496,0.0,0.4196246367117993,0.0,0.4196246367117993,0.0,-0.4196246367117993,1.2864999182353496,0.6774537460138986,0.0,0.0,1.936813758006922,0.4431781542559052,2.9028956095441556,3,0.0738496668520508,7,0.0,0.6842105263157895,2,0.3470798411557288
omnimath-48,omnimath,unknown,4,0,0,9,0.0,8.0,0.1339649392999446,0.1339649392999446,0.0,0.34947523043912476,0.0,0.39621945440508355,0.0,0.39621945440508355,0.39621945440508355,0.0,0.0,1.0,1.0,1.815517876851501,0.06070180687851179,5.757245927432807,6,0.22973593768328834,9,0.631578947368421,0.8421052631578947,4,0.4731810521771749
omnimath-48,omnimath,unknown,4,1,0,9,0.125,7.0,0.5301843937050281,0.5301843937050281,0.39621945440508355,-0.04674422396595879,0.39621945440508355,-0.7765339438947165,0.39621945440508355,0.7765339438947165,-1.1727533982998,0.0,0.39621945440508355,1.0,0.0,1.815517876851501,0.06070180687851179,5.757245927432807,6,0.22973593768328834,9,0.631578947368421,0.8421052631578947,4,0.562823924546776
omnimath-48,omnimath,unknown,4,2,0,9,0.25,6.0,-0.2463495501896884,-0.2463495501896884,-0.380314489489633,0.7297897199287577,-0.7765339438947165,0.06357579241515876,0.7765339438947165,0.06357579241515876,0.8401097363098753,0.7765339438947165,0.0,0.0,1.0,1.815517876851501,0.06070180687851179,5.757245927432807,6,0.22973593768328834,9,0.631578947368421,0.8421052631578947,4,0.5395763400178881
omnimath-48,omnimath,unknown,4,3,0,9,0.375,5.0,-0.18277375777452964,-0.18277375777452964,-0.3167386970744742,0.666213927513599,0.06357579241515876,-0.23361485118150527,0.06357579241515876,0.23361485118150527,-0.29719064359666403,0.7129581514795578,0.06357579241515876,0.0,0.0,1.815517876851501,0.06070180687851179,5.757245927432807,6,0.22973593768328834,9,0.631578947368421,0.8421052631578947,4,0.5508431285206559
omnimath-48,omnimath,unknown,4,4,1,9,0.5,4.0,-0.4163886089560349,-0.4163886089560349,-0.5503535482559795,0.8998287786951042,-0.23361485118150527,1.475635325902662,0.23361485118150527,1.475635325902662,1.7092501770841673,0.946573002661063,0.0,0.0,1.0,1.815517876851501,0.06070180687851179,5.757245927432807,6,0.22973593768328834,9,0.631578947368421,0.8421052631578947,4,0.4504952206028739
omnimath-48,omnimath,unknown,4,5,0,9,0.625,3.0,1.059246716946627,1.059246716946627,0.9252817776466825,-0.5758065472075578,1.475635325902662,-1.4222608653112867,1.475635325902662,1.4222608653112867,-2.897896191213949,0.0,1.475635325902662,1.0,0.0,1.815517876851501,0.06070180687851179,5.757245927432807,6,0.22973593768328834,9,0.631578947368421,0.8421052631578947,4,0.3133970320018211
omnimath-48,omnimath,unknown,4,6,0,9,0.75,2.0,-0.3630141483646596,-0.3630141483646596,-0.4969790876646042,0.846454318103729,-1.4222608653112867,-0.635296006041097,1.4222608653112867,0.635296006041097,0.7869648592701897,1.4222608653112867,0.053374460591375295,0.0,0.0,1.815517876851501,0.06070180687851179,5.757245927432807,6,0.22973593768328834,9,0.631578947368421,0.8421052631578947,4,0.4997440647735037
omnimath-48,omnimath,unknown,4,7,0,9,0.875,1.0,-0.9983101544057567,-0.9983101544057567,-1.1322750937057013,1.481750324144826,-0.635296006041097,1.481750324144826,0.635296006041097,1.481750324144826,2.1170463301859233,2.057556871352384,0.0,0.0,1.0,1.815517876851501,0.06070180687851179,5.757245927432807,6,0.22973593768328834,9,0.631578947368421,0.8421052631578947,4,0.31227650138814933
omnimath-48,omnimath,unknown,4,8,0,9,1.0,0.0,0.48344016973906934,0.48344016973906934,0.34947523043912476,0.0,1.481750324144826,0.0,1.481750324144826,0.0,-1.481750324144826,0.5758065472075578,1.481750324144826,0.0,0.0,1.815517876851501,0.06070180687851179,5.757245927432807,6,0.22973593768328834,9,0.631578947368421,0.8421052631578947,4,0.16907878132335805
omnimath-49,omnimath,unknown,3,0,0,6,0.0,5.0,1.617506923969417,1.617506923969417,0.0,-1.0983603042898076,0.0,-2.016921184698502,0.0,2.016921184698502,-2.016921184698502,0.0,0.0,1.0,1.0,2.7424903255236384,0.25038873152122704,4.386620346757469,1,0.05470089694574463,6,0.0,0.42105263157894735,3,0.40273931871435537
omnimath-49,omnimath,unknown,3,1,0,6,0.2,4.0,-0.3994142607290847,-0.39941426072908476,-2.016921184698502,0.9185608804086942,-2.016921184698502,-0.8109302162163288,2.016921184698502,0.8109302162163288,1.205990968482173,2.016921184698502,0.0,0.0,1.0,2.7424903255236384,0.25038873152122704,4.386620346757469,1,0.05470089694574463,6,0.0,0.42105263157894735,3,0.8329080193708086
omnimath-49,omnimath,unknown,3,2,0,6,0.4,3.0,-1.2103444769454135,-1.2103444769454135,-2.8278514009148306,1.729491096625023,-0.8109302162163288,0.8109302162163289,0.8109302162163288,0.8109302162163289,1.6218604324326575,2.8278514009148306,0.0,0.0,1.0,2.7424903255236384,0.25038873152122704,4.386620346757469,1,0.05470089694574463,6,0.0,0.42105263157894735,3,0.7794601271746435
omnimath-49,omnimath,unknown,3,3,1,6,0.6,2.0,-0.3994142607290846,-0.39941426072908465,-2.016921184698502,0.9185608804086941,0.8109302162163289,0.2719337154836412,0.8109302162163289,0.2719337154836412,-0.5389965007326877,2.016921184698502,0.8109302162163289,0.0,0.0,2.7424903255236384,0.25038873152122704,4.386620346757469,1,0.05470089694574463,6,0.0,0.42105263157894735,3,0.6554877373530857
omnimath-49,omnimath,unknown,3,4,0,6,0.8,1.0,-0.1274805452454434,-0.12748054524544347,-1.7449874692148604,0.6466271649250529,0.2719337154836412,0.6466271649250529,0.2719337154836412,0.6466271649250529,0.3746934494414117,1.7449874692148604,1.0828639316999702,0.0,0.0,2.7424903255236384,0.25038873152122704,4.386620346757469,1,0.05470089694574463,6,0.0,0.42105263157894735,3,0.48907998830467675
omnimath-49,omnimath,unknown,3,5,0,6,1.0,0.0,0.5191466196796095,0.5191466196796094,-1.0983603042898076,0.0,0.6466271649250529,0.0,0.6466271649250529,0.0,-0.6466271649250529,1.0983603042898076,1.729491096625023,0.0,0.0,2.7424903255236384,0.25038873152122704,4.386620346757469,1,0.05470089694574463,6,0.0,0.42105263157894735,3,0.2428235823320532
omnimath-50,omnimath,unknown,1,0,0,4,0.0,3.0,1.219276222015771,1.219276222015771,0.0,-1.694595720774407,0.0,-1.04608069423523,0.0,1.04608069423523,-1.04608069423523,0.0,0.0,1.0,1.0,2.113174117670339,0.6693370347317369,2.531752514566272,1,0.013828487856844306,4,0.0,0.6842105263157895,3,0.46618586619756225
omnimath-50,omnimath,unknown,1,1,1,4,0.3333333333333333,2.0,0.17319552778054076,0.17319552778054076,-1.04608069423523,-0.6485150265391768,-1.04608069423523,-1.0903477788182163,1.04608069423523,1.0903477788182163,-0.04426708458298623,1.04608069423523,0.0,0.0,1.0,2.113174117670339,0.6693370347317369,2.531752514566272,1,0.013828487856844306,4,0.0,0.6842105263157895,3,0.7796611813450003
omnimath-50,omnimath,unknown,1,2,0,4,0.6666666666666666,1.0,-0.9171522510376756,-0.9171522510376756,-2.1364284730534466,0.4418327522790395,-1.0903477788182163,0.4418327522790395,1.0903477788182163,0.4418327522790395,1.5321805310972558,2.1364284730534466,0.0,0.0,1.0,2.113174117670339,0.6693370347317369,2.531752514566272,1,0.013828487856844306,4,0.0,0.6842105263157895,3,0.7149763749116003
omnimath-50,omnimath,unknown,1,3,0,4,1.0,0.0,-0.4753194987586361,-0.4753194987586361,-1.694595720774407,0.0,0.4418327522790395,0.0,0.4418327522790395,0.0,-0.4418327522790395,1.694595720774407,0.4418327522790395,0.0,0.0,2.113174117670339,0.6693370347317369,2.531752514566272,1,0.013828487856844306,4,0.0,0.6842105263157895,3,0.4966911137316427
omnimath-51,omnimath,unknown,4,0,0,6,0.0,5.0,0.4282835285390803,0.42828352853908025,0.0,-1.379276788461244,0.0,0.7498853716756695,0.0,0.7498853716756695,0.7498853716756695,0.0,0.0,1.0,1.0,2.238584932945009,0.3695300119637664,3.732516287733854,4,0.1060912883862069,6,0.21052631578947367,0.8421052631578947,0,0.5258769487518888
omnimath-51,omnimath,unknown,4,1,0,6,0.2,4.0,1.1781689002147497,1.1781689002147497,0.7498853716756695,-2.1291621601369135,0.7498853716756695,-1.12457882111708,0.7498853716756695,1.12457882111708,-1.8744641927927495,0.0,0.7498853716756695,1.0,0.0,2.238584932945009,0.3695300119637664,3.732516287733854,4,0.1060912883862069,6,0.21052631578947367,0.8421052631578947,0,0.49153384060084787
omnimath-51,omnimath,unknown,4,2,0,6,0.4,3.0,0.053590079097669746,0.05359007909766971,-0.3746934494414106,-1.0045833390198335,-1.12457882111708,0.40192803319321746,1.12457882111708,0.40192803319321746,1.5265068543102975,1.12457882111708,0.0,0.0,1.0,2.238584932945009,0.3695300119637664,3.732516287733854,4,0.1060912883862069,6,0.21052631578947367,0.8421052631578947,0,0.49449590442641395
omnimath-51,omnimath,unknown,4,3,0,6,0.6,2.0,0.45551811229088723,0.4555181122908872,0.02723458375180693,-1.4065113722130511,0.40192803319321746,-1.6200854725111102,0.40192803319321746,1.6200854725111102,-2.0220135057043276,0.7226507879238625,0.40192803319321746,0.0,0.0,2.238584932945009,0.3695300119637664,3.732516287733854,4,0.1060912883862069,6,0.21052631578947367,0.8421052631578947,0,0.6360987323790375
omnimath-51,omnimath,unknown,4,4,1,6,0.8,1.0,-1.1645673602202231,-1.1645673602202231,-1.5928508887593034,0.21357410029805934,-1.6200854725111102,0.21357410029805934,1.6200854725111102,0.21357410029805934,1.8336595728091696,2.3427362604349726,0.0,0.0,1.0,2.238584932945009,0.3695300119637664,3.732516287733854,4,0.1060912883862069,6,0.21052631578947367,0.8421052631578947,0,0.5830533399156489
omnimath-51,omnimath,unknown,4,5,0,6,1.0,0.0,-0.9509932599221638,-0.9509932599221638,-1.379276788461244,0.0,0.21357410029805934,0.0,0.21357410029805934,0.0,-0.21357410029805934,2.1291621601369135,0.21357410029805934,0.0,0.0,2.238584932945009,0.3695300119637664,3.732516287733854,4,0.1060912883862069,6,0.21052631578947367,0.8421052631578947,0,0.4414160870359743
omnimath-52,omnimath,unknown,1,0,0,6,0.0,5.0,1.251519163900682,1.251519163900682,0.0,-0.5044539455787549,0.0,-1.335654530641174,0.0,1.335654530641174,-1.335654530641174,0.0,0.0,1.0,1.0,2.127789778503754,0.11616010863770782,4.3427468473888755,3,0.07014274699087712,6,0.0,0.42105263157894735,0,0.34822225447476185
omnimath-52,omnimath,unknown,1,1,1,6,0.2,4.0,-0.08413536674049205,-0.08413536674049206,-1.335654530641174,0.8312005850624191,-1.335654530641174,-0.8602012652231116,1.335654530641174,0.8602012652231116,0.47545326541806243,1.335654530641174,0.0,0.0,1.0,2.127789778503754,0.11616010863770782,4.3427468473888755,3,0.07014274699087712,6,0.0,0.42105263157894735,0,0.7130589718036907
omnimath-52,omnimath,unknown,1,2,0,6,0.4,3.0,-0.9443366319636036,-0.9443366319636036,-2.1958557958642855,1.6914018502855308,-0.8602012652231116,0.6466271649250525,0.8602012652231116,0.6466271649250525,1.506828430148164,2.1958557958642855,0.0,0.0,1.0,2.127789778503754,0.11616010863770782,4.3427468473888755,3,0.07014274699087712,6,0.0,0.42105263157894735,0,0.7064710973837114
omnimath-52,omnimath,unknown,1,3,0,6,0.6,2.0,-0.29770946703855117,-0.29770946703855117,-1.5492286309392331,1.0447746853604782,0.6466271649250525,-0.3746934494414109,0.6466271649250525,0.3746934494414109,-1.0213206143664633,1.5492286309392331,0.6466271649250525,0.0,0.0,2.127789778503754,0.11616010863770782,4.3427468473888755,3,0.07014274699087712,6,0.0,0.42105263157894735,0,0.6170923994131786
omnimath-52,omnimath,unknown,1,4,0,6,0.8,1.0,-0.6724029164799621,-0.6724029164799621,-1.923922080380644,1.4194681348018892,-0.3746934494414109,1.4194681348018892,0.3746934494414109,1.4194681348018892,1.7941615842433,1.923922080380644,0.27193371548364154,0.0,0.0,2.127789778503754,0.11616010863770782,4.3427468473888755,3,0.07014274699087712,6,0.0,0.42105263157894735,0,0.5348148528022337
omnimath-52,omnimath,unknown,1,5,0,6,1.0,0.0,0.7470652183219271,0.7470652183219271,-0.5044539455787549,0.0,1.4194681348018892,0.0,1.4194681348018892,0.0,-1.4194681348018892,0.5044539455787549,1.6914018502855308,0.0,0.0,2.127789778503754,0.11616010863770782,4.3427468473888755,3,0.07014274699087712,6,0.0,0.42105263157894735,0,0.284777062939662
omnimath-53,omnimath,unknown,3,0,0,13,0.0,12.0,-0.05466273578670544,-0.05466273578670547,0.0,0.6050918788100291,0.0,0.6419074576693101,0.0,0.6419074576693101,0.6419074576693101,0.0,0.0,1.0,1.0,1.0149770835543754,0.12349263310144448,4.899821662341342,6,0.2381789205021505,13,0.42105263157894735,0.5789473684210527,4,0.46391522999615353
omnimath-53,omnimath,unknown,3,1,0,13,0.08333333333333333,11.0,0.5872447218826047,0.5872447218826047,0.6419074576693101,-0.036815578859280995,0.6419074576693101,-0.6589297247481569,0.6419074576693101,0.6589297247481569,-1.300837182417467,0.0,0.6419074576693101,1.0,0.0,1.0149770835543754,0.12349263310144448,4.899821662341342,6,0.2381789205021505,13,0.42105263157894735,0.5789473684210527,4,0.49435901126024434
omnimath-53,omnimath,unknown,3,2,0,13,0.16666666666666666,10.0,-0.07168500286555224,-0.07168500286555227,-0.017022267078846798,0.6221141458888759,-0.6589297247481569,-0.4248104852001925,0.6589297247481569,0.4248104852001925,0.23411923954796443,0.6589297247481569,0.0,0.0,1.0,1.0149770835543754,0.12349263310144448,4.899821662341342,6,0.2381789205021505,13,0.42105263157894735,0.5789473684210527,4,0.48961330777279866
omnimath-53,omnimath,unknown,3,3,1,13,0.25,9.0,-0.49649548806574473,-0.49649548806574473,-0.4418327522790393,1.0469246310890683,-0.4248104852001925,0.3610133455373308,0.4248104852001925,0.3610133455373308,0.7858238307375233,1.0837402099483495,0.0,0.0,1.0,1.0149770835543754,0.12349263310144448,4.899821662341342,6,0.2381789205021505,13,0.42105263157894735,0.5789473684210527,4,0.4612332450274623
omnimath-53,omnimath,unknown,3,4,0,13,0.3333333333333333,8.0,-0.13548214252841392,-0.13548214252841395,-0.08081940674170848,0.6859112855517376,0.3610133455373308,0.7103513537700652,0.3610133455373308,0.7103513537700652,0.3493380082327344,0.7227268644110186,0.3610133455373308,0.0,0.0,1.0149770835543754,0.12349263310144448,4.899821662341342,6,0.2381789205021505,13,0.42105263157894735,0.5789473684210527,4,0.524525019332778
omnimath-53,omnimath,unknown,3,5,0,13,0.4166666666666667,7.0,0.5748692112416512,0.5748692112416512,0.6295319470283567,-0.02444006821832756,0.7103513537700652,-0.30410954659372863,0.7103513537700652,0.30410954659372863,-1.0144609003637939,0.012375510640953435,1.071364699307396,0.0,0.0,1.0149770835543754,0.12349263310144448,4.899821662341342,6,0.2381789205021505,13,0.42105263157894735,0.5789473684210527,4,0.40420169532948225
omnimath-53,omnimath,unknown,3,6,0,13,0.5,6.0,0.2707596646479226,0.2707596646479226,0.32542240043462806,0.27966947837540107,-0.30410954659372863,-0.7672551527136668,0.30410954659372863,0.7672551527136668,-0.4631456061199382,0.31648505723468207,0.7672551527136673,0.0,0.0,1.0149770835543754,0.12349263310144448,4.899821662341342,6,0.2381789205021505,13,0.42105263157894735,0.5789473684210527,4,0.4583811065667727
omnimath-53,omnimath,unknown,3,7,0,13,0.5833333333333334,5.0,-0.4964954880657443,-0.4964954880657443,-0.44183275227903884,1.0469246310890679,-0.7672551527136668,0.44183275227903895,0.7672551527136668,0.44183275227903895,1.209087904992706,1.083740209948349,4.440892098500626e-16,0.0,1.0,1.0149770835543754,0.12349263310144448,4.899821662341342,6,0.2381789205021505,13,0.42105263157894735,0.5789473684210527,4,0.2871360564798162
omnimath-53,omnimath,unknown,3,8,0,13,0.6666666666666666,4.0,-0.0546627357867053,-0.05466273578670533,1.3877787807814457e-16,0.605091878810029,0.44183275227903895,-0.4418327522790392,0.44183275227903895,0.4418327522790392,-0.8836655045580781,0.64190745766931,0.4418327522790394,0.0,0.0,1.0149770835543754,0.12349263310144448,4.899821662341342,6,0.2381789205021505,13,0.42105263157894735,0.5789473684210527,4,0.3011695363510021
omnimath-53,omnimath,unknown,3,9,0,13,0.75,3.0,-0.4964954880657445,-0.4964954880657445,-0.44183275227903906,1.0469246310890683,-0.4418327522790392,0.24512245803298494,0.4418327522790392,0.24512245803298494,0.6869552103120241,1.083740209948349,2.220446049250313e-16,0.0,1.0,1.0149770835543754,0.12349263310144448,4.899821662341342,6,0.2381789205021505,13,0.42105263157894735,0.5789473684210527,4,0.1657518127280576
omnimath-53,omnimath,unknown,3,10,0,13,0.8333333333333334,2.0,-0.25137303003275957,-0.25137303003275957,-0.19671029424605413,0.8018021730560833,0.24512245803298494,0.32542240043462767,0.24512245803298494,0.32542240043462767,0.08029994240164273,0.8386177519153643,0.24512245803298516,0.0,0.0,1.0149770835543754,0.12349263310144448,4.899821662341342,6,0.2381789205021505,13,0.42105263157894735,0.5789473684210527,4,0.19303531306887164
omnimath-53,omnimath,unknown,3,11,0,13,0.9166666666666666,1.0,0.07404937040186807,0.07404937040186804,0.1287121061885735,0.4763797726214556,0.32542240043462767,0.4763797726214556,0.32542240043462767,0.4763797726214556,0.15095737218682792,0.5131953514807366,0.5705448584676128,0.0,0.0,1.0149770835543754,0.12349263310144448,4.899821662341342,6,0.2381789205021505,13,0.42105263157894735,0.5789473684210527,4,0.15185581784287652
omnimath-53,omnimath,unknown,3,12,0,13,1.0,0.0,0.5504291430233237,0.5504291430233237,0.6050918788100291,0.0,0.4763797726214556,0.0,0.4763797726214556,0.0,-0.4763797726214556,0.036815578859280995,1.0469246310890683,0.0,0.0,1.0149770835543754,0.12349263310144448,4.899821662341342,6,0.2381789205021505,13,0.42105263157894735,0.5789473684210527,4,0.09506096445607717
omnimath-54,omnimath,unknown,3,0,0,10,0.0,9.0,0.8594732567370241,0.8594732567370241,0.0,-1.450181628571142,0.0,-0.4235428395281214,0.0,0.4235428395281214,-0.4235428395281214,0.0,0.0,1.0,1.0,1.450181628571142,0.4523284435669806,3.20603678410155,6,0.18609516176868307,10,0.0,1.0,0,0.357613927061578
omnimath-54,omnimath,unknown,3,1,0,10,0.1111111111111111,8.0,0.43593041720890274,0.43593041720890274,-0.4235428395281214,-1.0266387890430206,-0.4235428395281214,-0.5671064596645802,0.4235428395281214,0.5671064596645802,-0.1435636201364588,0.4235428395281214,0.0,0.0,1.0,1.450181628571142,0.4523284435669806,3.20603678410155,6,0.18609516176868307,10,0.0,1.0,0,0.6238214788544761
omnimath-54,omnimath,unknown,3,2,0,10,0.2222222222222222,7.0,-0.1311760424556774,-0.1311760424556774,-0.9906492991927015,-0.4595323293784406,-0.5671064596645802,0.23361485118150507,0.5671064596645802,0.23361485118150507,0.8007213108460852,0.9906492991927015,0.0,0.0,1.0,1.450181628571142,0.4523284435669806,3.20603678410155,6,0.18609516176868307,10,0.0,1.0,0,0.622748772840145
omnimath-54,omnimath,unknown,3,3,1,10,0.3333333333333333,6.0,0.10243880872582767,0.10243880872582768,-0.7570344480111965,-0.6931471805599456,0.23361485118150507,-0.4054651081081641,0.23361485118150507,0.4054651081081641,-0.6390799592896692,0.7570344480111965,0.23361485118150507,0.0,0.0,1.450181628571142,0.4523284435669806,3.20603678410155,6,0.18609516176868307,10,0.0,1.0,0,0.622770725675913
omnimath-54,omnimath,unknown,3,4,0,10,0.4444444444444444,5.0,-0.30302629938233644,-0.30302629938233644,-1.1624995561193605,-0.2876820724517815,-0.4054651081081641,0.4982468415591302,0.4054651081081641,0.4982468415591302,0.9037119496672943,1.1624995561193605,0.0,0.0,1.0,1.450181628571142,0.4523284435669806,3.20603678410155,6,0.18609516176868307,10,0.0,1.0,0,0.5362433726340118
omnimath-54,omnimath,unknown,3,5,0,10,0.5555555555555556,4.0,0.19522054217679374,0.19522054217679374,-0.6642527145602304,-0.7859289140109117,0.4982468415591302,-0.49824684155913035,0.4982468415591302,0.49824684155913035,-0.9964936831182605,0.6642527145602304,0.4982468415591302,0.0,0.0,1.450181628571142,0.4523284435669806,3.20603678410155,6,0.18609516176868307,10,0.0,1.0,0,0.5317250782566322
omnimath-54,omnimath,unknown,3,6,0,10,0.6666666666666666,3.0,-0.3030262993823366,-0.3030262993823366,-1.1624995561193607,-0.28768207245178135,-0.49824684155913035,0.6286086594223742,0.49824684155913035,0.6286086594223742,1.1268555009815047,1.1624995561193607,0.0,0.0,1.0,1.450181628571142,0.4523284435669806,3.20603678410155,6,0.18609516176868307,10,0.0,1.0,0,0.39632668111295516
omnimath-54,omnimath,unknown,3,7,0,10,0.7777777777777778,2.0,0.3255823600400376,0.3255823600400376,-0.5338908966969865,-0.9162907318741556,0.6286086594223742,-0.9162907318741552,0.6286086594223742,0.9162907318741552,-1.5448993912965294,0.5338908966969865,0.6286086594223742,0.0,0.0,1.450181628571142,0.4523284435669806,3.20603678410155,6,0.18609516176868307,10,0.0,1.0,0,0.45302012943812964
omnimath-54,omnimath,unknown,3,8,0,10,0.8888888888888888,1.0,-0.5907083718341176,-0.5907083718341176,-1.4501816285711417,-3.3306690738754696e-16,-0.9162907318741552,-3.3306690738754696e-16,0.9162907318741552,3.3306690738754696e-16,0.9162907318741549,1.4501816285711417,0.0,0.0,1.0,1.450181628571142,0.4523284435669806,3.20603678410155,6,0.18609516176868307,10,0.0,1.0,0,0.3041278332834697
omnimath-54,omnimath,unknown,3,9,0,10,1.0,0.0,-0.590708371834118,-0.590708371834118,-1.450181628571142,0.0,-3.3306690738754696e-16,0.0,3.3306690738754696e-16,0.0,3.3306690738754696e-16,1.450181628571142,0.0,0.0,1.0,1.450181628571142,0.4523284435669806,3.20603678410155,6,0.18609516176868307,10,0.0,1.0,0,0.23178178188369547
omnimath-55,omnimath,unknown,3,0,0,8,0.0,7.0,0.44783191269880745,0.44783191269880745,0.0,-0.5951272122488954,0.0,-0.9055186348922439,0.0,0.9055186348922439,-0.9055186348922439,0.0,0.0,1.0,1.0,1.5482190912500862,0.1315118900796964,4.525273052408017,4,0.2070675588873131,8,0.3157894736842105,0.6842105263157895,2,0.5510587623693735
omnimath-55,omnimath,unknown,3,1,0,8,0.14285714285714285,6.0,-0.45768672219343653,-0.45768672219343653,-0.9055186348922439,0.31039142264334857,-0.9055186348922439,1.5018249947430378,0.9055186348922439,1.5018249947430378,2.4073436296352817,0.9055186348922439,0.0,0.0,1.0,1.5482190912500862,0.1315118900796964,4.525273052408017,4,0.2070675588873131,8,0.3157894736842105,0.6842105263157895,2,0.8129103646920265
omnimath-55,omnimath,unknown,3,2,0,8,0.2857142857142857,5.0,1.0441382725496011,1.0441382725496011,0.5963063598507936,-1.1914335720996891,1.5018249947430378,-1.1110784622032892,1.5018249947430378,1.1110784622032892,-2.612903456946327,0.0,1.5018249947430378,1.0,0.0,1.5482190912500862,0.1315118900796964,4.525273052408017,4,0.2070675588873131,8,0.3157894736842105,0.6842105263157895,2,0.5901360970518449
omnimath-55,omnimath,unknown,3,3,1,8,0.42857142857142855,4.0,-0.06694018965368803,-0.06694018965368803,-0.5147721023524955,-0.08035510989639993,-1.1110784622032892,-0.06532413210512056,1.1110784622032892,0.06532413210512056,1.0457543300981686,1.1110784622032892,0.3907465325397485,0.0,0.0,1.5482190912500862,0.1315118900796964,4.525273052408017,4,0.2070675588873131,8,0.3157894736842105,0.6842105263157895,2,0.5492328719774117
omnimath-55,omnimath,unknown,3,4,0,8,0.5714285714285714,3.0,-0.1322643217588086,-0.1322643217588086,-0.580096234457616,-0.015030977791279376,-0.06532413210512056,-0.7672551527136673,0.06532413210512056,0.7672551527136673,-0.7019310206085467,1.1764025943084098,0.32542240043462795,0.0,0.0,1.5482190912500862,0.1315118900796964,4.525273052408017,4,0.2070675588873131,8,0.3157894736842105,0.6842105263157895,2,0.5325620236083863
omnimath-55,omnimath,unknown,3,5,0,8,0.7142857142857143,2.0,-0.8995194744724758,-0.8995194744724758,-1.3473513871712832,0.7522241749223879,-0.7672551527136673,1.1112552968525642,0.7672551527136673,1.1112552968525642,1.8785104495662315,1.943657747022077,0.0,0.0,1.0,1.5482190912500862,0.1315118900796964,4.525273052408017,4,0.2070675588873131,8,0.3157894736842105,0.6842105263157895,2,0.5260254814579994
omnimath-55,omnimath,unknown,3,6,0,8,0.8571428571428571,1.0,0.2117358223800884,0.2117358223800884,-0.23609609031871906,-0.3590311219301764,1.1112552968525642,-0.3590311219301764,1.1112552968525642,0.3590311219301764,-1.4702864187827407,0.8324024501695128,1.1112552968525642,0.0,0.0,1.5482190912500862,0.1315118900796964,4.525273052408017,4,0.2070675588873131,8,0.3157894736842105,0.6842105263157895,2,0.3571481305836958
omnimath-55,omnimath,unknown,3,7,0,8,1.0,0.0,-0.14729529955008797,-0.14729529955008797,-0.5951272122488954,0.0,-0.3590311219301764,0.0,0.3590311219301764,0.0,0.3590311219301764,1.1914335720996891,0.7522241749223879,0.0,0.0,1.5482190912500862,0.1315118900796964,4.525273052408017,4,0.2070675588873131,8,0.3157894736842105,0.6842105263157895,2,0.2287385545363589
omnimath-56,omnimath,unknown,2,0,0,8,0.0,7.0,0.15379115886021205,0.1537911588602121,0.0,0.8833549107612899,0.0,-0.9727841573268949,0.0,0.9727841573268949,-0.9727841573268949,0.0,0.0,1.0,1.0,1.8354327213254424,0.25681824732291253,3.4396111645859664,3,0.10090867851510561,8,1.0,0.15789473684210525,0,0.6594976654355967
omnimath-56,omnimath,unknown,2,1,0,8,0.14285714285714285,6.0,-0.8189929984666829,-0.8189929984666828,-0.9727841573268949,1.856139068088185,-0.9727841573268949,0.19671029424605446,0.9727841573268949,0.19671029424605446,1.1694944515729495,0.9727841573268949,0.0,0.0,1.0,1.8354327213254424,0.25681824732291253,3.4396111645859664,3,0.10090867851510561,8,1.0,0.15789473684210525,0,0.8287631868687638
omnimath-56,omnimath,unknown,2,2,1,8,0.2857142857142857,5.0,-0.6222827042206285,-0.6222827042206285,-0.7760738630808406,1.6594287738421305,0.19671029424605446,0.6319990976706333,0.19671029424605446,0.6319990976706333,0.4352888034245789,0.7760738630808406,0.19671029424605446,0.0,0.0,1.8354327213254424,0.25681824732291253,3.4396111645859664,3,0.10090867851510561,8,1.0,0.15789473684210525,0,0.7942431078472456
omnimath-56,omnimath,unknown,2,3,0,8,0.42857142857142855,4.0,0.009716393450004884,0.00971639345000494,-0.14407476541020717,1.0274296761714972,0.6319990976706333,-0.10104769262277799,0.6319990976706333,0.10104769262277799,-0.7330467902934114,0.14407476541020717,0.8287093919166878,0.0,0.0,1.8354327213254424,0.25681824732291253,3.4396111645859664,3,0.10090867851510561,8,1.0,0.15789473684210525,0,0.6951546578171991
omnimath-56,omnimath,unknown,2,4,0,8,0.5714285714285714,3.0,-0.0913312991727731,-0.09133129917277305,-0.24512245803298516,1.128477368794275,-0.10104769262277799,-0.32542240043462783,0.10104769262277799,0.32542240043462783,-0.22437470781184984,0.24512245803298516,0.7276616992939098,0.0,0.0,1.8354327213254424,0.25681824732291253,3.4396111645859664,3,0.10090867851510561,8,1.0,0.15789473684210525,0,0.6588014804553507
omnimath-56,omnimath,unknown,2,5,0,8,0.7142857142857143,2.0,-0.41675369960740094,-0.4167536996074009,-0.5705448584676129,1.453899769228903,-0.32542240043462783,1.1654607791431673,0.32542240043462783,1.1654607791431673,1.490883179577795,0.5705448584676129,0.402239298859282,0.0,0.0,1.8354327213254424,0.25681824732291253,3.4396111645859664,3,0.10090867851510561,8,1.0,0.15789473684210525,0,0.5932195489515877
omnimath-56,omnimath,unknown,2,6,0,8,0.8571428571428571,1.0,0.7487070795357663,0.7487070795357664,0.5949159206755543,0.2884389900857357,1.1654607791431673,0.2884389900857357,1.1654607791431673,0.2884389900857357,-0.8770217890574316,0.0,1.5677000780024493,1.0,0.0,1.8354327213254424,0.25681824732291253,3.4396111645859664,3,0.10090867851510561,8,1.0,0.15789473684210525,0,0.19702767470105437
omnimath-56,omnimath,unknown,2,7,0,8,1.0,0.0,1.037146069621502,1.037146069621502,0.8833549107612899,0.0,0.2884389900857357,0.0,0.2884389900857357,0.0,-0.2884389900857357,0.0,1.856139068088185,1.0,0.0,1.8354327213254424,0.25681824732291253,3.4396111645859664,3,0.10090867851510561,8,1.0,0.15789473684210525,0,0.12456686447673124
omnimath-57,omnimath,unknown,4,0,0,6,0.0,5.0,0.4620251991962334,0.4620251991962333,0.0,1.0128143020719116,0.0,-0.7564494177932495,0.0,0.7564494177932495,-0.7564494177932495,0.0,0.0,1.0,1.0,2.1129642337184795,0.3152126721761983,3.213114165365047,1,0.037974852865907745,6,1.0,0.42105263157894735,2,0.5925796911851496
omnimath-57,omnimath,unknown,4,1,0,6,0.2,4.0,-0.294424218597016,-0.2944242185970161,-0.7564494177932495,1.769263719865161,-0.7564494177932495,-0.3437005138533183,0.7564494177932495,0.3437005138533183,0.4127489039399312,0.7564494177932495,0.0,0.0,1.0,2.1129642337184795,0.3152126721761983,3.213114165365047,1,0.037974852865907745,6,1.0,0.42105263157894735,2,0.7518362510154447
omnimath-57,omnimath,unknown,4,2,0,6,0.4,3.0,-0.6381247324503343,-0.6381247324503344,-1.1001499316465677,2.112964233718479,-0.3437005138533183,0.0,0.3437005138533183,0.0,0.3437005138533183,1.1001499316465677,0.0,0.0,1.0,2.1129642337184795,0.3152126721761983,3.213114165365047,1,0.037974852865907745,6,1.0,0.42105263157894735,2,0.6615983668179262
omnimath-57,omnimath,unknown,4,3,0,6,0.6,2.0,-0.6381247324503343,-0.6381247324503344,-1.1001499316465677,2.112964233718479,0.0,0.27193371548364115,0.0,0.27193371548364115,0.27193371548364115,1.1001499316465677,0.0,0.0,1.0,2.1129642337184795,0.3152126721761983,3.213114165365047,1,0.037974852865907745,6,1.0,0.42105263157894735,2,0.545533065691826
omnimath-57,omnimath,unknown,4,4,1,6,0.8,1.0,-0.36619101696669315,-0.36619101696669326,-0.8282162161629265,1.841030518234838,0.27193371548364115,1.841030518234838,0.27193371548364115,1.841030518234838,1.569096802751197,0.8282162161629265,0.27193371548364115,0.0,0.0,2.1129642337184795,0.3152126721761983,3.213114165365047,1,0.037974852865907745,6,1.0,0.42105263157894735,2,0.596649478563929
omnimath-57,omnimath,unknown,4,5,0,6,1.0,0.0,1.474839501268145,1.474839501268145,1.0128143020719116,0.0,1.841030518234838,0.0,1.841030518234838,0.0,-1.841030518234838,0.0,2.112964233718479,1.0,0.0,2.1129642337184795,0.3152126721761983,3.213114165365047,1,0.037974852865907745,6,1.0,0.42105263157894735,2,0.11961926269553978
omnimath-58,omnimath,unknown,2,0,0,7,0.0,6.0,-0.9791646405895813,-0.9791646405895814,0.0,2.3147214868090047,0.0,0.3746934494414105,0.0,0.3746934494414105,0.3746934494414105,0.0,0.0,1.0,1.0,2.3147214868090047,0.6351821399908428,3.6441854093101154,2,0.061564700525881005,7,1.0,0.0,0,0.8585313098149615
omnimath-58,omnimath,unknown,2,1,0,7,0.16666666666666666,5.0,-0.6044711911481708,-0.6044711911481709,0.3746934494414105,1.9400280373675942,0.3746934494414105,0.4030111191465976,0.3746934494414105,0.4030111191465976,0.02831766970518712,0.0,0.3746934494414105,1.0,0.0,2.3147214868090047,0.6351821399908428,3.6441854093101154,2,0.061564700525881005,7,1.0,0.0,0,0.7884599117973226
omnimath-58,omnimath,unknown,2,2,1,7,0.3333333333333333,4.0,-0.20146007200157323,-0.2014600720015733,0.7777045685880081,1.5370169182209965,0.4030111191465976,0.6363861440349816,0.4030111191465976,0.6363861440349816,0.23337502488838402,0.0,0.7777045685880081,1.0,0.0,2.3147214868090047,0.6351821399908428,3.6441854093101154,2,0.061564700525881005,7,1.0,0.0,0,0.6787741208837078
omnimath-58,omnimath,unknown,2,3,0,7,0.5,3.0,0.43492607203340844,0.4349260720334084,1.4140907126229898,0.9006307741860149,0.6363861440349816,-0.8552391585803232,0.6363861440349816,0.8552391585803232,-1.4916253026153048,0.0,1.4140907126229898,1.0,0.0,2.3147214868090047,0.6351821399908428,3.6441854093101154,2,0.061564700525881005,7,1.0,0.0,0,0.6139472673521962
omnimath-58,omnimath,unknown,2,4,0,7,0.6666666666666666,2.0,-0.42031308654691474,-0.4203130865469148,0.5588515540426666,1.755869932766338,-0.8552391585803232,0.8552391585803232,0.8552391585803232,0.8552391585803232,1.7104783171606464,0.8552391585803232,0.5588515540426666,0.0,0.0,2.3147214868090047,0.6351821399908428,3.6441854093101154,2,0.061564700525881005,7,1.0,0.0,0,0.6353477956059661
omnimath-58,omnimath,unknown,2,5,0,7,0.8333333333333334,1.0,0.43492607203340844,0.4349260720334084,1.4140907126229898,0.9006307741860149,0.8552391585803232,0.9006307741860149,0.8552391585803232,0.9006307741860149,0.045391615605691715,0.0,1.4140907126229898,1.0,0.0,2.3147214868090047,0.6351821399908428,3.6441854093101154,2,0.061564700525881005,7,1.0,0.0,0,0.30879646198333993
omnimath-58,omnimath,unknown,2,6,0,7,1.0,0.0,1.3355568462194234,1.3355568462194234,2.3147214868090047,0.0,0.9006307741860149,0.0,0.9006307741860149,0.0,-0.9006307741860149,0.0,2.3147214868090047,1.0,0.0,2.3147214868090047,0.6351821399908428,3.6441854093101154,2,0.061564700525881005,7,1.0,0.0,0,0.13008523852691178
omnimath-59,omnimath,unknown,6,0,0,9,0.0,8.0,0.8835547918435613,0.8835547918435613,0.0,-0.38048219563264507,0.0,-0.9775288502697177,0.0,0.9775288502697177,-0.9775288502697177,0.0,0.0,1.0,1.0,1.6172331941775908,0.07423979943150753,5.125043420728419,5,0.15386092826778663,9,0.0,0.2631578947368421,1,0.33061877286808794
omnimath-59,omnimath,unknown,6,1,0,9,0.125,7.0,-0.09397405842615639,-0.0939740584261564,-0.9775288502697177,0.5970466546370726,-0.9775288502697177,-0.7282385003712154,0.9775288502697177,0.7282385003712154,0.2492903498985023,0.9775288502697177,0.0,0.0,1.0,1.6172331941775908,0.07423979943150753,5.125043420728419,5,0.15386092826778663,9,0.0,0.2631578947368421,1,0.6825466898086471
omnimath-59,omnimath,unknown,6,2,0,9,0.25,6.0,-0.8222125587973718,-0.8222125587973718,-1.705767350640933,1.325285155008288,-0.7282385003712154,0.8410744864017532,0.7282385003712154,0.8410744864017532,1.5693129867729687,1.705767350640933,0.0,0.0,1.0,1.6172331941775908,0.07423979943150753,5.125043420728419,5,0.15386092826778663,9,0.0,0.2631578947368421,1,0.7096583728444836
omnimath-59,omnimath,unknown,6,3,0,9,0.375,5.0,0.01886192760438138,0.018861927604381365,-0.86469286423918,0.4842106686065349,0.8410744864017532,0.7281399802047628,0.8410744864017532,0.7281399802047628,-0.11293450619699041,0.86469286423918,0.8410744864017532,0.0,0.0,1.6172331941775908,0.07423979943150753,5.125043420728419,5,0.15386092826778663,9,0.0,0.2631578947368421,1,0.570275353104823
omnimath-59,omnimath,unknown,6,4,0,9,0.5,4.0,0.7470019078091442,0.7470019078091442,-0.13655288403441712,-0.24392931159822795,0.7281399802047628,-1.1463576157864823,0.7281399802047628,1.1463576157864823,-1.874497595991245,0.13655288403441712,1.569214466606516,0.0,0.0,1.6172331941775908,0.07423979943150753,5.125043420728419,5,0.15386092826778663,9,0.0,0.2631578947368421,1,0.5701490072801622
omnimath-59,omnimath,unknown,6,5,0,9,0.625,3.0,-0.3993557079773382,-0.3993557079773382,-1.2829104998208996,0.9024283041882545,-1.1463576157864823,0.08686012538229304,1.1463576157864823,0.08686012538229304,1.2332177411687755,1.2829104998208996,0.42285685082003355,0.0,0.0,1.6172331941775908,0.07423979943150753,5.125043420728419,5,0.15386092826778663,9,0.0,0.2631578947368421,1,0.33513827009506436
omnimath-59,omnimath,unknown,6,6,1,9,0.75,2.0,-0.3124955825950452,-0.3124955825950452,-1.1960503744386064,0.8155681788059614,0.08686012538229304,-0.21195773307704646,0.08686012538229304,0.21195773307704646,-0.2988178584593395,1.1960503744386064,0.5097169762023266,0.0,0.0,1.6172331941775908,0.07423979943150753,5.125043420728419,5,0.15386092826778663,9,0.0,0.2631578947368421,1,0.25977974534258313
omnimath-59,omnimath,unknown,6,7,0,9,0.875,1.0,-0.5244533156720916,-0.5244533156720916,-1.408008107515653,1.027525911883008,-0.21195773307704646,1.027525911883008,0.21195773307704646,1.027525911883008,1.2394836449600546,1.408008107515653,0.2977592431252801,0.0,0.0,1.6172331941775908,0.07423979943150753,5.125043420728419,5,0.15386092826778663,9,0.0,0.2631578947368421,1,0.21668290121491457
omnimath-59,omnimath,unknown,6,8,0,9,1.0,0.0,0.5030725962109163,0.5030725962109163,-0.38048219563264507,0.0,1.027525911883008,0.0,1.027525911883008,0.0,-1.027525911883008,0.38048219563264507,1.325285155008288,0.0,0.0,1.6172331941775908,0.07423979943150753,5.125043420728419,5,0.15386092826778663,9,0.0,0.2631578947368421,1,0.10596734793554605
omnimath-60,omnimath,unknown,1,0,0,9,0.0,8.0,0.6289033598600491,0.6289033598600491,0.0,-0.2878802295910401,0.0,-1.2053607296007838,0.0,1.2053607296007838,-1.2053607296007838,0.0,0.0,1.0,1.0,1.6787527301360312,0.05017671457873437,5.7373272046202874,5,0.2360586135491676,9,0.7368421052631579,0.21052631578947367,3,0.3653723514811607
omnimath-60,omnimath,unknown,1,1,1,9,0.125,7.0,-0.5764573697407347,-0.5764573697407347,-1.2053607296007838,0.9174805000097437,-1.2053607296007838,-0.2336148511815055,1.2053607296007838,0.2336148511815055,0.9717458784192783,1.2053607296007838,0.0,0.0,1.0,1.6787527301360312,0.05017671457873437,5.7373272046202874,5,0.2360586135491676,9,0.7368421052631579,0.21052631578947367,3,0.6655917864240816
omnimath-60,omnimath,unknown,1,2,0,9,0.25,6.0,-0.8100722209222402,-0.8100722209222402,-1.4389755807822893,1.1510953511912492,-0.2336148511815055,0.9808292530117262,0.2336148511815055,0.9808292530117262,1.2144441041932317,1.4389755807822893,0.0,0.0,1.0,1.6787527301360312,0.05017671457873437,5.7373272046202874,5,0.2360586135491676,9,0.7368421052631579,0.21052631578947367,3,0.6476284953474692
omnimath-60,omnimath,unknown,1,3,0,9,0.375,5.0,0.17075703208948603,0.17075703208948603,-0.4581463277705631,0.17026609817952296,0.9808292530117262,-0.5579724021916924,0.9808292530117262,0.5579724021916924,-1.5388016552034185,0.4581463277705631,0.9808292530117262,0.0,0.0,1.6787527301360312,0.05017671457873437,5.7373272046202874,5,0.2360586135491676,9,0.7368421052631579,0.21052631578947367,3,0.63629357376863
omnimath-60,omnimath,unknown,1,4,0,9,0.5,4.0,-0.3872153701022064,-0.3872153701022064,-1.0161187299622556,0.7282385003712154,-0.5579724021916924,0.3497545010941586,0.5579724021916924,0.3497545010941586,0.907726903285851,1.0161187299622556,0.42285685082003377,0.0,0.0,1.6787527301360312,0.05017671457873437,5.7373272046202874,5,0.2360586135491676,9,0.7368421052631579,0.21052631578947367,3,0.5072379591527585
omnimath-60,omnimath,unknown,1,5,0,9,0.625,3.0,-0.03746086900804782,-0.037460869008047834,-0.6663642288680969,0.3784839992770568,0.3497545010941586,1.0951985466649399,0.3497545010941586,1.0951985466649399,0.7454440455707813,0.6663642288680969,0.7726113519141924,0.0,0.0,1.6787527301360312,0.05017671457873437,5.7373272046202874,5,0.2360586135491676,9,0.7368421052631579,0.21052631578947367,3,0.47314677881233624
omnimath-60,omnimath,unknown,1,6,0,9,0.75,2.0,1.057737677656892,1.057737677656892,0.428834317796843,-0.7167145473878831,1.0951985466649399,-1.444953047759099,1.0951985466649399,1.444953047759099,-2.5401515944240387,0.0,1.8678098985791323,1.0,0.0,1.6787527301360312,0.05017671457873437,5.7373272046202874,5,0.2360586135491676,9,0.7368421052631579,0.21052631578947367,3,0.2711783604537633
omnimath-60,omnimath,unknown,1,7,0,9,0.875,1.0,-0.38721537010220697,-0.38721537010220697,-1.016118729962256,0.728238500371216,-1.444953047759099,0.728238500371216,1.444953047759099,0.728238500371216,2.173191548130315,1.444953047759099,0.4228568508200332,0.0,0.0,1.6787527301360312,0.05017671457873437,5.7373272046202874,5,0.2360586135491676,9,0.7368421052631579,0.21052631578947367,3,0.3721223486841579
omnimath-60,omnimath,unknown,1,8,0,9,1.0,0.0,0.341023130269009,0.341023130269009,-0.2878802295910401,0.0,0.728238500371216,0.0,0.728238500371216,0.0,-0.728238500371216,0.7167145473878831,1.1510953511912492,0.0,0.0,1.6787527301360312,0.05017671457873437,5.7373272046202874,5,0.2360586135491676,9,0.7368421052631579,0.21052631578947367,3,0.126651807501942
omnimath-61,omnimath,unknown,1,0,0,7,0.0,6.0,-0.39908360988339037,-0.39908360988339037,0.0,-0.26734900146491575,0.0,1.6549571121699718,0.0,1.6549571121699718,1.6549571121699718,0.0,0.0,1.0,1.0,2.0292188670800595,0.07052037562699014,3.7910887326952034,2,0.07382521597976154,7,0.15789473684210525,0.8421052631578947,0,0.806546981139799
omnimath-61,omnimath,unknown,1,1,1,7,0.16666666666666666,5.0,1.2558735022865815,1.2558735022865815,1.6549571121699718,-1.9223061136348876,1.6549571121699718,-0.6194728169558299,1.6549571121699718,0.6194728169558299,-2.2744299291258017,0.0,1.6549571121699718,1.0,0.0,2.0292188670800595,0.07052037562699014,3.7910887326952034,2,0.07382521597976154,7,0.15789473684210525,0.8421052631578947,0,0.5715629473067672
omnimath-61,omnimath,unknown,1,2,0,7,0.3333333333333333,4.0,0.6364006853307516,0.6364006853307516,1.0354842952141419,-1.3028332966790577,-0.6194728169558299,-0.22455407899781332,0.6194728169558299,0.22455407899781332,0.3949187379580166,0.6194728169558299,1.0354842952141419,0.0,0.0,2.0292188670800595,0.07052037562699014,3.7910887326952034,2,0.07382521597976154,7,0.15789473684210525,0.8421052631578947,0,0.6262990595698871
omnimath-61,omnimath,unknown,1,3,0,7,0.5,3.0,0.41184660633293824,0.41184660633293824,0.8109302162163285,-1.0782792176812444,-0.22455407899781332,-0.7792241550571934,0.22455407899781332,0.7792241550571934,-0.5546700760593801,0.8440268959536432,0.8109302162163285,0.0,0.0,2.0292188670800595,0.07052037562699014,3.7910887326952034,2,0.07382521597976154,7,0.15789473684210525,0.8421052631578947,0,0.617255326655024
omnimath-61,omnimath,unknown,1,4,0,7,0.6666666666666666,2.0,-0.36737754872425515,-0.36737754872425515,0.03170606115913521,-0.29905506262405096,-0.7792241550571934,-0.5038494752700644,0.7792241550571934,0.5038494752700644,0.27537467978712904,1.6232510510108367,0.03170606115913521,0.0,0.0,2.0292188670800595,0.07052037562699014,3.7910887326952034,2,0.07382521597976154,7,0.15789473684210525,0.8421052631578947,0,0.48534360439547464
omnimath-61,omnimath,unknown,1,5,0,7,0.8333333333333334,1.0,-0.8712270239943196,-0.8712270239943196,-0.47214341411092925,0.2047944126460135,-0.5038494752700644,0.2047944126460135,0.5038494752700644,0.2047944126460135,0.7086438879160779,2.127100526280901,0.0,0.0,1.0,2.0292188670800595,0.07052037562699014,3.7910887326952034,2,0.07382521597976154,7,0.15789473684210525,0.8421052631578947,0,0.3957490867119011
omnimath-61,omnimath,unknown,1,6,0,7,1.0,0.0,-0.6664326113483061,-0.6664326113483061,-0.26734900146491575,0.0,0.2047944126460135,0.0,0.2047944126460135,0.0,-0.2047944126460135,1.9223061136348876,0.2047944126460135,0.0,0.0,2.0292188670800595,0.07052037562699014,3.7910887326952034,2,0.07382521597976154,7,0.15789473684210525,0.8421052631578947,0,0.30328237167311756
omnimath-62,omnimath,unknown,1,0,0,6,0.0,5.0,-0.8014333386120513,-0.8014333386120513,0.0,2.4383866341531073,0.0,0.6990819160797599,0.0,0.6990819160797599,0.6990819160797599,0.0,0.0,1.0,1.0,2.4383866341531073,0.47891308855149356,5.091501344279773,2,0.08397985686963802,6,1.0,0.0,1,0.7418995777160721
omnimath-62,omnimath,unknown,1,1,1,6,0.2,4.0,-0.1023514225322914,-0.10235142253229136,0.6990819160797599,1.7393047180733476,0.6990819160797599,0.7584754650616212,0.6990819160797599,0.7584754650616212,0.05939354898186133,0.0,0.6990819160797599,1.0,0.0,2.4383866341531073,0.47891308855149356,5.091501344279773,2,0.08397985686963802,6,1.0,0.0,1,0.5972380680627174
omnimath-62,omnimath,unknown,1,2,0,6,0.4,3.0,0.6561240425293298,0.6561240425293298,1.4575573811413811,0.9808292530117264,0.7584754650616212,-1.2439832808433218,0.7584754650616212,1.2439832808433218,-2.002458745904943,0.0,1.4575573811413811,1.0,0.0,2.4383866341531073,0.47891308855149356,5.091501344279773,2,0.08397985686963802,6,1.0,0.0,1,0.5812497458507319
omnimath-62,omnimath,unknown,1,3,0,6,0.6,2.0,-0.587859238313992,-0.587859238313992,0.21357410029805934,2.224812533855048,-1.2439832808433218,-0.21357410029805934,1.2439832808433218,0.21357410029805934,1.0304091805452624,1.2439832808433218,0.21357410029805934,0.0,0.0,2.4383866341531073,0.47891308855149356,5.091501344279773,2,0.08397985686963802,6,1.0,0.0,1,0.5136703961401023
omnimath-62,omnimath,unknown,1,4,0,6,0.8,1.0,-0.8014333386120513,-0.8014333386120513,0.0,2.4383866341531073,-0.21357410029805934,2.4383866341531073,0.21357410029805934,2.4383866341531073,2.6519607344511664,1.4575573811413811,0.0,0.0,1.0,2.4383866341531073,0.47891308855149356,5.091501344279773,2,0.08397985686963802,6,1.0,0.0,1,0.47896452082550356
omnimath-62,omnimath,unknown,1,5,0,6,1.0,0.0,1.6369532955410562,1.6369532955410562,2.4383866341531073,0.0,2.4383866341531073,0.0,2.4383866341531073,0.0,-2.4383866341531073,0.0,2.4383866341531073,1.0,0.0,2.4383866341531073,0.47891308855149356,5.091501344279773,2,0.08397985686963802,6,1.0,0.0,1,0.07839983822189285
omnimath-63,omnimath,unknown,2,0,0,5,0.0,4.0,-0.259287606399606,-0.259287606399606,0.0,1.1786549963416464,0.0,-0.9808292530117261,0.0,0.9808292530117261,-0.9808292530117261,0.0,0.0,1.0,1.0,2.0663301151171454,0.20640240167359405,5.710471325840375,3,0.12315048441183324,5,0.5263157894736842,0.2631578947368421,3,0.5989451664467251
omnimath-63,omnimath,unknown,2,1,0,5,0.25,3.0,-1.240116859411332,-1.240116859411332,-0.9808292530117261,2.1594842493533726,-0.9808292530117261,2.3671236141316165,0.9808292530117261,2.3671236141316165,3.3479528671433427,0.9808292530117261,0.0,0.0,1.0,2.0663301151171454,0.20640240167359405,5.710471325840375,3,0.12315048441183324,5,0.5263157894736842,0.2631578947368421,3,0.9230392093838388
omnimath-63,omnimath,unknown,2,2,1,5,0.5,2.0,1.1270067547202844,1.1270067547202844,1.3862943611198904,-0.20763936477824407,2.3671236141316165,-1.6739764335716711,2.3671236141316165,1.6739764335716711,-4.041100047703288,0.0,2.3671236141316165,1.0,0.0,2.0663301151171454,0.20640240167359405,5.710471325840375,3,0.12315048441183324,5,0.5263157894736842,0.2631578947368421,3,0.6961976334852757
omnimath-63,omnimath,unknown,2,3,0,5,0.75,1.0,-0.5469696788513868,-0.5469696788513868,-0.2876820724517808,1.4663370687934272,-1.6739764335716711,1.4663370687934272,1.6739764335716711,1.4663370687934272,3.1403135023650983,1.6739764335716711,0.6931471805599453,0.0,0.0,2.0663301151171454,0.20640240167359405,5.710471325840375,3,0.12315048441183324,5,0.5263157894736842,0.2631578947368421,3,0.7103585061300595
omnimath-63,omnimath,unknown,2,4,0,5,1.0,0.0,0.9193673899420404,0.9193673899420404,1.1786549963416464,0.0,1.4663370687934272,0.0,1.4663370687934272,0.0,-1.4663370687934272,0.20763936477824407,2.1594842493533726,0.0,0.0,2.0663301151171454,0.20640240167359405,5.710471325840375,3,0.12315048441183324,5,0.5263157894736842,0.2631578947368421,3,0.1984011551373382
omnimath-64,omnimath,unknown,2,0,0,6,0.0,5.0,1.272353616984773,1.272353616984773,0.0,-0.43433991663143656,0.0,-1.4869359680128393,0.0,1.4869359680128393,-1.4869359680128393,0.0,0.0,1.0,1.0,2.4449974085909423,0.09405557671285136,4.617907112062714,3,0.07877532944603662,6,0.0,0.5789473684210527,1,0.42167007193528294
omnimath-64,omnimath,unknown,2,1,0,6,0.2,4.0,-0.2145823510280664,-0.21458235102806641,-1.4869359680128393,1.0525960513814028,-1.4869359680128393,0.10275973395776894,1.4869359680128393,0.10275973395776894,1.5896957019706082,1.4869359680128393,0.0,0.0,1.0,2.4449974085909423,0.09405557671285136,4.617907112062714,3,0.07877532944603662,6,0.0,0.5789473684210527,1,0.6603714628266016
omnimath-64,omnimath,unknown,2,2,1,6,0.4,3.0,-0.11182261707029745,-0.11182261707029749,-1.3841762340550703,0.9498363174236337,0.10275973395776894,-1.1856236656577395,0.10275973395776894,1.1856236656577395,-1.2883833996155083,1.3841762340550703,0.10275973395776894,0.0,0.0,2.4449974085909423,0.09405557671285136,4.617907112062714,3,0.07877532944603662,6,0.0,0.5789473684210527,1,0.6878044122085586
omnimath-64,omnimath,unknown,2,3,0,6,0.6,2.0,-1.2974462827280369,-1.2974462827280369,-2.5697998997128098,2.135459983081373,-1.1856236656577395,0.8109302162163285,1.1856236656577395,0.8109302162163285,1.996553881874068,2.5697998997128098,0.0,0.0,1.0,2.4449974085909423,0.09405557671285136,4.617907112062714,3,0.07877532944603662,6,0.0,0.5789473684210527,1,0.7054294616221735
omnimath-64,omnimath,unknown,2,4,0,6,0.8,1.0,-0.48651606651170826,-0.4865160665117083,-1.7588696834964812,1.3245297668650446,0.8109302162163285,1.3245297668650446,0.8109302162163285,1.3245297668650446,0.5135995506487161,1.7588696834964812,0.8109302162163285,0.0,0.0,2.4449974085909423,0.09405557671285136,4.617907112062714,3,0.07877532944603662,6,0.0,0.5789473684210527,1,0.5452494503516547
omnimath-64,omnimath,unknown,2,5,0,6,1.0,0.0,0.8380137003533363,0.8380137003533363,-0.43433991663143656,0.0,1.3245297668650446,0.0,1.3245297668650446,0.0,-1.3245297668650446,0.43433991663143656,2.135459983081373,0.0,0.0,2.4449974085909423,0.09405557671285136,4.617907112062714,3,0.07877532944603662,6,0.0,0.5789473684210527,1,0.2391380067722077
omnimath-65,omnimath,unknown,5,0,0,7,0.0,6.0,1.1457858183440952,1.1457858183440952,0.0,-1.2964380319980298,0.0,-1.2964380319980298,0.0,1.2964380319980298,-1.2964380319980298,0.0,0.0,1.0,1.0,2.2256446927459814,0.2986683557726614,4.340727790341622,3,0.1262237308315469,7,0.0,0.8421052631578947,1,0.48247575183943775
omnimath-65,omnimath,unknown,5,1,0,7,0.16666666666666666,5.0,-0.1506522136539346,-0.1506522136539346,-1.2964380319980298,0.0,-1.2964380319980298,0.7389567165912396,1.2964380319980298,0.7389567165912396,2.0353947485892694,1.2964380319980298,0.0,0.0,1.0,2.2256446927459814,0.2986683557726614,4.340727790341622,3,0.1262237308315469,7,0.0,0.8421052631578947,1,0.7472466409015482
omnimath-65,omnimath,unknown,5,2,0,7,0.3333333333333333,4.0,0.588304502937305,0.588304502937305,-0.5574813154067902,-0.7389567165912396,0.7389567165912396,-0.7389567165912397,0.7389567165912396,0.7389567165912397,-1.4779134331824793,0.5574813154067902,0.7389567165912396,0.0,0.0,2.2256446927459814,0.2986683557726614,4.340727790341622,3,0.1262237308315469,7,0.0,0.8421052631578947,1,0.6731379200852587
omnimath-65,omnimath,unknown,5,3,0,7,0.5,3.0,-0.15065221365393477,-0.15065221365393477,-1.29643803199803,1.6653345369377348e-16,-0.7389567165912397,0.0,0.7389567165912397,0.0,0.7389567165912397,1.29643803199803,0.0,0.0,1.0,2.2256446927459814,0.2986683557726614,4.340727790341622,3,0.1262237308315469,7,0.0,0.8421052631578947,1,0.4403533106958765
omnimath-65,omnimath,unknown,5,4,0,7,0.6666666666666666,2.0,-0.15065221365393477,-0.15065221365393477,-1.29643803199803,1.6653345369377348e-16,0.0,-0.9808292530117269,0.0,0.9808292530117269,-0.9808292530117269,1.29643803199803,0.0,0.0,1.0,2.2256446927459814,0.2986683557726614,4.340727790341622,3,0.1262237308315469,7,0.0,0.8421052631578947,1,0.4800791056826151
omnimath-65,omnimath,unknown,5,5,1,7,0.8333333333333334,1.0,-1.1314814666656616,-1.1314814666656616,-2.277267285009757,0.9808292530117271,-0.9808292530117269,0.9808292530117271,0.9808292530117269,0.9808292530117271,1.961658506023454,2.277267285009757,0.0,0.0,1.0,2.2256446927459814,0.2986683557726614,4.340727790341622,3,0.1262237308315469,7,0.0,0.8421052631578947,1,0.5378526725757017
omnimath-65,omnimath,unknown,5,6,0,7,1.0,0.0,-0.1506522136539346,-0.1506522136539346,-1.2964380319980298,0.0,0.9808292530117271,0.0,0.9808292530117271,0.0,-0.9808292530117271,1.2964380319980298,0.9808292530117271,0.0,0.0,2.2256446927459814,0.2986683557726614,4.340727790341622,3,0.1262237308315469,7,0.0,0.8421052631578947,1,0.2986954468826065
omnimath-66,omnimath,unknown,1,0,0,9,0.0,8.0,-0.07199774913609083,-0.0719977491360908,0.0,-0.5389965007326873,0.0,1.0669204812652213,0.0,1.0669204812652213,1.0669204812652213,0.0,0.0,1.0,1.0,1.437455853377084,0.1005869358636463,5.358513967095494,7,0.25469371353527986,9,0.10526315789473684,1.0,3,0.5469179168656254
omnimath-66,omnimath,unknown,1,1,1,9,0.125,7.0,0.9949227321291305,0.9949227321291305,1.0669204812652213,-1.6059169819979087,1.0669204812652213,-1.6059169819979084,1.0669204812652213,1.6059169819979084,-2.6728374632631295,0.0,1.0669204812652213,1.0,0.0,1.437455853377084,0.1005869358636463,5.358513967095494,7,0.25469371353527986,9,0.10526315789473684,1.0,3,0.6969949252723886
omnimath-66,omnimath,unknown,1,2,0,9,0.25,6.0,-0.6109942498687779,-0.6109942498687779,-0.5389965007326871,-2.220446049250313e-16,-1.6059169819979084,0.7472144018302209,1.6059169819979084,0.7472144018302209,2.3531313838281296,1.6059169819979084,0.0,0.0,1.0,1.437455853377084,0.1005869358636463,5.358513967095494,7,0.25469371353527986,9,0.10526315789473684,1.0,3,0.7259368566821884
omnimath-66,omnimath,unknown,1,3,0,9,0.375,5.0,0.13622015196144302,0.13622015196144305,0.20821790109753385,-0.7472144018302211,0.7472144018302209,-0.018975901459005462,0.7472144018302209,0.018975901459005462,-0.7661903032892263,0.8587025801676875,0.7472144018302209,0.0,0.0,1.437455853377084,0.1005869358636463,5.358513967095494,7,0.25469371353527986,9,0.10526315789473684,1.0,3,0.5286353901638378
omnimath-66,omnimath,unknown,1,4,0,9,0.5,4.0,0.11724425050243756,0.11724425050243759,0.1892419996385284,-0.7282385003712157,-0.018975901459005462,0.1695141105040284,0.018975901459005462,0.1695141105040284,0.18849001196303386,0.8776784816266929,0.7282385003712155,0.0,0.0,1.437455853377084,0.1005869358636463,5.358513967095494,7,0.25469371353527986,9,0.10526315789473684,1.0,3,0.3840573944673762
omnimath-66,omnimath,unknown,1,5,0,9,0.625,3.0,0.28675836100646596,0.28675836100646596,0.3587561101425568,-0.897752610875244,0.1695141105040284,-0.8977526108752438,0.1695141105040284,0.8977526108752438,-1.0672667213792721,0.7081643711226646,0.8977526108752438,0.0,0.0,1.437455853377084,0.1005869358636463,5.358513967095494,7,0.25469371353527986,9,0.10526315789473684,1.0,3,0.4514006742885787
omnimath-66,omnimath,unknown,1,6,0,9,0.75,2.0,-0.6109942498687779,-0.6109942498687779,-0.5389965007326871,-2.220446049250313e-16,-0.8977526108752438,0.9808292530117255,0.8977526108752438,0.9808292530117255,1.8785818638869693,1.6059169819979084,0.0,0.0,1.0,1.437455853377084,0.1005869358636463,5.358513967095494,7,0.25469371353527986,9,0.10526315789473684,1.0,3,0.3688731779145514
omnimath-66,omnimath,unknown,1,7,0,9,0.875,1.0,0.3698350031429476,0.3698350031429476,0.4418327522790384,-0.9808292530117257,0.9808292530117255,-0.9808292530117257,0.9808292530117255,0.9808292530117257,-1.9616585060234513,0.6250877289861829,0.9808292530117255,0.0,0.0,1.437455853377084,0.1005869358636463,5.358513967095494,7,0.25469371353527986,9,0.10526315789473684,1.0,3,0.3805716926707948
omnimath-66,omnimath,unknown,1,8,0,9,1.0,0.0,-0.6109942498687781,-0.6109942498687781,-0.5389965007326873,0.0,-0.9808292530117257,0.0,0.9808292530117257,0.0,0.9808292530117257,1.6059169819979087,0.0,0.0,1.0,1.437455853377084,0.1005869358636463,5.358513967095494,7,0.25469371353527986,9,0.10526315789473684,1.0,3,0.1425087985335264
omnimath-67,omnimath,unknown,3,0,0,18,0.0,17.0,0.24637261830059484,0.24637261830059484,0.0,-0.03240724295477834,0.0,-0.44183275227903945,0.0,0.44183275227903945,-0.44183275227903945,0.0,0.0,1.0,1.0,1.0964571625328952,0.005851069988936591,5.538686601947182,11,0.3946125143514985,18,0.42105263157894735,0.10526315789473684,4,0.24068099265616918
omnimath-67,omnimath,unknown,3,1,0,18,0.058823529411764705,16.0,-0.1954601339784446,-0.1954601339784446,-0.44183275227903945,0.40942550932426114,-0.44183275227903945,-0.3610133455373302,0.44183275227903945,0.3610133455373302,0.08081940674170923,0.44183275227903945,0.0,0.0,1.0,1.0964571625328952,0.005851069988936591,5.538686601947182,11,0.3946125143514985,18,0.42105263157894735,0.10526315789473684,4,0.44640340982886373
omnimath-67,omnimath,unknown,3,2,0,18,0.11764705882352941,15.0,-0.5564734795157749,-0.5564734795157749,-0.8028460978163697,0.7704388548615914,-0.3610133455373302,0.739730871038885,0.3610133455373302,0.739730871038885,1.1007442165762154,0.8028460978163697,0.0,0.0,1.0,1.0964571625328952,0.005851069988936591,5.538686601947182,11,0.3946125143514985,18,0.42105263157894735,0.10526315789473684,4,0.47795461960320595
omnimath-67,omnimath,unknown,3,3,1,18,0.17647058823529413,14.0,0.18325739152311016,0.18325739152311016,-0.06311522677748468,0.030707983822706342,0.739730871038885,-0.027414125364733033,0.739730871038885,0.027414125364733033,-0.7671449964036181,0.06311522677748468,0.739730871038885,0.0,0.0,1.0964571625328952,0.005851069988936591,5.538686601947182,11,0.3946125143514985,18,0.42105263157894735,0.10526315789473684,4,0.45973268274818163
omnimath-67,omnimath,unknown,3,4,0,18,0.23529411764705882,13.0,0.15584326615837713,0.15584326615837713,-0.09052935214221772,0.058122109187439375,-0.027414125364733033,-0.4069350961229703,0.027414125364733033,0.4069350961229703,-0.37952097075823726,0.09052935214221772,0.7123167456741519,0.0,0.0,1.0964571625328952,0.005851069988936591,5.538686601947182,11,0.3946125143514985,18,0.42105263157894735,0.10526315789473684,4,0.4589904383047524
omnimath-67,omnimath,unknown,3,5,0,18,0.29411764705882354,12.0,-0.25109182996459317,-0.25109182996459317,-0.497464448265188,0.46505720531040967,-0.4069350961229703,0.04592175058563952,0.4069350961229703,0.04592175058563952,0.4528568467086098,0.497464448265188,0.3053816495511817,0.0,0.0,1.0964571625328952,0.005851069988936591,5.538686601947182,11,0.3946125143514985,18,0.42105263157894735,0.10526315789473684,4,0.4402480406035795
omnimath-67,omnimath,unknown,3,6,0,18,0.35294117647058826,11.0,-0.20517007937895365,-0.20517007937895365,-0.45154269767954847,0.41913545472477015,0.04592175058563952,0.8858041596198121,0.04592175058563952,0.8858041596198121,0.8398824090341726,0.45154269767954847,0.3513034001368212,0.0,0.0,1.0964571625328952,0.005851069988936591,5.538686601947182,11,0.3946125143514985,18,0.42105263157894735,0.10526315789473684,4,0.4089886233613402
omnimath-67,omnimath,unknown,3,7,0,18,0.4117647058823529,10.0,0.6806340802408585,0.6806340802408585,0.4342614619402636,-0.466668704895042,0.8858041596198121,-0.40943472170056927,0.8858041596198121,0.40943472170056927,-1.2952388813203815,0.0,1.2371075597566334,1.0,0.0,1.0964571625328952,0.005851069988936591,5.538686601947182,11,0.3946125143514985,18,0.42105263157894735,0.10526315789473684,4,0.17127467362567855
omnimath-67,omnimath,unknown,3,8,0,18,0.47058823529411764,9.0,0.2711993585402892,0.2711993585402892,0.02482674023969436,-0.057233983194472704,-0.40943472170056927,-0.22153703448574863,0.40943472170056927,0.22153703448574863,0.18789768721482064,0.40943472170056927,0.8276728380560641,0.0,0.0,1.0964571625328952,0.005851069988936591,5.538686601947182,11,0.3946125143514985,18,0.42105263157894735,0.10526315789473684,4,0.25551437779738256
omnimath-67,omnimath,unknown,3,9,0,18,0.5294117647058824,8.0,0.04966232405454057,0.04966232405454055,-0.19671029424605427,0.16430305129127593,-0.22153703448574863,0.16430305129127593,0.22153703448574863,0.16430305129127593,0.38584008577702456,0.630971756186318,0.6061358035703154,0.0,0.0,1.0964571625328952,0.005851069988936591,5.538686601947182,11,0.3946125143514985,18,0.42105263157894735,0.10526315789473684,4,0.20605640448644383
omnimath-67,omnimath,unknown,3,10,0,18,0.5882352941176471,7.0,0.2139653753458165,0.2139653753458165,-0.03240724295477834,0.0,0.16430305129127593,-0.6061358035703155,0.16430305129127593,0.6061358035703155,-0.7704388548615915,0.466668704895042,0.7704388548615914,0.0,0.0,1.0964571625328952,0.005851069988936591,5.538686601947182,11,0.3946125143514985,18,0.42105263157894735,0.10526315789473684,4,0.2021638448660803
omnimath-67,omnimath,unknown,3,11,0,18,0.6470588235294118,6.0,-0.392170428224499,-0.392170428224499,-0.6385430465250939,0.6061358035703155,-0.6061358035703155,0.0,0.6061358035703155,0.0,0.6061358035703155,1.0728045084653575,0.16430305129127587,0.0,0.0,1.0964571625328952,0.005851069988936591,5.538686601947182,11,0.3946125143514985,18,0.42105263157894735,0.10526315789473684,4,0.19536534331948804
omnimath-67,omnimath,unknown,3,12,0,18,0.7058823529411765,5.0,-0.392170428224499,-0.392170428224499,-0.6385430465250939,0.6061358035703155,0.0,0.6061358035703157,0.0,0.6061358035703157,0.6061358035703157,1.0728045084653575,0.16430305129127587,0.0,0.0,1.0964571625328952,0.005851069988936591,5.538686601947182,11,0.3946125143514985,18,0.42105263157894735,0.10526315789473684,4,0.15323155892987392
omnimath-67,omnimath,unknown,3,13,0,18,0.7647058823529411,4.0,0.2139653753458167,0.2139653753458167,-0.03240724295477815,-1.942890293094024e-16,0.6061358035703157,-0.32089176564596467,0.6061358035703157,0.32089176564596467,-0.9270275692162804,0.46666870489504175,0.7704388548615916,0.0,0.0,1.0964571625328952,0.005851069988936591,5.538686601947182,11,0.3946125143514985,18,0.42105263157894735,0.10526315789473684,4,0.11584303879179582
omnimath-67,omnimath,unknown,3,14,0,18,0.8235294117647058,3.0,-0.10692639030014794,-0.10692639030014796,-0.3532990086007428,0.32089176564596444,-0.32089176564596467,0.36969442325634033,0.32089176564596467,0.36969442325634033,0.690586188902305,0.7875604705410064,0.4495470892156269,0.0,0.0,1.0964571625328952,0.005851069988936591,5.538686601947182,11,0.3946125143514985,18,0.42105263157894735,0.10526315789473684,4,0.11193591544923928
omnimath-67,omnimath,unknown,3,15,0,18,0.8823529411764706,2.0,0.2627680329561924,0.2627680329561924,0.016395414655597546,-0.04880265761037589,0.36969442325634033,-0.6549384611806925,0.36969442325634033,0.6549384611806925,-1.024632884437033,0.4178660472846661,0.8192415124719672,0.0,0.0,1.0964571625328952,0.005851069988936591,5.538686601947182,11,0.3946125143514985,18,0.42105263157894735,0.10526315789473684,4,0.09705818007296105
omnimath-67,omnimath,unknown,3,16,0,18,0.9411764705882353,1.0,-0.3921704282245002,-0.3921704282245002,-0.6385430465250951,0.6061358035703167,-0.6549384611806925,0.6061358035703167,0.6549384611806925,0.6061358035703167,1.2610742647510094,1.0728045084653588,0.16430305129127465,0.0,0.0,1.0964571625328952,0.005851069988936591,5.538686601947182,11,0.3946125143514985,18,0.42105263157894735,0.10526315789473684,4,0.11037241741919727
omnimath-67,omnimath,unknown,3,17,0,18,1.0,0.0,0.2139653753458165,0.2139653753458165,-0.03240724295477834,0.0,0.6061358035703167,0.0,0.6061358035703167,0.0,-0.6061358035703167,0.466668704895042,0.7704388548615914,0.0,0.0,1.0964571625328952,0.005851069988936591,5.538686601947182,11,0.3946125143514985,18,0.42105263157894735,0.10526315789473684,4,0.05049084572282598
omnimath-68,omnimath,unknown,2,0,0,7,0.0,6.0,1.4946556360398928,1.4946556360398928,0.0,-1.7414976344471669,0.0,-1.831975219413283,0.0,1.831975219413283,-1.831975219413283,0.0,0.0,1.0,1.0,2.089804328715383,0.45607402272094766,3.818453908112007,4,0.1095136380480961,7,0.0,0.631578947368421,2,0.4393448226805207
omnimath-68,omnimath,unknown,2,1,0,7,0.16666666666666666,5.0,-0.33731958337339013,-0.3373195833733901,-1.831975219413283,0.09047758496611613,-1.831975219413283,0.6061358035703157,1.831975219413283,0.6061358035703157,2.4381110229835987,1.831975219413283,0.0,0.0,1.0,2.089804328715383,0.45607402272094766,3.818453908112007,4,0.1095136380480961,7,0.0,0.631578947368421,2,0.7704921258446833
omnimath-68,omnimath,unknown,2,2,1,7,0.3333333333333333,4.0,0.2688162201969256,0.26881622019692564,-1.2258394158429673,-0.5156582186041996,0.6061358035703157,-0.8639649128724154,0.6061358035703157,0.8639649128724154,-1.470100716442731,1.2258394158429673,0.6061358035703157,0.0,0.0,2.089804328715383,0.45607402272094766,3.818453908112007,4,0.1095136380480961,7,0.0,0.631578947368421,2,0.7186453281247706
omnimath-68,omnimath,unknown,2,3,0,7,0.5,3.0,-0.5951486926754899,-0.5951486926754899,-2.089804328715383,0.34830669426821587,-0.8639649128724154,-2.220446049250313e-16,0.8639649128724154,2.220446049250313e-16,0.8639649128724152,2.089804328715383,0.0,0.0,1.0,2.089804328715383,0.45607402272094766,3.818453908112007,4,0.1095136380480961,7,0.0,0.631578947368421,2,0.5554697732130573
omnimath-68,omnimath,unknown,2,4,0,7,0.6666666666666666,2.0,-0.5951486926754901,-0.5951486926754901,-2.089804328715383,0.3483066942682161,-2.220446049250313e-16,0.6061358035703156,2.220446049250313e-16,0.6061358035703156,0.6061358035703158,2.089804328715383,0.0,0.0,1.0,2.089804328715383,0.45607402272094766,3.818453908112007,4,0.1095136380480961,7,0.0,0.631578947368421,2,0.46298915578631844
omnimath-68,omnimath,unknown,2,5,0,7,0.8333333333333334,1.0,0.010987110894825514,0.010987110894825554,-1.4836685251450672,-0.2578291093020995,0.6061358035703156,-0.2578291093020995,0.6061358035703156,0.2578291093020995,-0.8639649128724152,1.4836685251450672,0.6061358035703156,0.0,0.0,2.089804328715383,0.45607402272094766,3.818453908112007,4,0.1095136380480961,7,0.0,0.631578947368421,2,0.3662534797004272
omnimath-68,omnimath,unknown,2,6,0,7,1.0,0.0,-0.246841998407274,-0.24684199840727397,-1.7414976344471669,0.0,-0.2578291093020995,0.0,0.2578291093020995,0.0,0.2578291093020995,1.7414976344471669,0.3483066942682161,0.0,0.0,2.089804328715383,0.45607402272094766,3.818453908112007,4,0.1095136380480961,7,0.0,0.631578947368421,2,0.24308119329009084
omnimath-69,omnimath,unknown,0,0,1,10,0.0,9.0,-0.5864139997248651,-0.5864139997248651,0.0,0.2559333741372005,0.0,0.2231435513142097,0.0,0.2231435513142097,0.2231435513142097,0.0,0.0,1.0,1.0,1.5316710146749168,0.05148151719457605,4.9713642503947995,7,0.2690020625567568,10,0.6842105263157895,0.21052631578947367,3,0.4935810204995447
omnimath-69,omnimath,unknown,0,1,0,10,0.1111111111111111,8.0,-0.36327044841065537,-0.36327044841065537,0.2231435513142097,0.03278982282299081,0.2231435513142097,-0.4054651081081644,0.2231435513142097,0.4054651081081644,-0.6286086594223741,0.0,0.2231435513142097,1.0,0.0,1.5316710146749168,0.05148151719457605,4.9713642503947995,7,0.2690020625567568,10,0.6842105263157895,0.21052631578947367,3,0.5999552403149959
omnimath-69,omnimath,unknown,0,2,0,10,0.2222222222222222,7.0,-0.7687355565188198,-0.7687355565188198,-0.18232155679395468,0.4382549309311552,-0.4054651081081644,0.9162907318741551,0.4054651081081644,0.9162907318741551,1.3217558399823195,0.4054651081081644,0.0,0.0,1.0,1.5316710146749168,0.05148151719457605,4.9713642503947995,7,0.2690020625567568,10,0.6842105263157895,0.21052631578947367,3,0.6876444586364282
omnimath-69,omnimath,unknown,0,3,0,10,0.3333333333333333,6.0,0.14755517535533533,0.14755517535533533,0.7339691750802004,-0.4780358009429999,0.9162907318741551,0.18786173716956986,0.9162907318741551,0.18786173716956986,-0.7284289947045852,0.0,0.9162907318741551,1.0,0.0,1.5316710146749168,0.05148151719457605,4.9713642503947995,7,0.2690020625567568,10,0.6842105263157895,0.21052631578947367,3,0.39456574423765206
omnimath-69,omnimath,unknown,0,4,0,10,0.4444444444444444,5.0,0.3354169125249052,0.3354169125249052,0.9218309122497703,-0.6658975381125698,0.18786173716956986,-0.6658975381125698,0.18786173716956986,0.6658975381125698,-0.8537592752821397,0.0,1.104152469043725,1.0,0.0,1.5316710146749168,0.05148151719457605,4.9713642503947995,7,0.2690020625567568,10,0.6842105263157895,0.21052631578947367,3,0.3142325527896046
omnimath-69,omnimath,unknown,0,5,0,10,0.5555555555555556,4.0,-0.33048062558766456,-0.33048062558766456,0.2559333741372005,0.0,-0.6658975381125698,1.2450528300694006,0.6658975381125698,1.2450528300694006,1.9109503681819704,0.6658975381125698,0.4382549309311552,0.0,0.0,1.5316710146749168,0.05148151719457605,4.9713642503947995,7,0.2690020625567568,10,0.6842105263157895,0.21052631578947367,3,0.5920208684114806
omnimath-69,omnimath,unknown,0,6,0,10,0.6666666666666666,3.0,0.9145722044817359,0.9145722044817359,1.5009862042066011,-1.2450528300694006,1.2450528300694006,-0.6900559879902722,1.2450528300694006,0.6900559879902722,-1.935108818059673,0.0,1.6833077610005556,1.0,0.0,1.5316710146749168,0.05148151719457605,4.9713642503947995,7,0.2690020625567568,10,0.6842105263157895,0.21052631578947367,3,0.20848653396252434
omnimath-69,omnimath,unknown,0,7,0,10,0.7777777777777778,2.0,0.2245162164914637,0.2245162164914637,0.8109302162163288,-0.5549968420791282,-0.6900559879902722,0.5328045304847654,0.6900559879902722,0.5328045304847654,1.2228605184750376,0.6900559879902722,0.9932517730102834,0.0,0.0,1.5316710146749168,0.05148151719457605,4.9713642503947995,7,0.2690020625567568,10,0.6842105263157895,0.21052631578947367,3,0.24914879363198292
omnimath-69,omnimath,unknown,0,8,0,10,0.8888888888888888,1.0,0.7573207469762291,0.7573207469762291,1.3437347467010943,-1.0878013725638938,0.5328045304847654,-1.0878013725638938,0.5328045304847654,1.0878013725638938,-1.6206059030486593,0.15725145750550684,1.5260563034950487,0.0,0.0,1.5316710146749168,0.05148151719457605,4.9713642503947995,7,0.2690020625567568,10,0.6842105263157895,0.21052631578947367,3,0.2410779557555504
omnimath-69,omnimath,unknown,0,9,0,10,1.0,0.0,-0.33048062558766456,-0.33048062558766456,0.2559333741372005,0.0,-1.0878013725638938,0.0,1.0878013725638938,0.0,1.0878013725638938,1.2450528300694006,0.4382549309311552,0.0,0.0,1.5316710146749168,0.05148151719457605,4.9713642503947995,7,0.2690020625567568,10,0.6842105263157895,0.21052631578947367,3,0.1683917896963239
omnimath-70,omnimath,unknown,4,0,0,7,0.0,6.0,0.46767178212397115,0.4676717821239712,0.0,0.5455937895915757,0.0,-1.1863582576249536,0.0,1.1863582576249536,-1.1863582576249536,0.0,0.0,1.0,1.0,1.8393520341892557,0.12753710000754234,4.277922185460623,3,0.10979104299235641,7,1.0,0.631578947368421,3,0.545949470159175
omnimath-70,omnimath,unknown,4,1,0,7,0.16666666666666666,5.0,-0.7186864755009825,-0.7186864755009825,-1.1863582576249536,1.7319520472165293,-1.1863582576249536,0.7095336100602931,1.1863582576249536,0.7095336100602931,1.8958918676852468,1.1863582576249536,0.0,0.0,1.0,1.8393520341892557,0.12753710000754234,4.277922185460623,3,0.10979104299235641,7,1.0,0.631578947368421,3,0.8260728755377873
omnimath-70,omnimath,unknown,4,2,0,7,0.3333333333333333,4.0,-0.00915286544068944,-0.009152865440689408,-0.4768246475646606,1.0224184371562361,0.7095336100602931,-0.4517045007581935,0.7095336100602931,0.4517045007581935,-1.1612381108184866,0.4768246475646606,0.7095336100602931,0.0,0.0,1.8393520341892557,0.12753710000754234,4.277922185460623,3,0.10979104299235641,7,1.0,0.631578947368421,3,0.7599893351487033
omnimath-70,omnimath,unknown,4,3,0,7,0.5,3.0,-0.46085736619888296,-0.4608573661988829,-0.9285291483228542,1.4741229379144296,-0.4517045007581935,-0.46262352194811285,0.4517045007581935,0.46262352194811285,-0.010919021189919331,0.9285291483228542,0.25782910930209957,0.0,0.0,1.8393520341892557,0.12753710000754234,4.277922185460623,3,0.10979104299235641,7,1.0,0.631578947368421,3,0.6934703221907148
omnimath-70,omnimath,unknown,4,4,1,7,0.6666666666666666,2.0,-0.9234808881469958,-0.9234808881469958,-1.391152670270967,1.9367464598625426,-0.46262352194811285,1.5547211295950285,0.46262352194811285,1.5547211295950285,2.0173446515431412,1.391152670270967,0.0,0.0,1.0,1.8393520341892557,0.12753710000754234,4.277922185460623,3,0.10979104299235641,7,1.0,0.631578947368421,3,0.6645856255897118
omnimath-70,omnimath,unknown,4,5,0,7,0.8333333333333334,1.0,0.6312402414480327,0.6312402414480327,0.16356845932406155,0.38202533026751406,1.5547211295950285,0.38202533026751406,1.5547211295950285,0.38202533026751406,-1.1726957993275144,0.0,1.5547211295950285,1.0,0.0,1.8393520341892557,0.12753710000754234,4.277922185460623,3,0.10979104299235641,7,1.0,0.631578947368421,3,0.28067349656771473
omnimath-70,omnimath,unknown,4,6,0,7,1.0,0.0,1.0132655717155468,1.0132655717155468,0.5455937895915757,0.0,0.38202533026751406,0.0,0.38202533026751406,0.0,-0.38202533026751406,0.0,1.9367464598625426,1.0,0.0,1.8393520341892557,0.12753710000754234,4.277922185460623,3,0.10979104299235641,7,1.0,0.631578947368421,3,0.07986916804951824
omnimath-71,omnimath,unknown,3,0,0,6,0.0,5.0,-0.6612099044785709,-0.6612099044785709,0.0,1.085266046715215,0.0,0.27193371548364176,0.0,0.27193371548364176,0.27193371548364176,0.0,0.0,1.0,1.0,2.5317331412923862,0.1968617291295148,5.512834066398053,3,0.15441942355560664,6,0.7894736842105263,0.5789473684210527,2,0.7353186432257276
omnimath-71,omnimath,unknown,3,1,0,6,0.2,4.0,-0.3892761889949291,-0.3892761889949291,0.27193371548364176,0.8133323312315733,0.27193371548364176,0.5882675497394697,0.27193371548364176,0.5882675497394697,0.31633383425582795,0.0,0.27193371548364176,1.0,0.0,2.5317331412923862,0.1968617291295148,5.512834066398053,3,0.15441942355560664,6,0.7894736842105263,0.5789473684210527,2,0.6770118545879766
omnimath-71,omnimath,unknown,3,2,0,6,0.4,3.0,0.19899136074454057,0.19899136074454057,0.8602012652231115,0.22506478149210365,0.5882675497394697,-1.3991977659557984,0.5882675497394697,1.3991977659557984,-1.987465315695268,0.0,0.8602012652231115,1.0,0.0,2.5317331412923862,0.1968617291295148,5.512834066398053,3,0.15441942355560664,6,0.7894736842105263,0.5789473684210527,2,0.6600984345941036
omnimath-71,omnimath,unknown,3,3,1,6,0.6,2.0,-1.2002064052112578,-1.2002064052112578,-0.5389965007326869,1.624262547447902,-1.3991977659557984,2.8278514009148306,1.3991977659557984,2.8278514009148306,4.2270491668706285,1.3991977659557984,0.0,0.0,1.0,2.5317331412923862,0.1968617291295148,5.512834066398053,3,0.15441942355560664,6,0.7894736842105263,0.5789473684210527,2,0.8327223619734553
omnimath-71,omnimath,unknown,3,4,0,6,0.8,1.0,1.6276449957035728,1.6276449957035728,2.2888549001821437,-1.2035888534669286,2.8278514009148306,-1.2035888534669286,2.8278514009148306,1.2035888534669286,-4.031440254381759,0.0,2.8278514009148306,1.0,0.0,2.5317331412923862,0.1968617291295148,5.512834066398053,3,0.15441942355560664,6,0.7894736842105263,0.5789473684210527,2,0.366205515316225
omnimath-71,omnimath,unknown,3,5,0,6,1.0,0.0,0.42405614223664423,0.42405614223664423,1.085266046715215,0.0,-1.2035888534669286,0.0,1.2035888534669286,0.0,1.2035888534669286,1.2035888534669286,1.624262547447902,0.0,0.0,2.5317331412923862,0.1968617291295148,5.512834066398053,3,0.15441942355560664,6,0.7894736842105263,0.5789473684210527,2,0.246898437953521
omnimath-72,omnimath,unknown,4,0,0,13,0.0,12.0,0.16742857312341358,0.16742857312341355,0.0,-0.8654775888847355,0.0,-0.19554464565156043,0.0,0.19554464565156043,-0.19554464565156043,0.0,0.0,1.0,1.0,1.2898529206794789,0.19416499543446245,4.457433673603977,4,0.18926976126978146,13,0.42105263157894735,1.0,1,0.49711396054548473
omnimath-72,omnimath,unknown,4,1,0,13,0.08333333333333333,11.0,-0.028116072528146838,-0.028116072528146855,-0.19554464565156043,-0.669932943233175,-0.19554464565156043,-0.30891959769584687,0.19554464565156043,0.30891959769584687,-0.11337495204428644,0.19554464565156043,0.0,0.0,1.0,1.2898529206794789,0.19416499543446245,4.457433673603977,4,0.18926976126978146,13,0.42105263157894735,1.0,1,0.7019825842137046
omnimath-72,omnimath,unknown,4,2,0,13,0.16666666666666666,10.0,-0.3370356702239937,-0.3370356702239937,-0.5044642433474074,-0.3610133455373281,-0.30891959769584687,0.6343419981304746,0.30891959769584687,0.6343419981304746,0.9432615958263215,0.5044642433474074,0.0,0.0,1.0,1.2898529206794789,0.19416499543446245,4.457433673603977,4,0.18926976126978146,13,0.42105263157894735,1.0,1,0.7076416647413111
omnimath-72,omnimath,unknown,4,3,0,13,0.25,9.0,0.2973063279064809,0.2973063279064809,0.12987775478306735,-0.9953553436678028,0.6343419981304746,0.01702226707884691,0.6343419981304746,0.01702226707884691,-0.6173197310516277,0.0,0.6343419981304746,1.0,0.0,1.2898529206794789,0.19416499543446245,4.457433673603977,4,0.18926976126978146,13,0.42105263157894735,1.0,1,0.3786477178937658
omnimath-72,omnimath,unknown,4,4,1,13,0.3333333333333333,8.0,0.31432859498532784,0.31432859498532784,0.14690002186191425,-1.0123776107466496,0.01702226707884691,0.3154595942166718,0.01702226707884691,0.3154595942166718,0.2984373271378249,0.0,0.6513642652093216,1.0,0.0,1.2898529206794789,0.19416499543446245,4.457433673603977,4,0.18926976126978146,13,0.42105263157894735,1.0,1,0.30320100314135945
omnimath-72,omnimath,unknown,4,5,0,13,0.4166666666666667,7.0,0.6297881892019996,0.6297881892019996,0.46235961607858606,-1.3278372049633216,0.3154595942166718,-0.7217014013930083,0.3154595942166718,0.7217014013930083,-1.0371609956096801,0.0,0.9668238594259934,1.0,0.0,1.2898529206794789,0.19416499543446245,4.457433673603977,4,0.18926976126978146,13,0.42105263157894735,1.0,1,0.33740116769238615
omnimath-72,omnimath,unknown,4,6,0,13,0.5,6.0,-0.0919132121910087,-0.09191321219100872,-0.2593417853144223,-0.6061358035703132,-0.7217014013930083,-0.6061358035703155,0.7217014013930083,0.6061358035703155,0.11556559782269282,0.7217014013930083,0.24512245803298502,0.0,0.0,1.2898529206794789,0.19416499543446245,4.457433673603977,4,0.18926976126978146,13,0.42105263157894735,1.0,1,0.4966437921848072
omnimath-72,omnimath,unknown,4,7,0,13,0.5833333333333334,5.0,-0.6980490157613242,-0.6980490157613242,-0.8654775888847377,2.3314683517128287e-15,-0.6061358035703155,0.9315582040049434,0.6061358035703155,0.9315582040049434,1.5376940075752588,1.3278372049633238,0.0,0.0,1.0,1.2898529206794789,0.19416499543446245,4.457433673603977,4,0.18926976126978146,13,0.42105263157894735,1.0,1,0.5002790979934051
omnimath-72,omnimath,unknown,4,8,0,13,0.6666666666666666,4.0,0.23350918824361924,0.23350918824361921,0.06608061512020566,-0.931558204004941,0.9315582040049434,3.885780586188048e-16,0.9315582040049434,3.885780586188048e-16,-0.931558204004943,0.3962790009583804,0.9315582040049434,0.0,0.0,1.2898529206794789,0.19416499543446245,4.457433673603977,4,0.18926976126978146,13,0.42105263157894735,1.0,1,0.32966922220778533
omnimath-72,omnimath,unknown,4,9,0,13,0.75,3.0,0.23350918824361963,0.2335091882436196,0.06608061512020605,-0.9315582040049415,3.885780586188048e-16,-1.942890293094024e-16,3.885780586188048e-16,1.942890293094024e-16,-5.828670879282072e-16,0.39627900095838,0.9315582040049438,0.0,0.0,1.2898529206794789,0.19416499543446245,4.457433673603977,4,0.18926976126978146,13,0.42105263157894735,1.0,1,0.23428849498643944
omnimath-72,omnimath,unknown,4,10,0,13,0.8333333333333334,2.0,0.23350918824361944,0.2335091882436194,0.06608061512020585,-0.9315582040049413,-1.942890293094024e-16,-0.4897254517259043,1.942890293094024e-16,0.4897254517259043,-0.4897254517259041,0.3962790009583802,0.9315582040049436,0.0,0.0,1.2898529206794789,0.19416499543446245,4.457433673603977,4,0.18926976126978146,13,0.42105263157894735,1.0,1,0.24915725676432182
omnimath-72,omnimath,unknown,4,11,0,13,0.9166666666666666,1.0,-0.2562162634822849,-0.2562162634822849,-0.42364483660569846,-0.44183275227903696,-0.4897254517259043,-0.44183275227903696,0.4897254517259043,0.44183275227903696,0.04789269944686736,0.8860044526842845,0.4418327522790393,0.0,0.0,1.2898529206794789,0.19416499543446245,4.457433673603977,4,0.18926976126978146,13,0.42105263157894735,1.0,1,0.2240276612549847
omnimath-72,omnimath,unknown,4,12,0,13,1.0,0.0,-0.6980490157613218,-0.6980490157613218,-0.8654775888847355,0.0,-0.44183275227903696,0.0,0.44183275227903696,0.0,0.44183275227903696,1.3278372049633216,2.3314683517128287e-15,0.0,1.0,1.2898529206794789,0.19416499543446245,4.457433673603977,4,0.18926976126978146,13,0.42105263157894735,1.0,1,0.150916262246
omnimath-73,omnimath,unknown,2,0,0,10,0.0,9.0,0.776058940975112,0.776058940975112,0.0,-0.6578078141146362,0.0,-1.3509549946745816,0.0,1.3509549946745816,-1.3509549946745816,0.0,0.0,1.0,1.0,1.314473564118796,0.13260303116052155,4.960729844239625,5,0.18028191140592806,10,0.0,0.8947368421052632,4,0.4624402853505164
omnimath-73,omnimath,unknown,2,1,0,10,0.1111111111111111,8.0,-0.5748960536994696,-0.5748960536994696,-1.3509549946745816,0.6931471805599454,-1.3509549946745816,0.40546510810816444,1.3509549946745816,0.40546510810816444,1.756420102782746,1.3509549946745816,0.0,0.0,1.0,1.314473564118796,0.13260303116052155,4.960729844239625,5,0.18028191140592806,10,0.0,0.8947368421052632,4,0.7877178852756698
omnimath-73,omnimath,unknown,2,2,1,10,0.2222222222222222,7.0,-0.16943094559130517,-0.16943094559130517,-0.9454898865664172,0.2876820724517809,0.40546510810816444,0.8708283577973976,0.40546510810816444,0.8708283577973976,0.4653632496892332,0.9454898865664172,0.40546510810816444,0.0,0.0,1.314473564118796,0.13260303116052155,4.960729844239625,5,0.18028191140592806,10,0.0,0.8947368421052632,4,0.740671079144519
omnimath-73,omnimath,unknown,2,3,0,10,0.3333333333333333,6.0,0.7013974122060924,0.7013974122060924,-0.07466152876901955,-0.5831462853456166,0.8708283577973976,-0.27484492569110036,0.8708283577973976,0.27484492569110036,-1.145673283488498,0.07466152876901955,1.276293465905562,0.0,0.0,1.314473564118796,0.13260303116052155,4.960729844239625,5,0.18028191140592806,10,0.0,0.8947368421052632,4,0.5949357916656023
omnimath-73,omnimath,unknown,2,4,0,10,0.4444444444444444,5.0,0.42655248651499206,0.42655248651499206,-0.3495064544601199,-0.3083013596545163,-0.27484492569110036,-0.4906229164484709,0.27484492569110036,0.4906229164484709,-0.21577799075737053,0.3495064544601199,1.0014485402144617,0.0,0.0,1.314473564118796,0.13260303116052155,4.960729844239625,5,0.18028191140592806,10,0.0,0.8947368421052632,4,0.5867307948675219
omnimath-73,omnimath,unknown,2,5,0,10,0.5555555555555556,4.0,-0.06407042993347885,-0.06407042993347886,-0.8401293709085909,0.1823215567939546,-0.4906229164484709,-0.5108256237659904,0.4906229164484709,0.5108256237659904,-0.020202707317519497,0.8401293709085909,0.5108256237659907,0.0,0.0,1.314473564118796,0.13260303116052155,4.960729844239625,5,0.18028191140592806,10,0.0,0.8947368421052632,4,0.580967028590827
omnimath-73,omnimath,unknown,2,6,0,10,0.6666666666666666,3.0,-0.5748960536994693,-0.5748960536994693,-1.3509549946745811,0.6931471805599451,-0.5108256237659904,0.5108256237659903,0.5108256237659904,0.5108256237659903,1.0216512475319806,1.3509549946745811,3.3306690738754696e-16,0.0,1.0,1.314473564118796,0.13260303116052155,4.960729844239625,5,0.18028191140592806,10,0.0,0.8947368421052632,4,0.3493775677257511
omnimath-73,omnimath,unknown,2,7,0,10,0.7777777777777778,2.0,-0.06407042993347896,-0.06407042993347897,-0.840129370908591,0.1823215567939547,0.5108256237659903,-0.5108256237659912,0.5108256237659903,0.5108256237659912,-1.0216512475319814,0.840129370908591,0.5108256237659906,0.0,0.0,1.314473564118796,0.13260303116052155,4.960729844239625,5,0.18028191140592806,10,0.0,0.8947368421052632,4,0.38009235696544
omnimath-73,omnimath,unknown,2,8,0,10,0.8888888888888888,1.0,-0.5748960536994702,-0.5748960536994702,-1.350954994674582,0.693147180559946,-0.5108256237659912,0.693147180559946,0.5108256237659912,0.693147180559946,1.2039728043259372,1.350954994674582,0.0,0.0,1.0,1.314473564118796,0.13260303116052155,4.960729844239625,5,0.18028191140592806,10,0.0,0.8947368421052632,4,0.23534842895142558
omnimath-73,omnimath,unknown,2,9,0,10,1.0,0.0,0.11825112686047574,0.11825112686047573,-0.6578078141146362,0.0,0.693147180559946,0.0,0.693147180559946,0.0,-0.693147180559946,0.6578078141146362,0.693147180559946,0.0,0.0,1.314473564118796,0.13260303116052155,4.960729844239625,5,0.18028191140592806,10,0.0,0.8947368421052632,4,0.19030992825322338
omnimath-74,omnimath,unknown,2,0,0,6,0.0,5.0,1.2782828469575485,1.2782828469575485,0.0,-1.7023246394980518,0.0,-1.1455656824255243,0.0,1.1455656824255243,-1.1455656824255243,0.0,0.0,1.0,1.0,2.3412416375015157,0.3065848553720023,5.552539891223571,2,0.09724463034373679,6,0.0,0.5789473684210527,3,0.28722099604866447
omnimath-74,omnimath,unknown,2,1,0,6,0.2,4.0,0.13271716453202423,0.13271716453202426,-1.1455656824255243,-0.5567589570725274,-1.1455656824255243,-1.0045833390198333,1.1455656824255243,1.0045833390198333,0.14098234340569094,1.1455656824255243,0.0,0.0,1.0,2.3412416375015157,0.3065848553720023,5.552539891223571,2,0.09724463034373679,6,0.0,0.5789473684210527,3,0.6842297068387915
omnimath-74,omnimath,unknown,2,2,1,6,0.4,3.0,-0.8718661744878091,-0.8718661744878091,-2.1501490214453574,0.4478243819473059,-1.0045833390198333,-0.21357410029805912,1.0045833390198333,0.21357410029805912,0.7910092387217742,2.1501490214453574,0.0,0.0,1.0,2.3412416375015157,0.3065848553720023,5.552539891223571,2,0.09724463034373679,6,0.0,0.5789473684210527,3,0.634792382817396
omnimath-74,omnimath,unknown,2,3,0,6,0.6,2.0,-1.0854402747858682,-1.0854402747858682,-2.3637231217434165,0.661398482245365,-0.21357410029805912,2.055788505110476,0.21357410029805912,2.055788505110476,2.269362605408535,2.3637231217434165,0.0,0.0,1.0,2.3412416375015157,0.3065848553720023,5.552539891223571,2,0.09724463034373679,6,0.0,0.5789473684210527,3,0.7359877428680077
omnimath-74,omnimath,unknown,2,4,0,6,0.8,1.0,0.9703482303246078,0.9703482303246078,-0.30793461663294064,-1.3943900228651112,2.055788505110476,-1.3943900228651112,2.055788505110476,1.3943900228651112,-3.450178527975587,0.30793461663294064,2.055788505110476,0.0,0.0,2.3412416375015157,0.3065848553720023,5.552539891223571,2,0.09724463034373679,6,0.0,0.5789473684210527,3,0.6812907900192361
omnimath-74,omnimath,unknown,2,5,0,6,1.0,0.0,-0.4240417925405032,-0.4240417925405032,-1.7023246394980518,0.0,-1.3943900228651112,0.0,1.3943900228651112,0.0,1.3943900228651112,1.7023246394980518,0.661398482245365,0.0,0.0,2.3412416375015157,0.3065848553720023,5.552539891223571,2,0.09724463034373679,6,0.0,0.5789473684210527,3,0.3623170145998249
omnimath-75,omnimath,unknown,2,0,0,7,0.0,6.0,1.029958375626744,1.029958375626744,0.0,-0.8852586226264266,0.0,-1.7725618176273295,0.0,1.7725618176273295,-1.7725618176273295,0.0,0.0,1.0,1.0,1.679269090383786,0.2536239871084973,3.490437291515821,5,0.09694856227529237,7,0.0,0.15789473684210525,2,0.48914652026838046
omnimath-75,omnimath,unknown,2,1,0,7,0.16666666666666666,5.0,-0.7426034420005853,-0.7426034420005853,-1.7725618176273295,0.8873031950009027,-1.7725618176273295,0.8873031950009028,1.7725618176273295,0.8873031950009028,2.659865012628232,1.7725618176273295,0.0,0.0,1.0,1.679269090383786,0.2536239871084973,3.490437291515821,5,0.09694856227529237,7,0.0,0.15789473684210525,2,0.8139761345306419
omnimath-75,omnimath,unknown,2,2,1,7,0.3333333333333333,4.0,0.14469975300031754,0.1446997530003175,-0.8852586226264265,-1.1102230246251565e-16,0.8873031950009028,-0.2811673914305873,0.8873031950009028,0.2811673914305873,-1.1684705864314902,0.8852586226264265,0.8873031950009028,0.0,0.0,1.679269090383786,0.2536239871084973,3.490437291515821,5,0.09694856227529237,7,0.0,0.15789473684210525,2,0.6585093734788037
omnimath-75,omnimath,unknown,2,3,0,7,0.5,3.0,-0.13646763843026974,-0.13646763843026977,-1.1664260140570137,0.28116739143058717,-0.2811673914305873,0.09047758496611599,0.2811673914305873,0.09047758496611599,0.37164497639670324,1.1664260140570137,0.6061358035703155,0.0,0.0,1.679269090383786,0.2536239871084973,3.490437291515821,5,0.09694856227529237,7,0.0,0.15789473684210525,2,0.5132986160887797
omnimath-75,omnimath,unknown,2,4,0,7,0.6666666666666666,2.0,-0.045990053464153746,-0.045990053464153774,-1.0759484290908978,0.19068980646447117,0.09047758496611599,-0.34830669426821637,0.09047758496611599,0.34830669426821637,-0.4387842792343324,1.0759484290908978,0.6966133885364315,0.0,0.0,1.679269090383786,0.2536239871084973,3.490437291515821,5,0.09694856227529237,7,0.0,0.15789473684210525,2,0.4336254293442662
omnimath-75,omnimath,unknown,2,5,0,7,0.8333333333333334,1.0,-0.3942967477323701,-0.3942967477323701,-1.424255123359114,0.5389965007326876,-0.34830669426821637,0.5389965007326876,0.34830669426821637,0.5389965007326876,0.8873031950009039,1.424255123359114,0.34830669426821514,0.0,0.0,1.679269090383786,0.2536239871084973,3.490437291515821,5,0.09694856227529237,7,0.0,0.15789473684210525,2,0.3568162106208806
omnimath-75,omnimath,unknown,2,6,0,7,1.0,0.0,0.14469975300031743,0.1446997530003174,-0.8852586226264266,0.0,0.5389965007326876,0.0,0.5389965007326876,0.0,-0.5389965007326876,0.8852586226264266,0.8873031950009027,0.0,0.0,1.679269090383786,0.2536239871084973,3.490437291515821,5,0.09694856227529237,7,0.0,0.15789473684210525,2,0.19521992262735482
omnimath-76,omnimath,unknown,3,0,0,5,0.0,4.0,-0.48407362573008583,-0.4840736257300858,0.0,0.4054651081081645,0.0,2.0149030205422647,0.0,2.0149030205422647,2.0149030205422647,0.0,0.0,1.0,1.0,2.5655212431494623,0.073234814762606,5.536507594407088,2,0.06884332200526515,5,0.2631578947368421,0.7368421052631579,0,0.8132829748059738
omnimath-76,omnimath,unknown,3,1,0,5,0.25,3.0,1.530829394812179,1.530829394812179,2.0149030205422647,-1.6094379124341003,2.0149030205422647,-1.3217558399823197,2.0149030205422647,1.3217558399823197,-3.3366588605245844,0.0,2.0149030205422647,1.0,0.0,2.5655212431494623,0.073234814762606,5.536507594407088,2,0.06884332200526515,5,0.2631578947368421,0.7368421052631579,0,0.5919499248753874
omnimath-76,omnimath,unknown,3,2,0,5,0.5,2.0,0.20907355482985931,0.20907355482985937,0.6931471805599452,-0.2876820724517807,-1.3217558399823197,-1.3862943611198906,1.3217558399823197,1.3862943611198906,-0.06453852113757086,1.3217558399823197,0.6931471805599452,0.0,0.0,2.5655212431494623,0.073234814762606,5.536507594407088,2,0.06884332200526515,5,0.2631578947368421,0.7368421052631579,0,0.7032984009088507
omnimath-76,omnimath,unknown,3,3,1,5,0.75,1.0,-1.1772208062900313,-1.1772208062900313,-0.6931471805599455,1.09861228866811,-1.3862943611198906,1.09861228866811,1.3862943611198906,1.09861228866811,2.484906649788001,2.7080502011022105,0.0,0.0,1.0,2.5655212431494623,0.073234814762606,5.536507594407088,2,0.06884332200526515,5,0.2631578947368421,0.7368421052631579,0,0.5521131788205218
omnimath-76,omnimath,unknown,3,4,0,5,1.0,0.0,-0.07860851762192134,-0.0786085176219213,0.4054651081081645,0.0,1.09861228866811,0.0,1.09861228866811,0.0,-1.09861228866811,1.6094379124341003,1.09861228866811,0.0,0.0,2.5655212431494623,0.073234814762606,5.536507594407088,2,0.06884332200526515,5,0.2631578947368421,0.7368421052631579,0,0.3128450486047111
omnimath-77,omnimath,unknown,3,0,0,6,0.0,5.0,0.47447223238539327,0.47447223238539327,0.0,-1.031774352059587,0.0,-0.42595590154347107,0.0,0.42595590154347107,-0.42595590154347107,0.0,0.0,1.0,1.0,1.2697395205553592,0.4525955349398983,2.2796830114477373,3,0.060436718790302914,6,0.0,0.8421052631578947,4,0.5663969447753104
omnimath-77,omnimath,unknown,3,1,0,6,0.2,4.0,0.048516330841922195,0.048516330841922195,-0.42595590154347107,-0.6058184505161159,-0.42595590154347107,0.38739377985046286,0.42595590154347107,0.38739377985046286,0.8133496813939339,0.42595590154347107,0.0,0.0,1.0,1.2697395205553592,0.4525955349398983,2.2796830114477373,3,0.060436718790302914,6,0.0,0.8421052631578947,4,0.679033201460243
omnimath-77,omnimath,unknown,3,2,0,6,0.4,3.0,0.43591011069238506,0.43591011069238506,-0.03856212169300821,-0.9932122303665788,0.38739377985046286,0.021218001497613104,0.38739377985046286,0.021218001497613104,-0.36617577835284976,0.03856212169300821,0.38739377985046286,0.0,0.0,1.2697395205553592,0.4525955349398983,2.2796830114477373,3,0.060436718790302914,6,0.0,0.8421052631578947,4,0.6174069325691822
omnimath-77,omnimath,unknown,3,3,1,6,0.6,2.0,0.45712811218999816,0.45712811218999816,-0.017344120195395107,-1.0144302318641918,0.021218001497613104,-1.3158527786255032,0.021218001497613104,1.3158527786255032,-1.3370707801231163,0.017344120195395107,0.40861178134807596,0.0,0.0,1.2697395205553592,0.4525955349398983,2.2796830114477373,3,0.060436718790302914,6,0.0,0.8421052631578947,4,0.663468369943138
omnimath-77,omnimath,unknown,3,4,0,6,0.8,1.0,-0.8587246664355049,-0.8587246664355049,-1.3331968988208982,0.3014225467613112,-1.3158527786255032,0.3014225467613112,1.3158527786255032,0.3014225467613112,1.6172753253868144,1.3331968988208982,0.0,0.0,1.0,1.2697395205553592,0.4525955349398983,2.2796830114477373,3,0.060436718790302914,6,0.0,0.8421052631578947,4,0.600090745805146
omnimath-77,omnimath,unknown,3,5,0,6,1.0,0.0,-0.5573021196741937,-0.5573021196741937,-1.031774352059587,0.0,0.3014225467613112,0.0,0.3014225467613112,0.0,-0.3014225467613112,1.031774352059587,0.3014225467613112,0.0,0.0,1.2697395205553592,0.4525955349398983,2.2796830114477373,3,0.060436718790302914,6,0.0,0.8421052631578947,4,0.43065727703447415
omnimath-78,omnimath,unknown,0,0,1,12,0.0,11.0,0.35779302627387066,0.35779302627387066,0.0,-0.37281692421445334,0.0,-0.6061358035703155,0.0,0.6061358035703155,-0.6061358035703155,0.0,0.0,1.0,1.0,1.6067463014073957,0.0638021870809051,5.84332514717244,7,0.3741167427443877,12,0.3684210526315789,0.7368421052631579,2,0.4473187925500658
omnimath-78,omnimath,unknown,0,1,0,12,0.09090909090909091,10.0,-0.24834277729644488,-0.24834277729644488,-0.6061358035703155,0.2333188793558622,-0.6061358035703155,0.0,0.6061358035703155,0.0,0.6061358035703155,0.6061358035703155,0.0,0.0,1.0,1.6067463014073957,0.0638021870809051,5.84332514717244,7,0.3741167427443877,12,0.3684210526315789,0.7368421052631579,2,0.6103825254412756
omnimath-78,omnimath,unknown,0,2,0,12,0.18181818181818182,9.0,-0.24834277729644488,-0.24834277729644488,-0.6061358035703155,0.2333188793558622,0.0,0.25782910930209946,0.0,0.25782910930209946,0.25782910930209946,0.6061358035703155,0.0,0.0,1.0,1.6067463014073957,0.0638021870809051,5.84332514717244,7,0.3741167427443877,12,0.3684210526315789,0.7368421052631579,2,0.5410375797213344
omnimath-78,omnimath,unknown,0,3,0,12,0.2727272727272727,8.0,0.009486332005654574,0.00948633200565457,-0.3483066942682161,-0.024510229946237264,0.25782910930209946,0.8859429002834251,0.25782910930209946,0.8859429002834251,0.6281137909813257,0.3483066942682161,0.25782910930209946,0.0,0.0,1.6067463014073957,0.0638021870809051,5.84332514717244,7,0.3741167427443877,12,0.3684210526315789,0.7368421052631579,2,0.5713505601884608
omnimath-78,omnimath,unknown,0,4,0,12,0.36363636363636365,7.0,0.8954292322890798,0.8954292322890798,0.5376362060152091,-0.9104531302296625,0.8859429002834251,-1.256419109043127,0.8859429002834251,1.256419109043127,-2.1423620093265523,0.0,1.1437720095855246,1.0,0.0,1.6067463014073957,0.0638021870809051,5.84332514717244,7,0.3741167427443877,12,0.3684210526315789,0.7368421052631579,2,0.40713311800317775
omnimath-78,omnimath,unknown,0,5,0,12,0.45454545454545453,6.0,-0.3609898767540471,-0.3609898767540471,-0.7187829030279178,0.3459659788134644,-1.256419109043127,0.6942726730816798,1.256419109043127,0.6942726730816798,1.9506917821248067,1.256419109043127,0.0,0.0,1.0,1.6067463014073957,0.0638021870809051,5.84332514717244,7,0.3741167427443877,12,0.3684210526315789,0.7368421052631579,2,0.426512506875212
omnimath-78,omnimath,unknown,0,6,0,12,0.5454545454545454,5.0,0.33328279632763275,0.33328279632763275,-0.024510229946237916,-0.3483066942682154,0.6942726730816798,0.08364671366358545,0.6942726730816798,0.08364671366358545,-0.6106259594180944,0.562146435961447,0.6942726730816798,0.0,0.0,1.6067463014073957,0.0638021870809051,5.84332514717244,7,0.3741167427443877,12,0.3684210526315789,0.7368421052631579,2,0.28721264641612093
omnimath-78,omnimath,unknown,0,7,0,12,0.6363636363636364,4.0,0.4169295099912182,0.4169295099912182,0.05913648371734753,-0.43195340793180087,0.08364671366358545,-1.2977948460311737,0.08364671366358545,1.2977948460311737,-1.3814415596947591,0.4784997222978616,0.7779193867452653,0.0,0.0,1.6067463014073957,0.0638021870809051,5.84332514717244,7,0.3741167427443877,12,0.3684210526315789,0.7368421052631579,2,0.3805257886984528
omnimath-78,omnimath,unknown,0,8,0,12,0.7272727272727273,3.0,-0.8808653360399554,-0.8808653360399554,-1.238658362313826,0.8658414380993728,-1.2977948460311737,0.9824989812340216,1.2977948460311737,0.9824989812340216,2.2802938272651954,1.7762945683290352,0.0,0.0,1.0,1.6067463014073957,0.0638021870809051,5.84332514717244,7,0.3741167427443877,12,0.3684210526315789,0.7368421052631579,2,0.38837517274247213
omnimath-78,omnimath,unknown,0,9,0,12,0.8181818181818182,2.0,0.10163364519406619,0.10163364519406619,-0.25615938107980446,-0.11665754313464888,0.9824989812340216,-0.4626235219481131,0.9824989812340216,0.4626235219481131,-1.4451225031821346,0.7937955870950136,0.9824989812340216,0.0,0.0,1.6067463014073957,0.0638021870809051,5.84332514717244,7,0.3741167427443877,12,0.3684210526315789,0.7368421052631579,2,0.27617335607027216
omnimath-78,omnimath,unknown,0,10,0,12,0.9090909090909091,1.0,-0.3609898767540469,-0.3609898767540469,-0.7187829030279176,0.34596597881346425,-0.4626235219481131,0.34596597881346425,0.4626235219481131,0.34596597881346425,0.8085895007615773,1.2564191090431267,0.5198754592859085,0.0,0.0,1.6067463014073957,0.0638021870809051,5.84332514717244,7,0.3741167427443877,12,0.3684210526315789,0.7368421052631579,2,0.20734762527464434
omnimath-78,omnimath,unknown,0,11,0,12,1.0,0.0,-0.01502389794058269,-0.015023897940582693,-0.37281692421445334,0.0,0.34596597881346425,0.0,0.34596597881346425,0.0,-0.34596597881346425,0.9104531302296625,0.8658414380993728,0.0,0.0,1.6067463014073957,0.0638021870809051,5.84332514717244,7,0.3741167427443877,12,0.3684210526315789,0.7368421052631579,2,0.13015544909782653
omnimath-79,omnimath,unknown,1,0,0,12,0.0,11.0,-0.05291738953490495,-0.052917389534904956,0.0,-0.29272448515271526,0.0,-0.22411047330280182,0.0,0.22411047330280182,-0.22411047330280182,0.0,0.0,1.0,1.0,1.451958770268494,0.06252102711584721,4.682016573565189,6,0.25618485567364535,12,0.631578947368421,0.2631578947368421,4,0.44325802123276214
omnimath-79,omnimath,unknown,1,1,1,12,0.09090909090909091,10.0,-0.27702786283770675,-0.27702786283770675,-0.22411047330280182,-0.06861401184991345,-0.22411047330280182,-0.06861401184991361,0.22411047330280182,0.06861401184991361,0.1554964614528882,0.22411047330280182,0.0,0.0,1.0,1.451958770268494,0.06252102711584721,4.682016573565189,6,0.25618485567364535,12,0.631578947368421,0.2631578947368421,4,0.5686304913047375
omnimath-79,omnimath,unknown,1,2,0,12,0.18181818181818182,9.0,-0.34564187468762037,-0.34564187468762037,-0.29272448515271543,1.6653345369377348e-16,-0.06861401184991361,-0.37469344944141086,0.06861401184991361,0.37469344944141086,-0.30607943759149725,0.29272448515271543,0.0,0.0,1.0,1.451958770268494,0.06252102711584721,4.682016573565189,6,0.25618485567364535,12,0.631578947368421,0.2631578947368421,4,0.5452396964472339
omnimath-79,omnimath,unknown,1,3,0,12,0.2727272727272727,8.0,-0.7203353241290312,-0.7203353241290312,-0.6674179345941262,0.37469344944141103,-0.37469344944141086,0.9808292530117263,0.37469344944141086,0.9808292530117263,1.355522702453137,0.6674179345941262,0.0,0.0,1.0,1.451958770268494,0.06252102711584721,4.682016573565189,6,0.25618485567364535,12,0.631578947368421,0.2631578947368421,4,0.6243579471850911
omnimath-79,omnimath,unknown,1,4,0,12,0.36363636363636365,7.0,0.26049392888269507,0.26049392888269507,0.3134113184176,-0.6061358035703153,0.9808292530117263,0.13829318234059307,0.9808292530117263,0.13829318234059307,-0.8425360706711332,0.0,0.9808292530117263,1.0,0.0,1.451958770268494,0.06252102711584721,4.682016573565189,6,0.25618485567364535,12,0.631578947368421,0.2631578947368421,4,0.384954141879326
omnimath-79,omnimath,unknown,1,5,0,12,0.45454545454545453,6.0,0.39878711122328814,0.39878711122328814,0.4517045007581931,-0.7444289859109083,0.13829318234059307,-0.054720475959342096,0.13829318234059307,0.054720475959342096,-0.19301365829993516,0.0,1.1191224353523195,1.0,0.0,1.451958770268494,0.06252102711584721,4.682016573565189,6,0.25618485567364535,12,0.631578947368421,0.2631578947368421,4,0.28045119015747966
omnimath-79,omnimath,unknown,1,6,0,12,0.5454545454545454,5.0,0.34406663526394604,0.34406663526394604,0.396984024798851,-0.6897085099515663,-0.054720475959342096,0.4507203503065355,0.054720475959342096,0.4507203503065355,0.5054408262658776,0.054720475959342096,1.0644019593929772,0.0,0.0,1.451958770268494,0.06252102711584721,4.682016573565189,6,0.25618485567364535,12,0.631578947368421,0.2631578947368421,4,0.3736057710822965
omnimath-79,omnimath,unknown,1,7,0,12,0.6363636363636364,4.0,0.7947869855704816,0.7947869855704816,0.8477043751053865,-1.1404288602581016,0.4507203503065355,-1.3103278970534993,0.4507203503065355,1.3103278970534993,-1.7610482473600348,0.0,1.5151223096995128,1.0,0.0,1.451958770268494,0.06252102711584721,4.682016573565189,6,0.25618485567364535,12,0.631578947368421,0.2631578947368421,4,0.26213892163935293
omnimath-79,omnimath,unknown,1,8,0,12,0.7272727272727273,3.0,-0.5155409114830177,-0.5155409114830177,-0.4626235219481128,0.16989903679539753,-1.3103278970534993,0.6887803613936045,1.3103278970534993,0.6887803613936045,1.9991082584471038,1.3103278970534993,0.2047944126460135,0.0,0.0,1.451958770268494,0.06252102711584721,4.682016573565189,6,0.25618485567364535,12,0.631578947368421,0.2631578947368421,4,0.4377906894122446
omnimath-79,omnimath,unknown,1,9,0,12,0.8181818181818182,2.0,0.17323944991058685,0.17323944991058685,0.2261568394454918,-0.518881324598207,0.6887803613936045,0.11249167659831674,0.6887803613936045,0.11249167659831674,-0.5762886847952878,0.6215475356598947,0.893574774039618,0.0,0.0,1.451958770268494,0.06252102711584721,4.682016573565189,6,0.25618485567364535,12,0.631578947368421,0.2631578947368421,4,0.17926276482701967
omnimath-79,omnimath,unknown,1,10,0,12,0.9090909090909091,1.0,0.2857311265089036,0.2857311265089036,0.3386485160438085,-0.6313730011965237,0.11249167659831674,-0.6313730011965237,0.11249167659831674,0.6313730011965237,-0.7438646777948404,0.5090558590615779,1.0060664506379349,0.0,0.0,1.451958770268494,0.06252102711584721,4.682016573565189,6,0.25618485567364535,12,0.631578947368421,0.2631578947368421,4,0.17724480973720957
omnimath-79,omnimath,unknown,1,11,0,12,1.0,0.0,-0.3456418746876202,-0.3456418746876202,-0.29272448515271526,0.0,-0.6313730011965237,0.0,0.6313730011965237,0.0,0.6313730011965237,1.1404288602581016,0.37469344944141103,0.0,0.0,1.451958770268494,0.06252102711584721,4.682016573565189,6,0.25618485567364535,12,0.631578947368421,0.2631578947368421,4,0.16166833492920887
omnimath-80,omnimath,unknown,4,0,0,8,0.0,7.0,-0.02001067691838382,-0.020010676918383825,0.0,1.1363526166509563,0.0,0.32542240043462795,0.0,0.32542240043462795,0.32542240043462795,0.0,0.0,1.0,1.0,1.4617750170855857,0.47956832904809393,2.369532239350602,2,0.04990144891440445,8,1.0,0.8421052631578947,4,0.6535733535905908
omnimath-80,omnimath,unknown,4,1,0,8,0.14285714285714285,6.0,0.3054117235162441,0.3054117235162441,0.32542240043462795,0.8109302162163283,0.32542240043462795,-0.32542240043462795,0.32542240043462795,0.32542240043462795,-0.6508448008692559,0.0,0.32542240043462795,1.0,0.0,1.4617750170855857,0.47956832904809393,2.369532239350602,2,0.04990144891440445,8,1.0,0.8421052631578947,4,0.6818871166716496
omnimath-80,omnimath,unknown,4,2,0,8,0.2857142857142857,5.0,-0.02001067691838382,-0.020010676918383825,0.0,1.1363526166509563,-0.32542240043462795,-0.3254224004346281,0.32542240043462795,0.3254224004346281,-1.6653345369377348e-16,0.32542240043462795,0.0,0.0,1.0,1.4617750170855857,0.47956832904809393,2.369532239350602,2,0.04990144891440445,8,1.0,0.8421052631578947,4,0.6166623480909103
omnimath-80,omnimath,unknown,4,3,0,8,0.42857142857142855,4.0,-0.34543307735301193,-0.34543307735301193,-0.3254224004346281,1.4617750170855843,-0.3254224004346281,1.6653345369377348e-16,0.3254224004346281,1.6653345369377348e-16,0.3254224004346283,0.650844800869256,0.0,0.0,1.0,1.4617750170855857,0.47956832904809393,2.369532239350602,2,0.04990144891440445,8,1.0,0.8421052631578947,4,0.5469242935764983
omnimath-80,omnimath,unknown,4,4,1,8,0.5714285714285714,3.0,-0.34543307735301176,-0.34543307735301176,-0.32542240043462795,1.4617750170855843,1.6653345369377348e-16,0.0,1.6653345369377348e-16,0.0,-1.6653345369377348e-16,0.6508448008692559,1.6653345369377348e-16,0.0,1.0,1.4617750170855857,0.47956832904809393,2.369532239350602,2,0.04990144891440445,8,1.0,0.8421052631578947,4,0.40996604801577197
omnimath-80,omnimath,unknown,4,5,0,8,0.7142857142857143,2.0,-0.34543307735301176,-0.34543307735301176,-0.32542240043462795,1.4617750170855843,0.0,-1.609823385706477e-15,0.0,1.609823385706477e-15,-1.609823385706477e-15,0.6508448008692559,1.6653345369377348e-16,0.0,1.0,1.4617750170855857,0.47956832904809393,2.369532239350602,2,0.04990144891440445,8,1.0,0.8421052631578947,4,0.3207948322490267
omnimath-80,omnimath,unknown,4,6,0,8,0.8571428571428571,1.0,-0.3454330773530134,-0.3454330773530134,-0.32542240043462956,1.4617750170855859,-1.609823385706477e-15,1.4617750170855859,1.609823385706477e-15,1.4617750170855859,1.4617750170855874,0.6508448008692576,0.0,0.0,1.0,1.4617750170855857,0.47956832904809393,2.369532239350602,2,0.04990144891440445,8,1.0,0.8421052631578947,4,0.3388435501396245
omnimath-80,omnimath,unknown,4,7,0,8,1.0,0.0,1.1163419397325725,1.1163419397325725,1.1363526166509563,0.0,1.4617750170855859,0.0,1.4617750170855859,0.0,-1.4617750170855859,0.0,1.4617750170855859,1.0,0.0,1.4617750170855857,0.47956832904809393,2.369532239350602,2,0.04990144891440445,8,1.0,0.8421052631578947,4,0.10272424700683909
omnimath-81,omnimath,unknown,4,0,0,7,0.0,6.0,1.2213159263448214,1.2213159263448214,0.0,-1.2339866001295878,0.0,-0.6108668333639341,0.0,0.6108668333639341,-0.6108668333639341,0.0,0.0,1.0,1.0,1.866509158873098,0.4937858897231097,2.499031717616608,1,0.03120735226978548,7,0.0,0.5263157894736842,4,0.3631488378745306
omnimath-81,omnimath,unknown,4,1,0,7,0.16666666666666666,5.0,0.6104490929808873,0.6104490929808873,-0.6108668333639341,-0.6231197667656536,-0.6108668333639341,-0.49396374093700035,0.6108668333639341,0.49396374093700035,0.11690309242693375,0.6108668333639341,0.0,0.0,1.0,1.866509158873098,0.4937858897231097,2.499031717616608,1,0.03120735226978548,7,0.0,0.5263157894736842,4,0.5796677496274848
omnimath-81,omnimath,unknown,4,2,0,7,0.3333333333333333,4.0,0.11648535204388702,0.116485352043887,-1.1048305743009343,-0.12915602582865332,-0.49396374093700035,-0.7616785845721635,0.49396374093700035,0.7616785845721635,-0.2677148436351632,1.1048305743009343,0.0,0.0,1.0,1.866509158873098,0.4937858897231097,2.499031717616608,1,0.03120735226978548,7,0.0,0.5263157894736842,4,0.6026736413716375
omnimath-81,omnimath,unknown,4,3,0,7,0.5,3.0,-0.6451932325282765,-0.6451932325282765,-1.866509158873098,0.6325225587435103,-0.7616785845721635,0.0,0.7616785845721635,0.0,0.7616785845721635,1.866509158873098,0.0,0.0,1.0,1.866509158873098,0.4937858897231097,2.499031717616608,1,0.03120735226978548,7,0.0,0.5263157894736842,4,0.5841707482043837
omnimath-81,omnimath,unknown,4,4,1,7,0.6666666666666666,2.0,-0.6451932325282765,-0.6451932325282765,-1.866509158873098,0.6325225587435103,0.0,0.0,0.0,0.0,0.0,1.866509158873098,0.0,0.0,1.0,1.866509158873098,0.4937858897231097,2.499031717616608,1,0.03120735226978548,7,0.0,0.5263157894736842,4,0.378868554440262
omnimath-81,omnimath,unknown,4,5,0,7,0.8333333333333334,1.0,-0.6451932325282765,-0.6451932325282765,-1.866509158873098,0.6325225587435103,0.0,0.6325225587435103,0.0,0.6325225587435103,0.6325225587435103,1.866509158873098,0.0,0.0,1.0,1.866509158873098,0.4937858897231097,2.499031717616608,1,0.03120735226978548,7,0.0,0.5263157894736842,4,0.3236783469676663
omnimath-81,omnimath,unknown,4,6,0,7,1.0,0.0,-0.012670673784766301,-0.012670673784766313,-1.2339866001295878,0.0,0.6325225587435103,0.0,0.6325225587435103,0.0,-0.6325225587435103,1.2339866001295878,0.6325225587435103,0.0,0.0,1.866509158873098,0.4937858897231097,2.499031717616608,1,0.03120735226978548,7,0.0,0.5263157894736842,4,0.29953980576628375
omnimath-82,omnimath,unknown,0,0,1,8,0.0,7.0,0.6612699412689587,0.6612699412689587,0.0,0.2795481713768193,0.0,-1.3311035480983735,0.0,1.3311035480983735,-1.3311035480983735,0.0,0.0,1.0,1.0,1.7841076583381397,0.05400240270834974,5.1765876582672155,3,0.16435775187334947,8,1.0,0.5789473684210527,3,0.47455389994120634
omnimath-82,omnimath,unknown,0,1,0,8,0.14285714285714285,6.0,-0.669833606829415,-0.669833606829415,-1.3311035480983735,1.610651719475193,-1.3311035480983735,1.0660078164802016,1.3311035480983735,1.0660078164802016,2.397111364578575,1.3311035480983735,0.0,0.0,1.0,1.7841076583381397,0.05400240270834974,5.1765876582672155,3,0.16435775187334947,8,1.0,0.5789473684210527,3,0.8351179731104057
omnimath-82,omnimath,unknown,0,2,0,8,0.2857142857142857,5.0,0.39617420965078665,0.39617420965078665,-0.265095731618172,0.5446439029949913,1.0660078164802016,-0.04672200174244001,1.0660078164802016,0.04672200174244001,-1.1127298182226415,0.265095731618172,1.0660078164802016,0.0,0.0,1.7841076583381397,0.05400240270834974,5.1765876582672155,3,0.16435775187334947,8,1.0,0.5789473684210527,3,0.6519195104272014
omnimath-82,omnimath,unknown,0,3,0,8,0.42857142857142855,4.0,0.34945220790834663,0.34945220790834663,-0.311817733360612,0.5913659047374313,-0.04672200174244001,-1.2159961089838158,0.04672200174244001,1.2159961089838158,-1.169274107241376,0.311817733360612,1.0192858147377617,0.0,0.0,1.7841076583381397,0.05400240270834974,5.1765876582672155,3,0.16435775187334947,8,1.0,0.5789473684210527,3,0.6828084781746917
omnimath-82,omnimath,unknown,0,4,0,8,0.5714285714285714,3.0,-0.8665439010754692,-0.8665439010754692,-1.5278138423444279,1.8073620137212472,-1.2159961089838158,0.4418327522790393,1.2159961089838158,0.4418327522790393,1.6578288612628551,1.5278138423444279,0.0,0.0,1.0,1.7841076583381397,0.05400240270834974,5.1765876582672155,3,0.16435775187334947,8,1.0,0.5789473684210527,3,0.5591154941852342
omnimath-82,omnimath,unknown,0,5,0,8,0.7142857142857143,2.0,-0.4247111487964299,-0.4247111487964299,-1.0859810900653886,1.3655292614422079,0.4418327522790393,0.03808533402387393,0.4418327522790393,0.03808533402387393,-0.40374741825516536,1.0859810900653886,0.4418327522790393,0.0,0.0,1.7841076583381397,0.05400240270834974,5.1765876582672155,3,0.16435775187334947,8,1.0,0.5789473684210527,3,0.4275655986732958
omnimath-82,omnimath,unknown,0,6,0,8,0.8571428571428571,1.0,-0.386625814772556,-0.386625814772556,-1.0478957560415147,1.3274439274183338,0.03808533402387393,1.3274439274183338,0.03808533402387393,1.3274439274183338,1.2893585933944598,1.0478957560415147,0.4799180863029132,0.0,0.0,1.7841076583381397,0.05400240270834974,5.1765876582672155,3,0.16435775187334947,8,1.0,0.5789473684210527,3,0.4749363780918539
omnimath-82,omnimath,unknown,0,7,0,8,1.0,0.0,0.940818112645778,0.940818112645778,0.2795481713768193,0.0,1.3274439274183338,0.0,1.3274439274183338,0.0,-1.3274439274183338,0.0,1.8073620137212472,1.0,0.0,1.7841076583381397,0.05400240270834974,5.1765876582672155,3,0.16435775187334947,8,1.0,0.5789473684210527,3,0.09829643314534425
omnimath-83,omnimath,unknown,2,0,0,9,0.0,8.0,0.3881221730204815,0.3881221730204815,0.0,-0.44183275227903884,0.0,0.09716374845364817,0.0,0.09716374845364817,0.09716374845364817,0.0,0.0,1.0,1.0,1.5996279915348108,0.09375728447428171,4.712516523451964,4,0.1700670901092515,9,0.631578947368421,0.42105263157894735,2,0.38179730729222366
omnimath-83,omnimath,unknown,2,1,0,9,0.125,7.0,0.4852859214741297,0.4852859214741297,0.09716374845364817,-0.538996500732687,0.09716374845364817,-0.5389965007326873,0.09716374845364817,0.5389965007326873,-0.6361602491863355,0.0,0.09716374845364817,1.0,0.0,1.5996279915348108,0.09375728447428171,4.712516523451964,4,0.1700670901092515,9,0.631578947368421,0.42105263157894735,2,0.42205462583237385
omnimath-83,omnimath,unknown,2,2,1,9,0.25,6.0,-0.0537105792585576,-0.05371057925855761,-0.4418327522790391,2.7755575615628914e-16,-0.5389965007326873,-0.5389965007326868,0.5389965007326873,0.5389965007326868,5.551115123125783e-16,0.5389965007326873,0.0,0.0,1.0,1.5996279915348108,0.09375728447428171,4.712516523451964,4,0.1700670901092515,9,0.631578947368421,0.42105263157894735,2,0.5644374040848938
omnimath-83,omnimath,unknown,2,3,0,9,0.375,5.0,-0.5927070799912444,-0.5927070799912444,-0.980829253011726,0.5389965007326871,-0.5389965007326868,0.0,0.5389965007326868,0.0,0.5389965007326868,1.077993001465374,0.0,0.0,1.0,1.5996279915348108,0.09375728447428171,4.712516523451964,4,0.1700670901092515,9,0.631578947368421,0.42105263157894735,2,0.5360404086081489
omnimath-83,omnimath,unknown,2,4,0,9,0.5,4.0,-0.5927070799912444,-0.5927070799912444,-0.980829253011726,0.5389965007326871,0.0,1.6585519632460397,0.0,1.6585519632460397,1.6585519632460397,1.077993001465374,0.0,0.0,1.0,1.5996279915348108,0.09375728447428171,4.712516523451964,4,0.1700670901092515,9,0.631578947368421,0.42105263157894735,2,0.5732723563241732
omnimath-83,omnimath,unknown,2,5,0,9,0.625,3.0,1.0658448832547953,1.0658448832547953,0.6777227102343137,-1.1195554625133526,1.6585519632460397,-1.1195554625133528,1.6585519632460397,1.1195554625133528,-2.7781074257593925,0.0,1.6585519632460397,1.0,0.0,1.5996279915348108,0.09375728447428171,4.712516523451964,4,0.1700670901092515,9,0.631578947368421,0.42105263157894735,2,0.32848281706838195
omnimath-83,omnimath,unknown,2,6,0,9,0.75,2.0,-0.05371057925855746,-0.05371057925855747,-0.44183275227903895,1.3877787807814457e-16,-1.1195554625133528,-0.5389965007326878,1.1195554625133528,0.5389965007326878,0.580558961780665,1.1195554625133528,0.5389965007326869,0.0,0.0,1.5996279915348108,0.09375728447428171,4.712516523451964,4,0.1700670901092515,9,0.631578947368421,0.42105263157894735,2,0.36562683792492273
omnimath-83,omnimath,unknown,2,7,0,9,0.875,1.0,-0.5927070799912453,-0.5927070799912453,-0.9808292530117269,0.538996500732688,-0.5389965007326878,0.538996500732688,0.5389965007326878,0.538996500732688,1.0779930014653758,1.6585519632460406,0.0,0.0,1.0,1.5996279915348108,0.09375728447428171,4.712516523451964,4,0.1700670901092515,9,0.631578947368421,0.42105263157894735,2,0.23161324330252567
omnimath-83,omnimath,unknown,2,8,0,9,1.0,0.0,-0.05371057925855732,-0.05371057925855733,-0.44183275227903884,0.0,0.538996500732688,0.0,0.538996500732688,0.0,-0.538996500732688,1.1195554625133526,0.538996500732688,0.0,0.0,1.5996279915348108,0.09375728447428171,4.712516523451964,4,0.1700670901092515,9,0.631578947368421,0.42105263157894735,2,0.1519664425348355
omnimath-84,omnimath,unknown,4,0,0,6,0.0,5.0,1.6099165546076302,1.6099165546076302,0.0,-2.6519607344511664,0.0,-1.8146715857421374,0.0,1.8146715857421374,-1.8146715857421374,0.0,0.0,1.0,1.0,2.6519607344511664,0.508832938595208,5.211849574386303,4,0.12533693190158515,6,0.0,1.0,1,0.42670980229964856
omnimath-84,omnimath,unknown,4,1,0,6,0.2,4.0,-0.20475503113450727,-0.20475503113450738,-1.8146715857421374,-0.837289148709029,-1.8146715857421374,0.53785278257789,1.8146715857421374,0.53785278257789,2.3525243683200276,1.8146715857421374,0.0,0.0,1.0,2.6519607344511664,0.508832938595208,5.211849574386303,4,0.12533693190158515,6,0.0,1.0,1,0.7259240416700549
omnimath-84,omnimath,unknown,4,2,0,6,0.4,3.0,0.33309775144338283,0.3330977514433827,-1.2768188031642473,-1.375141931286919,0.53785278257789,-1.199251264823255,0.53785278257789,1.199251264823255,-1.737104047401145,1.2768188031642473,0.53785278257789,0.0,0.0,2.6519607344511664,0.508832938595208,5.211849574386303,4,0.12533693190158515,6,0.0,1.0,1,0.7137206478437207
omnimath-84,omnimath,unknown,4,3,0,6,0.6,2.0,-0.8661535133798721,-0.8661535133798722,-2.4760700679875023,-0.17589066646366414,-1.199251264823255,1.0360919316867754,1.199251264823255,1.0360919316867754,2.2353431965100303,2.4760700679875023,0.0,0.0,1.0,2.6519607344511664,0.508832938595208,5.211849574386303,4,0.12533693190158515,6,0.0,1.0,1,0.6433930300404792
omnimath-84,omnimath,unknown,4,4,1,6,0.8,1.0,0.16993841830690326,0.16993841830690315,-1.439978136300727,-1.2119825981504395,1.0360919316867754,-1.2119825981504395,1.0360919316867754,1.2119825981504395,-2.248074529837215,1.439978136300727,1.0360919316867754,0.0,0.0,2.6519607344511664,0.508832938595208,5.211849574386303,4,0.12533693190158515,6,0.0,1.0,1,0.592768112237185
omnimath-84,omnimath,unknown,4,5,0,6,1.0,0.0,-1.0420441798435363,-1.0420441798435363,-2.6519607344511664,0.0,-1.2119825981504395,0.0,1.2119825981504395,0.0,1.2119825981504395,2.6519607344511664,0.0,0.0,1.0,2.6519607344511664,0.508832938595208,5.211849574386303,4,0.12533693190158515,6,0.0,1.0,1,0.31757072215526805
omnimath-85,omnimath,unknown,1,0,0,5,0.0,4.0,1.3418913535330081,1.3418913535330081,0.0,-1.5040773967762737,0.0,-1.5040773967762737,0.0,1.5040773967762737,-1.5040773967762737,0.0,0.0,1.0,1.0,2.5235277171930006,0.35592164274099114,4.225866640739267,3,0.07510847596740675,5,0.0,0.7368421052631579,2,0.45427039800744884
omnimath-85,omnimath,unknown,1,1,1,5,0.25,3.0,-0.1621860432432657,-0.16218604324326566,-1.5040773967762737,0.0,-1.5040773967762737,0.40546510810816433,1.5040773967762737,0.40546510810816433,1.909542504884438,1.5040773967762737,0.0,0.0,1.0,2.5235277171930006,0.35592164274099114,4.225866640739267,3,0.07510847596740675,5,0.0,0.7368421052631579,2,0.691956675400112
omnimath-85,omnimath,unknown,1,2,0,5,0.5,2.0,0.24327906486489864,0.24327906486489867,-1.0986122886681096,-0.40546510810816433,0.40546510810816433,-1.5040773967762742,0.40546510810816433,1.5040773967762742,-1.9095425048844386,1.0986122886681096,0.40546510810816433,0.0,0.0,2.5235277171930006,0.35592164274099114,4.225866640739267,3,0.07510847596740675,5,0.0,0.7368421052631579,2,0.7195358081295818
omnimath-85,omnimath,unknown,1,3,0,5,0.75,1.0,-1.2607983319113756,-1.2607983319113756,-2.6026896854443837,1.09861228866811,-1.5040773967762742,1.09861228866811,1.5040773967762742,1.09861228866811,2.602689685444384,2.6026896854443837,0.0,0.0,1.0,2.5235277171930006,0.35592164274099114,4.225866640739267,3,0.07510847596740675,5,0.0,0.7368421052631579,2,0.7317174529162453
omnimath-85,omnimath,unknown,1,4,0,5,1.0,0.0,-0.1621860432432657,-0.16218604324326566,-1.5040773967762737,0.0,1.09861228866811,0.0,1.09861228866811,0.0,-1.09861228866811,1.5040773967762737,1.09861228866811,0.0,0.0,2.5235277171930006,0.35592164274099114,4.225866640739267,3,0.07510847596740675,5,0.0,0.7368421052631579,2,0.4311307175745894
omnimath-86,omnimath,unknown,1,0,0,4,0.0,3.0,-0.25277428333257335,-0.25277428333257335,0.0,-0.747214401830221,0.0,1.2527629684953676,0.0,1.2527629684953676,1.2527629684953676,0.0,0.0,1.0,1.0,1.934042477246885,0.23942499030999562,3.1208705526635496,1,0.021978297692901272,4,0.3157894736842105,1.0,4,0.8170702367661956
omnimath-86,omnimath,unknown,1,1,1,4,0.3333333333333333,2.0,0.9999886851627944,0.9999886851627944,1.2527629684953676,-1.9999773703255888,1.2527629684953676,-0.7472144018302211,1.2527629684953676,0.7472144018302211,-1.9999773703255888,0.0,1.2527629684953676,1.0,0.0,1.934042477246885,0.23942499030999562,3.1208705526635496,1,0.021978297692901272,4,0.3157894736842105,1.0,4,0.5930865680743691
omnimath-86,omnimath,unknown,1,2,0,4,0.6666666666666666,1.0,0.25277428333257324,0.25277428333257324,0.5055485666651466,-1.2527629684953676,-0.7472144018302211,-1.2527629684953676,0.7472144018302211,1.2527629684953676,-0.5055485666651465,0.7472144018302211,0.5055485666651466,0.0,0.0,1.934042477246885,0.23942499030999562,3.1208705526635496,1,0.021978297692901272,4,0.3157894736842105,1.0,4,0.7031290517780071
omnimath-86,omnimath,unknown,1,3,0,4,1.0,0.0,-0.9999886851627944,-0.9999886851627944,-0.747214401830221,0.0,-1.2527629684953676,0.0,1.2527629684953676,0.0,1.2527629684953676,1.9999773703255888,0.0,0.0,1.0,1.934042477246885,0.23942499030999562,3.1208705526635496,1,0.021978297692901272,4,0.3157894736842105,1.0,4,0.41990229247649946
omnimath-87,omnimath,unknown,3,0,0,10,0.0,9.0,0.15420240462299364,0.15420240462299367,0.0,0.6850934457528486,0.0,-0.6985091237013308,0.0,0.6985091237013308,-0.6985091237013308,0.0,0.0,1.0,1.0,1.4129408319800132,0.15488142231169277,4.423341647613004,5,0.21121920487327098,10,1.0,0.21052631578947367,4,0.4778608969494692
omnimath-87,omnimath,unknown,3,1,0,10,0.1111111111111111,8.0,-0.5443067190783372,-0.5443067190783372,-0.6985091237013308,1.3836025694541794,-0.6985091237013308,-0.0327898228229907,0.6985091237013308,0.0327898228229907,0.6657193008783401,0.6985091237013308,0.0,0.0,1.0,1.4129408319800132,0.15488142231169277,4.423341647613004,5,0.21121920487327098,10,1.0,0.21052631578947367,4,0.6750381184054993
omnimath-87,omnimath,unknown,3,2,0,10,0.2222222222222222,7.0,-0.5770965419013279,-0.5770965419013279,-0.7312989465243215,1.41639239227717,-0.0327898228229907,0.03278982282299092,0.0327898228229907,0.03278982282299092,0.06557964564598162,0.7312989465243215,0.0,0.0,1.0,1.4129408319800132,0.15488142231169277,4.423341647613004,5,0.21121920487327098,10,1.0,0.21052631578947367,4,0.5259200761218762
omnimath-87,omnimath,unknown,3,3,1,10,0.3333333333333333,6.0,-0.5443067190783369,-0.5443067190783369,-0.6985091237013306,1.3836025694541791,0.03278982282299092,0.6658975381125697,0.03278982282299092,0.6658975381125697,0.6331077152895788,0.6985091237013306,0.03278982282299092,0.0,0.0,1.4129408319800132,0.15488142231169277,4.423341647613004,5,0.21121920487327098,10,1.0,0.21052631578947367,4,0.6583197813030164
omnimath-87,omnimath,unknown,3,4,0,10,0.4444444444444444,5.0,0.12159081903423274,0.12159081903423277,-0.0326115855887609,0.7177050313416095,0.6658975381125697,-0.8810089177295155,0.6658975381125697,0.8810089177295155,-1.5469064558420853,0.0326115855887609,0.6986873609355606,0.0,0.0,1.4129408319800132,0.15488142231169277,4.423341647613004,5,0.21121920487327098,10,1.0,0.21052631578947367,4,0.62202051445597
omnimath-87,omnimath,unknown,3,5,0,10,0.5555555555555556,4.0,-0.7594180986952828,-0.7594180986952828,-0.9136205033182764,1.5987139490711249,-0.8810089177295155,1.0390981611357022,0.8810089177295155,1.0390981611357022,1.9201070788652177,0.9136205033182764,0.0,0.0,1.0,1.4129408319800132,0.15488142231169277,4.423341647613004,5,0.21121920487327098,10,1.0,0.21052631578947367,4,0.5249808721498
omnimath-87,omnimath,unknown,3,6,0,10,0.6666666666666666,3.0,0.2796800624404194,0.27968006244041943,0.12547765781742573,0.5596157879354229,1.0390981611357022,0.6018384183577694,1.0390981611357022,0.6018384183577694,-0.4372597427779328,0.0,1.0390981611357022,1.0,0.0,1.4129408319800132,0.15488142231169277,4.423341647613004,5,0.21121920487327098,10,1.0,0.21052631578947367,4,0.2758429737857593
omnimath-87,omnimath,unknown,3,7,0,10,0.7777777777777778,2.0,0.8815184807981887,0.8815184807981887,0.7273160761751951,-0.04222263042234653,0.6018384183577694,-0.7326780193165807,0.6018384183577694,0.7326780193165807,-1.3345164376743501,0.0,1.6409365794934714,1.0,0.0,1.4129408319800132,0.15488142231169277,4.423341647613004,5,0.21121920487327098,10,1.0,0.21052631578947367,4,0.16705857991827827
omnimath-87,omnimath,unknown,3,8,0,10,0.8888888888888888,1.0,0.14884046148160796,0.14884046148160798,-0.005361943141385689,0.6904553888942342,-0.7326780193165807,0.6904553888942342,0.7326780193165807,0.6904553888942342,1.423133408210815,0.7326780193165807,0.9082585601768907,0.0,0.0,1.4129408319800132,0.15488142231169277,4.423341647613004,5,0.21121920487327098,10,1.0,0.21052631578947367,4,0.2630205384790777
omnimath-87,omnimath,unknown,3,9,0,10,1.0,0.0,0.8392958503758422,0.8392958503758422,0.6850934457528486,0.0,0.6904553888942342,0.0,0.6904553888942342,0.0,-0.6904553888942342,0.04222263042234653,1.5987139490711249,0.0,0.0,1.4129408319800132,0.15488142231169277,4.423341647613004,5,0.21121920487327098,10,1.0,0.21052631578947367,4,0.10976097863144668
omnimath-88,omnimath,unknown,1,0,0,10,0.0,9.0,0.30413662290253446,0.30413662290253446,0.0,-0.6286086594223743,0.0,-0.9162907318741553,0.0,0.9162907318741553,-0.9162907318741553,0.0,0.0,1.0,1.0,1.1620877796760845,0.18771325234249903,3.3487708064182042,4,0.17303837560003388,10,0.5263157894736842,0.10526315789473684,1,0.5888432166668219
omnimath-88,omnimath,unknown,1,1,1,10,0.1111111111111111,8.0,-0.6121541089716208,-0.6121541089716208,-0.9162907318741553,0.2876820724517809,-0.9162907318741553,1.0296194171811581,0.9162907318741553,1.0296194171811581,1.9459101490553135,0.9162907318741553,0.0,0.0,1.0,1.1620877796760845,0.18771325234249903,3.3487708064182042,4,0.17303837560003388,10,0.5263157894736842,0.10526315789473684,1,0.8265521251478739
omnimath-88,omnimath,unknown,1,2,0,10,0.2222222222222222,7.0,0.41746530820953726,0.41746530820953726,0.1133286853070028,-0.7419373447293771,1.0296194171811581,-0.33647223662121273,1.0296194171811581,0.33647223662121273,-1.3660916538023709,0.0,1.0296194171811581,1.0,0.0,1.1620877796760845,0.18771325234249903,3.3487708064182042,4,0.17303837560003388,10,0.5263157894736842,0.10526315789473684,1,0.5380767526387134
omnimath-88,omnimath,unknown,1,3,0,10,0.3333333333333333,6.0,0.08099307158832451,0.08099307158832451,-0.22314355131420993,-0.40546510810816444,-0.33647223662121273,0.09531017980432495,0.33647223662121273,0.09531017980432495,0.43178241642553766,0.33647223662121273,0.6931471805599453,0.0,0.0,1.1620877796760845,0.18771325234249903,3.3487708064182042,4,0.17303837560003388,10,0.5263157894736842,0.10526315789473684,1,0.5739619050343476
omnimath-88,omnimath,unknown,1,4,0,10,0.4444444444444444,5.0,0.17630325139264946,0.17630325139264946,-0.127833371509885,-0.5007752879124894,0.09531017980432495,0.5725191927713306,0.09531017980432495,0.5725191927713306,0.47720901296700563,0.2411620568168878,0.7884573603642703,0.0,0.0,1.1620877796760845,0.18771325234249903,3.3487708064182042,4,0.17303837560003388,10,0.5263157894736842,0.10526315789473684,1,0.5041098122582913
omnimath-88,omnimath,unknown,1,5,0,10,0.5555555555555556,4.0,0.74882244416398,0.74882244416398,0.44468582126144557,-1.07329448068382,0.5725191927713306,-0.8909729238898654,0.5725191927713306,0.8909729238898654,-1.4634921166611958,0.0,1.3609765531356008,1.0,0.0,1.1620877796760845,0.18771325234249903,3.3487708064182042,4,0.17303837560003388,10,0.5263157894736842,0.10526315789473684,1,0.326969293725196
omnimath-88,omnimath,unknown,1,6,0,10,0.6666666666666666,3.0,-0.14215047972588535,-0.14215047972588535,-0.4462871026284198,-0.18232155679395456,-0.8909729238898654,-0.1823215567939544,0.8909729238898654,0.1823215567939544,0.7086513670959109,0.8909729238898654,0.47000362924573547,0.0,0.0,1.1620877796760845,0.18771325234249903,3.3487708064182042,4,0.17303837560003388,10,0.5263157894736842,0.10526315789473684,1,0.35848159997934703
omnimath-88,omnimath,unknown,1,7,0,10,0.7777777777777778,2.0,-0.32447203651983975,-0.32447203651983975,-0.6286086594223742,-1.6653345369377348e-16,-0.1823215567939544,-1.6653345369377348e-16,0.1823215567939544,1.6653345369377348e-16,0.18232155679395423,1.0732944806838198,0.28768207245178107,0.0,0.0,1.1620877796760845,0.18771325234249903,3.3487708064182042,4,0.17303837560003388,10,0.5263157894736842,0.10526315789473684,1,0.2531435573419959
omnimath-88,omnimath,unknown,1,8,0,10,0.8888888888888888,1.0,-0.3244720365198399,-0.3244720365198399,-0.6286086594223743,0.0,-1.6653345369377348e-16,0.0,1.6653345369377348e-16,0.0,1.6653345369377348e-16,1.07329448068382,0.2876820724517809,0.0,0.0,1.1620877796760845,0.18771325234249903,3.3487708064182042,4,0.17303837560003388,10,0.5263157894736842,0.10526315789473684,1,0.18689973383299127
omnimath-88,omnimath,unknown,1,9,0,10,1.0,0.0,-0.3244720365198399,-0.3244720365198399,-0.6286086594223743,0.0,0.0,0.0,0.0,0.0,0.0,1.07329448068382,0.2876820724517809,0.0,0.0,1.1620877796760845,0.18771325234249903,3.3487708064182042,4,0.17303837560003388,10,0.5263157894736842,0.10526315789473684,1,0.13616215863023884
omnimath-89,omnimath,unknown,5,0,0,7,0.0,6.0,-0.05906438249939419,-0.059064382499394226,0.0,-0.6473617568922666,0.0,-1.1102230246251565e-16,0.0,1.1102230246251565e-16,-1.1102230246251565e-16,0.0,0.0,1.0,1.0,1.898995281844173,0.14562664783512905,4.4453523205806125,2,0.1258202747830102,7,0.6842105263157895,0.47368421052631576,4,0.5575134806455168
omnimath-89,omnimath,unknown,5,1,0,7,0.16666666666666666,5.0,-0.0590643824993943,-0.05906438249939434,-1.1102230246251565e-16,-0.6473617568922665,-1.1102230246251565e-16,-0.02892325398379797,1.1102230246251565e-16,0.02892325398379797,-0.02892325398379786,1.1102230246251565e-16,0.0,1.0,1.0,1.898995281844173,0.14562664783512905,4.4453523205806125,2,0.1258202747830102,7,0.6842105263157895,0.47368421052631576,4,0.4509635923015294
omnimath-89,omnimath,unknown,5,2,0,7,0.3333333333333333,4.0,-0.08798763648319227,-0.0879876364831923,-0.02892325398379808,-0.6184385029084685,-0.02892325398379797,-0.8232329155544819,0.02892325398379797,0.8232329155544819,-0.794309661570684,0.02892325398379808,0.0,0.0,1.0,1.898995281844173,0.14562664783512905,4.4453523205806125,2,0.1258202747830102,7,0.6842105263157895,0.47368421052631576,4,0.6002632864117073
omnimath-89,omnimath,unknown,5,3,0,7,0.5,3.0,-0.9112205520376742,-0.9112205520376742,-0.85215616953828,0.2047944126460134,-0.8232329155544819,2.0838800471819603,0.8232329155544819,2.0838800471819603,2.9071129627364423,0.85215616953828,0.0,0.0,1.0,1.898995281844173,0.14562664783512905,4.4453523205806125,2,0.1258202747830102,7,0.6842105263157895,0.47368421052631576,4,0.7832076416435683
omnimath-89,omnimath,unknown,5,4,0,7,0.6666666666666666,2.0,1.1726594951442861,1.1726594951442861,1.2317238776436803,-1.8790856345359468,2.0838800471819603,-0.5215558973772564,2.0838800471819603,0.5215558973772564,-2.6054359445592166,0.0,2.0838800471819603,1.0,0.0,1.898995281844173,0.14562664783512905,4.4453523205806125,2,0.1258202747830102,7,0.6842105263157895,0.47368421052631576,4,0.276398483574422
omnimath-89,omnimath,unknown,5,5,1,7,0.8333333333333334,1.0,0.6511035977670298,0.6511035977670298,0.7101679802664239,-1.3575297371586905,-0.5215558973772564,-1.3575297371586905,0.5215558973772564,1.3575297371586905,-0.8359738397814341,0.5215558973772564,1.562324149804704,0.0,0.0,1.898995281844173,0.14562664783512905,4.4453523205806125,2,0.1258202747830102,7,0.6842105263157895,0.47368421052631576,4,0.4650701965735273
omnimath-89,omnimath,unknown,5,6,0,7,1.0,0.0,-0.7064261393916608,-0.7064261393916608,-0.6473617568922666,0.0,-1.3575297371586905,0.0,1.3575297371586905,0.0,1.3575297371586905,1.8790856345359468,0.2047944126460134,0.0,0.0,1.898995281844173,0.14562664783512905,4.4453523205806125,2,0.1258202747830102,7,0.6842105263157895,0.47368421052631576,4,0.3746231000531055
omnimath-90,omnimath,unknown,7,0,0,18,0.0,17.0,0.5721189099117122,0.5721189099117122,0.0,-0.3610133455373308,0.0,-0.1318958083364985,0.0,0.1318958083364985,-0.1318958083364985,0.0,0.0,1.0,1.0,0.9033453803107718,0.08903466758327187,4.05475030498299,9,0.34876188500051014,18,0.0,0.9473684210526315,3,0.2382951485960022
omnimath-90,omnimath,unknown,7,1,0,18,0.058823529411764705,16.0,0.4402231015752137,0.4402231015752137,-0.1318958083364985,-0.22911753720083228,-0.1318958083364985,-0.6385430465250934,0.1318958083364985,0.6385430465250934,-0.5066472381885949,0.1318958083364985,0.0,0.0,1.0,0.9033453803107718,0.08903466758327187,4.05475030498299,9,0.34876188500051014,18,0.0,0.9473684210526315,3,0.4934887841544047
omnimath-90,omnimath,unknown,7,2,0,18,0.11764705882352941,15.0,-0.19831994494987967,-0.19831994494987967,-0.7704388548615919,0.40942550932426114,-0.6385430465250934,4.440892098500626e-16,0.6385430465250934,4.440892098500626e-16,0.6385430465250939,0.7704388548615919,0.0,0.0,1.0,0.9033453803107718,0.08903466758327187,4.05475030498299,9,0.34876188500051014,18,0.0,0.9473684210526315,3,0.5195540120546229
omnimath-90,omnimath,unknown,7,3,0,18,0.17647058823529413,14.0,-0.19831994494987923,-0.19831994494987923,-0.7704388548615915,0.4094255093242607,4.440892098500626e-16,-4.440892098500626e-16,4.440892098500626e-16,4.440892098500626e-16,-8.881784197001252e-16,0.7704388548615915,4.440892098500626e-16,0.0,1.0,0.9033453803107718,0.08903466758327187,4.05475030498299,9,0.34876188500051014,18,0.0,0.9473684210526315,3,0.410343816510572
omnimath-90,omnimath,unknown,7,4,0,18,0.23529411764705882,13.0,-0.19831994494987967,-0.19831994494987967,-0.7704388548615919,0.40942550932426114,-4.440892098500626e-16,4.440892098500626e-16,4.440892098500626e-16,4.440892098500626e-16,8.881784197001252e-16,0.7704388548615919,0.0,0.0,1.0,0.9033453803107718,0.08903466758327187,4.05475030498299,9,0.34876188500051014,18,0.0,0.9473684210526315,3,0.3636606233747967
omnimath-90,omnimath,unknown,7,5,0,18,0.29411764705882354,12.0,-0.19831994494987923,-0.19831994494987923,-0.7704388548615915,0.4094255093242607,4.440892098500626e-16,0.19671029424605396,4.440892098500626e-16,0.19671029424605396,0.19671029424605352,0.7704388548615915,4.440892098500626e-16,0.0,1.0,0.9033453803107718,0.08903466758327187,4.05475030498299,9,0.34876188500051014,18,0.0,0.9473684210526315,3,0.34601526933202026
omnimath-90,omnimath,unknown,7,6,0,18,0.35294117647058826,11.0,-0.0016096507038252592,-0.0016096507038252561,-0.5737285606155375,0.2127152150782067,0.19671029424605396,-0.03240724295477812,0.19671029424605396,0.03240724295477812,-0.22911753720083208,0.5737285606155375,0.1967102942460544,0.0,0.0,0.9033453803107718,0.08903466758327187,4.05475030498299,9,0.34876188500051014,18,0.0,0.9473684210526315,3,0.4165170913477651
omnimath-90,omnimath,unknown,7,7,1,18,0.4117647058823529,10.0,-0.03401689365860338,-0.03401689365860338,-0.6061358035703156,0.24512245803298482,-0.03240724295477812,-0.16430305129127643,0.03240724295477812,0.16430305129127643,-0.1318958083364983,0.6061358035703156,0.1643030512912763,0.0,0.0,0.9033453803107718,0.08903466758327187,4.05475030498299,9,0.34876188500051014,18,0.0,0.9473684210526315,3,0.38110708510326546
omnimath-90,omnimath,unknown,7,8,0,18,0.47058823529411764,9.0,-0.1983199449498798,-0.1983199449498798,-0.770438854861592,0.40942550932426125,-0.16430305129127643,2.7755575615628914e-16,0.16430305129127643,2.7755575615628914e-16,0.1643030512912767,0.770438854861592,0.0,0.0,1.0,0.9033453803107718,0.08903466758327187,4.05475030498299,9,0.34876188500051014,18,0.0,0.9473684210526315,3,0.21676190768394193
omnimath-90,omnimath,unknown,7,9,0,18,0.5294117647058824,8.0,-0.19831994494987953,-0.19831994494987953,-0.7704388548615917,0.40942550932426097,2.7755575615628914e-16,0.5787067664002515,2.7755575615628914e-16,0.5787067664002515,0.5787067664002512,0.7704388548615917,2.7755575615628914e-16,0.0,1.0,0.9033453803107718,0.08903466758327187,4.05475030498299,9,0.34876188500051014,18,0.0,0.9473684210526315,3,0.2329591855737861
omnimath-90,omnimath,unknown,7,10,0,18,0.5882352941176471,7.0,0.380386821450372,0.380386821450372,-0.1917320884613402,-0.16928125707599057,0.5787067664002515,-0.7754170606463058,0.5787067664002515,0.7754170606463058,-1.3541238270465574,0.1917320884613402,0.5787067664002519,0.0,0.0,0.9033453803107718,0.08903466758327187,4.05475030498299,9,0.34876188500051014,18,0.0,0.9473684210526315,3,0.3682364824363477
omnimath-90,omnimath,unknown,7,11,0,18,0.6470588235294118,6.0,-0.3950302391959337,-0.3950302391959337,-0.9671491491076459,0.6061358035703152,-0.7754170606463058,0.7472144018302207,0.7754170606463058,0.7472144018302207,1.5226314624765265,0.9671491491076459,0.0,0.0,1.0,0.9033453803107718,0.08903466758327187,4.05475030498299,9,0.34876188500051014,18,0.0,0.9473684210526315,3,0.2710178897631645
omnimath-90,omnimath,unknown,7,12,0,18,0.7058823529411765,5.0,0.35218416263428703,0.35218416263428703,-0.21993474727742518,-0.1410785982599056,0.7472144018302207,-0.7472144018302207,0.7472144018302207,0.7472144018302207,-1.4944288036604414,0.21993474727742518,0.7472144018302207,0.0,0.0,0.9033453803107718,0.08903466758327187,4.05475030498299,9,0.34876188500051014,18,0.0,0.9473684210526315,3,0.3153395968454283
omnimath-90,omnimath,unknown,7,13,0,18,0.7647058823529411,4.0,-0.3950302391959337,-0.3950302391959337,-0.9671491491076459,0.6061358035703152,-0.7472144018302207,0.6061358035703154,0.7472144018302207,0.6061358035703154,1.353350205400536,0.9671491491076459,0.0,0.0,1.0,0.9033453803107718,0.08903466758327187,4.05475030498299,9,0.34876188500051014,18,0.0,0.9473684210526315,3,0.1854060533258436
omnimath-90,omnimath,unknown,7,14,0,18,0.8235294117647058,3.0,0.21110556437438163,0.21110556437438163,-0.36101334553733055,-1.942890293094024e-16,0.6061358035703154,0.03240724295477815,0.6061358035703154,0.03240724295477815,-0.5737285606155372,0.36101334553733055,0.6061358035703154,0.0,0.0,0.9033453803107718,0.08903466758327187,4.05475030498299,9,0.34876188500051014,18,0.0,0.9473684210526315,3,0.1467768874494184
omnimath-90,omnimath,unknown,7,15,0,18,0.8823529411764706,2.0,0.24351280732915978,0.24351280732915978,-0.3286061025825524,-0.03240724295477834,0.03240724295477815,-0.6385430465250943,0.03240724295477815,0.6385430465250943,-0.6709502894798725,0.3286061025825524,0.6385430465250935,0.0,0.0,0.9033453803107718,0.08903466758327187,4.05475030498299,9,0.34876188500051014,18,0.0,0.9473684210526315,3,0.15084126439182635
omnimath-90,omnimath,unknown,7,16,0,18,0.9411764705882353,1.0,-0.39503023919593455,-0.39503023919593455,-0.9671491491076467,0.6061358035703159,-0.6385430465250943,0.6061358035703159,0.6385430465250943,0.6061358035703159,1.2446788500954102,0.9671491491076467,0.0,0.0,1.0,0.9033453803107718,0.08903466758327187,4.05475030498299,9,0.34876188500051014,18,0.0,0.9473684210526315,3,0.10788408186551576
omnimath-90,omnimath,unknown,7,17,0,18,1.0,0.0,0.21110556437438144,0.21110556437438144,-0.3610133455373308,0.0,0.6061358035703159,0.0,0.6061358035703159,0.0,-0.6061358035703159,0.3610133455373308,0.6061358035703159,0.0,0.0,0.9033453803107718,0.08903466758327187,4.05475030498299,9,0.34876188500051014,18,0.0,0.9473684210526315,3,0.08542999580018773
omnimath-91,omnimath,unknown,3,0,0,9,0.0,8.0,0.1063773388845856,0.10637733888458559,0.0,-0.6777227102343137,0.0,-0.13872620950162662,0.0,0.13872620950162662,-0.13872620950162662,0.0,0.0,1.0,1.0,1.4163099231271468,0.16457993992679024,4.117893775728584,4,0.19753891893733014,9,0.7368421052631579,0.8947368421052632,4,0.5336929522093063
omnimath-91,omnimath,unknown,3,1,0,9,0.125,7.0,-0.032348870617041,-0.03234887061704102,-0.13872620950162662,-0.5389965007326871,-0.13872620950162662,-0.5389965007326873,0.13872620950162662,0.5389965007326873,-0.4002702912310607,0.13872620950162662,0.0,0.0,1.0,1.4163099231271468,0.16457993992679024,4.117893775728584,4,0.19753891893733014,9,0.7368421052631579,0.8947368421052632,4,0.6820146399332145
omnimath-91,omnimath,unknown,3,2,0,9,0.25,6.0,-0.5713453713497283,-0.5713453713497283,-0.6777227102343139,1.1102230246251565e-16,-0.5389965007326873,1.1102230246251565e-16,0.5389965007326873,1.1102230246251565e-16,0.5389965007326875,0.6777227102343139,0.0,0.0,1.0,1.4163099231271468,0.16457993992679024,4.117893775728584,4,0.19753891893733014,9,0.7368421052631579,0.8947368421052632,4,0.6877378480397888
omnimath-91,omnimath,unknown,3,3,1,9,0.375,5.0,-0.5713453713497282,-0.5713453713497282,-0.6777227102343137,0.0,1.1102230246251565e-16,1.4384801142904609,1.1102230246251565e-16,1.4384801142904609,1.4384801142904609,0.6777227102343137,1.1102230246251565e-16,0.0,1.0,1.4163099231271468,0.16457993992679024,4.117893775728584,4,0.19753891893733014,9,0.7368421052631579,0.8947368421052632,4,0.6530473078383194
omnimath-91,omnimath,unknown,3,4,0,9,0.5,4.0,0.8671347429407326,0.8671347429407326,0.760757404056147,-1.4384801142904609,1.4384801142904609,-0.4139757977760731,1.4384801142904609,0.4139757977760731,-1.8524559120665338,0.0,1.4384801142904609,1.0,0.0,1.4163099231271468,0.16457993992679024,4.117893775728584,4,0.19753891893733014,9,0.7368421052631579,0.8947368421052632,4,0.3688676685418256
omnimath-91,omnimath,unknown,3,5,0,9,0.625,3.0,0.4531589451646595,0.4531589451646595,0.3467816062800739,-1.0245043165143877,-0.4139757977760731,0.437900383861318,0.4139757977760731,0.437900383861318,0.8518761816373911,0.4139757977760731,1.024504316514388,0.0,0.0,1.4163099231271468,0.16457993992679024,4.117893775728584,4,0.19753891893733014,9,0.7368421052631579,0.8947368421052632,4,0.4409989395834861
omnimath-91,omnimath,unknown,3,6,0,9,0.75,2.0,0.8910593290259775,0.8910593290259775,0.784681990141392,-1.4624047003757057,0.437900383861318,-1.4624047003757068,0.437900383861318,1.4624047003757068,-1.9003050842370248,0.0,1.4624047003757057,1.0,0.0,1.4163099231271468,0.16457993992679024,4.117893775728584,4,0.19753891893733014,9,0.7368421052631579,0.8947368421052632,4,0.32734860934657656
omnimath-91,omnimath,unknown,3,7,0,9,0.875,1.0,-0.5713453713497293,-0.5713453713497293,-0.6777227102343149,1.1102230246251565e-15,-1.4624047003757068,1.1102230246251565e-15,1.4624047003757068,1.1102230246251565e-15,1.462404700375708,1.4624047003757068,0.0,0.0,1.0,1.4163099231271468,0.16457993992679024,4.117893775728584,4,0.19753891893733014,9,0.7368421052631579,0.8947368421052632,4,0.29271092212322736
omnimath-91,omnimath,unknown,3,8,0,9,1.0,0.0,-0.5713453713497282,-0.5713453713497282,-0.6777227102343137,0.0,1.1102230246251565e-15,0.0,1.1102230246251565e-15,0.0,-1.1102230246251565e-15,1.4624047003757057,1.1102230246251565e-15,0.0,1.0,1.4163099231271468,0.16457993992679024,4.117893775728584,4,0.19753891893733014,9,0.7368421052631579,0.8947368421052632,4,0.12221778136348312
omnimath-92,omnimath,unknown,2,0,0,7,0.0,6.0,1.1573561156023844,1.1573561156023844,0.0,-0.6196982718055004,0.0,-1.6013743454928897,0.0,1.6013743454928897,-1.6013743454928897,0.0,0.0,1.0,1.0,1.804849221798039,0.20725693518418456,2.9900001717905775,1,0.05438132752376523,7,0.0,0.3684210526315789,3,0.4776392414802355
omnimath-92,omnimath,unknown,2,1,0,7,0.16666666666666666,5.0,-0.44401822989050543,-0.44401822989050543,-1.6013743454928897,0.9816760736873894,-1.6013743454928897,-0.21709711198416637,1.6013743454928897,0.21709711198416637,1.3842772335087234,1.6013743454928897,0.0,0.0,1.0,1.804849221798039,0.20725693518418456,2.9900001717905775,1,0.05438132752376523,7,0.0,0.3684210526315789,3,0.7792897704803237
omnimath-92,omnimath,unknown,2,2,1,7,0.3333333333333333,4.0,-0.6611153418746718,-0.6611153418746718,-1.8184714574770562,1.1987731856715558,-0.21709711198416637,0.06470561947533149,0.21709711198416637,0.06470561947533149,0.28180273145949786,1.8184714574770562,0.0,0.0,1.0,1.804849221798039,0.20725693518418456,2.9900001717905775,1,0.05438132752376523,7,0.0,0.3684210526315789,3,0.5913490415556739
omnimath-92,omnimath,unknown,2,3,0,7,0.5,3.0,-0.5964097223993403,-0.5964097223993403,-1.7537658380017247,1.1340675661962243,0.06470561947533149,0.19312348982676808,0.06470561947533149,0.19312348982676808,0.1284178703514366,1.7537658380017247,0.06470561947533149,0.0,0.0,1.804849221798039,0.20725693518418456,2.9900001717905775,1,0.05438132752376523,7,0.0,0.3684210526315789,3,0.6287335873886599
omnimath-92,omnimath,unknown,2,4,0,7,0.6666666666666666,2.0,-0.40328623257257223,-0.40328623257257223,-1.5606423481749565,0.9409440763694562,0.19312348982676808,0.8131017999103937,0.19312348982676808,0.8131017999103937,0.6199783100836256,1.5606423481749565,0.25782910930209957,0.0,0.0,1.804849221798039,0.20725693518418456,2.9900001717905775,1,0.05438132752376523,7,0.0,0.3684210526315789,3,0.6028879163488551
omnimath-92,omnimath,unknown,2,5,0,7,0.8333333333333334,1.0,0.40981556733782143,0.40981556733782143,-0.747540548264563,0.12784227645906254,0.8131017999103937,0.12784227645906254,0.8131017999103937,0.12784227645906254,-0.6852595234513311,0.747540548264563,1.0709309092124932,0.0,0.0,1.804849221798039,0.20725693518418456,2.9900001717905775,1,0.05438132752376523,7,0.0,0.3684210526315789,3,0.3535916777144297
omnimath-92,omnimath,unknown,2,6,0,7,1.0,0.0,0.537657843796884,0.537657843796884,-0.6196982718055004,0.0,0.12784227645906254,0.0,0.12784227645906254,0.0,-0.12784227645906254,0.6196982718055004,1.1987731856715558,0.0,0.0,1.804849221798039,0.20725693518418456,2.9900001717905775,1,0.05438132752376523,7,0.0,0.3684210526315789,3,0.18103058772708974
omnimath-93,omnimath,unknown,3,0,0,11,0.0,10.0,0.6381667870371195,0.6381667870371195,0.0,-0.49722821797752775,0.0,-1.1514893187373179,0.0,1.1514893187373179,-1.1514893187373179,0.0,0.0,1.0,1.0,1.3240671277973006,0.0754667496267665,6.588705892815756,6,0.34565730303288333,11,0.0,0.7894736842105263,2,0.43263895850045764
omnimath-93,omnimath,unknown,3,1,0,11,0.1,9.0,-0.5133225317001984,-0.5133225317001984,-1.1514893187373179,0.65426110075979,-1.1514893187373179,0.5643928929072649,1.1514893187373179,0.5643928929072649,1.7158822116445829,1.1514893187373179,0.0,0.0,1.0,1.3240671277973006,0.0754667496267665,6.588705892815756,6,0.34565730303288333,11,0.0,0.7894736842105263,2,0.7118895521211727
omnimath-93,omnimath,unknown,3,2,0,11,0.2,8.0,0.051070361207066525,0.05107036120706655,-0.587096425830053,0.08986820785252521,0.5643928929072649,0.5860738303564585,0.5643928929072649,0.5860738303564585,0.021680937449193638,0.587096425830053,0.5643928929072649,0.0,0.0,1.3240671277973006,0.0754667496267665,6.588705892815756,6,0.34565730303288333,11,0.0,0.7894736842105263,2,0.6326624800269335
omnimath-93,omnimath,unknown,3,3,1,11,0.3,7.0,0.6371441915635251,0.6371441915635251,-0.001022595473594401,-0.49620562250393335,0.5860738303564585,-1.1576041047492984,0.5860738303564585,1.1576041047492984,-1.743677935105757,0.001022595473594401,1.1504667232637233,0.0,0.0,1.3240671277973006,0.0754667496267665,6.588705892815756,6,0.34565730303288333,11,0.0,0.7894736842105263,2,0.6402174197037686
omnimath-93,omnimath,unknown,3,4,0,11,0.4,6.0,-0.5204599131857733,-0.5204599131857733,-1.158626700222893,0.6613984822453651,-1.1576041047492984,-0.030546052348819908,1.1576041047492984,0.030546052348819908,1.1270580524004785,1.158626700222893,0.0,0.0,1.0,1.3240671277973006,0.0754667496267665,6.588705892815756,6,0.34565730303288333,11,0.0,0.7894736842105263,2,0.4539339636577855
omnimath-93,omnimath,unknown,3,5,0,11,0.5,5.0,-0.5510059655345932,-0.5510059655345932,-1.1891727525717126,0.691944534594185,-0.030546052348819908,1.098519187467037,0.030546052348819908,1.098519187467037,1.129065239815857,1.1891727525717126,0.0,0.0,1.0,1.3240671277973006,0.0754667496267665,6.588705892815756,6,0.34565730303288333,11,0.0,0.7894736842105263,2,0.4369791445302009
omnimath-93,omnimath,unknown,3,6,0,11,0.6,4.0,0.5475132219324437,0.5475132219324437,-0.09065356510467582,-0.40657465287285194,1.098519187467037,-0.8849450871689777,1.098519187467037,0.8849450871689777,-1.9834642746360147,0.09065356510467582,1.098519187467037,0.0,0.0,1.3240671277973006,0.0754667496267665,6.588705892815756,6,0.34565730303288333,11,0.0,0.7894736842105263,2,0.40694402866324203
omnimath-93,omnimath,unknown,3,7,0,11,0.7,3.0,-0.337431865236534,-0.337431865236534,-0.9755986522736535,0.47837043429612575,-0.8849450871689777,-0.38946476676172326,0.8849450871689777,0.38946476676172326,0.4954803204072544,0.9755986522736535,0.21357410029805923,0.0,0.0,1.3240671277973006,0.0754667496267665,6.588705892815756,6,0.34565730303288333,11,0.0,0.7894736842105263,2,0.3295441258928643
omnimath-93,omnimath,unknown,3,8,0,11,0.8,2.0,-0.7268966319982573,-0.7268966319982573,-1.3650634190353768,0.867835201057849,-0.38946476676172326,1.3611804088538668,0.38946476676172326,1.3611804088538668,1.75064517561559,1.3650634190353768,0.0,0.0,1.0,1.3240671277973006,0.0754667496267665,6.588705892815756,6,0.34565730303288333,11,0.0,0.7894736842105263,2,0.3052430964479397
omnimath-93,omnimath,unknown,3,9,0,11,0.9,1.0,0.6342837768556094,0.6342837768556094,-0.0038830101815100493,-0.4933452077960177,1.3611804088538668,-0.4933452077960177,1.3611804088538668,0.4933452077960177,-1.8545256166498845,0.0038830101815100493,1.3611804088538668,0.0,0.0,1.3240671277973006,0.0754667496267665,6.588705892815756,6,0.34565730303288333,11,0.0,0.7894736842105263,2,0.19519747540242802
omnimath-93,omnimath,unknown,3,10,0,11,1.0,0.0,0.14093856905959173,0.14093856905959176,-0.49722821797752775,0.0,-0.4933452077960177,0.0,0.4933452077960177,0.0,0.4933452077960177,0.49722821797752775,0.867835201057849,0.0,0.0,1.3240671277973006,0.0754667496267665,6.588705892815756,6,0.34565730303288333,11,0.0,0.7894736842105263,2,0.11878829525273314
omnimath-94,omnimath,unknown,5,0,0,9,0.0,8.0,0.17485163195452166,0.1748516319545217,0.0,0.11474987721361671,0.0,-0.7409853205935444,0.0,0.7409853205935444,-0.7409853205935444,0.0,0.0,1.0,1.0,1.5671622486316865,0.023168436604117347,4.952853711036508,7,0.2630068150576956,9,0.7368421052631579,0.15789473684210525,1,0.5106693586229134
omnimath-94,omnimath,unknown,5,1,0,9,0.125,7.0,-0.5661336886390227,-0.5661336886390227,-0.7409853205935444,0.855735197807161,-0.7409853205935444,0.30538164955118197,0.7409853205935444,0.30538164955118197,1.0463669701447262,0.7409853205935444,0.0,0.0,1.0,1.5671622486316865,0.023168436604117347,4.952853711036508,7,0.2630068150576956,9,0.7368421052631579,0.15789473684210525,1,0.7141935064294206
omnimath-94,omnimath,unknown,5,2,0,9,0.25,6.0,-0.2607520390878407,-0.2607520390878407,-0.4356036710423624,0.5503535482559792,0.30538164955118197,-0.23361485118150527,0.30538164955118197,0.23361485118150527,-0.5389965007326872,0.4356036710423624,0.30538164955118197,0.0,0.0,1.5671622486316865,0.023168436604117347,4.952853711036508,7,0.2630068150576956,9,0.7368421052631579,0.15789473684210525,1,0.6231126661633414
omnimath-94,omnimath,unknown,5,3,0,9,0.375,5.0,-0.494366890269346,-0.494366890269346,-0.6692185222238677,0.7839683994374844,-0.23361485118150527,0.6692185222238677,0.23361485118150527,0.6692185222238677,0.902833373405373,0.6692185222238677,0.0717667983696767,0.0,0.0,1.5671622486316865,0.023168436604117347,4.952853711036508,7,0.2630068150576956,9,0.7368421052631579,0.15789473684210525,1,0.529302663595047
omnimath-94,omnimath,unknown,5,4,0,9,0.5,4.0,0.17485163195452166,0.1748516319545217,0.0,0.11474987721361671,0.6692185222238677,-0.7409853205935444,0.6692185222238677,0.7409853205935444,-1.410203842817412,0.0,0.7409853205935444,1.0,0.0,1.5671622486316865,0.023168436604117347,4.952853711036508,7,0.2630068150576956,9,0.7368421052631579,0.15789473684210525,1,0.300809964676815
omnimath-94,omnimath,unknown,5,5,1,9,0.625,3.0,-0.5661336886390227,-0.5661336886390227,-0.7409853205935444,0.855735197807161,-0.7409853205935444,1.8413524101034096,0.7409853205935444,1.8413524101034096,2.582337730696954,0.7409853205935444,0.0,0.0,1.0,1.5671622486316865,0.023168436604117347,4.952853711036508,7,0.2630068150576956,9,0.7368421052631579,0.15789473684210525,1,0.4143653617129876
omnimath-94,omnimath,unknown,5,6,0,9,0.75,2.0,1.2752187214643869,1.2752187214643869,1.1003670895098652,-0.9856172122962485,1.8413524101034096,-1.3023559093707235,1.8413524101034096,1.3023559093707235,-3.143708319474133,0.0,1.8413524101034096,1.0,0.0,1.5671622486316865,0.023168436604117347,4.952853711036508,7,0.2630068150576956,9,0.7368421052631579,0.15789473684210525,1,0.21700733261965136
omnimath-94,omnimath,unknown,5,7,0,9,0.875,1.0,-0.02713718790633657,-0.02713718790633655,-0.20198881986085823,0.31673869707447494,-1.3023559093707235,0.31673869707447494,1.3023559093707235,0.31673869707447494,1.6190946064451985,1.3023559093707235,0.5389965007326861,0.0,0.0,1.5671622486316865,0.023168436604117347,4.952853711036508,7,0.2630068150576956,9,0.7368421052631579,0.15789473684210525,1,0.16244016215804932
omnimath-94,omnimath,unknown,5,8,0,9,1.0,0.0,0.28960150916813837,0.28960150916813837,0.11474987721361671,0.0,0.31673869707447494,0.0,0.31673869707447494,0.0,-0.31673869707447494,0.9856172122962485,0.855735197807161,0.0,0.0,1.5671622486316865,0.023168436604117347,4.952853711036508,7,0.2630068150576956,9,0.7368421052631579,0.15789473684210525,1,0.09391119193821101
omnimath-95,omnimath,unknown,3,0,0,7,0.0,6.0,0.20794643646425118,0.20794643646425126,0.0,-0.3342020880866735,0.0,-1.1451323043030026,0.0,1.1451323043030026,-1.1451323043030026,0.0,0.0,1.0,1.0,1.9655363661845136,0.0576598575570307,5.796096318068737,4,0.1770000728881046,7,0.8421052631578947,0.15789473684210525,2,0.5684316577969802
omnimath-95,omnimath,unknown,3,1,0,7,0.16666666666666666,5.0,-0.9371858678387515,-0.9371858678387514,-1.1451323043030026,0.8109302162163291,-1.1451323043030026,1.2273493911236892,1.1451323043030026,1.2273493911236892,2.372481695426692,1.1451323043030026,0.0,0.0,1.0,1.9655363661845136,0.0576598575570307,5.796096318068737,4,0.1770000728881046,7,0.8421052631578947,0.15789473684210525,2,0.8224948988476369
omnimath-95,omnimath,unknown,3,2,0,7,0.3333333333333333,4.0,0.2901635232849379,0.29016352328493794,0.08221708682068671,-0.41641917490736025,1.2273493911236892,-0.20158895084157485,1.2273493911236892,0.20158895084157485,-1.4289383419652641,0.0,1.2273493911236892,1.0,0.0,1.9655363661845136,0.0576598575570307,5.796096318068737,4,0.1770000728881046,7,0.8421052631578947,0.15789473684210525,2,0.49228763647638574
omnimath-95,omnimath,unknown,3,3,1,7,0.5,3.0,0.08857457244336303,0.0885745724433631,-0.11937186402088815,-0.21483022406578536,-0.20158895084157485,-0.7679313309800149,0.20158895084157485,0.7679313309800149,-0.56634238013844,0.20158895084157485,1.0257604402821145,0.0,0.0,1.9655363661845136,0.0576598575570307,5.796096318068737,4,0.1770000728881046,7,0.8421052631578947,0.15789473684210525,2,0.5929834249370116
omnimath-95,omnimath,unknown,3,4,0,7,0.6666666666666666,2.0,-0.6793567585366518,-0.6793567585366517,-0.8873031950009029,0.5531011069142294,-0.7679313309800149,1.8354705043419248,0.7679313309800149,1.8354705043419248,2.6034018353219395,0.9695202818215897,0.2578291093020997,0.0,0.0,1.9655363661845136,0.0576598575570307,5.796096318068737,4,0.1770000728881046,7,0.8421052631578947,0.15789473684210525,2,0.6107998630608302
omnimath-95,omnimath,unknown,3,5,0,7,0.8333333333333334,1.0,1.156113745805273,1.156113745805273,0.9481673093410219,-1.2823693974276953,1.8354705043419248,-1.2823693974276953,1.8354705043419248,1.2823693974276953,-3.11783990176962,0.0,2.0932996136440245,1.0,0.0,1.9655363661845136,0.0576598575570307,5.796096318068737,4,0.1770000728881046,7,0.8421052631578947,0.15789473684210525,2,0.25905162060851983
omnimath-95,omnimath,unknown,3,6,0,7,1.0,0.0,-0.12625565162242233,-0.12625565162242225,-0.3342020880866735,0.0,-1.2823693974276953,0.0,1.2823693974276953,0.0,1.2823693974276953,1.2823693974276953,0.8109302162163291,0.0,0.0,1.9655363661845136,0.0576598575570307,5.796096318068737,4,0.1770000728881046,7,0.8421052631578947,0.15789473684210525,2,0.1992197862463277
omnimath-96,omnimath,unknown,0,0,1,7,0.0,6.0,0.4374114583509569,0.43741145835095685,0.0,-0.4970954309540888,0.0,0.8032200777903611,0.0,0.8032200777903611,0.8032200777903611,0.0,0.0,1.0,1.0,1.8322746869799935,0.11648754431031437,4.2673698196423695,4,0.12828243283507912,7,0.15789473684210525,0.8421052631578947,0,0.4571912482232888
omnimath-96,omnimath,unknown,0,1,0,7,0.16666666666666666,5.0,1.240631536141318,1.240631536141318,0.8032200777903611,-1.30031550874445,0.8032200777903611,-1.9064513123147655,0.8032200777903611,1.9064513123147655,-2.7096713901051266,0.0,0.8032200777903611,1.0,0.0,1.8322746869799935,0.11648754431031437,4.2673698196423695,4,0.12828243283507912,7,0.15789473684210525,0.8421052631578947,0,0.5737567910649
omnimath-96,omnimath,unknown,0,2,0,7,0.3333333333333333,4.0,-0.6658197761734475,-0.6658197761734475,-1.1032312345244044,0.6061358035703156,-1.9064513123147655,0.3483066942682158,1.9064513123147655,0.3483066942682158,2.254758006582981,1.9064513123147655,0.0,0.0,1.0,1.8322746869799935,0.11648754431031437,4.2673698196423695,4,0.12828243283507912,7,0.15789473684210525,0.8421052631578947,0,0.6662040559379253
omnimath-96,omnimath,unknown,0,3,0,7,0.5,3.0,-0.31751308190523164,-0.3175130819052317,-0.7549245402561886,0.2578291093020998,0.3483066942682158,0.348306694268216,0.3483066942682158,0.348306694268216,1.6653345369377348e-16,1.5581446180465497,0.3483066942682158,0.0,0.0,1.8322746869799935,0.11648754431031437,4.2673698196423695,4,0.12828243283507912,7,0.15789473684210525,0.8421052631578947,0,0.553193345699554
omnimath-96,omnimath,unknown,0,4,0,7,0.6666666666666666,2.0,0.030793612362984335,0.03079361236298429,-0.40661784598797257,-0.09047758496611621,0.348306694268216,-0.6966133885364325,0.348306694268216,0.6966133885364325,-1.0449200828046485,1.2098379237783337,0.6966133885364318,0.0,0.0,1.8322746869799935,0.11648754431031437,4.2673698196423695,4,0.12828243283507912,7,0.15789473684210525,0.8421052631578947,0,0.5449880568632502
omnimath-96,omnimath,unknown,0,5,0,7,0.8333333333333334,1.0,-0.6658197761734481,-0.6658197761734481,-1.103231234524405,0.6061358035703163,-0.6966133885364325,0.6061358035703163,0.6966133885364325,0.6061358035703163,1.3027491921067487,1.9064513123147662,0.0,0.0,1.0,1.8322746869799935,0.11648754431031437,4.2673698196423695,4,0.12828243283507912,7,0.15789473684210525,0.8421052631578947,0,0.3487570012564923
omnimath-96,omnimath,unknown,0,6,0,7,1.0,0.0,-0.05968397260313188,-0.05968397260313192,-0.4970954309540888,0.0,0.6061358035703163,0.0,0.6061358035703163,0.0,-0.6061358035703163,1.30031550874445,0.6061358035703163,0.0,0.0,1.8322746869799935,0.11648754431031437,4.2673698196423695,4,0.12828243283507912,7,0.15789473684210525,0.8421052631578947,0,0.23220287714149673
omnimath-97,omnimath,unknown,2,0,0,9,0.0,8.0,-0.06756528941552317,-0.06756528941552324,0.0,0.46847877392051984,0.0,-0.17723013177086655,0.0,0.17723013177086655,-0.17723013177086655,0.0,0.0,1.0,1.0,2.0608336899938764,0.09393760847423978,4.987126897625772,3,0.16926455496736253,9,0.7368421052631579,0.2631578947368421,0,0.5452633009858537
omnimath-97,omnimath,unknown,2,1,0,9,0.125,7.0,-0.24479542118638972,-0.2447954211863898,-0.17723013177086655,0.6457089056913864,-0.17723013177086655,-0.7282385003712155,0.17723013177086655,0.7282385003712155,-0.551008368600349,0.17723013177086655,0.0,0.0,1.0,2.0608336899938764,0.09393760847423978,4.987126897625772,3,0.16926455496736253,9,0.7368421052631579,0.2631578947368421,0,0.7758124147552805
omnimath-97,omnimath,unknown,2,2,1,9,0.25,6.0,-0.9730339215576053,-0.9730339215576054,-0.9054686321420821,1.373947406062602,-0.7282385003712155,0.42285685082003344,0.7282385003712155,0.42285685082003344,1.151095351191249,0.9054686321420821,0.0,0.0,1.0,2.0608336899938764,0.09393760847423978,4.987126897625772,3,0.16926455496736253,9,0.7368421052631579,0.2631578947368421,0,0.7937681431878474
omnimath-97,omnimath,unknown,2,3,0,9,0.375,5.0,-0.5501770707375718,-0.5501770707375719,-0.4826117813220486,0.9510905552425685,0.42285685082003344,0.6669448081659212,0.42285685082003344,0.6669448081659212,0.24408795734588773,0.4826117813220486,0.42285685082003344,0.0,0.0,2.0608336899938764,0.09393760847423978,4.987126897625772,3,0.16926455496736253,9,0.7368421052631579,0.2631578947368421,0,0.7513260315887723
omnimath-97,omnimath,unknown,2,4,0,9,0.5,4.0,0.11676773742834932,0.11676773742834926,0.18433302684387248,0.2841457470766473,0.6669448081659212,0.38584154712421637,0.6669448081659212,0.38584154712421637,-0.2811032610417048,0.0,1.0898016589859545,1.0,0.0,2.0608336899938764,0.09393760847423978,4.987126897625772,3,0.16926455496736253,9,0.7368421052631579,0.2631578947368421,0,0.44719404274740254
omnimath-97,omnimath,unknown,2,5,0,9,0.625,3.0,0.5026092845525657,0.5026092845525656,0.5701745739680889,-0.10169580004756906,0.38584154712421637,0.7037842879664983,0.38584154712421637,0.7037842879664983,0.3179427408422819,0.0,1.475643206110171,1.0,0.0,2.0608336899938764,0.09393760847423978,4.987126897625772,3,0.16926455496736253,9,0.7368421052631579,0.2631578947368421,0,0.345431048874203
omnimath-97,omnimath,unknown,2,6,0,9,0.75,2.0,1.206393572519064,1.206393572519064,1.2739588619345872,-0.8054800880140673,0.7037842879664983,-1.5975059486269492,0.7037842879664983,1.5975059486269492,-2.3012902365934473,0.0,2.1794274940766694,1.0,0.0,2.0608336899938764,0.09393760847423978,4.987126897625772,3,0.16926455496736253,9,0.7368421052631579,0.2631578947368421,0,0.41611119613794967
omnimath-97,omnimath,unknown,2,7,0,9,0.875,1.0,-0.3911123761078852,-0.39111237610788524,-0.323547086692362,0.7920258606128818,-1.5975059486269492,0.7920258606128818,1.5975059486269492,0.7920258606128818,2.389531809239831,1.5975059486269492,0.5819215454497201,0.0,0.0,2.0608336899938764,0.09393760847423978,4.987126897625772,3,0.16926455496736253,9,0.7368421052631579,0.2631578947368421,0,0.35419173338769505
omnimath-97,omnimath,unknown,2,8,0,9,1.0,0.0,0.40091348450499664,0.4009134845049966,0.46847877392051984,0.0,0.7920258606128818,0.0,0.7920258606128818,0.0,-0.7920258606128818,0.8054800880140673,1.373947406062602,0.0,0.0,2.0608336899938764,0.09393760847423978,4.987126897625772,3,0.16926455496736253,9,0.7368421052631579,0.2631578947368421,0,0.20639369304944705
omnimath-98,omnimath,unknown,1,0,0,10,0.0,9.0,0.12642624995542212,0.12642624995542212,0.0,0.6720937713621131,0.0,0.04082199452025531,0.0,0.04082199452025531,0.04082199452025531,0.0,0.0,1.0,1.0,1.3300077596092885,0.1915522833476553,3.5086701114510097,4,0.13316706440014195,10,1.0,0.6842105263157895,2,0.512557789251402
omnimath-98,omnimath,unknown,1,1,1,10,0.1111111111111111,8.0,0.16724824447567743,0.16724824447567743,0.04082199452025531,0.6312717768418578,0.04082199452025531,0.6729444732424256,0.04082199452025531,0.6729444732424256,0.6321224787221702,0.0,0.04082199452025531,1.0,0.0,1.3300077596092885,0.1915522833476553,3.5086701114510097,4,0.13316706440014195,10,1.0,0.6842105263157895,2,0.5429315183530781
omnimath-98,omnimath,unknown,1,2,0,10,0.2222222222222222,7.0,0.840192717718103,0.840192717718103,0.7137664677626809,-0.04167269640056781,0.6729444732424256,-0.6729444732424256,0.6729444732424256,0.6729444732424256,-1.3458889464848511,0.0,0.7137664677626809,1.0,0.0,1.3300077596092885,0.1915522833476553,3.5086701114510097,4,0.13316706440014195,10,1.0,0.6842105263157895,2,0.4470278364426177
omnimath-98,omnimath,unknown,1,3,0,10,0.3333333333333333,6.0,0.16724824447567743,0.16724824447567743,0.04082199452025531,0.6312717768418578,-0.6729444732424256,-0.7339691750802005,0.6729444732424256,0.7339691750802005,-0.061024701837774975,0.6729444732424256,0.04082199452025531,0.0,0.0,1.3300077596092885,0.1915522833476553,3.5086701114510097,4,0.13316706440014195,10,1.0,0.6842105263157895,2,0.581445751206051
omnimath-98,omnimath,unknown,1,4,0,10,0.4444444444444444,5.0,-0.5667209306045231,-0.5667209306045231,-0.6931471805599452,1.3652409519220583,-0.7339691750802005,0.22314355131420976,0.7339691750802005,0.22314355131420976,0.9571127263944104,1.406913648322626,0.0,0.0,1.0,1.3300077596092885,0.1915522833476553,3.5086701114510097,4,0.13316706440014195,10,1.0,0.6842105263157895,2,0.5381834309898145
omnimath-98,omnimath,unknown,1,5,0,10,0.5555555555555556,4.0,-0.34357737929031335,-0.34357737929031335,-0.47000362924573547,1.1420974006078486,0.22314355131420976,-0.22314355131420976,0.22314355131420976,0.22314355131420976,-0.44628710262841953,1.1837700970084164,0.22314355131420976,0.0,0.0,1.3300077596092885,0.1915522833476553,3.5086701114510097,4,0.13316706440014195,10,1.0,0.6842105263157895,2,0.49249259381130683
omnimath-98,omnimath,unknown,1,6,0,10,0.6666666666666666,3.0,-0.5667209306045231,-0.5667209306045231,-0.6931471805599452,1.3652409519220583,-0.22314355131420976,0.22314355131421,0.22314355131420976,0.22314355131421,0.44628710262841975,1.406913648322626,0.0,0.0,1.0,1.3300077596092885,0.1915522833476553,3.5086701114510097,4,0.13316706440014195,10,1.0,0.6842105263157895,2,0.35753138530478823
omnimath-98,omnimath,unknown,1,7,0,10,0.7777777777777778,2.0,-0.3435773792903131,-0.3435773792903131,-0.47000362924573524,1.1420974006078484,0.22314355131421,0.06453852113757058,0.22314355131421,0.06453852113757058,-0.1586050301766394,1.1837700970084162,0.22314355131421,0.0,0.0,1.3300077596092885,0.1915522833476553,3.5086701114510097,4,0.13316706440014195,10,1.0,0.6842105263157895,2,0.3062912665236779
omnimath-98,omnimath,unknown,1,8,0,10,0.8888888888888888,1.0,-0.27903885815274254,-0.27903885815274254,-0.40546510810816466,1.0775588794702777,0.06453852113757058,1.0775588794702777,0.06453852113757058,1.0775588794702777,1.013020358332707,1.1192315758708455,0.28768207245178057,0.0,0.0,1.3300077596092885,0.1915522833476553,3.5086701114510097,4,0.13316706440014195,10,1.0,0.6842105263157895,2,0.3024583106302984
omnimath-98,omnimath,unknown,1,9,0,10,1.0,0.0,0.7985200213175352,0.7985200213175352,0.6720937713621131,0.0,1.0775588794702777,0.0,1.0775588794702777,0.0,-1.0775588794702777,0.04167269640056781,1.3652409519220583,0.0,0.0,1.3300077596092885,0.1915522833476553,3.5086701114510097,4,0.13316706440014195,10,1.0,0.6842105263157895,2,0.14056197937339476
omnimath-99,omnimath,unknown,4,0,0,7,0.0,6.0,0.27540066128618584,0.2754006612861858,0.0,-1.1940980053795203,0.0,0.11960909129767033,0.0,0.11960909129767033,0.11960909129767033,0.0,0.0,1.0,1.0,1.8687831786894393,0.2526457461073697,4.726372890806763,3,0.12610457334136552,7,0.6842105263157895,1.0,1,0.4985556378707558
omnimath-99,omnimath,unknown,4,1,0,7,0.16666666666666666,5.0,0.3950097525838562,0.3950097525838561,0.11960909129767033,-1.3137070966771907,0.11960909129767033,-1.1089126840311772,0.11960909129767033,1.1089126840311772,-1.2285217753288475,0.0,0.11960909129767033,1.0,0.0,1.8687831786894393,0.2526457461073697,4.726372890806763,3,0.12610457334136552,7,0.6842105263157895,1.0,1,0.5636853212129017
omnimath-99,omnimath,unknown,4,2,0,7,0.3333333333333333,4.0,-0.7139029314473209,-0.7139029314473209,-0.9893035927335068,-0.2047944126460135,-1.1089126840311772,0.0530346966560864,1.1089126840311772,0.0530346966560864,1.1619473806872636,1.1089126840311772,0.0,0.0,1.0,1.8687831786894393,0.2526457461073697,4.726372890806763,3,0.12610457334136552,7,0.6842105263157895,1.0,1,0.7311585306675411
omnimath-99,omnimath,unknown,4,3,0,7,0.5,3.0,-0.6608682347912345,-0.6608682347912345,-0.9362688960774204,-0.2578291093020999,0.0530346966560864,1.6479025457513876,0.0530346966560864,1.6479025457513876,1.5948678490953012,1.0558779873750908,0.0530346966560864,0.0,0.0,1.8687831786894393,0.2526457461073697,4.726372890806763,3,0.12610457334136552,7,0.6842105263157895,1.0,1,0.6916452775629325
omnimath-99,omnimath,unknown,4,4,1,7,0.6666666666666666,2.0,0.9870343109601531,0.9870343109601531,0.7116336496739673,-1.9057316550534875,1.6479025457513876,-0.35101052545845834,1.6479025457513876,0.35101052545845834,-1.998913071209846,0.0,1.700937242407474,1.0,0.0,1.8687831786894393,0.2526457461073697,4.726372890806763,3,0.12610457334136552,7,0.6842105263157895,1.0,1,0.2863084227765164
omnimath-99,omnimath,unknown,4,5,0,7,0.8333333333333334,1.0,0.6360237855016948,0.6360237855016948,0.36062312421550896,-1.5547211295950292,-0.35101052545845834,-1.5547211295950292,0.35101052545845834,1.5547211295950292,-1.2037106041365708,0.35101052545845834,1.3499267169490157,0.0,0.0,1.8687831786894393,0.2526457461073697,4.726372890806763,3,0.12610457334136552,7,0.6842105263157895,1.0,1,0.5254112240072799
omnimath-99,omnimath,unknown,4,6,0,7,1.0,0.0,-0.9186973440933344,-0.9186973440933344,-1.1940980053795203,0.0,-1.5547211295950292,0.0,1.5547211295950292,0.0,1.5547211295950292,1.9057316550534875,0.0,0.0,1.0,1.8687831786894393,0.2526457461073697,4.726372890806763,3,0.12610457334136552,7,0.6842105263157895,1.0,1,0.29723261924782063
omnimath-100,omnimath,unknown,5,0,0,8,0.0,7.0,1.1958686300706731,1.1958686300706731,0.0,-1.2987833588388287,0.0,-1.2987833588388287,0.0,1.2987833588388287,-1.2987833588388287,0.0,0.0,1.0,1.0,1.9636401792022973,0.30485277016264406,4.260362660132319,5,0.13019724483268816,8,0.0,0.8421052631578947,1,0.42536095117611306
omnimath-100,omnimath,unknown,5,1,0,8,0.14285714285714285,6.0,-0.10291472876815552,-0.10291472876815554,-1.2987833588388287,0.0,-1.2987833588388287,-0.5221326946806817,1.2987833588388287,0.5221326946806817,0.776650664158147,1.2987833588388287,0.0,0.0,1.0,1.9636401792022973,0.30485277016264406,4.260362660132319,5,0.13019724483268816,8,0.0,0.8421052631578947,1,0.7551100829071712
omnimath-100,omnimath,unknown,5,2,0,8,0.2857142857142857,5.0,-0.6250474234488372,-0.6250474234488372,-1.8209160535195104,0.5221326946806817,-0.5221326946806817,0.9380962474248182,0.5221326946806817,0.9380962474248182,1.4602289421055,1.8209160535195104,0.0,0.0,1.0,1.9636401792022973,0.30485277016264406,4.260362660132319,5,0.13019724483268816,8,0.0,0.8421052631578947,1,0.7501699334355918
omnimath-100,omnimath,unknown,5,3,0,8,0.42857142857142855,4.0,0.31304882397598094,0.31304882397598094,-0.8828198060946921,-0.41596355274413643,0.9380962474248182,-0.22353379140073507,0.9380962474248182,0.22353379140073507,-1.1616300388255534,0.8828198060946921,0.9380962474248182,0.0,0.0,1.9636401792022973,0.30485277016264406,4.260362660132319,5,0.13019724483268816,8,0.0,0.8421052631578947,1,0.5944455156889048
omnimath-100,omnimath,unknown,5,4,0,8,0.5714285714285714,3.0,0.08951503257524587,0.08951503257524586,-1.1063535974954273,-0.1924297613434014,-0.22353379140073507,0.013099243269826324,0.22353379140073507,0.013099243269826324,0.2366330346705614,1.1063535974954273,0.7145624560240831,0.0,0.0,1.9636401792022973,0.30485277016264406,4.260362660132319,5,0.13019724483268816,8,0.0,0.8421052631578947,1,0.41251776995168904
omnimath-100,omnimath,unknown,5,5,1,8,0.7142857142857143,2.0,0.1026142758450722,0.10261427584507218,-1.093254354225601,-0.2055290046132277,0.013099243269826324,-0.9727841573268959,0.013099243269826324,0.9727841573268959,-0.9858834005967223,1.093254354225601,0.7276616992939094,0.0,0.0,1.9636401792022973,0.30485277016264406,4.260362660132319,5,0.13019724483268816,8,0.0,0.8421052631578947,1,0.47459700152259243
omnimath-100,omnimath,unknown,5,6,0,8,0.8571428571428571,1.0,-0.8701698814818237,-0.8701698814818237,-2.066038511552497,0.7672551527136682,-0.9727841573268959,0.7672551527136682,0.9727841573268959,0.7672551527136682,1.7400393100405642,2.066038511552497,0.0,0.0,1.0,1.9636401792022973,0.30485277016264406,4.260362660132319,5,0.13019724483268816,8,0.0,0.8421052631578947,1,0.3748713487439611
omnimath-100,omnimath,unknown,5,7,0,8,1.0,0.0,-0.10291472876815552,-0.10291472876815554,-1.2987833588388287,0.0,0.7672551527136682,0.0,0.7672551527136682,0.0,-0.7672551527136682,1.2987833588388287,0.7672551527136682,0.0,0.0,1.9636401792022973,0.30485277016264406,4.260362660132319,5,0.13019724483268816,8,0.0,0.8421052631578947,1,0.20458885607157837
omnimath-101,omnimath,unknown,1,0,0,8,0.0,7.0,0.4909341780934573,0.4909341780934573,0.0,0.13044493908545718,0.0,-0.8771955713769255,0.0,0.8771955713769255,-0.8771955713769255,0.0,0.0,1.0,1.0,1.7327854116106518,0.02512413123350903,5.192017899965341,3,0.13606006524775763,8,0.42105263157894735,0.8421052631578947,3,0.43385119034102665
omnimath-101,omnimath,unknown,1,1,1,8,0.14285714285714285,6.0,-0.3862613932834682,-0.3862613932834682,-0.8771955713769255,1.0076405104623827,-0.8771955713769255,0.7523477742025414,0.8771955713769255,0.7523477742025414,1.6295433455794668,0.8771955713769255,0.0,0.0,1.0,1.7327854116106518,0.02512413123350903,5.192017899965341,3,0.13606006524775763,8,0.42105263157894735,0.8421052631578947,3,0.7343788543230108
omnimath-101,omnimath,unknown,1,2,0,8,0.2857142857142857,5.0,0.3660863809190732,0.3660863809190732,-0.1248477971743841,0.2552927362598413,0.7523477742025414,0.5501828921939349,0.7523477742025414,0.5501828921939349,-0.2021648820086065,0.1248477971743841,0.7523477742025414,0.0,0.0,1.7327854116106518,0.02512413123350903,5.192017899965341,3,0.13606006524775763,8,0.42105263157894735,0.8421052631578947,3,0.6707290695899649
omnimath-101,omnimath,unknown,1,3,0,8,0.42857142857142855,4.0,0.9162692731130081,0.9162692731130081,0.4253350950195508,-0.2948901559340936,0.5501828921939349,-1.3890281642072821,0.5501828921939349,1.3890281642072821,-1.939211056401217,0.0,1.3025306663964762,1.0,0.0,1.7327854116106518,0.02512413123350903,5.192017899965341,3,0.13606006524775763,8,0.42105263157894735,0.8421052631578947,3,0.48484872925417716
omnimath-101,omnimath,unknown,1,4,0,8,0.5714285714285714,3.0,-0.47275889109427394,-0.47275889109427394,-0.9636930691877312,1.0941380082731884,-1.3890281642072821,-0.19671029424605402,1.3890281642072821,0.19671029424605402,1.192317869961228,1.3890281642072821,0.0,0.0,1.0,1.7327854116106518,0.02512413123350903,5.192017899965341,3,0.13606006524775763,8,0.42105263157894735,0.8421052631578947,3,0.44118276430058656
omnimath-101,omnimath,unknown,1,5,0,8,0.7142857142857143,2.0,-0.669469185340328,-0.669469185340328,-1.1604033634337854,1.2908483025192425,-0.19671029424605402,-0.1967102942460549,0.19671029424605402,0.1967102942460549,-8.881784197001252e-16,1.585738458453336,0.0,0.0,1.0,1.7327854116106518,0.02512413123350903,5.192017899965341,3,0.13606006524775763,8,0.42105263157894735,0.8421052631578947,3,0.29312884620293495
omnimath-101,omnimath,unknown,1,6,0,8,0.8571428571428571,1.0,-0.8661794795863829,-0.8661794795863829,-1.3571136576798402,1.4875585967652973,-0.1967102942460549,1.4875585967652973,0.1967102942460549,1.4875585967652973,1.6842688910113521,1.7824487526993908,0.0,0.0,1.0,1.7327854116106518,0.02512413123350903,5.192017899965341,3,0.13606006524775763,8,0.42105263157894735,0.8421052631578947,3,0.4191094737365783
omnimath-101,omnimath,unknown,1,7,0,8,1.0,0.0,0.6213791171789145,0.6213791171789145,0.13044493908545718,0.0,1.4875585967652973,0.0,1.4875585967652973,0.0,-1.4875585967652973,0.2948901559340936,1.4875585967652973,0.0,0.0,1.7327854116106518,0.02512413123350903,5.192017899965341,3,0.13606006524775763,8,0.42105263157894735,0.8421052631578947,3,0.22750637734769855
omnimath-102,omnimath,unknown,2,0,0,4,0.0,3.0,1.4299868528773891,1.4299868528773891,0.0,-2.2335922215070942,0.0,-1.252762968495368,0.0,1.252762968495368,-1.252762968495368,0.0,0.0,1.0,1.0,2.2335922215070942,1.0,2.2335922215070942,0,0.01098914884645066,4,0.0,0.6842105263157895,0,0.47110071710592644
omnimath-102,omnimath,unknown,2,1,0,4,0.3333333333333333,2.0,0.17722388438202108,0.17722388438202102,-1.252762968495368,-0.980829253011726,-1.252762968495368,-0.9808292530117262,1.252762968495368,0.9808292530117262,0.27193371548364187,1.252762968495368,0.0,0.0,1.0,2.2335922215070942,1.0,2.2335922215070942,0,0.01098914884645066,4,0.0,0.6842105263157895,0,0.7620547820473192
omnimath-102,omnimath,unknown,2,2,1,4,0.6666666666666666,1.0,-0.8036053686297051,-0.8036053686297051,-2.2335922215070942,2.220446049250313e-16,-0.9808292530117262,2.220446049250313e-16,0.9808292530117262,2.220446049250313e-16,0.9808292530117264,2.2335922215070942,0.0,0.0,1.0,2.2335922215070942,1.0,2.2335922215070942,0,0.01098914884645066,4,0.0,0.6842105263157895,0,0.6740675820055112
omnimath-102,omnimath,unknown,2,3,0,4,1.0,0.0,-0.8036053686297049,-0.8036053686297049,-2.2335922215070942,0.0,2.220446049250313e-16,0.0,2.220446049250313e-16,0.0,-2.220446049250313e-16,2.2335922215070942,2.220446049250313e-16,0.0,1.0,2.2335922215070942,1.0,2.2335922215070942,0,0.01098914884645066,4,0.0,0.6842105263157895,0,0.4603841378817826
omnimath-103,omnimath,unknown,2,0,0,14,0.0,13.0,0.5969473296468752,0.5969473296468752,0.0,-0.5453859465949953,0.0,-0.4201184171459065,0.0,0.4201184171459065,-0.4201184171459065,0.0,0.0,1.0,1.0,1.030049490540574,0.13562892639577104,4.021162454707749,5,0.24309524458739407,14,0.0,0.8421052631578947,3,0.32708665866880793
omnimath-103,omnimath,unknown,2,1,0,14,0.07692307692307693,12.0,0.17682891250096877,0.17682891250096877,-0.4201184171459065,-0.1252675294490888,-0.4201184171459065,-0.23361485118150532,0.4201184171459065,0.23361485118150532,0.18650356596440115,0.4201184171459065,0.0,0.0,1.0,1.030049490540574,0.13562892639577104,4.021162454707749,5,0.24309524458739407,14,0.0,0.8421052631578947,3,0.548530345403668
omnimath-103,omnimath,unknown,2,2,1,14,0.15384615384615385,11.0,-0.05678593868053655,-0.05678593868053656,-0.6537332683274117,0.1083473217324165,-0.23361485118150532,-0.00779232818023895,0.23361485118150532,0.00779232818023895,0.22582252300126637,0.6537332683274117,0.0,0.0,1.0,1.030049490540574,0.13562892639577104,4.021162454707749,5,0.24309524458739407,14,0.0,0.8421052631578947,3,0.48295451236126885
omnimath-103,omnimath,unknown,2,3,0,14,0.23076923076923078,10.0,-0.0645782668607755,-0.0645782668607755,-0.6615255965076507,0.11613964991265545,-0.00779232818023895,-0.42285685082003344,0.00779232818023895,0.42285685082003344,-0.4150645226397945,0.6615255965076507,0.0,0.0,1.0,1.030049490540574,0.13562892639577104,4.021162454707749,5,0.24309524458739407,14,0.0,0.8421052631578947,3,0.4905173152652287
omnimath-103,omnimath,unknown,2,4,0,14,0.3076923076923077,9.0,-0.48743511768080894,-0.48743511768080894,-1.0843824473276842,0.5389965007326889,-0.42285685082003344,0.9618533515527206,0.42285685082003344,0.9618533515527206,1.384710202372754,1.0843824473276842,0.0,0.0,1.0,1.030049490540574,0.13562892639577104,4.021162454707749,5,0.24309524458739407,14,0.0,0.8421052631578947,3,0.6319152636529073
omnimath-103,omnimath,unknown,2,5,0,14,0.38461538461538464,8.0,0.47441823387191157,0.47441823387191157,-0.12252909577496368,-0.4228568508200316,0.9618533515527206,-0.18924199963852867,0.9618533515527206,0.18924199963852867,-1.1510953511912492,0.12252909577496368,0.9618533515527206,0.0,0.0,1.030049490540574,0.13562892639577104,4.021162454707749,5,0.24309524458739407,14,0.0,0.8421052631578947,3,0.5578829344894428
omnimath-103,omnimath,unknown,2,6,0,14,0.46153846153846156,7.0,0.2851762342333829,0.2851762342333829,-0.31177109541349235,-0.23361485118150294,-0.18924199963852867,-0.538996500732687,0.18924199963852867,0.538996500732687,-0.34975450109415834,0.31177109541349235,0.7726113519141918,0.0,0.0,1.030049490540574,0.13562892639577104,4.021162454707749,5,0.24309524458739407,14,0.0,0.8421052631578947,3,0.5045038606017246
omnimath-103,omnimath,unknown,2,7,0,14,0.5384615384615384,6.0,-0.2538202664993041,-0.2538202664993041,-0.8507675961461794,0.3053816495511841,-0.538996500732687,1.6653345369377348e-16,0.538996500732687,1.6653345369377348e-16,0.5389965007326871,0.8507675961461794,0.23361485118150482,0.0,0.0,1.030049490540574,0.13562892639577104,4.021162454707749,5,0.24309524458739407,14,0.0,0.8421052631578947,3,0.44108665024479476
omnimath-103,omnimath,unknown,2,8,0,14,0.6153846153846154,5.0,-0.25382026649930395,-0.25382026649930395,-0.8507675961461791,0.3053816495511839,1.6653345369377348e-16,0.538996500732687,1.6653345369377348e-16,0.538996500732687,0.5389965007326869,0.8507675961461791,0.233614851181505,0.0,0.0,1.030049490540574,0.13562892639577104,4.021162454707749,5,0.24309524458739407,14,0.0,0.8421052631578947,3,0.41295263695827833
omnimath-103,omnimath,unknown,2,9,0,14,0.6923076923076923,4.0,0.28517623423338306,0.28517623423338306,-0.3117710954134922,-0.2336148511815031,0.538996500732687,-0.5389965007326869,0.538996500732687,0.5389965007326869,-1.0779930014653738,0.3117710954134922,0.772611351914192,0.0,0.0,1.030049490540574,0.13562892639577104,4.021162454707749,5,0.24309524458739407,14,0.0,0.8421052631578947,3,0.3734825218724257
omnimath-103,omnimath,unknown,2,10,0,14,0.7692307692307693,3.0,-0.2538202664993038,-0.2538202664993038,-0.850767596146179,0.30538164955118374,-0.5389965007326869,-0.18924199963852822,0.5389965007326869,0.18924199963852822,0.3497545010941587,0.850767596146179,0.23361485118150516,0.0,0.0,1.030049490540574,0.13562892639577104,4.021162454707749,5,0.24309524458739407,14,0.0,0.8421052631578947,3,0.3117739727802995
omnimath-103,omnimath,unknown,2,11,0,14,0.8461538461538461,2.0,-0.443062266137832,-0.443062266137832,-1.0400095957847073,0.49462364918971197,-0.18924199963852822,0.38627632745729545,0.18924199963852822,0.38627632745729545,0.5755183270958237,1.0400095957847073,0.04437285154297693,0.0,0.0,1.030049490540574,0.13562892639577104,4.021162454707749,5,0.24309524458739407,14,0.0,0.8421052631578947,3,0.2727807301764776
omnimath-103,omnimath,unknown,2,12,0,14,0.9230769230769231,1.0,-0.05678593868053655,-0.05678593868053656,-0.6537332683274117,0.1083473217324165,0.38627632745729545,0.1083473217324165,0.38627632745729545,0.1083473217324165,-0.27792900572487894,0.6537332683274117,0.4306491790002724,0.0,0.0,1.030049490540574,0.13562892639577104,4.021162454707749,5,0.24309524458739407,14,0.0,0.8421052631578947,3,0.18315759865305553
omnimath-103,omnimath,unknown,2,13,0,14,1.0,0.0,0.05156138305187995,0.05156138305187994,-0.5453859465949953,0.0,0.1083473217324165,0.0,0.1083473217324165,0.0,-0.1083473217324165,0.5453859465949953,0.5389965007326889,0.0,0.0,1.030049490540574,0.13562892639577104,4.021162454707749,5,0.24309524458739407,14,0.0,0.8421052631578947,3,0.12048970983931163
omnimath-104,omnimath,unknown,4,0,0,9,0.0,8.0,0.18150528357453968,0.18150528357453968,0.0,0.11867392538295815,0.0,0.35078558588685405,0.0,0.35078558588685405,0.35078558588685405,0.0,0.0,1.0,1.0,1.7359188434876391,0.03214440304119729,3.6919001180660245,4,0.14147642341266622,9,0.2631578947368421,0.47368421052631576,4,0.4885771424534645
omnimath-104,omnimath,unknown,4,1,0,9,0.125,7.0,0.5322908694613937,0.5322908694613937,0.35078558588685405,-0.23211166050389587,0.35078558588685405,0.6291100056634333,0.35078558588685405,0.6291100056634333,0.2783244197765793,0.0,0.35078558588685405,1.0,0.0,1.7359188434876391,0.03214440304119729,3.6919001180660245,4,0.14147642341266622,9,0.2631578947368421,0.47368421052631576,4,0.5267775123327183
omnimath-104,omnimath,unknown,4,2,0,9,0.25,6.0,1.161400875124827,1.161400875124827,0.9798955915502874,-0.8612216661673292,0.6291100056634333,-1.7731663548051304,0.6291100056634333,1.7731663548051304,-2.402276360468564,0.0,0.9798955915502874,1.0,0.0,1.7359188434876391,0.03214440304119729,3.6919001180660245,4,0.14147642341266622,9,0.2631578947368421,0.47368421052631576,4,0.5206979818488855
omnimath-104,omnimath,unknown,4,3,0,9,0.375,5.0,-0.6117654796803034,-0.6117654796803034,-0.793270763254843,0.9119446886378012,-1.7731663548051304,-0.18924199963852817,1.7731663548051304,0.18924199963852817,1.5839243551666022,1.7731663548051304,0.0,0.0,1.0,1.7359188434876391,0.03214440304119729,3.6919001180660245,4,0.14147642341266622,9,0.2631578947368421,0.47368421052631576,4,0.631784494349636
omnimath-104,omnimath,unknown,4,4,1,9,0.5,4.0,-0.8010074793188315,-0.8010074793188315,-0.9825127628933712,1.1011866882763295,-0.18924199963852817,0.5183457530345622,0.18924199963852817,0.5183457530345622,0.7075877526730904,1.9624083544436586,0.0,0.0,1.0,1.7359188434876391,0.03214440304119729,3.6919001180660245,4,0.14147642341266622,9,0.2631578947368421,0.47368421052631576,4,0.4041402243119875
omnimath-104,omnimath,unknown,4,5,0,9,0.625,3.0,-0.28266172628426933,-0.28266172628426933,-0.464167009858809,0.5828409352417672,0.5183457530345622,-0.060199425263999184,0.5183457530345622,0.060199425263999184,-0.5785451782985613,1.4440626014090965,0.5183457530345622,0.0,0.0,1.7359188434876391,0.03214440304119729,3.6919001180660245,4,0.14147642341266622,9,0.2631578947368421,0.47368421052631576,4,0.4022985240753561
omnimath-104,omnimath,unknown,4,6,0,9,0.75,2.0,-0.3428611515482685,-0.3428611515482685,-0.5243664351228082,0.6430403605057664,-0.060199425263999184,0.20578075126168277,0.060199425263999184,0.20578075126168277,0.26598017652568196,1.5042620266730955,0.458146327770563,0.0,0.0,1.7359188434876391,0.03214440304119729,3.6919001180660245,4,0.14147642341266622,9,0.2631578947368421,0.47368421052631576,4,0.3301791106311331
omnimath-104,omnimath,unknown,4,7,0,9,0.875,1.0,-0.13708040028658575,-0.13708040028658575,-0.3185856838611254,0.4372596092440836,0.20578075126168277,0.4372596092440836,0.20578075126168277,0.4372596092440836,0.2314788579824008,1.2984812754114128,0.6639270790322458,0.0,0.0,1.7359188434876391,0.03214440304119729,3.6919001180660245,4,0.14147642341266622,9,0.2631578947368421,0.47368421052631576,4,0.25853586688290797
omnimath-104,omnimath,unknown,4,8,0,9,1.0,0.0,0.30017920895749783,0.30017920895749783,0.11867392538295815,0.0,0.4372596092440836,0.0,0.4372596092440836,0.0,-0.4372596092440836,0.8612216661673292,1.1011866882763295,0.0,0.0,1.7359188434876391,0.03214440304119729,3.6919001180660245,4,0.14147642341266622,9,0.2631578947368421,0.47368421052631576,4,0.16020670476910537
omnimath-105,omnimath,unknown,5,0,0,7,0.0,6.0,1.4262843686368636,1.4262843686368636,0.0,-2.049939246556331,0.0,-0.8708932870440204,0.0,0.8708932870440204,-0.8708932870440204,0.0,0.0,1.0,1.0,2.214023799838855,0.48675956167761014,4.211400058565349,2,0.08510117977232166,7,0.0,0.47368421052631576,3,0.25703461250162946
omnimath-105,omnimath,unknown,5,1,0,7,0.16666666666666666,5.0,0.5553910815928432,0.5553910815928432,-0.8708932870440204,-1.1790459595123108,-0.8708932870440204,-1.126011262856224,0.8708932870440204,1.126011262856224,-0.25511797581220363,0.8708932870440204,0.0,0.0,1.0,2.214023799838855,0.48675956167761014,4.211400058565349,2,0.08510117977232166,7,0.0,0.47368421052631576,3,0.6560599404609994
omnimath-105,omnimath,unknown,5,2,0,7,0.3333333333333333,4.0,-0.5706201812633809,-0.5706201812633809,-1.9969045499002445,-0.053034696656086844,-1.126011262856224,-0.2578291093020997,1.126011262856224,0.2578291093020997,0.8681821535541243,1.9969045499002445,0.0,0.0,1.0,2.214023799838855,0.48675956167761014,4.211400058565349,2,0.08510117977232166,7,0.0,0.47368421052631576,3,0.6701751912138387
omnimath-105,omnimath,unknown,5,3,0,7,0.5,3.0,-0.8284492905654806,-0.8284492905654806,-2.254733659202344,0.20479441264601284,-0.2578291093020997,1.1940980053795198,0.2578291093020997,1.1940980053795198,1.4519271146816195,2.254733659202344,0.0,0.0,1.0,2.214023799838855,0.48675956167761014,4.211400058565349,2,0.08510117977232166,7,0.0,0.47368421052631576,3,0.6702247349230362
omnimath-105,omnimath,unknown,5,4,0,7,0.6666666666666666,2.0,0.3656487148140393,0.36564871481403927,-1.0606356538228243,-0.989303592733507,1.1940980053795198,-0.6902485301094562,1.1940980053795198,0.6902485301094562,-1.8843465354889761,1.0606356538228243,1.1940980053795198,0.0,0.0,2.214023799838855,0.48675956167761014,4.211400058565349,2,0.08510117977232166,7,0.0,0.47368421052631576,3,0.6266563005028327
omnimath-105,omnimath,unknown,5,5,1,7,0.8333333333333334,1.0,-0.32459981529541687,-0.3245998152954169,-1.7508841839322804,-0.29905506262405085,-0.6902485301094562,-0.29905506262405085,0.6902485301094562,0.29905506262405085,0.39119346748540534,1.7508841839322804,0.5038494752700637,0.0,0.0,2.214023799838855,0.48675956167761014,4.211400058565349,2,0.08510117977232166,7,0.0,0.47368421052631576,3,0.4613004706210514
omnimath-105,omnimath,unknown,5,6,0,7,1.0,0.0,-0.6236548779194677,-0.6236548779194677,-2.049939246556331,0.0,-0.29905506262405085,0.0,0.29905506262405085,0.0,0.29905506262405085,2.049939246556331,0.20479441264601284,0.0,0.0,2.214023799838855,0.48675956167761014,4.211400058565349,2,0.08510117977232166,7,0.0,0.47368421052631576,3,0.3041629603589852
omnimath-106,omnimath,unknown,1,0,0,7,0.0,6.0,0.47097634880201156,0.4709763488020116,0.0,-0.1675427680332231,0.0,0.27406836438715865,0.0,0.27406836438715865,0.27406836438715865,0.0,0.0,1.0,1.0,1.4319235876200476,0.06213792759652917,2.696304407206872,2,0.051458645355209276,7,0.15789473684210525,0.8421052631578947,4,0.4991061479663073
omnimath-106,omnimath,unknown,1,1,1,7,0.16666666666666666,5.0,0.7450447131891702,0.7450447131891703,0.27406836438715865,-0.44161113242038175,0.27406836438715865,-0.5734964341382353,0.27406836438715865,0.5734964341382353,-0.8475647985253939,0.0,0.27406836438715865,1.0,0.0,1.4319235876200476,0.06213792759652917,2.696304407206872,2,0.051458645355209276,7,0.15789473684210525,0.8421052631578947,4,0.5667161836146963
omnimath-106,omnimath,unknown,1,2,0,7,0.3333333333333333,4.0,0.17154827905093492,0.17154827905093498,-0.2994280697510766,0.13188530171785354,-0.5734964341382353,-0.6061358035703158,0.5734964341382353,0.6061358035703158,-0.03263936943208057,0.5734964341382353,0.0,0.0,1.0,1.4319235876200476,0.06213792759652917,2.696304407206872,2,0.051458645355209276,7,0.15789473684210525,0.8421052631578947,4,0.5804148252753331
omnimath-106,omnimath,unknown,1,3,0,7,0.5,3.0,-0.4345875245193809,-0.4345875245193808,-0.9055638733213924,0.7380211052881693,-0.6061358035703158,-0.0647056194753316,0.6061358035703158,0.0647056194753316,0.5414301840949842,1.179632237708551,0.0,0.0,1.0,1.4319235876200476,0.06213792759652917,2.696304407206872,2,0.051458645355209276,7,0.15789473684210525,0.8421052631578947,4,0.5296099696974482
omnimath-106,omnimath,unknown,1,4,0,7,0.6666666666666666,2.0,-0.4992931439947125,-0.4992931439947124,-0.970269492796724,0.8027267247635009,-0.0647056194753316,-0.2578291093020997,0.0647056194753316,0.2578291093020997,-0.19312348982676808,1.2443378571838828,0.0,0.0,1.0,1.4319235876200476,0.06213792759652917,2.696304407206872,2,0.051458645355209276,7,0.15789473684210525,0.8421052631578947,4,0.3938434303023554
omnimath-106,omnimath,unknown,1,5,0,7,0.8333333333333334,1.0,-0.7571222532968122,-0.757122253296812,-1.2280986020988238,1.0605558340656005,-0.2578291093020997,1.0605558340656005,0.2578291093020997,1.0605558340656005,1.3183849433677002,1.5021669664859822,0.0,0.0,1.0,1.4319235876200476,0.06213792759652917,2.696304407206872,2,0.051458645355209276,7,0.15789473684210525,0.8421052631578947,4,0.4110175171216862
omnimath-106,omnimath,unknown,1,6,0,7,1.0,0.0,0.30343358076878846,0.3034335807687885,-0.1675427680332231,0.0,1.0605558340656005,0.0,1.0605558340656005,0.0,-1.0605558340656005,0.44161113242038175,1.0605558340656005,0.0,0.0,1.4319235876200476,0.06213792759652917,2.696304407206872,2,0.051458645355209276,7,0.15789473684210525,0.8421052631578947,4,0.30148257009736545
omnimath-107,omnimath,unknown,3,0,0,7,0.0,6.0,1.2361508964660843,1.2361508964660843,0.0,-0.7830797817003177,0.0,-1.6898604150229504,0.0,1.6898604150229504,-1.6898604150229504,0.0,0.0,1.0,1.0,2.10378672413442,0.22867023798148658,3.4244936665685226,1,0.051431215606385985,7,0.0,0.3157894736842105,1,0.5223217050728314
omnimath-107,omnimath,unknown,3,1,0,7,0.16666666666666666,5.0,-0.453709518556866,-0.45370951855686603,-1.6898604150229504,0.9067806333226327,-1.6898604150229504,-0.46262352194811324,1.6898604150229504,0.46262352194811324,1.2272368930748372,1.6898604150229504,0.0,0.0,1.0,2.10378672413442,0.22867023798148658,3.4244936665685226,1,0.051431215606385985,7,0.0,0.3157894736842105,1,0.832397356181515
omnimath-107,omnimath,unknown,3,2,0,7,0.3333333333333333,4.0,-0.9163330405049792,-0.9163330405049792,-2.1524839369710635,1.3694041552707459,-0.46262352194811324,0.6061358035703155,0.46262352194811324,0.6061358035703155,1.0687593255184287,2.1524839369710635,0.0,0.0,1.0,2.10378672413442,0.22867023798148658,3.4244936665685226,1,0.051431215606385985,7,0.0,0.3157894736842105,1,0.7957135617711039
omnimath-107,omnimath,unknown,3,3,1,7,0.5,3.0,-0.3101972369346638,-0.31019723693466383,-1.546348133400748,0.7632683517004304,0.6061358035703155,0.148788736685873,0.6061358035703155,0.148788736685873,-0.4573470668844425,1.546348133400748,0.6061358035703155,0.0,0.0,2.10378672413442,0.22867023798148658,3.4244936665685226,1,0.051431215606385985,7,0.0,0.3157894736842105,1,0.640549826980787
omnimath-107,omnimath,unknown,3,4,0,7,0.6666666666666666,2.0,-0.16140850024879078,-0.1614085002487908,-1.3975593967148752,0.6144796150145575,0.148788736685873,0.3138347852622398,0.148788736685873,0.3138347852622398,0.1650460485763668,1.3975593967148752,0.7549245402561884,0.0,0.0,2.10378672413442,0.22867023798148658,3.4244936665685226,1,0.051431215606385985,7,0.0,0.3157894736842105,1,0.4848692058866343
omnimath-107,omnimath,unknown,3,5,0,7,0.8333333333333334,1.0,0.15242628501344901,0.152426285013449,-1.0837246114526353,0.30064482975231765,0.3138347852622398,0.30064482975231765,0.3138347852622398,0.30064482975231765,-0.013189955509922136,1.0837246114526353,1.0687593255184282,0.0,0.0,2.10378672413442,0.22867023798148658,3.4244936665685226,1,0.051431215606385985,7,0.0,0.3157894736842105,1,0.3362258961809303
omnimath-107,omnimath,unknown,3,6,0,7,1.0,0.0,0.45307111476576667,0.4530711147657666,-0.7830797817003177,0.0,0.30064482975231765,0.0,0.30064482975231765,0.0,-0.30064482975231765,0.7830797817003177,1.3694041552707459,0.0,0.0,2.10378672413442,0.22867023798148658,3.4244936665685226,1,0.051431215606385985,7,0.0,0.3157894736842105,1,0.19658412558590457
omnimath-108,omnimath,unknown,2,0,0,7,0.0,6.0,0.6179298806939075,0.6179298806939075,0.0,-0.7704388548615921,0.0,0.5075143624623346,0.0,0.5075143624623346,0.5075143624623346,0.0,0.0,1.0,1.0,2.180448595837018,0.21457952790104678,3.5904583368124454,2,0.10536681677448019,7,0.15789473684210525,0.8421052631578947,2,0.48800850460657913
omnimath-108,omnimath,unknown,2,1,0,7,0.16666666666666666,5.0,1.1254442431562421,1.1254442431562421,0.5075143624623346,-1.2779532173239267,0.5075143624623346,-1.277953217323927,0.5075143624623346,1.277953217323927,-1.7854675797862616,0.0,0.5075143624623346,1.0,0.0,2.180448595837018,0.21457952790104678,3.5904583368124454,2,0.10536681677448019,7,0.15789473684210525,0.8421052631578947,2,0.5536667330823443
omnimath-108,omnimath,unknown,2,2,1,7,0.3333333333333333,4.0,-0.15250897416768489,-0.15250897416768489,-0.7704388548615924,3.3306690738754696e-16,-1.277953217323927,1.6653345369377348e-16,1.277953217323927,1.6653345369377348e-16,1.2779532173239272,1.277953217323927,0.0,0.0,1.0,2.180448595837018,0.21457952790104678,3.5904583368124454,2,0.10536681677448019,7,0.15789473684210525,0.8421052631578947,2,0.6027251082237127
omnimath-108,omnimath,unknown,2,3,0,7,0.5,3.0,-0.15250897416768472,-0.15250897416768472,-0.7704388548615922,1.6653345369377348e-16,1.6653345369377348e-16,1.6653345369377348e-16,1.6653345369377348e-16,1.6653345369377348e-16,0.0,1.277953217323927,1.6653345369377348e-16,0.0,1.0,2.180448595837018,0.21457952790104678,3.5904583368124454,2,0.10536681677448019,7,0.15789473684210525,0.8421052631578947,2,0.4415837920178139
omnimath-108,omnimath,unknown,2,4,0,7,0.6666666666666666,2.0,-0.15250897416768455,-0.15250897416768455,-0.7704388548615921,0.0,1.6653345369377348e-16,-0.9808292530117264,1.6653345369377348e-16,0.9808292530117264,-0.9808292530117266,1.2779532173239267,3.3306690738754696e-16,0.0,1.0,2.180448595837018,0.21457952790104678,3.5904583368124454,2,0.10536681677448019,7,0.15789473684210525,0.8421052631578947,2,0.4909806223703073
omnimath-108,omnimath,unknown,2,5,0,7,0.8333333333333334,1.0,-1.133338227179411,-1.133338227179411,-1.7512681078733185,0.9808292530117264,-0.9808292530117264,0.9808292530117264,0.9808292530117264,0.9808292530117264,1.9616585060234528,2.258782470335653,0.0,0.0,1.0,2.180448595837018,0.21457952790104678,3.5904583368124454,2,0.10536681677448019,7,0.15789473684210525,0.8421052631578947,2,0.6126178021753119
omnimath-108,omnimath,unknown,2,6,0,7,1.0,0.0,-0.15250897416768455,-0.15250897416768455,-0.7704388548615921,0.0,0.9808292530117264,0.0,0.9808292530117264,0.0,-0.9808292530117264,1.2779532173239267,0.9808292530117264,0.0,0.0,2.180448595837018,0.21457952790104678,3.5904583368124454,2,0.10536681677448019,7,0.15789473684210525,0.8421052631578947,2,0.38138526271793755
omnimath-109,omnimath,unknown,1,0,0,9,0.0,8.0,-0.06233658403142711,-0.06233658403142711,0.0,1.1627228474575195,0.0,0.6084652674966451,0.0,0.6084652674966451,0.6084652674966451,0.0,0.0,1.0,1.0,1.8297064483077115,0.2521372418505893,4.611468099371541,4,0.14513724400496417,9,1.0,0.7368421052631579,0,0.5991559942604443
omnimath-109,omnimath,unknown,1,1,1,9,0.125,7.0,0.5461286834652179,0.5461286834652179,0.6084652674966451,0.5542575799608744,0.6084652674966451,0.029434596792092704,0.6084652674966451,0.029434596792092704,-0.5790306707045524,0.0,0.6084652674966451,1.0,0.0,1.8297064483077115,0.2521372418505893,4.611468099371541,4,0.14513724400496417,9,1.0,0.7368421052631579,0,0.4335822711991014
omnimath-109,omnimath,unknown,1,2,0,9,0.25,6.0,0.5755632802573106,0.5755632802573106,0.6378998642887377,0.5248229831687817,0.029434596792092704,-0.5032328254818699,0.029434596792092704,0.5032328254818699,-0.5326674222739626,0.0,0.6378998642887377,1.0,0.0,1.8297064483077115,0.2521372418505893,4.611468099371541,4,0.14513724400496417,9,1.0,0.7368421052631579,0,0.44337535501774133
omnimath-109,omnimath,unknown,1,3,0,9,0.375,5.0,0.07233045477544076,0.07233045477544076,0.13466703880686787,1.0280558086506515,-0.5032328254818699,-0.8629055391780833,0.5032328254818699,0.8629055391780833,-0.35967271369621345,0.5032328254818699,0.13466703880686787,0.0,0.0,1.8297064483077115,0.2521372418505893,4.611468099371541,4,0.14513724400496417,9,1.0,0.7368421052631579,0,0.6345904982448197
omnimath-109,omnimath,unknown,1,4,0,9,0.5,4.0,-0.7905750844026426,-0.7905750844026426,-0.7282385003712155,1.890961347828735,-0.8629055391780833,0.5819215454497209,0.8629055391780833,0.5819215454497209,1.4448270846278042,1.3661383646599532,0.0,0.0,1.0,1.8297064483077115,0.2521372418505893,4.611468099371541,4,0.14513724400496417,9,1.0,0.7368421052631579,0,0.613068560079923
omnimath-109,omnimath,unknown,1,5,0,9,0.625,3.0,-0.20865353895292177,-0.20865353895292177,-0.14631695492149466,1.3090398023790142,0.5819215454497209,-0.5819215454497209,0.5819215454497209,0.5819215454497209,-1.1638430908994417,0.7842168192102323,0.5819215454497209,0.0,0.0,1.8297064483077115,0.2521372418505893,4.611468099371541,4,0.14513724400496417,9,1.0,0.7368421052631579,0,0.6002662886917944
omnimath-109,omnimath,unknown,1,6,0,9,0.75,2.0,-0.7905750844026426,-0.7905750844026426,-0.7282385003712155,1.890961347828735,-0.5819215454497209,0.3483066942682149,0.5819215454497209,0.3483066942682149,0.9302282397179358,1.3661383646599532,0.0,0.0,1.0,1.8297064483077115,0.2521372418505893,4.611468099371541,4,0.14513724400496417,9,1.0,0.7368421052631579,0,0.4282691761549503
omnimath-109,omnimath,unknown,1,7,0,9,0.875,1.0,-0.44226839013442765,-0.44226839013442765,-0.37993180610300054,1.5426546535605201,0.3483066942682149,1.5426546535605201,0.3483066942682149,1.5426546535605201,1.1943479592923052,1.0178316703917383,0.3483066942682149,0.0,0.0,1.8297064483077115,0.2521372418505893,4.611468099371541,4,0.14513724400496417,9,1.0,0.7368421052631579,0,0.43245373116349217
omnimath-109,omnimath,unknown,1,8,0,9,1.0,0.0,1.1003862634260924,1.1003862634260924,1.1627228474575195,0.0,1.5426546535605201,0.0,1.5426546535605201,0.0,-1.5426546535605201,0.0,1.890961347828735,1.0,0.0,1.8297064483077115,0.2521372418505893,4.611468099371541,4,0.14513724400496417,9,1.0,0.7368421052631579,0,0.10381492298375909
omnimath-110,omnimath,unknown,3,0,0,13,0.0,12.0,-0.09768506886961545,-0.09768506886961545,0.0,0.2812390549560339,0.0,-0.747214401830221,0.0,0.747214401830221,-0.747214401830221,0.0,0.0,1.0,1.0,1.1514735287827342,0.049159179081725284,5.720987620409295,9,0.4446992369061481,13,0.6842105263157895,0.10526315789473684,2,0.506531786595753
omnimath-110,omnimath,unknown,3,1,0,13,0.08333333333333333,11.0,-0.8448994706998365,-0.8448994706998365,-0.747214401830221,1.0284534567862549,-0.747214401830221,0.7472144018302205,0.747214401830221,0.7472144018302205,1.4944288036604414,0.747214401830221,0.0,0.0,1.0,1.1514735287827342,0.049159179081725284,5.720987620409295,9,0.4446992369061481,13,0.6842105263157895,0.10526315789473684,2,0.7423415225555715
omnimath-110,omnimath,unknown,3,2,0,13,0.16666666666666666,10.0,-0.097685068869616,-0.097685068869616,-5.551115123125783e-16,0.28123905495603446,0.7472144018302205,0.37134415102026785,0.7472144018302205,0.37134415102026785,-0.3758702508099526,5.551115123125783e-16,0.7472144018302205,1.0,0.0,1.1514735287827342,0.049159179081725284,5.720987620409295,9,0.4446992369061481,13,0.6842105263157895,0.10526315789473684,2,0.5093802075303221
omnimath-110,omnimath,unknown,3,3,1,13,0.25,9.0,0.2736590821506518,0.2736590821506518,0.3713441510202673,-0.09010509606423336,0.37134415102026785,-0.8131769032993065,0.37134415102026785,0.8131769032993065,-1.1845210543195743,0.0,1.1185585528504882,1.0,0.0,1.1514735287827342,0.049159179081725284,5.720987620409295,9,0.4446992369061481,13,0.6842105263157895,0.10526315789473684,2,0.479631549763419
omnimath-110,omnimath,unknown,3,4,0,13,0.3333333333333333,8.0,-0.5395178211486547,-0.5395178211486547,-0.4418327522790392,0.7230718072350731,-0.8131769032993065,1.0484942076697001,0.8131769032993065,1.0484942076697001,1.8616711109690067,0.8131769032993065,0.30538164955118186,0.0,0.0,1.1514735287827342,0.049159179081725284,5.720987620409295,9,0.4446992369061481,13,0.6842105263157895,0.10526315789473684,2,0.6081893966612724
omnimath-110,omnimath,unknown,3,5,0,13,0.4166666666666667,7.0,0.5089763865210455,0.5089763865210455,0.606661455390661,-0.325422400434627,1.0484942076697001,-0.42231765321593884,1.0484942076697001,0.42231765321593884,-1.470811860885639,0.0,1.353875857220882,1.0,0.0,1.1514735287827342,0.049159179081725284,5.720987620409295,9,0.4446992369061481,13,0.6842105263157895,0.10526315789473684,2,0.28988648717774174
omnimath-110,omnimath,unknown,3,6,0,13,0.5,6.0,0.08665873330510662,0.08665873330510662,0.18434380217472207,0.09689525278131184,-0.42231765321593884,-0.13842205158908275,0.42231765321593884,0.13842205158908275,0.2838956016268561,0.42231765321593884,0.9315582040049432,0.0,0.0,1.1514735287827342,0.049159179081725284,5.720987620409295,9,0.4446992369061481,13,0.6842105263157895,0.10526315789473684,2,0.3276628969366217
omnimath-110,omnimath,unknown,3,7,0,13,0.5833333333333334,5.0,-0.05176331828397612,-0.05176331828397612,0.045921750585639326,0.23531730437039458,-0.13842205158908275,0.7029654773414462,0.13842205158908275,0.7029654773414462,0.8413875289305289,0.5607397048050216,0.7931361524158604,0.0,0.0,1.1514735287827342,0.049159179081725284,5.720987620409295,9,0.4446992369061481,13,0.6842105263157895,0.10526315789473684,2,0.3066945100866354
omnimath-110,omnimath,unknown,3,8,0,13,0.6666666666666666,4.0,0.6512021590574701,0.6512021590574701,0.7488872279270856,-0.46764817297105166,0.7029654773414462,-0.702965477341446,0.7029654773414462,0.702965477341446,-1.4059309546828922,0.0,1.4961016297573067,1.0,0.0,1.1514735287827342,0.049159179081725284,5.720987620409295,9,0.4446992369061481,13,0.6842105263157895,0.10526315789473684,2,0.16196801064445118
omnimath-110,omnimath,unknown,3,9,0,13,0.75,3.0,-0.05176331828397587,-0.05176331828397587,0.045921750585639576,0.23531730437039433,-0.702965477341446,0.5705448584676128,0.702965477341446,0.5705448584676128,1.2735103358090587,0.702965477341446,0.7931361524158607,0.0,0.0,1.1514735287827342,0.049159179081725284,5.720987620409295,9,0.4446992369061481,13,0.6842105263157895,0.10526315789473684,2,0.20854770112406615
omnimath-110,omnimath,unknown,3,10,0,13,0.8333333333333334,2.0,0.518781540183637,0.518781540183637,0.6164666090532525,-0.3352275540972185,0.5705448584676128,-1.058299361332292,0.5705448584676128,1.058299361332292,-1.628844219799905,0.13242061887383316,1.3636810108834734,0.0,0.0,1.1514735287827342,0.049159179081725284,5.720987620409295,9,0.4446992369061481,13,0.6842105263157895,0.10526315789473684,2,0.2081590441482838
omnimath-110,omnimath,unknown,3,11,0,13,0.9166666666666666,1.0,-0.5395178211486549,-0.5395178211486549,-0.4418327522790394,0.7230718072350734,-1.058299361332292,0.7230718072350734,1.058299361332292,0.7230718072350734,1.7813711685673654,1.190719980206125,0.30538164955118163,0.0,0.0,1.1514735287827342,0.049159179081725284,5.720987620409295,9,0.4446992369061481,13,0.6842105263157895,0.10526315789473684,2,0.1723402781145121
omnimath-110,omnimath,unknown,3,12,0,13,1.0,0.0,0.18355398608641846,0.18355398608641846,0.2812390549560339,0.0,0.7230718072350734,0.0,0.7230718072350734,0.0,-0.7230718072350734,0.46764817297105166,1.0284534567862549,0.0,0.0,1.1514735287827342,0.049159179081725284,5.720987620409295,9,0.4446992369061481,13,0.6842105263157895,0.10526315789473684,2,0.081442320430901
omnimath-111,omnimath,unknown,9,0,0,12,0.0,11.0,0.5875489649691866,0.5875489649691866,0.0,-0.18349854979013885,0.0,-0.9112799747064313,0.0,0.9112799747064313,-0.9112799747064313,0.0,0.0,1.0,1.0,1.4526313974618779,0.03471866018212329,5.285300435776109,7,0.26039248830585143,12,0.0,0.3684210526315789,3,0.2952356735935304
omnimath-111,omnimath,unknown,9,1,0,12,0.09090909090909091,10.0,-0.32373100973724467,-0.32373100973724467,-0.9112799747064313,0.7277814249162924,-0.9112799747064313,-0.2536322423937569,0.9112799747064313,0.2536322423937569,0.6576477323126744,0.9112799747064313,0.0,0.0,1.0,1.4526313974618779,0.03471866018212329,5.285300435776109,7,0.26039248830585143,12,0.0,0.3684210526315789,3,0.574873715125113
omnimath-111,omnimath,unknown,9,2,0,12,0.18181818181818182,9.0,-0.5773632521310016,-0.5773632521310016,-1.1649122171001882,0.9814136673100493,-0.2536322423937569,0.9808292530117262,0.2536322423937569,0.9808292530117262,1.2344614954054831,1.1649122171001882,0.0,0.0,1.0,1.4526313974618779,0.03471866018212329,5.285300435776109,7,0.26039248830585143,12,0.0,0.3684210526315789,3,0.6039764275433535
omnimath-111,omnimath,unknown,9,3,0,12,0.2727272727272727,8.0,0.40346600088072465,0.40346600088072465,-0.18408296408846198,0.0005844142983231215,0.9808292530117262,-1.2959102996516214,0.9808292530117262,1.2959102996516214,-2.2767395526633476,0.18408296408846198,0.9808292530117262,0.0,0.0,1.4526313974618779,0.03471866018212329,5.285300435776109,7,0.26039248830585143,12,0.0,0.3684210526315789,3,0.7422197836141772
omnimath-111,omnimath,unknown,9,4,0,12,0.36363636363636365,7.0,-0.8924442987708968,-0.8924442987708968,-1.4799932637400834,1.2964947139499445,-1.2959102996516214,0.5198754592859086,1.2959102996516214,0.5198754592859086,1.8157857589375301,1.4799932637400834,0.0,0.0,1.0,1.4526313974618779,0.03471866018212329,5.285300435776109,7,0.26039248830585143,12,0.0,0.3684210526315789,3,0.5786022458149088
omnimath-111,omnimath,unknown,9,5,0,12,0.45454545454545453,6.0,-0.3725688394849882,-0.3725688394849882,-0.9601178044541748,0.776619254664036,0.5198754592859086,0.34596597881346397,0.5198754592859086,0.34596597881346397,-0.17390948047244464,0.9601178044541748,0.5198754592859086,0.0,0.0,1.4526313974618779,0.03471866018212329,5.285300435776109,7,0.26039248830585143,12,0.0,0.3684210526315789,3,0.5017296724111565
omnimath-111,omnimath,unknown,9,6,0,12,0.5454545454545454,5.0,-0.026602860671524245,-0.02660286067152422,-0.6141518256407109,0.430653275850572,0.34596597881346397,0.47726774311236947,0.34596597881346397,0.47726774311236947,0.1313017642989055,0.6141518256407109,0.8658414380993725,0.0,0.0,1.4526313974618779,0.03471866018212329,5.285300435776109,7,0.26039248830585143,12,0.0,0.3684210526315789,3,0.38821587887894615
omnimath-111,omnimath,unknown,9,7,0,12,0.6363636363636364,4.0,0.45066488244084524,0.45066488244084524,-0.1368840825283414,-0.046614467261797465,0.47726774311236947,-0.3155466646972864,0.47726774311236947,0.3155466646972864,-0.792814407809656,0.1368840825283414,1.3431091812117422,0.0,0.0,1.4526313974618779,0.03471866018212329,5.285300435776109,7,0.26039248830585143,12,0.0,0.3684210526315789,3,0.2777915906566422
omnimath-111,omnimath,unknown,9,8,0,12,0.7272727272727273,3.0,0.13511821774355884,0.13511821774355887,-0.4524307472256278,0.2689321974354889,-0.3155466646972864,0.1039810142191607,0.3155466646972864,0.1039810142191607,0.41952767891644716,0.4524307472256278,1.0275625165144557,0.0,0.0,1.4526313974618779,0.03471866018212329,5.285300435776109,7,0.26039248830585143,12,0.0,0.3684210526315789,3,0.2058348349874104
omnimath-111,omnimath,unknown,9,9,1,12,0.8181818181818182,2.0,0.23909923196271954,0.23909923196271957,-0.3484497330064671,0.16495118321632823,0.1039810142191607,-0.2663366843431467,0.1039810142191607,0.2663366843431467,-0.37031769856230745,0.3484497330064671,1.1315435307336164,0.0,0.0,1.4526313974618779,0.03471866018212329,5.285300435776109,7,0.26039248830585143,12,0.0,0.3684210526315789,3,0.16932288913381696
omnimath-111,omnimath,unknown,9,10,0,12,0.9090909090909091,1.0,-0.02723745238042717,-0.027237452380427147,-0.6147864173496138,0.43128786755947496,-0.2663366843431467,0.43128786755947496,0.2663366843431467,0.43128786755947496,0.6976245519026216,0.6147864173496138,0.8652068463904696,0.0,0.0,1.4526313974618779,0.03471866018212329,5.285300435776109,7,0.26039248830585143,12,0.0,0.3684210526315789,3,0.16552485239631612
omnimath-111,omnimath,unknown,9,11,0,12,1.0,0.0,0.4040504151790478,0.4040504151790478,-0.18349854979013885,0.0,0.43128786755947496,0.0,0.43128786755947496,0.0,-0.43128786755947496,0.18349854979013885,1.2964947139499445,0.0,0.0,1.4526313974618779,0.03471866018212329,5.285300435776109,7,0.26039248830585143,12,0.0,0.3684210526315789,3,0.09189825202605843
omnimath-112,omnimath,unknown,1,0,0,5,0.0,4.0,0.5132644082547018,0.5132644082547018,0.0,-1.504077396776274,0.0,-1.5040773967762737,0.0,1.5040773967762737,-1.5040773967762737,0.0,0.0,1.0,1.0,2.2195054710060704,0.2640782284764483,5.695575153823839,2,0.08904960888217392,5,0.5263157894736842,1.0,3,0.618668330392138
omnimath-112,omnimath,unknown,1,1,1,5,0.25,3.0,-0.990812988521572,-0.990812988521572,-1.5040773967762737,-2.220446049250313e-16,-1.5040773967762737,2.351375257163477,1.5040773967762737,2.351375257163477,3.855452653939751,1.5040773967762737,0.0,0.0,1.0,2.2195054710060704,0.2640782284764483,5.695575153823839,2,0.08904960888217392,5,0.5263157894736842,1.0,3,0.9450985836420766
omnimath-112,omnimath,unknown,1,2,0,5,0.5,2.0,1.3605622686419054,1.3605622686419054,0.8472978603872037,-2.3513752571634776,2.351375257163477,-1.2527629684953683,2.351375257163477,1.2527629684953683,-3.6041382256588452,0.0,2.351375257163477,1.0,0.0,2.2195054710060704,0.2640782284764483,5.695575153823839,2,0.08904960888217392,5,0.5263157894736842,1.0,3,0.6805010586020966
omnimath-112,omnimath,unknown,1,3,0,5,0.75,1.0,0.1077993001465371,0.10779930014653706,-0.40546510810816466,-1.0986122886681093,-1.2527629684953683,-1.0986122886681093,1.2527629684953683,1.0986122886681093,0.15415067982725894,1.2527629684953683,1.0986122886681091,0.0,0.0,2.2195054710060704,0.2640782284764483,5.695575153823839,2,0.08904960888217392,5,0.5263157894736842,1.0,3,0.6923847281176326
omnimath-112,omnimath,unknown,1,4,0,5,1.0,0.0,-0.9908129885215722,-0.9908129885215722,-1.504077396776274,0.0,-1.0986122886681093,0.0,1.0986122886681093,0.0,1.0986122886681093,2.3513752571634776,0.0,0.0,1.0,2.2195054710060704,0.2640782284764483,5.695575153823839,2,0.08904960888217392,5,0.5263157894736842,1.0,3,0.312431996735683
omnimath-113,omnimath,unknown,5,0,0,9,0.0,8.0,0.8124544148443442,0.8124544148443442,0.0,-0.08085152289427344,0.0,-0.4000794665233499,0.0,0.4000794665233499,-0.4000794665233499,0.0,0.0,1.0,1.0,1.3636353619095938,0.01988392855895166,4.066174481293558,5,0.15056616906002984,9,0.0,0.7894736842105263,2,0.350767166520477
omnimath-113,omnimath,unknown,5,1,0,9,0.125,7.0,0.4123749483209943,0.4123749483209943,-0.4000794665233499,0.31922794362907647,-0.4000794665233499,-0.7179348772998604,0.4000794665233499,0.7179348772998604,-0.31785541077651047,0.4000794665233499,0.0,0.0,1.0,1.3636353619095938,0.01988392855895166,4.066174481293558,5,0.15056616906002984,9,0.0,0.7894736842105263,2,0.5796239449867917
omnimath-113,omnimath,unknown,5,2,0,9,0.25,6.0,-0.30555992897886614,-0.30555992897886614,-1.1180143438232104,1.037162820928937,-0.7179348772998604,0.27610212502082143,0.7179348772998604,0.27610212502082143,0.9940370023206818,1.1180143438232104,0.0,0.0,1.0,1.3636353619095938,0.01988392855895166,4.066174481293558,5,0.15056616906002984,9,0.0,0.7894736842105263,2,0.6073177272923703
omnimath-113,omnimath,unknown,5,3,0,9,0.375,5.0,-0.029457803958044676,-0.029457803958044676,-0.8419122188023889,0.7610606959081154,0.27610212502082143,-0.5814837745720034,0.27610212502082143,0.5814837745720034,-0.8575858995928248,0.8419122188023889,0.27610212502082143,0.0,0.0,1.3636353619095938,0.01988392855895166,4.066174481293558,5,0.15056616906002984,9,0.0,0.7894736842105263,2,0.6064145646208005
omnimath-113,omnimath,unknown,5,4,0,9,0.5,4.0,-0.610941578530048,-0.610941578530048,-1.4233959933743923,1.3425444704801188,-0.5814837745720034,0.6331097923031658,0.5814837745720034,0.6331097923031658,1.2145935668751693,1.4233959933743923,0.0,0.0,1.0,1.3636353619095938,0.01988392855895166,4.066174481293558,5,0.15056616906002984,9,0.0,0.7894736842105263,2,0.5407061221558356
omnimath-113,omnimath,unknown,5,5,1,9,0.625,3.0,0.022168213773117687,0.022168213773117687,-0.7902862010712265,0.709434678176953,0.6331097923031658,-0.6331097923031658,0.6331097923031658,0.6331097923031658,-1.2662195846063315,0.7902862010712265,0.6331097923031658,0.0,0.0,1.3636353619095938,0.01988392855895166,4.066174481293558,5,0.15056616906002984,9,0.0,0.7894736842105263,2,0.5011671411185233
omnimath-113,omnimath,unknown,5,6,0,9,0.75,2.0,-0.610941578530048,-0.610941578530048,-1.4233959933743923,1.3425444704801188,-0.6331097923031658,0.1892419996385281,0.6331097923031658,0.1892419996385281,0.8223517919416938,1.4233959933743923,0.0,0.0,1.0,1.3636353619095938,0.01988392855895166,4.066174481293558,5,0.15056616906002984,9,0.0,0.7894736842105263,2,0.32895783884599666
omnimath-113,omnimath,unknown,5,7,0,9,0.875,1.0,-0.42169957889151993,-0.42169957889151993,-1.234153993735864,1.1533024708415907,0.1892419996385281,1.1533024708415907,0.1892419996385281,1.1533024708415907,0.9640604712030625,1.234153993735864,0.1892419996385281,0.0,0.0,1.3636353619095938,0.01988392855895166,4.066174481293558,5,0.15056616906002984,9,0.0,0.7894736842105263,2,0.34803506752384755
omnimath-113,omnimath,unknown,5,8,0,9,1.0,0.0,0.7316028919500708,0.7316028919500708,-0.08085152289427344,0.0,1.1533024708415907,0.0,1.1533024708415907,0.0,-1.1533024708415907,0.08085152289427344,1.3425444704801188,0.0,0.0,1.3636353619095938,0.01988392855895166,4.066174481293558,5,0.15056616906002984,9,0.0,0.7894736842105263,2,0.15459162970335238
omnimath-114,omnimath,unknown,8,0,0,11,0.0,10.0,-0.06849002646256688,-0.06849002646256687,0.0,0.4881938233057932,0.0,0.16111934914335155,0.0,0.16111934914335155,0.16111934914335155,0.0,0.0,1.0,1.0,0.9487125012347063,0.10567384747111695,4.619816870387231,6,0.2962368586569043,11,0.5263157894736842,0.7894736842105263,2,0.5255002475200543
omnimath-114,omnimath,unknown,8,1,0,11,0.1,9.0,0.09262932268078466,0.09262932268078468,0.16111934914335155,0.3270744741624416,0.16111934914335155,0.3270744741624416,0.16111934914335155,0.3270744741624416,0.16595512501909007,0.0,0.16111934914335155,1.0,0.0,0.9487125012347063,0.10567384747111695,4.619816870387231,6,0.2962368586569043,11,0.5263157894736842,0.7894736842105263,2,0.5090627709319199
omnimath-114,omnimath,unknown,8,2,0,11,0.2,8.0,0.4197037968432263,0.4197037968432263,0.4881938233057932,0.0,0.3270744741624416,-0.4881938233057932,0.3270744741624416,0.4881938233057932,-0.8152682974682348,0.0,0.4881938233057932,1.0,0.0,0.9487125012347063,0.10567384747111695,4.619816870387231,6,0.2962368586569043,11,0.5263157894736842,0.7894736842105263,2,0.44755097251827675
omnimath-114,omnimath,unknown,8,3,0,11,0.3,7.0,-0.06849002646256688,-0.06849002646256687,0.0,0.4881938233057932,-0.4881938233057932,-0.4855078157817011,0.4881938233057932,0.4855078157817011,0.0026860075240920933,0.4881938233057932,0.0,0.0,1.0,0.9487125012347063,0.10567384747111695,4.619816870387231,6,0.2962368586569043,11,0.5263157894736842,0.7894736842105263,2,0.5069351416439473
omnimath-114,omnimath,unknown,8,4,0,11,0.4,6.0,-0.553997842244268,-0.553997842244268,-0.4855078157817011,0.9737016390874942,-0.4855078157817011,1.3820238919964385,0.4855078157817011,1.3820238919964385,1.8675317077781397,0.9737016390874942,0.0,0.0,1.0,0.9487125012347063,0.10567384747111695,4.619816870387231,6,0.2962368586569043,11,0.5263157894736842,0.7894736842105263,2,0.6084496018833147
omnimath-114,omnimath,unknown,8,5,0,11,0.5,5.0,0.8280260497521705,0.8280260497521705,0.8965160762147374,-0.40832225290894425,1.3820238919964385,-1.3820238919964383,1.3820238919964385,1.3820238919964383,-2.7640477839928765,0.0,1.3820238919964385,1.0,0.0,0.9487125012347063,0.10567384747111695,4.619816870387231,6,0.2962368586569043,11,0.5263157894736842,0.7894736842105263,2,0.4446746332805227
omnimath-114,omnimath,unknown,8,6,0,11,0.6,4.0,-0.5539978422442677,-0.5539978422442677,-0.4855078157817009,0.973701639087494,-1.3820238919964383,0.6613984822453649,1.3820238919964383,0.6613984822453649,2.0434223742418034,1.3820238919964383,2.220446049250313e-16,0.0,1.0,0.9487125012347063,0.10567384747111695,4.619816870387231,6,0.2962368586569043,11,0.5263157894736842,0.7894736842105263,2,0.4124290653111131
omnimath-114,omnimath,unknown,8,7,0,11,0.7,3.0,0.10740064000109717,0.10740064000109718,0.17589066646366405,0.3123031568421291,0.6613984822453649,-0.6613984822453651,0.6613984822453649,0.6613984822453651,-1.32279696449073,0.7206254097510734,0.6613984822453651,0.0,0.0,0.9487125012347063,0.10567384747111695,4.619816870387231,6,0.2962368586569043,11,0.5263157894736842,0.7894736842105263,2,0.3600799106563445
omnimath-114,omnimath,unknown,8,8,1,11,0.8,2.0,-0.553997842244268,-0.553997842244268,-0.4855078157817011,0.9737016390874942,-0.6613984822453651,0.4855078157817003,0.6613984822453651,0.4855078157817003,1.1469062980270655,1.3820238919964385,0.0,0.0,1.0,0.9487125012347063,0.10567384747111695,4.619816870387231,6,0.2962368586569043,11,0.5263157894736842,0.7894736842105263,2,0.24278162862854144
omnimath-114,omnimath,unknown,8,9,0,11,0.9,1.0,-0.06849002646256766,-0.06849002646256765,-7.771561172376096e-16,0.488193823305794,0.4855078157817003,0.488193823305794,0.4855078157817003,0.488193823305794,0.0026860075240936476,0.8965160762147382,0.4855078157817003,0.0,0.0,0.9487125012347063,0.10567384747111695,4.619816870387231,6,0.2962368586569043,11,0.5263157894736842,0.7894736842105263,2,0.19582605168449005
omnimath-114,omnimath,unknown,8,10,0,11,1.0,0.0,0.4197037968432263,0.4197037968432263,0.4881938233057932,0.0,0.488193823305794,0.0,0.488193823305794,0.0,-0.488193823305794,0.40832225290894425,0.9737016390874942,0.0,0.0,0.9487125012347063,0.10567384747111695,4.619816870387231,6,0.2962368586569043,11,0.5263157894736842,0.7894736842105263,2,0.11069464865734807
omnimath-115,omnimath,unknown,1,0,0,7,0.0,6.0,1.2017410925230152,1.2017410925230152,0.0,-1.8068182502580532,0.0,-0.24206130924325242,0.0,0.24206130924325242,-0.24206130924325242,0.0,0.0,1.0,1.0,1.806818250258054,0.826247167303319,2.186776937650622,2,0.0474824105763881,7,0.0,0.8421052631578947,2,0.3720609982935777
omnimath-115,omnimath,unknown,1,1,1,7,0.16666666666666666,5.0,0.9596797832797628,0.9596797832797628,-0.24206130924325242,-1.5647569410148008,-0.24206130924325242,-0.958621137444486,0.24206130924325242,0.958621137444486,-0.7165598282012335,0.24206130924325242,0.0,0.0,1.0,1.806818250258054,0.826247167303319,2.186776937650622,2,0.0474824105763881,7,0.0,0.8421052631578947,2,0.5945920594050834
omnimath-115,omnimath,unknown,1,2,0,7,0.3333333333333333,4.0,0.0010586458352768724,0.001058645835276904,-1.2006824466877384,-0.606135803570315,-0.958621137444486,-0.6061358035703157,0.958621137444486,0.6061358035703157,0.35248533387417025,1.2006824466877384,0.0,0.0,1.0,1.806818250258054,0.826247167303319,2.186776937650622,2,0.0474824105763881,7,0.0,0.8421052631578947,2,0.7068977481078975
omnimath-115,omnimath,unknown,1,3,0,7,0.5,3.0,-0.6050771577350388,-0.6050771577350388,-1.806818250258054,6.661338147750939e-16,-0.6061358035703157,0.25782910930209957,0.6061358035703157,0.25782910930209957,0.8639649128724153,1.806818250258054,0.0,0.0,1.0,1.806818250258054,0.826247167303319,2.186776937650622,2,0.0474824105763881,7,0.0,0.8421052631578947,2,0.6770971223156624
omnimath-115,omnimath,unknown,1,4,0,7,0.6666666666666666,2.0,-0.3472480484329392,-0.34724804843293916,-1.5489891409559544,-0.2578291093020989,0.25782910930209957,-0.25782910930209957,0.25782910930209957,0.25782910930209957,-0.5156582186041991,1.5489891409559544,0.25782910930209957,0.0,0.0,1.806818250258054,0.826247167303319,2.186776937650622,2,0.0474824105763881,7,0.0,0.8421052631578947,2,0.6113881586141027
omnimath-115,omnimath,unknown,1,5,0,7,0.8333333333333334,1.0,-0.6050771577350388,-0.6050771577350388,-1.806818250258054,6.661338147750939e-16,-0.25782910930209957,6.661338147750939e-16,0.25782910930209957,6.661338147750939e-16,0.25782910930210023,1.806818250258054,0.0,0.0,1.0,1.806818250258054,0.826247167303319,2.186776937650622,2,0.0474824105763881,7,0.0,0.8421052631578947,2,0.4208167836714574
omnimath-115,omnimath,unknown,1,6,0,7,1.0,0.0,-0.6050771577350381,-0.6050771577350381,-1.8068182502580532,0.0,6.661338147750939e-16,0.0,6.661338147750939e-16,0.0,-6.661338147750939e-16,1.8068182502580532,6.661338147750939e-16,0.0,1.0,1.806818250258054,0.826247167303319,2.186776937650622,2,0.0474824105763881,7,0.0,0.8421052631578947,2,0.30664881628896756
omnimath-116,omnimath,unknown,2,0,0,6,0.0,5.0,1.2106335013938636,1.2106335013938636,0.0,-2.355694918307994,0.0,-2.1421208180099347,0.0,2.1421208180099347,-2.1421208180099347,0.0,0.0,1.0,1.0,2.355694918307994,0.434931920993893,5.416238276843035,2,0.07850065694981721,6,0.0,1.0,4,0.5808191482661609
omnimath-116,omnimath,unknown,2,1,0,6,0.2,4.0,-0.9314873166160713,-0.9314873166160713,-2.1421208180099347,-0.21357410029805912,-2.1421208180099347,1.0045833390198333,2.1421208180099347,1.0045833390198333,3.146704157029768,2.1421208180099347,0.0,0.0,1.0,2.355694918307994,0.434931920993893,5.416238276843035,2,0.07850065694981721,6,0.0,1.0,4,0.9171588702392754
omnimath-116,omnimath,unknown,2,2,1,6,0.4,3.0,0.0730960224037619,0.0730960224037619,-1.1375374789901018,-1.2181574393178924,1.0045833390198333,0.6466271649250527,1.0045833390198333,0.6466271649250527,-0.35795617409478064,1.1375374789901018,1.0045833390198333,0.0,0.0,2.355694918307994,0.434931920993893,5.416238276843035,2,0.07850065694981721,6,0.0,1.0,4,0.7532416707261249
omnimath-116,omnimath,unknown,2,3,0,6,0.6,2.0,0.7197231873288146,0.7197231873288146,-0.49091031406504904,-1.864784604242945,0.6466271649250527,-0.646627164925053,0.6466271649250527,0.646627164925053,-1.2932543298501056,0.49091031406504904,1.6512105039448859,0.0,0.0,2.355694918307994,0.434931920993893,5.416238276843035,2,0.07850065694981721,6,0.0,1.0,4,0.6261663883182115
omnimath-116,omnimath,unknown,2,4,0,6,0.8,1.0,0.07309602240376162,0.07309602240376162,-1.137537478990102,-1.218157439317892,-0.646627164925053,-1.218157439317892,0.646627164925053,1.218157439317892,-0.571530274392839,1.137537478990102,1.0045833390198329,0.0,0.0,2.355694918307994,0.434931920993893,5.416238276843035,2,0.07850065694981721,6,0.0,1.0,4,0.6913146687855031
omnimath-116,omnimath,unknown,2,5,0,6,1.0,0.0,-1.1450614169141304,-1.1450614169141304,-2.355694918307994,0.0,-1.218157439317892,0.0,1.218157439317892,0.0,1.218157439317892,2.355694918307994,0.0,0.0,1.0,2.355694918307994,0.434931920993893,5.416238276843035,2,0.07850065694981721,6,0.0,1.0,4,0.42359624475582625
omnimath-117,omnimath,unknown,11,0,0,14,0.0,13.0,0.35350949601638737,0.35350949601638737,0.0,-0.06414439194377425,0.0,-0.32703876765564105,0.0,0.32703876765564105,-0.32703876765564105,0.0,0.0,1.0,1.0,0.8583960517554508,0.014759817007096951,4.345879892205422,5,0.26013587913803693,14,0.3684210526315789,0.8421052631578947,4,0.3821558329628058
omnimath-117,omnimath,unknown,11,1,0,14,0.07692307692307693,12.0,0.026470728360746296,0.026470728360746293,-0.32703876765564105,0.2628943757118668,-0.32703876765564105,-0.08686012538229289,0.32703876765564105,0.08686012538229289,0.24017864227334818,0.32703876765564105,0.0,0.0,1.0,0.8583960517554508,0.014759817007096951,4.345879892205422,5,0.26013587913803693,14,0.3684210526315789,0.8421052631578947,4,0.5381944036622991
omnimath-117,omnimath,unknown,11,2,0,14,0.15384615384615385,11.0,-0.06038939702154659,-0.060389397021546595,-0.413898893037934,0.34975450109415973,-0.08686012538229289,-0.42285685082003377,0.08686012538229289,0.42285685082003377,-0.3359967254377409,0.413898893037934,0.0,0.0,1.0,0.8583960517554508,0.014759817007096951,4.345879892205422,5,0.26013587913803693,14,0.3684210526315789,0.8421052631578947,4,0.5208823226080932
omnimath-117,omnimath,unknown,11,3,0,14,0.23076923076923078,10.0,-0.4832462478415804,-0.4832462478415804,-0.8367557438579678,0.7726113519141935,-0.42285685082003377,0.7282385003712152,0.42285685082003377,0.7282385003712152,1.151095351191249,0.8367557438579678,0.0,0.0,1.0,0.8583960517554508,0.014759817007096951,4.345879892205422,5,0.26013587913803693,14,0.3684210526315789,0.8421052631578947,4,0.5972284551621752
omnimath-117,omnimath,unknown,11,4,0,14,0.3076923076923077,9.0,0.2449922525296348,0.2449922525296348,-0.10851724348675257,0.04437285154297832,0.7282385003712152,0.23361485118150532,0.7282385003712152,0.23361485118150532,-0.49462364918970986,0.10851724348675257,0.7282385003712152,0.0,0.0,0.8583960517554508,0.014759817007096951,4.345879892205422,5,0.26013587913803693,14,0.3684210526315789,0.8421052631578947,4,0.5766999713323915
omnimath-117,omnimath,unknown,11,5,0,14,0.38461538461538464,8.0,0.4786071037111401,0.4786071037111401,0.12509760769475275,-0.189241999638527,0.23361485118150532,-0.7282385003712155,0.23361485118150532,0.7282385003712155,-0.9618533515527208,0.0,0.9618533515527206,1.0,0.0,0.8583960517554508,0.014759817007096951,4.345879892205422,5,0.26013587913803693,14,0.3684210526315789,0.8421052631578947,4,0.4277104551418584
omnimath-117,omnimath,unknown,11,6,0,14,0.46153846153846156,7.0,-0.24963139666007536,-0.24963139666007536,-0.6031408926764628,0.5389965007326885,-0.7282385003712155,0.0,0.7282385003712155,0.0,0.7282385003712155,0.7282385003712155,0.23361485118150502,0.0,0.0,0.8583960517554508,0.014759817007096951,4.345879892205422,5,0.26013587913803693,14,0.3684210526315789,0.8421052631578947,4,0.5457650063649687
omnimath-117,omnimath,unknown,11,7,0,14,0.5384615384615384,6.0,-0.24963139666007536,-0.24963139666007536,-0.6031408926764628,0.5389965007326885,0.0,4.440892098500626e-16,0.0,4.440892098500626e-16,4.440892098500626e-16,0.7282385003712155,0.23361485118150502,0.0,0.0,0.8583960517554508,0.014759817007096951,4.345879892205422,5,0.26013587913803693,14,0.3684210526315789,0.8421052631578947,4,0.3985479087673328
omnimath-117,omnimath,unknown,11,8,0,14,0.6153846153846154,5.0,-0.24963139666007492,-0.24963139666007492,-0.6031408926764623,0.538996500732688,4.440892098500626e-16,0.3784839992770566,4.440892098500626e-16,0.3784839992770566,0.37848399927705617,0.7282385003712151,0.23361485118150546,0.0,0.0,0.8583960517554508,0.014759817007096951,4.345879892205422,5,0.26013587913803693,14,0.3684210526315789,0.8421052631578947,4,0.37442580460243385
omnimath-117,omnimath,unknown,11,9,0,14,0.6923076923076923,4.0,0.1288526026169817,0.1288526026169817,-0.22465689339940567,0.16051250145563142,0.3784839992770566,0.4191304409634997,0.3784839992770566,0.4191304409634997,0.0406464416864431,0.3497545010941584,0.612098850458562,0.0,0.0,0.8583960517554508,0.014759817007096951,4.345879892205422,5,0.26013587913803693,14,0.3684210526315789,0.8421052631578947,4,0.30771578917196213
omnimath-117,omnimath,unknown,11,10,0,14,0.7692307692307693,3.0,0.5479830435804814,0.5479830435804814,0.19447354756409407,-0.2586179395078683,0.4191304409634997,-1.0312292914220618,0.4191304409634997,1.0312292914220618,-1.4503597323855615,0.0,1.0312292914220618,1.0,0.0,0.8583960517554508,0.014759817007096951,4.345879892205422,5,0.26013587913803693,14,0.3684210526315789,0.8421052631578947,4,0.21930927227988706
omnimath-117,omnimath,unknown,11,11,1,14,0.8461538461538461,2.0,-0.4832462478415804,-0.4832462478415804,-0.8367557438579678,0.7726113519141935,-1.0312292914220618,0.1892419996385285,1.0312292914220618,0.1892419996385285,1.2204712910605902,1.0312292914220618,0.0,0.0,1.0,0.8583960517554508,0.014759817007096951,4.345879892205422,5,0.26013587913803693,14,0.3684210526315789,0.8421052631578947,4,0.20455181320776117
omnimath-117,omnimath,unknown,11,12,0,14,0.9230769230769231,1.0,-0.2940042482030519,-0.2940042482030519,-0.6475137442194392,0.583369352275665,0.1892419996385285,0.583369352275665,0.1892419996385285,0.583369352275665,0.3941273526371365,0.8419872917835334,0.1892419996385285,0.0,0.0,0.8583960517554508,0.014759817007096951,4.345879892205422,5,0.26013587913803693,14,0.3684210526315789,0.8421052631578947,4,0.20676997474618616
omnimath-117,omnimath,unknown,11,13,0,14,1.0,0.0,0.2893651040726131,0.2893651040726131,-0.06414439194377425,0.0,0.583369352275665,0.0,0.583369352275665,0.0,-0.583369352275665,0.2586179395078683,0.7726113519141935,0.0,0.0,0.8583960517554508,0.014759817007096951,4.345879892205422,5,0.26013587913803693,14,0.3684210526315789,0.8421052631578947,4,0.12924849958193732
omnimath-118,omnimath,unknown,2,0,0,4,0.0,3.0,1.4138157767878439,1.4138157767878439,0.0,-2.538973871058276,0.0,-1.5581446180465497,0.0,1.5581446180465497,-1.5581446180465497,0.0,0.0,1.0,1.0,2.538973871058276,1.0,2.538973871058276,0,0.02227170062331831,4,0.0,1.0,4,0.6002938979908878
omnimath-118,omnimath,unknown,2,1,0,4,0.3333333333333333,2.0,-0.14432884125870582,-0.14432884125870582,-1.5581446180465497,-0.9808292530117264,-1.5581446180465497,0.0,1.5581446180465497,0.0,1.5581446180465497,1.5581446180465497,0.0,0.0,1.0,2.538973871058276,1.0,2.538973871058276,0,0.02227170062331831,4,0.0,1.0,4,0.7953745810250809
omnimath-118,omnimath,unknown,2,2,1,4,0.6666666666666666,1.0,-0.14432884125870582,-0.14432884125870582,-1.5581446180465497,-0.9808292530117264,0.0,-0.9808292530117264,0.0,0.9808292530117264,-0.9808292530117264,1.5581446180465497,0.0,0.0,1.0,2.538973871058276,1.0,2.538973871058276,0,0.02227170062331831,4,0.0,1.0,4,0.5702966908728921
omnimath-118,omnimath,unknown,2,3,0,4,1.0,0.0,-1.1251580942704322,-1.1251580942704322,-2.538973871058276,0.0,-0.9808292530117264,0.0,0.9808292530117264,0.0,0.9808292530117264,2.538973871058276,0.0,0.0,1.0,2.538973871058276,1.0,2.538973871058276,0,0.02227170062331831,4,0.0,1.0,4,0.5560152696897827
omnimath-119,omnimath,unknown,1,0,0,10,0.0,9.0,0.9423104329758328,0.9423104329758328,0.0,-0.8199429769378365,0.0,-1.330768600703827,0.0,1.330768600703827,-1.330768600703827,0.0,0.0,1.0,1.0,1.6555770313752562,0.20965604594908577,3.9108959306470785,5,0.1583379084455102,10,0.0,0.6842105263157895,1,0.4868342369697763
omnimath-119,omnimath,unknown,1,1,1,10,0.1111111111111111,8.0,-0.38845816772799424,-0.38845816772799424,-1.330768600703827,0.5108256237659906,-1.330768600703827,0.753045322141014,1.330768600703827,0.753045322141014,2.083813922844841,1.330768600703827,0.0,0.0,1.0,1.6555770313752562,0.20965604594908577,3.9108959306470785,5,0.1583379084455102,10,0.0,0.6842105263157895,1,0.7843029257987656
omnimath-119,omnimath,unknown,1,2,0,10,0.2222222222222222,7.0,0.3645871544130198,0.3645871544130198,-0.577723278562813,-0.2422196983750234,0.753045322141014,-0.04154900291287239,0.753045322141014,0.04154900291287239,-0.7945943250538865,0.577723278562813,0.753045322141014,0.0,0.0,1.6555770313752562,0.20965604594908577,3.9108959306470785,5,0.1583379084455102,10,0.0,0.6842105263157895,1,0.635530619007991
omnimath-119,omnimath,unknown,1,3,0,10,0.3333333333333333,6.0,0.3230381515001474,0.3230381515001474,-0.6192722814756855,-0.20067069546215102,-0.04154900291287239,0.06169356900533979,0.04154900291287239,0.06169356900533979,0.10324257191821218,0.6192722814756855,0.7114963192281416,0.0,0.0,1.6555770313752562,0.20965604594908577,3.9108959306470785,5,0.1583379084455102,10,0.0,0.6842105263157895,1,0.5083393599248079
omnimath-119,omnimath,unknown,1,4,0,10,0.4444444444444444,5.0,0.3847317205054872,0.3847317205054872,-0.5575787124703456,-0.26236426446749084,0.06169356900533979,-0.7731898882334816,0.06169356900533979,0.7731898882334816,-0.8348834572388213,0.5575787124703456,0.7731898882334814,0.0,0.0,1.6555770313752562,0.20965604594908577,3.9108959306470785,5,0.1583379084455102,10,0.0,0.6842105263157895,1,0.5547573026126809
omnimath-119,omnimath,unknown,1,5,0,10,0.5555555555555556,4.0,-0.38845816772799435,-0.38845816772799435,-1.330768600703827,0.5108256237659907,-0.7731898882334816,-0.4054651081081643,0.7731898882334816,0.4054651081081643,0.3677247801253173,1.330768600703827,0.0,0.0,1.0,1.6555770313752562,0.20965604594908577,3.9108959306470785,5,0.1583379084455102,10,0.0,0.6842105263157895,1,0.46369321884807047
omnimath-119,omnimath,unknown,1,6,0,10,0.6666666666666666,3.0,-0.7939232758361586,-0.7939232758361586,-1.7362337088119915,0.916290731874155,-0.4054651081081643,0.5108256237659904,0.4054651081081643,0.5108256237659904,0.9162907318741547,1.7362337088119915,0.0,0.0,1.0,1.6555770313752562,0.20965604594908577,3.9108959306470785,5,0.1583379084455102,10,0.0,0.6842105263157895,1,0.4451214943181693
omnimath-119,omnimath,unknown,1,7,0,10,0.7777777777777778,2.0,-0.28309765207016824,-0.28309765207016824,-1.2254080850460012,0.4054651081081646,0.5108256237659904,1.1102230246251565e-16,0.5108256237659904,1.1102230246251565e-16,-0.5108256237659903,1.2254080850460012,0.5108256237659904,0.0,0.0,1.6555770313752562,0.20965604594908577,3.9108959306470785,5,0.1583379084455102,10,0.0,0.6842105263157895,1,0.30305852992244076
omnimath-119,omnimath,unknown,1,8,0,10,0.8888888888888888,1.0,-0.2830976520701681,-0.2830976520701681,-1.225408085046001,0.4054651081081645,1.1102230246251565e-16,0.4054651081081645,1.1102230246251565e-16,0.4054651081081645,0.4054651081081644,1.225408085046001,0.5108256237659905,0.0,0.0,1.6555770313752562,0.20965604594908577,3.9108959306470785,5,0.1583379084455102,10,0.0,0.6842105263157895,1,0.23150370083636113
omnimath-119,omnimath,unknown,1,9,0,10,1.0,0.0,0.1223674560379964,0.12236745603799641,-0.8199429769378365,0.0,0.4054651081081645,0.0,0.4054651081081645,0.0,-0.4054651081081645,0.8199429769378365,0.916290731874155,0.0,0.0,1.6555770313752562,0.20965604594908577,3.9108959306470785,5,0.1583379084455102,10,0.0,0.6842105263157895,1,0.14918452990243705
omnimath-120,omnimath,unknown,0,0,1,6,0.0,5.0,1.2619878758807748,1.261987875880775,0.0,-2.220446049250313e-16,0.0,-1.252762968495368,0.0,1.252762968495368,-1.252762968495368,0.0,0.0,1.0,1.0,2.4189029619539855,4.589779094438416e-17,4.837805923907971,1,0.04372856363702399,6,0.0,0.5789473684210527,3,0.308249109895394
omnimath-120,omnimath,unknown,0,1,0,6,0.2,4.0,0.009224907385406711,0.009224907385406858,-1.252762968495368,1.2527629684953678,-1.252762968495368,-0.874972582543424,1.252762968495368,0.874972582543424,0.37779038595194403,1.252762968495368,0.0,0.0,1.0,2.4189029619539855,4.589779094438416e-17,4.837805923907971,1,0.04372856363702399,6,0.0,0.5789473684210527,3,0.6952452487463786
omnimath-120,omnimath,unknown,0,2,0,6,0.4,3.0,-0.8657476751580173,-0.8657476751580172,-2.127735551038792,2.127735551038792,-0.874972582543424,-0.325422400434628,0.874972582543424,0.325422400434628,0.549550182108796,2.127735551038792,0.0,0.0,1.0,2.4189029619539855,4.589779094438416e-17,4.837805923907971,1,0.04372856363702399,6,0.0,0.5789473684210527,3,0.6422940163439437
omnimath-120,omnimath,unknown,0,3,0,6,0.6,2.0,-1.1911700755926453,-1.191170075592645,-2.45315795147342,2.45315795147342,-0.325422400434628,0.714887167196351,0.325422400434628,0.714887167196351,1.040309567630979,2.45315795147342,0.0,0.0,1.0,2.4189029619539855,4.589779094438416e-17,4.837805923907971,1,0.04372856363702399,6,0.0,0.5789473684210527,3,0.5870182500350107
omnimath-120,omnimath,unknown,0,4,0,6,0.8,1.0,-0.4762829083962942,-0.47628290839629406,-1.738270784277069,1.7382707842770688,0.714887167196351,1.7382707842770688,0.714887167196351,1.7382707842770688,1.0233836170807178,1.738270784277069,0.714887167196351,0.0,0.0,2.4189029619539855,4.589779094438416e-17,4.837805923907971,1,0.04372856363702399,6,0.0,0.5789473684210527,3,0.7065446955086578
omnimath-120,omnimath,unknown,0,5,0,6,1.0,0.0,1.2619878758807745,1.2619878758807748,-2.220446049250313e-16,0.0,1.7382707842770688,0.0,1.7382707842770688,0.0,-1.7382707842770688,2.220446049250313e-16,2.45315795147342,1.0,0.0,2.4189029619539855,4.589779094438416e-17,4.837805923907971,1,0.04372856363702399,6,0.0,0.5789473684210527,3,0.12868289734768187
omnimath-121,omnimath,unknown,1,0,0,8,0.0,7.0,1.320094069120406,1.320094069120406,0.0,-1.8838494884000094,0.0,-1.39360457233404,0.0,1.39360457233404,-1.39360457233404,0.0,0.0,1.0,1.0,2.01286130841737,0.38956241941887404,4.835809088592846,4,0.14365919215036152,8,0.0,0.2631578947368421,1,0.3456340717050486
omnimath-121,omnimath,unknown,1,1,1,8,0.14285714285714285,6.0,-0.073510503213634,-0.07351050321363396,-1.39360457233404,-0.4902449160659696,-1.39360457233404,-0.7353673740989546,1.39360457233404,0.7353673740989546,0.6582371982350854,1.39360457233404,0.0,0.0,1.0,2.01286130841737,0.38956241941887404,4.835809088592846,4,0.14365919215036152,8,0.0,0.2631578947368421,1,0.7312713738480233
omnimath-121,omnimath,unknown,1,2,0,8,0.2857142857142857,5.0,-0.8088778773125885,-0.8088778773125885,-2.1289719464329946,0.24512245803298494,-0.7353673740989546,0.7250405443358989,0.7353673740989546,0.7250405443358989,1.4604079184348535,2.1289719464329946,0.0,0.0,1.0,2.01286130841737,0.38956241941887404,4.835809088592846,4,0.14365919215036152,8,0.0,0.2631578947368421,1,0.7354379410718468
omnimath-121,omnimath,unknown,1,3,0,8,0.42857142857142855,4.0,-0.08383733297668966,-0.08383733297668962,-1.4039314020970957,-0.47991808630291394,0.7250405443358989,-0.2832077920568598,0.7250405443358989,0.2832077920568598,-1.0082483363927588,1.4039314020970957,0.7250405443358989,0.0,0.0,2.01286130841737,0.38956241941887404,4.835809088592846,4,0.14365919215036152,8,0.0,0.2631578947368421,1,0.6044441531522918
omnimath-121,omnimath,unknown,1,4,0,8,0.5714285714285714,3.0,-0.36704512503354947,-0.3670451250335494,-1.6871391941539553,-0.19671029424605413,-0.2832077920568598,1.1054934341495315,0.2832077920568598,1.1054934341495315,1.3887012262063914,1.6871391941539553,0.44183275227903906,0.0,0.0,2.01286130841737,0.38956241941887404,4.835809088592846,4,0.14365919215036152,8,0.0,0.2631578947368421,1,0.500573595687355
omnimath-121,omnimath,unknown,1,5,0,8,0.7142857142857143,2.0,0.7384483091159819,0.7384483091159819,-0.581645760004424,-1.3022037283955856,1.1054934341495315,-0.899964429536305,1.1054934341495315,0.899964429536305,-2.0054578636858365,0.581645760004424,1.5473261864285703,0.0,0.0,2.01286130841737,0.38956241941887404,4.835809088592846,4,0.14365919215036152,8,0.0,0.2631578947368421,1,0.4386168127260709
omnimath-121,omnimath,unknown,1,6,0,8,0.8571428571428571,1.0,-0.16151612042032298,-0.16151612042032293,-1.481610189540729,-0.4022392988592806,-0.899964429536305,-0.4022392988592806,0.899964429536305,0.4022392988592806,0.49772513067702434,1.481610189540729,0.6473617568922656,0.0,0.0,2.01286130841737,0.38956241941887404,4.835809088592846,4,0.14365919215036152,8,0.0,0.2631578947368421,1,0.2758740979770607
omnimath-121,omnimath,unknown,1,7,0,8,1.0,0.0,-0.5637554192796036,-0.5637554192796036,-1.8838494884000094,0.0,-0.4022392988592806,0.0,0.4022392988592806,0.0,0.4022392988592806,1.8838494884000094,0.24512245803298494,0.0,0.0,2.01286130841737,0.38956241941887404,4.835809088592846,4,0.14365919215036152,8,0.0,0.2631578947368421,1,0.16193310044368842
omnimath-122,omnimath,unknown,5,0,0,7,0.0,6.0,0.5814780557706187,0.5814780557706188,0.0,0.7426238084033498,0.0,-0.26945047606503464,0.0,0.26945047606503464,-0.26945047606503464,0.0,0.0,1.0,1.0,2.3228867140806275,0.1902627059552514,3.9031496197579054,1,0.06674285892698253,7,1.0,0.7894736842105263,0,0.49744454674664246
omnimath-122,omnimath,unknown,5,1,0,7,0.16666666666666666,5.0,0.3120275797055841,0.31202757970558415,-0.26945047606503464,1.0120742844683845,-0.26945047606503464,-0.1136412341453028,0.26945047606503464,0.1136412341453028,0.15580924191973183,0.26945047606503464,0.0,0.0,1.0,2.3228867140806275,0.1902627059552514,3.9031496197579054,1,0.06674285892698253,7,1.0,0.7894736842105263,0,0.6338385454491935
omnimath-122,omnimath,unknown,5,2,0,7,0.3333333333333333,4.0,0.19838634556028129,0.19838634556028134,-0.38309171021033744,1.1257155186136873,-0.1136412341453028,-0.697288982071026,0.1136412341453028,0.697288982071026,-0.5836477479257232,0.38309171021033744,0.0,0.0,1.0,2.3228867140806275,0.1902627059552514,3.9031496197579054,1,0.06674285892698253,7,1.0,0.7894736842105263,0,0.6598054309875481
omnimath-122,omnimath,unknown,5,3,0,7,0.5,3.0,-0.49890263651074473,-0.4989026365107447,-1.0803806922813635,1.8230045006847133,-0.697288982071026,-0.3746934494414107,0.697288982071026,0.3746934494414107,0.32259553262961527,1.0803806922813635,0.0,0.0,1.0,2.3228867140806275,0.1902627059552514,3.9031496197579054,1,0.06674285892698253,7,1.0,0.7894736842105263,0,0.6964404892758003
omnimath-122,omnimath,unknown,5,4,0,7,0.6666666666666666,2.0,-0.8735960859521554,-0.8735960859521553,-1.4550741417227742,2.1976979501261242,-0.3746934494414107,-0.16989903679539742,0.3746934494414107,0.16989903679539742,0.20479441264601328,1.4550741417227742,0.0,0.0,1.0,2.3228867140806275,0.1902627059552514,3.9031496197579054,1,0.06674285892698253,7,1.0,0.7894736842105263,0,0.6573618203932735
omnimath-122,omnimath,unknown,5,5,1,7,0.8333333333333334,1.0,-1.0434951227475529,-1.0434951227475529,-1.6249731785181716,2.367596986921521,-0.16989903679539742,2.367596986921521,0.16989903679539742,2.367596986921521,2.5374960237169186,1.6249731785181716,0.0,0.0,1.0,2.3228867140806275,0.1902627059552514,3.9031496197579054,1,0.06674285892698253,7,1.0,0.7894736842105263,0,0.7050331069113199
omnimath-122,omnimath,unknown,5,6,0,7,1.0,0.0,1.3241018641739686,1.3241018641739686,0.7426238084033498,0.0,2.367596986921521,0.0,2.367596986921521,0.0,-2.367596986921521,0.0,2.367596986921521,1.0,0.0,2.3228867140806275,0.1902627059552514,3.9031496197579054,1,0.06674285892698253,7,1.0,0.7894736842105263,0,0.19811609390130075
omnimath-123,omnimath,unknown,1,0,0,9,0.0,8.0,0.9760307551872051,0.9760307551872051,0.0,-0.7646985873431729,0.0,-0.17205826524774215,0.0,0.17205826524774215,-0.17205826524774215,0.0,0.0,1.0,1.0,1.773672255037865,0.26064422509606305,2.9338788805366223,3,0.08325284908320488,9,0.0,0.631578947368421,1,0.3300825239040759
omnimath-123,omnimath,unknown,1,1,1,9,0.125,7.0,0.8039724899394629,0.8039724899394629,-0.17205826524774215,-0.5926403220954308,-0.17205826524774215,-0.8956311131462769,0.17205826524774215,0.8956311131462769,-0.7235728478985347,0.17205826524774215,0.0,0.0,1.0,1.773672255037865,0.26064422509606305,2.9338788805366223,3,0.08325284908320488,9,0.0,0.631578947368421,1,0.6156396145068578
omnimath-123,omnimath,unknown,1,2,0,9,0.25,6.0,-0.09165862320681398,-0.09165862320681396,-1.0676893783940191,0.30299079105084614,-0.8956311131462769,-0.3053816495511821,0.8956311131462769,0.3053816495511821,0.5902494635950948,1.0676893783940191,0.0,0.0,1.0,1.773672255037865,0.26064422509606305,2.9338788805366223,3,0.08325284908320488,9,0.0,0.631578947368421,1,0.6774214801510571
omnimath-123,omnimath,unknown,1,3,0,9,0.375,5.0,-0.397040272757996,-0.397040272757996,-1.3730710279452012,0.6083724406020281,-0.3053816495511821,0.11613964991265335,0.3053816495511821,0.11613964991265335,0.42152129946383543,1.3730710279452012,0.0,0.0,1.0,1.773672255037865,0.26064422509606305,2.9338788805366223,3,0.08325284908320488,9,0.0,0.631578947368421,1,0.612727265658055
omnimath-123,omnimath,unknown,1,4,0,9,0.5,4.0,-0.2809006228453427,-0.2809006228453427,-1.2569313780325477,0.4922327906893748,0.11613964991265335,-0.5389965007326872,0.11613964991265335,0.5389965007326872,-0.6551361506453406,1.2569313780325477,0.11613964991265335,0.0,0.0,1.773672255037865,0.26064422509606305,2.9338788805366223,3,0.08325284908320488,9,0.0,0.631578947368421,1,0.5944308654709358
omnimath-123,omnimath,unknown,1,5,0,9,0.625,3.0,-0.8198971235780299,-0.8198971235780299,-1.795927878765235,1.031229291422062,-0.5389965007326872,0.42285685082003366,0.5389965007326872,0.42285685082003366,0.9618533515527209,1.795927878765235,0.0,0.0,1.0,1.773672255037865,0.26064422509606305,2.9338788805366223,3,0.08325284908320488,9,0.0,0.631578947368421,1,0.5586280803288067
omnimath-123,omnimath,unknown,1,6,0,9,0.75,2.0,-0.39704027275799625,-0.39704027275799625,-1.3730710279452012,0.6083724406020283,0.42285685082003366,0.39224177493347456,0.42285685082003366,0.39224177493347456,-0.030615075886559096,1.3730710279452012,0.42285685082003366,0.0,0.0,1.773672255037865,0.26064422509606305,2.9338788805366223,3,0.08325284908320488,9,0.0,0.631578947368421,1,0.429151739712604
omnimath-123,omnimath,unknown,1,7,0,9,0.875,1.0,-0.004798497824521714,-0.004798497824521695,-0.9808292530117267,0.21613066566855385,0.39224177493347456,0.21613066566855385,0.39224177493347456,0.21613066566855385,-0.1761111092649207,0.9808292530117267,0.8150986257535082,0.0,0.0,1.773672255037865,0.26064422509606305,2.9338788805366223,3,0.08325284908320488,9,0.0,0.631578947368421,1,0.2917420457752561
omnimath-123,omnimath,unknown,1,8,0,9,1.0,0.0,0.21133216784403214,0.21133216784403216,-0.7646985873431729,0.0,0.21613066566855385,0.0,0.21613066566855385,0.0,-0.21613066566855385,0.7646985873431729,1.031229291422062,0.0,0.0,1.773672255037865,0.26064422509606305,2.9338788805366223,3,0.08325284908320488,9,0.0,0.631578947368421,1,0.1869712225614559
omnimath-124,omnimath,unknown,1,0,0,6,0.0,5.0,1.438746090604917,1.438746090604917,0.0,-2.3398968014314026,0.0,-1.8096187517385967,0.0,1.8096187517385967,-1.8096187517385967,0.0,0.0,1.0,1.0,2.3398968014314026,0.5878876163276096,3.9801770550095386,2,0.06951244120660975,6,0.0,1.0,0,0.48691361353570756
omnimath-124,omnimath,unknown,1,1,1,6,0.2,4.0,-0.3708726611336797,-0.3708726611336798,-1.8096187517385967,-0.5302780496928059,-1.8096187517385967,0.9326759986207296,1.8096187517385967,0.9326759986207296,2.742294750359326,1.8096187517385967,0.0,0.0,1.0,2.3398968014314026,0.5878876163276096,3.9801770550095386,2,0.06951244120660975,6,0.0,1.0,0,0.7887272199321307
omnimath-124,omnimath,unknown,1,2,0,6,0.4,3.0,0.5618033374870499,0.5618033374870499,-0.8769427531178671,-1.4629540483135355,0.9326759986207296,-0.602752783090424,0.9326759986207296,0.602752783090424,-1.5354287817111536,0.8769427531178671,0.9326759986207296,0.0,0.0,2.3398968014314026,0.5878876163276096,3.9801770550095386,2,0.06951244120660975,6,0.0,1.0,0,0.712349576962038
omnimath-124,omnimath,unknown,1,3,0,6,0.6,2.0,-0.0409494456033741,-0.040949445603374136,-1.479695536208291,-0.8602012652231115,-0.602752783090424,-0.6466271649250532,0.602752783090424,0.6466271649250532,-0.04387438183462922,1.479695536208291,0.3299232155303056,0.0,0.0,2.3398968014314026,0.5878876163276096,3.9801770550095386,2,0.06951244120660975,6,0.0,1.0,0,0.6373647456320517
omnimath-124,omnimath,unknown,1,4,0,6,0.8,1.0,-0.6875766105284273,-0.6875766105284273,-2.1263227011333443,-0.21357410029805823,-0.6466271649250532,-0.21357410029805823,0.6466271649250532,0.21357410029805823,0.433053064626995,2.1263227011333443,0.0,0.0,1.0,2.3398968014314026,0.5878876163276096,3.9801770550095386,2,0.06951244120660975,6,0.0,1.0,0,0.49774120404516914
omnimath-124,omnimath,unknown,1,5,0,6,1.0,0.0,-0.9011507108264856,-0.9011507108264856,-2.3398968014314026,0.0,-0.21357410029805823,0.0,0.21357410029805823,0.0,0.21357410029805823,2.3398968014314026,0.0,0.0,1.0,2.3398968014314026,0.5878876163276096,3.9801770550095386,2,0.06951244120660975,6,0.0,1.0,0,0.38656604597419614
omnimath-125,omnimath,unknown,5,0,0,8,0.0,7.0,1.3025869475844067,1.3025869475844067,0.0,-1.7279100606060558,0.0,-1.6944173118249415,0.0,1.6944173118249415,-1.6944173118249415,0.0,0.0,1.0,1.0,2.2148322875511237,0.2994756227674907,5.769785348931672,5,0.22743473203314568,8,0.0,0.5789473684210527,4,0.37007578897967264
omnimath-125,omnimath,unknown,5,1,0,8,0.14285714285714285,6.0,-0.3918303642405347,-0.39183036424053463,-1.6944173118249415,-0.03349274878111441,-1.6944173118249415,0.6582386322712097,1.6944173118249415,0.6582386322712097,2.352655944096151,1.6944173118249415,0.0,0.0,1.0,2.2148322875511237,0.2994756227674907,5.769785348931672,5,0.22743473203314568,8,0.0,0.5789473684210527,4,0.7706651899872995
omnimath-125,omnimath,unknown,5,2,0,8,0.2857142857142857,5.0,0.26640826803067497,0.266408268030675,-1.0361786795537318,-0.691731381052324,0.6582386322712097,-0.09487998426857602,0.6582386322712097,0.09487998426857602,-0.7531186165397857,1.0361786795537318,0.6582386322712097,0.0,0.0,2.2148322875511237,0.2994756227674907,5.769785348931672,5,0.22743473203314568,8,0.0,0.5789473684210527,4,0.5827710877821612
omnimath-125,omnimath,unknown,5,3,0,8,0.42857142857142855,4.0,0.17152828376209894,0.171528283762099,-1.1310586638223077,-0.5968513967837481,-0.09487998426857602,-1.169494451572949,0.09487998426857602,1.169494451572949,-1.074614467304373,1.1310586638223077,0.5633586480026336,0.0,0.0,2.2148322875511237,0.2994756227674907,5.769785348931672,5,0.22743473203314568,8,0.0,0.5789473684210527,4,0.6452822335957809
omnimath-125,omnimath,unknown,5,4,0,8,0.5714285714285714,3.0,-0.99796616781085,-0.99796616781085,-2.3005531153952568,0.572643054789201,-1.169494451572949,1.6286957290385145,1.169494451572949,1.6286957290385145,2.7981901806114635,2.3005531153952568,0.0,0.0,1.0,2.2148322875511237,0.2994756227674907,5.769785348931672,5,0.22743473203314568,8,0.0,0.5789473684210527,4,0.6543723427027125
omnimath-125,omnimath,unknown,5,5,1,8,0.7142857142857143,2.0,0.6307295612276645,0.6307295612276647,-0.6718573863567422,-1.0560526742493137,1.6286957290385145,-1.1868629767594765,1.6286957290385145,1.1868629767594765,-2.815558705797991,0.6718573863567422,1.6286957290385145,0.0,0.0,2.2148322875511237,0.2994756227674907,5.769785348931672,5,0.22743473203314568,8,0.0,0.5789473684210527,4,0.534513988697494
omnimath-125,omnimath,unknown,5,6,0,8,0.8571428571428571,1.0,-0.5561334155318118,-0.5561334155318118,-1.8587203631162186,0.13081030251016273,-1.1868629767594765,0.13081030251016273,1.1868629767594765,0.13081030251016273,1.3176732792696393,1.8587203631162186,0.4418327522790382,0.0,0.0,2.2148322875511237,0.2994756227674907,5.769785348931672,5,0.22743473203314568,8,0.0,0.5789473684210527,4,0.4829503991065992
omnimath-125,omnimath,unknown,5,7,0,8,1.0,0.0,-0.4253231130216491,-0.42532311302164905,-1.7279100606060558,0.0,0.13081030251016273,0.0,0.13081030251016273,0.0,-0.13081030251016273,1.7279100606060558,0.572643054789201,0.0,0.0,2.2148322875511237,0.2994756227674907,5.769785348931672,5,0.22743473203314568,8,0.0,0.5789473684210527,4,0.24359449096696237
omnimath-126,omnimath,unknown,1,0,0,6,0.0,5.0,1.0581567748215215,1.0581567748215215,0.0,-1.1837164839339616,0.0,-1.9859282491104095,0.0,1.9859282491104095,-1.9859282491104095,0.0,0.0,1.0,1.0,1.9603752061745305,0.2221769309466274,5.327810042611132,4,0.1184379354630057,6,0.0,0.21052631578947367,4,0.4578683543224386
omnimath-126,omnimath,unknown,1,1,1,6,0.2,4.0,-0.927771474288888,-0.927771474288888,-1.9859282491104095,0.802211765176448,-1.9859282491104095,0.4855078157817009,1.9859282491104095,0.4855078157817009,2.4714360648921105,1.9859282491104095,0.0,0.0,1.0,1.9603752061745305,0.2221769309466274,5.327810042611132,4,0.1184379354630057,6,0.0,0.21052631578947367,4,0.8342328094161283
omnimath-126,omnimath,unknown,1,2,0,6,0.4,3.0,-0.4422636585071871,-0.4422636585071871,-1.5004204333287086,0.31670394939474705,0.4855078157817009,-0.213574100298059,0.4855078157817009,0.213574100298059,-0.6990819160797599,1.5004204333287086,0.4855078157817009,0.0,0.0,1.9603752061745305,0.2221769309466274,5.327810042611132,4,0.1184379354630057,6,0.0,0.21052631578947367,4,0.6486216194514886
omnimath-126,omnimath,unknown,1,3,0,6,0.6,2.0,-0.6558377588052461,-0.6558377588052461,-1.7139945336267677,0.5302780496928061,-0.213574100298059,1.7491135846974855,0.213574100298059,1.7491135846974855,1.9626876849955446,1.7139945336267677,0.27193371548364187,0.0,0.0,1.9603752061745305,0.2221769309466274,5.327810042611132,4,0.1184379354630057,6,0.0,0.21052631578947367,4,0.657279246871895
omnimath-126,omnimath,unknown,1,4,0,6,0.8,1.0,1.0932758258922395,1.0932758258922395,0.035119051070718,-1.2188355350046796,1.7491135846974855,-1.2188355350046796,1.7491135846974855,1.2188355350046796,-2.967949119702165,0.0,2.0210473001811273,1.0,0.0,1.9603752061745305,0.2221769309466274,5.327810042611132,4,0.1184379354630057,6,0.0,0.21052631578947367,4,0.3125023837043626
omnimath-126,omnimath,unknown,1,5,0,6,1.0,0.0,-0.12555970911244002,-0.12555970911244,-1.1837164839339616,0.0,-1.2188355350046796,0.0,1.2188355350046796,0.0,1.2188355350046796,1.2188355350046796,0.802211765176448,0.0,0.0,1.9603752061745305,0.2221769309466274,5.327810042611132,4,0.1184379354630057,6,0.0,0.21052631578947367,4,0.34446812365384977
omnimath-127,omnimath,unknown,3,0,0,13,0.0,12.0,0.04251648460723198,0.04251648460723197,0.0,-0.29932469584299026,0.0,-0.07122450488885387,0.0,0.07122450488885387,-0.07122450488885387,0.0,0.0,1.0,1.0,1.1519059922765758,0.07902879693351574,3.78753957364177,8,0.2668015968831044,13,0.6842105263157895,0.2631578947368421,0,0.4067332143345759
omnimath-127,omnimath,unknown,3,1,0,13,0.08333333333333333,11.0,-0.028708020281621893,-0.0287080202816219,-0.07122450488885387,-0.22810019095413636,-0.07122450488885387,-0.30891959769584676,0.07122450488885387,0.30891959769584676,-0.23769509280699289,0.07122450488885387,0.0,0.0,1.0,1.1519059922765758,0.07902879693351574,3.78753957364177,8,0.2668015968831044,13,0.6842105263157895,0.2631578947368421,0,0.6036952879706514
omnimath-127,omnimath,unknown,3,2,0,13,0.16666666666666666,10.0,-0.33762761797746865,-0.33762761797746865,-0.38014410258470066,0.0808194067417104,-0.30891959769584676,-0.36101334553733033,0.30891959769584676,0.36101334553733033,-0.05209374784148357,0.38014410258470066,0.0,0.0,1.0,1.1519059922765758,0.07902879693351574,3.78753957364177,8,0.2668015968831044,13,0.6842105263157895,0.2631578947368421,0,0.642883888527628
omnimath-127,omnimath,unknown,3,3,1,13,0.25,9.0,-0.698640963514799,-0.698640963514799,-0.741157448122031,0.44183275227904073,-0.36101334553733033,0.6061358035703154,0.36101334553733033,0.6061358035703154,0.9671491491076457,0.741157448122031,0.0,0.0,1.0,1.1519059922765758,0.07902879693351574,3.78753957364177,8,0.2668015968831044,13,0.6842105263157895,0.2631578947368421,0,0.6572562551579746
omnimath-127,omnimath,unknown,3,4,0,13,0.3333333333333333,8.0,-0.09250515994448363,-0.09250515994448365,-0.1350216445517156,-0.16430305129127462,0.6061358035703154,-0.24512245803298513,0.6061358035703154,0.24512245803298513,-0.8512582616033005,0.1350216445517156,0.6061358035703154,0.0,0.0,1.1519059922765758,0.07902879693351574,3.78753957364177,8,0.2668015968831044,13,0.6842105263157895,0.2631578947368421,0,0.6165589731719551
omnimath-127,omnimath,unknown,3,5,0,13,0.4166666666666667,7.0,-0.33762761797746876,-0.33762761797746876,-0.38014410258470077,0.08081940674171051,-0.24512245803298513,0.8659375753064684,0.24512245803298513,0.8659375753064684,1.1110600333394536,0.38014410258470077,0.3610133455373302,0.0,0.0,1.1519059922765758,0.07902879693351574,3.78753957364177,8,0.2668015968831044,13,0.6842105263157895,0.2631578947368421,0,0.5841115222927064
omnimath-127,omnimath,unknown,3,6,0,13,0.5,6.0,0.5283099573289997,0.5283099573289997,0.48579347272176765,-0.7851181685647579,0.8659375753064684,-0.2145733100971462,0.8659375753064684,0.2145733100971462,-1.0805108854036147,0.0,1.2269509208437985,1.0,0.0,1.1519059922765758,0.07902879693351574,3.78753957364177,8,0.2668015968831044,13,0.6842105263157895,0.2631578947368421,0,0.2573435794190778
omnimath-127,omnimath,unknown,3,7,0,13,0.5833333333333334,5.0,0.31373664723185346,0.31373664723185346,0.27122016262462145,-0.5705448584676117,-0.2145733100971462,0.33978505223314726,0.2145733100971462,0.33978505223314726,0.5543583623302935,0.2145733100971462,1.0123776107466524,0.0,0.0,1.1519059922765758,0.07902879693351574,3.78753957364177,8,0.2668015968831044,13,0.6842105263157895,0.2631578947368421,0,0.37297621270733283
omnimath-127,omnimath,unknown,3,8,0,13,0.6666666666666666,4.0,0.6535216994650007,0.6535216994650007,0.6110052148577687,-0.910329910700759,0.33978505223314726,-0.49661733316257917,0.33978505223314726,0.49661733316257917,-0.8364023853957264,0.0,1.3521626629797998,1.0,0.0,1.1519059922765758,0.07902879693351574,3.78753957364177,8,0.2668015968831044,13,0.6842105263157895,0.2631578947368421,0,0.2031680389125932
omnimath-127,omnimath,unknown,3,9,0,13,0.75,3.0,0.15690436630242152,0.15690436630242152,0.11438788169518954,-0.4137125775381798,-0.49661733316257917,-0.41371257753818147,0.49661733316257917,0.41371257753818147,0.0829047556243977,0.49661733316257917,0.8555453298172205,0.0,0.0,1.1519059922765758,0.07902879693351574,3.78753957364177,8,0.2668015968831044,13,0.6842105263157895,0.2631578947368421,0,0.3098365624618222
omnimath-127,omnimath,unknown,3,10,0,13,0.8333333333333334,2.0,-0.2568082112357599,-0.2568082112357599,-0.29932469584299193,1.6653345369377348e-15,-0.41371257753818147,0.5705448584676128,0.41371257753818147,0.5705448584676128,0.9842574360057943,0.9103299107007606,0.44183275227903906,0.0,0.0,1.1519059922765758,0.07902879693351574,3.78753957364177,8,0.2668015968831044,13,0.6842105263157895,0.2631578947368421,0,0.2357755119163088
omnimath-127,omnimath,unknown,3,11,0,13,0.9166666666666666,1.0,0.3137366472318529,0.3137366472318529,0.2712201626246209,-0.5705448584676112,0.5705448584676128,-0.5705448584676112,0.5705448584676128,0.5705448584676112,-1.141089716935224,0.3397850522331478,1.0123776107466518,0.0,0.0,1.1519059922765758,0.07902879693351574,3.78753957364177,8,0.2668015968831044,13,0.6842105263157895,0.2631578947368421,0,0.22445730363042685
omnimath-127,omnimath,unknown,3,12,0,13,1.0,0.0,-0.25680821123575825,-0.25680821123575825,-0.29932469584299026,0.0,-0.5705448584676112,0.0,0.5705448584676112,0.0,0.5705448584676112,0.910329910700759,0.44183275227904073,0.0,0.0,1.1519059922765758,0.07902879693351574,3.78753957364177,8,0.2668015968831044,13,0.6842105263157895,0.2631578947368421,0,0.14351193551954425
omnimath-128,omnimath,unknown,1,0,0,10,0.0,9.0,0.8493380001333842,0.8493380001333842,0.0,-1.1660845364064334,0.0,-0.5391867413876887,0.0,0.5391867413876887,-0.5391867413876887,0.0,0.0,1.0,1.0,1.6260393092522554,0.361954860710715,3.2216297195644032,5,0.11491548405281543,10,0.0,0.8947368421052632,0,0.37930495449666163
omnimath-128,omnimath,unknown,1,1,1,10,0.1111111111111111,8.0,0.31015125874569555,0.31015125874569555,-0.5391867413876887,-0.6268977950187448,-0.5391867413876887,0.2893929368554103,0.5391867413876887,0.2893929368554103,0.828579678243099,0.5391867413876887,0.0,0.0,1.0,1.6260393092522554,0.361954860710715,3.2216297195644032,5,0.11491548405281543,10,0.0,0.8947368421052632,0,0.5775181492795576
omnimath-128,omnimath,unknown,1,2,0,10,0.2222222222222222,7.0,0.5995441956011058,0.5995441956011058,-0.2497938045322784,-0.9162907318741551,0.2893929368554103,-0.4855078157817006,0.2893929368554103,0.4855078157817006,-0.7749007526371109,0.2497938045322784,0.2893929368554103,0.0,0.0,1.6260393092522554,0.361954860710715,3.2216297195644032,5,0.11491548405281543,10,0.0,0.8947368421052632,0,0.5872492033300483
omnimath-128,omnimath,unknown,1,3,0,10,0.3333333333333333,6.0,0.11403637981940525,0.11403637981940525,-0.7353016203139789,-0.43078291609245445,-0.4855078157817006,-0.5108256237659909,0.4855078157817006,0.5108256237659909,-0.02531780798429034,0.7353016203139789,0.0,0.0,1.0,1.6260393092522554,0.361954860710715,3.2216297195644032,5,0.11491548405281543,10,0.0,0.8947368421052632,0,0.5562331692016887
omnimath-128,omnimath,unknown,1,4,0,10,0.4444444444444444,5.0,-0.3967892439465857,-0.3967892439465857,-1.24612724407997,0.0800427076735365,-0.5108256237659909,0.4653632496892335,0.5108256237659909,0.4653632496892335,0.9761888734552244,1.24612724407997,0.0,0.0,1.0,1.6260393092522554,0.361954860710715,3.2216297195644032,5,0.11491548405281543,10,0.0,0.8947368421052632,0,0.5617564818866351
omnimath-128,omnimath,unknown,1,5,0,10,0.5555555555555556,4.0,0.06857400574264774,0.06857400574264774,-0.7807639943907365,-0.385320542015697,0.4653632496892335,-0.09763846956391602,0.4653632496892335,0.09763846956391602,-0.5630017192531495,0.7807639943907365,0.4653632496892335,0.0,0.0,1.6260393092522554,0.361954860710715,3.2216297195644032,5,0.11491548405281543,10,0.0,0.8947368421052632,0,0.48541977936841607
omnimath-128,omnimath,unknown,1,6,0,10,0.6666666666666666,3.0,-0.029064463821268274,-0.029064463821268267,-0.8784024639546525,-0.28768207245178096,-0.09763846956391602,-0.36772478012531723,0.09763846956391602,0.36772478012531723,-0.2700863105614012,0.8784024639546525,0.36772478012531745,0.0,0.0,1.6260393092522554,0.361954860710715,3.2216297195644032,5,0.11491548405281543,10,0.0,0.8947368421052632,0,0.468282532420282
omnimath-128,omnimath,unknown,1,7,0,10,0.7777777777777778,2.0,-0.3967892439465855,-0.3967892439465855,-1.2461272440799698,0.08004270767353627,-0.36772478012531723,-0.40546510810816444,0.36772478012531723,0.40546510810816444,-0.03774032798284721,1.2461272440799698,2.220446049250313e-16,0.0,1.0,1.6260393092522554,0.361954860710715,3.2216297195644032,5,0.11491548405281543,10,0.0,0.8947368421052632,0,0.37947761763754806
omnimath-128,omnimath,unknown,1,8,0,10,0.8888888888888888,1.0,-0.8022543520547499,-0.8022543520547499,-1.6515923521881342,0.4855078157817007,-0.40546510810816444,0.4855078157817007,0.40546510810816444,0.4855078157817007,0.8909729238898652,1.6515923521881342,0.0,0.0,1.0,1.6260393092522554,0.361954860710715,3.2216297195644032,5,0.11491548405281543,10,0.0,0.8947368421052632,0,0.376161189945919
omnimath-128,omnimath,unknown,1,9,0,10,1.0,0.0,-0.3167465362730492,-0.3167465362730492,-1.1660845364064334,0.0,0.4855078157817007,0.0,0.4855078157817007,0.0,-0.4855078157817007,1.1660845364064334,0.4855078157817007,0.0,0.0,1.6260393092522554,0.361954860710715,3.2216297195644032,5,0.11491548405281543,10,0.0,0.8947368421052632,0,0.29243985399751476
omnimath-129,omnimath,unknown,2,0,0,11,0.0,10.0,0.8026722896546303,0.8026722896546303,0.0,-0.8936828850897325,0.0,-0.6948801021119859,0.0,0.6948801021119859,-0.6948801021119859,0.0,0.0,1.0,1.0,1.4858129602466599,0.1748510220568567,5.111110444634013,5,0.2627088811129032,11,0.0,0.8947368421052632,3,0.3189856637966017
omnimath-129,omnimath,unknown,2,1,0,11,0.1,9.0,0.10779218754264443,0.10779218754264443,-0.6948801021119859,-0.19880278297774653,-0.6948801021119859,-0.3746934494414107,0.6948801021119859,0.3746934494414107,0.3201866526705752,0.6948801021119859,0.0,0.0,1.0,1.4858129602466599,0.1748510220568567,5.111110444634013,5,0.2627088811129032,11,0.0,0.8947368421052632,3,0.592624802203147
omnimath-129,omnimath,unknown,2,2,1,11,0.2,8.0,-0.2669012618987663,-0.2669012618987663,-1.0695735515533966,0.1758906664636642,-0.3746934494414107,-1.6653345369377348e-16,0.3746934494414107,1.6653345369377348e-16,0.37469344944141053,1.0695735515533966,0.0,0.0,1.0,1.4858129602466599,0.1748510220568567,5.111110444634013,5,0.2627088811129032,11,0.0,0.8947368421052632,3,0.5065642022082415
omnimath-129,omnimath,unknown,2,3,0,11,0.3,7.0,-0.26690126189876645,-0.26690126189876645,-1.0695735515533968,0.17589066646366436,-1.6653345369377348e-16,0.2093722863302851,1.6653345369377348e-16,0.2093722863302851,0.20937228633028526,1.0695735515533968,0.0,0.0,1.0,1.4858129602466599,0.1748510220568567,5.111110444634013,5,0.2627088811129032,11,0.0,0.8947368421052632,3,0.43075084678520104
omnimath-129,omnimath,unknown,2,4,0,11,0.4,6.0,-0.05752897556848137,-0.05752897556848136,-0.8602012652231117,-0.03348161986662074,0.2093722863302851,0.6700153908644322,0.2093722863302851,0.6700153908644322,0.4606431045341471,0.8602012652231117,0.2093722863302851,0.0,0.0,1.4858129602466599,0.1748510220568567,5.111110444634013,5,0.2627088811129032,11,0.0,0.8947368421052632,3,0.5745721451566779
omnimath-129,omnimath,unknown,2,5,0,11,0.5,5.0,0.6124864152959508,0.6124864152959508,-0.1901858743586795,-0.703497010731053,0.6700153908644322,-0.9754307262146948,0.6700153908644322,0.9754307262146948,-1.645446117079127,0.1901858743586795,0.8793876771947173,0.0,0.0,1.4858129602466599,0.1748510220568567,5.111110444634013,5,0.2627088811129032,11,0.0,0.8947368421052632,3,0.5642443638699234
omnimath-129,omnimath,unknown,2,6,0,11,0.6,4.0,-0.362944310918744,-0.362944310918744,-1.1656166005733744,0.2719337154836419,-0.9754307262146948,0.07399824482602096,0.9754307262146948,0.07399824482602096,1.0494289710407159,1.1656166005733744,0.0,0.0,1.0,1.4858129602466599,0.1748510220568567,5.111110444634013,5,0.2627088811129032,11,0.0,0.8947368421052632,3,0.31840117732189976
omnimath-129,omnimath,unknown,2,7,0,11,0.7,3.0,-0.28894606609272305,-0.28894606609272305,-1.0916183557473533,0.19793547065762096,0.07399824482602096,0.8526367230925482,0.07399824482602096,0.8526367230925482,0.7786384782665272,1.0916183557473533,0.07399824482602096,0.0,0.0,1.4858129602466599,0.1748510220568567,5.111110444634013,5,0.2627088811129032,11,0.0,0.8947368421052632,3,0.41383113420340795
omnimath-129,omnimath,unknown,2,8,0,11,0.8,2.0,0.5636906569998252,0.5636906569998252,-0.2389816326548051,-0.6547012524349274,0.8526367230925482,-1.316099734680293,0.8526367230925482,1.316099734680293,-2.168736457772841,0.2389816326548051,0.9266349679185693,0.0,0.0,1.4858129602466599,0.1748510220568567,5.111110444634013,5,0.2627088811129032,11,0.0,0.8947368421052632,3,0.4573105998954815
omnimath-129,omnimath,unknown,2,9,0,11,0.9,1.0,-0.7524090776804676,-0.7524090776804676,-1.5550813673350978,0.6613984822453655,-1.316099734680293,0.6613984822453655,1.316099734680293,0.6613984822453655,1.9774982169256585,1.5550813673350978,0.0,0.0,1.0,1.4858129602466599,0.1748510220568567,5.111110444634013,5,0.2627088811129032,11,0.0,0.8947368421052632,3,0.3206010577063198
omnimath-129,omnimath,unknown,2,10,0,11,1.0,0.0,-0.0910105954351021,-0.0910105954351021,-0.8936828850897325,0.0,0.6613984822453655,0.0,0.6613984822453655,0.0,-0.6613984822453655,0.8936828850897325,0.6613984822453655,0.0,0.0,1.4858129602466599,0.1748510220568567,5.111110444634013,5,0.2627088811129032,11,0.0,0.8947368421052632,3,0.19793173321968566
omnimath-130,omnimath,unknown,1,0,0,10,0.0,9.0,-0.36691079107471203,-0.36691079107471203,0.0,0.7731898882334816,0.0,-0.18232155679395468,0.0,0.18232155679395468,-0.18232155679395468,0.0,0.0,1.0,1.0,1.4491186182339724,0.21873875121565173,3.5347641144353226,4,0.14649146371769914,10,0.8947368421052632,0.5789473684210527,4,0.6420504606371693
omnimath-130,omnimath,unknown,1,1,1,10,0.1111111111111111,8.0,-0.5492323478686667,-0.5492323478686667,-0.18232155679395468,0.9555114450274362,-0.18232155679395468,0.7985076962177717,0.18232155679395468,0.7985076962177717,0.9808292530117264,0.18232155679395468,0.0,0.0,1.0,1.4491186182339724,0.21873875121565173,3.5347641144353226,4,0.14649146371769914,10,0.8947368421052632,0.5789473684210527,4,0.7719572473464823
omnimath-130,omnimath,unknown,1,2,0,10,0.2222222222222222,7.0,0.24927534834910503,0.249275348349105,0.6161861394238171,0.15700374880966456,0.7985076962177717,-0.287682072451781,0.7985076962177717,0.287682072451781,-1.0861897686695527,0.0,0.7985076962177717,1.0,0.0,1.4491186182339724,0.21873875121565173,3.5347641144353226,4,0.14649146371769914,10,0.8947368421052632,0.5789473684210527,4,0.5865149726762895
omnimath-130,omnimath,unknown,1,3,0,10,0.3333333333333333,6.0,-0.03840672410267601,-0.038406724102676024,0.32850406697203605,0.4446858212614456,-0.287682072451781,-0.22314355131420974,0.287682072451781,0.22314355131420974,0.06453852113757128,0.287682072451781,0.5108256237659907,0.0,0.0,1.4491186182339724,0.21873875121565173,3.5347641144353226,4,0.14649146371769914,10,0.8947368421052632,0.5789473684210527,4,0.669613557891764
omnimath-130,omnimath,unknown,1,4,0,10,0.4444444444444444,5.0,-0.26155027541688575,-0.26155027541688575,0.10536051565782628,0.6678293725756553,-0.22314355131420974,-0.28768207245178096,0.22314355131420974,0.28768207245178096,-0.06453852113757122,0.5108256237659907,0.28768207245178096,0.0,0.0,1.4491186182339724,0.21873875121565173,3.5347641144353226,4,0.14649146371769914,10,0.8947368421052632,0.5789473684210527,4,0.6171726196378825
omnimath-130,omnimath,unknown,1,5,0,10,0.5555555555555556,4.0,-0.5492323478686667,-0.5492323478686667,-0.18232155679395468,0.9555114450274362,-0.28768207245178096,0.0,0.28768207245178096,0.0,0.28768207245178096,0.7985076962177717,0.0,0.0,1.0,1.4491186182339724,0.21873875121565173,3.5347641144353226,4,0.14649146371769914,10,0.8947368421052632,0.5789473684210527,4,0.3650762759592106
omnimath-130,omnimath,unknown,1,6,0,10,0.6666666666666666,3.0,-0.5492323478686667,-0.5492323478686667,-0.18232155679395468,0.9555114450274362,0.0,1.2809338454620642,0.0,1.2809338454620642,1.2809338454620642,0.7985076962177717,0.0,0.0,1.0,1.4491186182339724,0.21873875121565173,3.5347641144353226,4,0.14649146371769914,10,0.8947368421052632,0.5789473684210527,4,0.3547837663316906
omnimath-130,omnimath,unknown,1,7,0,10,0.7777777777777778,2.0,0.7317014975933975,0.7317014975933975,1.0986122886681096,-0.32542240043462795,1.2809338454620642,0.1956073935056043,1.2809338454620642,0.1956073935056043,-1.08532645195646,0.0,1.2809338454620642,1.0,0.0,1.4491186182339724,0.21873875121565173,3.5347641144353226,4,0.14649146371769914,10,0.8947368421052632,0.5789473684210527,4,0.15788492267282328
omnimath-130,omnimath,unknown,1,8,0,10,0.8888888888888888,1.0,0.9273088910990018,0.9273088910990018,1.294219682173714,-0.5210297939402322,0.1956073935056043,-0.5210297939402322,0.1956073935056043,0.5210297939402322,-0.7166371874458365,0.0,1.4765412389676684,1.0,0.0,1.4491186182339724,0.21873875121565173,3.5347641144353226,4,0.14649146371769914,10,0.8947368421052632,0.5789473684210527,4,0.11764519824361329
omnimath-130,omnimath,unknown,1,9,0,10,1.0,0.0,0.4062790971587696,0.4062790971587696,0.7731898882334816,0.0,-0.5210297939402322,0.0,0.5210297939402322,0.0,0.5210297939402322,0.5210297939402322,0.9555114450274362,0.0,0.0,1.4491186182339724,0.21873875121565173,3.5347641144353226,4,0.14649146371769914,10,0.8947368421052632,0.5789473684210527,4,0.15805140656460226
omnimath-131,omnimath,unknown,0,0,1,5,0.0,4.0,-0.6591673732008657,-0.6591673732008658,0.0,2.1972245773362196,0.0,1.0986122886681096,0.0,1.0986122886681096,1.0986122886681096,0.0,0.0,1.0,1.0,2.1972245773362196,0.5135135135135136,4.278805755865269,2,0.06424633267064975,5,1.0,0.0,2,0.7803658463283042
omnimath-131,omnimath,unknown,0,1,0,5,0.25,3.0,0.43944491546724385,0.43944491546724374,1.0986122886681096,1.09861228866811,1.0986122886681096,-1.0986122886681096,1.0986122886681096,1.0986122886681096,-2.197224577336219,0.0,1.0986122886681096,1.0,0.0,2.1972245773362196,0.5135135135135136,4.278805755865269,2,0.06424633267064975,5,1.0,0.0,2,0.686678632058483
omnimath-131,omnimath,unknown,0,2,0,5,0.5,2.0,-0.6591673732008657,-0.6591673732008658,0.0,2.1972245773362196,-1.0986122886681096,0.0,1.0986122886681096,0.0,1.0986122886681096,1.0986122886681096,0.0,0.0,1.0,2.1972245773362196,0.5135135135135136,4.278805755865269,2,0.06424633267064975,5,1.0,0.0,2,0.5387910531209676
omnimath-131,omnimath,unknown,0,3,0,5,0.75,1.0,-0.6591673732008657,-0.6591673732008658,0.0,2.1972245773362196,0.0,2.1972245773362196,0.0,2.1972245773362196,2.1972245773362196,1.0986122886681096,0.0,0.0,1.0,2.1972245773362196,0.5135135135135136,4.278805755865269,2,0.06424633267064975,5,1.0,0.0,2,0.5324210132927393
omnimath-131,omnimath,unknown,0,4,0,5,1.0,0.0,1.5380572041353537,1.5380572041353537,2.1972245773362196,0.0,2.1972245773362196,0.0,2.1972245773362196,0.0,-2.1972245773362196,0.0,2.1972245773362196,1.0,0.0,2.1972245773362196,0.5135135135135136,4.278805755865269,2,0.06424633267064975,5,1.0,0.0,2,0.09040315878523103
omnimath-132,omnimath,unknown,0,0,1,9,0.0,8.0,1.1753518065384154,1.1753518065384154,0.0,-1.5263645702954727,0.0,-1.7599794214769782,0.0,1.7599794214769782,-1.7599794214769782,0.0,0.0,1.0,1.0,1.6976245834428658,0.4681609010453021,3.2603418330907825,3,0.1386340140294242,9,0.0,0.7368421052631579,0,0.5054951725772506
omnimath-132,omnimath,unknown,0,1,0,9,0.125,7.0,-0.5846276149385626,-0.5846276149385626,-1.7599794214769782,0.23361485118150527,-1.7599794214769782,0.9519448770837075,1.7599794214769782,0.9519448770837075,2.7119242985606857,1.7599794214769782,0.0,0.0,1.0,1.6976245834428658,0.4681609010453021,3.2603418330907825,3,0.1386340140294242,9,0.0,0.7368421052631579,0,0.8241807917880487
omnimath-132,omnimath,unknown,0,2,0,9,0.25,6.0,0.3673172621451448,0.3673172621451448,-0.8080345443932706,-0.7183300259022022,0.9519448770837075,-0.054192266208463624,0.9519448770837075,0.054192266208463624,-1.006137143292171,0.8080345443932706,0.9519448770837075,0.0,0.0,1.6976245834428658,0.4681609010453021,3.2603418330907825,3,0.1386340140294242,9,0.0,0.7368421052631579,0,0.7113899727686549
omnimath-132,omnimath,unknown,0,3,0,9,0.375,5.0,0.3131249959366812,0.3131249959366812,-0.8622268106017342,-0.6641377596937386,-0.054192266208463624,-0.3053816495511814,0.054192266208463624,0.3053816495511814,-0.2511893833427178,0.8622268106017342,0.8977526108752438,0.0,0.0,1.6976245834428658,0.4681609010453021,3.2603418330907825,3,0.1386340140294242,9,0.0,0.7368421052631579,0,0.6910991374653859
omnimath-132,omnimath,unknown,0,4,0,9,0.5,4.0,0.007743346385499783,0.007743346385499795,-1.1676084601529158,-0.35875611014255715,-0.3053816495511814,-2.7755575615628914e-16,0.3053816495511814,2.7755575615628914e-16,0.30538164955118113,1.1676084601529158,0.5923709613240624,0.0,0.0,1.6976245834428658,0.4681609010453021,3.2603418330907825,3,0.1386340140294242,9,0.0,0.7368421052631579,0,0.571273398147072
omnimath-132,omnimath,unknown,0,5,0,9,0.625,3.0,0.0077433463854995055,0.007743346385499518,-1.167608460152916,-0.35875611014255687,-2.7755575615628914e-16,-0.592370961324062,2.7755575615628914e-16,0.592370961324062,-0.5923709613240618,1.167608460152916,0.5923709613240622,0.0,0.0,1.6976245834428658,0.4681609010453021,3.2603418330907825,3,0.1386340140294242,9,0.0,0.7368421052631579,0,0.5897179757086878
omnimath-132,omnimath,unknown,0,6,0,9,0.75,2.0,-0.5846276149385624,-0.5846276149385624,-1.7599794214769777,0.23361485118150505,-0.592370961324062,0.23361485118150405,0.592370961324062,0.23361485118150405,0.825985812505566,1.7599794214769777,2.220446049250313e-16,0.0,1.0,1.6976245834428658,0.4681609010453021,3.2603418330907825,3,0.1386340140294242,9,0.0,0.7368421052631579,0,0.40223902629623887
omnimath-132,omnimath,unknown,0,7,0,9,0.875,1.0,-0.35101276375705837,-0.35101276375705837,-1.5263645702954738,9.992007221626409e-16,0.23361485118150405,9.992007221626409e-16,0.23361485118150405,9.992007221626409e-16,-0.23361485118150305,1.5263645702954738,0.23361485118150427,0.0,0.0,1.6976245834428658,0.4681609010453021,3.2603418330907825,3,0.1386340140294242,9,0.0,0.7368421052631579,0,0.3260246444022452
omnimath-132,omnimath,unknown,0,8,0,9,1.0,0.0,-0.35101276375705737,-0.35101276375705737,-1.5263645702954727,0.0,9.992007221626409e-16,0.0,9.992007221626409e-16,0.0,-9.992007221626409e-16,1.5263645702954727,0.23361485118150527,0.0,0.0,1.6976245834428658,0.4681609010453021,3.2603418330907825,3,0.1386340140294242,9,0.0,0.7368421052631579,0,0.2593078998566672
omnimath-133,omnimath,unknown,5,0,0,11,0.0,10.0,0.7943560092838294,0.7943560092838294,0.0,-0.48632842479407906,0.0,-1.0966407787275059,0.0,1.0966407787275059,-1.0966407787275059,0.0,0.0,1.0,1.0,1.3465296900171912,0.12542661565904006,3.877394141895011,3,0.12027077691891724,11,0.0,0.8947368421052632,1,0.5052858271565157
omnimath-133,omnimath,unknown,5,1,0,11,0.1,9.0,-0.3022847694436764,-0.3022847694436764,-1.0966407787275059,0.6103123539334268,-1.0966407787275059,-0.07399824482602074,1.0966407787275059,0.07399824482602074,1.022642533901485,1.0966407787275059,0.0,0.0,1.0,1.3465296900171912,0.12542661565904006,3.877394141895011,3,0.12027077691891724,11,0.0,0.8947368421052632,1,0.7557148223693325
omnimath-133,omnimath,unknown,5,2,0,11,0.2,8.0,-0.3762830142696971,-0.3762830142696971,-1.1706390235535267,0.6843105987594476,-0.07399824482602074,0.09604304901997718,0.07399824482602074,0.09604304901997718,0.17004129384599792,1.1706390235535267,0.0,0.0,1.0,1.3465296900171912,0.12542661565904006,3.877394141895011,3,0.12027077691891724,11,0.0,0.8947368421052632,1,0.6863999045150482
omnimath-133,omnimath,unknown,5,3,0,11,0.3,7.0,-0.28023996524971995,-0.28023996524971995,-1.0745959745335494,0.5882675497394703,0.09604304901997718,0.3746934494414107,0.09604304901997718,0.3746934494414107,0.2786504004214335,1.0745959745335494,0.09604304901997718,0.0,0.0,1.3465296900171912,0.12542661565904006,3.877394141895011,3,0.12027077691891724,11,0.0,0.8947368421052632,1,0.6209648828388081
omnimath-133,omnimath,unknown,5,4,0,11,0.4,6.0,0.09445348419169074,0.09445348419169072,-0.6999025250921387,0.21357410029805962,0.3746934494414107,0.4429626124132876,0.3746934494414107,0.4429626124132876,0.0682691629718769,0.6999025250921387,0.4707364984613879,0.0,0.0,1.3465296900171912,0.12542661565904006,3.877394141895011,3,0.12027077691891724,11,0.0,0.8947368421052632,1,0.5248486880303754
omnimath-133,omnimath,unknown,5,5,1,11,0.5,5.0,0.5374160966049784,0.5374160966049784,-0.2569399126788511,-0.22938851211522798,0.4429626124132876,-0.25937934707183125,0.4429626124132876,0.25937934707183125,-0.7023419594851188,0.2569399126788511,0.9136991108746755,0.0,0.0,1.3465296900171912,0.12542661565904006,3.877394141895011,3,0.12027077691891724,11,0.0,0.8947368421052632,1,0.4260886395509751
omnimath-133,omnimath,unknown,5,6,0,11,0.6,4.0,0.2780367495331471,0.2780367495331471,-0.5163192597506823,0.029990834956603263,-0.25937934707183125,-0.22717156320672638,0.25937934707183125,0.22717156320672638,0.032207783865104866,0.5163192597506823,0.6543197638028442,0.0,0.0,1.3465296900171912,0.12542661565904006,3.877394141895011,3,0.12027077691891724,11,0.0,0.8947368421052632,1,0.3426989249073005
omnimath-133,omnimath,unknown,5,7,0,11,0.7,3.0,0.05086518632642073,0.05086518632642072,-0.7434908229574086,0.25716239816332964,-0.22717156320672638,-0.6030388670597822,0.22717156320672638,0.6030388670597822,-0.3758673038530558,0.7434908229574086,0.42714820059611786,0.0,0.0,1.3465296900171912,0.12542661565904006,3.877394141895011,3,0.12027077691891724,11,0.0,0.8947368421052632,1,0.34640657871200575
omnimath-133,omnimath,unknown,5,8,0,11,0.8,2.0,-0.5521736807333615,-0.5521736807333615,-1.3465296900171908,0.8602012652231119,-0.6030388670597822,-2.220446049250313e-16,0.6030388670597822,2.220446049250313e-16,0.6030388670597819,1.3465296900171908,0.0,0.0,1.0,1.3465296900171912,0.12542661565904006,3.877394141895011,3,0.12027077691891724,11,0.0,0.8947368421052632,1,0.2578703063301385
omnimath-133,omnimath,unknown,5,9,0,11,0.9,1.0,-0.5521736807333617,-0.5521736807333617,-1.3465296900171912,0.8602012652231121,-2.220446049250313e-16,0.8602012652231121,2.220446049250313e-16,0.8602012652231121,0.8602012652231124,1.3465296900171912,0.0,0.0,1.0,1.3465296900171912,0.12542661565904006,3.877394141895011,3,0.12027077691891724,11,0.0,0.8947368421052632,1,0.23057160551439704
omnimath-133,omnimath,unknown,5,10,0,11,1.0,0.0,0.3080275844897504,0.3080275844897504,-0.48632842479407906,0.0,0.8602012652231121,0.0,0.8602012652231121,0.0,-0.8602012652231121,0.48632842479407906,0.8602012652231121,0.0,0.0,1.3465296900171912,0.12542661565904006,3.877394141895011,3,0.12027077691891724,11,0.0,0.8947368421052632,1,0.13005896884818274
omnimath-134,omnimath,unknown,7,0,0,10,0.0,9.0,0.7369456959697277,0.7369456959697277,0.0,-1.5484336281595144,0.0,-1.3252900768453042,0.0,1.3252900768453042,-1.3252900768453042,0.0,0.0,1.0,1.0,1.5484336281595144,0.32414317051068287,4.77700525270972,6,0.20542411543842065,10,0.0,1.0,1,0.5385100271933091
omnimath-134,omnimath,unknown,7,1,0,10,0.1111111111111111,8.0,-0.5883443808755766,-0.5883443808755766,-1.3252900768453042,-0.22314355131420993,-1.3252900768453042,0.4420748537207252,1.3252900768453042,0.4420748537207252,1.7673649305660293,1.3252900768453042,0.0,0.0,1.0,1.5484336281595144,0.32414317051068287,4.77700525270972,6,0.20542411543842065,10,0.0,1.0,1,0.8039331458865784
omnimath-134,omnimath,unknown,7,2,0,10,0.2222222222222222,7.0,-0.14626952715485145,-0.14626952715485145,-0.8832152231245791,-0.6652184050349351,0.4420748537207252,0.5179894446996255,0.4420748537207252,0.5179894446996255,0.0759145909789003,0.8832152231245791,0.4420748537207252,0.0,0.0,1.5484336281595144,0.32414317051068287,4.77700525270972,6,0.20542411543842065,10,0.0,1.0,1,0.7130805575917512
omnimath-134,omnimath,unknown,7,3,0,10,0.3333333333333333,6.0,0.37171991754477407,0.37171991754477407,-0.36522577842495363,-1.1832078497345606,0.5179894446996255,-0.7581616964272898,0.5179894446996255,0.7581616964272898,-1.2761511411269153,0.36522577842495363,0.9600642984203507,0.0,0.0,1.5484336281595144,0.32414317051068287,4.77700525270972,6,0.20542411543842065,10,0.0,1.0,1,0.6937112222058476
omnimath-134,omnimath,unknown,7,4,0,10,0.4444444444444444,5.0,-0.38644177888251574,-0.38644177888251574,-1.1233874748522434,-0.4250461533072708,-0.7581616964272898,0.5488736914035206,0.7581616964272898,0.5488736914035206,1.3070353878308105,1.1233874748522434,0.20190260199306087,0.0,0.0,1.5484336281595144,0.32414317051068287,4.77700525270972,6,0.20542411543842065,10,0.0,1.0,1,0.5506623673487876
omnimath-134,omnimath,unknown,7,5,0,10,0.5555555555555556,4.0,0.16243191252100492,0.16243191252100492,-0.5745137834487228,-0.9739198447107915,0.5488736914035206,-0.2807726641508461,0.5488736914035206,0.2807726641508461,-0.8296463555543667,0.5745137834487228,0.7507762933965816,0.0,0.0,1.5484336281595144,0.32414317051068287,4.77700525270972,6,0.20542411543842065,10,0.0,1.0,1,0.44342284103755913
omnimath-134,omnimath,unknown,7,6,0,10,0.6666666666666666,3.0,-0.11834075162984123,-0.11834075162984123,-0.855286447599569,-0.6931471805599453,-0.2807726641508461,0.5596157879354227,0.2807726641508461,0.5596157879354227,0.8403884520862688,0.855286447599569,0.47000362924573535,0.0,0.0,1.5484336281595144,0.32414317051068287,4.77700525270972,6,0.20542411543842065,10,0.0,1.0,1,0.3395174997707567
omnimath-134,omnimath,unknown,7,7,1,10,0.7777777777777778,2.0,0.4412750363055814,0.4412750363055814,-0.2956706596641463,-1.252762968495368,0.5596157879354227,-0.10276322791409798,0.5596157879354227,0.10276322791409798,-0.6623790158495206,0.2956706596641463,1.029619417181158,0.0,0.0,1.5484336281595144,0.32414317051068287,4.77700525270972,6,0.20542411543842065,10,0.0,1.0,1,0.23015136203442121
omnimath-134,omnimath,unknown,7,8,0,10,0.8888888888888888,1.0,0.3385118083914834,0.3385118083914834,-0.3984338875782443,-1.1499997405812699,-0.10276322791409798,-1.1499997405812699,0.10276322791409798,1.1499997405812699,-1.0472365126671719,0.3984338875782443,0.92685618926706,0.0,0.0,1.5484336281595144,0.32414317051068287,4.77700525270972,6,0.20542411543842065,10,0.0,1.0,1,0.2988688069498821
omnimath-134,omnimath,unknown,7,9,0,10,1.0,0.0,-0.8114879321897865,-0.8114879321897865,-1.5484336281595144,0.0,-1.1499997405812699,0.0,1.1499997405812699,0.0,1.1499997405812699,1.5484336281595144,0.0,0.0,1.0,1.5484336281595144,0.32414317051068287,4.77700525270972,6,0.20542411543842065,10,0.0,1.0,1,0.1878993986327541
omnimath-135,omnimath,unknown,2,0,0,20,0.0,19.0,0.46815949407805535,0.46815949407805535,0.0,-0.2732933349996808,0.0,-0.2293741010648455,0.0,0.2293741010648455,-0.2293741010648455,0.0,0.0,1.0,1.0,0.9870598027623622,0.0321287252410045,8.506199139544085,13,0.8208058696868061,20,0.0,0.5263157894736842,4,0.14560677878874398
omnimath-135,omnimath,unknown,2,1,0,20,0.05263157894736842,18.0,0.23878539301320986,0.2387853930132099,-0.2293741010648455,-0.04391923393483532,-0.2293741010648455,-0.4212134650763036,0.2293741010648455,0.4212134650763036,-0.1918393640114581,0.2293741010648455,0.0,0.0,1.0,0.9870598027623622,0.0321287252410045,8.506199139544085,13,0.8208058696868061,20,0.0,0.5263157894736842,4,0.2772764114697806
omnimath-135,omnimath,unknown,2,2,1,20,0.10526315789473684,17.0,-0.18242807206309372,-0.1824280720630937,-0.6505875661411491,0.37729423114146826,-0.4212134650763036,0.18232155679395465,0.4212134650763036,0.18232155679395465,0.6035350218702582,0.6505875661411491,0.0,0.0,1.0,0.9870598027623622,0.0321287252410045,8.506199139544085,13,0.8208058696868061,20,0.0,0.5263157894736842,4,0.302294661302472
omnimath-135,omnimath,unknown,2,3,0,20,0.15789473684210525,16.0,-0.00010651526913906667,-0.00010651526913905141,-0.4682660093471944,0.1949726743475136,0.18232155679395465,0.2559333741372005,0.18232155679395465,0.2559333741372005,0.07361181734324587,0.4682660093471944,0.18232155679395465,0.0,0.0,0.9870598027623622,0.0321287252410045,8.506199139544085,13,0.8208058696868061,20,0.0,0.5263157894736842,4,0.3654390231269297
omnimath-135,omnimath,unknown,2,4,0,20,0.21052631578947367,15.0,0.25582685886806145,0.25582685886806145,-0.2123326352099939,-0.060960699789686906,0.2559333741372005,-0.36926205944420354,0.2559333741372005,0.36926205944420354,-0.6251954335814041,0.2123326352099939,0.4382549309311552,0.0,0.0,0.9870598027623622,0.0321287252410045,8.506199139544085,13,0.8208058696868061,20,0.0,0.5263157894736842,4,0.34176294951186803
omnimath-135,omnimath,unknown,2,5,0,20,0.2631578947368421,14.0,-0.11343520057614212,-0.1134352005761421,-0.5815946946541974,0.30830135965451666,-0.36926205944420354,0.47692407209030874,0.36926205944420354,0.47692407209030874,0.8461861315345123,0.5815946946541974,0.0689928714869516,0.0,0.0,0.9870598027623622,0.0321287252410045,8.506199139544085,13,0.8208058696868061,20,0.0,0.5263157894736842,4,0.35472825189941937
omnimath-135,omnimath,unknown,2,6,0,20,0.3157894736842105,13.0,0.36348887151416664,0.36348887151416664,-0.1046706225638887,-0.1686227124357921,0.47692407209030874,-0.7282385003712151,0.47692407209030874,0.7282385003712151,-1.2051625724615238,0.1046706225638887,0.5459169435772604,0.0,0.0,0.9870598027623622,0.0321287252410045,8.506199139544085,13,0.8208058696868061,20,0.0,0.5263157894736842,4,0.3137135704969654
omnimath-135,omnimath,unknown,2,7,0,20,0.3684210526315789,12.0,-0.3647496288570485,-0.3647496288570485,-0.8329091229351038,0.559615787935423,-0.7282385003712151,0.4054651081081642,0.7282385003712151,0.4054651081081642,1.1337036084793792,0.8329091229351038,0.0,0.0,1.0,0.9870598027623622,0.0321287252410045,8.506199139544085,13,0.8208058696868061,20,0.0,0.5263157894736842,4,0.22120042890869676
omnimath-135,omnimath,unknown,2,8,0,20,0.42105263157894735,11.0,0.04071547925111576,0.04071547925111577,-0.4274440148269396,0.15415067982725877,0.4054651081081642,0.1335313926245226,0.4054651081081642,0.1335313926245226,-0.27193371548364165,0.4274440148269396,0.4054651081081642,0.0,0.0,0.9870598027623622,0.0321287252410045,8.506199139544085,13,0.8208058696868061,20,0.0,0.5263157894736842,4,0.21529136093132797
omnimath-135,omnimath,unknown,2,9,0,20,0.47368421052631576,10.0,0.17424687187563836,0.1742468718756384,-0.293912622202417,0.020619287202736175,0.1335313926245226,-0.6931471805599452,0.1335313926245226,0.6931471805599452,-0.8266785731844678,0.293912622202417,0.5389965007326869,0.0,0.0,0.9870598027623622,0.0321287252410045,8.506199139544085,13,0.8208058696868061,20,0.0,0.5263157894736842,4,0.23868913741757183
omnimath-135,omnimath,unknown,2,10,0,20,0.5263157894736842,9.0,-0.5189003086843068,-0.5189003086843068,-0.9870598027623622,0.7137664677626814,-0.6931471805599452,0.8292793548845252,0.6931471805599452,0.8292793548845252,1.5224265354444704,0.9870598027623622,0.0,0.0,1.0,0.9870598027623622,0.0321287252410045,8.506199139544085,13,0.8208058696868061,20,0.0,0.5263157894736842,4,0.18371665851297744
omnimath-135,omnimath,unknown,2,11,0,20,0.5789473684210527,8.0,0.3103790462002184,0.3103790462002184,-0.15778044787783696,-0.11551288712184385,0.8292793548845252,-0.6751286750572669,0.8292793548845252,0.6751286750572669,-1.5044080299417921,0.15778044787783696,0.8292793548845252,0.0,0.0,0.9870598027623622,0.0321287252410045,8.506199139544085,13,0.8208058696868061,20,0.0,0.5263157894736842,4,0.2000688831585152
omnimath-135,omnimath,unknown,2,12,0,20,0.631578947368421,7.0,-0.3647496288570485,-0.3647496288570485,-0.8329091229351038,0.559615787935423,-0.6751286750572669,0.5596157879354229,0.6751286750572669,0.5596157879354229,1.2347444629926898,0.8329091229351038,0.15415067982725833,0.0,0.0,0.9870598027623622,0.0321287252410045,8.506199139544085,13,0.8208058696868061,20,0.0,0.5263157894736842,4,0.21724815058021063
omnimath-135,omnimath,unknown,2,13,0,20,0.6842105263157895,6.0,0.19486615907837435,0.19486615907837437,-0.273293334999681,1.942890293094024e-16,0.5596157879354229,-0.7137664677626807,0.5596157879354229,0.7137664677626807,-1.2733822556981036,0.273293334999681,0.7137664677626812,0.0,0.0,0.9870598027623622,0.0321287252410045,8.506199139544085,13,0.8208058696868061,20,0.0,0.5263157894736842,4,0.1575223568284304
omnimath-135,omnimath,unknown,2,14,0,20,0.7368421052631579,5.0,-0.5189003086843064,-0.5189003086843064,-0.9870598027623617,0.7137664677626809,-0.7137664677626807,0.4700036292457352,0.7137664677626807,0.4700036292457352,1.183770097008416,0.9870598027623617,4.440892098500626e-16,0.0,1.0,0.9870598027623622,0.0321287252410045,8.506199139544085,13,0.8208058696868061,20,0.0,0.5263157894736842,4,0.09563247858700889
omnimath-135,omnimath,unknown,2,15,0,20,0.7894736842105263,4.0,-0.048896679438571185,-0.04889667943857117,-0.5170561735166266,0.24376283851694572,0.4700036292457352,0.08961215868968694,0.4700036292457352,0.08961215868968694,-0.3803914705560483,0.5170561735166266,0.47000362924573563,0.0,0.0,0.9870598027623622,0.0321287252410045,8.506199139544085,13,0.8208058696868061,20,0.0,0.5263157894736842,4,0.08918588824689831
omnimath-135,omnimath,unknown,2,16,0,20,0.8421052631578947,3.0,0.04071547925111576,0.04071547925111577,-0.4274440148269396,0.15415067982725877,0.08961215868968694,0.15415067982725839,0.08961215868968694,0.15415067982725839,0.06453852113757144,0.4274440148269396,0.5596157879354225,0.0,0.0,0.9870598027623622,0.0321287252410045,8.506199139544085,13,0.8208058696868061,20,0.0,0.5263157894736842,4,0.0736258475706888
omnimath-135,omnimath,unknown,2,17,0,20,0.8947368421052632,2.0,0.19486615907837415,0.19486615907837418,-0.2732933349996812,3.885780586188048e-16,0.15415067982725839,-0.5596157879354228,0.15415067982725839,0.5596157879354228,-0.7137664677626812,0.2732933349996812,0.7137664677626809,0.0,0.0,0.9870598027623622,0.0321287252410045,8.506199139544085,13,0.8208058696868061,20,0.0,0.5263157894736842,4,0.07883441784522377
omnimath-135,omnimath,unknown,2,18,0,20,0.9473684210526315,1.0,-0.36474962885704865,-0.36474962885704865,-0.832909122935104,0.5596157879354232,-0.5596157879354228,0.5596157879354232,0.5596157879354228,0.5596157879354232,1.119231575870846,0.832909122935104,0.15415067982725816,0.0,0.0,0.9870598027623622,0.0321287252410045,8.506199139544085,13,0.8208058696868061,20,0.0,0.5263157894736842,4,0.08970495509782228
omnimath-135,omnimath,unknown,2,19,0,20,1.0,0.0,0.19486615907837454,0.19486615907837457,-0.2732933349996808,0.0,0.5596157879354232,0.0,0.5596157879354232,0.0,-0.5596157879354232,0.2732933349996808,0.7137664677626814,0.0,0.0,0.9870598027623622,0.0321287252410045,8.506199139544085,13,0.8208058696868061,20,0.0,0.5263157894736842,4,0.044161198953885795
omnimath-136,omnimath,unknown,9,0,0,16,0.0,15.0,0.4339800538564592,0.4339800538564592,0.0,-0.38444940928710114,0.0,-0.8699572250688015,0.0,0.8699572250688015,-0.8699572250688015,0.0,0.0,1.0,1.0,1.1752565438677305,0.08385923101768748,4.584461419709579,7,0.3238800542967125,16,0.2631578947368421,0.47368421052631576,2,0.4425069191006726
omnimath-136,omnimath,unknown,9,1,0,16,0.06666666666666667,14.0,-0.4359771712123423,-0.4359771712123423,-0.8699572250688015,0.4855078157817004,-0.8699572250688015,0.1495317339709636,0.8699572250688015,0.1495317339709636,1.019488959039765,0.8699572250688015,0.0,0.0,1.0,1.1752565438677305,0.08385923101768748,4.584461419709579,7,0.3238800542967125,16,0.2631578947368421,0.47368421052631576,2,0.6680947582274553
omnimath-136,omnimath,unknown,9,2,0,16,0.13333333333333333,13.0,-0.2864454372413787,-0.2864454372413787,-0.7204254910978379,0.3359760818107368,0.1495317339709636,0.26561497842310255,0.1495317339709636,0.26561497842310255,0.11608324445213897,0.7204254910978379,0.1495317339709636,0.0,0.0,1.1752565438677305,0.08385923101768748,4.584461419709579,7,0.3238800542967125,16,0.2631578947368421,0.47368421052631576,2,0.6425428182640214
omnimath-136,omnimath,unknown,9,3,0,16,0.2,12.0,-0.02083045881827618,-0.020830458818276172,-0.4548105126747354,0.07036110338763424,0.26561497842310255,0.7048787215641178,0.26561497842310255,0.7048787215641178,0.43926374314101524,0.4548105126747354,0.41514671239406614,0.0,0.0,1.1752565438677305,0.08385923101768748,4.584461419709579,7,0.3238800542967125,16,0.2631578947368421,0.47368421052631576,2,0.6057288380672585
omnimath-136,omnimath,unknown,9,4,0,16,0.26666666666666666,11.0,0.6840482627458416,0.6840482627458416,0.2500682088893824,-0.6345176181764836,0.7048787215641178,-0.9064513336601246,0.7048787215641178,0.9064513336601246,-1.6113300552242424,0.0,1.1200254339581839,1.0,0.0,1.1752565438677305,0.08385923101768748,4.584461419709579,7,0.3238800542967125,16,0.2631578947368421,0.47368421052631576,2,0.4343969876234262
omnimath-136,omnimath,unknown,9,5,0,16,0.3333333333333333,10.0,-0.22240307091428302,-0.22240307091428302,-0.6563831247707422,0.2719337154836411,-0.9064513336601246,0.1495317339709634,0.9064513336601246,0.1495317339709634,1.055983067631088,0.9064513336601246,0.2135741002980593,0.0,0.0,1.1752565438677305,0.08385923101768748,4.584461419709579,7,0.3238800542967125,16,0.2631578947368421,0.47368421052631576,2,0.4767796144908847
omnimath-136,omnimath,unknown,9,6,0,16,0.4,9.0,-0.07287133694331963,-0.07287133694331963,-0.5068513907997788,0.12240198151267769,0.1495317339709634,-0.5389965007326869,0.1495317339709634,0.5389965007326869,-0.6885282347036503,0.7569195996891612,0.36310583426902265,0.0,0.0,1.1752565438677305,0.08385923101768748,4.584461419709579,7,0.3238800542967125,16,0.2631578947368421,0.47368421052631576,2,0.4531636675010637
omnimath-136,omnimath,unknown,9,7,0,16,0.4666666666666667,8.0,-0.6118678376760065,-0.6118678376760065,-1.0458478915324658,0.6613984822453646,-0.5389965007326869,0.7938264264820627,0.5389965007326869,0.7938264264820627,1.3328229272147496,1.2959161004218482,0.0,0.0,1.0,1.1752565438677305,0.08385923101768748,4.584461419709579,7,0.3238800542967125,16,0.2631578947368421,0.47368421052631576,2,0.41674947240168064
omnimath-136,omnimath,unknown,9,8,0,16,0.5333333333333333,7.0,0.18195858880605614,0.18195858880605614,-0.25202146505040307,-0.13242794423669807,0.7938264264820627,-0.05678505236489212,0.7938264264820627,0.05678505236489212,-0.8506114788469548,0.5020896739397855,0.7938264264820627,0.0,0.0,1.1752565438677305,0.08385923101768748,4.584461419709579,7,0.3238800542967125,16,0.2631578947368421,0.47368421052631576,2,0.3025270864440837
omnimath-136,omnimath,unknown,9,9,1,16,0.6,6.0,0.12517353644116402,0.12517353644116402,-0.3088065174152952,-0.07564289187180596,-0.05678505236489212,-0.07564289187180574,0.05678505236489212,0.07564289187180574,-0.018857839506913623,0.5588747263046776,0.7370413741171705,0.0,0.0,1.1752565438677305,0.08385923101768748,4.584461419709579,7,0.3238800542967125,16,0.2631578947368421,0.47368421052631576,2,0.24054548433104042
omnimath-136,omnimath,unknown,9,10,0,16,0.6666666666666666,5.0,0.04953064456935828,0.04953064456935829,-0.3844494092871009,-2.220446049250313e-16,-0.07564289187180574,-2.220446049250313e-16,0.07564289187180574,2.220446049250313e-16,0.07564289187180552,0.6345176181764833,0.6613984822453648,0.0,0.0,1.1752565438677305,0.08385923101768748,4.584461419709579,7,0.3238800542967125,16,0.2631578947368421,0.47368421052631576,2,0.19823659820084005
omnimath-136,omnimath,unknown,9,11,0,16,0.7333333333333333,4.0,0.04953064456935806,0.049530644569358066,-0.38444940928710114,0.0,-2.220446049250313e-16,0.25834433420916425,2.220446049250313e-16,0.25834433420916425,0.2583443342091645,0.6345176181764836,0.6613984822453646,0.0,0.0,1.1752565438677305,0.08385923101768748,4.584461419709579,7,0.3238800542967125,16,0.2631578947368421,0.47368421052631576,2,0.17570972407237162
omnimath-136,omnimath,unknown,9,12,0,16,0.8,3.0,0.3078749787785223,0.3078749787785223,-0.1261050750779369,-0.25834433420916425,0.25834433420916425,-0.31670394939474744,0.25834433420916425,0.31670394939474744,-0.5750482836039117,0.3761732839673193,0.9197428164545288,0.0,0.0,1.1752565438677305,0.08385923101768748,4.584461419709579,7,0.3238800542967125,16,0.2631578947368421,0.47368421052631576,2,0.15246234449311175
omnimath-136,omnimath,unknown,9,13,0,16,0.8666666666666667,2.0,-0.008828970616225111,-0.008828970616225106,-0.44280902447268433,0.05835961518558317,-0.31670394939474744,-0.21357410029806123,0.31670394939474744,0.21357410029806123,0.10312984909668621,0.6928772333620667,0.6030388670597814,0.0,0.0,1.1752565438677305,0.08385923101768748,4.584461419709579,7,0.3238800542967125,16,0.2631578947368421,0.47368421052631576,2,0.1319706171024673
omnimath-136,omnimath,unknown,9,14,0,16,0.9333333333333333,1.0,-0.22240307091428635,-0.22240307091428635,-0.6563831247707456,0.2719337154836444,-0.21357410029806123,0.2719337154836444,0.21357410029806123,0.2719337154836444,0.48550781578170565,0.906451333660128,0.38946476676172015,0.0,0.0,1.1752565438677305,0.08385923101768748,4.584461419709579,7,0.3238800542967125,16,0.2631578947368421,0.47368421052631576,2,0.11001613126189738
omnimath-136,omnimath,unknown,9,15,0,16,1.0,0.0,0.04953064456935806,0.049530644569358066,-0.38444940928710114,0.0,0.2719337154836444,0.0,0.2719337154836444,0.0,-0.2719337154836444,0.6345176181764836,0.6613984822453646,0.0,0.0,1.1752565438677305,0.08385923101768748,4.584461419709579,7,0.3238800542967125,16,0.2631578947368421,0.47368421052631576,2,0.07498282850172876
omnimath-137,omnimath,unknown,6,0,0,8,0.0,7.0,1.0986380994525595,1.0986380994525595,0.0,-1.451584304268496,0.0,-0.34818117745256305,0.0,0.34818117745256305,-0.34818117745256305,0.0,0.0,1.0,1.0,1.7553893798999032,0.3793015629792444,3.8269926779814707,3,0.13149866027107804,8,0.0,0.3157894736842105,4,0.27096016124755645
omnimath-137,omnimath,unknown,6,1,0,8,0.14285714285714285,6.0,0.7504569219999965,0.7504569219999965,-0.34818117745256305,-1.103403126815933,-0.34818117745256305,-1.5936480428819024,0.34818117745256305,1.5936480428819024,-1.2454668654293393,0.34818117745256305,0.0,0.0,1.0,1.7553893798999032,0.3793015629792444,3.8269926779814707,3,0.13149866027107804,8,0.0,0.3157894736842105,4,0.5957240918899885
omnimath-137,omnimath,unknown,6,2,0,8,0.2857142857142857,5.0,-0.8431911208819058,-0.8431911208819058,-1.9418292203344654,0.4902449160659694,-1.5936480428819024,0.8855892420641711,1.5936480428819024,0.8855892420641711,2.4792372849460733,1.9418292203344654,0.0,0.0,1.0,1.7553893798999032,0.3793015629792444,3.8269926779814707,3,0.13149866027107804,8,0.0,0.3157894736842105,4,0.8030979005151301
omnimath-137,omnimath,unknown,6,3,0,8,0.42857142857142855,4.0,0.04239812118226527,0.0423981211822653,-1.0562399782702943,-0.3953443259982017,0.8855892420641711,0.3012665467523027,0.8855892420641711,0.3012665467523027,-0.5843226953118684,1.0562399782702943,0.8855892420641711,0.0,0.0,1.7553893798999032,0.3793015629792444,3.8269926779814707,3,0.13149866027107804,8,0.0,0.3157894736842105,4,0.6211194033076404
omnimath-137,omnimath,unknown,6,4,0,8,0.5714285714285714,3.0,0.34366466793456796,0.34366466793456796,-0.7549734315179916,-0.6966108727505044,0.3012665467523027,-0.7846164899571925,0.3012665467523027,0.7846164899571925,-1.0858830367094952,0.7549734315179916,1.186855788816474,0.0,0.0,1.7553893798999032,0.3793015629792444,3.8269926779814707,3,0.13149866027107804,8,0.0,0.3157894736842105,4,0.5791177957938526
omnimath-137,omnimath,unknown,6,5,0,8,0.7142857142857143,2.0,-0.4409518220226245,-0.4409518220226245,-1.539589921475184,0.08800561720668809,-0.7846164899571925,-0.15711684082629795,0.7846164899571925,0.15711684082629795,0.6274996491308945,1.539589921475184,0.40223929885928134,0.0,0.0,1.7553893798999032,0.3793015629792444,3.8269926779814707,3,0.13149866027107804,8,0.0,0.3157894736842105,4,0.5479822356481521
omnimath-137,omnimath,unknown,6,6,1,8,0.8571428571428571,1.0,-0.5980686628489225,-0.5980686628489225,-1.696706762301482,0.24512245803298605,-0.15711684082629795,0.24512245803298605,0.15711684082629795,0.24512245803298605,0.402239298859284,1.696706762301482,0.24512245803298338,0.0,0.0,1.7553893798999032,0.3793015629792444,3.8269926779814707,3,0.13149866027107804,8,0.0,0.3157894736842105,4,0.3829869724116218
omnimath-137,omnimath,unknown,6,7,0,8,1.0,0.0,-0.3529462048159364,-0.3529462048159364,-1.451584304268496,0.0,0.24512245803298605,0.0,0.24512245803298605,0.0,-0.24512245803298605,1.451584304268496,0.4902449160659694,0.0,0.0,1.7553893798999032,0.3793015629792444,3.8269926779814707,3,0.13149866027107804,8,0.0,0.3157894736842105,4,0.25380172384203414
omnimath-138,omnimath,unknown,2,0,0,6,0.0,5.0,0.9149673697947229,0.9149673697947229,0.0,-0.40866511083883506,0.0,-1.6030684641486204,0.0,1.6030684641486204,-1.6030684641486204,0.0,0.0,1.0,1.0,1.846377578002405,0.10400321508682812,3.929350746490451,2,0.09218721294180217,6,0.0,0.5789473684210527,0,0.5405686265454184
omnimath-138,omnimath,unknown,2,1,0,6,0.2,4.0,-0.6881010943538973,-0.6881010943538973,-1.6030684641486204,1.1944033533097853,-1.6030684641486204,0.0,1.6030684641486204,0.0,1.6030684641486204,1.6030684641486204,0.0,0.0,1.0,1.846377578002405,0.10400321508682812,3.929350746490451,2,0.09218721294180217,6,0.0,0.5789473684210527,0,0.7682696316873847
omnimath-138,omnimath,unknown,2,2,1,6,0.4,3.0,-0.6881010943538973,-0.6881010943538973,-1.6030684641486204,1.1944033533097853,0.0,-0.27193371548364176,0.0,0.27193371548364176,-0.27193371548364176,1.6030684641486204,0.0,0.0,1.0,1.846377578002405,0.10400321508682812,3.929350746490451,2,0.09218721294180217,6,0.0,0.5789473684210527,0,0.6839595027573281
omnimath-138,omnimath,unknown,2,3,0,6,0.6,2.0,-0.9600348098375391,-0.9600348098375391,-1.875002179632262,1.466337068793427,-0.27193371548364176,1.8750021796322618,0.27193371548364176,1.8750021796322618,2.1469358951159037,1.875002179632262,0.0,0.0,1.0,1.846377578002405,0.10400321508682812,3.929350746490451,2,0.09218721294180217,6,0.0,0.5789473684210527,0,0.7042359784627895
omnimath-138,omnimath,unknown,2,4,0,6,0.8,1.0,0.9149673697947228,0.9149673697947228,-1.1102230246251565e-16,-0.40866511083883494,1.8750021796322618,-0.40866511083883494,1.8750021796322618,0.40866511083883494,-2.283667290471097,1.1102230246251565e-16,1.8750021796322618,1.0,0.0,1.846377578002405,0.10400321508682812,3.929350746490451,2,0.09218721294180217,6,0.0,0.5789473684210527,0,0.3322840004264084
omnimath-138,omnimath,unknown,2,5,0,6,1.0,0.0,0.5063022589558879,0.5063022589558879,-0.40866511083883506,0.0,-0.40866511083883494,0.0,0.40866511083883494,0.0,0.40866511083883494,0.40866511083883506,1.466337068793427,0.0,0.0,1.846377578002405,0.10400321508682812,3.929350746490451,2,0.09218721294180217,6,0.0,0.5789473684210527,0,0.35990222987981996
omnimath-139,omnimath,unknown,10,0,0,14,0.0,13.0,0.08689641519117224,0.08689641519117224,0.0,-0.3168575615857106,0.0,0.03144913268250345,0.0,0.03144913268250345,0.03144913268250345,0.0,0.0,1.0,1.0,0.9344893208253202,0.05756437656837389,5.504403599496176,7,0.3864414670689963,14,0.3684210526315789,0.5789473684210527,0,0.3381198030124683
omnimath-139,omnimath,unknown,10,1,0,14,0.07692307692307693,12.0,0.11834554787367568,0.11834554787367568,0.03144913268250345,-0.34830669426821403,0.03144913268250345,0.3355589545600226,0.03144913268250345,0.3355589545600226,0.30410982187751917,0.0,0.03144913268250345,1.0,0.0,0.9344893208253202,0.05756437656837389,5.504403599496176,7,0.3864414670689963,14,0.3684210526315789,0.5789473684210527,0,0.331553327786969
omnimath-139,omnimath,unknown,10,2,0,14,0.15384615384615385,11.0,0.4539045024336983,0.4539045024336983,0.36700808724252604,-0.6838656488282366,0.3355589545600226,-0.9174805000097435,0.3355589545600226,0.9174805000097435,-1.253039454569766,0.0,0.36700808724252604,1.0,0.0,0.9344893208253202,0.05756437656837389,5.504403599496176,7,0.3864414670689963,14,0.3684210526315789,0.5789473684210527,0,0.3737286765203311
omnimath-139,omnimath,unknown,10,3,0,14,0.23076923076923078,10.0,-0.4635759975760452,-0.4635759975760452,-0.5504724127672174,0.23361485118150682,-0.9174805000097435,0.4228568508200333,0.9174805000097435,0.4228568508200333,1.3403373508297767,0.9174805000097435,0.0,0.0,1.0,0.9344893208253202,0.05756437656837389,5.504403599496176,7,0.3864414670689963,14,0.3684210526315789,0.5789473684210527,0,0.518012266931609
omnimath-139,omnimath,unknown,10,4,0,14,0.3076923076923077,9.0,-0.04071914675601182,-0.04071914675601181,-0.12761556194718404,-0.18924199963852653,0.4228568508200333,0.6480677953400303,0.4228568508200333,0.6480677953400303,0.22521094451999701,0.49462364918971014,0.4228568508200333,0.0,0.0,0.9344893208253202,0.05756437656837389,5.504403599496176,7,0.3864414670689963,14,0.3684210526315789,0.5789473684210527,0,0.4804121505715221
omnimath-139,omnimath,unknown,10,5,0,14,0.38461538461538464,8.0,0.6073486485840185,0.6073486485840185,0.5204522333928463,-0.8373097949785568,0.6480677953400303,-0.4588257957015017,0.6480677953400303,0.4588257957015017,-1.106893591041532,0.0,1.0709246461600637,1.0,0.0,0.9344893208253202,0.05756437656837389,5.504403599496176,7,0.3864414670689963,14,0.3684210526315789,0.5789473684210527,0,0.2635083616805893
omnimath-139,omnimath,unknown,10,6,0,14,0.46153846153846156,7.0,0.14852285288251676,0.14852285288251676,0.06162643769134453,-0.3784839992770551,-0.4588257957015017,-0.612098850458562,0.4588257957015017,0.612098850458562,-0.15327305475706032,0.4588257957015017,0.6120988504585619,0.0,0.0,0.9344893208253202,0.05756437656837389,5.504403599496176,7,0.3864414670689963,14,0.3684210526315789,0.5789473684210527,0,0.4341146145107672
omnimath-139,omnimath,unknown,10,7,0,14,0.5384615384615384,6.0,-0.4635759975760453,-0.4635759975760453,-0.5504724127672175,0.23361485118150693,-0.612098850458562,0.0,0.612098850458562,0.0,0.612098850458562,1.0709246461600639,0.0,0.0,1.0,0.9344893208253202,0.05756437656837389,5.504403599496176,7,0.3864414670689963,14,0.3684210526315789,0.5789473684210527,0,0.26540873918858426
omnimath-139,omnimath,unknown,10,8,0,14,0.6153846153846154,5.0,-0.4635759975760453,-0.4635759975760453,-0.5504724127672175,0.23361485118150693,0.0,0.8873031950009025,0.0,0.8873031950009025,0.8873031950009025,1.0709246461600639,0.0,0.0,1.0,0.9344893208253202,0.05756437656837389,5.504403599496176,7,0.3864414670689963,14,0.3684210526315789,0.5789473684210527,0,0.2565476612898515
omnimath-139,omnimath,unknown,10,9,0,14,0.6923076923076923,4.0,0.42372719742485726,0.42372719742485726,0.336830782233685,-0.6536883438193957,0.8873031950009025,-0.8873031950009025,0.8873031950009025,0.8873031950009025,-1.774606390001805,0.18362145115916123,0.8873031950009025,0.0,0.0,0.9344893208253202,0.05756437656837389,5.504403599496176,7,0.3864414670689963,14,0.3684210526315789,0.5789473684210527,0,0.302926900254616
omnimath-139,omnimath,unknown,10,10,1,14,0.7692307692307693,3.0,-0.4635759975760453,-0.4635759975760453,-0.5504724127672175,0.23361485118150693,-0.8873031950009025,0.18924199963852822,0.8873031950009025,0.18924199963852822,1.0765451946394307,1.0709246461600639,0.0,0.0,1.0,0.9344893208253202,0.05756437656837389,5.504403599496176,7,0.3864414670689963,14,0.3684210526315789,0.5789473684210527,0,0.1647666532091944
omnimath-139,omnimath,unknown,10,11,0,14,0.8461538461538461,2.0,-0.27433399793751706,-0.27433399793751706,-0.3612304131286893,0.04437285154297871,0.18924199963852822,0.8349071149398266,0.18924199963852822,0.8349071149398266,0.6456651153012984,0.8816826465215355,0.18924199963852822,0.0,0.0,0.9344893208253202,0.05756437656837389,5.504403599496176,7,0.3864414670689963,14,0.3684210526315789,0.5789473684210527,0,0.16276540315788895
omnimath-139,omnimath,unknown,10,12,0,14,0.9230769230769231,1.0,0.5605731170023095,0.5605731170023095,0.47367670181113725,-0.7905342633968478,0.8349071149398266,-0.7905342633968478,0.8349071149398266,0.7905342633968478,-1.6254413783366743,0.046775531581708996,1.0241491145783548,0.0,0.0,0.9344893208253202,0.05756437656837389,5.504403599496176,7,0.3864414670689963,14,0.3684210526315789,0.5789473684210527,0,0.17019141360291962
omnimath-139,omnimath,unknown,10,13,0,14,1.0,0.0,-0.22996114639453835,-0.22996114639453835,-0.3168575615857106,0.0,-0.7905342633968478,0.0,0.7905342633968478,0.0,0.7905342633968478,0.8373097949785568,0.23361485118150693,0.0,0.0,0.9344893208253202,0.05756437656837389,5.504403599496176,7,0.3864414670689963,14,0.3684210526315789,0.5789473684210527,0,0.09687167719865317
omnimath-140,omnimath,unknown,4,0,0,30,0.0,29.0,0.16608584460686326,0.16608584460686326,0.0,-0.30318625898774,0.0,-0.18540322333136247,0.0,0.18540322333136247,-0.18540322333136247,0.0,0.0,1.0,1.0,0.5503344138114779,0.10060750292912428,3.013555154045796,8,0.23408773026608756,30,0.21052631578947367,0.3684210526315789,0,0.29138411219264876
omnimath-140,omnimath,unknown,4,1,0,30,0.034482758620689655,28.0,-0.0193173787244992,-0.019317378724499203,-0.18540322333136247,-0.11778303565637749,-0.18540322333136247,-0.25131442828090594,0.18540322333136247,0.25131442828090594,-0.06591120494954347,0.18540322333136247,0.0,0.0,1.0,0.5503344138114779,0.10060750292912428,3.013555154045796,8,0.23408773026608756,30,0.21052631578947367,0.3684210526315789,0,0.5085558081525984
omnimath-140,omnimath,unknown,4,2,0,30,0.06896551724137931,27.0,-0.2706318070054051,-0.2706318070054051,-0.4367176516122684,0.13353139262452843,-0.25131442828090594,0.10536051565782636,0.25131442828090594,0.10536051565782636,0.35667494393873234,0.4367176516122684,0.0,0.0,1.0,0.5503344138114779,0.10060750292912428,3.013555154045796,8,0.23408773026608756,30,0.21052631578947367,0.3684210526315789,0,0.5100190167749621
omnimath-140,omnimath,unknown,4,3,0,30,0.10344827586206896,26.0,-0.16527129134757876,-0.16527129134757876,-0.33135713595444205,0.028170876966702063,0.10536051565782636,0.3123746850421524,0.10536051565782636,0.3123746850421524,0.207014169384326,0.33135713595444205,0.10536051565782636,0.0,0.0,0.5503344138114779,0.10060750292912428,3.013555154045796,8,0.23408773026608756,30,0.21052631578947367,0.3684210526315789,0,0.5173002953754369
omnimath-140,omnimath,unknown,4,4,1,30,0.13793103448275862,25.0,0.14710339369457365,0.14710339369457365,-0.018982450912289617,-0.2842038080754503,0.3123746850421524,-0.2842038080754562,0.3123746850421524,0.2842038080754562,-0.5965784931176086,0.018982450912289617,0.41773520069997877,0.0,0.0,0.5503344138114779,0.10060750292912428,3.013555154045796,8,0.23408773026608756,30,0.21052631578947367,0.3684210526315789,0,0.5098657700881597
omnimath-140,omnimath,unknown,4,5,0,30,0.1724137931034483,24.0,-0.13710041438088252,-0.13710041438088252,-0.30318625898774576,5.828670879282072e-15,-0.2842038080754562,0.3914788661334244,0.2842038080754562,0.3914788661334244,0.6756826742088806,0.30318625898774576,0.1335313926245226,0.0,0.0,0.5503344138114779,0.10060750292912428,3.013555154045796,8,0.23408773026608756,30,0.21052631578947367,0.3684210526315789,0,0.46491031825834145
omnimath-140,omnimath,unknown,4,6,0,30,0.20689655172413793,23.0,0.25437845175254187,0.25437845175254187,0.0882926071456786,-0.39147886613341853,0.3914788661334244,-0.5250102587579468,0.3914788661334244,0.5250102587579468,-0.9164891248913712,0.0,0.525010258757947,1.0,0.0,0.5503344138114779,0.10060750292912428,3.013555154045796,8,0.23408773026608756,30,0.21052631578947367,0.3684210526315789,0,0.2965311072506427
omnimath-140,omnimath,unknown,4,7,0,30,0.2413793103448276,22.0,-0.27063180700540496,-0.27063180700540496,-0.4367176516122682,0.13353139262452826,-0.5250102587579468,0.5374520988813125,0.5250102587579468,0.5374520988813125,1.0624623576392593,0.5250102587579468,1.6653345369377348e-16,0.0,1.0,0.5503344138114779,0.10060750292912428,3.013555154045796,8,0.23408773026608756,30,0.21052631578947367,0.3684210526315789,0,0.37704387264572015
omnimath-140,omnimath,unknown,4,8,0,30,0.27586206896551724,21.0,0.2668202918759076,0.2668202918759076,0.10073444726904435,-0.40392070625678433,0.5374520988813125,-0.2985601905989638,0.5374520988813125,0.2985601905989638,-0.8360122894802764,0.0,0.5374520988813127,1.0,0.0,0.5503344138114779,0.10060750292912428,3.013555154045796,8,0.23408773026608756,30,0.21052631578947367,0.3684210526315789,0,0.2147562926299829
omnimath-140,omnimath,unknown,4,9,0,30,0.3103448275862069,20.0,-0.0317398987230562,-0.03173989872305621,-0.19782574332991948,-0.1053605156578205,-0.2985601905989638,-0.23889190828234874,0.2985601905989638,0.23889190828234874,0.059668282316615084,0.2985601905989638,0.2388919082823489,0.0,0.0,0.5503344138114779,0.10060750292912428,3.013555154045796,8,0.23408773026608756,30,0.21052631578947367,0.3684210526315789,0,0.34969168605043727
omnimath-140,omnimath,unknown,4,10,0,30,0.3448275862068966,19.0,-0.27063180700540496,-0.27063180700540496,-0.4367176516122682,0.13353139262452826,-0.23889190828234874,-0.1177830356563832,0.23889190828234874,0.1177830356563832,0.12110887262596554,0.5374520988813125,1.6653345369377348e-16,0.0,1.0,0.5503344138114779,0.10060750292912428,3.013555154045796,8,0.23408773026608756,30,0.21052631578947367,0.3684210526315789,0,0.27714495269683925
omnimath-140,omnimath,unknown,4,11,0,30,0.3793103448275862,18.0,-0.38841484266178816,-0.38841484266178816,-0.5545006872686514,0.25131442828091144,-0.1177830356563832,0.5108256237659904,0.1177830356563832,0.5108256237659904,0.6286086594223737,0.6552351345376958,0.0,0.0,1.0,0.5503344138114779,0.10060750292912428,3.013555154045796,8,0.23408773026608756,30,0.21052631578947367,0.3684210526315789,0,0.2853046042369325
omnimath-140,omnimath,unknown,4,12,0,30,0.41379310344827586,17.0,0.12241078110420223,0.12241078110420223,-0.04367506350266104,-0.25951119548507895,0.5108256237659904,-0.10536051565782648,0.5108256237659904,0.10536051565782648,-0.6161861394238168,0.14440951077170538,0.5108256237659904,0.0,0.0,0.5503344138114779,0.10060750292912428,3.013555154045796,8,0.23408773026608756,30,0.21052631578947367,0.3684210526315789,0,0.2628537312323422
omnimath-140,omnimath,unknown,4,13,0,30,0.4482758620689655,16.0,0.017050265446375758,0.017050265446375754,-0.1490355791604875,-0.15415067982725245,-0.10536051565782648,0.1177830356563836,0.10536051565782648,0.1177830356563836,0.22314355131421007,0.24977002642953186,0.40546510810816394,0.0,0.0,0.5503344138114779,0.10060750292912428,3.013555154045796,8,0.23408773026608756,30,0.21052631578947367,0.3684210526315789,0,0.2376780127025084
omnimath-140,omnimath,unknown,4,14,0,30,0.4827586206896552,15.0,0.13483330110275935,0.13483330110275935,-0.03125254350410392,-0.27193371548363604,0.1177830356563836,0.0,0.1177830356563836,0.0,-0.1177830356563836,0.13198699077314827,0.5232481437645475,0.0,0.0,0.5503344138114779,0.10060750292912428,3.013555154045796,8,0.23408773026608756,30,0.21052631578947367,0.3684210526315789,0,0.20688058102451548
omnimath-140,omnimath,unknown,4,15,0,30,0.5172413793103449,14.0,0.13483330110275935,0.13483330110275935,-0.03125254350410392,-0.27193371548363604,0.0,-0.1177830356563836,0.0,0.1177830356563836,-0.1177830356563836,0.13198699077314827,0.5232481437645475,0.0,0.0,0.5503344138114779,0.10060750292912428,3.013555154045796,8,0.23408773026608756,30,0.21052631578947367,0.3684210526315789,0,0.20117845888412003
omnimath-140,omnimath,unknown,4,16,0,30,0.5517241379310345,13.0,0.017050265446375758,0.017050265446375754,-0.1490355791604875,-0.15415067982725245,-0.1177830356563836,0.1300531282481979,0.1177830356563836,0.1300531282481979,0.2478361639045815,0.24977002642953186,0.40546510810816394,0.0,0.0,0.5503344138114779,0.10060750292912428,3.013555154045796,8,0.23408773026608756,30,0.21052631578947367,0.3684210526315789,0,0.17619420799639407
omnimath-140,omnimath,unknown,4,17,0,30,0.5862068965517241,12.0,0.14710339369457365,0.14710339369457365,-0.018982450912289617,-0.2842038080754503,0.1300531282481979,-0.3123746850421527,0.1300531282481979,0.3123746850421527,-0.44242781329035064,0.11971689818133396,0.5355182363563618,0.0,0.0,0.5503344138114779,0.10060750292912428,3.013555154045796,8,0.23408773026608756,30,0.21052631578947367,0.3684210526315789,0,0.18275023662180448
omnimath-140,omnimath,unknown,4,18,0,30,0.6206896551724138,11.0,-0.16527129134757904,-0.16527129134757904,-0.3313571359544423,0.02817087696670234,-0.3123746850421527,0.40546510810816433,0.3123746850421527,0.40546510810816433,0.7178397931503171,0.4320915832234866,0.22314355131420913,0.0,0.0,0.5503344138114779,0.10060750292912428,3.013555154045796,8,0.23408773026608756,30,0.21052631578947367,0.3684210526315789,0,0.1544900307708391
omnimath-140,omnimath,unknown,4,19,0,30,0.6551724137931034,10.0,0.2401938167605853,0.2401938167605853,0.07410797215372203,-0.377294231141462,0.40546510810816433,-0.6286086594223733,0.40546510810816433,0.6286086594223733,-1.0340737675305376,0.026626475115322318,0.6286086594223734,0.0,0.0,0.5503344138114779,0.10060750292912428,3.013555154045796,8,0.23408773026608756,30,0.21052631578947367,0.3684210526315789,0,0.17646419166159846
omnimath-140,omnimath,unknown,4,20,0,30,0.6896551724137931,9.0,-0.388414842661788,-0.388414842661788,-0.5545006872686513,0.25131442828091133,-0.6286086594223733,0.5108256237659901,0.6286086594223733,0.5108256237659901,1.1394342831883635,0.6552351345376957,1.6653345369377348e-16,0.0,1.0,0.5503344138114779,0.10060750292912428,3.013555154045796,8,0.23408773026608756,30,0.21052631578947367,0.3684210526315789,0,0.11678014656833344
omnimath-140,omnimath,unknown,4,21,0,30,0.7241379310344828,8.0,0.12241078110420203,0.12241078110420203,-0.04367506350266123,-0.2595111954850787,0.5108256237659901,-0.10536051565782628,0.5108256237659901,0.10536051565782628,-0.6161861394238164,0.14440951077170558,0.5108256237659902,0.0,0.0,0.5503344138114779,0.10060750292912428,3.013555154045796,8,0.23408773026608756,30,0.21052631578947367,0.3684210526315789,0,0.1021181541227983
omnimath-140,omnimath,unknown,4,22,0,30,0.7586206896551724,7.0,0.017050265446375758,0.017050265446375754,-0.1490355791604875,-0.15415067982725245,-0.10536051565782628,0.0,0.10536051565782628,0.0,0.10536051565782628,0.24977002642953186,0.40546510810816394,0.0,0.0,0.5503344138114779,0.10060750292912428,3.013555154045796,8,0.23408773026608756,30,0.21052631578947367,0.3684210526315789,0,0.08803549239567555
omnimath-140,omnimath,unknown,4,23,0,30,0.7931034482758621,6.0,0.017050265446375758,0.017050265446375754,-0.1490355791604875,-0.15415067982725245,0.0,-0.024097551579060537,0.0,0.024097551579060537,-0.024097551579060537,0.24977002642953186,0.40546510810816394,0.0,0.0,0.5503344138114779,0.10060750292912428,3.013555154045796,8,0.23408773026608756,30,0.21052631578947367,0.3684210526315789,0,0.07907393309374919
omnimath-140,omnimath,unknown,4,24,0,30,0.8275862068965517,5.0,-0.00704728613268478,-0.007047286132684784,-0.17313313073954806,-0.13005312824819193,-0.024097551579060537,0.020690393257446225,0.024097551579060537,0.020690393257446225,0.04478794483650676,0.2738675780085924,0.38136755652910337,0.0,0.0,0.5503344138114779,0.10060750292912428,3.013555154045796,8,0.23408773026608756,30,0.21052631578947367,0.3684210526315789,0,0.06972566539994826
omnimath-140,omnimath,unknown,4,25,0,30,0.8620689655172413,4.0,0.013643107124761448,0.013643107124761442,-0.15244273748210183,-0.15074352150563813,0.020690393257446225,0.1570718114078348,0.020690393257446225,0.1570718114078348,0.13638141815038857,0.25317718475114614,0.40205794978654963,0.0,0.0,0.5503344138114779,0.10060750292912428,3.013555154045796,8,0.23408773026608756,30,0.21052631578947367,0.3684210526315789,0,0.06370122022782988
omnimath-140,omnimath,unknown,4,26,0,30,0.896551724137931,3.0,0.17071491853259624,0.17071491853259624,0.004629073925732974,-0.30781533291347296,0.1570718114078348,-0.1900322972570952,0.1570718114078348,0.1900322972570952,-0.34710410866493,0.09610537334331137,0.5591297611943844,0.0,0.0,0.5503344138114779,0.10060750292912428,3.013555154045796,8,0.23408773026608756,30,0.21052631578947367,0.3684210526315789,0,0.0610571473607282
omnimath-140,omnimath,unknown,4,27,0,30,0.9310344827586207,2.0,-0.01931737872449897,-0.019317378724498974,-0.18540322333136222,-0.11778303565637772,-0.1900322972570952,0.3014753945841173,0.1900322972570952,0.3014753945841173,0.4915076918412125,0.28613767060040657,0.3690974639372892,0.0,0.0,0.5503344138114779,0.10060750292912428,3.013555154045796,8,0.23408773026608756,30,0.21052631578947367,0.3684210526315789,0,0.05275353285271762
omnimath-140,omnimath,unknown,4,28,0,30,0.9655172413793104,1.0,0.28215801585961836,0.28215801585961836,0.1160721712527551,-0.41925843024049503,0.3014753945841173,-0.41925843024049503,0.3014753945841173,0.41925843024049503,-0.7207338248246123,0.0,0.6705728585214066,1.0,0.0,0.5503344138114779,0.10060750292912428,3.013555154045796,8,0.23408773026608756,30,0.21052631578947367,0.3684210526315789,0,0.026132966734363192
omnimath-140,omnimath,unknown,4,29,0,30,1.0,0.0,-0.1371004143808767,-0.1371004143808767,-0.30318625898774,0.0,-0.41925843024049503,0.0,0.41925843024049503,0.0,0.41925843024049503,0.41925843024049503,0.25131442828091144,0.0,0.0,0.5503344138114779,0.10060750292912428,3.013555154045796,8,0.23408773026608756,30,0.21052631578947367,0.3684210526315789,0,0.039200585249980775
omnimath-141,omnimath,unknown,4,0,0,10,0.0,9.0,0.696476823625189,0.696476823625189,0.0,-1.0296194171811583,0.0,0.3053816495511812,0.0,0.3053816495511812,0.3053816495511812,0.0,0.0,1.0,1.0,1.4966484145251533,0.28252636694165567,3.644330362248223,5,0.13346868148426563,10,0.10526315789473684,0.6842105263157895,2,0.36012212517489983
omnimath-141,omnimath,unknown,4,1,0,10,0.1111111111111111,8.0,1.0018584731763702,1.0018584731763702,0.3053816495511812,-1.3350010667323393,0.3053816495511812,-0.824175442966349,0.3053816495511812,0.824175442966349,-1.1295570925175302,0.0,0.3053816495511812,1.0,0.0,1.4966484145251533,0.28252636694165567,3.644330362248223,5,0.13346868148426563,10,0.10526315789473684,0.6842105263157895,2,0.41608298029379315
omnimath-141,omnimath,unknown,4,2,0,10,0.2222222222222222,7.0,0.17768303021002121,0.17768303021002121,-0.5187937934151678,-0.5108256237659904,-0.824175442966349,-0.7339691750802002,0.824175442966349,0.7339691750802002,0.09020626788614883,0.824175442966349,0.0,0.0,1.0,1.4966484145251533,0.28252636694165567,3.644330362248223,5,0.13346868148426563,10,0.10526315789473684,0.6842105263157895,2,0.5948175190492108
omnimath-141,omnimath,unknown,4,3,0,10,0.3333333333333333,6.0,-0.556286144870179,-0.556286144870179,-1.252762968495368,0.22314355131420982,-0.7339691750802002,0.5108256237659907,0.7339691750802002,0.5108256237659907,1.244794798846191,1.5581446180465492,0.0,0.0,1.0,1.4966484145251533,0.28252636694165567,3.644330362248223,5,0.13346868148426563,10,0.10526315789473684,0.6842105263157895,2,0.63642514720983
omnimath-141,omnimath,unknown,4,4,1,10,0.4444444444444444,5.0,-0.0454605211041883,-0.045460521104188294,-0.7419373447293773,-0.2876820724517809,0.5108256237659907,-0.287682072451781,0.5108256237659907,0.287682072451781,-0.7985076962177717,1.0473189942805585,0.5108256237659907,0.0,0.0,1.4966484145251533,0.28252636694165567,3.644330362248223,5,0.13346868148426563,10,0.10526315789473684,0.6842105263157895,2,0.5623603786047592
omnimath-141,omnimath,unknown,4,5,0,10,0.5555555555555556,4.0,-0.3331425935559693,-0.3331425935559693,-1.0296194171811583,1.1102230246251565e-16,-0.287682072451781,-0.2231435513142095,0.287682072451781,0.2231435513142095,0.06453852113757153,1.3350010667323395,0.2231435513142097,0.0,0.0,1.4966484145251533,0.28252636694165567,3.644330362248223,5,0.13346868148426563,10,0.10526315789473684,0.6842105263157895,2,0.4876428271108145
omnimath-141,omnimath,unknown,4,6,0,10,0.6666666666666666,3.0,-0.5562861448701788,-0.5562861448701788,-1.2527629684953678,0.2231435513142096,-0.2231435513142095,0.2876820724517807,0.2231435513142095,0.2876820724517807,0.5108256237659902,1.558144618046549,2.220446049250313e-16,0.0,1.0,1.4966484145251533,0.28252636694165567,3.644330362248223,5,0.13346868148426563,10,0.10526315789473684,0.6842105263157895,2,0.35662827634190314
omnimath-141,omnimath,unknown,4,7,0,10,0.7777777777777778,2.0,-0.2686040724183981,-0.2686040724183981,-0.9650808960435872,-0.06453852113757108,0.2876820724517807,0.4855078157817005,0.2876820724517807,0.4855078157817005,0.1978257433299198,1.2704625455947682,0.2876820724517809,0.0,0.0,1.4966484145251533,0.28252636694165567,3.644330362248223,5,0.13346868148426563,10,0.10526315789473684,0.6842105263157895,2,0.3299608295138741
omnimath-141,omnimath,unknown,4,8,0,10,0.8888888888888888,1.0,0.21690374336330237,0.21690374336330237,-0.47957308026188666,-0.5500463369192716,0.4855078157817005,-0.5500463369192716,0.4855078157817005,0.5500463369192716,-1.0355541527009722,0.7849547298130679,0.7731898882334813,0.0,0.0,1.4966484145251533,0.28252636694165567,3.644330362248223,5,0.13346868148426563,10,0.10526315789473684,0.6842105263157895,2,0.2682781375471596
omnimath-141,omnimath,unknown,4,9,0,10,1.0,0.0,-0.3331425935559692,-0.3331425935559692,-1.0296194171811583,0.0,-0.5500463369192716,0.0,0.5500463369192716,0.0,0.5500463369192716,1.3350010667323393,0.22314355131420982,0.0,0.0,1.4966484145251533,0.28252636694165567,3.644330362248223,5,0.13346868148426563,10,0.10526315789473684,0.6842105263157895,2,0.18518479956950704
omnimath-142,omnimath,unknown,0,0,1,11,0.0,10.0,-0.3634562321227768,-0.3634562321227767,0.0,0.992559125234715,0.0,1.0276012530249212,0.0,1.0276012530249212,1.0276012530249212,0.0,0.0,1.0,1.0,1.2189913074810255,0.1823581651234379,5.4429102451368365,8,0.36105358241304975,11,0.10526315789473684,0.6842105263157895,1,0.6141509914217093
omnimath-142,omnimath,unknown,0,1,0,11,0.1,9.0,0.6641450209021443,0.6641450209021443,1.0276012530249212,-0.0350421277902061,1.0276012530249212,-0.5420934372432202,1.0276012530249212,0.5420934372432202,-1.5696946902681415,0.0,1.0276012530249212,1.0,0.0,1.2189913074810255,0.1823581651234379,5.4429102451368365,8,0.36105358241304975,11,0.10526315789473684,0.6842105263157895,1,0.5529103495555459
omnimath-142,omnimath,unknown,0,2,0,11,0.2,8.0,0.12205158365892407,0.1220515836589241,0.4855078157817009,0.5070513094530141,-0.5420934372432202,-0.3894647667617235,0.5420934372432202,0.3894647667617235,0.15262867048149675,0.5420934372432202,0.4855078157817009,0.0,0.0,1.2189913074810255,0.1823581651234379,5.4429102451368365,8,0.36105358241304975,11,0.10526315789473684,0.6842105263157895,1,0.6426184538597554
omnimath-142,omnimath,unknown,0,3,0,11,0.3,7.0,-0.2674131831027994,-0.2674131831027993,0.0960430490199774,0.8965160762147376,-0.3894647667617235,0.8133323312315736,0.3894647667617235,0.8133323312315736,1.202797097993297,0.9315582040049437,0.0960430490199774,0.0,0.0,1.2189913074810255,0.1823581651234379,5.4429102451368365,8,0.36105358241304975,11,0.10526315789473684,0.6842105263157895,1,0.5704398320714448
omnimath-142,omnimath,unknown,0,4,0,11,0.4,6.0,0.5459191481287742,0.5459191481287742,0.909375380251551,0.08318374498316405,0.8133323312315736,-1.085266046715215,0.8133323312315736,1.085266046715215,-1.8985983779467888,0.11822587277337016,0.909375380251551,0.0,0.0,1.2189913074810255,0.1823581651234379,5.4429102451368365,8,0.36105358241304975,11,0.10526315789473684,0.6842105263157895,1,0.6028478807687437
omnimath-142,omnimath,unknown,0,5,0,11,0.5,5.0,-0.5393468985864409,-0.5393468985864409,-0.17589066646366414,1.1684497916983791,-1.085266046715215,0.8602012652231114,1.085266046715215,0.8602012652231114,1.9454673119383266,1.2034919194885854,0.0,0.0,1.0,1.2189913074810255,0.1823581651234379,5.4429102451368365,8,0.36105358241304975,11,0.10526315789473684,0.6842105263157895,1,0.47558802208790885
omnimath-142,omnimath,unknown,0,6,0,11,0.6,4.0,0.32085436663667044,0.3208543666366705,0.6843105987594472,0.3082485264752678,0.8602012652231114,-1.0737753655211706,0.8602012652231114,1.0737753655211706,-1.933976630744282,0.3432906542654739,0.8602012652231114,0.0,0.0,1.2189913074810255,0.1823581651234379,5.4429102451368365,8,0.36105358241304975,11,0.10526315789473684,0.6842105263157895,1,0.490486011565612
omnimath-142,omnimath,unknown,0,7,0,11,0.7,3.0,-0.7529209988845001,-0.7529209988845001,-0.38946476676172337,1.3820238919964383,-1.0737753655211706,0.6613984822453651,1.0737753655211706,0.6613984822453651,1.7351738477665357,1.4170660197866445,0.0,0.0,1.0,1.2189913074810255,0.1823581651234379,5.4429102451368365,8,0.36105358241304975,11,0.10526315789473684,0.6842105263157895,1,0.35942408166407674
omnimath-142,omnimath,unknown,0,8,0,11,0.8,2.0,-0.09152251663913505,-0.09152251663913502,0.27193371548364176,0.7206254097510733,0.6613984822453651,-0.17589066646366433,0.6613984822453651,0.17589066646366433,-0.8372891487090295,0.7556675375412794,0.6613984822453651,0.0,0.0,1.2189913074810255,0.1823581651234379,5.4429102451368365,8,0.36105358241304975,11,0.10526315789473684,0.6842105263157895,1,0.2453131348490767
omnimath-142,omnimath,unknown,0,9,0,11,0.9,1.0,-0.2674131831027994,-0.2674131831027993,0.0960430490199774,0.8965160762147376,-0.17589066646366433,0.8965160762147376,0.17589066646366433,0.8965160762147376,1.0724067426784019,0.9315582040049437,0.48550781578170077,0.0,0.0,1.2189913074810255,0.1823581651234379,5.4429102451368365,8,0.36105358241304975,11,0.10526315789473684,0.6842105263157895,1,0.1946805397130114
omnimath-142,omnimath,unknown,0,10,0,11,1.0,0.0,0.6291028931119382,0.6291028931119382,0.992559125234715,0.0,0.8965160762147376,0.0,0.8965160762147376,0.0,-0.8965160762147376,0.0350421277902061,1.3820238919964383,0.0,0.0,1.2189913074810255,0.1823581651234379,5.4429102451368365,8,0.36105358241304975,11,0.10526315789473684,0.6842105263157895,1,0.10557813608588275
omnimath-143,omnimath,unknown,1,0,0,11,0.0,10.0,0.4666130937592993,0.46661309375929927,0.0,-0.06975819857898857,0.0,-0.3686596086258713,0.0,0.3686596086258713,-0.3686596086258713,0.0,0.0,1.0,1.0,1.3883489701938907,0.015270822528163232,4.568070806293305,5,0.19345006914805063,11,0.21052631578947367,0.8947368421052632,0,0.39434640295914514
omnimath-143,omnimath,unknown,1,1,1,11,0.1,9.0,0.09795348513342801,0.09795348513342797,-0.3686596086258713,0.29890141004688275,-0.3686596086258713,0.6244202181585885,0.3686596086258713,0.6244202181585885,0.9930798267844598,0.3686596086258713,0.0,0.0,1.0,1.3883489701938907,0.015270822528163232,4.568070806293305,5,0.19345006914805063,11,0.21052631578947367,0.8947368421052632,0,0.5997853079235949
omnimath-143,omnimath,unknown,1,2,0,11,0.2,8.0,0.7223737032920166,0.7223737032920166,0.25576060953271723,-0.3255188081117058,0.6244202181585885,-0.5679797296457345,0.6244202181585885,0.5679797296457345,-1.192399947804323,0.0,0.6244202181585885,1.0,0.0,1.3883489701938907,0.015270822528163232,4.568070806293305,5,0.19345006914805063,11,0.21052631578947367,0.8947368421052632,0,0.3859295977424005
omnimath-143,omnimath,unknown,1,3,0,11,0.3,7.0,0.1543939736462821,0.15439397364628207,-0.3122191201130172,0.24246092153402865,-0.5679797296457345,-0.29764764230643403,0.5679797296457345,0.29764764230643403,0.2703320873393005,0.5679797296457345,0.05644048851285409,0.0,0.0,1.3883489701938907,0.015270822528163232,4.568070806293305,5,0.19345006914805063,11,0.21052631578947367,0.8947368421052632,0,0.48753220882501425
omnimath-143,omnimath,unknown,1,4,0,11,0.4,6.0,-0.1432536686601519,-0.14325366866015193,-0.6098667624194513,0.5401085638404627,-0.29764764230643403,-0.4142085887075896,0.29764764230643403,0.4142085887075896,-0.11656094640115555,0.8656273719521684,0.0,0.0,1.0,1.3883489701938907,0.015270822528163232,4.568070806293305,5,0.19345006914805063,11,0.21052631578947367,0.8947368421052632,0,0.47018810576023845
omnimath-143,omnimath,unknown,1,5,0,11,0.5,5.0,-0.5574622573677415,-0.5574622573677415,-1.0240753511270408,0.9543171525480523,-0.4142085887075896,0.1443820737967218,0.4142085887075896,0.1443820737967218,0.5585906625043113,1.279835960659758,0.0,0.0,1.0,1.3883489701938907,0.015270822528163232,4.568070806293305,5,0.19345006914805063,11,0.21052631578947367,0.8947368421052632,0,0.45397347801041543
omnimath-143,omnimath,unknown,1,6,0,11,0.6,4.0,-0.41308018357101967,-0.4130801835710197,-0.879693277330319,0.8099350787513304,0.1443820737967218,0.37055859226708565,0.1443820737967218,0.37055859226708565,0.22617651847036385,1.1354538868630362,0.1443820737967218,0.0,0.0,1.3883489701938907,0.015270822528163232,4.568070806293305,5,0.19345006914805063,11,0.21052631578947367,0.8947368421052632,0,0.42123712823074055
omnimath-143,omnimath,unknown,1,7,0,11,0.7,3.0,-0.042521591303934014,-0.042521591303934056,-0.5091346850632333,0.43937648648424477,0.37055859226708565,0.13168649886124495,0.37055859226708565,0.13168649886124495,-0.2388720934058407,0.7648952945959506,0.5149406660638074,0.0,0.0,1.3883489701938907,0.015270822528163232,4.568070806293305,5,0.19345006914805063,11,0.21052631578947367,0.8947368421052632,0,0.333571363457999
omnimath-143,omnimath,unknown,1,8,0,11,0.8,2.0,0.08916490755731094,0.0891649075573109,-0.3774481862019884,0.3076899876229998,0.13168649886124495,-0.8602012652231112,0.13168649886124495,0.8602012652231112,-0.9918877640843562,0.6332087957347057,0.6466271649250523,0.0,0.0,1.3883489701938907,0.015270822528163232,4.568070806293305,5,0.19345006914805063,11,0.21052631578947367,0.8947368421052632,0,0.4082346710134413
omnimath-143,omnimath,unknown,1,9,0,11,0.9,1.0,-0.7710363576658004,-0.7710363576658004,-1.2376494514250997,1.1678912528461112,-0.8602012652231112,1.1678912528461112,0.8602012652231112,1.1678912528461112,2.028092518069222,1.493410060957817,0.0,0.0,1.0,1.3883489701938907,0.015270822528163232,4.568070806293305,5,0.19345006914805063,11,0.21052631578947367,0.8947368421052632,0,0.31846568126837577
omnimath-143,omnimath,unknown,1,10,0,11,1.0,0.0,0.39685489518031075,0.3968548951803107,-0.06975819857898857,0.0,1.1678912528461112,0.0,1.1678912528461112,0.0,-1.1678912528461112,0.3255188081117058,1.1678912528461112,0.0,0.0,1.3883489701938907,0.015270822528163232,4.568070806293305,5,0.19345006914805063,11,0.21052631578947367,0.8947368421052632,0,0.19791631667965787
omnimath-144,omnimath,unknown,2,0,0,10,0.0,9.0,-0.5843709116365715,-0.5843709116365715,0.0,0.9769153536905899,0.0,1.4798669210256743,0.0,1.4798669210256743,1.4798669210256743,0.0,0.0,1.0,1.0,1.4019791883401125,0.1988696824069627,4.9123392860428625,4,0.14877135522074242,10,0.10526315789473684,0.0,0,0.6773300870879494
omnimath-144,omnimath,unknown,2,1,0,10,0.1111111111111111,8.0,0.8954960093891029,0.8954960093891029,1.4798669210256743,-0.5029515673350844,1.4798669210256743,-0.5635761891515193,1.4798669210256743,0.5635761891515193,-2.0434431101771935,0.0,1.4798669210256743,1.0,0.0,1.4019791883401125,0.1988696824069627,4.9123392860428625,4,0.14877135522074242,10,0.10526315789473684,0.0,0,0.456586777478016
omnimath-144,omnimath,unknown,2,2,1,10,0.2222222222222222,7.0,0.3319198202375836,0.33191982023758365,0.9162907318741551,0.060624621816434854,-0.5635761891515193,-0.6443570163905132,0.5635761891515193,0.6443570163905132,-0.08078082723899394,0.5635761891515193,0.9162907318741551,0.0,0.0,1.4019791883401125,0.1988696824069627,4.9123392860428625,4,0.14877135522074242,10,0.10526315789473684,0.0,0,0.6254586811068668
omnimath-144,omnimath,unknown,2,3,0,10,0.3333333333333333,6.0,-0.3124371961529297,-0.31243719615292964,0.2719337154836418,0.7049816382069481,-0.6443570163905132,-0.04879016416943183,0.6443570163905132,0.04879016416943183,0.5955668522210814,1.2079332055420327,0.2719337154836418,0.0,0.0,1.4019791883401125,0.1988696824069627,4.9123392860428625,4,0.14877135522074242,10,0.10526315789473684,0.0,0,0.4564323301224662
omnimath-144,omnimath,unknown,2,4,0,10,0.4444444444444444,5.0,-0.3612273603223615,-0.36122736032236147,0.22314355131421,0.75377180237638,-0.04879016416943183,0.2876820724517809,0.04879016416943183,0.2876820724517809,0.33647223662121273,1.2567233697114644,0.22314355131421,0.0,0.0,1.4019791883401125,0.1988696824069627,4.9123392860428625,4,0.14877135522074242,10,0.10526315789473684,0.0,0,0.3819356579068082
omnimath-144,omnimath,unknown,2,5,0,10,0.5555555555555556,4.0,-0.07354528787058064,-0.07354528787058061,0.5108256237659908,0.46608972992459907,0.2876820724517809,0.394291807510039,0.2876820724517809,0.394291807510039,0.1066097350582581,0.9690412972596836,0.5108256237659908,0.0,0.0,1.4019791883401125,0.1988696824069627,4.9123392860428625,4,0.14877135522074242,10,0.10526315789473684,0.0,0,0.3110995849743375
omnimath-144,omnimath,unknown,2,6,0,10,0.6666666666666666,3.0,0.3207465196394584,0.32074651963945844,0.90511743127603,0.07179792241456007,0.394291807510039,-0.3455016433406072,0.394291807510039,0.3455016433406072,-0.7397934508506462,0.5747494897496446,0.90511743127603,0.0,0.0,1.4019791883401125,0.1988696824069627,4.9123392860428625,4,0.14877135522074242,10,0.10526315789473684,0.0,0,0.273432753201335
omnimath-144,omnimath,unknown,2,7,0,10,0.7777777777777778,2.0,-0.02475512370114881,-0.024755123701148775,0.5596157879354227,0.41729956575516725,-0.3455016433406072,-0.5596157879354227,0.3455016433406072,0.5596157879354227,-0.21411414459481548,0.9202511330902517,0.5596157879354227,0.0,0.0,1.4019791883401125,0.1988696824069627,4.9123392860428625,4,0.14877135522074242,10,0.10526315789473684,0.0,0,0.2583002865553899
omnimath-144,omnimath,unknown,2,8,0,10,0.8888888888888888,1.0,-0.5843709116365715,-0.5843709116365715,0.0,0.9769153536905899,-0.5596157879354227,0.9769153536905899,0.5596157879354227,0.9769153536905899,1.5365311416260126,1.4798669210256743,0.0,0.0,1.0,1.4019791883401125,0.1988696824069627,4.9123392860428625,4,0.14877135522074242,10,0.10526315789473684,0.0,0,0.16787044771507265
omnimath-144,omnimath,unknown,2,9,0,10,1.0,0.0,0.39254444205401845,0.3925444420540185,0.9769153536905899,0.0,0.9769153536905899,0.0,0.9769153536905899,0.0,-0.9769153536905899,0.5029515673350844,0.9769153536905899,0.0,0.0,1.4019791883401125,0.1988696824069627,4.9123392860428625,4,0.14877135522074242,10,0.10526315789473684,0.0,0,0.10230302377081443
omnimath-145,omnimath,unknown,1,0,0,5,0.0,4.0,1.499062669265851,1.499062669265851,0.0,-1.6863989535702288,0.0,-2.4849066497880004,0.0,2.4849066497880004,-2.4849066497880004,0.0,0.0,1.0,1.0,2.4251708638491065,0.40008041017806323,4.215150031514079,3,0.07357727726390348,5,0.0,0.2631578947368421,0,0.4904650910400274
omnimath-145,omnimath,unknown,1,1,1,5,0.25,3.0,-0.9858439805221494,-0.9858439805221495,-2.4849066497880004,0.7985076962177716,-2.4849066497880004,1.1349799328389847,2.4849066497880004,1.1349799328389847,3.619886582626985,2.4849066497880004,0.0,0.0,1.0,2.4251708638491065,0.40008041017806323,4.215150031514079,3,0.07357727726390348,5,0.0,0.2631578947368421,0,0.8306224413692487
omnimath-145,omnimath,unknown,1,2,0,5,0.5,2.0,0.14913595231683524,0.14913595231683519,-1.349926716949016,-0.336472236621213,1.1349799328389847,-0.6241543090729942,1.1349799328389847,0.6241543090729942,-1.7591342419119789,1.349926716949016,1.1349799328389847,0.0,0.0,2.4251708638491065,0.40008041017806323,4.215150031514079,3,0.07357727726390348,5,0.0,0.2631578947368421,0,0.72224944336864
omnimath-145,omnimath,unknown,1,3,0,5,0.75,1.0,-0.4750183567561589,-0.47501835675615894,-1.9740810260220099,0.2876820724517811,-0.6241543090729942,0.2876820724517811,0.6241543090729942,0.2876820724517811,0.9118363815247753,1.9740810260220099,0.5108256237659905,0.0,0.0,2.4251708638491065,0.40008041017806323,4.215150031514079,3,0.07357727726390348,5,0.0,0.2631578947368421,0,0.523752309523321
omnimath-145,omnimath,unknown,1,4,0,5,1.0,0.0,-0.18733628430437776,-0.18733628430437782,-1.6863989535702288,0.0,0.2876820724517811,0.0,0.2876820724517811,0.0,-0.2876820724517811,1.6863989535702288,0.7985076962177716,0.0,0.0,2.4251708638491065,0.40008041017806323,4.215150031514079,3,0.07357727726390348,5,0.0,0.2631578947368421,0,0.3364231940619348
omnimath-146,omnimath,unknown,5,0,0,10,0.0,9.0,0.2688766733966429,0.2688766733966429,0.0,0.4643056081310978,0.0,-0.4519851237430572,0.0,0.4519851237430572,-0.4519851237430572,0.0,0.0,1.0,1.0,1.6042313029884756,0.08111671678647639,5.723920130462009,7,0.2843617279789364,10,0.21052631578947367,0.6842105263157895,4,0.42618286114159254
omnimath-146,omnimath,unknown,5,1,0,10,0.1111111111111111,8.0,-0.18310845034641432,-0.1831084503464143,-0.4519851237430572,0.916290731874155,-0.4519851237430572,1.2390641241372058,0.4519851237430572,1.2390641241372058,1.691049247880263,0.4519851237430572,0.0,0.0,1.0,1.6042313029884756,0.08111671678647639,5.723920130462009,7,0.2843617279789364,10,0.21052631578947367,0.6842105263157895,4,0.6678316120639832
omnimath-146,omnimath,unknown,5,2,0,10,0.2222222222222222,7.0,1.0559556737907916,1.0559556737907916,0.7870790003941487,-0.3227733922630509,1.2390641241372058,-0.7282385003712153,1.2390641241372058,0.7282385003712153,-1.967302624508421,0.0,1.2390641241372058,1.0,0.0,1.6042313029884756,0.08111671678647639,5.723920130462009,7,0.2843617279789364,10,0.21052631578947367,0.6842105263157895,4,0.4044920093696827
omnimath-146,omnimath,unknown,5,3,0,10,0.3333333333333333,6.0,0.3277171734195763,0.3277171734195763,0.058840500022933395,0.4054651081081644,-0.7282385003712153,-0.8472978603872034,0.7282385003712153,0.8472978603872034,-0.11905936001598816,0.7282385003712153,0.5108256237659906,0.0,0.0,1.6042313029884756,0.08111671678647639,5.723920130462009,7,0.2843617279789364,10,0.21052631578947367,0.6842105263157895,4,0.6000758706416109
omnimath-146,omnimath,unknown,5,4,0,10,0.4444444444444444,5.0,-0.5195806869676272,-0.5195806869676272,-0.78845736036427,1.2527629684953678,-0.8472978603872034,0.6592456288842639,0.8472978603872034,0.6592456288842639,1.5065434892714673,1.5755363607584187,0.0,0.0,1.0,1.6042313029884756,0.08111671678647639,5.723920130462009,7,0.2843617279789364,10,0.21052631578947367,0.6842105263157895,4,0.41520133501926626
omnimath-146,omnimath,unknown,5,5,1,10,0.5555555555555556,4.0,0.13966494191663673,0.13966494191663675,-0.12921173148000617,0.593517339611104,0.6592456288842639,-0.8823891801984736,0.6592456288842639,0.8823891801984736,-1.5416348090827374,0.9162907318741549,0.6592456288842639,0.0,0.0,1.6042313029884756,0.08111671678647639,5.723920130462009,7,0.2843617279789364,10,0.21052631578947367,0.6842105263157895,4,0.43922471668091106
omnimath-146,omnimath,unknown,5,6,0,10,0.6666666666666666,3.0,-0.7427242382818369,-0.7427242382818369,-1.0116009116784799,1.4759065198095775,-0.8823891801984736,0.4054651081081641,0.8823891801984736,0.4054651081081641,1.2878542883066377,1.7986799120726285,0.0,0.0,1.0,1.6042313029884756,0.08111671678647639,5.723920130462009,7,0.2843617279789364,10,0.21052631578947367,0.6842105263157895,4,0.30553093528793607
omnimath-146,omnimath,unknown,5,7,0,10,0.7777777777777778,2.0,-0.33725913017367276,-0.33725913017367276,-0.6061358035703157,1.0704414117014134,0.4054651081081641,-0.40546510810816455,0.4054651081081641,0.40546510810816455,-0.8109302162163287,1.3932148039644643,0.4054651081081641,0.0,0.0,1.6042313029884756,0.08111671678647639,5.723920130462009,7,0.2843617279789364,10,0.21052631578947367,0.6842105263157895,4,0.2926589208041855
omnimath-146,omnimath,unknown,5,8,0,10,0.8888888888888888,1.0,-0.7427242382818373,-0.7427242382818373,-1.0116009116784803,1.475906519809578,-0.40546510810816455,1.475906519809578,0.40546510810816455,1.475906519809578,1.8813716279177426,1.798679912072629,0.0,0.0,1.0,1.6042313029884756,0.08111671678647639,5.723920130462009,7,0.2843617279789364,10,0.21052631578947367,0.6842105263157895,4,0.20795321676460532
omnimath-146,omnimath,unknown,5,9,0,10,1.0,0.0,0.7331822815277407,0.7331822815277407,0.4643056081310978,0.0,1.475906519809578,0.0,1.475906519809578,0.0,-1.475906519809578,0.3227733922630509,1.475906519809578,0.0,0.0,1.6042313029884756,0.08111671678647639,5.723920130462009,7,0.2843617279789364,10,0.21052631578947367,0.6842105263157895,4,0.12079678441790345
omnimath-147,omnimath,unknown,2,0,0,6,0.0,5.0,0.8203064290763779,0.8203064290763779,0.0,-1.1604151632975668,0.0,-1.125350692607661,0.0,1.125350692607661,-1.125350692607661,0.0,0.0,1.0,1.0,1.8400666476186764,0.231818764252851,5.005699892489594,4,0.12238698103058487,6,0.7894736842105263,0.5789473684210527,2,0.4632849751604452
omnimath-147,omnimath,unknown,2,1,0,6,0.2,4.0,-0.3050442635312832,-0.3050442635312832,-1.125350692607661,-0.0350644706899057,-1.125350692607661,0.10459590817129341,1.125350692607661,0.10459590817129341,1.2299466007789546,1.125350692607661,0.0,0.0,1.0,1.8400666476186764,0.231818764252851,5.005699892489594,4,0.12238698103058487,6,0.7894736842105263,0.5789473684210527,2,0.6501993007468221
omnimath-147,omnimath,unknown,2,2,1,6,0.4,3.0,-0.2004483553599898,-0.20044835535998978,-1.0207547844363676,-0.1396603788611991,0.10459590817129341,-0.8026416729160506,0.10459590817129341,0.8026416729160506,-0.907237581087344,1.0207547844363676,0.10459590817129341,0.0,0.0,1.8400666476186764,0.231818764252851,5.005699892489594,4,0.12238698103058487,6,0.7894736842105263,0.5789473684210527,2,0.6529840866001098
omnimath-147,omnimath,unknown,2,3,0,6,0.6,2.0,-1.0030900282760404,-1.0030900282760404,-1.8233964573524184,0.6629812940548515,-0.8026416729160506,2.0314749805881647,0.8026416729160506,2.0314749805881647,2.834116653504215,1.8233964573524184,0.0,0.0,1.0,1.8400666476186764,0.231818764252851,5.005699892489594,4,0.12238698103058487,6,0.7894736842105263,0.5789473684210527,2,0.7277883442369586
omnimath-147,omnimath,unknown,2,4,0,6,0.8,1.0,1.0283849523121245,1.0283849523121245,0.2080785232357466,-1.3684936865333133,2.0314749805881647,-1.3684936865333133,2.0314749805881647,1.3684936865333133,-3.399968667121478,0.0,2.0314749805881647,1.0,0.0,1.8400666476186764,0.231818764252851,5.005699892489594,4,0.12238698103058487,6,0.7894736842105263,0.5789473684210527,2,0.4215739047022329
omnimath-147,omnimath,unknown,2,5,0,6,1.0,0.0,-0.3401087342211889,-0.3401087342211889,-1.1604151632975668,0.0,-1.3684936865333133,0.0,1.3684936865333133,0.0,1.3684936865333133,1.3684936865333133,0.6629812940548515,0.0,0.0,1.8400666476186764,0.231818764252851,5.005699892489594,4,0.12238698103058487,6,0.7894736842105263,0.5789473684210527,2,0.31540462366870053
omnimath-148,omnimath,unknown,6,0,0,11,0.0,10.0,0.38068598633190626,0.38068598633190626,0.0,-0.07677884651105854,0.0,-0.5898669142061603,0.0,0.5898669142061603,-0.5898669142061603,0.0,0.0,1.0,1.0,1.2327470519661712,0.016603316550046314,4.624307817033361,7,0.2519545415215051,11,0.42105263157894735,0.8947368421052632,4,0.44093037020866355
omnimath-148,omnimath,unknown,6,1,0,11,0.1,9.0,-0.20918092787425407,-0.20918092787425405,-0.5898669142061603,0.5130880676951017,-0.5898669142061603,0.2084388763534618,0.5898669142061603,0.2084388763534618,0.7983057905596221,0.5898669142061603,0.0,0.0,1.0,1.2327470519661712,0.016603316550046314,4.624307817033361,7,0.2519545415215051,11,0.42105263157894735,0.8947368421052632,4,0.638433260085544
omnimath-148,omnimath,unknown,6,2,0,11,0.2,8.0,-0.0007420515207922779,-0.0007420515207922627,-0.3814280378526985,0.30464919134164,0.2084388763534618,-0.10772769193416548,0.2084388763534618,0.10772769193416548,-0.3161665682876273,0.3814280378526985,0.2084388763534618,0.0,0.0,1.2327470519661712,0.016603316550046314,4.624307817033361,7,0.2519545415215051,11,0.42105263157894735,0.8947368421052632,4,0.6495433445050378
omnimath-148,omnimath,unknown,6,3,0,11,0.3,7.0,-0.10846974345495776,-0.10846974345495775,-0.489155729786864,0.41237688327580546,-0.10772769193416548,0.8819772023108853,0.10772769193416548,0.8819772023108853,0.9897048942450508,0.489155729786864,0.10071118441929632,0.0,0.0,1.2327470519661712,0.016603316550046314,4.624307817033361,7,0.2519545415215051,11,0.42105263157894735,0.8947368421052632,4,0.6515466001884406
omnimath-148,omnimath,unknown,6,4,0,11,0.4,6.0,0.7735074588559275,0.7735074588559275,0.3928214725240213,-0.4696003190350798,0.8819772023108853,-0.39302559951618504,0.8819772023108853,0.39302559951618504,-1.2750028018270703,0.0,0.9826883867301817,1.0,0.0,1.2327470519661712,0.016603316550046314,4.624307817033361,7,0.2519545415215051,11,0.42105263157894735,0.8947368421052632,4,0.3274505950075895
omnimath-148,omnimath,unknown,6,5,0,11,0.5,5.0,0.3804818593397425,0.3804818593397425,-0.00020412699216376673,-0.07657471951889477,-0.39302559951618504,-1.1503500850400652,0.39302559951618504,1.1503500850400652,-0.7573244855238801,0.39302559951618504,0.5896627872139966,0.0,0.0,1.2327470519661712,0.016603316550046314,4.624307817033361,7,0.2519545415215051,11,0.42105263157894735,0.8947368421052632,4,0.5573435179411357
omnimath-148,omnimath,unknown,6,6,1,11,0.6,4.0,-0.7698682257003228,-0.7698682257003228,-1.150554212032229,1.0737753655211706,-1.1503500850400652,0.8602012652231116,1.1503500850400652,0.8602012652231116,2.0105513502631767,1.5433756845562503,0.0,0.0,1.0,1.2327470519661712,0.016603316550046314,4.624307817033361,7,0.2519545415215051,11,0.42105263157894735,0.8947368421052632,4,0.48691607044500873
omnimath-148,omnimath,unknown,6,7,0,11,0.7,3.0,0.09033303952278886,0.09033303952278887,-0.2903529468091174,0.21357410029805884,0.8602012652231116,-0.3746934494414109,0.8602012652231116,0.3746934494414109,-1.2348947146645224,0.6831744193331387,0.8602012652231116,0.0,0.0,1.2327470519661712,0.016603316550046314,4.624307817033361,7,0.2519545415215051,11,0.42105263157894735,0.8947368421052632,4,0.37936169268448494
omnimath-148,omnimath,unknown,6,8,0,11,0.8,2.0,-0.28436040991862205,-0.28436040991862205,-0.6650463962505283,0.5882675497394698,-0.3746934494414109,-0.2719337154836419,0.3746934494414109,0.2719337154836419,0.102759733957769,1.0578678687745495,0.4855078157817007,0.0,0.0,1.2327470519661712,0.016603316550046314,4.624307817033361,7,0.2519545415215051,11,0.42105263157894735,0.8947368421052632,4,0.3539126339639062
omnimath-148,omnimath,unknown,6,9,0,11,0.9,1.0,-0.556294125402264,-0.556294125402264,-0.9369801117341703,0.8602012652231117,-0.2719337154836419,0.8602012652231117,0.2719337154836419,0.8602012652231117,1.1321349807067536,1.3298015842581914,0.2135741002980588,0.0,0.0,1.2327470519661712,0.016603316550046314,4.624307817033361,7,0.2519545415215051,11,0.42105263157894735,0.8947368421052632,4,0.3251425672329658
omnimath-148,omnimath,unknown,6,10,0,11,1.0,0.0,0.3039071398208477,0.3039071398208477,-0.07677884651105854,0.0,0.8602012652231117,0.0,0.8602012652231117,0.0,-0.8602012652231117,0.4696003190350798,1.0737753655211706,0.0,0.0,1.2327470519661712,0.016603316550046314,4.624307817033361,7,0.2519545415215051,11,0.42105263157894735,0.8947368421052632,4,0.16469146871850768
omnimath-149,omnimath,unknown,3,0,0,7,0.0,6.0,0.9405461172870266,0.9405461172870266,0.0,0.17120255854639388,0.0,-1.5647569410148017,0.0,1.5647569410148017,-1.5647569410148017,0.0,0.0,1.0,1.0,1.7359594995611956,0.03711938880008709,4.612213834350425,3,0.11029137186209151,7,1.0,0.21052631578947367,1,0.5016584475537145
omnimath-149,omnimath,unknown,3,1,0,7,0.16666666666666666,5.0,-0.624210823727775,-0.624210823727775,-1.5647569410148017,1.7359594995611956,-1.5647569410148017,0.0,1.5647569410148017,0.0,1.5647569410148017,1.5647569410148017,0.0,0.0,1.0,1.7359594995611956,0.03711938880008709,4.612213834350425,3,0.11029137186209151,7,1.0,0.21052631578947367,1,0.7504449615295566
omnimath-149,omnimath,unknown,3,2,0,7,0.3333333333333333,4.0,-0.624210823727775,-0.624210823727775,-1.5647569410148017,1.7359594995611956,0.0,0.8109302162163285,0.0,0.8109302162163285,0.8109302162163285,1.5647569410148017,0.0,0.0,1.0,1.7359594995611956,0.03711938880008709,4.612213834350425,3,0.11029137186209151,7,1.0,0.21052631578947367,1,0.663675535090872
omnimath-149,omnimath,unknown,3,3,1,7,0.5,3.0,0.18671939248855352,0.18671939248855352,-0.7538267247984731,0.925029283344867,0.8109302162163285,-0.8109302162163285,0.8109302162163285,0.8109302162163285,-1.621860432432657,0.7538267247984731,0.8109302162163285,0.0,0.0,1.7359594995611956,0.03711938880008709,4.612213834350425,3,0.11029137186209151,7,1.0,0.21052631578947367,1,0.6042219662838717
omnimath-149,omnimath,unknown,3,4,0,7,0.6666666666666666,2.0,-0.624210823727775,-0.624210823727775,-1.5647569410148017,1.7359594995611956,-0.8109302162163285,0.2578291093020995,0.8109302162163285,0.2578291093020995,1.068759325518428,1.5647569410148017,0.0,0.0,1.0,1.7359594995611956,0.03711938880008709,4.612213834350425,3,0.11029137186209151,7,1.0,0.21052631578947367,1,0.3751016033633559
omnimath-149,omnimath,unknown,3,5,0,7,0.8333333333333334,1.0,-0.3663817144256755,-0.3663817144256755,-1.3069278317127022,1.478130390259096,0.2578291093020995,1.478130390259096,0.2578291093020995,1.478130390259096,1.2203012809569966,1.3069278317127022,0.2578291093020995,0.0,0.0,1.7359594995611956,0.03711938880008709,4.612213834350425,3,0.11029137186209151,7,1.0,0.21052631578947367,1,0.3071271846868615
omnimath-149,omnimath,unknown,3,6,0,7,1.0,0.0,1.1117486758334205,1.1117486758334205,0.17120255854639388,0.0,1.478130390259096,0.0,1.478130390259096,0.0,-1.478130390259096,0.0,1.7359594995611956,1.0,0.0,1.7359594995611956,0.03711938880008709,4.612213834350425,3,0.11029137186209151,7,1.0,0.21052631578947367,1,0.056584107859415644
omnimath-150,omnimath,unknown,8,0,0,13,0.0,12.0,0.43016175343175883,0.43016175343175883,0.0,-0.3447792227754461,0.0,-0.27678103471796656,0.0,0.27678103471796656,-0.27678103471796656,0.0,0.0,1.0,1.0,1.114206262082774,0.0618085380448271,5.578181165284842,7,0.38039085681050744,13,0.42105263157894735,0.5263157894736842,3,0.2615210668967283
omnimath-150,omnimath,unknown,8,1,0,13,0.08333333333333333,11.0,0.15338071871379227,0.15338071871379227,-0.27678103471796656,-0.06799818805747954,-0.27678103471796656,-0.6385430465250936,0.27678103471796656,0.6385430465250936,-0.3617620118071271,0.27678103471796656,0.0,0.0,1.0,1.114206262082774,0.0618085380448271,5.578181165284842,7,0.38039085681050744,13,0.42105263157894735,0.5263157894736842,3,0.5306107001629953
omnimath-150,omnimath,unknown,8,2,0,13,0.16666666666666666,10.0,-0.4851623278113014,-0.4851623278113014,-0.9153240812430603,0.5705448584676142,-0.6385430465250936,0.6385430465250934,0.6385430465250936,0.6385430465250934,1.277086093050187,0.9153240812430603,0.0,0.0,1.0,1.114206262082774,0.0618085380448271,5.578181165284842,7,0.38039085681050744,13,0.42105263157894735,0.5263157894736842,3,0.6237721787294506
omnimath-150,omnimath,unknown,8,3,0,13,0.25,9.0,0.15338071871379205,0.15338071871379205,-0.2767810347179668,-0.06799818805747931,0.6385430465250934,-0.229117537200832,0.6385430465250934,0.229117537200832,-0.8676605837259255,0.2767810347179668,0.6385430465250934,0.0,0.0,1.114206262082774,0.0618085380448271,5.578181165284842,7,0.38039085681050744,13,0.42105263157894735,0.5263157894736842,3,0.5892198917332606
omnimath-150,omnimath,unknown,8,4,0,13,0.3333333333333333,8.0,-0.07573681848703995,-0.07573681848703996,-0.5058985719187987,0.16111934914335269,-0.229117537200832,0.8322511987340185,0.229117537200832,0.8322511987340185,1.0613687359348505,0.5058985719187987,0.40942550932426147,0.0,0.0,1.114206262082774,0.0618085380448271,5.578181165284842,7,0.38039085681050744,13,0.42105263157894735,0.5263157894736842,3,0.5849635305063325
omnimath-150,omnimath,unknown,8,5,0,13,0.4166666666666667,7.0,0.7565143802469786,0.7565143802469786,0.32635262681521976,-0.6711318495906659,0.8322511987340185,-1.2416767080582798,0.8322511987340185,1.2416767080582798,-2.0739279067922984,0.0,1.24167670805828,1.0,0.0,1.114206262082774,0.0618085380448271,5.578181165284842,7,0.38039085681050744,13,0.42105263157894735,0.5263157894736842,3,0.41705856819940823
omnimath-150,omnimath,unknown,8,6,0,13,0.5,6.0,-0.4851623278113012,-0.4851623278113012,-0.9153240812430601,0.5705448584676139,-1.2416767080582798,0.19671029424605435,1.2416767080582798,0.19671029424605435,1.4383870023043341,1.2416767080582798,2.220446049250313e-16,0.0,1.0,1.114206262082774,0.0618085380448271,5.578181165284842,7,0.38039085681050744,13,0.42105263157894735,0.5263157894736842,3,0.35304511741671646
omnimath-150,omnimath,unknown,8,7,0,13,0.5833333333333334,5.0,-0.28845203356524685,-0.28845203356524685,-0.7186137869970057,0.3738345642215596,0.19671029424605435,0.21271521507820715,0.19671029424605435,0.21271521507820715,0.016004920832152797,1.0449664138122254,0.19671029424605457,0.0,0.0,1.114206262082774,0.0618085380448271,5.578181165284842,7,0.38039085681050744,13,0.42105263157894735,0.5263157894736842,3,0.32457181320835626
omnimath-150,omnimath,unknown,8,8,1,13,0.6666666666666666,4.0,-0.0757368184870397,-0.07573681848703971,-0.5058985719187985,0.16111934914335244,0.21271521507820715,-1.3877787807814457e-16,0.21271521507820715,1.3877787807814457e-16,-0.2127152150782073,0.8322511987340183,0.4094255093242617,0.0,0.0,1.114206262082774,0.0618085380448271,5.578181165284842,7,0.38039085681050744,13,0.42105263157894735,0.5263157894736842,3,0.22702717060964245
omnimath-150,omnimath,unknown,8,9,0,13,0.75,3.0,-0.07573681848703984,-0.07573681848703985,-0.5058985719187987,0.16111934914335257,-1.3877787807814457e-16,0.6647764834307298,1.3877787807814457e-16,0.6647764834307298,0.6647764834307299,0.8322511987340184,0.4094255093242616,0.0,0.0,1.114206262082774,0.0618085380448271,5.578181165284842,7,0.38039085681050744,13,0.42105263157894735,0.5263157894736842,3,0.23671466405963243
omnimath-150,omnimath,unknown,8,10,0,13,0.8333333333333334,2.0,0.58903966494369,0.58903966494369,0.15887791151193115,-0.5036571342873772,0.6647764834307298,-1.2709122870010454,0.6647764834307298,1.2709122870010454,-1.9356887704317751,0.1674747153032886,1.0742019927549915,0.0,0.0,1.114206262082774,0.0618085380448271,5.578181165284842,7,0.38039085681050744,13,0.42105263157894735,0.5263157894736842,3,0.30404797472271133
omnimath-150,omnimath,unknown,8,11,0,13,0.9166666666666666,1.0,-0.6818726220573554,-0.6818726220573554,-1.1120343754891142,0.7672551527136682,-1.2709122870010454,0.7672551527136682,1.2709122870010454,0.7672551527136682,2.0381674397147136,1.4383870023043341,0.0,0.0,1.0,1.114206262082774,0.0618085380448271,5.578181165284842,7,0.38039085681050744,13,0.42105263157894735,0.5263157894736842,3,0.21250791067417585
omnimath-150,omnimath,unknown,8,12,0,13,1.0,0.0,0.08538253065631274,0.08538253065631272,-0.3447792227754461,0.0,0.7672551527136682,0.0,0.7672551527136682,0.0,-0.7672551527136682,0.6711318495906659,0.7672551527136682,0.0,0.0,1.114206262082774,0.0618085380448271,5.578181165284842,7,0.38039085681050744,13,0.42105263157894735,0.5263157894736842,3,0.12157836178527974
omnimath-151,omnimath,unknown,1,0,0,5,0.0,4.0,0.21249464841044727,0.21249464841044727,0.0,1.2809338454620642,0.0,-0.916290731874155,0.0,0.916290731874155,-0.916290731874155,0.0,0.0,1.0,1.0,2.1758843084884214,0.3412435381132576,3.753723374644318,3,0.055384511598164175,5,1.0,0.2631578947368421,2,0.6391863547146283
omnimath-151,omnimath,unknown,1,1,1,5,0.25,3.0,-0.7037960834637077,-0.7037960834637077,-0.916290731874155,2.197224577336219,-0.916290731874155,0.4054651081081643,0.916290731874155,0.4054651081081643,1.3217558399823193,0.916290731874155,0.0,0.0,1.0,2.1758843084884214,0.3412435381132576,3.753723374644318,3,0.055384511598164175,5,1.0,0.2631578947368421,2,0.7694453031207451
omnimath-151,omnimath,unknown,1,2,0,5,0.5,2.0,-0.2983309753555434,-0.2983309753555434,-0.5108256237659907,1.791759469228055,0.4054651081081643,-0.4054651081081643,0.4054651081081643,0.4054651081081643,-0.8109302162163285,0.5108256237659907,0.4054651081081643,0.0,0.0,2.1758843084884214,0.3412435381132576,3.753723374644318,3,0.055384511598164175,5,1.0,0.2631578947368421,2,0.6666003304165178
omnimath-151,omnimath,unknown,1,3,0,5,0.75,1.0,-0.7037960834637077,-0.7037960834637077,-0.916290731874155,2.197224577336219,-0.4054651081081643,2.197224577336219,0.4054651081081643,2.197224577336219,2.6026896854443833,0.916290731874155,0.0,0.0,1.0,2.1758843084884214,0.3412435381132576,3.753723374644318,3,0.055384511598164175,5,1.0,0.2631578947368421,2,0.6169362263007292
omnimath-151,omnimath,unknown,1,4,0,5,1.0,0.0,1.4934284938725115,1.4934284938725115,1.2809338454620642,0.0,2.197224577336219,0.0,2.197224577336219,0.0,-2.197224577336219,0.0,2.197224577336219,1.0,0.0,2.1758843084884214,0.3412435381132576,3.753723374644318,3,0.055384511598164175,5,1.0,0.2631578947368421,2,0.11392776446957113
omnimath-152,omnimath,unknown,2,0,0,5,0.0,4.0,1.1572582739115558,1.1572582739115558,0.0,-0.6418538861723946,0.0,-2.251291798606495,0.0,2.251291798606495,-2.251291798606495,0.0,0.0,1.0,1.0,2.2148103680507085,0.16945443360232745,3.7877668499290227,1,0.04543211973868909,5,0.0,0.2631578947368421,1,0.641673468802548
omnimath-152,omnimath,unknown,2,1,0,5,0.25,3.0,-1.0940335246949393,-1.0940335246949393,-2.251291798606495,1.6094379124341005,-2.251291798606495,0.6931471805599456,2.251291798606495,0.6931471805599456,2.9444389791664403,2.251291798606495,0.0,0.0,1.0,2.2148103680507085,0.16945443360232745,3.7877668499290227,1,0.04543211973868909,5,0.0,0.2631578947368421,1,0.8776747004053614
omnimath-152,omnimath,unknown,2,2,1,5,0.5,2.0,-0.40088634413499374,-0.40088634413499374,-1.5581446180465495,0.9162907318741549,0.6931471805599456,0.2231435513142097,0.6931471805599456,0.2231435513142097,-0.4700036292457359,1.5581446180465495,0.6931471805599456,0.0,0.0,2.2148103680507085,0.16945443360232745,3.7877668499290227,1,0.04543211973868909,5,0.0,0.2631578947368421,1,0.6927232306774161
omnimath-152,omnimath,unknown,2,3,0,5,0.75,1.0,-0.17774279282078403,-0.177742792820784,-1.3350010667323398,0.6931471805599452,0.2231435513142097,0.6931471805599452,0.2231435513142097,0.6931471805599452,0.47000362924573547,1.3350010667323398,0.9162907318741553,0.0,0.0,2.2148103680507085,0.16945443360232745,3.7877668499290227,1,0.04543211973868909,5,0.0,0.2631578947368421,1,0.494606134283672
omnimath-152,omnimath,unknown,2,4,0,5,1.0,0.0,0.5154043877391612,0.5154043877391612,-0.6418538861723946,0.0,0.6931471805599452,0.0,0.6931471805599452,0.0,-0.6931471805599452,0.6418538861723946,1.6094379124341005,0.0,0.0,2.2148103680507085,0.16945443360232745,3.7877668499290227,1,0.04543211973868909,5,0.0,0.2631578947368421,1,0.24197092879875115
omnimath-153,omnimath,unknown,1,0,0,10,0.0,9.0,0.9887184173286575,0.9887184173286575,0.0,-1.000172215854857,0.0,-1.0647107369924282,0.0,1.0647107369924282,-1.0647107369924282,0.0,0.0,1.0,1.0,1.5301128756344538,0.24677546753188284,4.052964526247476,6,0.19093690286308682,10,0.0,0.6842105263157895,3,0.34230607773816113
omnimath-153,omnimath,unknown,1,1,1,10,0.1111111111111111,8.0,-0.07599231966377071,-0.0759923196637707,-1.0647107369924282,0.06453852113757119,-1.0647107369924282,0.4054651081081643,1.0647107369924282,0.4054651081081643,1.4701758451005924,1.0647107369924282,0.0,0.0,1.0,1.5301128756344538,0.24677546753188284,4.052964526247476,6,0.19093690286308682,10,0.0,0.6842105263157895,3,0.6441289432219391
omnimath-153,omnimath,unknown,1,2,0,10,0.2222222222222222,7.0,0.32947278844439354,0.32947278844439354,-0.659245628884264,-0.3409265869705931,0.4054651081081643,-0.9162907318741551,0.4054651081081643,0.9162907318741551,-1.3217558399823193,0.659245628884264,0.4054651081081643,0.0,0.0,1.5301128756344538,0.24677546753188284,4.052964526247476,6,0.19093690286308682,10,0.0,0.6842105263157895,3,0.7231220628138219
omnimath-153,omnimath,unknown,1,3,0,10,0.3333333333333333,6.0,-0.5868179434297616,-0.5868179434297616,-1.5755363607584192,0.575364144903562,-0.9162907318741551,0.5108256237659909,0.9162907318741551,0.5108256237659909,1.427116355640146,1.5755363607584192,0.0,0.0,1.0,1.5301128756344538,0.24677546753188284,4.052964526247476,6,0.19093690286308682,10,0.0,0.6842105263157895,3,0.6187569136505885
omnimath-153,omnimath,unknown,1,4,0,10,0.4444444444444444,5.0,-0.07599231966377057,-0.07599231966377056,-1.064710736992428,0.06453852113757105,0.5108256237659909,0.28768207245178085,0.5108256237659909,0.28768207245178085,-0.2231435513142101,1.064710736992428,0.5108256237659909,0.0,0.0,1.5301128756344538,0.24677546753188284,4.052964526247476,6,0.19093690286308682,10,0.0,0.6842105263157895,3,0.5608250598076737
omnimath-153,omnimath,unknown,1,5,0,10,0.5555555555555556,4.0,0.21168975278801028,0.2116897527880103,-0.7770286645406472,-0.2231435513142098,0.28768207245178085,-0.7985076962177716,0.28768207245178085,0.7985076962177716,-1.0861897686695525,0.7770286645406472,0.7985076962177718,0.0,0.0,1.5301128756344538,0.24677546753188284,4.052964526247476,6,0.19093690286308682,10,0.0,0.6842105263157895,3,0.5393809061197168
omnimath-153,omnimath,unknown,1,6,0,10,0.6666666666666666,3.0,-0.5868179434297613,-0.5868179434297613,-1.5755363607584187,0.5753641449035618,-0.7985076962177716,0.2876820724517808,0.7985076962177716,0.2876820724517808,1.0861897686695525,1.5755363607584187,2.220446049250313e-16,0.0,1.0,1.5301128756344538,0.24677546753188284,4.052964526247476,6,0.19093690286308682,10,0.0,0.6842105263157895,3,0.34517403348183145
omnimath-153,omnimath,unknown,1,7,0,10,0.7777777777777778,2.0,-0.29913587097798056,-0.29913587097798056,-1.287854288306638,0.287682072451781,0.2876820724517808,0.4054651081081633,0.2876820724517808,0.4054651081081633,0.11778303565638248,1.287854288306638,0.287682072451781,0.0,0.0,1.5301128756344538,0.24677546753188284,4.052964526247476,6,0.19093690286308682,10,0.0,0.6842105263157895,3,0.35274619003408514
omnimath-153,omnimath,unknown,1,8,0,10,0.8888888888888888,1.0,0.10632923713018275,0.10632923713018276,-0.8823891801984748,-0.11778303565638226,0.4054651081081633,-0.11778303565638226,0.4054651081081633,0.11778303565638226,-0.5232481437645455,0.8823891801984748,0.6931471805599443,0.0,0.0,1.5301128756344538,0.24677546753188284,4.052964526247476,6,0.19093690286308682,10,0.0,0.6842105263157895,3,0.2243083157897704
omnimath-153,omnimath,unknown,1,9,0,10,1.0,0.0,-0.011453798526199516,-0.011453798526199498,-1.000172215854857,0.0,-0.11778303565638226,0.0,0.11778303565638226,0.0,0.11778303565638226,1.000172215854857,0.575364144903562,0.0,0.0,1.5301128756344538,0.24677546753188284,4.052964526247476,6,0.19093690286308682,10,0.0,0.6842105263157895,3,0.1504282526952793
omnimath-154,omnimath,unknown,2,0,0,10,0.0,9.0,0.7047554676664003,0.7047554676664003,0.0,-0.6061358035703155,0.0,-0.7884573603642702,0.0,0.7884573603642702,-0.7884573603642702,0.0,0.0,1.0,1.0,1.299282984130261,0.13630479690699568,4.446914689171928,5,0.22804599699314132,10,0.0,0.7368421052631579,2,0.43294426706569694
omnimath-154,omnimath,unknown,2,1,0,10,0.1111111111111111,8.0,-0.0837018926978699,-0.08370189269786991,-0.7884573603642702,0.18232155679395468,-0.7884573603642702,0.5877866649021188,0.7884573603642702,0.5877866649021188,1.376244025266389,0.7884573603642702,0.0,0.0,1.0,1.299282984130261,0.13630479690699568,4.446914689171928,5,0.22804599699314132,10,0.0,0.7368421052631579,2,0.6608235681856792
omnimath-154,omnimath,unknown,2,2,1,10,0.2222222222222222,7.0,0.504084772204249,0.504084772204249,-0.20067069546215133,-0.40546510810816416,0.5877866649021188,-1.0986122886681096,0.5877866649021188,1.0986122886681096,-1.6863989535702284,0.20067069546215133,0.5877866649021188,0.0,0.0,1.299282984130261,0.13630479690699568,4.446914689171928,5,0.22804599699314132,10,0.0,0.7368421052631579,2,0.6998363867697613
omnimath-154,omnimath,unknown,2,3,0,10,0.3333333333333333,6.0,-0.5945275164638607,-0.5945275164638607,-1.299282984130261,0.6931471805599455,-1.0986122886681096,0.916290731874155,1.0986122886681096,0.916290731874155,2.0149030205422647,1.299282984130261,0.0,0.0,1.0,1.299282984130261,0.13630479690699568,4.446914689171928,5,0.22804599699314132,10,0.0,0.7368421052631579,2,0.6784755138642565
omnimath-154,omnimath,unknown,2,4,0,10,0.4444444444444444,5.0,0.3217632154102943,0.3217632154102943,-0.382992252256106,-0.22314355131420952,0.916290731874155,-1.6653345369377348e-16,0.916290731874155,1.6653345369377348e-16,-0.9162907318741551,0.382992252256106,0.916290731874155,0.0,0.0,1.299282984130261,0.13630479690699568,4.446914689171928,5,0.22804599699314132,10,0.0,0.7368421052631579,2,0.48782833153819166
omnimath-154,omnimath,unknown,2,5,0,10,0.5555555555555556,4.0,0.3217632154102941,0.3217632154102941,-0.38299225225610617,-0.22314355131420935,-1.6653345369377348e-16,-0.9162907318741549,1.6653345369377348e-16,0.9162907318741549,-0.9162907318741547,0.38299225225610617,0.9162907318741549,0.0,0.0,1.299282984130261,0.13630479690699568,4.446914689171928,5,0.22804599699314132,10,0.0,0.7368421052631579,2,0.5212791512963879
omnimath-154,omnimath,unknown,2,6,0,10,0.6666666666666666,3.0,-0.5945275164638607,-0.5945275164638607,-1.299282984130261,0.6931471805599455,-0.9162907318741549,-1.1102230246251565e-16,0.9162907318741549,1.1102230246251565e-16,0.9162907318741548,1.299282984130261,0.0,0.0,1.0,1.299282984130261,0.13630479690699568,4.446914689171928,5,0.22804599699314132,10,0.0,0.7368421052631579,2,0.35391254439733877
omnimath-154,omnimath,unknown,2,7,0,10,0.7777777777777778,2.0,-0.5945275164638608,-0.5945275164638608,-1.299282984130261,0.6931471805599456,-1.1102230246251565e-16,0.5108256237659907,1.1102230246251565e-16,0.5108256237659907,0.5108256237659908,1.299282984130261,0.0,0.0,1.0,1.299282984130261,0.13630479690699568,4.446914689171928,5,0.22804599699314132,10,0.0,0.7368421052631579,2,0.29138394415033797
omnimath-154,omnimath,unknown,2,8,0,10,0.8888888888888888,1.0,-0.08370189269787004,-0.08370189269787005,-0.7884573603642704,0.18232155679395481,0.5108256237659907,0.18232155679395481,0.5108256237659907,0.18232155679395481,-0.32850406697203594,0.7884573603642704,0.5108256237659907,0.0,0.0,1.299282984130261,0.13630479690699568,4.446914689171928,5,0.22804599699314132,10,0.0,0.7368421052631579,2,0.22915001972500515
omnimath-154,omnimath,unknown,2,9,0,10,1.0,0.0,0.09861966409608477,0.09861966409608476,-0.6061358035703155,0.0,0.18232155679395481,0.0,0.18232155679395481,0.0,-0.18232155679395481,0.6061358035703155,0.6931471805599456,0.0,0.0,1.299282984130261,0.13630479690699568,4.446914689171928,5,0.22804599699314132,10,0.0,0.7368421052631579,2,0.15012055233587693
omnimath-155,omnimath,unknown,1,0,0,9,0.0,8.0,-0.35330663692943515,-0.3533066369294351,0.0,0.15623674791681463,0.0,-0.458146327770563,0.0,0.458146327770563,-0.458146327770563,0.0,0.0,1.0,1.0,1.6894012077581133,0.02874168519445328,5.435893784925526,6,0.25317717940460627,9,0.3684210526315789,0.10526315789473684,4,0.5672240088105348
omnimath-155,omnimath,unknown,1,1,1,9,0.125,7.0,-0.8114529646999982,-0.8114529646999982,-0.458146327770563,0.6143830756873776,-0.458146327770563,1.1033393831501601,0.458146327770563,1.1033393831501601,1.5614857109207232,0.458146327770563,0.0,0.0,1.0,1.6894012077581133,0.02874168519445328,5.435893784925526,6,0.25317717940460627,9,0.3684210526315789,0.10526315789473684,4,0.7673837207485261
omnimath-155,omnimath,unknown,1,2,0,9,0.25,6.0,0.29188641845016206,0.29188641845016206,0.6451930553795973,-0.48895630746278257,1.1033393831501601,0.6949785361590445,1.1033393831501601,0.6949785361590445,-0.40836084699111563,0.0,1.1033393831501601,1.0,0.0,1.6894012077581133,0.02874168519445328,5.435893784925526,6,0.25317717940460627,9,0.3684210526315789,0.10526315789473684,4,0.5041600935329621
omnimath-155,omnimath,unknown,1,3,0,9,0.375,5.0,0.9868649546092065,0.9868649546092065,1.3401715915386416,-1.183934843621827,0.6949785361590445,-1.6090759196706763,0.6949785361590445,1.6090759196706763,-2.304054455829721,0.0,1.7983179193092047,1.0,0.0,1.6894012077581133,0.02874168519445328,5.435893784925526,6,0.25317717940460627,9,0.3684210526315789,0.10526315789473684,4,0.43762072051353434
omnimath-155,omnimath,unknown,1,4,0,9,0.5,4.0,-0.6222109650614698,-0.6222109650614698,-0.26890432813203463,0.42514107604884926,-1.6090759196706763,1.4226981338266447,1.6090759196706763,1.4226981338266447,3.0317740534973208,1.6090759196706763,0.1892419996385284,0.0,0.0,1.6894012077581133,0.02874168519445328,5.435893784925526,6,0.25317717940460627,9,0.3684210526315789,0.10526315789473684,4,0.6759400168894322
omnimath-155,omnimath,unknown,1,5,0,9,0.625,3.0,0.8004871687651749,0.8004871687651749,1.15379380569461,-0.9975570577777955,1.4226981338266447,-0.8837016330939578,1.4226981338266447,0.8837016330939578,-2.3063997669206024,0.18637778584403164,1.611940133465173,0.0,0.0,1.6894012077581133,0.02874168519445328,5.435893784925526,6,0.25317717940460627,9,0.3684210526315789,0.10526315789473684,4,0.33357338693113653
omnimath-155,omnimath,unknown,1,6,0,9,0.75,2.0,-0.08321446432878282,-0.0832144643287828,0.2700921726006523,-0.11385542468383769,-0.8837016330939578,0.07123084253654557,0.8837016330939578,0.07123084253654557,0.9549324756305033,1.0700794189379894,0.7282385003712153,0.0,0.0,1.6894012077581133,0.02874168519445328,5.435893784925526,6,0.25317717940460627,9,0.3684210526315789,0.10526315789473684,4,0.2831124826220488
omnimath-155,omnimath,unknown,1,7,0,9,0.875,1.0,-0.011983621792237248,-0.01198362179223722,0.34132301513719787,-0.18508626722038327,0.07123084253654557,-0.18508626722038327,0.07123084253654557,0.18508626722038327,-0.25631710975692884,0.9988485764014438,0.799469342907761,0.0,0.0,1.6894012077581133,0.02874168519445328,5.435893784925526,6,0.25317717940460627,9,0.3684210526315789,0.10526315789473684,4,0.16075878634816584
omnimath-155,omnimath,unknown,1,8,0,9,1.0,0.0,-0.1970698890126205,-0.19706988901262049,0.15623674791681463,0.0,-0.18508626722038327,0.0,0.18508626722038327,0.0,0.18508626722038327,1.183934843621827,0.6143830756873776,0.0,0.0,1.6894012077581133,0.02874168519445328,5.435893784925526,6,0.25317717940460627,9,0.3684210526315789,0.10526315789473684,4,0.12399441179901302
omnimath-156,omnimath,unknown,0,0,1,9,0.0,8.0,0.008691119848291545,0.008691119848291538,0.0,-0.2689043281320348,0.0,-0.415221283053529,0.0,0.415221283053529,-0.415221283053529,0.0,0.0,1.0,1.0,1.760875863304975,0.03972525910069486,6.769101932108762,6,0.33822242376782047,9,0.631578947368421,0.7368421052631579,4,0.4976205345353007
omnimath-156,omnimath,unknown,0,1,0,9,0.125,7.0,-0.4065301632052375,-0.4065301632052375,-0.415221283053529,0.14631695492149427,-0.415221283053529,1.071657399381059,0.415221283053529,1.071657399381059,1.4868786824345879,0.415221283053529,0.0,0.0,1.0,1.760875863304975,0.03972525910069486,6.769101932108762,6,0.33822242376782047,9,0.631578947368421,0.7368421052631579,4,0.7044182001314152
omnimath-156,omnimath,unknown,0,2,0,9,0.25,6.0,0.6651272361758216,0.6651272361758216,0.6564361163275301,-0.9253404444595648,1.071657399381059,-1.0716573993810594,1.071657399381059,1.0716573993810594,-2.1433147987621184,0.0,1.071657399381059,1.0,0.0,1.760875863304975,0.03972525910069486,6.769101932108762,6,0.33822242376782047,9,0.631578947368421,0.7368421052631579,4,0.53375191090662
omnimath-156,omnimath,unknown,0,3,0,9,0.375,5.0,-0.40653016320523794,-0.40653016320523794,-0.41522128305352946,0.1463169549214947,-1.0716573993810594,0.3511644328856204,1.0716573993810594,0.3511644328856204,1.42282183226668,1.0716573993810594,0.0,0.0,1.0,1.760875863304975,0.03972525910069486,6.769101932108762,6,0.33822242376782047,9,0.631578947368421,0.7368421052631579,4,0.48154539246775646
omnimath-156,omnimath,unknown,0,4,0,9,0.5,4.0,-0.055365730319617584,-0.05536573031961759,-0.06405685016790913,-0.20484747796412564,0.3511644328856204,1.1579541093393166,0.3511644328856204,1.1579541093393166,0.8067896764536963,0.7204929664954391,0.3511644328856204,0.0,0.0,1.760875863304975,0.03972525910069486,6.769101932108762,6,0.33822242376782047,9,0.631578947368421,0.7368421052631579,4,0.4736734589677467
omnimath-156,omnimath,unknown,0,5,0,9,0.625,3.0,1.102588379019699,1.102588379019699,1.0938972591714076,-1.3628015873034423,1.1579541093393166,-2.0910400876746578,1.1579541093393166,2.0910400876746578,-3.2489941970139746,0.0,1.509118542224937,1.0,0.0,1.760875863304975,0.03972525910069486,6.769101932108762,6,0.33822242376782047,9,0.631578947368421,0.7368421052631579,4,0.33935584491621495
omnimath-156,omnimath,unknown,0,6,0,9,0.75,2.0,-0.9884517086549586,-0.9884517086549586,-0.9971428285032501,0.7282385003712153,-2.0910400876746578,1.329135947279941,2.0910400876746578,1.329135947279941,3.420176034954599,2.0910400876746578,0.0,0.0,1.0,1.760875863304975,0.03972525910069486,6.769101932108762,6,0.33822242376782047,9,0.631578947368421,0.7368421052631579,4,0.5031862784237209
omnimath-156,omnimath,unknown,0,7,0,9,0.875,1.0,0.34068423862498265,0.34068423862498265,0.33199311877669113,-0.6008974469087258,1.329135947279941,-0.6008974469087258,1.329135947279941,0.6008974469087258,-1.930033394188667,0.7619041403947164,1.329135947279941,0.0,0.0,1.760875863304975,0.03972525910069486,6.769101932108762,6,0.33822242376782047,9,0.631578947368421,0.7368421052631579,4,0.25068436542772116
omnimath-156,omnimath,unknown,0,8,0,9,1.0,0.0,-0.2602132082837432,-0.2602132082837432,-0.2689043281320348,0.0,-0.6008974469087258,0.0,0.6008974469087258,0.0,0.6008974469087258,1.3628015873034423,0.7282385003712153,0.0,0.0,1.760875863304975,0.03972525910069486,6.769101932108762,6,0.33822242376782047,9,0.631578947368421,0.7368421052631579,4,0.1952463943606417
omnimath-157,omnimath,unknown,5,0,0,11,0.0,10.0,0.7641800739176012,0.7641800739176012,0.0,-0.3936881607416931,0.0,-0.4696384343448056,0.0,0.4696384343448056,-0.4696384343448056,0.0,0.0,1.0,1.0,1.4812968530125885,0.09430012377493542,4.174842460242176,5,0.21149677278389112,11,0.0,0.7894736842105263,0,0.3326722939598566
omnimath-157,omnimath,unknown,5,1,0,11,0.1,9.0,0.2945416395727956,0.2945416395727956,-0.4696384343448056,0.07595027360311252,-0.4696384343448056,-0.19067591303320214,0.4696384343448056,0.19067591303320214,0.2789625213116035,0.4696384343448056,0.0,0.0,1.0,1.4812968530125885,0.09430012377493542,4.174842460242176,5,0.21149677278389112,11,0.0,0.7894736842105263,0,0.5418334984065357
omnimath-157,omnimath,unknown,5,2,0,11,0.2,8.0,0.10386572653959349,0.10386572653959349,-0.6603143473780078,0.26662618663631465,-0.19067591303320214,-0.35795617409478114,0.19067591303320214,0.35795617409478114,-0.167280261061579,0.6603143473780078,0.0,0.0,1.0,1.4812968530125885,0.09430012377493542,4.174842460242176,5,0.21149677278389112,11,0.0,0.7894736842105263,0,0.5519059911145929
omnimath-157,omnimath,unknown,5,3,0,11,0.3,7.0,-0.25409044755518767,-0.25409044755518767,-1.018270521472789,0.6245823607310959,-0.35795617409478114,1.0470043053588103,0.35795617409478114,1.0470043053588103,1.4049604794535915,1.018270521472789,0.0,0.0,1.0,1.4812968530125885,0.09430012377493542,4.174842460242176,5,0.21149677278389112,11,0.0,0.7894736842105263,0,0.5870321159951856
omnimath-157,omnimath,unknown,5,4,0,11,0.4,6.0,0.7929138578036226,0.7929138578036226,0.028733783886021325,-0.42242194462771443,1.0470043053588103,-1.1430473543787874,1.0470043053588103,1.1430473543787874,-2.1900516597375974,0.0,1.0470043053588103,1.0,0.0,1.4812968530125885,0.09430012377493542,4.174842460242176,5,0.21149677278389112,11,0.0,0.7894736842105263,0,0.46037862446414135
omnimath-157,omnimath,unknown,5,5,1,11,0.5,5.0,-0.3501334965751649,-0.3501334965751649,-1.114313570492766,0.720625409751073,-1.1430473543787874,0.24412015264687897,1.1430473543787874,0.24412015264687897,1.3871675070256664,1.1430473543787874,0.0,0.0,1.0,1.4812968530125885,0.09430012377493542,4.174842460242176,5,0.21149677278389112,11,0.0,0.7894736842105263,0,0.43774684817506
omnimath-157,omnimath,unknown,5,6,0,11,0.6,4.0,-0.10601334392828593,-0.10601334392828593,-0.8701934178458872,0.47650525710419406,0.24412015264687897,-0.42001081911054333,0.24412015264687897,0.42001081911054333,-0.6641309717574223,0.8989272017319085,0.24412015264687897,0.0,0.0,1.4812968530125885,0.09430012377493542,4.174842460242176,5,0.21149677278389112,11,0.0,0.7894736842105263,0,0.4352364735243827
omnimath-157,omnimath,unknown,5,7,0,11,0.7,3.0,-0.5260241630388293,-0.5260241630388293,-1.2902042369564306,0.8965160762147374,-0.42001081911054333,-0.2135741002980589,0.42001081911054333,0.2135741002980589,0.20643671881248443,1.318938020842452,0.0,0.0,1.0,1.4812968530125885,0.09430012377493542,4.174842460242176,5,0.21149677278389112,11,0.0,0.7894736842105263,0,0.36255364228359604
omnimath-157,omnimath,unknown,5,8,0,11,0.8,2.0,-0.7395982633368882,-0.7395982633368882,-1.5037783372544893,1.1100901765127964,-0.2135741002980589,0.3894647667617231,0.2135741002980589,0.3894647667617231,0.6030388670597819,1.5325121211405106,0.0,0.0,1.0,1.4812968530125885,0.09430012377493542,4.174842460242176,5,0.21149677278389112,11,0.0,0.7894736842105263,0,0.3379216872979324
omnimath-157,omnimath,unknown,5,9,0,11,0.9,1.0,-0.35013349657516507,-0.35013349657516507,-1.1143135704927662,0.7206254097510731,0.3894647667617231,0.7206254097510731,0.3894647667617231,0.7206254097510731,0.33116064298935005,1.1430473543787876,0.3894647667617231,0.0,0.0,1.4812968530125885,0.09430012377493542,4.174842460242176,5,0.21149677278389112,11,0.0,0.7894736842105263,0,0.31144875250150494
omnimath-157,omnimath,unknown,5,10,0,11,1.0,0.0,0.3704919131759081,0.3704919131759081,-0.3936881607416931,0.0,0.7206254097510731,0.0,0.7206254097510731,0.0,-0.7206254097510731,0.42242194462771443,1.1100901765127964,0.0,0.0,1.4812968530125885,0.09430012377493542,4.174842460242176,5,0.21149677278389112,11,0.0,0.7894736842105263,0,0.2110457159843709
omnimath-158,omnimath,unknown,1,0,0,3,0.0,2.0,-0.23691431415010822,-0.23691431415010822,0.0,1.1962507582320254,0.0,-0.48550781578170077,0.0,0.48550781578170077,-0.48550781578170077,0.0,0.0,1.0,1.0,1.6562055310778472,0.5652930716137159,2.116160303923669,1,0.012674072454944153,3,1.0,0.47368421052631576,1,0.8181818919472588
omnimath-158,omnimath,unknown,1,1,1,3,0.5,1.0,-0.722422129931809,-0.722422129931809,-0.48550781578170077,1.6817585740137262,-0.48550781578170077,1.6817585740137262,0.48550781578170077,1.6817585740137262,2.1672663897954267,0.48550781578170077,0.0,0.0,1.0,1.6562055310778472,0.5652930716137159,2.116160303923669,1,0.012674072454944153,3,1.0,0.47368421052631576,1,0.8150847633794234
omnimath-158,omnimath,unknown,1,2,0,3,1.0,0.0,0.9593364440819172,0.9593364440819172,1.1962507582320254,0.0,1.6817585740137262,0.0,1.6817585740137262,0.0,-1.6817585740137262,0.0,1.6817585740137262,1.0,0.0,1.6562055310778472,0.5652930716137159,2.116160303923669,1,0.012674072454944153,3,1.0,0.47368421052631576,1,0.18343257082081665
omnimath-159,omnimath,unknown,1,0,0,7,0.0,6.0,1.2443786461201904,1.2443786461201904,0.0,-1.3391776325769964,0.0,-1.2861429359209096,0.0,1.2861429359209096,-1.2861429359209096,0.0,0.0,1.0,1.0,2.0958280363086725,0.33013807673190937,4.056416775167936,2,0.05600664268782913,7,0.0,0.3684210526315789,3,0.34245326523656155
omnimath-159,omnimath,unknown,1,1,1,7,0.16666666666666666,5.0,-0.04176428980071917,-0.041764289800719126,-1.2861429359209096,-0.05303469665608679,-1.2861429359209096,-0.8639649128724156,1.2861429359209096,0.8639649128724156,0.42217802304849394,1.2861429359209096,0.0,0.0,1.0,2.0958280363086725,0.33013807673190937,4.056416775167936,2,0.05600664268782913,7,0.0,0.3684210526315789,3,0.7436156567925643
omnimath-159,omnimath,unknown,1,2,0,7,0.3333333333333333,4.0,-0.9057292026731347,-0.9057292026731347,-2.150107848793325,0.8109302162163288,-0.8639649128724156,0.2578291093020999,0.8639649128724156,0.2578291093020999,1.1217940221745155,2.150107848793325,0.0,0.0,1.0,2.0958280363086725,0.33013807673190937,4.056416775167936,2,0.05600664268782913,7,0.0,0.3684210526315789,3,0.6829025578442006
omnimath-159,omnimath,unknown,1,3,0,7,0.5,3.0,-0.6479000933710348,-0.6479000933710348,-1.8922787394912253,0.5531011069142289,0.2578291093020999,0.5531011069142291,0.2578291093020999,0.5531011069142291,0.2952719976121292,1.8922787394912253,0.2578291093020999,0.0,0.0,2.0958280363086725,0.33013807673190937,4.056416775167936,2,0.05600664268782913,7,0.0,0.3684210526315789,3,0.6816658989260379
omnimath-159,omnimath,unknown,1,4,0,7,0.6666666666666666,2.0,-0.09479898645680579,-0.09479898645680575,-1.3391776325769962,-1.6653345369377348e-16,0.5531011069142291,0.6354118990951154,0.5531011069142291,0.6354118990951154,0.08231079218088633,1.3391776325769962,0.810930216216329,0.0,0.0,2.0958280363086725,0.33013807673190937,4.056416775167936,2,0.05600664268782913,7,0.0,0.3684210526315789,3,0.5503566994310004
omnimath-159,omnimath,unknown,1,5,0,7,0.8333333333333334,1.0,0.5406129126383097,0.5406129126383097,-0.7037657334818808,-0.6354118990951156,0.6354118990951154,-0.6354118990951156,0.6354118990951154,0.6354118990951156,-1.270823798190231,0.7037657334818808,1.4463421153114444,0.0,0.0,2.0958280363086725,0.33013807673190937,4.056416775167936,2,0.05600664268782913,7,0.0,0.3684210526315789,3,0.3991985351980925
omnimath-159,omnimath,unknown,1,6,0,7,1.0,0.0,-0.09479898645680596,-0.09479898645680591,-1.3391776325769964,0.0,-0.6354118990951156,0.0,0.6354118990951156,0.0,0.6354118990951156,1.3391776325769964,0.8109302162163288,0.0,0.0,2.0958280363086725,0.33013807673190937,4.056416775167936,2,0.05600664268782913,7,0.0,0.3684210526315789,3,0.25390347617140085
omnimath-160,omnimath,unknown,10,0,0,13,0.0,12.0,0.7342058715858752,0.7342058715858752,0.0,-0.3877100725055729,0.0,-1.2033773890061725,0.0,1.2033773890061725,-1.2033773890061725,0.0,0.0,1.0,1.0,1.356427534579352,0.06214375357681598,6.2389226622161456,7,0.34530461816954544,13,0.0,0.42105263157894735,2,0.3646440342220426
omnimath-160,omnimath,unknown,10,1,0,13,0.08333333333333333,11.0,-0.4691715174202972,-0.4691715174202972,-1.2033773890061725,0.8156673165005996,-1.2033773890061725,0.6328325305385598,1.2033773890061725,0.6328325305385598,1.8362099195447323,1.2033773890061725,0.0,0.0,1.0,1.356427534579352,0.06214375357681598,6.2389226622161456,7,0.34530461816954544,13,0.0,0.42105263157894735,2,0.6714240732512934
omnimath-160,omnimath,unknown,10,2,0,13,0.16666666666666666,10.0,0.16366101311826253,0.16366101311826253,-0.5705448584676127,0.18283478596203984,0.6328325305385598,-0.3877100725055745,0.6328325305385598,0.3877100725055745,-1.0205426030441342,0.5705448584676127,0.6328325305385598,0.0,0.0,1.356427534579352,0.06214375357681598,6.2389226622161456,7,0.34530461816954544,13,0.0,0.42105263157894735,2,0.5968748369302551
omnimath-160,omnimath,unknown,10,3,0,13,0.25,9.0,-0.22404905938731196,-0.22404905938731196,-0.9582549309731871,0.5705448584676143,-0.3877100725055745,-0.08081940674170879,0.3877100725055745,0.08081940674170879,0.3068906657638657,0.9582549309731871,0.24512245803298527,0.0,0.0,1.356427534579352,0.06214375357681598,6.2389226622161456,7,0.34530461816954544,13,0.0,0.42105263157894735,2,0.5070172496670735
omnimath-160,omnimath,unknown,10,4,0,13,0.3333333333333333,8.0,-0.30486846612902074,-0.30486846612902074,-1.0390743377148959,0.6513642652093231,-0.08081940674170879,-0.36101334553733033,0.08081940674170879,0.36101334553733033,-0.28019393879562154,1.0390743377148959,0.16430305129127648,0.0,0.0,1.356427534579352,0.06214375357681598,6.2389226622161456,7,0.34530461816954544,13,0.0,0.42105263157894735,2,0.4832269113083079
omnimath-160,omnimath,unknown,10,5,0,13,0.4166666666666667,7.0,-0.6658818116663511,-0.6658818116663511,-1.4000876832522264,1.0123776107466536,-0.36101334553733033,0.8295428247846136,0.36101334553733033,0.8295428247846136,1.190556170321944,1.4000876832522264,0.0,0.0,1.0,1.356427534579352,0.06214375357681598,6.2389226622161456,7,0.34530461816954544,13,0.0,0.42105263157894735,2,0.45241375923086474
omnimath-160,omnimath,unknown,10,6,0,13,0.5,6.0,0.16366101311826253,0.16366101311826253,-0.5705448584676127,0.18283478596203984,0.8295428247846136,0.4709049818419401,0.8295428247846136,0.4709049818419401,-0.35863784294267353,0.5705448584676127,0.8295428247846136,0.0,0.0,1.356427534579352,0.06214375357681598,6.2389226622161456,7,0.34530461816954544,13,0.0,0.42105263157894735,2,0.3564125544492393
omnimath-160,omnimath,unknown,10,7,0,13,0.5833333333333334,5.0,0.6345659949602026,0.6345659949602026,-0.09963987662567264,-0.28807019587990024,0.4709049818419401,-0.7983558628293175,0.4709049818419401,0.7983558628293175,-1.2692608446712574,0.09963987662567264,1.3004478066265537,0.0,0.0,1.356427534579352,0.06214375357681598,6.2389226622161456,7,0.34530461816954544,13,0.0,0.42105263157894735,2,0.32394384418605493
omnimath-160,omnimath,unknown,10,8,0,13,0.6666666666666666,4.0,-0.1637898678691148,-0.1637898678691148,-0.89799573945499,0.5102856669494171,-0.7983558628293175,-0.5020919437972362,0.7983558628293175,0.5020919437972362,0.29626391903208127,0.89799573945499,0.5020919437972362,0.0,0.0,1.356427534579352,0.06214375357681598,6.2389226622161456,7,0.34530461816954544,13,0.0,0.42105263157894735,2,0.3007424198891493
omnimath-160,omnimath,unknown,10,9,0,13,0.75,3.0,-0.6658818116663511,-0.6658818116663511,-1.4000876832522264,1.0123776107466536,-0.5020919437972362,1.1766806620379282,0.5020919437972362,1.1766806620379282,1.6787726058351644,1.4000876832522264,0.0,0.0,1.0,1.356427534579352,0.06214375357681598,6.2389226622161456,7,0.34530461816954544,13,0.0,0.42105263157894735,2,0.24697590889925922
omnimath-160,omnimath,unknown,10,10,1,13,0.8333333333333334,2.0,0.5107988503715771,0.5107988503715771,-0.22340702121429812,-0.16430305129127476,1.1766806620379282,-0.5705448584676128,1.1766806620379282,0.5705448584676128,-1.7472255205055411,0.22340702121429812,1.1766806620379282,0.0,0.0,1.356427534579352,0.06214375357681598,6.2389226622161456,7,0.34530461816954544,13,0.0,0.42105263157894735,2,0.17829050976142238
omnimath-160,omnimath,unknown,10,11,0,13,0.9166666666666666,1.0,-0.059746008096035655,-0.05974600809603565,-0.7939518796819109,0.406241807176338,-0.5705448584676128,0.406241807176338,0.5705448584676128,0.406241807176338,0.9767866656439508,0.7939518796819109,0.6061358035703154,0.0,0.0,1.356427534579352,0.06214375357681598,6.2389226622161456,7,0.34530461816954544,13,0.0,0.42105263157894735,2,0.12881289745184665
omnimath-160,omnimath,unknown,10,12,0,13,1.0,0.0,0.34649579908030237,0.34649579908030237,-0.3877100725055729,0.0,0.406241807176338,0.0,0.406241807176338,0.0,-0.406241807176338,0.3877100725055729,1.0123776107466536,0.0,0.0,1.356427534579352,0.06214375357681598,6.2389226622161456,7,0.34530461816954544,13,0.0,0.42105263157894735,2,0.07552819918443889
omnimath-161,omnimath,unknown,2,0,0,7,0.0,6.0,1.2505320080081412,1.2505320080081412,0.0,-2.109839519200308,0.0,-0.8737401704503961,0.0,0.8737401704503961,-0.8737401704503961,0.0,0.0,1.0,1.0,2.109839519200308,0.9192530826066273,2.295167195107644,2,0.046932047817215466,7,0.0,1.0,3,0.46947302881704633
omnimath-161,omnimath,unknown,2,1,0,7,0.16666666666666666,5.0,0.37679183755774515,0.3767918375577452,-0.8737401704503961,-1.236099348749912,-0.8737401704503961,-0.16082496953436648,0.8737401704503961,0.16082496953436648,0.7129152009160296,0.8737401704503961,0.0,0.0,1.0,2.109839519200308,0.9192530826066273,2.295167195107644,2,0.046932047817215466,7,0.0,1.0,3,0.6859220318020507
omnimath-161,omnimath,unknown,2,2,1,7,0.3333333333333333,4.0,0.21596686802337867,0.21596686802337872,-1.0345651399847626,-1.0752743792155455,-0.16082496953436648,-0.4540607916621713,0.16082496953436648,0.4540607916621713,-0.2932358221278048,1.0345651399847626,0.0,0.0,1.0,2.109839519200308,0.9192530826066273,2.295167195107644,2,0.046932047817215466,7,0.0,1.0,3,0.6166762569654304
omnimath-161,omnimath,unknown,2,3,0,7,0.5,3.0,-0.2380939236387926,-0.23809392363879253,-1.488625931646934,-0.6212135875533742,-0.4540607916621713,0.14671774342664062,0.4540607916621713,0.14671774342664062,0.600778535088812,1.488625931646934,0.0,0.0,1.0,2.109839519200308,0.9192530826066273,2.295167195107644,2,0.046932047817215466,7,0.0,1.0,3,0.5778697287343094
omnimath-161,omnimath,unknown,2,4,0,7,0.6666666666666666,2.0,-0.09137618021215196,-0.09137618021215192,-1.3419081882202932,-0.7679313309800148,0.14671774342664062,-0.5631369183340018,0.14671774342664062,0.5631369183340018,-0.7098546617606425,1.3419081882202932,0.14671774342664062,0.0,0.0,2.109839519200308,0.9192530826066273,2.295167195107644,2,0.046932047817215466,7,0.0,1.0,3,0.6627457553678985
omnimath-161,omnimath,unknown,2,5,0,7,0.8333333333333334,1.0,-0.6545130985461538,-0.6545130985461538,-1.905045106554295,-0.20479441264601295,-0.5631369183340018,-0.20479441264601295,0.5631369183340018,0.20479441264601295,0.35834250568798887,1.905045106554295,0.0,0.0,1.0,2.109839519200308,0.9192530826066273,2.295167195107644,2,0.046932047817215466,7,0.0,1.0,3,0.49400308725085373
omnimath-161,omnimath,unknown,2,6,0,7,1.0,0.0,-0.8593075111921668,-0.8593075111921668,-2.109839519200308,0.0,-0.20479441264601295,0.0,0.20479441264601295,0.0,0.20479441264601295,2.109839519200308,0.0,0.0,1.0,2.109839519200308,0.9192530826066273,2.295167195107644,2,0.046932047817215466,7,0.0,1.0,3,0.3622244146967691
omnimath-162,omnimath,unknown,6,0,0,9,0.0,8.0,0.39405830168743994,0.39405830168744,0.0,-0.980829253011726,0.0,-0.20821790109753416,0.0,0.20821790109753416,-0.20821790109753416,0.0,0.0,1.0,1.0,1.6569257004140878,0.20121912299017713,4.874433594761303,7,0.26475041786788206,9,0.2631578947368421,0.8947368421052632,2,0.43526091244190557
omnimath-162,omnimath,unknown,6,1,0,9,0.125,7.0,0.18584040058990578,0.1858404005899058,-0.20821790109753416,-0.7726113519141918,-0.20821790109753416,0.8593739827307235,0.20821790109753416,0.8593739827307235,1.0675918838282576,0.20821790109753416,0.0,0.0,1.0,1.6569257004140878,0.20121912299017713,4.874433594761303,7,0.26475041786788206,9,0.2631578947368421,0.8947368421052632,2,0.5956746262130174
omnimath-162,omnimath,unknown,6,2,0,9,0.25,6.0,1.0452143833206293,1.0452143833206293,0.6511560816331894,-1.6319853346449154,0.8593739827307235,-1.6319853346449156,0.8593739827307235,1.6319853346449156,-2.491359317375639,0.0,0.8593739827307235,1.0,0.0,1.6569257004140878,0.20121912299017713,4.874433594761303,7,0.26475041786788206,9,0.2631578947368421,0.8947368421052632,2,0.5368399188614552
omnimath-162,omnimath,unknown,6,3,0,9,0.375,5.0,-0.5867709513242862,-0.5867709513242862,-0.9808292530117262,2.220446049250313e-16,-1.6319853346449156,0.8063947446032027,1.6319853346449156,0.8063947446032027,2.4383800792481183,1.6319853346449156,0.0,0.0,1.0,1.6569257004140878,0.20121912299017713,4.874433594761303,7,0.26475041786788206,9,0.2631578947368421,0.8947368421052632,2,0.6532744127161133
omnimath-162,omnimath,unknown,6,4,0,9,0.5,4.0,0.21962379327891643,0.21962379327891646,-0.1744345084085235,-0.8063947446032025,0.8063947446032027,-0.4201184171459068,0.8063947446032027,0.4201184171459068,-1.2265131617491094,0.8255905900417129,0.8063947446032027,0.0,0.0,1.6569257004140878,0.20121912299017713,4.874433594761303,7,0.26475041786788206,9,0.2631578947368421,0.8947368421052632,2,0.5176962237489156
omnimath-162,omnimath,unknown,6,5,0,9,0.625,3.0,-0.2004946238669904,-0.20049462386699038,-0.5945529255544304,-0.3862763274572956,-0.4201184171459068,0.5501800740114535,0.4201184171459068,0.5501800740114535,0.9702984911573603,1.2457090071876198,0.38627632745729584,0.0,0.0,1.6569257004140878,0.20121912299017713,4.874433594761303,7,0.26475041786788206,9,0.2631578947368421,0.8947368421052632,2,0.4311436475182392
omnimath-162,omnimath,unknown,6,6,1,9,0.75,2.0,0.3496854501444632,0.34968545014446323,-0.044372851542976766,-0.9364564014687492,0.5501800740114535,-1.1700712526502555,0.5501800740114535,1.1700712526502555,-1.720251326661709,0.6955289331761662,0.9364564014687494,0.0,0.0,1.6569257004140878,0.20121912299017713,4.874433594761303,7,0.26475041786788206,9,0.2631578947368421,0.8947368421052632,2,0.4391368468506226
omnimath-162,omnimath,unknown,6,7,0,9,0.875,1.0,-0.8203858025057922,-0.8203858025057922,-1.2144441041932321,0.23361485118150616,-1.1700712526502555,0.23361485118150616,1.1700712526502555,0.23361485118150616,1.4036861038317616,1.8656001858264215,0.0,0.0,1.0,1.6569257004140878,0.20121912299017713,4.874433594761303,7,0.26475041786788206,9,0.2631578947368421,0.8947368421052632,2,0.3040361282136201
omnimath-162,omnimath,unknown,6,8,0,9,1.0,0.0,-0.586770951324286,-0.586770951324286,-0.980829253011726,0.0,0.23361485118150616,0.0,0.23361485118150616,0.0,-0.23361485118150616,1.6319853346449154,0.23361485118150616,0.0,0.0,1.6569257004140878,0.20121912299017713,4.874433594761303,7,0.26475041786788206,9,0.2631578947368421,0.8947368421052632,2,0.22019435523998107
omnimath-163,omnimath,unknown,4,0,0,9,0.0,8.0,0.7447277772989196,0.7447277772989196,0.0,-0.8505521964747655,0.0,-0.1588942194662879,0.0,0.1588942194662879,-0.1588942194662879,0.0,0.0,1.0,1.0,1.3044439865654505,0.22918702169095848,3.7111708603712796,5,0.17100661192297223,9,0.0,0.8947368421052632,3,0.2856630989828708
omnimath-163,omnimath,unknown,4,1,0,9,0.125,7.0,0.5858335578326317,0.5858335578326317,-0.1588942194662879,-0.6916579770084776,-0.1588942194662879,-0.9252728281899826,0.1588942194662879,0.9252728281899826,-0.7663786087236947,0.1588942194662879,0.0,0.0,1.0,1.3044439865654505,0.22918702169095848,3.7111708603712796,5,0.17100661192297223,9,0.0,0.8947368421052632,3,0.5804895400183474
omnimath-163,omnimath,unknown,4,2,0,9,0.25,6.0,-0.3394392703573509,-0.3394392703573509,-1.0841670476562704,0.23361485118150488,-0.9252728281899826,0.441832752279039,0.9252728281899826,0.441832752279039,1.3671055804690215,1.0841670476562704,0.0,0.0,1.0,1.3044439865654505,0.22918702169095848,3.7111708603712796,5,0.17100661192297223,9,0.0,0.8947368421052632,3,0.6675487608059508
omnimath-163,omnimath,unknown,4,3,0,9,0.375,5.0,0.10239348192168812,0.10239348192168812,-0.6423342953772315,-0.20821790109753413,0.441832752279039,-0.4418327522790392,0.441832752279039,0.4418327522790392,-0.8836655045580781,0.6423342953772315,0.441832752279039,0.0,0.0,1.3044439865654505,0.22918702169095848,3.7111708603712796,5,0.17100661192297223,9,0.0,0.8947368421052632,3,0.6602498852884351
omnimath-163,omnimath,unknown,4,4,1,9,0.5,4.0,-0.33943927035735105,-0.33943927035735105,-1.0841670476562706,0.23361485118150505,-0.4418327522790392,1.6653345369377348e-16,0.4418327522790392,1.6653345369377348e-16,0.44183275227903934,1.0841670476562706,0.0,0.0,1.0,1.3044439865654505,0.22918702169095848,3.7111708603712796,5,0.17100661192297223,9,0.0,0.8947368421052632,3,0.3897660968255798
omnimath-163,omnimath,unknown,4,5,0,9,0.625,3.0,-0.3394392703573509,-0.3394392703573509,-1.0841670476562704,0.23361485118150488,1.6653345369377348e-16,0.6754476034605439,1.6653345369377348e-16,0.6754476034605439,0.6754476034605437,1.0841670476562704,1.6653345369377348e-16,0.0,1.0,1.3044439865654505,0.22918702169095848,3.7111708603712796,5,0.17100661192297223,9,0.0,0.8947368421052632,3,0.36559356261163617
omnimath-163,omnimath,unknown,4,6,0,9,0.75,2.0,0.33600833310319306,0.33600833310319306,-0.40871944419572653,-0.44183275227903906,0.6754476034605439,-0.9808292530117269,0.6754476034605439,0.9808292530117269,-1.6562768564722707,0.40871944419572653,0.6754476034605441,0.0,0.0,1.3044439865654505,0.22918702169095848,3.7111708603712796,5,0.17100661192297223,9,0.0,0.8947368421052632,3,0.5138809947984777
omnimath-163,omnimath,unknown,4,7,0,9,0.875,1.0,-0.6448209199085337,-0.6448209199085337,-1.3895486972074533,0.5389965007326878,-0.9808292530117269,0.5389965007326878,0.9808292530117269,0.5389965007326878,1.5198257537444146,1.3895486972074533,0.0,0.0,1.0,1.3044439865654505,0.22918702169095848,3.7111708603712796,5,0.17100661192297223,9,0.0,0.8947368421052632,3,0.3441279971021678
omnimath-163,omnimath,unknown,4,8,0,9,1.0,0.0,-0.10582441917584601,-0.10582441917584601,-0.8505521964747655,0.0,0.5389965007326878,0.0,0.5389965007326878,0.0,-0.5389965007326878,0.8505521964747655,0.5389965007326878,0.0,0.0,1.3044439865654505,0.22918702169095848,3.7111708603712796,5,0.17100661192297223,9,0.0,0.8947368421052632,3,0.24312082426327122
omnimath-164,omnimath,unknown,5,0,0,7,0.0,6.0,1.3380534616715605,1.3380534616715605,0.0,-0.7261022474627015,0.0,-1.4317215717417282,0.0,1.4317215717417282,-1.4317215717417282,0.0,0.0,1.0,1.0,2.129745992192735,0.15725671863219057,4.61730509054427,3,0.09366450264564247,7,0.0,0.8421052631578947,2,0.40730259492081017
omnimath-164,omnimath,unknown,5,1,0,7,0.16666666666666666,5.0,-0.09366811007016784,-0.0936681100701678,-1.4317215717417282,0.7056193242790268,-1.4317215717417282,-0.5712102158455504,1.4317215717417282,0.5712102158455504,0.8605113558961778,1.4317215717417282,0.0,0.0,1.0,2.129745992192735,0.15725671863219057,4.61730509054427,3,0.09366450264564247,7,0.0,0.8421052631578947,2,0.7309670537660559
omnimath-164,omnimath,unknown,5,2,0,7,0.3333333333333333,4.0,-0.6648783259157183,-0.6648783259157183,-2.0029317875872787,1.2768295401245773,-0.5712102158455504,0.6473617568922662,0.5712102158455504,0.6473617568922662,1.2185719727378166,2.0029317875872787,0.0,0.0,1.0,2.129745992192735,0.15725671863219057,4.61730509054427,3,0.09366450264564247,7,0.0,0.8421052631578947,2,0.7122003043432
omnimath-164,omnimath,unknown,5,3,0,7,0.5,3.0,-0.01751656902345211,-0.017516569023452062,-1.3555700306950125,0.6294677832323111,0.6473617568922662,-0.2867523632858977,0.6473617568922662,0.2867523632858977,-0.9341141201781639,1.3555700306950125,0.6473617568922662,0.0,0.0,2.129745992192735,0.15725671863219057,4.61730509054427,3,0.09366450264564247,7,0.0,0.8421052631578947,2,0.6021175300078689
omnimath-164,omnimath,unknown,5,4,0,7,0.6666666666666666,2.0,-0.3042689323093498,-0.30426893230934976,-1.6423223939809102,0.9162201465182088,-0.2867523632858977,-0.5654038062523821,0.2867523632858977,0.5654038062523821,-0.27865144296648436,1.6423223939809102,0.36060939360636846,0.0,0.0,2.129745992192735,0.15725671863219057,4.61730509054427,3,0.09366450264564247,7,0.0,0.8421052631578947,2,0.5484807596207331
omnimath-164,omnimath,unknown,5,5,1,7,0.8333333333333334,1.0,-0.8696727385617319,-0.8696727385617319,-2.2077262002332922,1.4816239527705908,-0.5654038062523821,1.4816239527705908,0.5654038062523821,1.4816239527705908,2.047027759022973,2.2077262002332922,0.0,0.0,1.0,2.129745992192735,0.15725671863219057,4.61730509054427,3,0.09366450264564247,7,0.0,0.8421052631578947,2,0.5159867831693179
omnimath-164,omnimath,unknown,5,6,0,7,1.0,0.0,0.611951214208859,0.611951214208859,-0.7261022474627015,0.0,1.4816239527705908,0.0,1.4816239527705908,0.0,-1.4816239527705908,0.7261022474627015,1.4816239527705908,0.0,0.0,2.129745992192735,0.15725671863219057,4.61730509054427,3,0.09366450264564247,7,0.0,0.8421052631578947,2,0.24797610691951727
omnimath-165,omnimath,unknown,2,0,0,3,0.0,2.0,1.2478681179343942,1.2478681179343942,0.0,-2.2772672850097555,0.0,-1.466337068793427,0.0,1.466337068793427,-1.466337068793427,0.0,0.0,1.0,1.0,2.2772672850097555,1.0,2.2772672850097555,0,0.0038327886115620668,3,0.0,1.0,2,0.6363867030993914
omnimath-165,omnimath,unknown,2,1,0,3,0.5,1.0,-0.21846895085903278,-0.21846895085903287,-1.466337068793427,-0.8109302162163285,-1.466337068793427,-0.8109302162163285,1.466337068793427,0.8109302162163285,0.6554068525770984,1.466337068793427,0.0,0.0,1.0,2.2772672850097555,1.0,2.2772672850097555,0,0.0038327886115620668,3,0.0,1.0,2,0.7952630257078357
omnimath-165,omnimath,unknown,2,2,1,3,1.0,0.0,-1.0293991670753613,-1.0293991670753613,-2.2772672850097555,0.0,-0.8109302162163285,0.0,0.8109302162163285,0.0,0.8109302162163285,2.2772672850097555,0.0,0.0,1.0,2.2772672850097555,1.0,2.2772672850097555,0,0.0038327886115620668,3,0.0,1.0,2,0.6019581272550703
omnimath-166,omnimath,unknown,7,0,0,9,0.0,8.0,0.6515815197806327,0.6515815197806327,0.0,-0.2483923211187105,0.0,-1.4966198180009518,0.0,1.4966198180009518,-1.4966198180009518,0.0,0.0,1.0,1.0,1.346982044394887,0.046352699143630986,5.358745568387045,5,0.20514989155748192,9,0.7368421052631579,0.15789473684210525,1,0.4979852983748587
omnimath-166,omnimath,unknown,7,1,0,9,0.125,7.0,-0.8450382982203192,-0.8450382982203192,-1.4966198180009518,1.2482274968822413,-1.4966198180009518,0.8063947446032026,1.4966198180009518,0.8063947446032026,2.3030145626041545,1.4966198180009518,0.0,0.0,1.0,1.346982044394887,0.046352699143630986,5.358745568387045,5,0.20514989155748192,9,0.7368421052631579,0.15789473684210525,1,0.8013077688007473
omnimath-166,omnimath,unknown,7,2,0,9,0.25,6.0,-0.03864355361711658,-0.03864355361711659,-0.6902250733977493,0.4418327522790388,0.8063947446032026,-0.42011841714590714,0.8063947446032026,0.42011841714590714,-1.2265131617491098,0.6902250733977493,0.8063947446032026,0.0,0.0,1.346982044394887,0.046352699143630986,5.358745568387045,5,0.20514989155748192,9,0.7368421052631579,0.15789473684210525,1,0.7058824990626078
omnimath-166,omnimath,unknown,7,3,0,9,0.375,5.0,-0.4587619707630237,-0.4587619707630237,-1.1103434905436564,0.861951169424946,-0.42011841714590714,0.34196217291391984,0.42011841714590714,0.34196217291391984,0.762080590059827,1.1103434905436564,0.38627632745729545,0.0,0.0,1.346982044394887,0.046352699143630986,5.358745568387045,5,0.20514989155748192,9,0.7368421052631579,0.15789473684210525,1,0.5582775636142875
omnimath-166,omnimath,unknown,7,4,0,9,0.5,4.0,-0.11679979784910388,-0.1167997978491039,-0.7683813176297366,0.519988996511026,0.34196217291391984,0.3635553334121839,0.34196217291391984,0.3635553334121839,0.02159316049826404,0.7683813176297366,0.7282385003712153,0.0,0.0,1.346982044394887,0.046352699143630986,5.358745568387045,5,0.20514989155748192,9,0.7368421052631579,0.15789473684210525,1,0.43766679917875895
omnimath-166,omnimath,unknown,7,5,0,9,0.625,3.0,0.24675553556308,0.24675553556308,-0.4048259842175527,0.1564336630988422,0.3635553334121839,0.5223852779196636,0.3635553334121839,0.5223852779196636,0.15882994450747973,0.4048259842175527,1.0917938337833992,0.0,0.0,1.346982044394887,0.046352699143630986,5.358745568387045,5,0.20514989155748192,9,0.7368421052631579,0.15789473684210525,1,0.3225276615048696
omnimath-166,omnimath,unknown,7,6,0,9,0.75,2.0,0.7691408134827437,0.7691408134827437,0.11755929370211093,-0.36595161482082145,0.5223852779196636,-1.3805642605215587,0.5223852779196636,1.3805642605215587,-1.9029495384412223,0.0,1.6141791117030628,1.0,0.0,1.346982044394887,0.046352699143630986,5.358745568387045,5,0.20514989155748192,9,0.7368421052631579,0.15789473684210525,1,0.23147637421907202
omnimath-166,omnimath,unknown,7,7,1,9,0.875,1.0,-0.6114234470388151,-0.6114234470388151,-1.2630049668194478,1.0146126457007374,-1.3805642605215587,1.0146126457007374,1.3805642605215587,1.0146126457007374,2.395176906222296,1.3805642605215587,0.23361485118150405,0.0,0.0,1.346982044394887,0.046352699143630986,5.358745568387045,5,0.20514989155748192,9,0.7368421052631579,0.15789473684210525,1,0.24209994164544665
omnimath-166,omnimath,unknown,7,8,0,9,1.0,0.0,0.4031891986619222,0.4031891986619222,-0.2483923211187105,0.0,1.0146126457007374,0.0,1.0146126457007374,0.0,-1.0146126457007374,0.36595161482082145,1.2482274968822413,0.0,0.0,1.346982044394887,0.046352699143630986,5.358745568387045,5,0.20514989155748192,9,0.7368421052631579,0.15789473684210525,1,0.1135786834299016
omnimath-167,omnimath,unknown,2,0,0,9,0.0,8.0,0.2962679579455123,0.2962679579455123,0.0,0.07172752850638531,0.0,-0.6754868733238358,0.0,0.6754868733238358,-0.6754868733238358,0.0,0.0,1.0,1.0,1.633747306291463,0.011990694107738505,5.981932977515796,7,0.30242324869484705,9,0.2631578947368421,0.8947368421052632,0,0.4662476221671972
omnimath-167,omnimath,unknown,2,1,0,9,0.125,7.0,-0.37921891537832353,-0.37921891537832353,-0.6754868733238358,0.7472144018302211,-0.6754868733238358,1.5820950830108789,0.6754868733238358,1.5820950830108789,2.2575819563347146,0.6754868733238358,0.0,0.0,1.0,1.633747306291463,0.011990694107738505,5.981932977515796,7,0.30242324869484705,9,0.2631578947368421,0.8947368421052632,0,0.7367041245241855
omnimath-167,omnimath,unknown,2,2,1,9,0.25,6.0,1.2028761676325554,1.2028761676325554,0.9066082096870431,-0.8348806811806578,1.5820950830108789,-1.7713370826494073,1.5820950830108789,1.7713370826494073,-3.353432165660286,0.0,1.5820950830108789,1.0,0.0,1.633747306291463,0.011990694107738505,5.981932977515796,7,0.30242324869484705,9,0.2631578947368421,0.8947368421052632,0,0.5831842536886734
omnimath-167,omnimath,unknown,2,3,0,9,0.375,5.0,-0.5684609150168517,-0.5684609150168517,-0.864728872962364,0.9364564014687493,-1.7713370826494073,0.7879934308732306,1.7713370826494073,0.7879934308732306,2.559330513522638,1.7713370826494073,0.0,0.0,1.0,1.633747306291463,0.011990694107738505,5.981932977515796,7,0.30242324869484705,9,0.2631578947368421,0.8947368421052632,0,0.5200454593561955
omnimath-167,omnimath,unknown,2,4,0,9,0.5,4.0,0.2195325158563789,0.2195325158563789,-0.07673544208913341,0.14846297059551872,0.7879934308732306,-0.4826117813220486,0.7879934308732306,0.4826117813220486,-1.2706052121952793,0.9833436517761766,0.7879934308732306,0.0,0.0,1.633747306291463,0.011990694107738505,5.981932977515796,7,0.30242324869484705,9,0.2631578947368421,0.8947368421052632,0,0.4527731078811683
omnimath-167,omnimath,unknown,2,5,0,9,0.625,3.0,-0.26307926546566973,-0.26307926546566973,-0.559347223411182,0.6310747519175673,-0.4826117813220486,0.1892419996385282,0.4826117813220486,0.1892419996385282,0.6718537809605768,1.4659554330982252,0.30538164955118197,0.0,0.0,1.633747306291463,0.011990694107738505,5.981932977515796,7,0.30242324869484705,9,0.2631578947368421,0.8947368421052632,0,0.32702478050088407
omnimath-167,omnimath,unknown,2,6,0,9,0.75,2.0,-0.07383726582714153,-0.07383726582714152,-0.37010522377265387,0.4418327522790392,0.1892419996385282,-0.7282385003712163,0.1892419996385282,0.7282385003712163,-0.9174805000097445,1.276713433459697,0.49462364918971014,0.0,0.0,1.633747306291463,0.011990694107738505,5.981932977515796,7,0.30242324869484705,9,0.2631578947368421,0.8947368421052632,0,0.34755979804522175
omnimath-167,omnimath,unknown,2,7,0,9,0.875,1.0,-0.8020757661983579,-0.8020757661983579,-1.09834372414387,1.1700712526502555,-0.7282385003712163,1.1700712526502555,0.7282385003712163,1.1700712526502555,1.8983097530214716,2.004951933830913,0.0,0.0,1.0,1.633747306291463,0.011990694107738505,5.981932977515796,7,0.30242324869484705,9,0.2631578947368421,0.8947368421052632,0,0.2739879056845541
omnimath-167,omnimath,unknown,2,8,0,9,1.0,0.0,0.3679954864518976,0.3679954864518976,0.07172752850638531,0.0,1.1700712526502555,0.0,1.1700712526502555,0.0,-1.1700712526502555,0.8348806811806578,1.1700712526502555,0.0,0.0,1.633747306291463,0.011990694107738505,5.981932977515796,7,0.30242324869484705,9,0.2631578947368421,0.8947368421052632,0,0.15956537335624596
omnimath-168,omnimath,unknown,1,0,0,8,0.0,7.0,-0.8698553075957993,-0.8698553075957993,0.0,1.7751515198347376,0.0,-2.220446049250313e-16,0.0,2.220446049250313e-16,-2.220446049250313e-16,0.0,0.0,1.0,1.0,1.7751515198347376,0.4320007513625452,4.109139889770675,4,0.1596069965224838,8,1.0,0.05263157894736842,0,0.7714069665171746
omnimath-168,omnimath,unknown,1,1,1,8,0.14285714285714285,6.0,-0.8698553075957995,-0.8698553075957995,-2.220446049250313e-16,1.7751515198347378,-2.220446049250313e-16,1.6448091812670087,2.220446049250313e-16,1.6448091812670087,1.644809181267009,2.220446049250313e-16,0.0,1.0,1.0,1.7751515198347376,0.4320007513625452,4.109139889770675,4,0.1596069965224838,8,1.0,0.05263157894736842,0,0.7781879638015398
omnimath-168,omnimath,unknown,1,2,0,8,0.2857142857142857,5.0,0.7749538736712092,0.7749538736712092,1.6448091812670085,0.13034233856772914,1.6448091812670087,-0.8775540285533414,1.6448091812670087,0.8775540285533414,-2.52236320982035,0.0,1.6448091812670087,1.0,0.0,1.7751515198347376,0.4320007513625452,4.109139889770675,4,0.1596069965224838,8,1.0,0.05263157894736842,0,0.5907151158034804
omnimath-168,omnimath,unknown,1,3,0,8,0.42857142857142855,4.0,-0.10260015488213226,-0.10260015488213223,0.7672551527136671,1.0078963671210706,-0.8775540285533414,0.4094255093242611,0.8775540285533414,0.4094255093242611,1.2869795378776026,0.8775540285533414,0.7672551527136673,0.0,0.0,1.7751515198347376,0.4320007513625452,4.109139889770675,4,0.1596069965224838,8,1.0,0.05263157894736842,0,0.6074483614133378
omnimath-168,omnimath,unknown,1,4,0,8,0.5714285714285714,3.0,0.30682535444212883,0.3068253544421289,1.1766806620379282,0.5984708577968094,0.4094255093242611,-0.1878705206951895,0.4094255093242611,0.1878705206951895,-0.5972960300194505,0.46812851922908033,1.1766806620379284,0.0,0.0,1.7751515198347376,0.4320007513625452,4.109139889770675,4,0.1596069965224838,8,1.0,0.05263157894736842,0,0.4954301535461515
omnimath-168,omnimath,unknown,1,5,0,8,0.7142857142857143,2.0,0.11895483374693934,0.11895483374693937,0.9888101413427387,0.7863413784919989,-0.1878705206951895,-0.38267433777242404,0.1878705206951895,0.38267433777242404,-0.19480381707723454,0.6559990399242698,0.9888101413427389,0.0,0.0,1.7751515198347376,0.4320007513625452,4.109139889770675,4,0.1596069965224838,8,1.0,0.05263157894736842,0,0.4490072775279153
omnimath-168,omnimath,unknown,1,6,0,8,0.8571428571428571,1.0,-0.2637195040254847,-0.2637195040254847,0.6061358035703146,1.169015716264423,-0.38267433777242404,1.169015716264423,0.38267433777242404,1.169015716264423,1.551690054036847,1.0386733776966939,0.6061358035703148,0.0,0.0,1.7751515198347376,0.4320007513625452,4.109139889770675,4,0.1596069965224838,8,1.0,0.05263157894736842,0,0.37179779566534427
omnimath-168,omnimath,unknown,1,7,0,8,1.0,0.0,0.9052962122389383,0.9052962122389383,1.7751515198347376,0.0,1.169015716264423,0.0,1.169015716264423,0.0,-1.169015716264423,0.0,1.7751515198347378,1.0,0.0,1.7751515198347376,0.4320007513625452,4.109139889770675,4,0.1596069965224838,8,1.0,0.05263157894736842,0,0.10037728614696138
omnimath-169,omnimath,unknown,0,0,1,16,0.0,15.0,0.30525308788135674,0.30525308788135674,0.0,-0.04205048184240667,0.0,-0.3259856855281,0.0,0.3259856855281,-0.3259856855281,0.0,0.0,1.0,1.0,0.9356115497131915,0.009125073057040483,4.608235088042663,13,0.3864284632814396,16,0.5263157894736842,0.7894736842105263,4,0.3030105140597545
omnimath-169,omnimath,unknown,0,1,0,16,0.06666666666666667,14.0,-0.02073259764674324,-0.02073259764674322,-0.3259856855281,0.2839352036856933,-0.3259856855281,0.2719337154836414,0.3259856855281,0.2719337154836414,0.5979194010117415,0.3259856855281,0.0,0.0,1.0,0.9356115497131915,0.009125073057040483,4.608235088042663,13,0.3864284632814396,16,0.5263157894736842,0.7894736842105263,4,0.4652334049212422
omnimath-169,omnimath,unknown,0,2,0,16,0.13333333333333333,13.0,0.2512011178368982,0.2512011178368982,-0.05405197004445855,0.01200148820205188,0.2719337154836414,-0.5375486939067442,0.2719337154836414,0.5375486939067442,-0.8094824093903856,0.05405197004445855,0.2719337154836414,0.0,0.0,0.9356115497131915,0.009125073057040483,4.608235088042663,13,0.3864284632814396,16,0.5263157894736842,0.7894736842105263,4,0.5854927671171385
omnimath-169,omnimath,unknown,0,3,0,16,0.2,12.0,-0.28634757606984595,-0.28634757606984595,-0.5916006639512027,0.549550182108796,-0.5375486939067442,0.06404236632709542,0.5375486939067442,0.06404236632709542,0.6015910602338397,0.5916006639512027,0.0,0.0,1.0,0.9356115497131915,0.009125073057040483,4.608235088042663,13,0.3864284632814396,16,0.5263157894736842,0.7894736842105263,4,0.4365831422258287
omnimath-169,omnimath,unknown,0,4,0,16,0.26666666666666666,11.0,-0.22230520974275053,-0.2223052097427505,-0.5275582976241073,0.4855078157817006,0.06404236632709542,-0.3894647667617233,0.06404236632709542,0.3894647667617233,-0.45350713308881874,0.5275582976241073,0.06404236632709542,0.0,0.0,0.9356115497131915,0.009125073057040483,4.608235088042663,13,0.3864284632814396,16,0.5263157894736842,0.7894736842105263,4,0.5371065034260999
omnimath-169,omnimath,unknown,0,5,0,16,0.3333333333333333,10.0,-0.6117699765044738,-0.6117699765044738,-0.9170230643858306,0.8749725825434239,-0.3894647667617233,1.0089750896008125,0.3894647667617233,1.0089750896008125,1.3984398563625358,0.9170230643858306,0.0,0.0,1.0,0.9356115497131915,0.009125073057040483,4.608235088042663,13,0.3864284632814396,16,0.5263157894736842,0.7894736842105263,4,0.4669739298705517
omnimath-169,omnimath,unknown,0,6,0,16,0.4,9.0,0.39720511309633855,0.39720511309633855,0.0919520252149818,-0.13400250705738848,1.0089750896008125,-0.5534995609179867,1.0089750896008125,0.5534995609179867,-1.5624746505187992,0.0,1.0089750896008125,1.0,0.0,0.9356115497131915,0.009125073057040483,4.608235088042663,13,0.3864284632814396,16,0.5263157894736842,0.7894736842105263,4,0.3392328521443841
omnimath-169,omnimath,unknown,0,7,0,16,0.4666666666666667,8.0,-0.15629444782164809,-0.15629444782164806,-0.46154753570300483,0.41949705386059816,-0.5534995609179867,0.6317396412808831,0.5534995609179867,0.6317396412808831,1.1852392021988698,0.5534995609179867,0.45547552868282576,0.0,0.0,0.9356115497131915,0.009125073057040483,4.608235088042663,13,0.3864284632814396,16,0.5263157894736842,0.7894736842105263,4,0.4790971631143435
omnimath-169,omnimath,unknown,0,8,0,16,0.5333333333333333,7.0,0.4754451934592351,0.4754451934592351,0.17019210557787834,-0.212242587420285,0.6317396412808831,-0.212242587420285,0.6317396412808831,0.212242587420285,-0.8439822287011681,0.0,1.087215169963709,1.0,0.0,0.9356115497131915,0.009125073057040483,4.608235088042663,13,0.3864284632814396,16,0.5263157894736842,0.7894736842105263,4,0.20277097048294188
omnimath-169,omnimath,unknown,0,9,0,16,0.6,6.0,0.26320260603895007,0.26320260603895007,-0.04205048184240667,0.0,-0.212242587420285,-0.4855078157817006,0.212242587420285,0.4855078157817006,-0.2732652283614156,0.212242587420285,0.8749725825434239,0.0,0.0,0.9356115497131915,0.009125073057040483,4.608235088042663,13,0.3864284632814396,16,0.5263157894736842,0.7894736842105263,4,0.320852850061552
omnimath-169,omnimath,unknown,0,10,0,16,0.6666666666666666,5.0,-0.22230520974275053,-0.2223052097427505,-0.5275582976241073,0.4855078157817006,-0.4855078157817006,0.14953173397096384,0.4855078157817006,0.14953173397096384,0.6350395497526644,0.6977504032019857,0.3894647667617233,0.0,0.0,0.9356115497131915,0.009125073057040483,4.608235088042663,13,0.3864284632814396,16,0.5263157894736842,0.7894736842105263,4,0.2917881576632829
omnimath-169,omnimath,unknown,0,11,0,16,0.7333333333333333,4.0,-0.0727734757717867,-0.07277347577178667,-0.37802656365314347,0.3359760818107368,0.14953173397096384,-0.5389965007326873,0.14953173397096384,0.5389965007326873,-0.6885282347036512,0.5482186692310218,0.5389965007326871,0.0,0.0,0.9356115497131915,0.009125073057040483,4.608235088042663,13,0.3864284632814396,16,0.5263157894736842,0.7894736842105263,4,0.2503926028827704
omnimath-169,omnimath,unknown,0,12,0,16,0.8,3.0,-0.6117699765044741,-0.6117699765044741,-0.9170230643858308,0.8749725825434241,-0.5389965007326873,0.8109302162163289,0.5389965007326873,0.8109302162163289,1.3499267169490161,1.0872151699637091,0.0,0.0,1.0,0.9356115497131915,0.009125073057040483,4.608235088042663,13,0.3864284632814396,16,0.5263157894736842,0.7894736842105263,4,0.1685702680466835
omnimath-169,omnimath,unknown,0,13,0,16,0.8666666666666667,2.0,0.19916023971185484,0.19916023971185487,-0.1060928481695019,0.06404236632709523,0.8109302162163289,-0.1495317339709656,0.8109302162163289,0.1495317339709656,-0.9604619501872945,0.27628495374738027,0.8109302162163289,0.0,0.0,0.9356115497131915,0.009125073057040483,4.608235088042663,13,0.3864284632814396,16,0.5263157894736842,0.7894736842105263,4,0.14848710160501785
omnimath-169,omnimath,unknown,0,14,0,16,0.9333333333333333,1.0,0.04962850574088922,0.04962850574088924,-0.2556245821404675,0.21357410029806084,-0.1495317339709656,0.21357410029806084,0.1495317339709656,0.21357410029806084,0.36310583426902643,0.42581668771834585,0.6613984822453632,0.0,0.0,0.9356115497131915,0.009125073057040483,4.608235088042663,13,0.3864284632814396,16,0.5263157894736842,0.7894736842105263,4,0.12815689498616223
omnimath-169,omnimath,unknown,0,15,0,16,1.0,0.0,0.26320260603895007,0.26320260603895007,-0.04205048184240667,0.0,0.21357410029806084,0.0,0.21357410029806084,0.0,-0.21357410029806084,0.212242587420285,0.8749725825434241,0.0,0.0,0.9356115497131915,0.009125073057040483,4.608235088042663,13,0.3864284632814396,16,0.5263157894736842,0.7894736842105263,4,0.09037409378733534
omnimath-170,omnimath,unknown,1,0,0,7,0.0,6.0,0.511203298407262,0.5112032984072621,0.0,0.7450582248438976,0.0,-0.538879584059067,0.0,0.538879584059067,-0.538879584059067,0.0,0.0,1.0,1.0,2.2309541023297856,0.18298543433297723,4.071680500471532,3,0.08446799479681942,7,1.0,0.7894736842105263,3,0.43184327451780097
omnimath-170,omnimath,unknown,1,1,1,7,0.16666666666666666,5.0,-0.027676285651805077,-0.027676285651805015,-0.538879584059067,1.2839378089029647,-0.538879584059067,-0.08793007250670248,0.538879584059067,0.08793007250670248,0.4509495115523645,0.538879584059067,0.0,0.0,1.0,2.2309541023297856,0.18298543433297723,4.071680500471532,3,0.08446799479681942,7,1.0,0.7894736842105263,3,0.5947937047133635
omnimath-170,omnimath,unknown,1,2,0,7,0.3333333333333333,4.0,-0.11560635815850756,-0.11560635815850749,-0.6268096565657695,1.3718678814096672,-0.08793007250670248,0.22167188070275387,0.08793007250670248,0.22167188070275387,0.3096019532094564,0.6268096565657695,0.0,0.0,1.0,2.2309541023297856,0.18298543433297723,4.071680500471532,3,0.08446799479681942,7,1.0,0.7894736842105263,3,0.4805300079700196
omnimath-170,omnimath,unknown,1,3,0,7,0.5,3.0,0.10606552254424631,0.10606552254424638,-0.4051377758630157,1.1501960007069132,0.22167188070275387,-0.7398776117663669,0.22167188070275387,0.7398776117663669,-0.9615494924691208,0.4051377758630157,0.22167188070275387,0.0,0.0,2.2309541023297856,0.18298543433297723,4.071680500471532,3,0.08446799479681942,7,1.0,0.7894736842105263,3,0.6267685735511646
omnimath-170,omnimath,unknown,1,4,0,7,0.6666666666666666,2.0,-0.6338120892221206,-0.6338120892221205,-1.1450153876293827,1.8900736124732802,-0.7398776117663669,-0.4626235219481143,0.7398776117663669,0.4626235219481143,0.2772540898182526,1.1450153876293827,0.0,0.0,1.0,2.2309541023297856,0.18298543433297723,4.071680500471532,3,0.08446799479681942,7,1.0,0.7894736842105263,3,0.5157319927073895
omnimath-170,omnimath,unknown,1,5,0,7,0.8333333333333334,1.0,-1.096435611170235,-1.096435611170235,-1.607638909577497,2.3526971344213945,-0.4626235219481143,2.3526971344213945,0.4626235219481143,2.3526971344213945,2.815320656369509,1.607638909577497,0.0,0.0,1.0,2.2309541023297856,0.18298543433297723,4.071680500471532,3,0.08446799479681942,7,1.0,0.7894736842105263,3,0.7368104815906201
omnimath-170,omnimath,unknown,1,6,0,7,1.0,0.0,1.2562615232511596,1.2562615232511596,0.7450582248438976,0.0,2.3526971344213945,0.0,2.3526971344213945,0.0,-2.3526971344213945,0.0,2.3526971344213945,1.0,0.0,2.2309541023297856,0.18298543433297723,4.071680500471532,3,0.08446799479681942,7,1.0,0.7894736842105263,3,0.18221757093219654
omnimath-171,omnimath,unknown,7,0,0,10,0.0,9.0,1.0861947822936189,1.0861947822936189,0.0,-1.3491548141704337,0.0,-0.7094963185614748,0.0,0.7094963185614748,-0.7094963185614748,0.0,0.0,1.0,1.0,1.5611310780822725,0.3012655708197376,4.4782907336520745,6,0.19801199883984952,10,0.0,0.47368421052631576,0,0.23565284627668498
omnimath-171,omnimath,unknown,7,1,0,10,0.1111111111111111,8.0,0.3766984637321441,0.3766984637321441,-0.7094963185614748,-0.6396584956089589,-0.7094963185614748,-0.92734056806074,0.7094963185614748,0.92734056806074,-0.21784424949926517,0.7094963185614748,0.0,0.0,1.0,1.5611310780822725,0.3012655708197376,4.4782907336520745,6,0.19801199883984952,10,0.0,0.47368421052631576,0,0.578038121028758
omnimath-171,omnimath,unknown,7,2,0,10,0.2222222222222222,7.0,-0.5506421043285958,-0.5506421043285958,-1.6368368866222147,0.287682072451781,-0.92734056806074,0.8909729238898649,0.92734056806074,0.8909729238898649,1.818313491950605,1.6368368866222147,0.0,0.0,1.0,1.5611310780822725,0.3012655708197376,4.4782907336520745,6,0.19801199883984952,10,0.0,0.47368421052631576,0,0.6517374484744202
omnimath-171,omnimath,unknown,7,3,0,10,0.3333333333333333,6.0,0.3403308195612691,0.3403308195612691,-0.7458639627323498,-0.6032908514380839,0.8909729238898649,-0.8909729238898649,0.8909729238898649,0.8909729238898649,-1.7819458477797299,0.7458639627323498,0.8909729238898649,0.0,0.0,1.5611310780822725,0.3012655708197376,4.4782907336520745,6,0.19801199883984952,10,0.0,0.47368421052631576,0,0.6707577742270147
omnimath-171,omnimath,unknown,7,4,0,10,0.4444444444444444,5.0,-0.5506421043285958,-0.5506421043285958,-1.6368368866222147,0.287682072451781,-0.8909729238898649,0.2876820724517808,0.8909729238898649,0.2876820724517808,1.1786549963416457,1.6368368866222147,0.0,0.0,1.0,1.5611310780822725,0.3012655708197376,4.4782907336520745,6,0.19801199883984952,10,0.0,0.47368421052631576,0,0.4665973691880583
omnimath-171,omnimath,unknown,7,5,0,10,0.5555555555555556,4.0,-0.26296003187681505,-0.26296003187681505,-1.349154814170434,2.220446049250313e-16,0.2876820724517808,-0.0645385211375713,0.2876820724517808,0.0645385211375713,-0.3522205935893521,1.349154814170434,0.2876820724517808,0.0,0.0,1.5611310780822725,0.3012655708197376,4.4782907336520745,6,0.19801199883984952,10,0.0,0.47368421052631576,0,0.39486482654832444
omnimath-171,omnimath,unknown,7,6,0,10,0.6666666666666666,3.0,-0.32749855301438635,-0.32749855301438635,-1.4136933353080052,0.06453852113757153,-0.0645385211375713,0.04879016416943205,0.0645385211375713,0.04879016416943205,0.11332868530700335,1.4136933353080052,0.2231435513142095,0.0,0.0,1.5611310780822725,0.3012655708197376,4.4782907336520745,6,0.19801199883984952,10,0.0,0.47368421052631576,0,0.32270591098759355
omnimath-171,omnimath,unknown,7,7,1,10,0.7777777777777778,2.0,-0.2787083888449543,-0.2787083888449543,-1.364903171138573,0.015748356968139476,0.04879016416943205,0.7088955375280844,0.04879016416943205,0.7088955375280844,0.6601053733586524,1.364903171138573,0.27193371548364154,0.0,0.0,1.5611310780822725,0.3012655708197376,4.4782907336520745,6,0.19801199883984952,10,0.0,0.47368421052631576,0,0.29144389359563877
omnimath-171,omnimath,unknown,7,8,0,10,0.8888888888888888,1.0,0.4301871486831301,0.4301871486831301,-0.6560076336104887,-0.693147180559945,0.7088955375280844,-0.693147180559945,0.7088955375280844,0.693147180559945,-1.4020427180880293,0.6560076336104887,0.980829253011726,0.0,0.0,1.5611310780822725,0.3012655708197376,4.4782907336520745,6,0.19801199883984952,10,0.0,0.47368421052631576,0,0.27994936172847984
omnimath-171,omnimath,unknown,7,9,0,10,1.0,0.0,-0.2629600318768148,-0.2629600318768148,-1.3491548141704337,0.0,-0.693147180559945,0.0,0.693147180559945,0.0,0.693147180559945,1.3491548141704337,0.287682072451781,0.0,0.0,1.5611310780822725,0.3012655708197376,4.4782907336520745,6,0.19801199883984952,10,0.0,0.47368421052631576,0,0.16516114534678406
omnimath-172,omnimath,unknown,7,0,0,12,0.0,11.0,0.538310791833269,0.538310791833269,0.0,-0.19696989148922261,0.0,-1.0609348043616382,0.0,1.0609348043616382,-1.0609348043616382,0.0,0.0,1.0,1.0,1.2475036735004994,0.041958282381721244,4.694422180995446,7,0.27067077777422804,12,0.8421052631578947,0.631578947368421,3,0.41411253536686143
omnimath-172,omnimath,unknown,7,1,0,12,0.09090909090909091,10.0,-0.5226240125283691,-0.5226240125283691,-1.0609348043616382,0.8639649128724155,-1.0609348043616382,0.4032179161512594,1.0609348043616382,0.4032179161512594,1.4641527205128977,1.0609348043616382,0.0,0.0,1.0,1.2475036735004994,0.041958282381721244,4.694422180995446,7,0.27067077777422804,12,0.8421052631578947,0.631578947368421,3,0.7193730680090568
omnimath-172,omnimath,unknown,7,2,0,12,0.18181818181818182,9.0,-0.11940609637710971,-0.11940609637710971,-0.6577168882103788,0.4607469967211561,0.4032179161512594,0.147388161702544,0.4032179161512594,0.147388161702544,-0.25582975444871536,0.6577168882103788,0.4032179161512594,0.0,0.0,1.2475036735004994,0.041958282381721244,4.694422180995446,7,0.27067077777422804,12,0.8421052631578947,0.631578947368421,3,0.6641138036738107
omnimath-172,omnimath,unknown,7,3,0,12,0.2727272727272727,8.0,0.027982065325434312,0.027982065325434312,-0.5103287265078347,0.3133588350186121,0.147388161702544,0.2940427743618232,0.147388161702544,0.2940427743618232,0.14665461265927918,0.5103287265078347,0.5506060778538034,0.0,0.0,1.2475036735004994,0.041958282381721244,4.694422180995446,7,0.27067077777422804,12,0.8421052631578947,0.631578947368421,3,0.5748120178787729
omnimath-172,omnimath,unknown,7,4,0,12,0.36363636363636365,7.0,0.3220248396872575,0.3220248396872575,-0.21628595214601154,0.019316060656788925,0.2940427743618232,-0.6747498154202292,0.2940427743618232,0.6747498154202292,-0.9687925897820524,0.21628595214601154,0.8446488522156266,0.0,0.0,1.2475036735004994,0.041958282381721244,4.694422180995446,7,0.27067077777422804,12,0.8421052631578947,0.631578947368421,3,0.5795884973310498
omnimath-172,omnimath,unknown,7,5,0,12,0.45454545454545453,6.0,-0.35272497573297174,-0.35272497573297174,-0.8910357675662408,0.6940658760770182,-0.6747498154202292,0.25782910930209957,0.6747498154202292,0.25782910930209957,0.9325789247223287,0.8910357675662408,0.16989903679539736,0.0,0.0,1.2475036735004994,0.041958282381721244,4.694422180995446,7,0.27067077777422804,12,0.8421052631578947,0.631578947368421,3,0.5353886775371397
omnimath-172,omnimath,unknown,7,6,0,12,0.5454545454545454,5.0,-0.09489586643087215,-0.09489586643087215,-0.6332066582641411,0.43623676677491857,0.25782910930209957,-0.6325225587435103,0.25782910930209957,0.6325225587435103,-0.8903516680456098,0.6332066582641411,0.42772814609749693,0.0,0.0,1.2475036735004994,0.041958282381721244,4.694422180995446,7,0.27067077777422804,12,0.8421052631578947,0.631578947368421,3,0.4905479246823102
omnimath-172,omnimath,unknown,7,7,1,12,0.6363636363636364,4.0,-0.7274184251743824,-0.7274184251743824,-1.2657292170076513,1.0687593255184287,-0.6325225587435103,0.46262352194811274,0.6325225587435103,0.46262352194811274,1.095146080691623,1.2657292170076513,0.0,0.0,1.0,1.2475036735004994,0.041958282381721244,4.694422180995446,7,0.27067077777422804,12,0.8421052631578947,0.631578947368421,3,0.35542620508796197
omnimath-172,omnimath,unknown,7,8,0,12,0.7272727272727273,3.0,-0.26479490322626964,-0.26479490322626964,-0.8031056950595387,0.606135803570316,0.46262352194811274,0.9595853327307019,0.46262352194811274,0.9595853327307019,0.49696181078258916,0.8031056950595387,0.46262352194811274,0.0,0.0,1.2475036735004994,0.041958282381721244,4.694422180995446,7,0.27067077777422804,12,0.8421052631578947,0.631578947368421,3,0.44077575550832593
omnimath-172,omnimath,unknown,7,9,0,12,0.8181818181818182,2.0,0.6947904295044323,0.6947904295044323,0.15647963767116324,-0.35344952916038586,0.9595853327307019,-0.537375176728897,0.9595853327307019,0.537375176728897,-1.496960509459599,0.0,1.4222088546788147,1.0,0.0,1.2475036735004994,0.041958282381721244,4.694422180995446,7,0.27067077777422804,12,0.8421052631578947,0.631578947368421,3,0.15397738881226475
omnimath-172,omnimath,unknown,7,10,0,12,0.9090909090909091,1.0,0.15741525277553528,0.15741525277553528,-0.38089553905773377,0.18392564756851112,-0.537375176728897,0.18392564756851112,0.537375176728897,0.18392564756851112,0.7213008242974082,0.537375176728897,0.8848336779499176,0.0,0.0,1.2475036735004994,0.041958282381721244,4.694422180995446,7,0.27067077777422804,12,0.8421052631578947,0.631578947368421,3,0.17898267316599534
omnimath-172,omnimath,unknown,7,11,0,12,1.0,0.0,0.3413409003440464,0.3413409003440464,-0.19696989148922261,0.0,0.18392564756851112,0.0,0.18392564756851112,0.0,-0.18392564756851112,0.35344952916038586,1.0687593255184287,0.0,0.0,1.2475036735004994,0.041958282381721244,4.694422180995446,7,0.27067077777422804,12,0.8421052631578947,0.631578947368421,3,0.10655367812790623
omnimath-173,omnimath,unknown,3,0,0,5,0.0,4.0,0.1150728289807123,0.1150728289807123,0.0,-1.3862943611198906,0.0,-0.6931471805599454,0.0,0.6931471805599454,-0.6931471805599454,0.0,0.0,1.0,1.0,2.4119437886764272,0.29907448247117013,4.635281317434112,2,0.07097573787420021,5,0.5263157894736842,1.0,1,0.6901375296204217
omnimath-173,omnimath,unknown,3,1,0,5,0.25,3.0,-0.578074351579233,-0.578074351579233,-0.6931471805599454,-0.6931471805599452,-0.6931471805599454,1.7917594692280552,0.6931471805599454,1.7917594692280552,2.484906649788001,0.6931471805599454,0.0,0.0,1.0,2.4119437886764272,0.29907448247117013,4.635281317434112,2,0.07097573787420021,5,0.5263157894736842,1.0,1,0.8419867705041166
omnimath-173,omnimath,unknown,3,2,0,5,0.5,2.0,1.2136851176488221,1.2136851176488221,1.0986122886681098,-2.4849066497880004,1.7917594692280552,-0.6931471805599454,1.7917594692280552,0.6931471805599454,-2.484906649788001,0.0,1.7917594692280552,1.0,0.0,2.4119437886764272,0.29907448247117013,4.635281317434112,2,0.07097573787420021,5,0.5263157894736842,1.0,1,0.4788266635631531
omnimath-173,omnimath,unknown,3,3,1,5,0.75,1.0,0.5205379370888767,0.5205379370888767,0.40546510810816444,-1.791759469228055,-0.6931471805599454,-1.791759469228055,0.6931471805599454,1.791759469228055,-1.0986122886681096,0.6931471805599454,1.0986122886681098,0.0,0.0,2.4119437886764272,0.29907448247117013,4.635281317434112,2,0.07097573787420021,5,0.5263157894736842,1.0,1,0.6689881301267752
omnimath-173,omnimath,unknown,3,4,0,5,1.0,0.0,-1.2712215321391782,-1.2712215321391782,-1.3862943611198906,0.0,-1.791759469228055,0.0,1.791759469228055,0.0,1.791759469228055,2.4849066497880004,0.0,0.0,1.0,2.4119437886764272,0.29907448247117013,4.635281317434112,2,0.07097573787420021,5,0.5263157894736842,1.0,1,0.454573855113787
omnimath-174,omnimath,unknown,20,0,0,30,0.0,29.0,0.44713378956843935,0.44713378956843935,0.0,-0.2954642128938304,0.0,-0.17768117723745241,0.0,0.17768117723745241,-0.17768117723745241,0.0,0.0,1.0,1.0,0.6902235276247808,0.07995406563688642,3.6954244983074305,13,0.34276232799268885,30,0.0,0.7894736842105263,1,0.18240462030635926
omnimath-174,omnimath,unknown,20,1,0,30,0.034482758620689655,28.0,0.26945261233098694,0.26945261233098694,-0.17768117723745241,-0.11778303565637802,-0.17768117723745241,-0.18232155679395484,0.17768117723745241,0.18232155679395484,-0.0046403795565024275,0.17768117723745241,0.0,0.0,1.0,0.6902235276247808,0.07995406563688642,3.6954244983074305,13,0.34276232799268885,30,0.0,0.7894736842105263,1,0.3565349000190865
omnimath-174,omnimath,unknown,20,2,0,30,0.06896551724137931,27.0,0.0871310555370321,0.0871310555370321,-0.36000273403140726,0.06453852113757683,-0.18232155679395484,-0.05884050002293353,0.18232155679395484,0.05884050002293353,0.12348105677102131,0.36000273403140726,0.0,0.0,1.0,0.6902235276247808,0.07995406563688642,3.6954244983074305,13,0.34276232799268885,30,0.0,0.7894736842105263,1,0.35273686398362714
omnimath-174,omnimath,unknown,20,3,0,30,0.10344827586206896,26.0,0.02829055551409857,0.02829055551409857,-0.41884323405434076,0.12337902116051036,-0.05884050002293353,0.27625337662815824,0.05884050002293353,0.27625337662815824,0.33509387665109175,0.41884323405434076,0.0,0.0,1.0,0.6902235276247808,0.07995406563688642,3.6954244983074305,13,0.34276232799268885,30,0.0,0.7894736842105263,1,0.3410430565208851
omnimath-174,omnimath,unknown,20,4,0,30,0.13793103448275862,25.0,0.30454393214225683,0.30454393214225683,-0.14258985742618252,-0.1528743554676479,0.27625337662815824,-0.30702503529491165,0.27625337662815824,0.30702503529491165,-0.5832784119230698,0.14258985742618252,0.27625337662815824,0.0,0.0,0.6902235276247808,0.07995406563688642,3.6954244983074305,13,0.34276232799268885,30,0.0,0.7894736842105263,1,0.3342865158308182
omnimath-174,omnimath,unknown,20,5,0,30,0.1724137931034483,24.0,-0.0024811031526548316,-0.0024811031526548307,-0.4496148927210942,0.15415067982726377,-0.30702503529491165,-0.13353139262452257,0.30702503529491165,0.13353139262452257,0.17349364267038908,0.4496148927210942,0.0,0.0,1.0,0.6902235276247808,0.07995406563688642,3.6954244983074305,13,0.34276232799268885,30,0.0,0.7894736842105263,1,0.29524961158164975
omnimath-174,omnimath,unknown,20,6,0,30,0.20689655172413793,23.0,-0.1360124957771774,-0.1360124957771774,-0.5831462853456167,0.28768207245178634,-0.13353139262452257,-0.13353139262452285,0.13353139262452257,0.13353139262452285,-2.7755575615628914e-16,0.5831462853456167,0.0,0.0,1.0,0.6902235276247808,0.07995406563688642,3.6954244983074305,13,0.34276232799268885,30,0.0,0.7894736842105263,1,0.2967501253342088
omnimath-174,omnimath,unknown,20,7,0,30,0.2413793103448276,22.0,-0.26954388840170024,-0.26954388840170024,-0.7166776779701396,0.4212134650763092,-0.13353139262452285,0.13353139262452274,0.13353139262452285,0.13353139262452274,0.2670627852490456,0.7166776779701396,0.0,0.0,1.0,0.6902235276247808,0.07995406563688642,3.6954244983074305,13,0.34276232799268885,30,0.0,0.7894736842105263,1,0.2867779847732863
omnimath-174,omnimath,unknown,20,8,0,30,0.27586206896551724,21.0,-0.1360124957771775,-0.1360124957771775,-0.5831462853456169,0.28768207245178645,0.13353139262452274,0.0,0.13353139262452274,0.0,-0.13353139262452274,0.5831462853456169,0.13353139262452274,0.0,0.0,0.6902235276247808,0.07995406563688642,3.6954244983074305,13,0.34276232799268885,30,0.0,0.7894736842105263,1,0.24546634119138078
omnimath-174,omnimath,unknown,20,9,0,30,0.3103448275862069,20.0,-0.1360124957771775,-0.1360124957771775,-0.5831462853456169,0.28768207245178645,0.0,0.15415067982725805,0.0,0.15415067982725805,0.15415067982725805,0.5831462853456169,0.13353139262452274,0.0,0.0,0.6902235276247808,0.07995406563688642,3.6954244983074305,13,0.34276232799268885,30,0.0,0.7894736842105263,1,0.22216438384806717
omnimath-174,omnimath,unknown,20,10,0,30,0.3448275862068966,19.0,0.018138184050080546,0.018138184050080546,-0.4289956055183588,0.13353139262452837,0.15415067982725805,1.1102230246251565e-16,0.15415067982725805,1.1102230246251565e-16,-0.15415067982725794,0.4289956055183588,0.2876820724517808,0.0,0.0,0.6902235276247808,0.07995406563688642,3.6954244983074305,13,0.34276232799268885,30,0.0,0.7894736842105263,1,0.18827620300212095
omnimath-174,omnimath,unknown,20,11,0,30,0.3793103448275862,18.0,0.018138184050080657,0.018138184050080657,-0.4289956055183587,0.13353139262452826,1.1102230246251565e-16,-0.2876820724517809,1.1102230246251565e-16,0.2876820724517809,-0.287682072451781,0.4289956055183587,0.2876820724517809,0.0,0.0,0.6902235276247808,0.07995406563688642,3.6954244983074305,13,0.34276232799268885,30,0.0,0.7894736842105263,1,0.19512105863972892
omnimath-174,omnimath,unknown,20,12,0,30,0.41379310344827586,17.0,-0.26954388840170024,-0.26954388840170024,-0.7166776779701396,0.4212134650763092,-0.2876820724517809,0.13353139262452246,0.2876820724517809,0.13353139262452246,0.42121346507630336,0.7166776779701396,0.0,0.0,1.0,0.6902235276247808,0.07995406563688642,3.6954244983074305,13,0.34276232799268885,30,0.0,0.7894736842105263,1,0.16371179111309403
omnimath-174,omnimath,unknown,20,13,0,30,0.4482758620689655,16.0,-0.13601249577717778,-0.13601249577717778,-0.5831462853456171,0.2876820724517867,0.13353139262452246,0.28768207245178107,0.13353139262452246,0.28768207245178107,0.1541506798272586,0.5831462853456171,0.13353139262452246,0.0,0.0,0.6902235276247808,0.07995406563688642,3.6954244983074305,13,0.34276232799268885,30,0.0,0.7894736842105263,1,0.14499814600744765
omnimath-174,omnimath,unknown,20,14,0,30,0.4827586206896552,15.0,0.1516695766746033,0.1516695766746033,-0.29546421289383606,5.6343818499726694e-15,0.28768207245178107,-0.2876820724517808,0.28768207245178107,0.2876820724517808,-0.5753641449035618,0.29546421289383606,0.42121346507630353,0.0,0.0,0.6902235276247808,0.07995406563688642,3.6954244983074305,13,0.34276232799268885,30,0.0,0.7894736842105263,1,0.13675671537641979
omnimath-174,omnimath,unknown,20,15,0,30,0.5172413793103449,14.0,-0.1360124957771775,-0.1360124957771775,-0.5831462853456169,0.28768207245178645,-0.2876820724517808,0.27193371548364187,0.2876820724517808,0.27193371548364187,0.5596157879354227,0.5831462853456169,0.13353139262452274,0.0,0.0,0.6902235276247808,0.07995406563688642,3.6954244983074305,13,0.34276232799268885,30,0.0,0.7894736842105263,1,0.11117919565870688
omnimath-174,omnimath,unknown,20,16,0,30,0.5517241379310345,13.0,0.13592121970646437,0.13592121970646437,-0.311212569861975,0.015748356968144556,0.27193371548364187,-0.4054651081081645,0.27193371548364187,0.4054651081081645,-0.6773988235918064,0.311212569861975,0.4054651081081646,0.0,0.0,0.6902235276247808,0.07995406563688642,3.6954244983074305,13,0.34276232799268885,30,0.0,0.7894736842105263,1,0.11486531369050977
omnimath-174,omnimath,unknown,20,17,0,30,0.5862068965517241,12.0,-0.2695438884017001,-0.2695438884017001,-0.7166776779701395,0.4212134650763091,-0.4054651081081645,0.525010258757947,0.4054651081081645,0.525010258757947,0.9304753668661115,0.7166776779701395,1.1102230246251565e-16,0.0,1.0,0.6902235276247808,0.07995406563688642,3.6954244983074305,13,0.34276232799268885,30,0.0,0.7894736842105263,1,0.09560115232962783
omnimath-174,omnimath,unknown,20,18,0,30,0.6206896551724138,11.0,0.25546637035624686,0.25546637035624686,-0.1916674192121925,-0.10379679368163794,0.525010258757947,-0.39147886613342436,0.525010258757947,0.39147886613342436,-0.9164891248913714,0.1916674192121925,0.525010258757947,0.0,0.0,0.6902235276247808,0.07995406563688642,3.6954244983074305,13,0.34276232799268885,30,0.0,0.7894736842105263,1,0.08831396421735044
omnimath-174,omnimath,unknown,20,19,0,30,0.6551724137931034,10.0,-0.1360124957771775,-0.1360124957771775,-0.5831462853456169,0.28768207245178645,-0.39147886613342436,-1.3877787807814457e-16,0.39147886613342436,1.3877787807814457e-16,0.3914788661334242,0.5831462853456169,0.13353139262452274,0.0,0.0,0.6902235276247808,0.07995406563688642,3.6954244983074305,13,0.34276232799268885,30,0.0,0.7894736842105263,1,0.06126965246052556
omnimath-174,omnimath,unknown,20,20,1,30,0.6896551724137931,9.0,-0.13601249577717764,-0.13601249577717764,-0.583146285345617,0.28768207245178656,-1.3877787807814457e-16,0.41925843024050036,1.3877787807814457e-16,0.41925843024050036,0.41925843024050047,0.583146285345617,0.1335313926245226,0.0,0.0,0.6902235276247808,0.07995406563688642,3.6954244983074305,13,0.34276232799268885,30,0.0,0.7894736842105263,1,0.0581046197941482
omnimath-174,omnimath,unknown,20,21,0,30,0.7241379310344828,8.0,0.2832459344633227,0.2832459344633227,-0.16388785510511666,-0.13157635778871377,0.41925843024050036,-0.30147539458411665,0.41925843024050036,0.30147539458411665,-0.720733824824617,0.16388785510511666,0.552789822865023,0.0,0.0,0.6902235276247808,0.07995406563688642,3.6954244983074305,13,0.34276232799268885,30,0.0,0.7894736842105263,1,0.05363489311249268
omnimath-174,omnimath,unknown,20,22,0,30,0.7586206896551724,7.0,-0.01822946012079396,-0.01822946012079396,-0.4653632496892333,0.16989903679540289,-0.30147539458411665,-0.25131442828090617,0.30147539458411665,0.25131442828090617,0.050160966303210486,0.4653632496892333,0.2513144282809063,0.0,0.0,0.6902235276247808,0.07995406563688642,3.6954244983074305,13,0.34276232799268885,30,0.0,0.7894736842105263,1,0.046586103217963
omnimath-174,omnimath,unknown,20,23,0,30,0.7931034482758621,6.0,-0.2695438884017001,-0.2695438884017001,-0.7166776779701395,0.4212134650763091,-0.25131442828090617,0.4054651081081643,0.25131442828090617,0.4054651081081643,0.6567795363890705,0.7166776779701395,1.1102230246251565e-16,0.0,1.0,0.6902235276247808,0.07995406563688642,3.6954244983074305,13,0.34276232799268885,30,0.0,0.7894736842105263,1,0.04055138523375349
omnimath-174,omnimath,unknown,20,24,0,30,0.8275862068965517,5.0,0.13592121970646415,0.13592121970646415,-0.3112125698619752,0.015748356968144778,0.4054651081081643,-0.27193371548364154,0.4054651081081643,0.27193371548364154,-0.6773988235918058,0.3112125698619752,0.4054651081081644,0.0,0.0,0.6902235276247808,0.07995406563688642,3.6954244983074305,13,0.34276232799268885,30,0.0,0.7894736842105263,1,0.03609635901614941
omnimath-174,omnimath,unknown,20,25,0,30,0.8620689655172413,4.0,-0.1360124957771774,-0.1360124957771774,-0.5831462853456167,0.28768207245178634,-0.27193371548364154,0.15415067982725839,0.27193371548364154,0.15415067982725839,0.4260843953108999,0.5831462853456167,0.13353139262452285,0.0,0.0,0.6902235276247808,0.07995406563688642,3.6954244983074305,13,0.34276232799268885,30,0.0,0.7894736842105263,1,0.02738785835370597
omnimath-174,omnimath,unknown,20,26,0,30,0.896551724137931,3.0,0.01813818405008099,0.01813818405008099,-0.42899560551835836,0.13353139262452793,0.15415067982725839,0.0,0.15415067982725839,0.0,-0.15415067982725839,0.42899560551835836,0.28768207245178123,0.0,0.0,0.6902235276247808,0.07995406563688642,3.6954244983074305,13,0.34276232799268885,30,0.0,0.7894736842105263,1,0.021996973015793314
omnimath-174,omnimath,unknown,20,27,0,30,0.9310344827586207,2.0,0.01813818405008099,0.01813818405008099,-0.42899560551835836,0.13353139262452793,0.0,-0.1541506798272585,0.0,0.1541506798272585,-0.1541506798272585,0.42899560551835836,0.28768207245178123,0.0,0.0,0.6902235276247808,0.07995406563688642,3.6954244983074305,13,0.34276232799268885,30,0.0,0.7894736842105263,1,0.020784492053124905
omnimath-174,omnimath,unknown,20,28,0,30,0.9655172413793104,1.0,-0.1360124957771775,-0.1360124957771775,-0.5831462853456169,0.28768207245178645,-0.1541506798272585,0.28768207245178645,0.1541506798272585,0.28768207245178645,0.44183275227904495,0.5831462853456169,0.13353139262452274,0.0,0.0,0.6902235276247808,0.07995406563688642,3.6954244983074305,13,0.34276232799268885,30,0.0,0.7894736842105263,1,0.018370155425028095
omnimath-174,omnimath,unknown,20,29,0,30,1.0,0.0,0.15166957667460892,0.15166957667460892,-0.2954642128938304,0.0,0.28768207245178645,0.0,0.28768207245178645,0.0,-0.28768207245178645,0.2954642128938304,0.4212134650763092,0.0,0.0,0.6902235276247808,0.07995406563688642,3.6954244983074305,13,0.34276232799268885,30,0.0,0.7894736842105263,1,0.014063429217587875
omnimath-175,omnimath,unknown,2,0,0,4,0.0,3.0,0.9820469855703752,0.9820469855703752,0.0,-1.2527629684953676,0.0,-0.4418327522790392,0.0,0.4418327522790392,-0.4418327522790392,0.0,0.0,1.0,1.0,2.181969629243319,0.40266537531979035,3.11117628999127,1,0.03616241613323515,4,0.0,0.6842105263157895,2,0.4362984428748062
omnimath-175,omnimath,unknown,2,1,0,4,0.3333333333333333,2.0,0.540214233291336,0.540214233291336,-0.4418327522790392,-0.8109302162163285,-0.4418327522790392,-1.7917594692280547,0.4418327522790392,1.7917594692280547,-1.3499267169490157,0.4418327522790392,0.0,0.0,1.0,2.181969629243319,0.40266537531979035,3.11117628999127,1,0.03616241613323515,4,0.0,0.6842105263157895,2,0.7211068096606063
omnimath-175,omnimath,unknown,2,2,1,4,0.6666666666666666,1.0,-1.2515452359367187,-1.2515452359367187,-2.233592221507094,0.9808292530117262,-1.7917594692280547,0.9808292530117262,1.7917594692280547,0.9808292530117262,2.7725887222397807,2.233592221507094,0.0,0.0,1.0,2.181969629243319,0.40266537531979035,3.11117628999127,1,0.03616241613323515,4,0.0,0.6842105263157895,2,0.8166057355835101
omnimath-175,omnimath,unknown,2,3,0,4,1.0,0.0,-0.27071598292499255,-0.27071598292499255,-1.2527629684953676,0.0,0.9808292530117262,0.0,0.9808292530117262,0.0,-0.9808292530117262,1.2527629684953676,0.9808292530117262,0.0,0.0,2.181969629243319,0.40266537531979035,3.11117628999127,1,0.03616241613323515,4,0.0,0.6842105263157895,2,0.5121806292070477
omnimath-176,omnimath,unknown,1,0,0,10,0.0,9.0,-0.2832725003191865,-0.2832725003191865,0.0,-0.06453852113757164,0.0,0.0,0.0,0.0,0.0,0.0,0.0,1.0,1.0,1.2200625688983213,0.014160444473701937,4.557662102868969,4,0.20776157235084425,10,0.3157894736842105,0.8947368421052632,3,0.4932799972873666
omnimath-176,omnimath,unknown,1,1,1,10,0.1111111111111111,8.0,-0.2832725003191865,-0.2832725003191865,0.0,-0.06453852113757164,0.0,0.40546510810816394,0.0,0.40546510810816394,0.40546510810816394,0.0,0.0,1.0,1.0,1.2200625688983213,0.014160444473701937,4.557662102868969,4,0.20776157235084425,10,0.3157894736842105,0.8947368421052632,3,0.47643415369557174
omnimath-176,omnimath,unknown,1,2,0,10,0.2222222222222222,7.0,0.12219260778897745,0.12219260778897746,0.40546510810816394,-0.4700036292457356,0.40546510810816394,0.6396584956089592,0.40546510810816394,0.6396584956089592,0.2341933875007952,0.0,0.40546510810816394,1.0,0.0,1.2200625688983213,0.014160444473701937,4.557662102868969,4,0.20776157235084425,10,0.3157894736842105,0.8947368421052632,3,0.5559140497406466
omnimath-176,omnimath,unknown,1,3,0,10,0.3333333333333333,6.0,0.7618511033979366,0.7618511033979366,1.0451236037171232,-1.1096621248546947,0.6396584956089592,-1.3328056761689042,0.6396584956089592,1.3328056761689042,-1.9724641717778635,0.0,1.0451236037171232,1.0,0.0,1.2200625688983213,0.014160444473701937,4.557662102868969,4,0.20776157235084425,10,0.3157894736842105,0.8947368421052632,3,0.5647820646498588
omnimath-176,omnimath,unknown,1,4,0,10,0.4444444444444444,5.0,-0.5709545727709676,-0.5709545727709676,-0.2876820724517811,0.2231435513142095,-1.3328056761689042,0.5108256237659904,1.3328056761689042,0.5108256237659904,1.8436312999348945,1.3328056761689042,0.0,0.0,1.0,1.2200625688983213,0.014160444473701937,4.557662102868969,4,0.20776157235084425,10,0.3157894736842105,0.8947368421052632,3,0.5857316833675459
omnimath-176,omnimath,unknown,1,5,0,10,0.5555555555555556,4.0,-0.060128949004977256,-0.06012894900497724,0.22314355131420924,-0.2876820724517809,0.5108256237659904,0.5306282510621707,0.5108256237659904,0.5306282510621707,0.01980262729618032,0.8219800524029138,0.5108256237659904,0.0,0.0,1.2200625688983213,0.014160444473701937,4.557662102868969,4,0.20776157235084425,10,0.3157894736842105,0.8947368421052632,3,0.5238785260678198
omnimath-176,omnimath,unknown,1,6,0,10,0.6666666666666666,3.0,0.4704993020571934,0.4704993020571934,0.75377180237638,-0.8183103235139515,0.5306282510621707,0.29135180134074307,0.5306282510621707,0.29135180134074307,-0.23927644972142764,0.2913518013407432,1.041453874828161,0.0,0.0,1.2200625688983213,0.014160444473701937,4.557662102868969,4,0.20776157235084425,10,0.3157894736842105,0.8947368421052632,3,0.34297617698572824
omnimath-176,omnimath,unknown,1,7,0,10,0.7777777777777778,2.0,0.7618511033979365,0.7618511033979365,1.045123603717123,-1.1096621248546947,0.29135180134074307,-1.3328056761689047,0.29135180134074307,1.3328056761689047,-1.6241574775096477,1.1102230246251565e-16,1.332805676168904,1.0,0.0,1.2200625688983213,0.014160444473701937,4.557662102868969,4,0.20776157235084425,10,0.3157894736842105,0.8947368421052632,3,0.26306031833159066
omnimath-176,omnimath,unknown,1,8,0,10,0.8888888888888888,1.0,-0.5709545727709682,-0.5709545727709682,-0.2876820724517817,0.22314355131421004,-1.3328056761689047,0.22314355131421004,1.3328056761689047,0.22314355131421004,1.5559492274831146,1.3328056761689049,0.0,0.0,1.0,1.2200625688983213,0.014160444473701937,4.557662102868969,4,0.20776157235084425,10,0.3157894736842105,0.8947368421052632,3,0.25215597476364554
omnimath-176,omnimath,unknown,1,9,0,10,1.0,0.0,-0.34781102145675813,-0.34781102145675813,-0.06453852113757164,0.0,0.22314355131421004,0.0,0.22314355131421004,0.0,-0.22314355131421004,1.1096621248546947,0.22314355131421004,0.0,0.0,1.2200625688983213,0.014160444473701937,4.557662102868969,4,0.20776157235084425,10,0.3157894736842105,0.8947368421052632,3,0.18851050955629406
omnimath-177,omnimath,unknown,3,0,0,7,0.0,6.0,0.921979200502018,0.921979200502018,0.0,-0.6191524907626179,0.0,-1.3590301025289846,0.0,1.3590301025289846,-1.3590301025289846,0.0,0.0,1.0,1.0,1.8216536244770978,0.12389059436133597,4.997574625857509,4,0.15166560071908095,7,0.0,0.5263157894736842,3,0.38473365563941503
omnimath-177,omnimath,unknown,3,1,0,7,0.16666666666666666,5.0,-0.4370509020269665,-0.43705090202696656,-1.3590301025289846,0.7398776117663666,-1.3590301025289846,0.5182057310636132,1.3590301025289846,0.5182057310636132,1.8772358335925978,1.3590301025289846,0.0,0.0,1.0,1.8216536244770978,0.12389059436133597,4.997574625857509,4,0.15166560071908095,7,0.0,0.5263157894736842,3,0.7073846499701364
omnimath-177,omnimath,unknown,3,2,0,7,0.3333333333333333,4.0,0.08115482903664675,0.08115482903664671,-0.8408243714653713,0.22167188070275332,0.5182057310636132,-0.9808292530117265,0.5182057310636132,0.9808292530117265,-1.4990349840753399,0.8408243714653713,0.5182057310636132,0.0,0.0,1.8216536244770978,0.12389059436133597,4.997574625857509,4,0.15166560071908095,7,0.0,0.5263157894736842,3,0.7284824212121892
omnimath-177,omnimath,unknown,3,3,1,7,0.5,3.0,-0.8996744239750798,-0.8996744239750798,-1.8216536244770978,1.2025011337144798,-0.9808292530117265,0.0,0.9808292530117265,0.0,0.9808292530117265,1.8216536244770978,0.0,0.0,1.0,1.8216536244770978,0.12389059436133597,4.997574625857509,4,0.15166560071908095,7,0.0,0.5263157894736842,3,0.5019243320828678
omnimath-177,omnimath,unknown,3,4,0,7,0.6666666666666666,2.0,-0.8996744239750798,-0.8996744239750798,-1.8216536244770978,1.2025011337144798,0.0,1.8301134346741414,0.0,1.8301134346741414,1.8301134346741414,1.8216536244770978,0.0,0.0,1.0,1.8216536244770978,0.12389059436133597,4.997574625857509,4,0.15166560071908095,7,0.0,0.5263157894736842,3,0.5766339754361907
omnimath-177,omnimath,unknown,3,5,0,7,0.8333333333333334,1.0,0.9304390106990617,0.9304390106990617,0.008459810197043671,-0.6276123009596616,1.8301134346741414,-0.6276123009596616,1.8301134346741414,0.6276123009596616,-2.457725735633803,0.0,1.8301134346741414,1.0,0.0,1.8216536244770978,0.12389059436133597,4.997574625857509,4,0.15166560071908095,7,0.0,0.5263157894736842,3,0.2668010375069145
omnimath-177,omnimath,unknown,3,6,0,7,1.0,0.0,0.30282670973940007,0.3028267097394,-0.6191524907626179,0.0,-0.6276123009596616,0.0,0.6276123009596616,0.0,0.6276123009596616,0.6276123009596616,1.2025011337144798,0.0,0.0,1.8216536244770978,0.12389059436133597,4.997574625857509,4,0.15166560071908095,7,0.0,0.5263157894736842,3,0.18133716780173761
omnimath-178,omnimath,unknown,4,0,0,10,0.0,9.0,1.0363837643550267,1.0363837643550267,0.0,-0.7844386007693523,0.0,-0.9096017437233586,0.0,0.9096017437233586,-0.9096017437233586,0.0,0.0,1.0,1.0,1.716448183930154,0.1982872475954963,3.95607186181533,7,0.21778176790884005,10,0.0,0.6842105263157895,1,0.3716277969047624
omnimath-178,omnimath,unknown,4,1,0,10,0.1111111111111111,8.0,0.1267820206316681,0.1267820206316681,-0.9096017437233586,0.1251631429540062,-0.9096017437233586,0.0,0.9096017437233586,0.0,0.9096017437233586,0.9096017437233586,0.0,0.0,1.0,1.716448183930154,0.1982872475954963,3.95607186181533,7,0.21778176790884005,10,0.0,0.6842105263157895,1,0.5975505969522446
omnimath-178,omnimath,unknown,4,2,0,10,0.2222222222222222,7.0,0.1267820206316681,0.1267820206316681,-0.9096017437233586,0.1251631429540062,0.0,0.22314355131420976,0.0,0.22314355131420976,0.22314355131420976,0.9096017437233586,0.0,0.0,1.0,1.716448183930154,0.1982872475954963,3.95607186181533,7,0.21778176790884005,10,0.0,0.6842105263157895,1,0.5057200842851767
omnimath-178,omnimath,unknown,4,3,0,10,0.3333333333333333,6.0,0.34992557194587787,0.34992557194587787,-0.6864581924091488,-0.09798040836020355,0.22314355131420976,-0.9162907318741551,0.22314355131420976,0.9162907318741551,-1.1394342831883648,0.6864581924091488,0.22314355131420976,0.0,0.0,1.716448183930154,0.1982872475954963,3.95607186181533,7,0.21778176790884005,10,0.0,0.6842105263157895,1,0.5627243456255867
omnimath-178,omnimath,unknown,4,4,1,10,0.4444444444444444,5.0,-0.5663651599282772,-0.5663651599282772,-1.6027489242833037,0.8183103235139515,-0.9162907318741551,0.5108256237659907,0.9162907318741551,0.5108256237659907,1.4271163556401458,1.6027489242833037,0.0,0.0,1.0,1.716448183930154,0.1982872475954963,3.95607186181533,7,0.21778176790884005,10,0.0,0.6842105263157895,1,0.5624719210474401
omnimath-178,omnimath,unknown,4,5,0,10,0.5555555555555556,4.0,-0.05553953616228649,-0.055539536162286504,-1.0919233005173132,0.3074846997479608,0.5108256237659907,-0.7339691750802004,0.5108256237659907,0.7339691750802004,-1.2447947988461912,1.0919233005173132,0.5108256237659907,0.0,0.0,1.716448183930154,0.1982872475954963,3.95607186181533,7,0.21778176790884005,10,0.0,0.6842105263157895,1,0.5421463838906763
omnimath-178,omnimath,unknown,4,6,0,10,0.6666666666666666,3.0,-0.7895087112424869,-0.7895087112424869,-1.8258924755975134,1.0414538748281612,-0.7339691750802004,0.6931471805599453,0.7339691750802004,0.6931471805599453,1.4271163556401456,1.8258924755975134,0.0,0.0,1.0,1.716448183930154,0.1982872475954963,3.95607186181533,7,0.21778176790884005,10,0.0,0.6842105263157895,1,0.4522074340475761
omnimath-178,omnimath,unknown,4,7,0,10,0.7777777777777778,2.0,-0.09636153068254161,-0.09636153068254162,-1.1327452950375683,0.3483066942682159,0.6931471805599453,-0.287682072451781,0.6931471805599453,0.287682072451781,-0.9808292530117263,1.1327452950375683,0.6931471805599453,0.0,0.0,1.716448183930154,0.1982872475954963,3.95607186181533,7,0.21778176790884005,10,0.0,0.6842105263157895,1,0.3367404545049316
omnimath-178,omnimath,unknown,4,8,0,10,0.8888888888888888,1.0,-0.3840436031343226,-0.3840436031343226,-1.4204273674893493,0.6359887667199969,-0.287682072451781,0.6359887667199969,0.287682072451781,0.6359887667199969,0.923670839171778,1.4204273674893493,0.4054651081081643,0.0,0.0,1.716448183930154,0.1982872475954963,3.95607186181533,7,0.21778176790884005,10,0.0,0.6842105263157895,1,0.2448931399056626
omnimath-178,omnimath,unknown,4,9,0,10,1.0,0.0,0.2519451635856743,0.2519451635856743,-0.7844386007693523,0.0,0.6359887667199969,0.0,0.6359887667199969,0.0,-0.6359887667199969,0.7844386007693523,1.0414538748281612,0.0,0.0,1.716448183930154,0.1982872475954963,3.95607186181533,7,0.21778176790884005,10,0.0,0.6842105263157895,1,0.14455884925720536
omnimath-179,omnimath,unknown,1,0,0,7,0.0,6.0,1.26693828675483,1.26693828675483,0.0,-1.2523492837999388,0.0,-0.9615130234863571,0.0,0.9615130234863571,-0.9615130234863571,0.0,0.0,1.0,1.0,1.9051828535152269,0.4189969712415732,2.988922044207081,3,0.05488578381836259,7,0.0,0.8421052631578947,4,0.4048983927684976
omnimath-179,omnimath,unknown,1,1,1,7,0.16666666666666666,5.0,0.3054252632684729,0.3054252632684729,-0.9615130234863571,-0.2908362603135816,-0.9615130234863571,-0.7221092523776189,0.9615130234863571,0.7221092523776189,0.23940377110873823,0.9615130234863571,0.0,0.0,1.0,1.9051828535152269,0.4189969712415732,2.988922044207081,3,0.05488578381836259,7,0.0,0.8421052631578947,4,0.7147435352554734
omnimath-179,omnimath,unknown,1,2,0,7,0.3333333333333333,4.0,-0.416683989109146,-0.416683989109146,-1.683622275863976,0.4312729920640373,-0.7221092523776189,0.0647056194753316,0.7221092523776189,0.0647056194753316,0.7868148718529505,1.683622275863976,0.0,0.0,1.0,1.9051828535152269,0.4189969712415732,2.988922044207081,3,0.05488578381836259,7,0.0,0.8421052631578947,4,0.6436636238062857
omnimath-179,omnimath,unknown,1,3,0,7,0.5,3.0,-0.3519783696338144,-0.3519783696338144,-1.6189166563886443,0.3665673725887057,0.0647056194753316,0.20820127380982667,0.0647056194753316,0.20820127380982667,0.14349565433449507,1.6189166563886443,0.0647056194753316,0.0,0.0,1.9051828535152269,0.4189969712415732,2.988922044207081,3,0.05488578381836259,7,0.0,0.8421052631578947,4,0.6199814468808333
omnimath-179,omnimath,unknown,1,4,0,7,0.6666666666666666,2.0,-0.14377709582398773,-0.1437770958239877,-1.4107153825788177,0.15836609877887903,0.20820127380982667,-0.5307360025872585,0.20820127380982667,0.5307360025872585,-0.7389372763970852,1.4107153825788177,0.27290689328515827,0.0,0.0,1.9051828535152269,0.4189969712415732,2.988922044207081,3,0.05488578381836259,7,0.0,0.8421052631578947,4,0.5589290139134748
omnimath-179,omnimath,unknown,1,5,0,7,0.8333333333333334,1.0,-0.6745130984112462,-0.6745130984112462,-1.9414513851660762,0.6891021013661375,-0.5307360025872585,0.6891021013661375,0.5307360025872585,0.6891021013661375,1.2198381039533959,1.9414513851660762,0.0,0.0,1.0,1.9051828535152269,0.4189969712415732,2.988922044207081,3,0.05488578381836259,7,0.0,0.8421052631578947,4,0.39868174302609455
omnimath-179,omnimath,unknown,1,6,0,7,1.0,0.0,0.014589002954891295,0.01458900295489131,-1.2523492837999388,0.0,0.6891021013661375,0.0,0.6891021013661375,0.0,-0.6891021013661375,1.2523492837999388,0.6891021013661375,0.0,0.0,1.9051828535152269,0.4189969712415732,2.988922044207081,3,0.05488578381836259,7,0.0,0.8421052631578947,4,0.3044845463092059
omnimath-180,omnimath,unknown,1,0,0,13,0.0,12.0,0.6159153270936885,0.6159153270936885,0.0,-0.3376304572682801,0.0,-0.6630528577029094,0.0,0.6630528577029094,-0.6630528577029094,0.0,0.0,1.0,1.0,1.4113859437185963,0.056480704807963744,5.977801771706546,7,0.3898784625902143,13,0.0,0.42105263157894735,0,0.283270515335015
omnimath-180,omnimath,unknown,1,1,1,13,0.08333333333333333,11.0,-0.04713753060922102,-0.047137530609221046,-0.6630528577029094,0.32542240043462933,-0.6630528577029094,-0.48775450286467903,0.6630528577029094,0.48775450286467903,0.17529835483823042,0.6630528577029094,0.0,0.0,1.0,1.4113859437185963,0.056480704807963744,5.977801771706546,7,0.3898784625902143,13,0.0,0.42105263157894735,0,0.5703598441938071
omnimath-180,omnimath,unknown,1,2,0,13,0.16666666666666666,10.0,-0.5348920334739,-0.5348920334739,-1.1508073605675886,0.8131769032993084,-0.48775450286467903,0.30075415401913386,0.48775450286467903,0.30075415401913386,0.7885086568838129,1.1508073605675886,0.0,0.0,1.0,1.4113859437185963,0.056480704807963744,5.977801771706546,7,0.3898784625902143,13,0.0,0.42105263157894735,0,0.575387483252716
omnimath-180,omnimath,unknown,1,3,0,13,0.25,9.0,-0.23413787945476613,-0.23413787945476616,-0.8500532065484546,0.5124227492801745,0.30075415401913386,0.46650099869453343,0.30075415401913386,0.46650099869453343,0.16574684467539957,0.8500532065484546,0.30075415401913386,0.0,0.0,1.4113859437185963,0.056480704807963744,5.977801771706546,7,0.3898784625902143,13,0.0,0.42105263157894735,0,0.5423697537351881
omnimath-180,omnimath,unknown,1,4,0,13,0.3333333333333333,8.0,0.2323631192397673,0.23236311923976727,-0.3835522078539212,0.04592175058564105,0.46650099869453343,-1.072636802264849,0.46650099869453343,1.072636802264849,-1.5391378009593824,0.3835522078539212,0.7672551527136673,0.0,0.0,1.4113859437185963,0.056480704807963744,5.977801771706546,7,0.3898784625902143,13,0.0,0.42105263157894735,0,0.6357193673850418
omnimath-180,omnimath,unknown,1,5,0,13,0.4166666666666667,7.0,-0.8402736830250817,-0.8402736830250817,-1.45618901011877,1.11855855285049,-1.072636802264849,0.8512582616033002,1.072636802264849,0.8512582616033002,1.9238950638681491,1.45618901011877,0.0,0.0,1.0,1.4113859437185963,0.056480704807963744,5.977801771706546,7,0.3898784625902143,13,0.0,0.42105263157894735,0,0.5287158266251264
omnimath-180,omnimath,unknown,1,6,0,13,0.5,6.0,0.010984578578218496,0.01098457857821847,-0.60493074851547,0.26730029124718985,0.8512582616033002,0.06025919151819717,0.8512582616033002,0.06025919151819717,-0.7909990700851031,0.60493074851547,0.8512582616033002,0.0,0.0,1.4113859437185963,0.056480704807963744,5.977801771706546,7,0.3898784625902143,13,0.0,0.42105263157894735,0,0.4089010958201196
omnimath-180,omnimath,unknown,1,7,0,13,0.5833333333333334,5.0,0.07124377009641567,0.07124377009641564,-0.5446715569972728,0.20704109972899268,0.06025919151819717,0.5410812932317496,0.06025919151819717,0.5410812932317496,0.48082210171355244,0.5446715569972728,0.9115174531214973,0.0,0.0,1.4113859437185963,0.056480704807963744,5.977801771706546,7,0.3898784625902143,13,0.0,0.42105263157894735,0,0.3888858865243291
omnimath-180,omnimath,unknown,1,8,0,13,0.6666666666666666,4.0,0.6123250633281653,0.6123250633281653,-0.003590263765523183,-0.33404019350275693,0.5410812932317496,-0.7471057299710024,0.5410812932317496,0.7471057299710024,-1.288187023202752,0.003590263765523183,1.4525987463532468,0.0,0.0,1.4113859437185963,0.056480704807963744,5.977801771706546,7,0.3898784625902143,13,0.0,0.42105263157894735,0,0.4152269119065164
omnimath-180,omnimath,unknown,1,9,0,13,0.75,3.0,-0.1347806666428372,-0.13478066664283722,-0.7506959937365256,0.4130655364682455,-0.7471057299710024,0.63977776516088,0.7471057299710024,0.63977776516088,1.3868834951318825,0.7506959937365256,0.7054930163822445,0.0,0.0,1.4113859437185963,0.056480704807963744,5.977801771706546,7,0.3898784625902143,13,0.0,0.42105263157894735,0,0.3030384132618838
omnimath-180,omnimath,unknown,1,10,0,13,0.8333333333333334,2.0,0.5049970985180429,0.5049970985180429,-0.1109182285756456,-0.22671222869263452,0.63977776516088,-1.0398891319919428,0.63977776516088,1.0398891319919428,-1.6796668971528228,0.1109182285756456,1.3452707815431246,0.0,0.0,1.4113859437185963,0.056480704807963744,5.977801771706546,7,0.3898784625902143,13,0.0,0.42105263157894735,0,0.3534474971927853
omnimath-180,omnimath,unknown,1,11,0,13,0.9166666666666666,1.0,-0.5348920334739,-0.5348920334739,-1.1508073605675886,0.8131769032993084,-1.0398891319919428,0.8131769032993084,1.0398891319919428,0.8131769032993084,1.8530660352912511,1.1508073605675886,0.30538164955118163,0.0,0.0,1.4113859437185963,0.056480704807963744,5.977801771706546,7,0.3898784625902143,13,0.0,0.42105263157894735,0,0.22830220323695277
omnimath-180,omnimath,unknown,1,12,0,13,1.0,0.0,0.27828486982540834,0.27828486982540834,-0.3376304572682801,0.0,0.8131769032993084,0.0,0.8131769032993084,0.0,-0.8131769032993084,0.3376304572682801,1.11855855285049,0.0,0.0,1.4113859437185963,0.056480704807963744,5.977801771706546,7,0.3898784625902143,13,0.0,0.42105263157894735,0,0.13763711303338516
omnimath-181,omnimath,unknown,4,0,0,16,0.0,15.0,0.24576667996249588,0.24576667996249588,0.0,0.2267170172519111,0.0,0.3273192583610707,0.0,0.3273192583610707,0.3273192583610707,0.0,0.0,1.0,1.0,1.048891038558942,0.03997721860778142,5.6711553516577435,8,0.38567965034240276,16,0.05263157894736842,0.7368421052631579,1,0.3309276488955043
omnimath-181,omnimath,unknown,4,1,0,16,0.06666666666666667,14.0,0.5730859383235666,0.5730859383235666,0.3273192583610707,-0.1006022411091596,0.3273192583610707,-0.5812221749478897,0.3273192583610707,0.5812221749478897,-0.9085414333089604,0.0,0.3273192583610707,1.0,0.0,1.048891038558942,0.03997721860778142,5.6711553516577435,8,0.38567965034240276,16,0.05263157894736842,0.7368421052631579,1,0.35247928129585143
omnimath-181,omnimath,unknown,4,2,0,16,0.13333333333333333,13.0,-0.008136236624323168,-0.008136236624323164,-0.25390291658681907,0.48061993383873014,-0.5812221749478897,-0.2656149784231026,0.5812221749478897,0.2656149784231026,0.31560719652478714,0.5812221749478897,0.0,0.0,1.0,1.048891038558942,0.03997721860778142,5.6711553516577435,8,0.38567965034240276,16,0.05263157894736842,0.7368421052631579,1,0.5312614583008868
omnimath-181,omnimath,unknown,4,3,0,16,0.2,12.0,-0.2737512150474258,-0.2737512150474258,-0.5195178950099216,0.7462349122618328,-0.2656149784231026,-0.1495317339709636,0.2656149784231026,0.1495317339709636,0.11608324445213902,0.8468371533709924,0.0,0.0,1.0,1.048891038558942,0.03997721860778142,5.6711553516577435,8,0.38567965034240276,16,0.05263157894736842,0.7368421052631579,1,0.5248830811339634
omnimath-181,omnimath,unknown,4,4,1,16,0.26666666666666666,11.0,-0.42328294901838937,-0.42328294901838937,-0.6690496289808853,0.8957666462327963,-0.1495317339709636,0.38946476676172326,0.1495317339709636,0.38946476676172326,0.5389965007326869,0.9963688873419559,0.0,0.0,1.0,1.048891038558942,0.03997721860778142,5.6711553516577435,8,0.38567965034240276,16,0.05263157894736842,0.7368421052631579,1,0.505900493896146
omnimath-181,omnimath,unknown,4,5,0,16,0.3333333333333333,10.0,-0.033818182256666135,-0.033818182256666135,-0.279584862219162,0.5063018794710731,0.38946476676172326,0.34016320166685665,0.38946476676172326,0.34016320166685665,-0.049301565094866606,0.6069041205802327,0.38946476676172326,0.0,0.0,1.048891038558942,0.03997721860778142,5.6711553516577435,8,0.38567965034240276,16,0.05263157894736842,0.7368421052631579,1,0.4260520599313927
omnimath-181,omnimath,unknown,4,6,0,16,0.4,9.0,0.30634501941019054,0.30634501941019054,0.06057833944769467,0.16613867780421643,0.34016320166685665,-0.3665221341595569,0.34016320166685665,0.3665221341595569,-0.7066853358264136,0.26674091891337603,0.7296279684285799,0.0,0.0,1.048891038558942,0.03997721860778142,5.6711553516577435,8,0.38567965034240276,16,0.05263157894736842,0.7368421052631579,1,0.38367153842876495
omnimath-181,omnimath,unknown,4,7,0,16,0.4666666666666667,8.0,-0.06017711474936638,-0.06017711474936638,-0.3059437947118623,0.5326608119637734,-0.3665221341595569,-0.538996500732687,0.3665221341595569,0.538996500732687,-0.1724743665731301,0.633263053072933,0.363105834269023,0.0,0.0,1.048891038558942,0.03997721860778142,5.6711553516577435,8,0.38567965034240276,16,0.05263157894736842,0.7368421052631579,1,0.37553793471515406
omnimath-181,omnimath,unknown,4,8,0,16,0.5333333333333333,7.0,-0.5991736154820534,-0.5991736154820534,-0.8449402954445493,1.0716573126964604,-0.538996500732687,0.9055186348922435,0.538996500732687,0.9055186348922435,1.4445151356249304,1.17225955380562,0.0,0.0,1.0,1.048891038558942,0.03997721860778142,5.6711553516577435,8,0.38567965034240276,16,0.05263157894736842,0.7368421052631579,1,0.3612718532611764
omnimath-181,omnimath,unknown,4,9,0,16,0.6,6.0,0.3063450194101901,0.3063450194101901,0.060578339447694224,0.16613867780421687,0.9055186348922435,-0.3665221341595567,0.9055186348922435,0.3665221341595567,-1.2720407690518,0.2667409189133765,0.9055186348922435,0.0,0.0,1.048891038558942,0.03997721860778142,5.6711553516577435,8,0.38567965034240276,16,0.05263157894736842,0.7368421052631579,1,0.2818295309067392
omnimath-181,omnimath,unknown,4,10,0,16,0.6666666666666666,5.0,-0.06017711474936663,-0.06017711474936663,-0.3059437947118625,0.5326608119637736,-0.3665221341595567,-0.538996500732687,0.3665221341595567,0.538996500732687,-0.1724743665731303,0.6332630530729332,0.5389965007326868,0.0,0.0,1.048891038558942,0.03997721860778142,5.6711553516577435,8,0.38567965034240276,16,0.05263157894736842,0.7368421052631579,1,0.25352226611556833
omnimath-181,omnimath,unknown,4,11,0,16,0.7333333333333333,4.0,-0.5991736154820536,-0.5991736154820536,-0.8449402954445495,1.0716573126964606,-0.538996500732687,1.0347247562425999,0.538996500732687,1.0347247562425999,1.5737212569752868,1.1722595538056202,0.0,0.0,1.0,1.048891038558942,0.03997721860778142,5.6711553516577435,8,0.38567965034240276,16,0.05263157894736842,0.7368421052631579,1,0.22028051060080225
omnimath-181,omnimath,unknown,4,12,0,16,0.8,3.0,0.4355511407605462,0.4355511407605462,0.1897844607980503,0.03693255645386079,1.0347247562425999,-0.44368737738486985,1.0347247562425999,0.44368737738486985,-1.4784121336274696,0.1375347975630204,1.0347247562425999,0.0,0.0,1.048891038558942,0.03997721860778142,5.6711553516577435,8,0.38567965034240276,16,0.05263157894736842,0.7368421052631579,1,0.1648174456907559
omnimath-181,omnimath,unknown,4,13,0,16,0.8666666666666667,2.0,-0.00813623662432364,-0.008136236624323636,-0.2539029165868195,0.4806199338387306,-0.44368737738486985,-0.26561497842310455,0.44368737738486985,0.26561497842310455,0.1780723989617653,0.5812221749478902,0.59103737885773,0.0,0.0,1.048891038558942,0.03997721860778142,5.6711553516577435,8,0.38567965034240276,16,0.05263157894736842,0.7368421052631579,1,0.11604071456890262
omnimath-181,omnimath,unknown,4,14,0,16,0.9333333333333333,1.0,-0.2737512150474282,-0.2737512150474282,-0.5195178950099241,0.7462349122618352,-0.26561497842310455,0.7462349122618352,0.26561497842310455,0.7462349122618352,1.0118498906849398,0.8468371533709949,0.3254224004346254,0.0,0.0,1.048891038558942,0.03997721860778142,5.6711553516577435,8,0.38567965034240276,16,0.05263157894736842,0.7368421052631579,1,0.09987929818280164
omnimath-181,omnimath,unknown,4,15,0,16,1.0,0.0,0.472483697214407,0.472483697214407,0.2267170172519111,0.0,0.7462349122618352,0.0,0.7462349122618352,0.0,-0.7462349122618352,0.1006022411091596,1.0716573126964606,0.0,0.0,1.048891038558942,0.03997721860778142,5.6711553516577435,8,0.38567965034240276,16,0.05263157894736842,0.7368421052631579,1,0.059554650383653776
omnimath-182,omnimath,unknown,1,0,0,5,0.0,4.0,1.5272437598812982,1.5272437598812982,0.0,-2.484906649788,0.0,-1.7376922479577792,0.0,1.7376922479577792,-1.7376922479577792,0.0,0.0,1.0,1.0,2.484906649788,0.7389220972692947,3.3628804159072185,2,0.052096637763696295,5,0.0,1.0,0,0.494502006025959
omnimath-182,omnimath,unknown,1,1,1,5,0.25,3.0,-0.21044848807648087,-0.21044848807648078,-1.7376922479577792,-0.7472144018302208,-1.7376922479577792,0.5212969236332863,1.7376922479577792,0.5212969236332863,2.2589891715910655,1.7376922479577792,0.0,0.0,1.0,2.484906649788,0.7389220972692947,3.3628804159072185,2,0.052096637763696295,5,0.0,1.0,0,0.7492903501663436
omnimath-182,omnimath,unknown,1,2,0,5,0.5,2.0,0.3108484355568054,0.3108484355568055,-1.216395324324493,-1.268511325463507,0.5212969236332863,-0.9808292530117267,0.5212969236332863,0.9808292530117267,-1.502126176645013,1.216395324324493,0.5212969236332863,0.0,0.0,2.484906649788,0.7389220972692947,3.3628804159072185,2,0.052096637763696295,5,0.0,1.0,0,0.7317850956380109
omnimath-182,omnimath,unknown,1,3,0,5,0.75,1.0,-0.6699808174549213,-0.6699808174549212,-2.1972245773362196,-0.28768207245178035,-0.9808292530117267,-0.28768207245178035,0.9808292530117267,0.28768207245178035,0.6931471805599464,2.1972245773362196,0.0,0.0,1.0,2.484906649788,0.7389220972692947,3.3628804159072185,2,0.052096637763696295,5,0.0,1.0,0,0.5976800799027602
omnimath-182,omnimath,unknown,1,4,0,5,1.0,0.0,-0.9576628899067017,-0.9576628899067016,-2.484906649788,0.0,-0.28768207245178035,0.0,0.28768207245178035,0.0,0.28768207245178035,2.484906649788,0.0,0.0,1.0,2.484906649788,0.7389220972692947,3.3628804159072185,2,0.052096637763696295,5,0.0,1.0,0,0.45983280607250415
omnimath-183,omnimath,unknown,2,0,0,7,0.0,6.0,1.1791791959544031,1.1791791959544031,0.0,-1.8325455672021524,0.0,-0.8815080930155119,0.0,0.8815080930155119,-0.8815080930155119,0.0,0.0,1.0,1.0,1.8325455672021524,0.3943474457507414,4.647032932376251,4,0.13358675983773624,7,0.0,1.0,4,0.3778320334637184
omnimath-183,omnimath,unknown,2,1,0,7,0.16666666666666666,5.0,0.29767110293889126,0.2976711029388913,-0.8815080930155119,-0.9510374741866405,-0.8815080930155119,-0.9510374741866405,0.8815080930155119,0.9510374741866405,-0.06952938117112861,0.8815080930155119,0.0,0.0,1.0,1.8325455672021524,0.3943474457507414,4.647032932376251,4,0.13358675983773624,7,0.0,1.0,4,0.7057585950641783
omnimath-183,omnimath,unknown,2,2,1,7,0.3333333333333333,4.0,-0.6533663712477493,-0.6533663712477492,-1.8325455672021524,0.0,-0.9510374741866405,1.223933783356838,0.9510374741866405,1.223933783356838,2.1749712575434783,1.8325455672021524,0.0,0.0,1.0,1.8325455672021524,0.3943474457507414,4.647032932376251,4,0.13358675983773624,7,0.0,1.0,4,0.7587769290089229
omnimath-183,omnimath,unknown,2,3,0,7,0.5,3.0,0.5705674121090887,0.5705674121090888,-0.6086117838453144,-1.223933783356838,1.223933783356838,-1.2239337833568378,1.223933783356838,1.2239337833568378,-2.4478675667136756,0.6086117838453144,1.223933783356838,0.0,0.0,1.8325455672021524,0.3943474457507414,4.647032932376251,4,0.13358675983773624,7,0.0,1.0,4,0.7198812343967884
omnimath-183,omnimath,unknown,2,4,0,7,0.6666666666666666,2.0,-0.6533663712477491,-0.653366371247749,-1.8325455672021522,-2.220446049250313e-16,-1.2239337833568378,0.5660477739886134,1.2239337833568378,0.5660477739886134,1.7899815573454512,1.8325455672021522,2.220446049250313e-16,0.0,1.0,1.8325455672021524,0.3943474457507414,4.647032932376251,4,0.13358675983773624,7,0.0,1.0,4,0.5461479493152767
omnimath-183,omnimath,unknown,2,5,0,7,0.8333333333333334,1.0,-0.08731859725913577,-0.0873185972591357,-1.2664977932135388,-0.5660477739886136,0.5660477739886134,-0.5660477739886136,0.5660477739886134,0.5660477739886136,-1.132095547977227,1.2664977932135388,0.5660477739886136,0.0,0.0,1.8325455672021524,0.3943474457507414,4.647032932376251,4,0.13358675983773624,7,0.0,1.0,4,0.4546000150646318
omnimath-183,omnimath,unknown,2,6,0,7,1.0,0.0,-0.6533663712477493,-0.6533663712477492,-1.8325455672021524,0.0,-0.5660477739886136,0.0,0.5660477739886136,0.0,0.5660477739886136,1.8325455672021524,0.0,0.0,1.0,1.8325455672021524,0.3943474457507414,4.647032932376251,4,0.13358675983773624,7,0.0,1.0,4,0.22756023826309718
omnimath-184,omnimath,unknown,0,0,1,6,0.0,5.0,-0.1575155840008592,-0.1575155840008592,0.0,-0.7695517165340388,0.0,-0.23413816481530164,0.0,0.23413816481530164,-0.23413816481530164,0.0,0.0,1.0,1.0,2.2602211962537218,0.1867579920323487,4.12058251515546,2,0.09800557192509679,6,0.42105263157894735,1.0,3,0.6116329455192703
omnimath-184,omnimath,unknown,0,1,0,6,0.2,4.0,-0.39165374881616083,-0.39165374881616083,-0.23413816481530164,-0.5354135517187371,-0.23413816481530164,1.8624817210796336,0.23413816481530164,1.8624817210796336,2.096619885894935,0.23413816481530164,0.0,0.0,1.0,2.2602211962537218,0.1867579920323487,4.12058251515546,2,0.09800557192509679,6,0.42105263157894735,1.0,3,0.8733818717285243
omnimath-184,omnimath,unknown,0,2,0,6,0.4,3.0,1.4708279722634727,1.4708279722634727,1.628343556264332,-2.3978952727983707,1.8624817210796336,-1.307903727174168,1.8624817210796336,1.307903727174168,-3.1703854482538016,0.0,1.8624817210796336,1.0,0.0,2.2602211962537218,0.1867579920323487,4.12058251515546,2,0.09800557192509679,6,0.42105263157894735,1.0,3,0.6624581717763075
omnimath-184,omnimath,unknown,0,3,0,6,0.6,2.0,0.16292424508930467,0.16292424508930467,0.3204398290901639,-1.0899915456242026,-1.307903727174168,-0.3204398290901642,1.307903727174168,0.3204398290901642,0.9874638980840038,1.307903727174168,0.5545779939054655,0.0,0.0,2.2602211962537218,0.1867579920323487,4.12058251515546,2,0.09800557192509679,6,0.42105263157894735,1.0,3,0.6046594025872984
omnimath-184,omnimath,unknown,0,4,0,6,0.8,1.0,-0.15751558400085958,-0.15751558400085958,-3.885780586188048e-16,-0.7695517165340384,-0.3204398290901642,-0.7695517165340384,0.3204398290901642,0.7695517165340384,-0.4491118874438742,1.6283435562643322,0.23413816481530125,0.0,0.0,2.2602211962537218,0.1867579920323487,4.12058251515546,2,0.09800557192509679,6,0.42105263157894735,1.0,3,0.5214889664150583
omnimath-184,omnimath,unknown,0,5,0,6,1.0,0.0,-0.9270673005348979,-0.9270673005348979,-0.7695517165340388,0.0,-0.7695517165340384,0.0,0.7695517165340384,0.0,0.7695517165340384,2.3978952727983707,0.0,0.0,1.0,2.2602211962537218,0.1867579920323487,4.12058251515546,2,0.09800557192509679,6,0.42105263157894735,1.0,3,0.3016958962973621
omnimath-185,omnimath,unknown,1,0,0,9,0.0,8.0,-0.007652280375602172,-0.007652280375602172,0.0,-0.35875611014255704,0.0,-0.5923709613240622,0.0,0.5923709613240622,-0.5923709613240622,0.0,0.0,1.0,1.0,1.4661243146321312,0.07203915824235442,4.980015298563433,6,0.2419967118134022,9,0.631578947368421,0.3684210526315789,3,0.4559096541191959
omnimath-185,omnimath,unknown,1,1,1,9,0.125,7.0,-0.6000232416996644,-0.6000232416996644,-0.5923709613240622,0.23361485118150516,-0.5923709613240622,0.7726113519141922,0.5923709613240622,0.7726113519141922,1.3649823132382544,0.5923709613240622,0.0,0.0,1.0,1.4661243146321312,0.07203915824235442,4.980015298563433,6,0.2419967118134022,9,0.631578947368421,0.3684210526315789,3,0.7314407209958829
omnimath-185,omnimath,unknown,1,2,0,9,0.25,6.0,0.17258811021452786,0.17258811021452786,0.18024039059013003,-0.5389965007326871,0.7726113519141922,-0.7726113519141926,0.7726113519141922,0.7726113519141926,-1.5452227038283848,0.0,0.7726113519141922,1.0,0.0,1.4661243146321312,0.07203915824235442,4.980015298563433,6,0.2419967118134022,9,0.631578947368421,0.3684210526315789,3,0.593336854642128
omnimath-185,omnimath,unknown,1,3,0,9,0.375,5.0,-0.6000232416996647,-0.6000232416996647,-0.5923709613240625,0.2336148511815055,-0.7726113519141926,1.2958542466517786,0.7726113519141926,1.2958542466517786,2.0684655985659712,0.7726113519141926,0.0,0.0,1.0,1.4661243146321312,0.07203915824235442,4.980015298563433,6,0.2419967118134022,9,0.631578947368421,0.3684210526315789,3,0.6598752816555942
omnimath-185,omnimath,unknown,1,4,0,9,0.5,4.0,0.6958310049521139,0.6958310049521139,0.7034832853277161,-1.0622393954702731,1.2958542466517786,0.2816656688339534,1.2958542466517786,0.2816656688339534,-1.0141885778178252,0.0,1.2958542466517786,1.0,0.0,1.4661243146321312,0.07203915824235442,4.980015298563433,6,0.2419967118134022,9,0.631578947368421,0.3684210526315789,3,0.2814693018747117
omnimath-185,omnimath,unknown,1,5,0,9,0.625,3.0,0.9774966737860673,0.9774966737860673,0.9851489541616695,-1.3439050643042265,0.2816656688339534,-1.3439050643042267,0.2816656688339534,1.3439050643042267,-1.6255707331381801,0.0,1.577519915485732,1.0,0.0,1.4661243146321312,0.07203915824235442,4.980015298563433,6,0.2419967118134022,9,0.631578947368421,0.3684210526315789,3,0.265998434737573
omnimath-185,omnimath,unknown,1,6,0,9,0.75,2.0,-0.3664083905181593,-0.3664083905181593,-0.35875611014255715,1.1102230246251565e-16,-1.3439050643042267,0.46100814637669985,1.3439050643042267,0.46100814637669985,1.8049132106809265,1.3439050643042267,0.23361485118150538,0.0,0.0,1.4661243146321312,0.07203915824235442,4.980015298563433,6,0.2419967118134022,9,0.631578947368421,0.3684210526315789,3,0.41449012511798355
omnimath-185,omnimath,unknown,1,7,0,9,0.875,1.0,0.09459975585854055,0.09459975585854055,0.10225203623414272,-0.46100814637669973,0.46100814637669985,-0.46100814637669973,0.46100814637669985,0.46100814637669973,-0.9220162927533996,0.8828969179275268,0.6946229975582052,0.0,0.0,1.4661243146321312,0.07203915824235442,4.980015298563433,6,0.2419967118134022,9,0.631578947368421,0.3684210526315789,3,0.24182571224447455
omnimath-185,omnimath,unknown,1,8,0,9,1.0,0.0,-0.3664083905181592,-0.3664083905181592,-0.35875611014255704,0.0,-0.46100814637669973,0.0,0.46100814637669973,0.0,0.46100814637669973,1.3439050643042265,0.2336148511815055,0.0,0.0,1.4661243146321312,0.07203915824235442,4.980015298563433,6,0.2419967118134022,9,0.631578947368421,0.3684210526315789,3,0.16042483214143705
omnimath-186,omnimath,unknown,2,0,0,7,0.0,6.0,0.8588551197843007,0.8588551197843007,0.0,-0.8304309228030189,0.0,-0.2160294038685463,0.0,0.2160294038685463,-0.2160294038685463,0.0,0.0,1.0,1.0,1.721537427030093,0.3178507843598218,2.6126439312571668,1,0.05718048718816948,7,0.0,0.5263157894736842,2,0.40321344410910415
omnimath-186,omnimath,unknown,2,1,0,7,0.16666666666666666,5.0,0.6428257159157544,0.6428257159157544,-0.2160294038685463,-0.6144015189344725,-0.2160294038685463,-0.8226194200320063,0.2160294038685463,0.8226194200320063,-0.60659001616346,0.2160294038685463,0.0,0.0,1.0,1.721537427030093,0.3178507843598218,2.6126439312571668,1,0.05718048718816948,7,0.0,0.5263157894736842,2,0.60046845403502
omnimath-186,omnimath,unknown,2,2,1,7,0.3333333333333333,4.0,-0.17979370411625178,-0.17979370411625178,-1.0386488239005525,0.2082179010975337,-0.8226194200320063,-0.810930216216329,0.8226194200320063,0.810930216216329,0.011689203815677285,1.0386488239005525,0.0,0.0,1.0,1.721537427030093,0.3178507843598218,2.6126439312571668,1,0.05718048718816948,7,0.0,0.5263157894736842,2,0.7236320006902704
omnimath-186,omnimath,unknown,2,3,0,7,0.5,3.0,-0.9907239203325808,-0.9907239203325808,-1.8495790401168817,1.0191481173138628,-0.810930216216329,0.8109302162163285,0.810930216216329,0.8109302162163285,1.6218604324326575,1.8495790401168817,0.0,0.0,1.0,1.721537427030093,0.3178507843598218,2.6126439312571668,1,0.05718048718816948,7,0.0,0.5263157894736842,2,0.7626033348152486
omnimath-186,omnimath,unknown,2,4,0,7,0.6666666666666666,2.0,-0.17979370411625228,-0.17979370411625228,-1.038648823900553,0.20821790109753419,0.8109302162163285,0.0,0.8109302162163285,0.0,-0.8109302162163285,1.038648823900553,0.8109302162163285,0.0,0.0,1.721537427030093,0.3178507843598218,2.6126439312571668,1,0.05718048718816948,7,0.0,0.5263157894736842,2,0.5868081510495134
omnimath-186,omnimath,unknown,2,5,0,7,0.8333333333333334,1.0,-0.17979370411625228,-0.17979370411625228,-1.038648823900553,0.20821790109753419,0.0,0.20821790109753419,0.0,0.20821790109753419,0.20821790109753419,1.038648823900553,0.8109302162163285,0.0,0.0,1.721537427030093,0.3178507843598218,2.6126439312571668,1,0.05718048718816948,7,0.0,0.5263157894736842,2,0.45939341830202785
omnimath-186,omnimath,unknown,2,6,0,7,1.0,0.0,0.028424196981281902,0.02842419698128191,-0.8304309228030189,0.0,0.20821790109753419,0.0,0.20821790109753419,0.0,-0.20821790109753419,0.8304309228030189,1.0191481173138628,0.0,0.0,1.721537427030093,0.3178507843598218,2.6126439312571668,1,0.05718048718816948,7,0.0,0.5263157894736842,2,0.32246554828531854
omnimath-187,omnimath,unknown,5,0,0,17,0.0,16.0,0.6670116402230997,0.6670116402230997,0.0,-0.4198210525343682,0.0,-0.3974644910471875,0.0,0.3974644910471875,-0.3974644910471875,0.0,0.0,1.0,1.0,1.0872389871284938,0.12703301739657247,3.304818393975231,7,0.21801726131593874,17,0.0,0.21052631578947367,0,0.25792436120398093
omnimath-187,omnimath,unknown,5,1,0,17,0.0625,15.0,0.26954714917591216,0.26954714917591216,-0.3974644910471875,-0.02235656148718068,-0.3974644910471875,-0.05725193733779593,0.3974644910471875,0.05725193733779593,0.3402125537093916,0.3974644910471875,0.0,0.0,1.0,1.0872389871284938,0.12703301739657247,3.304818393975231,7,0.21801726131593874,17,0.0,0.21052631578947367,0,0.44057039086568567
omnimath-187,omnimath,unknown,5,2,0,17,0.125,14.0,0.21229521183811623,0.21229521183811623,-0.45471642838498344,0.03489537585061525,-0.05725193733779593,-0.6325225587435102,0.05725193733779593,0.6325225587435102,-0.5752706214057142,0.45471642838498344,0.0,0.0,1.0,1.0872389871284938,0.12703301739657247,3.304818393975231,7,0.21801726131593874,17,0.0,0.21052631578947367,0,0.5075622378015732
omnimath-187,omnimath,unknown,5,3,0,17,0.1875,13.0,-0.420227346905394,-0.420227346905394,-1.0872389871284938,0.6674179345941255,-0.6325225587435102,-1.6653345369377348e-16,0.6325225587435102,1.6653345369377348e-16,0.6325225587435099,1.0872389871284938,0.0,0.0,1.0,1.0872389871284938,0.12703301739657247,3.304818393975231,7,0.21801726131593874,17,0.0,0.21052631578947367,0,0.534113751294296
omnimath-187,omnimath,unknown,5,4,0,17,0.25,12.0,-0.42022734690539415,-0.42022734690539415,-1.0872389871284938,0.6674179345941256,-1.6653345369377348e-16,0.16989903679539747,1.6653345369377348e-16,0.16989903679539747,0.16989903679539764,1.0872389871284938,0.0,0.0,1.0,1.0872389871284938,0.12703301739657247,3.304818393975231,7,0.21801726131593874,17,0.0,0.21052631578947367,0,0.48537513644891817
omnimath-187,omnimath,unknown,5,5,1,17,0.3125,11.0,-0.2503283101099967,-0.2503283101099967,-0.9173399503330963,0.49751889779872815,0.16989903679539747,0.0,0.16989903679539747,0.0,-0.16989903679539747,0.9173399503330963,0.16989903679539747,0.0,0.0,1.0872389871284938,0.12703301739657247,3.304818393975231,7,0.21801726131593874,17,0.0,0.21052631578947367,0,0.45567620045979684
omnimath-187,omnimath,unknown,5,6,0,17,0.375,10.0,-0.2503283101099967,-0.2503283101099967,-0.9173399503330963,0.49751889779872815,0.0,0.23331887935586204,0.0,0.23331887935586204,0.23331887935586204,0.9173399503330963,0.16989903679539747,0.0,0.0,1.0872389871284938,0.12703301739657247,3.304818393975231,7,0.21801726131593874,17,0.0,0.21052631578947367,0,0.4250835195643442
omnimath-187,omnimath,unknown,5,7,0,17,0.4375,9.0,-0.017009430754134643,-0.017009430754134643,-0.6840210709772343,0.2642000184428661,0.23331887935586204,0.3040399732305352,0.23331887935586204,0.3040399732305352,0.07072109387467318,0.6840210709772343,0.4032179161512595,0.0,0.0,1.0872389871284938,0.12703301739657247,3.304818393975231,7,0.21801726131593874,17,0.0,0.21052631578947367,0,0.3768347760481127
omnimath-187,omnimath,unknown,5,8,0,17,0.5,8.0,0.2870305424764006,0.2870305424764006,-0.3799810977466991,-0.03983995478766911,0.3040399732305352,-0.29766906408976823,0.3040399732305352,0.29766906408976823,-0.6017090373203035,0.3799810977466991,0.7072578893817947,0.0,0.0,1.0872389871284938,0.12703301739657247,3.304818393975231,7,0.21801726131593874,17,0.0,0.21052631578947367,0,0.3594154122251359
omnimath-187,omnimath,unknown,5,9,0,17,0.5625,7.0,-0.010638521613367632,-0.010638521613367632,-0.6776501618364673,0.2578291093020991,-0.29766906408976823,-0.20479441264601334,0.29766906408976823,0.20479441264601334,0.0928746514437549,0.6776501618364673,0.4095888252920265,0.0,0.0,1.0872389871284938,0.12703301739657247,3.304818393975231,7,0.21801726131593874,17,0.0,0.21052631578947367,0,0.3144157242910183
omnimath-187,omnimath,unknown,5,10,0,17,0.625,6.0,-0.21543293425938098,-0.21543293425938098,-0.8824445744824807,0.46262352194811246,-0.20479441264601334,0.46262352194811285,0.20479441264601334,0.46262352194811285,0.6674179345941262,0.8824445744824807,0.20479441264601317,0.0,0.0,1.0872389871284938,0.12703301739657247,3.304818393975231,7,0.21801726131593874,17,0.0,0.21052631578947367,0,0.26961750325823297
omnimath-187,omnimath,unknown,5,11,0,17,0.6875,5.0,0.24719058768873187,0.24719058768873187,-0.4198210525343678,-3.885780586188048e-16,0.46262352194811285,-0.20479441264601306,0.46262352194811285,0.20479441264601306,-0.6674179345941259,0.4198210525343678,0.667417934594126,0.0,0.0,1.0872389871284938,0.12703301739657247,3.304818393975231,7,0.21801726131593874,17,0.0,0.21052631578947367,0,0.227125119070169
omnimath-187,omnimath,unknown,5,12,0,17,0.75,4.0,0.042396175042718795,0.042396175042718795,-0.6246154651803809,0.20479441264601267,-0.20479441264601306,-0.25782910930209996,0.20479441264601306,0.25782910930209996,-0.0530346966560869,0.6246154651803809,0.46262352194811296,0.0,0.0,1.0872389871284938,0.12703301739657247,3.304818393975231,7,0.21801726131593874,17,0.0,0.21052631578947367,0,0.20995799540457025
omnimath-187,omnimath,unknown,5,13,0,17,0.8125,3.0,-0.21543293425938115,-0.21543293425938115,-0.8824445744824808,0.4626235219481126,-0.25782910930209996,0.25782910930209996,0.25782910930209996,0.25782910930209996,0.5156582186041999,0.8824445744824808,0.204794412646013,0.0,0.0,1.0872389871284938,0.12703301739657247,3.304818393975231,7,0.21801726131593874,17,0.0,0.21052631578947367,0,0.16546499858362834
omnimath-187,omnimath,unknown,5,14,0,17,0.875,2.0,0.042396175042718795,0.042396175042718795,-0.6246154651803809,0.20479441264601267,0.25782910930209996,-0.2578291093021024,0.25782910930209996,0.2578291093021024,-0.5156582186042024,0.6246154651803809,0.46262352194811296,0.0,0.0,1.0872389871284938,0.12703301739657247,3.304818393975231,7,0.21801726131593874,17,0.0,0.21052631578947367,0,0.14989102153700734
omnimath-187,omnimath,unknown,5,15,0,17,0.9375,1.0,-0.2154329342593836,-0.2154329342593836,-0.8824445744824833,0.46262352194811507,-0.2578291093021024,0.46262352194811507,0.2578291093021024,0.46262352194811507,0.7204526312502175,0.8824445744824833,0.20479441264601056,0.0,0.0,1.0872389871284938,0.12703301739657247,3.304818393975231,7,0.21801726131593874,17,0.0,0.21052631578947367,0,0.12465623221566054
omnimath-187,omnimath,unknown,5,16,0,17,1.0,0.0,0.24719058768873148,0.24719058768873148,-0.4198210525343682,0.0,0.46262352194811507,0.0,0.46262352194811507,0.0,-0.46262352194811507,0.4198210525343682,0.6674179345941256,0.0,0.0,1.0872389871284938,0.12703301739657247,3.304818393975231,7,0.21801726131593874,17,0.0,0.21052631578947367,0,0.08860848953843206
omnimath-188,omnimath,unknown,2,0,0,15,0.0,14.0,0.3522002692588183,0.3522002692588183,0.0,-0.2908021997880214,0.0,-0.27837967978946765,0.0,0.27837967978946765,-0.27837967978946765,0.0,0.0,1.0,1.0,0.98394938034797,0.05780847045638719,5.030442727375275,11,0.42807612578757936,15,0.0,0.47368421052631576,1,0.3192408097920348
omnimath-188,omnimath,unknown,2,1,0,15,0.07142857142857142,13.0,0.07382058946935068,0.07382058946935068,-0.27837967978946765,-0.012422519998553781,-0.27837967978946765,0.036367644170874944,0.27837967978946765,0.036367644170874944,0.3147473239603426,0.27837967978946765,0.0,0.0,1.0,0.98394938034797,0.05780847045638719,5.030442727375275,11,0.42807612578757936,15,0.0,0.47368421052631576,1,0.49094395589854806
omnimath-188,omnimath,unknown,2,2,1,15,0.14285714285714285,12.0,0.11018823364022562,0.11018823364022562,-0.2420120356185927,-0.048790164169428725,0.036367644170874944,-0.04879016416943217,0.036367644170874944,0.04879016416943217,-0.08515780834030712,0.2420120356185927,0.036367644170874944,0.0,0.0,0.98394938034797,0.05780847045638719,5.030442727375275,11,0.42807612578757936,15,0.0,0.47368421052631576,1,0.4275394732909713
omnimath-188,omnimath,unknown,2,3,0,15,0.21428571428571427,11.0,0.06139806947079345,0.06139806947079345,-0.29080219978802485,3.4416913763379853e-15,-0.04879016416943217,0.02469261259037154,0.04879016416943217,0.02469261259037154,0.0734827767598037,0.29080219978802485,0.0,0.0,1.0,0.98394938034797,0.05780847045638719,5.030442727375275,11,0.42807612578757936,15,0.0,0.47368421052631576,1,0.3651737312071279
omnimath-188,omnimath,unknown,2,4,0,15,0.2857142857142857,10.0,0.08609068206116499,0.08609068206116499,-0.2661095871976533,-0.024692612590368097,0.02469261259037154,0.3863126758934084,0.02469261259037154,0.3863126758934084,0.36162006330303686,0.2661095871976533,0.02469261259037154,0.0,0.0,0.98394938034797,0.05780847045638719,5.030442727375275,11,0.42807612578757936,15,0.0,0.47368421052631576,1,0.3267619250906437
omnimath-188,omnimath,unknown,2,5,0,15,0.35714285714285715,9.0,0.4724033579545734,0.4724033579545734,0.12020308869575508,-0.4110052884837765,0.3863126758934084,-1.104152469043725,0.3863126758934084,1.104152469043725,-1.4904651449371333,0.0,0.41100528848377993,1.0,0.0,0.98394938034797,0.05780847045638719,5.030442727375275,11,0.42807612578757936,15,0.0,0.47368421052631576,1,0.24803859835377462
omnimath-188,omnimath,unknown,2,6,0,15,0.42857142857142855,8.0,-0.6317491110891515,-0.6317491110891515,-0.9839493803479699,0.6931471805599484,-1.104152469043725,-1.1102230246251565e-16,1.104152469043725,1.1102230246251565e-16,1.1041524690437248,1.104152469043725,0.0,0.0,1.0,0.98394938034797,0.05780847045638719,5.030442727375275,11,0.42807612578757936,15,0.0,0.47368421052631576,1,0.39961431602868325
omnimath-188,omnimath,unknown,2,7,0,15,0.5,7.0,-0.6317491110891517,-0.6317491110891517,-0.98394938034797,0.6931471805599485,-1.1102230246251565e-16,1.029619417181158,1.1102230246251565e-16,1.029619417181158,1.029619417181158,1.104152469043725,0.0,0.0,1.0,0.98394938034797,0.05780847045638719,5.030442727375275,11,0.42807612578757936,15,0.0,0.47368421052631576,1,0.38851415304816245
omnimath-188,omnimath,unknown,2,8,0,15,0.5714285714285714,6.0,0.39787030609200635,0.39787030609200635,0.045670036833188044,-0.33647223662120945,1.029619417181158,-0.6931471805599452,1.029619417181158,0.6931471805599452,-1.722766597741103,0.07453305186256703,1.029619417181158,0.0,0.0,0.98394938034797,0.05780847045638719,5.030442727375275,11,0.42807612578757936,15,0.0,0.47368421052631576,1,0.3541041278049593
omnimath-188,omnimath,unknown,2,9,0,15,0.6428571428571429,5.0,-0.2952768744679388,-0.2952768744679388,-0.6474771437267571,0.3566749439387357,-0.6931471805599452,0.7396671961948383,0.6931471805599452,0.7396671961948383,1.4328143767547834,0.7676802324225123,0.33647223662121284,0.0,0.0,0.98394938034797,0.05780847045638719,5.030442727375275,11,0.42807612578757936,15,0.0,0.47368421052631576,1,0.24620450270311195
omnimath-188,omnimath,unknown,2,10,0,15,0.7142857142857143,4.0,0.4443903217268995,0.4443903217268995,0.09219005246808121,-0.3829922522561026,0.7396671961948383,-0.739667196194838,0.7396671961948383,0.739667196194838,-1.4793343923896765,0.02801303622767387,1.0761394328160512,0.0,0.0,0.98394938034797,0.05780847045638719,5.030442727375275,11,0.42807612578757936,15,0.0,0.47368421052631576,1,0.24012672285707617
omnimath-188,omnimath,unknown,2,11,0,15,0.7857142857142857,3.0,-0.2952768744679385,-0.2952768744679385,-0.6474771437267568,0.3566749439387354,-0.739667196194838,0.5389965007326867,0.739667196194838,0.5389965007326867,1.2786636969275247,0.7676802324225118,0.33647223662121317,0.0,0.0,0.98394938034797,0.05780847045638719,5.030442727375275,11,0.42807612578757936,15,0.0,0.47368421052631576,1,0.1564119018162451
omnimath-188,omnimath,unknown,2,12,0,15,0.8571428571428571,2.0,0.2437196262647482,0.2437196262647482,-0.10848064299407012,-0.1823215567939513,0.5389965007326867,-0.6931471805599452,0.5389965007326867,0.6931471805599452,-1.2321436812926319,0.2286837316898252,0.8754687373538999,0.0,0.0,0.98394938034797,0.05780847045638719,5.030442727375275,11,0.42807612578757936,15,0.0,0.47368421052631576,1,0.15769445604830082
omnimath-188,omnimath,unknown,2,13,0,15,0.9285714285714286,1.0,-0.44942755429519693,-0.44942755429519693,-0.8016278235540153,0.5108256237659938,-0.6931471805599452,0.5108256237659938,0.6931471805599452,0.5108256237659938,1.203972804325939,0.9218309122497703,0.18232155679395473,0.0,0.0,0.98394938034797,0.05780847045638719,5.030442727375275,11,0.42807612578757936,15,0.0,0.47368421052631576,1,0.10341965158812383
omnimath-188,omnimath,unknown,2,14,0,15,1.0,0.0,0.061398069470796894,0.061398069470796894,-0.2908021997880214,0.0,0.5108256237659938,0.0,0.5108256237659938,0.0,-0.5108256237659938,0.4110052884837765,0.6931471805599485,0.0,0.0,0.98394938034797,0.05780847045638719,5.030442727375275,11,0.42807612578757936,15,0.0,0.47368421052631576,1,0.06501269729799238
omnimath-189,omnimath,unknown,1,0,0,4,0.0,3.0,0.5828307767065161,0.5828307767065161,0.0,-1.1163118657675102,0.0,-1.5581446180465495,0.0,1.5581446180465495,-1.5581446180465495,0.0,0.0,1.0,1.0,1.742457476044963,0.24261178810726855,4.601226817857437,2,0.05982584079711541,4,0.6842105263157895,0.3157894736842105,3,0.5698712502053339
omnimath-189,omnimath,unknown,1,1,1,4,0.3333333333333333,2.0,-0.9753138413400335,-0.9753138413400335,-1.5581446180465495,0.4418327522790395,-1.5581446180465495,1.9012779950345449,1.5581446180465495,1.9012779950345449,3.4594226130810943,1.5581446180465495,0.0,0.0,1.0,1.742457476044963,0.24261178810726855,4.601226817857437,2,0.05982584079711541,4,0.6842105263157895,0.3157894736842105,3,0.9012568033543947
omnimath-189,omnimath,unknown,1,2,0,4,0.6666666666666666,1.0,0.9259641536945113,0.9259641536945113,0.3431333769879953,-1.4594452427555054,1.9012779950345449,-1.4594452427555054,1.9012779950345449,1.4594452427555054,-3.36072323779005,0.0,1.9012779950345449,1.0,0.0,1.742457476044963,0.24261178810726855,4.601226817857437,2,0.05982584079711541,4,0.6842105263157895,0.3157894736842105,3,0.6225177572330856
omnimath-189,omnimath,unknown,1,3,0,4,1.0,0.0,-0.533481089060994,-0.533481089060994,-1.1163118657675102,0.0,-1.4594452427555054,0.0,1.4594452427555054,0.0,1.4594452427555054,1.4594452427555054,0.4418327522790395,0.0,0.0,1.742457476044963,0.24261178810726855,4.601226817857437,2,0.05982584079711541,4,0.6842105263157895,0.3157894736842105,3,0.4209678933932669
omnimath-190,omnimath,unknown,2,0,0,6,0.0,5.0,0.11265938976008755,0.11265938976008759,0.0,-0.7728199973470746,0.0,-0.45611604795232763,0.0,0.45611604795232763,-0.45611604795232763,0.0,0.0,1.0,1.0,2.1970215096691357,0.12826852426441088,6.025016673256447,4,0.15778139200018526,6,0.7894736842105263,0.5789473684210527,1,0.5159751731142936
omnimath-190,omnimath,unknown,2,1,0,6,0.2,4.0,-0.3434566581922401,-0.34345665819224,-0.45611604795232763,-0.31670394939474694,-0.45611604795232763,0.5434973158283645,0.45611604795232763,0.5434973158283645,0.9996133637806921,0.45611604795232763,0.0,0.0,1.0,2.1970215096691357,0.12826852426441088,6.025016673256447,4,0.15778139200018526,6,0.7894736842105263,0.5789473684210527,1,0.6516659716656382
omnimath-190,omnimath,unknown,2,2,1,6,0.4,3.0,0.20004065763612433,0.20004065763612436,0.08738126787603678,-0.8602012652231114,0.5434973158283645,-1.0737753655211706,0.5434973158283645,1.0737753655211706,-1.617272681349535,0.0,0.5434973158283645,1.0,0.0,2.1970215096691357,0.12826852426441088,6.025016673256447,4,0.15778139200018526,6,0.7894736842105263,0.5789473684210527,1,0.43416163377487116
omnimath-190,omnimath,unknown,2,3,0,6,0.6,2.0,-0.8737347078850461,-0.8737347078850461,-0.9863940976451337,0.21357410029805912,-1.0737753655211706,2.4383866341531073,1.0737753655211706,2.4383866341531073,3.512161999674278,1.0737753655211706,0.0,0.0,1.0,2.1970215096691357,0.12826852426441088,6.025016673256447,4,0.15778139200018526,6,0.7894736842105263,0.5789473684210527,1,0.6323896405757509
omnimath-190,omnimath,unknown,2,4,0,6,0.8,1.0,1.5646519262680612,1.5646519262680612,1.4519925365079736,-2.224812533855048,2.4383866341531073,-2.224812533855048,2.4383866341531073,2.224812533855048,-4.6631991680081555,0.0,2.4383866341531073,1.0,0.0,2.1970215096691357,0.12826852426441088,6.025016673256447,4,0.15778139200018526,6,0.7894736842105263,0.5789473684210527,1,0.4618839517900251
omnimath-190,omnimath,unknown,2,5,0,6,1.0,0.0,-0.660160607586987,-0.660160607586987,-0.7728199973470746,0.0,-2.224812533855048,0.0,2.224812533855048,0.0,2.224812533855048,2.224812533855048,0.21357410029805912,0.0,0.0,2.1970215096691357,0.12826852426441088,6.025016673256447,4,0.15778139200018526,6,0.7894736842105263,0.5789473684210527,1,0.21685509261597197
omnimath-191,omnimath,unknown,5,0,0,16,0.0,15.0,0.49306423641719693,0.49306423641719693,0.0,-0.43151524860412993,0.0,-0.9170230643858304,0.0,0.9170230643858304,-0.9170230643858304,0.0,0.0,1.0,1.0,0.9227568521129031,0.07862021618942297,5.488604197735379,11,0.5102508773689869,16,0.7368421052631579,0.3684210526315789,3,0.31208611160693245
omnimath-191,omnimath,unknown,5,1,0,16,0.06666666666666667,14.0,-0.4239588279686334,-0.4239588279686334,-0.9170230643858304,0.4855078157817004,-0.9170230643858304,0.5910373788577303,0.9170230643858304,0.5910373788577303,1.5080604432435607,0.9170230643858304,0.0,0.0,1.0,0.9227568521129031,0.07862021618942297,5.488604197735379,11,0.5102508773689869,16,0.7368421052631579,0.3684210526315789,3,0.6428330197640308
omnimath-191,omnimath,unknown,5,2,0,16,0.13333333333333333,13.0,0.16707855088909696,0.16707855088909696,-0.3259856855281,-0.10552956307602998,0.5910373788577303,-0.4415056448867666,0.5910373788577303,0.4415056448867666,-1.032543023744497,0.3259856855281,0.5910373788577303,0.0,0.0,0.9227568521129031,0.07862021618942297,5.488604197735379,11,0.5102508773689869,16,0.7368421052631579,0.3684210526315789,3,0.6420984240963706
omnimath-191,omnimath,unknown,5,3,0,16,0.2,12.0,-0.2744270939976696,-0.2744270939976696,-0.7674913304148665,0.3359760818107366,-0.4415056448867666,0.33597608181073685,0.4415056448867666,0.33597608181073685,0.7774817266975034,0.7674913304148665,0.14953173397096375,0.0,0.0,0.9227568521129031,0.07862021618942297,5.488604197735379,11,0.5102508773689869,16,0.7368421052631579,0.3684210526315789,3,0.5855830143627793
omnimath-191,omnimath,unknown,5,4,0,16,0.26666666666666666,11.0,0.0615489878130672,0.061548987813067196,-0.4315152486041297,-2.220446049250313e-16,0.33597608181073685,-0.12240198151267778,0.33597608181073685,0.12240198151267778,-0.45837806332341463,0.4315152486041297,0.4855078157817006,0.0,0.0,0.9227568521129031,0.07862021618942297,5.488604197735379,11,0.5102508773689869,16,0.7368421052631579,0.3684210526315789,3,0.4574242866903156
omnimath-191,omnimath,unknown,5,5,1,16,0.3333333333333333,10.0,-0.06085299369961058,-0.060852993699610586,-0.5539172301168075,0.12240198151267756,-0.12240198151267778,-0.538996500732687,0.12240198151267778,0.538996500732687,-0.41659451922000923,0.5539172301168075,0.3631058342690228,0.0,0.0,0.9227568521129031,0.07862021618942297,5.488604197735379,11,0.5102508773689869,16,0.7368421052631579,0.3684210526315789,3,0.48030499824107353
omnimath-191,omnimath,unknown,5,6,0,16,0.4,9.0,-0.5998494944322976,-0.5998494944322976,-1.0929137308494945,0.6613984822453646,-0.538996500732687,1.029627593495194,0.538996500732687,1.029627593495194,1.5686240942278808,1.0929137308494945,0.0,0.0,1.0,0.9227568521129031,0.07862021618942297,5.488604197735379,11,0.5102508773689869,16,0.7368421052631579,0.3684210526315789,3,0.45364833577648817
omnimath-191,omnimath,unknown,5,7,0,16,0.4666666666666667,8.0,0.42977809906289627,0.42977809906289627,-0.06328613735430066,-0.36822911124982927,1.029627593495194,-0.4642721602698066,1.029627593495194,0.4642721602698066,-1.4938997537650005,0.06328613735430066,1.029627593495194,0.0,0.0,0.9227568521129031,0.07862021618942297,5.488604197735379,11,0.5102508773689869,16,0.7368421052631579,0.3684210526315789,3,0.4174921337351747
omnimath-191,omnimath,unknown,5,8,0,16,0.5333333333333333,7.0,-0.034494061206910336,-0.03449406120691034,-0.5275582976241072,0.09604304901997732,-0.4642721602698066,-1.249000902703301e-16,0.4642721602698066,1.249000902703301e-16,0.4642721602698065,0.5275582976241072,0.5653554332253873,0.0,0.0,0.9227568521129031,0.07862021618942297,5.488604197735379,11,0.5102508773689869,16,0.7368421052631579,0.3684210526315789,3,0.273363498768247
omnimath-191,omnimath,unknown,5,9,0,16,0.6,6.0,-0.03449406120691046,-0.03449406120691047,-0.5275582976241074,0.09604304901997744,-1.249000902703301e-16,-0.3894647667617233,1.249000902703301e-16,0.3894647667617233,-0.3894647667617232,0.5275582976241074,0.5653554332253872,0.0,0.0,0.9227568521129031,0.07862021618942297,5.488604197735379,11,0.5102508773689869,16,0.7368421052631579,0.3684210526315789,3,0.26027851193006635
omnimath-191,omnimath,unknown,5,10,0,16,0.6666666666666666,5.0,-0.42395882796863377,-0.42395882796863377,-0.9170230643858307,0.48550781578170077,-0.3894647667617233,1.046658523435207,0.3894647667617233,1.046658523435207,1.4361232901969303,0.9170230643858307,0.17589066646366386,0.0,0.0,0.9227568521129031,0.07862021618942297,5.488604197735379,11,0.5102508773689869,16,0.7368421052631579,0.3684210526315789,3,0.35860455321353574
omnimath-191,omnimath,unknown,5,11,0,16,0.7333333333333333,4.0,0.6226996954665733,0.6226996954665733,0.1296354590493764,-0.5611507076535064,1.046658523435207,-0.8450859113391997,1.046658523435207,0.8450859113391997,-1.8917444347744068,0.0,1.222549189898871,1.0,0.0,0.9227568521129031,0.07862021618942297,5.488604197735379,11,0.5102508773689869,16,0.7368421052631579,0.3684210526315789,3,0.15112541104577132
omnimath-191,omnimath,unknown,5,12,0,16,0.8,3.0,-0.22238621587262644,-0.22238621587262644,-0.7154504522898234,0.2839352036856934,-0.8450859113391997,0.6714739624345984,0.8450859113391997,0.6714739624345984,1.5165598737737982,0.8450859113391997,0.3774632785596712,0.0,0.0,0.9227568521129031,0.07862021618942297,5.488604197735379,11,0.5102508773689869,16,0.7368421052631579,0.3684210526315789,3,0.23101769646623896
omnimath-191,omnimath,unknown,5,13,0,16,0.8666666666666667,2.0,0.44908774656197203,0.44908774656197203,-0.0439764898552249,-0.38753875874890503,0.6714739624345984,-0.6594724742325495,0.6714739624345984,0.6594724742325495,-1.330946436667148,0.1736119489046013,1.0489372409942697,0.0,0.0,0.9227568521129031,0.07862021618942297,5.488604197735379,11,0.5102508773689869,16,0.7368421052631579,0.3684210526315789,3,0.1597576788229548
omnimath-191,omnimath,unknown,5,14,0,16,0.9333333333333333,1.0,-0.21038472767057745,-0.21038472767057745,-0.7034489640877744,0.2719337154836444,-0.6594724742325495,0.2719337154836444,0.6594724742325495,0.2719337154836444,0.9314061897161939,0.8330844231371508,0.38946476676172015,0.0,0.0,0.9227568521129031,0.07862021618942297,5.488604197735379,11,0.5102508773689869,16,0.7368421052631579,0.3684210526315789,3,0.12424822795548021
omnimath-191,omnimath,unknown,5,15,0,16,1.0,0.0,0.06154898781306698,0.061548987813066974,-0.43151524860412993,0.0,0.2719337154836444,0.0,0.2719337154836444,0.0,-0.2719337154836444,0.5611507076535064,0.6613984822453646,0.0,0.0,0.9227568521129031,0.07862021618942297,5.488604197735379,11,0.5102508773689869,16,0.7368421052631579,0.3684210526315789,3,0.06851324050911954
omnimath-192,omnimath,unknown,2,0,0,8,0.0,7.0,1.4534577671011282,1.4534577671011282,0.0,-1.625442931503335,0.0,-0.8581877787896673,0.0,0.8581877787896673,-0.8581877787896673,0.0,0.0,1.0,1.0,2.185688978603463,0.40796116372505054,3.9843080078054154,3,0.09793590178757189,8,0.0,0.7368421052631579,2,0.3090071152599473
omnimath-192,omnimath,unknown,2,1,0,8,0.14285714285714285,6.0,0.5952699883114608,0.5952699883114608,-0.8581877787896673,-0.7672551527136676,-0.8581877787896673,-1.1210822877860183,0.8581877787896673,1.1210822877860183,-0.2628945089963509,0.8581877787896673,0.0,0.0,1.0,2.185688978603463,0.40796116372505054,3.9843080078054154,3,0.09793590178757189,8,0.0,0.7368421052631579,2,0.6550098603003031
omnimath-192,omnimath,unknown,2,2,1,8,0.2857142857142857,5.0,-0.5258122994745574,-0.5258122994745574,-1.9792700665756855,0.35382713507235064,-1.1210822877860183,0.8403245235690955,1.1210822877860183,0.8403245235690955,1.9614068113551137,1.9792700665756855,0.0,0.0,1.0,2.185688978603463,0.40796116372505054,3.9843080078054154,3,0.09793590178757189,8,0.0,0.7368421052631579,2,0.7492390119295986
omnimath-192,omnimath,unknown,2,3,0,8,0.42857142857142855,4.0,0.31451222409453805,0.31451222409453805,-1.13894554300659,-0.48649738849674484,0.8403245235690955,-0.6832076827427991,0.8403245235690955,0.6832076827427991,-1.5235322063118946,1.13894554300659,0.8403245235690955,0.0,0.0,2.185688978603463,0.40796116372505054,3.9843080078054154,3,0.09793590178757189,8,0.0,0.7368421052631579,2,0.6736899478762564
omnimath-192,omnimath,unknown,2,4,0,8,0.5714285714285714,3.0,-0.36869545864826103,-0.36869545864826103,-1.822153225749389,0.19671029424605424,-0.6832076827427991,-0.40223929885928156,0.6832076827427991,0.40223929885928156,0.2809683838835175,1.822153225749389,0.1571168408262964,0.0,0.0,2.185688978603463,0.40796116372505054,3.9843080078054154,3,0.09793590178757189,8,0.0,0.7368421052631579,2,0.5912931844546262
omnimath-192,omnimath,unknown,2,5,0,8,0.7142857142857143,2.0,-0.7709347575075426,-0.7709347575075426,-2.2243925246086707,0.5989495931053358,-0.40223929885928156,0.2451224580329835,0.40223929885928156,0.2451224580329835,0.647361756892265,2.2243925246086707,0.0,0.0,1.0,2.185688978603463,0.40796116372505054,3.9843080078054154,3,0.09793590178757189,8,0.0,0.7368421052631579,2,0.4598793468996097
omnimath-192,omnimath,unknown,2,6,0,8,0.8571428571428571,1.0,-0.5258122994745591,-0.5258122994745591,-1.9792700665756873,0.3538271350723523,0.2451224580329835,0.3538271350723523,0.2451224580329835,0.3538271350723523,0.10870467703936881,1.9792700665756873,0.2451224580329835,0.0,0.0,2.185688978603463,0.40796116372505054,3.9843080078054154,3,0.09793590178757189,8,0.0,0.7368421052631579,2,0.4010982794954315
omnimath-192,omnimath,unknown,2,7,0,8,1.0,0.0,-0.1719851644022068,-0.1719851644022068,-1.625442931503335,0.0,0.3538271350723523,0.0,0.3538271350723523,0.0,-0.3538271350723523,1.625442931503335,0.5989495931053358,0.0,0.0,2.185688978603463,0.40796116372505054,3.9843080078054154,3,0.09793590178757189,8,0.0,0.7368421052631579,2,0.2589101326298911
omnimath-193,omnimath,unknown,1,0,0,5,0.0,4.0,1.4239806143189835,1.4239806143189835,0.0,-0.9873866535578852,0.0,-1.8523840910444902,0.0,1.8523840910444902,-1.8523840910444902,0.0,0.0,1.0,1.0,2.140066163496271,0.29986726928956653,3.292745673434657,1,0.03514694270155414,5,0.0,0.7368421052631579,4,0.5104166121109625
omnimath-193,omnimath,unknown,1,1,1,5,0.25,3.0,-0.4284034767255067,-0.42840347672550677,-1.8523840910444902,0.864997437486605,-1.8523840910444902,-0.28768207245178046,1.8523840910444902,0.28768207245178046,1.5647020185927096,1.8523840910444902,0.0,0.0,1.0,2.140066163496271,0.29986726928956653,3.292745673434657,1,0.03514694270155414,5,0.0,0.7368421052631579,4,0.8332070026916363
omnimath-193,omnimath,unknown,1,2,0,5,0.5,2.0,-0.7160855491772872,-0.7160855491772872,-2.1400661634962708,1.1526795099383853,-0.28768207245178046,-4.440892098500626e-16,0.28768207245178046,4.440892098500626e-16,0.28768207245178,2.1400661634962708,0.0,0.0,1.0,2.140066163496271,0.29986726928956653,3.292745673434657,1,0.03514694270155414,5,0.0,0.7368421052631579,4,0.5609358475582606
omnimath-193,omnimath,unknown,1,3,0,5,0.75,1.0,-0.7160855491772876,-0.7160855491772876,-2.140066163496271,1.1526795099383857,-4.440892098500626e-16,1.1526795099383857,4.440892098500626e-16,1.1526795099383857,1.1526795099383862,2.140066163496271,0.0,0.0,1.0,2.140066163496271,0.29986726928956653,3.292745673434657,1,0.03514694270155414,5,0.0,0.7368421052631579,4,0.4540163014328897
omnimath-193,omnimath,unknown,1,4,0,5,1.0,0.0,0.4365939607610982,0.43659396076109813,-0.9873866535578852,0.0,1.1526795099383857,0.0,1.1526795099383857,0.0,-1.1526795099383857,0.9873866535578852,1.1526795099383857,0.0,0.0,2.140066163496271,0.29986726928956653,3.292745673434657,1,0.03514694270155414,5,0.0,0.7368421052631579,4,0.3121266678346009
omnimath-194,omnimath,unknown,3,0,0,5,0.0,4.0,-0.4806525321494979,-0.4806525321494978,0.0,-0.2231435513142097,0.0,1.5686159179138448,0.0,1.5686159179138448,1.5686159179138448,0.0,0.0,1.0,1.0,2.03401805655587,0.058036355431967564,3.84489256179753,2,0.07035299501433112,5,0.2631578947368421,0.7894736842105263,2,0.8260046819989185
omnimath-194,omnimath,unknown,3,1,0,5,0.25,3.0,1.087963385764347,1.087963385764347,1.5686159179138448,-1.7917594692280545,1.5686159179138448,0.0,1.5686159179138448,0.0,-1.5686159179138448,0.0,1.5686159179138448,1.0,0.0,2.03401805655587,0.058036355431967564,3.84489256179753,2,0.07035299501433112,5,0.2631578947368421,0.7894736842105263,2,0.49808247739589706
omnimath-194,omnimath,unknown,3,2,0,5,0.5,2.0,1.087963385764347,1.087963385764347,1.5686159179138448,-1.7917594692280545,0.0,-2.0794415416798353,0.0,2.0794415416798353,-2.0794415416798353,0.0,1.5686159179138448,1.0,0.0,2.03401805655587,0.058036355431967564,3.84489256179753,2,0.07035299501433112,5,0.2631578947368421,0.7894736842105263,2,0.6182929522727567
omnimath-194,omnimath,unknown,3,3,1,5,0.75,1.0,-0.9914781559154886,-0.9914781559154886,-0.5108256237659907,0.287682072451781,-2.0794415416798353,0.287682072451781,2.0794415416798353,0.287682072451781,2.367123614131616,2.0794415416798353,0.0,0.0,1.0,2.03401805655587,0.058036355431967564,3.84489256179753,2,0.07035299501433112,5,0.2631578947368421,0.7894736842105263,2,0.5956300138813532
omnimath-194,omnimath,unknown,3,4,0,5,1.0,0.0,-0.7037960834637076,-0.7037960834637076,-0.2231435513142097,0.0,0.287682072451781,0.0,0.287682072451781,0.0,-0.287682072451781,1.7917594692280545,0.287682072451781,0.0,0.0,2.03401805655587,0.058036355431967564,3.84489256179753,2,0.07035299501433112,5,0.2631578947368421,0.7894736842105263,2,0.37664966598543914
omnimath-195,omnimath,unknown,2,0,0,8,0.0,7.0,-0.02730521423403398,-0.02730521423403401,0.0,0.5406214323763769,0.0,0.5517731709422977,0.0,0.5517731709422977,0.5517731709422977,0.0,0.0,1.0,1.0,1.8434071445423756,0.13299202841125507,4.065066446724143,3,0.1264789908475099,8,0.8421052631578947,0.5789473684210527,0,0.5990068089175464
omnimath-195,omnimath,unknown,2,1,0,8,0.14285714285714285,6.0,0.5244679567082637,0.5244679567082637,0.5517731709422977,-0.011151738565920777,0.5517731709422977,-0.8771955713769257,0.5517731709422977,0.8771955713769257,-1.4289687423192234,0.0,0.5517731709422977,1.0,0.0,1.8434071445423756,0.13299202841125507,4.065066446724143,3,0.1264789908475099,8,0.8421052631578947,0.5789473684210527,0,0.5913219702543282
omnimath-195,omnimath,unknown,2,2,1,8,0.2857142857142857,5.0,-0.3527276146686619,-0.352727614668662,-0.32542240043462795,0.8660438328110049,-0.8771955713769257,-0.2832077920568599,0.8771955713769257,0.2832077920568599,0.5939877793200659,0.8771955713769257,0.0,0.0,1.0,1.8434071445423756,0.13299202841125507,4.065066446724143,3,0.1264789908475099,8,0.8421052631578947,0.5789473684210527,0,0.6685021704222103
omnimath-195,omnimath,unknown,2,3,0,8,0.42857142857142855,4.0,-0.6359354067255218,-0.6359354067255218,-0.6086301924914879,1.1492516248678648,-0.2832077920568599,-0.19671029424605413,0.2832077920568599,0.19671029424605413,0.08649749781080579,1.1604033634337856,0.0,0.0,1.0,1.8434071445423756,0.13299202841125507,4.065066446724143,3,0.1264789908475099,8,0.8421052631578947,0.5789473684210527,0,0.6317817789108484
omnimath-195,omnimath,unknown,2,4,0,8,0.5714285714285714,3.0,-0.832645700971576,-0.832645700971576,-0.805340486737542,1.345961919113919,-0.19671029424605413,0.44183275227903934,0.19671029424605413,0.44183275227903934,0.6385430465250934,1.3571136576798397,0.0,0.0,1.0,1.8434071445423756,0.13299202841125507,4.065066446724143,3,0.1264789908475099,8,0.8421052631578947,0.5789473684210527,0,0.5862477383180715
omnimath-195,omnimath,unknown,2,5,0,8,0.7142857142857143,2.0,-0.39081294869253663,-0.3908129486925367,-0.36350773445850265,0.9041291668348796,0.44183275227903934,1.5924556591342607,0.44183275227903934,1.5924556591342607,1.1506229068552214,0.9152809054008004,0.44183275227903934,0.0,0.0,1.8434071445423756,0.13299202841125507,4.065066446724143,3,0.1264789908475099,8,0.8421052631578947,0.5789473684210527,0,0.5819836468879679
omnimath-195,omnimath,unknown,2,6,0,8,0.8571428571428571,1.0,1.201642710441724,1.201642710441724,1.228947924675758,-0.688326492299381,1.5924556591342607,-0.688326492299381,1.5924556591342607,0.688326492299381,-2.280782151433642,0.0,2.0342884114133,1.0,0.0,1.8434071445423756,0.13299202841125507,4.065066446724143,3,0.1264789908475099,8,0.8421052631578947,0.5789473684210527,0,0.2373267681073494
omnimath-195,omnimath,unknown,2,7,0,8,1.0,0.0,0.513316218142343,0.513316218142343,0.5406214323763769,0.0,-0.688326492299381,0.0,0.688326492299381,0.0,0.688326492299381,0.688326492299381,1.345961919113919,0.0,0.0,1.8434071445423756,0.13299202841125507,4.065066446724143,3,0.1264789908475099,8,0.8421052631578947,0.5789473684210527,0,0.25119059446734515
omnimath-196,omnimath,unknown,3,0,0,6,0.0,5.0,0.6290956080616144,0.6290956080616144,0.0,0.0,0.0,-0.43863888179016264,0.0,0.43863888179016264,-0.43863888179016264,0.0,0.0,1.0,1.0,1.6627772486556736,0.0,3.325554497311347,1,0.06185130088198893,6,0.0,0.42105263157894735,0,0.4294638970491513
omnimath-196,omnimath,unknown,3,1,0,6,0.2,4.0,0.19045672627145174,0.19045672627145172,-0.43863888179016264,0.43863888179016264,-0.43863888179016264,-1.252762968495368,0.43863888179016264,1.252762968495368,-0.8141240867052054,0.43863888179016264,0.0,0.0,1.0,1.6627772486556736,0.0,3.325554497311347,1,0.06185130088198893,6,0.0,0.42105263157894735,0,0.7524866633938793
omnimath-196,omnimath,unknown,3,2,0,6,0.4,3.0,-1.0623062422239162,-1.0623062422239162,-1.6914018502855306,1.6914018502855306,-1.252762968495368,0.271933715483642,1.252762968495368,0.271933715483642,1.52469668397901,1.6914018502855306,0.0,0.0,1.0,1.6627772486556736,0.0,3.325554497311347,1,0.06185130088198893,6,0.0,0.42105263157894735,0,0.7754144530631035
omnimath-196,omnimath,unknown,3,3,1,6,0.6,2.0,-0.7903725267402743,-0.7903725267402743,-1.4194681348018885,1.4194681348018885,0.271933715483642,1.1944033533097844,0.271933715483642,1.1944033533097844,0.9224696378261424,1.4194681348018885,0.271933715483642,0.0,0.0,1.6627772486556736,0.0,3.325554497311347,1,0.06185130088198893,6,0.0,0.42105263157894735,0,0.7261141003556152
omnimath-196,omnimath,unknown,3,4,0,6,0.8,1.0,0.4040308265695103,0.4040308265695102,-0.22506478149210407,0.22506478149210407,1.1944033533097844,0.22506478149210407,1.1944033533097844,0.22506478149210407,-0.9693385718176804,0.22506478149210407,1.4663370687934265,0.0,0.0,1.6627772486556736,0.0,3.325554497311347,1,0.06185130088198893,6,0.0,0.42105263157894735,0,0.5239000275015687
omnimath-196,omnimath,unknown,3,5,0,6,1.0,0.0,0.6290956080616144,0.6290956080616144,0.0,0.0,0.22506478149210407,0.0,0.22506478149210407,0.0,-0.22506478149210407,0.0,1.6914018502855306,1.0,0.0,1.6627772486556736,0.0,3.325554497311347,1,0.06185130088198893,6,0.0,0.42105263157894735,0,0.2290031562470492
omnimath-197,omnimath,unknown,3,0,0,10,0.0,9.0,0.9357776307475743,0.9357776307475743,0.0,-1.0266387890430206,0.0,-1.3143208614948012,0.0,1.3143208614948012,-1.3143208614948012,0.0,0.0,1.0,1.0,1.6771054319073695,0.213463869619974,4.809426489226152,4,0.23188841501143967,10,0.0,0.21052631578947367,4,0.36433006190446804
omnimath-197,omnimath,unknown,3,1,0,10,0.1111111111111111,8.0,-0.378543230747227,-0.37854323074722707,-1.3143208614948012,0.2876820724517807,-1.3143208614948012,-0.40546510810816433,1.3143208614948012,0.40546510810816433,0.9088557533866368,1.3143208614948012,0.0,0.0,1.0,1.6771054319073695,0.213463869619974,4.809426489226152,4,0.23188841501143967,10,0.0,0.21052631578947367,4,0.7281008528347188
omnimath-197,omnimath,unknown,3,2,0,10,0.2222222222222222,7.0,-0.7840083388553913,-0.7840083388553913,-1.7197859696029656,0.693147180559945,-0.40546510810816433,1.2527629684953678,0.40546510810816433,1.2527629684953678,1.6582280766035322,1.7197859696029656,0.0,0.0,1.0,1.6771054319073695,0.213463869619974,4.809426489226152,4,0.23188841501143967,10,0.0,0.21052631578947367,4,0.6763349040671495
omnimath-197,omnimath,unknown,3,3,1,10,0.3333333333333333,6.0,0.4687546296399765,0.46875462963997644,-0.46702300110759776,-0.5596157879354229,1.2527629684953678,-1.2527629684953678,1.2527629684953678,1.2527629684953678,-2.5055259369907357,0.46702300110759776,1.2527629684953678,0.0,0.0,1.6771054319073695,0.213463869619974,4.809426489226152,4,0.23188841501143967,10,0.0,0.21052631578947367,4,0.7215859194019156
omnimath-197,omnimath,unknown,3,4,0,10,0.4444444444444444,5.0,-0.7840083388553913,-0.7840083388553913,-1.7197859696029656,0.693147180559945,-1.2527629684953678,0.980829253011726,1.2527629684953678,0.980829253011726,2.233592221507094,1.7197859696029656,0.0,0.0,1.0,1.6771054319073695,0.213463869619974,4.809426489226152,4,0.23188841501143967,10,0.0,0.21052631578947367,4,0.6149496731808481
omnimath-197,omnimath,unknown,3,5,0,10,0.5555555555555556,4.0,0.19682091415633465,0.1968209141563346,-0.7389567165912396,-0.287682072451781,0.980829253011726,0.19782574332992012,0.980829253011726,0.19782574332992012,-0.7830035096818059,0.7389567165912396,0.980829253011726,0.0,0.0,1.6771054319073695,0.213463869619974,4.809426489226152,4,0.23188841501143967,10,0.0,0.21052631578947367,4,0.4314028511763946
omnimath-197,omnimath,unknown,3,6,0,10,0.6666666666666666,3.0,0.39464665748625477,0.3946466574862547,-0.5411309732613194,-0.4855078157817011,0.19782574332992012,-0.2623642644674914,0.19782574332992012,0.2623642644674914,-0.4601900077974115,0.5411309732613194,1.1786549963416462,0.0,0.0,1.6771054319073695,0.213463869619974,4.809426489226152,4,0.23188841501143967,10,0.0,0.21052631578947367,4,0.3467460152211173
omnimath-197,omnimath,unknown,3,7,0,10,0.7777777777777778,2.0,0.13228239301876338,0.13228239301876332,-0.8034952377288109,-0.22314355131420974,-0.2623642644674914,-0.22314355131421043,0.2623642644674914,0.22314355131421043,0.03922071315328096,0.8034952377288109,0.9162907318741547,0.0,0.0,1.6771054319073695,0.213463869619974,4.809426489226152,4,0.23188841501143967,10,0.0,0.21052631578947367,4,0.3180386875710439
omnimath-197,omnimath,unknown,3,8,0,10,0.8888888888888888,1.0,-0.09086115829544705,-0.0908611582954471,-1.0266387890430213,6.938893903907228e-16,-0.22314355131421043,6.938893903907228e-16,0.22314355131421043,6.938893903907228e-16,0.22314355131421112,1.0266387890430213,0.6931471805599443,0.0,0.0,1.6771054319073695,0.213463869619974,4.809426489226152,4,0.23188841501143967,10,0.0,0.21052631578947367,4,0.24073888905266236
omnimath-197,omnimath,unknown,3,9,0,10,1.0,0.0,-0.09086115829544636,-0.0908611582954464,-1.0266387890430206,0.0,6.938893903907228e-16,0.0,6.938893903907228e-16,0.0,-6.938893903907228e-16,1.0266387890430206,0.693147180559945,0.0,0.0,1.6771054319073695,0.213463869619974,4.809426489226152,4,0.23188841501143967,10,0.0,0.21052631578947367,4,0.17219523569314207
omnimath-198,omnimath,unknown,3,0,0,5,0.0,4.0,1.4102969092416275,1.4102969092416275,0.0,-1.7769443834429144,0.0,-0.9594994862053917,0.0,0.9594994862053917,-0.9594994862053917,0.0,0.0,1.0,1.0,2.3860475910173324,0.5932737624691191,2.9951507985917503,1,0.018660681320764833,5,0.0,0.7368421052631579,4,0.41858594324917503
omnimath-198,omnimath,unknown,3,1,0,5,0.25,3.0,0.4507974230362358,0.45079742303623577,-0.9594994862053917,-0.8174448972375228,-0.9594994862053917,-0.9426080401915289,0.9594994862053917,0.9426080401915289,0.016891446013862832,0.9594994862053917,0.0,0.0,1.0,2.3860475910173324,0.5932737624691191,2.9951507985917503,1,0.018660681320764833,5,0.0,0.7368421052631579,4,0.710416996856895
omnimath-198,omnimath,unknown,3,2,0,5,0.5,2.0,-0.491810617155293,-0.49181061715529306,-1.9021075263969205,0.1251631429540061,-0.9426080401915289,-0.5108256237659905,0.9426080401915289,0.5108256237659905,0.4317824164255384,1.9021075263969205,0.0,0.0,1.0,2.3860475910173324,0.5932737624691191,2.9951507985917503,1,0.018660681320764833,5,0.0,0.7368421052631579,4,0.6954369782676494
omnimath-198,omnimath,unknown,3,3,1,5,0.75,1.0,-1.0026362409212835,-1.0026362409212835,-2.412933150162911,0.6359887667199966,-0.5108256237659905,0.6359887667199966,0.5108256237659905,0.6359887667199966,1.146814390485987,2.412933150162911,0.0,0.0,1.0,2.3860475910173324,0.5932737624691191,2.9951507985917503,1,0.018660681320764833,5,0.0,0.7368421052631579,4,0.5774860745775241
omnimath-198,omnimath,unknown,3,4,0,5,1.0,0.0,-0.3666474742012869,-0.36664747420128696,-1.7769443834429144,0.0,0.6359887667199966,0.0,0.6359887667199966,0.0,-0.6359887667199966,1.7769443834429144,0.6359887667199966,0.0,0.0,2.3860475910173324,0.5932737624691191,2.9951507985917503,1,0.018660681320764833,5,0.0,0.7368421052631579,4,0.43306533786553325
omnimath-199,omnimath,unknown,2,0,0,4,0.0,3.0,1.4479285524698082,1.4479285524698082,0.0,-1.999977370325589,0.0,-1.252762968495368,0.0,1.252762968495368,-1.252762968495368,0.0,0.0,1.0,1.0,2.510605634177608,0.6619736961212845,3.021233898029628,1,0.016303994187396018,4,0.0,0.6842105263157895,1,0.48955990381368386
omnimath-199,omnimath,unknown,2,1,0,4,0.3333333333333333,2.0,0.19516558397444028,0.19516558397444034,-1.252762968495368,-0.747214401830221,-1.252762968495368,-1.286210902562908,1.252762968495368,1.286210902562908,-0.033447934067539986,1.252762968495368,0.0,0.0,1.0,2.510605634177608,0.6619736961212845,3.021233898029628,1,0.016303994187396018,4,0.0,0.6842105263157895,1,0.7974058295974368
omnimath-199,omnimath,unknown,2,2,1,4,0.6666666666666666,1.0,-1.0910453185884679,-1.0910453185884679,-2.538973871058276,0.5389965007326871,-1.286210902562908,0.5389965007326871,1.286210902562908,0.5389965007326871,1.8252074032955952,2.538973871058276,0.0,0.0,1.0,2.510605634177608,0.6619736961212845,3.021233898029628,1,0.016303994187396018,4,0.0,0.6842105263157895,1,0.7430274256757685
omnimath-199,omnimath,unknown,2,3,0,4,1.0,0.0,-0.5520488178557807,-0.5520488178557807,-1.999977370325589,0.0,0.5389965007326871,0.0,0.5389965007326871,0.0,-0.5389965007326871,1.999977370325589,0.5389965007326871,0.0,0.0,2.510605634177608,0.6619736961212845,3.021233898029628,1,0.016303994187396018,4,0.0,0.6842105263157895,1,0.42879043560287816
