id,dataset,run_slug,subject,generator,model,target,target_label,is_correct,final_answer_correct,rubric_score,has_answer_chunks,error_step_index,error_step_position,exit_status,reasoning_n_chunks,reasoning_start,reasoning_end,reasoning_end_minus_start,reasoning_std,reasoning_range,reasoning_min,reasoning_max,reasoning_early_mean,reasoning_mid_mean,reasoning_late_mean,reasoning_late_minus_early,reasoning_total_variation,reasoning_monotonicity,reasoning_direction_changes,reasoning_zero_crossings,reasoning_peak_pos,reasoning_trough_pos,reasoning_rebound_from_trough,reasoning_fall_from_peak,reasoning_max_rise,reasoning_max_drop,reasoning_max_rise_pos,reasoning_max_drop_pos,reasoning_curvature_abs_mean,reasoning_positive_mass,reasoning_negative_mass,reasoning_time_positive,reasoning_time_negative,answer_n_chunks,answer_start,answer_end,answer_end_minus_start,answer_std,answer_range,answer_min,answer_max,answer_early_mean,answer_mid_mean,answer_late_mean,answer_late_minus_early,answer_total_variation,answer_monotonicity,answer_direction_changes,answer_zero_crossings,answer_peak_pos,answer_trough_pos,answer_rebound_from_trough,answer_fall_from_peak,answer_max_rise,answer_max_drop,answer_max_rise_pos,answer_max_drop_pos,answer_curvature_abs_mean,answer_positive_mass,answer_negative_mass,answer_time_positive,answer_time_negative,reasoning_traj_t00,reasoning_traj_t01,reasoning_traj_t02,reasoning_traj_t03,reasoning_traj_t04,reasoning_traj_t05,reasoning_traj_t06,reasoning_traj_t07,reasoning_traj_t08,reasoning_traj_t09,reasoning_traj_t10,reasoning_traj_t11,reasoning_traj_t12,reasoning_traj_t13,reasoning_traj_t14,reasoning_traj_t15,reasoning_traj_t16,reasoning_traj_t17,reasoning_traj_t18,reasoning_traj_t19,answer_traj_t00,answer_traj_t01,answer_traj_t02,answer_traj_t03,answer_traj_t04,answer_traj_t05,answer_traj_t06,answer_traj_t07,answer_traj_t08,answer_traj_t09,answer_traj_t10,answer_traj_t11,answer_traj_t12,answer_traj_t13,answer_traj_t14,answer_traj_t15,answer_traj_t16,answer_traj_t17,answer_traj_t18,answer_traj_t19,answer_minus_reasoning_mean,answer_start_minus_reasoning_end,answer_end_minus_reasoning_end,answer_range_minus_reasoning_range,total_n_chunks,reasoning_pair_density,answer_pair_density
omnimath-0,processbench,omnimath,omnimath,Qwen2.5-7B-Instruct,,0,final_answer_correct,False,False,,False,2.0,0.4,,6,1.6428534487769442,-0.8332166192105581,-2.4760700679875023,0.756116756655604,2.6222051853340407,-0.9793517365570967,1.6428534487769442,0.6712692806596668,-0.05518496255268103,-0.9034190515522376,-1.5746883322119043,3.6520935372452206,0.6779864871301203,3,1,0.0,0.7894736842105263,0.1461351173465386,2.4760700679875023,0.14729220576077356,0.42134144353791536,0.3333333333333333,0.05555555555555555,0.07290709519056884,0.29599026600201583,0.35138647013024216,0.5,0.5,0,,,,,,,,,,,,,,,,,,,,,,,,,,,,,1.6428534487769442,1.221512005239029,0.8001705617011136,0.3788291181631982,0.0712144044850206,0.21850661024579413,0.36579881600656766,0.5130910217673412,0.4914433770477384,0.21638595660756998,-0.05867146383259836,-0.33372888427276703,-0.5330184998002115,-0.6817962453858397,-0.8305739909714682,-0.9793517365570967,-0.9720776716818723,-0.9257906541914344,-0.8795036367009962,-0.8332166192105581,,,,,,,,,,,,,,,,,,,,,,,,,6,0.9333333333333333,
omnimath-1,processbench,omnimath,omnimath,Qwen2.5-Math-7B-Instruct,,0,final_answer_correct,False,False,,False,7.0,0.6363636363636364,,12,0.7323657121943701,-0.024927120864602133,-0.7572928330589722,0.35181095352879055,1.35982586432571,-0.6274601521313399,0.7323657121943701,0.2903633963257631,-0.09043797480715361,-0.2569413177087519,-0.547304714034515,4.024122790967195,0.18818830149985494,5,3,0.0,0.8421052631578947,0.6025330312667377,0.7572928330589722,0.3154075802028015,0.5678485149015262,0.6666666666666666,0.7777777777777778,0.2117864053369224,0.13948487731817436,0.14659337509928663,0.5,0.5,0,,,,,,,,,,,,,,,,,,,,,,,,,,,,,0.7323657121943701,0.5048308033670532,0.2847270947579746,0.08443992006419787,0.022284367694414983,0.07523850059462718,0.32865737560770364,0.5538869601205969,0.05174643493639863,-0.27094673448406725,-0.27960703131799947,-0.30803507663772295,-0.3477589782350413,-0.0323513980322398,0.1515203770261504,-0.41632813787537587,-0.6274601521313399,-0.41053236561262857,-0.21392050679471553,-0.024927120864602133,,,,,,,,,,,,,,,,,,,,,,,,,12,0.21212121212121213,
omnimath-2,processbench,omnimath,omnimath,Qwen2.5-Math-7B-Instruct,,0,final_answer_correct,False,False,,False,0.0,0.0,,5,1.554114579756496,-0.707648518717295,-2.261763098473791,0.5953553694275344,2.4119437886764277,-0.8578292089199318,1.554114579756496,0.1593405006832273,0.06898339753905505,-0.5262578122801367,-0.685598312963364,4.714388504135802,0.4797574693917587,2,3,0.0,0.2631578947368421,0.1501806902026368,2.261763098473791,0.29185144444629285,0.5231382420606319,0.3333333333333333,0.0,0.07689333662895342,0.20017842025205623,0.27814239955829845,0.4,0.6,0,,,,,,,,,,,,,,,,,,,,,,,,,,,,,1.554114579756496,1.030976337695864,0.5078380956352324,-0.01530014642539923,-0.5384383884860311,-0.8578292089199318,-0.565977764473639,-0.27412632002734616,0.01772512441894658,0.30957656886523943,0.3684834939110736,0.1944458995564486,0.020408305201823962,-0.1536292891528006,-0.3276668835074257,-0.42430347735206303,-0.49513973769337094,-0.5659759980346788,-0.6368122583759869,-0.707648518717295,,,,,,,,,,,,,,,,,,,,,,,,,5,0.9,
omnimath-3,processbench,omnimath,omnimath,Qwen2-72B-Instruct,,0,final_answer_correct,False,False,,False,1.0,0.14285714285714285,,8,0.27113848557756226,-0.605419218463849,-0.8765577040414113,0.5074120873477699,1.7543560891200563,-0.7489052626841758,1.0054508264358804,-0.21894441667139378,-0.08416583666866304,0.3912243464197817,0.6101687630911755,5.642911032109891,0.1553378564810839,4,5,0.7368421052631579,0.15789473684210525,0.14348604422032674,1.6108700448997295,0.626156472471758,0.4969932477765323,0.6111111111111112,1.0,0.18266195294354207,0.20865694170836982,0.19737822645145517,0.45,0.55,0,,,,,,,,,,,,,,,,,,,,,,,,,,,,,0.27113848557756226,-0.14211210044984685,-0.555362686477256,-0.7489052626841758,-0.3931778143398722,-0.03745036599556861,0.07325882766940076,0.00020433032486938396,-0.07285016701966199,-0.2606737284464633,-0.4676254672203096,-0.5555617472447831,0.07059472522697485,0.6967511976987328,1.0054508264358804,0.8908746635268803,0.7762985006178803,0.38856727708921535,-0.10842597068731674,-0.605419218463849,,,,,,,,,,,,,,,,,,,,,,,,,8,0.4642857142857143,
omnimath-4,processbench,omnimath,omnimath,Qwen2.5-Math-72B-Instruct,,0,final_answer_correct,False,False,,False,1.0,0.3333333333333333,,4,1.4138157767878439,-0.14432884125870593,-1.55814461804655,0.7224066939526947,2.4873512787945007,-1.073535502006657,1.4138157767878439,0.6757472735026359,-0.6974280440848674,-0.5314982832370189,-1.2072455567396547,3.416557939542452,0.456056840135197,1,1,0.0,0.6842105263157895,0.9292066607479511,1.55814461804655,0.15486777679132535,0.24602283442840278,0.9444444444444444,0.2222222222222222,0.022271700623318316,0.23962760721505116,0.40666536188993785,0.3,0.7,0,,,,,,,,,,,,,,,,,,,,,,,,,,,,,1.4138157767878439,1.1677929423594413,0.9217701079310386,0.675747273502636,0.4297244390742334,0.18370160464583063,-0.06232122978257193,-0.24757402578625604,-0.4024418025775812,-0.5573095793689065,-0.7121773561602316,-0.8670451329515569,-1.0219129097428818,-1.073535502006657,-0.9186677252153318,-0.7637999484240066,-0.6089321716326815,-0.4540643948413565,-0.29919661805003117,-0.14432884125870593,,,,,,,,,,,,,,,,,,,,,,,,,4,0.8333333333333334,
omnimath-5,processbench,omnimath,omnimath,Qwen2.5-7B-Instruct,,0,final_answer_correct,False,False,,False,1.0,0.0625,,17,-0.04898985366099476,0.28496058481367126,0.333950438474666,0.25230151979311666,0.8385119764388509,-0.4236833031024057,0.41482867333644513,0.09199863007014948,0.00535583973132338,-0.12884055005852108,-0.22083918012867054,3.5736397785851177,0.09344826540040482,6,5,0.05263157894736842,0.7368421052631579,0.708643887916077,0.12986808852277387,0.46381852699743986,0.6245486787520118,0.0,0.2777777777777778,0.23036393597397137,0.10817256380937124,0.11275066439641206,0.55,0.45,0,,,,,,,,,,,,,,,,,,,,,,,,,,,,,-0.04898985366099476,0.41482867333644513,0.2411888033493697,0.07776762298245773,0.16412898280021065,0.20980743021778483,-0.414741248534227,-0.271668375443366,-0.03809254040500773,0.13730281909567385,0.22353204547294261,0.23455163784682126,0.14225793366810377,-0.3903926421159041,-0.4236833031024057,-0.2943394635365024,-0.21888889045639234,-0.1542169706734413,0.03312474260394402,0.28496058481367126,,,,,,,,,,,,,,,,,,,,,,,,,17,0.09558823529411764,
omnimath-6,processbench,omnimath,omnimath,Llama-3.1-8B-Instruct,,0,final_answer_correct,False,False,,False,4.0,1.0,,5,1.1171998877999636,-0.7799200970859177,-1.8971199848858813,0.8921840701748787,2.2543592650006685,-1.1371593772007051,1.1171998877999636,1.0546602925614723,-0.3019366155741746,-0.9817284360903699,-2.036388728651842,2.6115985451154566,0.7264209839732512,1,1,0.0,0.7368421052631579,0.35723928011478745,1.8971199848858813,0.08536107539119253,0.29185144444629285,0.9444444444444444,0.3333333333333333,0.037170220237987744,0.4005919439537811,0.4316571878353379,0.45,0.55,0,,,,,,,,,,,,,,,,,,,,,,,,,,,,,1.1171998877999636,1.1171998877999636,1.1171998877999636,1.1171998877999636,1.1171998877999636,1.0442370266883905,0.7523855822420977,0.4605341377958049,0.16868269334951214,-0.12316875109678072,-0.3655461293066803,-0.5584494412801867,-0.7513527532536928,-0.9442560652271987,-1.1371593772007051,-1.1213643986506876,-1.0360033232594952,-0.9506422478683028,-0.8652811724771102,-0.7799200970859177,,,,,,,,,,,,,,,,,,,,,,,,,5,0.9,
omnimath-7,processbench,omnimath,omnimath,Qwen2.5-72B-Instruct,,0,final_answer_correct,False,False,,False,0.0,0.0,,7,-0.3555622178185258,-0.15076780517251223,0.20479441264601358,0.4564012701480349,1.6042861428584563,-0.9190174836932448,0.6852686591652116,0.284120162814861,0.15100259497062848,-0.41881338882148555,-0.7029335516363466,5.236387471874493,0.039109866056703864,4,4,0.6842105263157895,0.8421052631578947,0.7682496785207326,0.8360364643377238,0.4351907193326769,0.5812823578426073,0.5555555555555556,0.7222222222222222,0.17863164659270978,0.210712896098465,0.1840639475199893,0.5,0.5,0,,,,,,,,,,,,,,,,,,,,,,,,,,,,,-0.3555622178185258,-0.054927855352346455,0.2457065071138329,0.5463408695800123,0.5688623612346675,0.5357612787270182,0.5026601962193687,0.2830578701573353,-0.02979507768189016,-0.3426480255211156,-0.2814791397743905,0.1537115795582864,0.5889022988909624,0.6852686591652116,0.10398630132260434,-0.47729605652000295,-0.9190174836932448,-0.6629342575196676,-0.4068510313460899,-0.15076780517251223,,,,,,,,,,,,,,,,,,,,,,,,,7,0.3333333333333333,
omnimath-8,processbench,omnimath,omnimath,Qwen2-7B-Instruct,,0,final_answer_correct,False,False,,False,0.0,0.0,,6,1.0806221179718822,-0.5085506476329555,-1.5891727656048378,0.5526889724116582,1.9823936253577072,-0.901771507385825,1.0806221179718822,0.33192895333620703,0.1480806851800786,-0.6904836855392812,-1.0224126388754882,4.243367887933851,0.37450742136304044,3,3,0.0,0.7894736842105263,0.39322085975286947,1.5891727656048378,0.2912697367428257,0.46143478014415573,0.5555555555555556,0.7222222222222222,0.10638391332839829,0.20952752090846608,0.24866925308955046,0.45,0.55,0,,,,,,,,,,,,,,,,,,,,,,,,,,,,,1.0806221179718822,0.7988859265140712,0.5171497350562602,0.23541354359844913,-0.008788877405789517,-0.10285621659573785,-0.19692355578568618,-0.2909908949756345,-0.23092340379247372,0.06034633295035158,0.3516160696931769,0.6428858064360026,0.482532833046641,0.02109805290248634,-0.4403367272416694,-0.901771507385825,-0.8918462916711406,-0.7640810769917457,-0.6363158623123506,-0.5085506476329555,,,,,,,,,,,,,,,,,,,,,,,,,6,0.5333333333333333,
omnimath-9,processbench,omnimath,omnimath,Llama-3.1-8B-Instruct,,0,final_answer_correct,False,False,,False,1.0,0.08333333333333333,,13,0.30727002968461786,0.09026774639249238,-0.21700228329212548,0.32319913119755594,1.2643124466419127,-0.596223706035527,0.6680887406063858,0.23110304244965416,-0.12854200234073246,-0.14313343532009054,-0.37423647776974467,5.857374511627084,0.0370477050530692,9,6,0.15789473684210525,0.8421052631578947,0.6864914524280193,0.5778209942138934,0.7339019981480334,0.4287636546029132,0.1111111111111111,0.0,0.4473530343573667,0.1265070729117072,0.13355073946961177,0.45,0.55,0,,,,,,,,,,,,,,,,,,,,,,,,,,,,,0.30727002968461786,-0.12149362491829535,-0.06581325754164757,0.6680887406063858,0.4355336380855981,0.14312179260160934,0.251013978629311,-0.03607676050405184,-0.4273601988486035,0.2076427598696199,0.3369350259720183,-0.03948340054140942,-0.4217723311336753,-0.5196791111990253,-0.04775422583256972,-0.2837166685157974,-0.596223706035527,-0.11164150432163278,0.09026774639249133,0.09026774639249238,,,,,,,,,,,,,,,,,,,,,,,,,13,0.1794871794871795,
omnimath-10,processbench,omnimath,omnimath,Qwen2.5-Math-7B-Instruct,,0,final_answer_correct,False,False,,False,2.0,0.2857142857142857,,8,0.567594483520634,0.5522318242990004,-0.015362659221633601,0.5258267067597517,1.3850718870859335,-0.8174774035652995,0.567594483520634,0.35313875536080047,-0.1955281321711511,-0.331622375926099,-0.6847611312868995,3.8938064983188214,0.003945409004855927,3,4,0.0,0.7368421052631579,1.3697092278643,0.015362659221633601,0.4558843244692712,0.45898141912463086,1.0,0.5,0.13351498212896695,0.20980611532102458,0.254129109982477,0.55,0.45,0,,,,,,,,,,,,,,,,,,,,,,,,,,,,,0.567594483520634,0.567594483520634,0.5675944835206339,0.4957820508861334,0.2444385366653818,-0.0069049775553698955,0.03587222696755604,0.2992399705482402,0.5626077141289243,0.2068190325336241,-0.25216238659100676,-0.6559282049363475,-0.7284004186059465,-0.8008726322755454,-0.8174774035652995,-0.7595922516819272,-0.7017070997985551,-0.3595368246395417,0.09634749982972923,0.5522318242990004,,,,,,,,,,,,,,,,,,,,,,,,,8,0.35714285714285715,
omnimath-11,processbench,omnimath,omnimath,Qwen2-72B-Instruct,,0,final_answer_correct,False,False,,False,5.0,0.4166666666666667,,13,-0.025215147730909337,0.5699790389051324,0.5951941866360417,0.37894373135415527,1.2451323252347977,-0.6257567894625994,0.6193755357721982,-0.16373620825750954,0.08901612976268702,0.03536074486199417,0.1990969531195037,5.844113455932256,0.10184507729429358,8,5,0.7368421052631579,0.8421052631578947,1.1957358283677317,0.04939649686706582,0.7687155061615455,0.6532868295056001,0.4444444444444444,0.8333333333333334,0.36562955533532676,0.1524965676833288,0.1680403716979184,0.55,0.45,0,,,,,,,,,,,,,,,,,,,,,,,,,,,,,-0.025215147730909337,0.18031478938569762,0.09829800198959543,-0.38628419972429956,-0.4670479000099487,-0.4024017669587495,-0.14381723475395275,-0.3128374658731886,-0.5996985687425406,0.16901693741900492,0.41533304748524064,0.13924976145616524,0.31392932138155716,0.49811987521257045,0.6193755357721982,0.027530040043000747,-0.6257567894625994,-0.39774836070218034,0.01878500461641347,0.5699790389051324,,,,,,,,,,,,,,,,,,,,,,,,,13,0.21794871794871795,
omnimath-12,processbench,omnimath,omnimath,Qwen2.5-Math-7B-Instruct,,0,final_answer_correct,False,False,,False,2.0,0.4,,6,-0.6023077998157396,-0.9917725665774628,-0.38946476676172326,0.7425001007685407,2.566305133507126,-0.9917725665774628,1.574532566929663,0.657413505944558,0.3183926717080466,-0.7748783517681849,-1.4322918577127428,5.764135760660505,0.06756689691796833,3,2,0.21052631578947367,1.0,0.0,2.566305133507126,0.5953936757077483,0.42827800472020494,0.0,0.2777777777777778,0.13906730695026048,0.37199325837459807,0.26292460172664206,0.6,0.4,0,,,,,,,,,,,,,,,,,,,,,,,,,,,,,-0.6023077998157396,-0.006914124107991304,0.588479551599757,1.1838732273075052,1.574532566929663,1.1462545622094582,0.7179765574892533,0.2896985527690483,0.1007977672974567,0.27096281069878625,0.4411278541001158,0.6112928975014456,0.4492182757343919,0.06565054385508118,-0.3179171880242303,-0.7014849199035418,-0.8231614347632059,-0.8793651453679581,-0.9355688559727104,-0.9917725665774628,,,,,,,,,,,,,,,,,,,,,,,,,6,0.8666666666666667,
omnimath-13,processbench,omnimath,omnimath,Qwen2.5-7B-Instruct,,0,final_answer_correct,False,False,,False,2.0,0.3333333333333333,,7,1.2250837284496057,-0.46545453321616714,-1.6905382616657727,0.5392435287320214,1.8953326743117862,-0.6702489458621805,1.2250837284496057,0.5043652088731433,-0.10568837114547955,-0.5983912572144566,-1.1027564660876,2.1445233296474284,0.7883049059408958,3,1,0.0,0.7894736842105263,0.2047944126460134,1.6905382616657727,0.06467191978295173,0.32942415940215986,1.0,0.1111111111111111,0.05302767206002332,0.2086790077852306,0.2486594917448853,0.55,0.45,0,,,,,,,,,,,,,,,,,,,,,,,,,,,,,1.2250837284496057,0.8956595690474459,0.5662354096452862,0.23681125024312633,0.1911564409031058,0.20225550157551303,0.21335456224792024,0.20965487535711788,0.1985558146847107,0.18745675401230352,0.04735624953847689,-0.22174569873676978,-0.4908476470120159,-0.6702489458621802,-0.6702489458621804,-0.6702489458621805,-0.6594702925650221,-0.5947983727820705,-0.5301264529991189,-0.46545453321616714,,,,,,,,,,,,,,,,,,,,,,,,,7,0.42857142857142855,
omnimath-14,processbench,omnimath,omnimath,Qwen2.5-Math-72B-Instruct,,0,final_answer_correct,False,False,,False,3.0,0.3333333333333333,,10,0.8163615486892084,0.5286794762374277,-0.2876820724517807,0.33886732816827514,1.3133315000083172,-0.4969699513191088,0.8163615486892084,-0.050846354652135425,-0.13181335981861375,0.09511694539774777,0.1459633000498832,5.6885221182617585,0.05057237476993193,7,8,0.0,0.10526315789473684,1.0256494275565364,0.2876820724517807,0.5203952946322624,0.6566657500041586,0.5,0.0,0.30533488436816136,0.12319534014639477,0.15859115659183265,0.4,0.6,0,,,,,,,,,,,,,,,,,,,,,,,,,,,,,0.8163615486892084,0.1596957986850498,-0.4969699513191088,-0.44880351876677416,-0.31253306339487785,-0.13286885804431417,0.059193561585868804,-0.09567421520545634,-0.4240070902075355,-0.28082431541275843,0.239570979219504,0.297392678623089,-0.22300261600917315,-0.43614893973796576,-0.03479732165981608,0.21845812291068706,-0.04662303979556609,-0.23957020228330658,0.14455463697706056,0.5286794762374277,,,,,,,,,,,,,,,,,,,,,,,,,10,0.24444444444444444,
omnimath-15,processbench,omnimath,omnimath,Qwen2.5-72B-Instruct,,0,final_answer_correct,False,False,,False,7.0,0.875,,9,0.4099439238429801,0.46746321193381096,0.057519288090830845,0.44635104992318336,1.7485585477561227,-0.7742364431743566,0.9743221045817663,0.15247258356482726,-0.1593820042314244,-0.0904735311698039,-0.24294611473463118,4.633990702693666,0.012412473779327134,4,4,0.10526315789473684,0.2631578947368421,1.2416996551081676,0.5068588926479554,0.31461659024430444,0.7995329280418466,1.0,0.16666666666666666,0.18783250910067534,0.1744369243133997,0.20399728089764987,0.4,0.6,0,,,,,,,,,,,,,,,,,,,,,,,,,,,,,0.4099439238429801,0.6921330142123732,0.9743221045817663,0.5804349334441348,-0.21909799459771184,-0.7742364431743566,-0.5961914533553951,-0.4181464635364336,-0.35310254773598043,-0.30420164250959997,-0.17612323396180468,0.031132677907405926,0.18046199865601623,-0.07569481843957446,-0.3318516355351656,-0.3592151608892787,-0.3103142556628988,-0.16176996855479786,0.15284662168950652,0.46746321193381096,,,,,,,,,,,,,,,,,,,,,,,,,9,0.3055555555555556,
omnimath-16,processbench,omnimath,omnimath,Qwen2.5-7B-Instruct,,0,final_answer_correct,False,False,,False,0.0,0.0,,23,0.021945594867124586,0.021945594867131026,6.439293542825908e-15,0.1411736712045567,0.47365920787912186,-0.28621596711260183,0.18744324076652005,0.07578959347421976,-0.04656895495455666,-0.03724154307370709,-0.11303113654792685,3.653751898063003,1.762378432492811e-15,14,14,0.3157894736842105,0.631578947368421,0.3081615619797329,0.16549764589938903,0.35743052301049183,0.44967049436243656,0.8333333333333334,0.7777777777777778,0.36138171361822385,0.05719426698639459,0.058139506426624646,0.55,0.45,0,,,,,,,,,,,,,,,,,,,,,,,,,,,,,0.021945594867124586,0.17063562084450745,-0.016118197123398192,0.021945594867124697,-0.01319021312412716,0.15786551322178688,0.18744324076652005,-0.15405835261618717,0.10230918685427726,0.04673987806524904,-0.04838294110338531,0.16302419312702987,-0.28621596711260183,-0.14939868189627845,0.17113544679954298,-0.2785350475628936,0.0788954754475982,-0.13498647168230443,-0.0819042563113167,0.021945594867131026,,,,,,,,,,,,,,,,,,,,,,,,,23,0.05533596837944664,
omnimath-17,processbench,omnimath,omnimath,Qwen2.5-72B-Instruct,,0,final_answer_correct,False,False,,False,2.0,0.25,,9,-0.5768419054740586,0.4450312314469731,1.0218731369210317,0.5570293757847392,1.7567161701319638,-0.78145317157485,0.9752629985571138,-0.5578434371027806,0.34396171467924713,0.2659444457128069,0.8237878828155876,3.592484228894461,0.28444749421641846,5,1,0.631578947368421,0.3684210526315789,1.2264844030218232,0.5302317671101408,0.5749419698951576,0.23933626706347744,0.4444444444444444,0.7222222222222222,0.1291564850648786,0.2541575503505637,0.24923281948495837,0.55,0.45,0,,,,,,,,,,,,,,,,,,,,,,,,,,,,,-0.5768419054740586,-0.5917006326111235,-0.6065593597481884,-0.5623308562039225,-0.4826500142508581,-0.46272980376259193,-0.6220914876687209,-0.78145317157485,-0.29829915840485366,0.2766428114903039,0.656969846017286,0.8426819451760927,0.9752629985571138,0.7359267314936369,0.4965904644301594,0.28688214427302816,0.08704980641801291,0.03839827465678733,0.2417147530518802,0.4450312314469731,,,,,,,,,,,,,,,,,,,,,,,,,9,0.3888888888888889,
omnimath-18,processbench,omnimath,omnimath,Llama-3.1-8B-Instruct,,0,final_answer_correct,False,False,,False,0.0,0.0,,7,0.8455676717398449,0.2693204682722887,-0.5762472034675562,0.49871394881979153,1.7063376961903347,-0.8297908444811524,0.8765468517091823,0.06280173865740878,-0.1571550876263693,-0.08551550339799062,-0.1483172420553994,5.721333586239123,0.1007190360047417,3,4,0.6842105263157895,0.47368421052631576,1.099111312753441,0.6072263834368936,0.6184389208951677,0.5370192021681888,0.5555555555555556,0.7222222222222222,0.16964508768933348,0.18581656789498613,0.24449489105351946,0.4,0.6,0,,,,,,,,,,,,,,,,,,,,,,,,,,,,,0.8455676717398449,0.5209513440896083,0.19633501643937157,-0.12828131121086517,-0.2502337980917204,-0.33165351681869937,-0.4130732355456783,-0.5376075674612916,-0.683699205971222,-0.8297908444811524,-0.5936172032885345,0.02482171760663321,0.6432606385017997,0.8765468517091823,0.33952764954099357,-0.1974915526271952,-0.5968850269231595,-0.30814986185801047,-0.019414696792860897,0.2693204682722887,,,,,,,,,,,,,,,,,,,,,,,,,7,0.47619047619047616,
omnimath-19,processbench,omnimath,omnimath,Qwen2.5-7B-Instruct,,0,final_answer_correct,False,False,,False,3.0,0.6,,6,1.034941413835089,0.42747352001850747,-0.6074678938165815,0.5983390282398554,2.1730365002660355,-1.1380950864309465,1.034941413835089,-0.18478400301056633,-0.29626657331574613,0.22769244185268434,0.41247644486325064,4.32812304228677,0.14035365628044275,3,2,0.0,0.3684210526315789,1.565568606449454,0.6074678938165815,0.4321651934887083,0.46425995086630834,0.5555555555555556,0.0,0.09018607253496476,0.19857984731531753,0.29863981647372156,0.6,0.4,0,,,,,,,,,,,,,,,,,,,,,,,,,,,,,1.034941413835089,0.5706814629687806,0.1064215121024723,-0.35783843876383603,-0.7547994423927619,-0.8825646570721568,-1.0103298717515516,-1.1380950864309465,-1.0418881378431006,-0.6097229443543928,-0.17755775086568493,0.2546074426230234,0.36852172646137954,0.2702687371994994,0.1720157479376191,0.07376275867573878,0.1327145522328667,0.23096754149474683,0.32922053075662716,0.42747352001850747,,,,,,,,,,,,,,,,,,,,,,,,,6,0.4666666666666667,
omnimath-20,processbench,omnimath,omnimath,Qwen2.5-Math-72B-Instruct,,0,final_answer_correct,False,False,,False,2.0,0.5,,5,0.7685768701441169,-0.7895677479024329,-1.55814461804655,0.5922476488844143,1.9895313115729625,-1.0165824777258776,0.9729488338470849,-0.2619374516546761,0.1473693213685552,0.1401073863999575,0.4020448380546336,5.537207241192474,0.2813953948581114,2,3,0.7368421052631579,0.2631578947368421,0.22701472982344473,1.7625165817495176,0.24266937051334436,0.38859509273649073,0.3333333333333333,0.16666666666666666,0.06974929200942576,0.255527714528838,0.25359434420899307,0.45,0.55,0,,,,,,,,,,,,,,,,,,,,,,,,,,,,,0.7685768701441169,0.3799817774076263,-0.008613315328864335,-0.39720840806535485,-0.7858035008018456,-1.0165824777258776,-0.7739131072125334,-0.531243736699189,-0.28857436618584476,-0.045904995672500615,0.17515403894671747,0.3746027376718095,0.5740514363969011,0.7735001351219928,0.9729488338470849,0.7366459417234962,0.35509251931701435,-0.02646090308946758,-0.40801432549595007,-0.7895677479024329,,,,,,,,,,,,,,,,,,,,,,,,,5,0.6,
omnimath-21,processbench,omnimath,omnimath,Qwen2-72B-Instruct,,0,final_answer_correct,False,False,,False,5.0,0.5555555555555556,,10,-0.5622367083170691,-0.27455463586528805,0.287682072451781,0.428161781022857,1.3671461302091794,-0.5622367083170693,0.8049094218921101,-0.4423691507766276,0.36144990520529097,0.16780853598957343,0.610177686766201,4.17380428889034,0.06892562576964169,5,4,0.8947368421052632,0.10526315789473684,0.28768207245178123,1.0794640577573982,0.5397320288786981,0.5397320288786991,0.8333333333333334,0.9444444444444444,0.2075128234889284,0.20034100878967093,0.17832018394276666,0.55,0.45,0,,,,,,,,,,,,,,,,,,,,,,,,,,,,,-0.5622367083170691,-0.5622367083170692,-0.5622367083170693,-0.5622367083170693,-0.5622367083170693,-0.306866694426563,0.021466180575516525,0.30763124738037806,0.5727124100866307,0.5432589475637136,0.2781777848574611,0.19147511907482995,0.32774557444672603,0.3091482530272974,-0.01918462197478238,-0.1546141850033541,0.385117843875344,0.8049094218921101,0.26517739301341103,-0.27455463586528805,,,,,,,,,,,,,,,,,,,,,,,,,10,0.24444444444444444,
omnimath-22,processbench,omnimath,omnimath,Qwen2.5-Math-7B-Instruct,,0,final_answer_correct,False,False,,False,2.0,0.18181818181818182,,12,0.3715189036589629,0.3994422397749107,0.027923336115947828,0.4016527481472049,1.2811229185872544,-0.6350924659853588,0.6460304526018955,0.3320805800119281,-0.21238810390978705,-0.1767652722822309,-0.508845852294159,4.013607657864482,0.00695716634415756,7,4,0.21052631578947367,0.5789473684210527,1.0345347057602696,0.2465882128269848,0.5392267723888294,0.567848514901526,0.1111111111111111,0.5,0.23494174462528772,0.17148166353150804,0.1826188785804279,0.55,0.45,0,,,,,,,,,,,,,,,,,,,,,,,,,,,,,0.3715189036589629,0.04604251851034419,-0.04360573276442514,0.4956210396244043,0.6460304526018955,0.4724253994032713,0.33653147904904357,0.22322450169920724,0.2519844369612932,0.06379584489115733,-0.5040526700103687,-0.6350924659853588,-0.5165272797166147,-0.3700490952078248,-0.29661672995399924,-0.5644514005555386,-0.544089734132967,-0.17789246328146147,0.12301645445567014,0.3994422397749107,,,,,,,,,,,,,,,,,,,,,,,,,12,0.21212121212121213,
omnimath-23,processbench,omnimath,omnimath,Llama-3.1-8B-Instruct,,0,final_answer_correct,False,False,,False,1.0,0.25,,5,0.7268782537659733,0.8221884335702981,0.09531017980432488,0.4956310856463808,1.6834078233906271,-0.8612193898203289,0.8221884335702981,0.17652660323292982,-0.5357156494722123,-0.05653676234162247,-0.2330633655745523,3.2715054669769295,0.02913343131056947,1,2,1.0,0.7368421052631579,1.6834078233906271,0.0,0.35889433520809,0.1929033119735063,1.0,0.0,0.03341058357222635,0.15699877191547398,0.29967596680170955,0.35,0.65,0,,,,,,,,,,,,,,,,,,,,,,,,,,,,,0.7268782537659733,0.533974941792467,0.34107162981896066,0.14816831784545437,-0.04473499412805193,-0.2045536398161702,-0.2651182866481241,-0.32568293348007793,-0.38624758031203177,-0.44681222714398566,-0.5197750882555588,-0.6051361636467515,-0.6904972390379439,-0.7758583144291363,-0.8612193898203289,-0.61338890726206,-0.25449457205397075,0.10439976315411836,0.46329409836220814,0.8221884335702981,,,,,,,,,,,,,,,,,,,,,,,,,5,0.4,
omnimath-24,processbench,omnimath,omnimath,Llama-3.1-8B-Instruct,,0,final_answer_correct,False,False,,False,2.0,0.4,,6,-0.11894823059784405,-0.11894823059784389,1.6653345369377348e-16,0.5881756647999998,1.8671020617487546,-0.9505248941910985,0.916577167557656,0.33129158235153605,-0.6608001626340613,0.43868376463740094,0.10739218228586489,5.6074037228634594,2.969885207565044e-17,3,4,0.7894736842105263,0.5789473684210527,0.8315766635932547,1.0355253981555,0.5265907398273929,0.42357426372845697,0.7222222222222222,0.2777777777777778,0.13718438926277932,0.26092685419263145,0.24464972790029496,0.5,0.5,0,,,,,,,,,,,,,,,,,,,,,,,,,,,,,-0.11894823059784405,0.14981878319917347,0.418585796996191,0.6873528107932084,0.8176515690851315,0.3940773053566746,-0.029496958371782345,-0.4530712221002393,-0.7358403819671707,-0.8074018860418133,-0.878963390116456,-0.9505248941910985,-0.6631950519245216,-0.13660431209712975,0.38998642773026315,0.916577167557656,0.7817177268660871,0.4814957410447771,0.18127375522346656,-0.11894823059784389,,,,,,,,,,,,,,,,,,,,,,,,,6,0.4666666666666667,
omnimath-25,processbench,omnimath,omnimath,Qwen2.5-Math-72B-Instruct,,0,final_answer_correct,False,False,,False,5.0,0.5555555555555556,,10,0.8253794033781797,0.4046468231392269,-0.4207325802389528,0.3572305881359471,1.3646274177051874,-0.5392480143270076,0.8253794033781797,0.1813948689086328,-0.1376267052087806,-0.15895989506363548,-0.34035476397226827,3.9147487498562348,0.10747371213910058,5,4,0.0,0.8947368421052632,0.9438948374662346,0.4207325802389528,0.4719474187331173,0.46460333037397566,0.9444444444444444,0.16666666666666666,0.1659679680983735,0.13209294222349796,0.16446205344764028,0.35,0.65,0,,,,,,,,,,,,,,,,,,,,,,,,,,,,,0.8253794033781797,0.6187409349058501,0.4121024664335206,-0.02383810150693877,-0.48844143188091443,-0.25410582045482843,0.17992663148556087,0.19656250237890185,0.0045000827487188255,-0.1395829798304236,-0.24528255676873345,-0.29124146567953924,-0.26252453955596483,-0.2258179797544237,-0.17313215259694903,-0.1805261111751238,-0.39819931982806883,-0.5392480143270076,-0.06730059559389034,0.4046468231392269,,,,,,,,,,,,,,,,,,,,,,,,,10,0.24444444444444444,
omnimath-26,processbench,omnimath,omnimath,Qwen2.5-72B-Instruct,,0,final_answer_correct,False,False,,False,9.0,0.9,,11,0.13616358586397762,-0.20769733573463237,-0.34386092159861,0.4553455608902893,1.4776606991803427,-0.8721561353285352,0.6055045638518075,0.24369911252089202,-0.28286279413936705,0.05071087415984562,-0.1929882383610464,4.729133559191523,0.0727111884861622,5,3,0.3684210526315789,0.6842105263157895,0.6644587995939029,0.8132018995864398,0.6279697253133991,0.7941978808185828,0.7777777777777778,0.4444444444444444,0.26488985259775083,0.19389225945133487,0.19238628576984743,0.65,0.35,0,,,,,,,,,,,,,,,,,,,,,,,,,,,,,0.13616358586397762,0.3487530359262264,0.5235965717572482,0.3587268795072256,0.19683147018395739,0.04683319256770685,0.09498905183990228,0.6055045638518075,0.5941347187315187,-0.2000631620870641,-0.6305504121970871,-0.6973270315985495,-0.7795821003476596,-0.8721561353285352,-0.46034953810342055,0.1676201872099785,0.3292859962806105,0.3743758262905502,0.1010301090159873,-0.20769733573463237,,,,,,,,,,,,,,,,,,,,,,,,,11,0.32727272727272727,
omnimath-27,processbench,omnimath,omnimath,Qwen2.5-Math-7B-Instruct,,0,final_answer_correct,False,False,,False,3.0,0.5,,7,-0.08938386756787188,-0.652520785901873,-0.5631369183340011,0.5323603874251522,1.900234860649877,-0.7360628831299899,1.164171977519887,0.5239847684891705,-0.16644092859825063,-0.28697576873769687,-0.8109605372268673,4.363606639633756,0.12905308952900166,3,2,0.3157894736842105,0.5263157894736842,0.0835420972281169,1.8166927634217602,0.24250463083579443,0.6615372710903034,0.5555555555555556,0.4444444444444444,0.12373952867301151,0.2344397967128753,0.19539218337236236,0.4,0.6,0,,,,,,,,,,,,,,,,,,,,,,,,,,,,,-0.08938386756787188,0.10950622553207782,0.30839631863202754,0.5072864117319773,0.7238868832107684,0.9440294303653278,1.164171977519887,0.7965279791778714,0.1349907080875683,-0.5265465630027351,-0.7360628831299899,-0.4935582522941955,-0.2510536214584016,-0.08938386756787205,-0.08938386756787205,-0.08938386756787205,-0.11902265274334586,-0.296855363796188,-0.4746880748490305,-0.652520785901873,,,,,,,,,,,,,,,,,,,,,,,,,7,0.47619047619047616,
omnimath-28,processbench,omnimath,omnimath,Llama-3.1-70B-Instruct,,0,final_answer_correct,False,False,,False,13.0,0.5416666666666666,,25,0.5838807888329205,-0.15275150366676116,-0.7366322924996817,0.21788172190989624,1.0363978236695384,-0.4525170348366179,0.5838807888329205,-0.02027829418189813,0.06206897615628975,-0.007046270867758396,0.013232023314139734,4.8515145245765705,0.1518355327533464,10,11,0.0,0.10526315789473684,0.29976553116985677,0.7366322924996817,0.4800404320585668,0.7846116495507247,0.1111111111111111,0.0,0.37773411898729137,0.0874660957664288,0.07495323833571925,0.45,0.55,0,,,,,,,,,,,,,,,,,,,,,,,,,,,,,0.5838807888329205,-0.20073086071780416,-0.4525170348366179,0.027523397221948853,0.09984407204750362,-0.1527515036667636,-0.0471969181544742,-0.03523924467165396,0.3033835115801365,-0.019036920221942696,-0.08558040379530651,0.08581098450782257,0.18073123043601286,0.004413675258959512,-0.21605521324609075,-0.034361272750229266,0.23227734344781759,-0.10284389098674093,0.23145691199545418,-0.15275150366676116,,,,,,,,,,,,,,,,,,,,,,,,,25,0.07666666666666666,
omnimath-29,processbench,omnimath,omnimath,Qwen2.5-7B-Instruct,,0,final_answer_correct,False,False,,False,2.0,0.3333333333333333,,7,0.32709454690012224,0.8215717745134268,0.49447722761330454,0.6484576199176687,1.9785940014412158,-0.834667498587922,1.1439265028532937,0.585382127409768,-0.6598839351029301,-0.11460163162351251,-0.6999837590332806,4.451665230495736,0.11107691212401427,2,2,0.15789473684210525,0.5263157894736842,1.6562392731013489,0.3223547283398669,0.45181456537601894,0.43859734100433934,0.9444444444444444,0.2222222222222222,0.09428526709520026,0.2671195142868184,0.3275756364664789,0.4,0.6,0,,,,,,,,,,,,,,,,,,,,,,,,,,,,,0.32709454690012224,0.5993718655511795,0.8716491842022367,1.1439265028532937,0.8238082717915207,0.3852109307871814,-0.053386410217157954,-0.3400945627471925,-0.5508581210400745,-0.7616216793329565,-0.834667498587922,-0.7699955788049704,-0.7053236590220189,-0.6566264461853755,-0.6398786472413485,-0.6231308482973213,-0.5338719216146288,-0.08205735623861099,0.36975720913740795,0.8215717745134268,,,,,,,,,,,,,,,,,,,,,,,,,7,0.5238095238095238,
omnimath-30,processbench,omnimath,omnimath,Qwen2.5-7B-Instruct,,0,final_answer_correct,False,False,,False,5.0,0.7142857142857143,,8,0.7090986763152107,-0.12376233536010695,-0.8328610116753177,0.5244826951295665,1.656604245833364,-0.860988811312321,0.7956154345210431,0.18307173844022936,-0.581031839052953,0.3737871556934313,0.19071541725320193,4.146069503342045,0.2008796550573908,2,3,0.8421052631578947,0.42105263157894735,0.737226475952214,0.91937776988115,0.29393772687502706,0.36965893910095304,0.7777777777777778,0.9444444444444444,0.07087852030999814,0.2154695508357662,0.2426194393421901,0.5,0.5,0,,,,,,,,,,,,,,,,,,,,,,,,,,,,,0.7090986763152107,0.5623145043669828,0.41553033241875503,0.24424690321613707,0.011715330877543673,-0.2208162414610496,-0.4405873366519744,-0.6507880739821477,-0.860988811312321,-0.8136103960633579,-0.7233021220512056,-0.6075970458674254,-0.3395111566538797,-0.07142526744033406,0.20773998077098957,0.5016777076460166,0.7956154345210431,0.6155555428417991,0.2458966037408461,-0.12376233536010695,,,,,,,,,,,,,,,,,,,,,,,,,8,0.32142857142857145,
omnimath-31,processbench,omnimath,omnimath,Qwen2-7B-Instruct,,0,final_answer_correct,False,False,,False,1.0,0.25,,5,1.1171998877999636,-0.2690944733199271,-1.3862943611198908,0.879646334074228,2.2812448241462473,-1.164044936346284,1.1171998877999636,1.031615527579548,-0.620722531157462,-0.739758403780164,-1.771373931359712,3.1761952871726042,0.4364638303943668,1,1,0.0,0.7368421052631579,0.8949504630263568,1.3862943611198908,0.19290331197350652,0.39939368102860673,0.9444444444444444,0.2777777777777778,0.055093926335040046,0.3719936399271217,0.45010861231344085,0.4,0.6,0,,,,,,,,,,,,,,,,,,,,,,,,,,,,,1.1171998877999636,1.1171998877999636,1.1171998877999636,1.1171998877999636,1.1171998877999636,1.0173514675428121,0.6179577865142054,0.2185641054855988,-0.18082957554300783,-0.5802232565716143,-0.8226006347815141,-0.9079617101727067,-0.993322785563899,-1.0786838609550913,-1.164044936346284,-1.0407077212139524,-0.8478044092404462,-0.6549010972669401,-0.4619977852934336,-0.2690944733199271,,,,,,,,,,,,,,,,,,,,,,,,,5,0.9,
omnimath-32,processbench,omnimath,omnimath,Llama-3.1-8B-Instruct,,0,final_answer_correct,False,False,,False,3.0,0.5,,7,0.9917747841339306,-0.3581519328150853,-1.349926716949016,0.5710954369132973,1.8272577987838132,-0.8354830146498825,0.9917747841339306,0.18322616565375313,0.23272393618558063,-0.5964370225527044,-0.7796631882064575,5.667018024696306,0.2382075919056845,3,3,0.0,0.8421052631578947,0.4773310818347972,1.349926716949016,0.6207102355838359,0.5854030080691832,0.2222222222222222,0.0,0.1480162926748561,0.23157772884484182,0.2649262999668863,0.45,0.55,0,,,,,,,,,,,,,,,,,,,,,,,,,,,,,0.9917747841339306,0.4063717760647474,-0.17903123200443583,-0.764434240073619,-0.34474287843195295,0.2759673571518829,0.8966775927357188,0.9167803319652287,0.6365793230175751,0.3563783140699218,0.14589517923750533,0.005129918520326043,-0.13563534219685297,-0.2960601713146399,-0.49580413723364336,-0.6955481031526468,-0.8354830146498825,-0.6763726540382837,-0.5172622934266845,-0.3581519328150853,,,,,,,,,,,,,,,,,,,,,,,,,7,0.5714285714285714,
omnimath-33,processbench,omnimath,omnimath,Qwen2.5-Math-72B-Instruct,,0,final_answer_correct,False,False,,False,4.0,0.8,,6,-0.6093957857694104,0.4528228400984845,1.062218625867895,0.47335014976070683,1.5566491845836758,-1.021341470443378,0.5353077141402978,0.12564532651501686,0.23458570665085432,-0.38455991950541035,-0.5102052460204272,4.175516995035246,0.25439212129441435,2,3,0.21052631578947367,0.7894736842105263,1.4741643105418625,0.08248487404181326,0.40729643201305243,0.36781065553866876,1.0,0.7222222222222222,0.08129521883021257,0.21122494922630625,0.20051206346987444,0.6,0.4,0,,,,,,,,,,,,,,,,,,,,,,,,,,,,,-0.6093957857694104,-0.30627078160502313,-0.003145777440635822,0.29997922672375155,0.5353077141402978,0.4994501345654786,0.46359255499065954,0.4277349754158404,0.3953316341788309,0.36810965044853583,0.3408876667182408,0.31366568298794567,0.08209049617262743,-0.28572015936604056,-0.6535308149047093,-1.021341470443378,-0.7690664559406712,-0.36177002392762003,0.04552640808543207,0.4528228400984845,,,,,,,,,,,,,,,,,,,,,,,,,6,0.6,
omnimath-34,processbench,omnimath,omnimath,Llama-3.1-8B-Instruct,,0,final_answer_correct,False,False,,False,0.0,0.0,,9,0.4582621909263776,0.4825630963963691,0.024300905469991474,0.46398018049558365,1.5179550778852788,-0.6764204546349428,0.841534623250336,-0.20142003926786442,-0.21533747524042082,0.3881346954084947,0.5895547346763591,5.055004016346849,0.004807296965819873,4,4,0.8947368421052632,0.2631578947368421,1.1589835510313118,0.35897152685396694,0.575623402302746,0.4772592544368491,0.2777777777777778,0.4444444444444444,0.20609893049488803,0.1928840838020942,0.22230880525744565,0.45,0.55,0,,,,,,,,,,,,,,,,,,,,,,,,,,,,,0.4582621909263776,0.14685503496666402,-0.16455212099304956,-0.4231709888812808,-0.6501168839266226,-0.6764204546349428,-0.10079705233219682,0.4748263499705492,0.12917742762614987,-0.3480818268106992,-0.5468710330525919,-0.4671901910995272,-0.3928978688441592,-0.35632518447266737,-0.31975250010117545,0.0744804963213051,0.587933596760781,0.841534623250336,0.6620488598233525,0.4825630963963691,,,,,,,,,,,,,,,,,,,,,,,,,9,0.3055555555555556,
omnimath-35,processbench,omnimath,omnimath,Qwen2-7B-Instruct,,0,final_answer_correct,False,False,,False,2.0,0.3333333333333333,,7,-0.44817503393550534,0.20832387946870148,0.6564989134042069,0.5574066296803842,1.7265105324606729,-0.6924341901164417,1.0340763423442312,-0.5644889178311894,0.012322718149910237,0.686273049534616,1.2507619673658055,2.7965221515171392,0.23475548478958055,2,1,0.8421052631578947,0.15789473684210525,0.9007580695851432,0.8257524628755297,0.19764941428480165,0.27525082095851017,0.7222222222222222,0.9444444444444444,0.04177607601417184,0.2553994725160901,0.24277572754415297,0.45,0.55,0,,,,,,,,,,,,,,,,,,,,,,,,,,,,,-0.44817503393550534,-0.5295947526624841,-0.611014471389463,-0.6924341901164417,-0.6381543776317892,-0.5567346589048103,-0.4753149401778315,-0.3832924614858229,-0.28596860281129943,-0.18864474413677595,-0.04618631763083644,0.1414066767065194,0.3289996710438749,0.5199448053637122,0.7175942196485139,0.9152436339333154,1.0340763423442312,0.7588255213857218,0.4835747004272116,0.20832387946870148,,,,,,,,,,,,,,,,,,,,,,,,,7,0.47619047619047616,
omnimath-36,processbench,omnimath,omnimath,Qwen2.5-7B-Instruct,,0,final_answer_correct,False,False,,False,4.0,0.4,,11,0.8232224046387708,-0.5351768817086988,-1.3583992863474696,0.36178279595471025,1.489980804169376,-0.6667583995306053,0.8232224046387708,0.2114004250894475,-0.15971899077881538,-0.08050872760311129,-0.2919091526925588,5.035820896265234,0.2697473389800088,6,7,0.0,0.5789473684210527,0.13158151782190652,1.3583992863474696,0.7060121317955868,0.45941656345566767,0.6666666666666666,0.0,0.2872422434819989,0.14272383633966207,0.14878795261187416,0.45,0.55,0,,,,,,,,,,,,,,,,,,,,,,,,,,,,,0.8232224046387708,0.36380584118310316,-0.022307951173127866,0.2513031963655731,0.3828786060132111,-0.05368893590340368,-0.2654101854979938,0.047509913658810354,0.11009393349017166,-0.20282616566663247,-0.46177694334022484,-0.6667583995306053,-0.3251437029294068,0.3808684288661799,0.3912617292537724,0.10353267332364857,-0.021867000909020197,-0.1066843297173252,-0.3141185558610444,-0.5351768817086988,,,,,,,,,,,,,,,,,,,,,,,,,11,0.2727272727272727,
omnimath-37,processbench,omnimath,omnimath,Qwen2.5-Math-7B-Instruct,,0,final_answer_correct,False,False,,False,1.0,0.3333333333333333,,4,0.17319552778054073,-0.9171522510376753,-1.090347778818216,0.6866316068093787,2.081371594409487,-0.9171522510376753,1.1642193433718113,0.6687074355761758,0.2476137593756657,-0.7427445856643704,-1.4114520212405464,3.072395410000757,0.35488523881694883,1,1,0.3157894736842105,1.0,0.0,2.081371594409487,0.16517063593187853,0.26756774538543293,0.2777777777777778,0.5555555555555556,0.03503017003074574,0.36195682385446154,0.26406778132062814,0.55,0.45,0,,,,,,,,,,,,,,,,,,,,,,,,,,,,,0.17319552778054073,0.3383661637124191,0.5035367996442975,0.668707435576176,0.8338780715080544,0.9990487074399328,1.1642193433718113,1.0408977250921492,0.7733299797067164,0.5057622343212835,0.23819448893585082,-0.029373256449582108,-0.2969410018350147,-0.49857385414174354,-0.5683369202910655,-0.6380999864403876,-0.7078630525897094,-0.7776261187390312,-0.8473891848883532,-0.9171522510376753,,,,,,,,,,,,,,,,,,,,,,,,,4,0.6666666666666666,
omnimath-38,processbench,omnimath,omnimath,Qwen2.5-Math-7B-Instruct,,0,final_answer_correct,False,False,,False,2.0,0.4,,6,1.6021660300697051,0.5269458017658151,-1.07522022830389,0.6117970946347169,2.427145892032157,-0.8249798619624517,1.6021660300697051,0.24183114727983734,-0.42399980993672504,-0.27305680258208315,-0.5148879498619205,4.587343617306215,0.23438842127446344,3,2,0.0,0.7894736842105263,1.3519256637282666,1.07522022830389,0.3587280015392682,0.5736953420905113,1.0,0.05555555555555555,0.08150263796406697,0.1890287832964972,0.3347048560010328,0.25,0.75,0,,,,,,,,,,,,,,,,,,,,,,,,,,,,,1.6021660300697051,1.028470687979194,0.45477534588868274,-0.11891999620182836,-0.552323226938359,-0.42455801225896406,-0.29679279757956906,-0.1690275829001741,-0.14818719616546383,-0.28773405134778124,-0.4272809065300986,-0.5668277617124161,-0.6563687301481945,-0.7125724407529468,-0.7687761513576992,-0.8249798619624517,-0.5492382028519885,-0.19051020131272123,0.16821780022654687,0.5269458017658151,,,,,,,,,,,,,,,,,,,,,,,,,6,0.8,
omnimath-39,processbench,omnimath,omnimath,Llama-3.1-8B-Instruct,,0,final_answer_correct,False,False,,False,1.0,0.2,,6,1.4799338262449855,0.16660500242454626,-1.3133288238204393,0.7593580791120877,2.6271655143850454,-1.1472316881400602,1.4799338262449855,0.708878689225536,-0.7480728982106487,-0.32979982237182337,-1.0386785115973594,4.370371229397508,0.3005073836717282,3,2,0.0,0.42105263157894735,1.3138366905646064,1.3133288238204393,0.2263687540060824,0.5089225022385426,1.0,0.2222222222222222,0.08940232550242994,0.27735362934764407,0.3900115492039805,0.35,0.65,0,,,,,,,,,,,,,,,,,,,,,,,,,,,,,1.4799338262449855,1.2750335417003076,1.07013325715563,0.865232972610952,0.5995282445275014,0.09060574228895879,-0.41831675994958384,-0.9272392621881262,-1.1472316881400602,-0.9338289996620789,-0.7204263111840977,-0.5070236227061163,-0.46459944975970907,-0.5361609538343517,-0.6077224579089944,-0.679283961983637,-0.5125012595937004,-0.2861325055876185,-0.05976375158153613,0.16660500242454626,,,,,,,,,,,,,,,,,,,,,,,,,6,0.8,
omnimath-40,processbench,omnimath,omnimath,Llama-3.1-8B-Instruct,,0,final_answer_correct,False,False,,False,1.0,0.1,,11,0.5475142296036803,-0.2474592706298088,-0.7949735002334891,0.3548250082542415,1.4440350885399282,-0.8965208589362479,0.5475142296036803,-0.09064806538773906,-0.022702522484656745,0.11118586416875131,0.20183392955649038,6.0878006236246875,0.13058468063958384,8,7,0.0,0.10526315789473684,0.6490615883064391,0.7949735002334891,0.4409457299650529,0.7783397552494182,0.2222222222222222,0.0,0.32130415612136337,0.13864993117770125,0.14496687768241437,0.45,0.55,0,,,,,,,,,,,,,,,,,,,,,,,,,,,,,0.5475142296036803,-0.23082552564573788,-0.8965208589362479,-0.5484163945965821,-0.18174367713183912,0.2592020528332138,0.41625371615933937,-0.08911410933870212,-0.3168717237310481,-0.12821402146484945,-0.07201031086009682,-0.14826059191679075,0.08116870709630222,0.5143843928225877,0.3625990293899217,-0.03990106939658433,0.10476895917810697,0.3862315195930981,0.10087601687777414,-0.2474592706298088,,,,,,,,,,,,,,,,,,,,,,,,,11,0.2545454545454545,
omnimath-41,processbench,omnimath,omnimath,Llama-3.1-70B-Instruct,,0,final_answer_correct,False,False,,False,2.0,0.2,,11,0.7661430853513487,0.34875015327334613,-0.41739293207800254,0.3344247600361566,1.2787046092269825,-0.5125615238756339,0.7661430853513487,0.23296822478157667,-0.18083835409439233,-0.13905630447713227,-0.37202452925870894,2.972517161409657,0.1404173329919691,3,4,0.0,0.5789473684210527,0.86131167714898,0.41739293207800254,0.34033008680265975,0.44760315616052415,1.0,0.0,0.11084461279778307,0.1314238957794854,0.1548953323821106,0.5,0.5,0,,,,,,,,,,,,,,,,,,,,,,,,,,,,,0.7661430853513487,0.3185399291908245,-0.07582294560926042,0.008976711834608894,0.09929792203160526,0.21170534324111,0.30193752743079955,0.3404274919075865,0.22427968485779265,-0.1238247794818732,-0.3694385157263488,-0.5125615238756339,-0.48393692224577733,-0.3408139140964923,-0.2978770116517064,-0.2978770116517065,-0.29787701165170655,-0.29787701165170666,0.008420066470686383,0.34875015327334613,,,,,,,,,,,,,,,,,,,,,,,,,11,0.18181818181818182,
omnimath-42,processbench,omnimath,omnimath,Qwen2.5-7B-Instruct,,0,final_answer_correct,False,False,,False,2.0,0.5,,5,-0.5469696788513868,-1.2401168594113319,-0.6931471805599451,0.7457310437288419,2.345266838891801,-1.2401168594113319,1.1051499794804693,0.32235458847610754,0.7653606786161877,-0.7203342252989482,-1.0426888137750558,3.997386497223657,0.1734000905445003,1,2,0.47368421052631576,1.0,0.0,2.345266838891801,0.30870254079861614,0.2918514444462932,0.0,0.7222222222222222,0.03810639225756138,0.41996218432751126,0.2553621084348923,0.6,0.4,0,,,,,,,,,,,,,,,,,,,,,,,,,,,,,-0.5469696788513868,-0.23826713805277067,0.07043540274584548,0.3791379435444616,0.6878404843430778,0.9302957775619475,0.974009328041578,1.0177228785212085,1.061436429000839,1.1051499794804693,0.9810810324971384,0.6892295880508454,0.3973781436045529,0.10552669915826063,-0.18632474528803256,-0.4141553831909311,-0.6206457522460311,-0.827136121301131,-1.0336264903562316,-1.2401168594113319,,,,,,,,,,,,,,,,,,,,,,,,,5,0.8,
omnimath-43,processbench,omnimath,omnimath,Qwen2.5-Math-7B-Instruct,,0,final_answer_correct,False,False,,False,4.0,0.5714285714285714,,8,0.7887964926376512,0.7084965502360081,-0.08029994240164307,0.3802429877881795,1.4275200275661502,-0.6387235349284989,0.7887964926376512,-0.14947202859743028,0.06993064568561046,-0.1015941922790969,0.04787783631833338,4.307617981509878,0.01864137970133945,3,4,0.0,0.15789473684210525,1.347220085164507,0.08029994240164307,0.5089645011993476,0.5385486905052154,0.9444444444444444,0.0,0.10235670718299336,0.1270857498184589,0.1854034915213249,0.45,0.55,0,,,,,,,,,,,,,,,,,,,,,,,,,,,,,0.7887964926376512,0.2502478021324358,-0.28830088837277956,-0.6387235349284989,-0.518831071610478,-0.39893860829245725,-0.2405543917478855,-0.05330136028340049,0.13395167118108448,0.15351776346458335,0.14513603255125118,0.125299830834252,0.036736804295251585,-0.05182622224374883,-0.19251969626468085,-0.4027204335948545,-0.6129211709250276,-0.309432452162687,0.19953204903666055,0.7084965502360081,,,,,,,,,,,,,,,,,,,,,,,,,8,0.25,
omnimath-44,processbench,omnimath,omnimath,Qwen2.5-72B-Instruct,,0,final_answer_correct,False,False,,False,4.0,0.8,,6,-0.6666174673656675,0.7528506674362212,1.4194681348018887,0.6789803559630873,2.006805871941646,-0.9099265812194525,1.0968792907221934,-0.1862148605897465,-0.6010987281710046,0.898865299152153,1.0850801597418995,4.454444048547282,0.3186633661421377,3,3,0.8421052631578947,0.42105263157894735,1.6627772486556736,0.34402862328597217,0.48822045376248857,0.3339122042268282,0.7777777777777778,0.3333333333333333,0.11229401243848947,0.2945847219512695,0.3004848882718865,0.45,0.55,0,,,,,,,,,,,,,,,,,,,,,,,,,,,,,-0.6666174673656675,-0.40426676721348204,-0.14191606706129656,0.12043463309088898,0.26353275236727197,-0.07037945185955613,-0.4042916560863843,-0.7382038603132125,-0.9099265812194525,-0.8383650771448099,-0.7668035730701674,-0.6952420689955248,-0.37368519510817616,0.11453525865431124,0.6027557124167995,1.090976166179288,1.0968792907221934,0.9822030829602029,0.867526875198212,0.7528506674362212,,,,,,,,,,,,,,,,,,,,,,,,,6,0.5333333333333333,
omnimath-45,processbench,omnimath,omnimath,Qwen2.5-Math-7B-Instruct,,0,final_answer_correct,False,False,,False,7.0,0.875,,9,0.6026376892031242,-0.6278473031441159,-1.23048499234724,0.40340517608605636,1.413871318575597,-0.8112336293724726,0.6026376892031242,0.1790557728540118,0.03838069313750236,-0.26189558549119446,-0.44095135834520627,4.41039474950599,0.27899656657378963,4,3,0.0,0.3684210526315789,0.1833863262283567,1.23048499234724,0.6418023661662912,0.40182819962518757,0.4444444444444444,0.2777777777777778,0.19526367336008985,0.17158683560313875,0.17405274815346714,0.6,0.4,0,,,,,,,,,,,,,,,,,,,,,,,,,,,,,0.6026376892031242,0.446294622239925,0.28995155527672584,0.1948905142757033,0.13659868885198675,-0.0075772301220974475,-0.409405429747285,-0.8112336293724726,-0.2998850839301167,0.34191728223617446,0.5318789066258767,0.269999789238989,0.05628320793677653,0.17970437922728913,0.303125550517802,0.07845452643240203,-0.2622472294449686,-0.4992902704908188,-0.5635687868174674,-0.6278473031441159,,,,,,,,,,,,,,,,,,,,,,,,,9,0.3888888888888889,
omnimath-46,processbench,omnimath,omnimath,Qwen2.5-Math-72B-Instruct,,0,final_answer_correct,False,False,,False,4.0,0.36363636363636365,,12,0.5649513552213161,0.33060191207259665,-0.23434944314871947,0.3096209997718803,1.085636672422058,-0.520685317200742,0.5649513552213161,0.05716362464492092,-0.04192117228545007,-0.06925900438823525,-0.12642262903315615,3.7708128567508803,0.06214825610588551,5,4,0.0,0.631578947368421,0.8512872292733387,0.23434944314871947,0.4322473667712245,0.2678346706015393,0.3333333333333333,0.2222222222222222,0.1441592429543523,0.12539995968293177,0.1408428026735876,0.5,0.5,0,,,,,,,,,,,,,,,,,,,,,,,,,,,,,0.5649513552213161,0.4292753618194258,0.2653894414815101,0.02627704931419339,-0.2285020401808811,-0.4963367107824204,-0.16090908435869772,0.2713382824125268,0.3312001703804086,0.2741984147170968,0.01268528269919511,-0.2528506465992033,-0.520685317200742,-0.4093343924074326,-0.26564750772264684,-0.14708232145390226,-0.12305021820045631,-0.21245781456536905,0.002081923540366293,0.33060191207259665,,,,,,,,,,,,,,,,,,,,,,,,,12,0.15151515151515152,
omnimath-47,processbench,omnimath,omnimath,Qwen2.5-72B-Instruct,,0,final_answer_correct,False,False,,False,1.0,0.16666666666666666,,7,1.0099700799061797,-0.27652983832916983,-1.2864999182353496,0.5590113814990275,1.936813758006922,-0.9268436781007422,1.0099700799061797,0.4998726982661186,-0.10864649072106683,-0.585104302061685,-1.0849770003278034,2.9028956095441556,0.4431781542559052,3,1,0.0,0.6842105263157895,0.6503138397715724,1.2864999182353496,0.13251304317214724,0.42629264745758444,0.9444444444444444,0.5555555555555556,0.0738496668520508,0.22893557277672727,0.2675376907544647,0.55,0.45,0,,,,,,,,,,,,,,,,,,,,,,,,,,,,,1.0099700799061797,0.7951182542224848,0.58026642853879,0.36541460285509497,0.2931698480618797,0.24944650744676017,0.20572316683164066,0.2342633331485685,0.29893525293152,0.3636071727144715,0.18279680887715558,-0.24349583858042884,-0.6697884860380123,-0.9268436781007422,-0.8454239593737634,-0.7640042406467845,-0.6740689678456111,-0.5415559246734643,-0.409042881501317,-0.27652983832916983,,,,,,,,,,,,,,,,,,,,,,,,,7,0.38095238095238093,
omnimath-48,processbench,omnimath,omnimath,Qwen2.5-72B-Instruct,,0,final_answer_correct,False,False,,False,4.0,0.5,,9,0.1339649392999446,0.48344016973906934,0.34947523043912476,0.4505368504870735,1.815517876851501,-0.8311269949212572,0.9843908819302439,0.1106488046487125,0.1368041951384646,-0.3382379206257356,-0.4488867252744481,5.757245927432807,0.06070180687851179,6,4,0.631578947368421,0.8421052631578947,1.3145671646603265,0.5009507121911746,0.623894873324138,0.5988466801310688,0.9444444444444444,0.7222222222222222,0.22973593768328834,0.1798591377981826,0.1947219640603913,0.4,0.6,0,,,,,,,,,,,,,,,,,,,,,,,,,,,,,0.1339649392999446,0.30079418325997975,0.46762342722001493,0.32583335583799755,-0.0011283047492515186,-0.23965736151440853,-0.21288860681328906,-0.18611985211216958,-0.26884238715718944,-0.3672065350230864,-0.1057285403449485,0.5155915968772256,0.9843908819302439,0.3855442017991766,-0.2133024783318922,-0.5636339397460588,-0.8311269949212572,-0.7643495769092065,-0.1404547035850685,0.48344016973906934,,,,,,,,,,,,,,,,,,,,,,,,,9,0.4166666666666667,
omnimath-49,processbench,omnimath,omnimath,Qwen2-72B-Instruct,,0,final_answer_correct,False,False,,False,3.0,0.6,,6,1.617506923969417,0.5191466196796094,-1.0983603042898076,0.6981178856125986,2.7424903255236384,-1.1249834015542213,1.617506923969417,0.18841754832533011,-0.7061733645287969,0.11674150368584535,-0.07167604463948477,4.386620346757469,0.25038873152122704,1,2,0.0,0.42105263157894735,1.6441300212338308,1.0983603042898076,0.21340268847798138,0.5307687328153952,0.5555555555555556,0.0,0.05470089694574463,0.21705057586478776,0.3632426604302476,0.4,0.6,0,,,,,,,,,,,,,,,,,,,,,,,,,,,,,1.617506923969417,1.086738191154022,0.5559694583386268,0.025200725523231604,-0.4420947984246809,-0.6554974869026622,-0.8689001753806433,-1.0823028638586245,-1.1249834015542213,-0.91158071307624,-0.6981780245982588,-0.48477533612027746,-0.3564773582842994,-0.284915854209657,-0.2133543501350145,-0.141792846060372,0.008651489475620028,0.17881653287694962,0.3489815762782795,0.5191466196796094,,,,,,,,,,,,,,,,,,,,,,,,,6,0.8,
omnimath-50,processbench,omnimath,omnimath,Qwen2-7B-Instruct,,0,final_answer_correct,False,False,,False,1.0,0.3333333333333333,,4,1.219276222015771,-0.4753194987586361,-1.694595720774407,0.6710090931019634,2.113174117670339,-0.8938978956545683,1.219276222015771,0.7237643142201357,-0.4465382950608533,-0.6497271641319412,-1.3734914783520769,2.531752514566272,0.6693370347317369,1,1,0.0,0.6842105263157895,0.41857839689593224,1.694595720774407,0.06976306614932215,0.1721601756028765,0.7777777777777778,0.5555555555555556,0.013828487856844306,0.2562386138459786,0.3541276563798122,0.4,0.6,0,,,,,,,,,,,,,,,,,,,,,,,,,,,,,1.219276222015771,1.0541055860838924,0.8889349501520141,0.7237643142201357,0.5585936782882572,0.3934230423563788,0.2282524064245004,0.05842207737862325,-0.11373809822425301,-0.2858982738271293,-0.45805844943000557,-0.6302186250328821,-0.8023788006357582,-0.8938978956545683,-0.8241348295052463,-0.7543717633559242,-0.6846086972066022,-0.6148456310572803,-0.5450825649079583,-0.4753194987586361,,,,,,,,,,,,,,,,,,,,,,,,,4,0.6666666666666666,
omnimath-51,processbench,omnimath,omnimath,Qwen2.5-Math-72B-Instruct,,0,final_answer_correct,False,False,,False,4.0,0.8,,6,0.42828352853908025,-0.9509932599221638,-1.379276788461244,0.7358356253112353,2.238584932945009,-1.1196043917364213,1.1189805412085878,0.766611412416342,0.17463764893536587,-0.9789094047703237,-1.7455208171866659,3.732516287733854,0.3695300119637664,4,1,0.21052631578947367,0.8421052631578947,0.16861113181425758,2.0699738011307516,0.19733825570412356,0.42633828223976655,0.0,0.7777777777777778,0.1060912883862069,0.34076832843773464,0.305003978395734,0.65,0.35,0,,,,,,,,,,,,,,,,,,,,,,,,,,,,,0.42828352853908025,0.6256217842432038,0.8229600399473274,1.0202982956514508,1.1189805412085878,0.8230387461777773,0.5270969511469668,0.23115515611615634,0.0958982931180083,0.20166882816885495,0.3074393632197016,0.4132098982705484,0.19971514294702858,-0.22662313929273686,-0.6529614215325033,-1.0792997037722698,-1.1196043917364213,-1.0634006811316687,-1.0071969705269164,-0.9509932599221638,,,,,,,,,,,,,,,,,,,,,,,,,6,0.6666666666666666,
omnimath-52,processbench,omnimath,omnimath,Qwen2.5-72B-Instruct,,0,final_answer_correct,False,False,,False,1.0,0.2,,6,1.251519163900682,0.7470652183219271,-0.5044539455787549,0.5945782574399282,2.127789778503754,-0.876270614603072,1.251519163900682,0.26140211924054557,-0.5864220425942969,-0.0766275801029731,-0.3380296993435187,4.3427468473888755,0.11616010863770782,3,2,0.0,0.42105263157894735,1.6233358329249992,0.5044539455787549,0.3735442460004976,0.35148803437925635,0.9444444444444444,0.0,0.07014274699087712,0.2008867319985273,0.3376319792032322,0.3,0.7,0,,,,,,,,,,,,,,,,,,,,,,,,,,,,,1.251519163900682,0.9000311295214256,0.5485430951421694,0.19705506076291313,-0.12940911754170836,-0.35577787154779034,-0.5821466255538723,-0.8085153795599542,-0.876270614603072,-0.7061055712017424,-0.5359405278004129,-0.36577548439908314,-0.3568715906345632,-0.45547512996125017,-0.5540786692879374,-0.6526822086146247,-0.373567519679565,-2.3273679068180897e-05,0.37352097232142945,0.7470652183219271,,,,,,,,,,,,,,,,,,,,,,,,,6,0.4666666666666667,
omnimath-53,processbench,omnimath,omnimath,Qwen2-72B-Instruct,,0,final_answer_correct,False,False,,False,3.0,0.25,,13,-0.05466273578670547,0.5504291430233237,0.6050918788100291,0.3257203803429508,1.0149770835543754,-0.45611363792292053,0.558863445631455,-0.03409140762449116,0.039035436851435956,-0.039306094194967556,-0.005214686570476398,4.899821662341342,0.12349263310144448,6,5,0.42105263157894735,0.5789473684210527,1.0065427809462442,0.008434302608131272,0.40541523642272215,0.48458220171389577,0.0,0.5555555555555556,0.2381789205021505,0.134116047306741,0.14417746533580061,0.4,0.6,0,,,,,,,,,,,,,,,,,,,,,,,,,,,,,-0.05466273578670547,0.3507525006360167,0.41384216273835284,-0.0023239792078514343,-0.2952694687603904,-0.43949338087563994,-0.21148495211522045,0.1636131643221399,0.558863445631455,0.3667942583091001,0.02846856379097526,-0.45611363792292053,-0.24069757885156373,-0.1476801573191343,-0.42673242191642236,-0.3803848500501199,-0.217118040513325,-0.011588103396718397,0.2495577076834568,0.5504291430233237,,,,,,,,,,,,,,,,,,,,,,,,,13,0.1794871794871795,
omnimath-54,processbench,omnimath,omnimath,Qwen2.5-Math-72B-Instruct,,0,final_answer_correct,False,False,,False,3.0,0.3333333333333333,,10,0.8594732567370241,-0.590708371834118,-1.450181628571142,0.3697824338630061,1.450181628571142,-0.590708371834118,0.8594732567370241,0.303236581149878,-0.08717211533368151,-0.27565107721564236,-0.5788876583655204,3.20603678410155,0.4523284435669806,6,7,0.0,1.0,0.0,1.450181628571142,0.29776199656849345,0.4340324519403887,0.7222222222222222,0.8333333333333334,0.18609516176868307,0.13583969647145339,0.14291245660047733,0.45,0.55,0,,,,,,,,,,,,,,,,,,,,,,,,,,,,,0.8594732567370241,0.6588477011710718,0.45822214560511965,0.1971487499817111,-0.07148062564887953,-0.04510741307301763,0.06555225327611636,-0.025602804360960976,-0.21766522399114396,-0.17190870949835488,0.06410295229281199,0.09032647026960836,-0.1456851915215585,-0.2037723005261725,0.09398969604232094,0.22913070405328356,-0.20490174788710513,-0.5907083718341176,-0.5907083718341178,-0.590708371834118,,,,,,,,,,,,,,,,,,,,,,,,,10,0.2,
omnimath-55,processbench,omnimath,omnimath,Qwen2.5-Math-7B-Instruct,,0,final_answer_correct,False,False,,False,3.0,0.42857142857142855,,8,0.44783191269880745,-0.14729529955008797,-0.5951272122488954,0.40933459364873553,1.5482190912500862,-0.7379920739011774,0.8102270173489087,0.2734283662688744,-0.16753456217464732,-0.16483447064189016,-0.43826283691076456,4.525273052408017,0.1315118900796964,4,5,0.3157894736842105,0.6842105263157895,0.5906967743510894,0.9575223168989966,0.5533039454316455,0.40934469660121187,0.16666666666666666,0.3333333333333333,0.2070675588873131,0.15229443193278208,0.1646819416923696,0.4,0.6,0,,,,,,,,,,,,,,,,,,,,,,,,,,,,,0.44783191269880745,0.1142197840542965,-0.21939234459021445,-0.29959988064153786,0.25370406479010765,0.8070080102217531,0.8102270173489087,0.4008823207476968,-0.008462375853514947,-0.08756886295004189,-0.11163564846245472,-0.1726461719016335,-0.45531912290140547,-0.7379920739011774,-0.7240581118115442,-0.31464826560270454,0.09476158060613438,0.1172539481879369,-0.01502067568107554,-0.14729529955008797,,,,,,,,,,,,,,,,,,,,,,,,,8,0.39285714285714285,
omnimath-56,processbench,omnimath,omnimath,Qwen2-7B-Instruct,,0,final_answer_correct,False,False,,False,2.0,0.2857142857142857,,8,0.1537911588602121,1.037146069621502,0.8833549107612899,0.5258601212614634,1.8354327213254424,-0.7982866517039403,1.037146069621502,-0.4686403699721772,-0.14951484060110706,0.5637628918710381,1.0324032618432153,3.4396111645859664,0.25681824732291253,3,2,1.0,0.15789473684210525,1.8354327213254424,0.0,0.4293802870527461,0.3583941632256981,0.7777777777777778,0.0,0.10090867851510561,0.18845510433356183,0.23568056047289984,0.3,0.7,0,,,,,,,,,,,,,,,,,,,,,,,,,,,,,0.1537911588602121,-0.204603004365486,-0.5629971675911841,-0.7982866517039403,-0.7258144380343413,-0.6533422243647423,-0.4892302626057583,-0.2563884897797354,-0.023546716953712576,-0.022193404220346005,-0.059421501502422105,-0.10845879393249044,-0.22835125725051114,-0.3482437205685318,-0.23273357658479515,0.19664671046795096,0.6260269975206962,0.8246120769267493,0.9308790732741257,1.037146069621502,,,,,,,,,,,,,,,,,,,,,,,,,8,0.42857142857142855,
omnimath-57,processbench,omnimath,omnimath,Qwen2.5-Math-7B-Instruct,,0,final_answer_correct,False,False,,False,4.0,0.8,,6,0.4620251991962333,1.474839501268145,1.0128143020719116,0.5838162356757175,2.1129642337184795,-0.6381247324503344,1.474839501268145,-0.07931095567122852,-0.6078813308572517,0.35998326224749116,0.4392942179187197,3.213114165365047,0.3152126721761983,1,2,1.0,0.42105263157894735,2.1129642337184795,0.0,0.4844817153249581,0.1990656362613814,1.0,0.0,0.037974852865907745,0.18906732009636945,0.32158964170709015,0.35,0.65,0,,,,,,,,,,,,,,,,,,,,,,,,,,,,,0.4620251991962333,0.2629595629348519,0.06389392667347049,-0.13517170958791092,-0.3125137193261381,-0.4029612229717482,-0.49340872661735824,-0.5838562302629683,-0.6381247324503344,-0.6381247324503344,-0.6381247324503344,-0.6381247324503344,-0.5951878300055491,-0.5236263259309067,-0.4520648218562643,-0.3805033177816218,0.02139435529327194,0.505876070618229,0.9903577859431869,1.474839501268145,,,,,,,,,,,,,,,,,,,,,,,,,6,0.6,
omnimath-58,processbench,omnimath,omnimath,Llama-3.1-70B-Instruct,,0,final_answer_correct,False,False,,False,2.0,0.3333333333333333,,7,-0.9791646405895814,1.3355568462194234,2.3147214868090047,0.601167420721423,2.3147214868090047,-0.9791646405895814,1.3355568462194234,-0.6171657102896649,0.022798636947102102,0.6309033038768771,1.248069014166542,3.6441854093101154,0.6351821399908428,2,3,1.0,0.0,2.3147214868090047,0.0,0.28440971816400495,0.27007552376220767,0.9444444444444444,0.5555555555555556,0.061564700525881005,0.2321628680549162,0.2509203525617501,0.45,0.55,0,,,,,,,,,,,,,,,,,,,,,,,,,,,,,-0.9791646405895814,-0.860840393397557,-0.7425161462055327,-0.6241918990135084,-0.49841563347801365,-0.37114896427382493,-0.24388229506963616,-0.06748404167841929,0.1334800038063117,0.3344440492910427,0.2998883101523049,0.029812786390097212,-0.2402627373721099,-0.3302879119595126,-0.06021238819730501,0.20986313556490266,0.4823276917274093,0.7667374098914136,1.0511471280554185,1.3355568462194234,,,,,,,,,,,,,,,,,,,,,,,,,7,0.6190476190476191,
omnimath-59,processbench,omnimath,omnimath,Qwen2.5-Math-72B-Instruct,,0,final_answer_correct,False,False,,False,6.0,0.75,,9,0.8835547918435613,0.5030725962109163,-0.38048219563264507,0.4423393277293922,1.6172331941775908,-0.7336784023340295,0.8835547918435613,-0.08216962327627922,0.09015466125113233,-0.1597421668543252,-0.077572543578046,5.125043420728419,0.07423979943150753,5,4,0.0,0.2631578947368421,1.2367509985449456,0.38048219563264507,0.4326424892138985,0.4826768908574668,0.9444444444444444,0.5555555555555556,0.15386092826778663,0.16994385670314618,0.21507174346824515,0.45,0.55,0,,,,,,,,,,,,,,,,,,,,,,,,,,,,,0.8835547918435613,0.47196369699315394,0.060372602142746534,-0.2856157690501604,-0.5922425060485669,-0.7336784023340295,-0.37954177648065973,-0.025405150627289985,0.287124025574557,0.5937092803976151,0.5056634623804114,0.022986571522944588,-0.3947841224309018,-0.35821143805941,-0.32163875368791817,-0.37942960356674404,-0.4686749648623425,-0.3622123822168807,0.0704301069970178,0.5030725962109163,,,,,,,,,,,,,,,,,,,,,,,,,9,0.3888888888888889,
omnimath-60,processbench,omnimath,omnimath,Qwen2-7B-Instruct,,0,final_answer_correct,False,False,,False,1.0,0.125,,9,0.6289033598600491,0.341023130269009,-0.2878802295910401,0.4454178176024289,1.6787527301360312,-0.7362991100228173,0.9424536201132139,-0.28725117841139436,-0.023403841159112815,0.27335249117855526,0.5606036695899497,5.7373272046202874,0.05017671457873437,5,6,0.7368421052631579,0.21052631578947367,1.0773222402918263,0.6014304898442049,0.4611362301747121,0.6084012832669885,0.7222222222222222,0.8333333333333334,0.2360586135491676,0.16451146304536235,0.19123497254147326,0.45,0.55,0,,,,,,,,,,,,,,,,,,,,,,,,,,,,,0.6289033598600491,0.12138305265971905,-0.386137254540611,-0.6379349621569204,-0.7362991100228173,-0.7068270363946901,-0.2938462982844897,0.11913443982571081,-0.03481174766534792,-0.26974749595658676,-0.31358284355606786,-0.16631779046379042,0.0201811597637908,0.48131738993850176,0.9424536201132139,0.6014367152066502,-0.006964568060338294,-0.2722303437278051,0.034396393270601955,0.341023130269009,,,,,,,,,,,,,,,,,,,,,,,,,9,0.3055555555555556,
omnimath-61,processbench,omnimath,omnimath,Qwen2-7B-Instruct,,0,final_answer_correct,False,False,,False,1.0,0.16666666666666666,,7,-0.39908360988339037,-0.6664326113483061,-0.26734900146491575,0.661041217986429,2.0292188670800595,-0.860448370697161,1.1687704963828986,0.6044382583291285,0.18034999016579492,-0.7286536195192183,-1.3330918778483467,3.7910887326952034,0.07052037562699014,2,2,0.15789473684210525,0.8421052631578947,0.19401575934885484,1.8352031077312048,0.5226180354220964,0.24607078580753505,0.0,0.5555555555555556,0.07382521597976154,0.32581730215642696,0.26973750103896926,0.55,0.45,0,,,,,,,,,,,,,,,,,,,,,,,,,,,,,-0.39908360988339037,0.12353442553870603,0.6461524609608025,1.1687704963828986,1.092854339929784,0.8972313451016274,0.7016083502734706,0.5891261423838435,0.5182143279634814,0.44730251354311934,0.28881121342917093,0.04274042762163588,-0.20333035818589862,-0.4204143355947881,-0.5795246962063876,-0.7386350568179871,-0.860448370697161,-0.7957764509142095,-0.7311045311312578,-0.6664326113483061,,,,,,,,,,,,,,,,,,,,,,,,,7,0.6190476190476191,
omnimath-62,processbench,omnimath,omnimath,Llama-3.1-70B-Instruct,,0,final_answer_correct,False,False,,False,1.0,0.2,,6,-0.8014333386120513,1.6369532955410562,2.4383866341531073,0.6348145902384121,2.4383866341531073,-0.8014333386120513,1.6369532955410562,-0.2414883380853725,-0.08949603899364715,0.19559125676627578,0.43707959485164827,5.091501344279773,0.47891308855149356,2,3,1.0,0.0,2.4383866341531073,0.0,0.6416806931981871,0.32736402127455866,1.0,0.5555555555555556,0.08397985686963802,0.23595542548621334,0.2931225804339875,0.4,0.6,0,,,,,,,,,,,,,,,,,,,,,,,,,,,,,-0.8014333386120513,-0.617464413327904,-0.43349548804375665,-0.24952656275960927,-0.06243166121325876,0.13716714538190466,0.3367659519770681,0.5363647585722315,0.5251784340195067,0.19781441274494854,-0.12954960852960962,-0.4569136298041683,-0.6215814646768434,-0.6777851752815958,-0.7339888858863483,-0.7901925964911009,-0.28808878405350347,0.3535919091446822,0.9952726023428691,1.6369532955410562,,,,,,,,,,,,,,,,,,,,,,,,,6,0.8666666666666667,
omnimath-63,processbench,omnimath,omnimath,Qwen2-72B-Instruct,,0,final_answer_correct,False,False,,False,2.0,0.5,,5,-0.259287606399606,0.9193673899420404,1.1786549963416464,0.6371655331362043,2.0663301151171454,-1.115531406035984,0.9507987090811614,-0.7277232458742297,0.403882913151393,0.17515764761536892,0.9028808934895985,5.710471325840375,0.20640240167359405,3,3,0.5263157894736842,0.2631578947368421,2.0348987959780245,0.031431319139121006,0.49834181350139306,0.3524160912782469,0.4444444444444444,0.5555555555555556,0.12315048441183324,0.24422361416383992,0.3050204363322221,0.4,0.6,0,,,,,,,,,,,,,,,,,,,,,,,,,,,,,-0.259287606399606,-0.46577797545470623,-0.6722683445098064,-0.8787587135649066,-1.085249082620007,-1.115531406035984,-0.617189592534591,-0.1188477790331981,0.37949403446819474,0.8778358479695878,0.9507987090811614,0.5983826178029145,0.24596652652466833,-0.10644956475357792,-0.4588656560318247,-0.31544277325242454,-0.0067402324538086145,0.3019623083448073,0.6106648491434238,0.9193673899420404,,,,,,,,,,,,,,,,,,,,,,,,,5,0.8,
omnimath-64,processbench,omnimath,omnimath,Qwen2.5-7B-Instruct,,0,final_answer_correct,False,False,,False,2.0,0.4,,6,1.272353616984773,0.8380137003533363,-0.43433991663143656,0.668416658427728,2.4449974085909423,-1.1726437916061692,1.272353616984773,0.31360358686539563,-0.724570326946101,-0.0018506475443600217,-0.3154542344097557,4.617907112062714,0.09405557671285136,3,2,0.0,0.5789473684210527,2.0106574919595053,0.43433991663143656,0.3485604649644859,0.3912989389507472,1.0,0.05555555555555555,0.07877532944603662,0.21049902702005802,0.35489258031161286,0.35,0.65,0,,,,,,,,,,,,,,,,,,,,,,,,,,,,,1.272353616984773,0.8810546780340258,0.48975573908327863,0.09845680013253144,-0.20917394397765754,-0.18213190872561308,-0.15508987347356862,-0.12804783822152419,-0.23662510819216448,-0.5486313359968327,-0.8606375638015008,-1.1726437916061692,-1.1694046696412486,-0.9560019811632676,-0.7425992926852861,-0.5291966042073047,-0.20766769454012052,0.14089277042436466,0.48945323538885044,0.8380137003533363,,,,,,,,,,,,,,,,,,,,,,,,,6,0.6666666666666666,
omnimath-65,processbench,omnimath,omnimath,Qwen2.5-72B-Instruct,,0,final_answer_correct,False,False,,False,5.0,0.8333333333333334,,7,1.1457858183440952,-0.1506522136539346,-1.2964380319980298,0.5333064148851259,2.2256446927459814,-1.0798588744018864,1.1457858183440952,0.4226041241463067,-0.015387756195739058,-0.6496706055370941,-1.0722747296834008,4.340727790341622,0.2986683557726614,3,3,0.0,0.8421052631578947,0.9292066607479519,1.2964380319980298,0.3097355535826508,0.40940148378885155,0.9444444444444444,0.0,0.1262237308315469,0.18363810425848884,0.23601355713691835,0.4,0.6,0,,,,,,,,,,,,,,,,,,,,,,,,,,,,,1.1457858183440952,0.7363843345552437,0.3269828507663922,-0.08241863302245922,0.0438100801858653,0.27716483279362514,0.5105195854013851,0.43273466786546505,0.19937991525770515,-0.03397483735005469,-0.15065221365393477,-0.15065221365393477,-0.15065221365393477,-0.25389739818148466,-0.5636329517641356,-0.8733685053467866,-1.0798588744018864,-0.7701233208192362,-0.46038776723658537,-0.1506522136539346,,,,,,,,,,,,,,,,,,,,,,,,,7,0.42857142857142855,
omnimath-66,processbench,omnimath,omnimath,Qwen2.5-7B-Instruct,,0,final_answer_correct,False,False,,False,1.0,0.125,,9,-0.0719977491360908,-0.6109942498687781,-0.5389965007326873,0.3544264793440802,1.437455853377084,-0.6109942498687781,0.826461603508306,0.12144037083835964,0.11794483702649834,-0.21667852746293206,-0.3381188983012917,5.358513967095494,0.1005869358636463,7,6,0.10526315789473684,1.0,0.0,1.437455853377084,0.4492296763221984,0.6761755713675404,0.0,0.16666666666666666,0.25469371353527986,0.15334012669019637,0.13455886217637572,0.55,0.45,0,,,,,,,,,,,,,,,,,,,,,,,,,,,,,-0.0719977491360908,0.3772319271861076,0.826461603508306,0.5723130000244179,-0.10386257134312249,-0.5323401023077021,-0.21772351206339863,0.09689307818090498,0.12922903037128314,0.12123917712538611,0.15293143166118037,0.22430579397866607,0.2395082235919797,-0.138492875723912,-0.5164939750398045,-0.30125869628612767,0.11172204182407208,0.2149672263516233,-0.1980135117585774,-0.6109942498687781,,,,,,,,,,,,,,,,,,,,,,,,,9,0.25,
omnimath-67,processbench,omnimath,omnimath,Llama-3.1-8B-Instruct,,0,final_answer_correct,False,False,,False,3.0,0.17647058823529413,,18,0.24637261830059484,0.2139653753458165,-0.03240724295477834,0.2525832722068963,1.0964571625328952,-0.4804706699289685,0.6159864926039266,-0.07672771483206024,0.07542511535107244,0.004334275557598595,0.08106199038965883,5.538686601947182,0.005851069988936591,11,8,0.42105263157894735,0.10526315789473684,0.694436045274785,0.4020211172581101,0.5880502141881927,0.4532529110826201,0.3888888888888889,0.9444444444444444,0.3946125143514985,0.09970449065069413,0.09886011780176032,0.55,0.45,0,,,,,,,,,,,,,,,,,,,,,,,,,,,,,0.24637261830059484,-0.1489514232122299,-0.4804706699289685,-0.05034183091022193,0.16738605578563315,-0.036915463584082375,-0.23417329027514705,0.027936278415733873,0.6159864926039266,0.2595395146199867,0.061322167974843245,0.18802278829982558,-0.23266100623231,-0.392170428224499,-0.07315158424012214,0.0788530529685681,0.009819217043959452,0.12488625165499487,-0.3283666594276252,0.2139653753458165,,,,,,,,,,,,,,,,,,,,,,,,,18,0.13071895424836602,
omnimath-68,processbench,omnimath,omnimath,Qwen2.5-Math-72B-Instruct,,0,final_answer_correct,False,False,,False,2.0,0.3333333333333333,,7,1.4946556360398928,-0.24684199840727397,-1.7414976344471669,0.5031574742672735,2.089804328715383,-0.5951486926754901,1.4946556360398928,0.3640450053059463,-0.41064249527176183,-0.16455093497542903,-0.5285959402813754,3.818453908112007,0.45607402272094766,4,3,0.0,0.631578947368421,0.34830669426821614,1.7414976344471669,0.19141130639062626,0.5785184903410368,0.7222222222222222,0.0,0.1095136380480961,0.15269769518122828,0.2183720971618924,0.3,0.7,0,,,,,,,,,,,,,,,,,,,,,,,,,,,,,1.4946556360398928,0.9161371456988561,0.3376186553578193,-0.2408998349832172,-0.17781016138120173,0.013601145009424276,0.2050124514000503,0.08692887011852238,-0.18590215499908247,-0.4587331801166874,-0.5951486926754899,-0.59514869267549,-0.5951486926754901,-0.531344923878615,-0.3399336174879887,-0.14852231109736252,-0.0025828422263376137,-0.08400256095331628,-0.16542227968029513,-0.24684199840727397,,,,,,,,,,,,,,,,,,,,,,,,,7,0.42857142857142855,
omnimath-69,processbench,omnimath,omnimath,Qwen2-7B-Instruct,,0,final_answer_correct,False,False,,False,0.0,0.0,,10,-0.5864139997248651,-0.33048062558766456,0.2559333741372005,0.4490698909689827,1.5316710146749168,-0.7260550188232235,0.8056159958516933,-0.4472097079379868,0.25233323951806025,0.3077852329208383,0.7549949408588251,4.9713642503947995,0.05148151719457605,7,4,0.6842105263157895,0.21052631578947367,0.395574393235559,1.136096621439358,0.5897618668749789,0.515274334372371,0.6111111111111112,0.9444444444444444,0.2690020625567568,0.20850055313858656,0.1843717472093094,0.55,0.45,0,,,,,,,,,,,,,,,,,,,,,,,,,,,,,-0.5864139997248651,-0.48071442278655524,-0.3750148458482454,-0.5339925991930403,-0.7260550188232235,-0.43115476056518365,0.00287769137520566,0.20687993446151529,0.2958670731207852,0.16018071828475533,-0.15524443134751442,-0.06836424030989591,0.521397626565083,0.8056159958516933,0.4787473699615638,0.2806009039109132,0.5329819972984333,0.7000680431570774,0.18479370878470636,-0.33048062558766456,,,,,,,,,,,,,,,,,,,,,,,,,10,0.3333333333333333,
omnimath-70,processbench,omnimath,omnimath,Qwen2-7B-Instruct,,0,final_answer_correct,False,False,,False,4.0,0.6666666666666666,,7,0.4676717821239712,1.0132655717155468,0.5455937895915756,0.5566297356936859,1.8393520341892557,-0.8260864624737089,1.0132655717155468,-0.18583730680182592,-0.5057838190556643,0.547077742651367,0.7329150494531929,4.277922185460623,0.12753710000754234,3,2,1.0,0.631578947368421,1.8393520341892557,0.0,0.49096456724053594,0.37463944977630115,0.7222222222222222,0.0,0.10979104299235641,0.20560160177697293,0.28354567303168443,0.35,0.65,0,,,,,,,,,,,,,,,,,,,,,,,,,,,,,0.4676717821239712,0.09303233234767005,-0.2816071174286311,-0.6562465672049321,-0.5319671044324843,-0.30790385915028645,-0.08384061386808861,-0.1042485498108354,-0.24689207636605437,-0.3895356029212733,-0.5339031854538481,-0.6799948239637786,-0.8260864624737089,-0.7598260324001512,-0.2688614651596153,0.22210310208092054,0.6513468377779019,0.7719864157571167,0.8926259937363317,1.0132655717155468,,,,,,,,,,,,,,,,,,,,,,,,,7,0.42857142857142855,
omnimath-71,processbench,omnimath,omnimath,Qwen2-72B-Instruct,,0,final_answer_correct,False,False,,False,3.0,0.6,,6,-0.6612099044785709,0.42405614223664423,1.085266046715215,0.7120901428061229,2.5317331412923862,-1.052922429847489,1.4788107114448972,-0.40371329438543346,-0.3799369659606923,0.9683463372309191,1.3720596316163527,5.512834066398053,0.1968617291295148,3,3,0.7894736842105263,0.5789473684210527,1.4769785720841333,1.054754569208253,0.7441714212933774,0.36820993840942084,0.7222222222222222,0.5555555555555556,0.15441942355560664,0.29839462097759817,0.2821683109294665,0.4,0.6,0,,,,,,,,,,,,,,,,,,,,,,,,,,,,,-0.6612099044785709,-0.5896484004039283,-0.5180868963292857,-0.44652539225464316,-0.3583147390086413,-0.20350748907720193,-0.04870023914576255,0.10610701078567686,0.051707385380772714,-0.3165025530286477,-0.6847124914380682,-1.052922429847489,-0.7537035524352336,-0.009532131141857692,0.7346392901515197,1.4788107114448972,1.3742578686579041,1.057523959850818,0.7407900510437311,0.42405614223664423,,,,,,,,,,,,,,,,,,,,,,,,,6,0.8,
omnimath-72,processbench,omnimath,omnimath,Llama-3.1-8B-Instruct,,0,final_answer_correct,False,False,,False,4.0,0.3333333333333333,,13,0.16742857312341355,-0.6980490157613218,-0.8654775888847354,0.34016580025943277,1.2898529206794789,-0.6980490157613218,0.591803904918157,0.05785632812336213,0.042894539856395096,-0.09923489905860672,-0.15709122718196886,4.457433673603977,0.19416499543446245,4,5,0.42105263157894735,1.0,0.0,1.2898529206794789,0.5074212863412673,0.4558114114061103,0.6111111111111112,0.4444444444444444,0.18926976126978146,0.14397655350112698,0.13848421942579398,0.55,0.45,0,,,,,,,,,,,,,,,,,,,,,,,,,,,,,0.16742857312341355,0.04392669165927014,-0.10941070350073813,-0.3045178178349572,-0.0031714606816387048,0.2999940542873515,0.3107449598108338,0.4471536872870844,0.591803904918157,0.13599249351204673,-0.2833245185816346,-0.6661471313628872,-0.1587258450216199,0.2335091882436193,0.23350918824361955,0.23350918824361952,0.1819591406935241,-0.12734114460704662,-0.4189967511640352,-0.6980490157613218,,,,,,,,,,,,,,,,,,,,,,,,,13,0.15384615384615385,
omnimath-73,processbench,omnimath,omnimath,Qwen2.5-Math-72B-Instruct,,0,final_answer_correct,False,False,,False,2.0,0.2222222222222222,,10,0.776058940975112,0.11825112686047573,-0.6578078141146362,0.39481966055844764,1.314473564118796,-0.5384146231436839,0.776058940975112,0.07248743412302626,0.054580881269783284,-0.2266946195228032,-0.29918205364582945,4.960729844239625,0.13260303116052155,5,4,0.0,0.8947368421052632,0.6566657500041597,0.6578078141146362,0.41249764316718834,0.6399260501090124,0.2777777777777778,0.0,0.18028191140592806,0.16036213108307834,0.18389660655243595,0.45,0.55,0,,,,,,,,,,,,,,,,,,,,,,,,,,,,,0.776058940975112,0.1361328908660996,-0.5037931592429128,-0.40417390291708455,-0.21211148328690144,0.1514005546498413,0.5638981978170297,0.6146042777773238,0.48441457613417105,0.2974411927127629,0.06504086386875052,-0.17161266651579268,-0.4135826988259985,-0.4942393762627342,-0.25226934395252787,-0.11784154822463641,-0.3598115805348424,-0.5384146231436839,-0.21008174814160413,0.11825112686047573,,,,,,,,,,,,,,,,,,,,,,,,,10,0.24444444444444444,
omnimath-74,processbench,omnimath,omnimath,Llama-3.1-8B-Instruct,,0,final_answer_correct,False,False,,False,2.0,0.4,,6,1.2782828469575485,-0.4240417925405032,-1.7023246394980518,0.704415139859947,2.3412416375015157,-1.0629587905439672,1.2782828469575485,0.3929692043005741,-0.8012211222274919,0.2814669971003232,-0.11150220720025089,5.552539891223571,0.3065848553720023,2,3,0.0,0.5789473684210527,0.638916998003464,1.7023246394980518,0.5409969750290733,0.36694474285924017,0.7222222222222222,0.9444444444444444,0.09724463034373679,0.2777064325124921,0.3361545046568164,0.45,0.55,0,,,,,,,,,,,,,,,,,,,,,,,,,,,,,1.2782828469575485,0.9768181936876736,0.6753535404177989,0.37388888714792423,0.07984435721519104,-0.18451967936897556,-0.4488837159531422,-0.7132477525373089,-0.89434765872971,-0.9505513693344624,-1.0067550799392149,-1.0629587905439672,-0.7608420897684259,-0.21984511473935386,0.3211518602897194,0.8621488353187927,0.6767924360372166,0.3098476931779771,-0.05709704968126306,-0.4240417925405032,,,,,,,,,,,,,,,,,,,,,,,,,6,0.6666666666666666,
omnimath-75,processbench,omnimath,omnimath,Llama-3.1-8B-Instruct,,0,final_answer_correct,False,False,,False,2.0,0.3333333333333333,,7,1.029958375626744,0.1446997530003174,-0.8852586226264267,0.3407601369185485,1.679269090383786,-0.6493107147570418,1.029958375626744,0.010655792135677578,-0.05333323926838433,-0.1562900184551863,-0.16694581059086389,3.490437291515821,0.2536239871084973,5,4,0.0,0.15789473684210525,0.7940104677573592,0.8852586226264267,0.28020100894765354,0.5597563634612621,0.2777777777777778,0.1111111111111111,0.09694856227529237,0.08908330877196378,0.15090742080496705,0.25,0.75,0,,,,,,,,,,,,,,,,,,,,,,,,,,,,,1.029958375626744,0.4702020121654822,-0.08955435129577971,-0.6493107147570418,-0.509102601210874,-0.2289015922632206,0.05129941668443294,0.08550661796229914,-0.003283084594728397,-0.09207278715175596,-0.12218170396193567,-0.09360983502526743,-0.06503796608859924,-0.08265391601870276,-0.19264550368235017,-0.3026370913459976,-0.36592851085170225,-0.19571908956769593,-0.025509668283689224,0.1446997530003174,,,,,,,,,,,,,,,,,,,,,,,,,7,0.23809523809523808,
omnimath-76,processbench,omnimath,omnimath,Qwen2-72B-Instruct,,0,final_answer_correct,False,False,,False,3.0,0.75,,5,-0.4840736257300858,-0.0786085176219213,0.4054651081081645,0.7577027945123372,2.5655212431494623,-1.104257945178458,1.4612632979710043,0.6379707394007619,0.054413295911402745,-0.6350280849052425,-1.2729988243060044,5.536507594407088,0.073234814762606,2,2,0.2631578947368421,0.7368421052631579,1.0256494275565367,1.5398718155929256,0.42419010958784525,0.2918514444462931,0.1111111111111111,0.5555555555555556,0.06884332200526515,0.3476155278957548,0.2957895410080699,0.45,0.55,0,,,,,,,,,,,,,,,,,,,,,,,,,,,,,-0.4840736257300858,-0.059883516142240634,0.3643065934456045,0.7884967030334498,1.2126868126212949,1.4612632979710043,1.1829989106063055,0.9047345232416066,0.6264701358769078,0.348205748512209,0.06314783260671314,-0.22870361183957996,-0.5205550562858725,-0.8124065007321649,-1.104257945178458,-1.0037557080792772,-0.7724689104649384,-0.5411821128505997,-0.30989531523626057,-0.0786085176219213,,,,,,,,,,,,,,,,,,,,,,,,,5,0.8,
omnimath-77,processbench,omnimath,omnimath,Qwen2-72B-Instruct,,0,final_answer_correct,False,False,,False,3.0,0.6,,6,0.47447223238539327,-0.5573021196741937,-1.031774352059587,0.4602259903530813,1.2697395205553592,-0.7952672881699658,0.47447223238539327,0.2482686579720575,0.3304665483569468,-0.6563000471249888,-0.9045687050970463,2.2796830114477373,0.4525955349398983,3,1,0.0,0.8421052631578947,0.2379651684957721,1.031774352059587,0.10194573153959552,0.3462770470067118,0.2777777777777778,0.7222222222222222,0.060436718790302914,0.20740308036618846,0.20173577228853357,0.65,0.35,0,,,,,,,,,,,,,,,,,,,,,,,,,,,,,0.47447223238539327,0.3623785740844798,0.2502849157835664,0.13819125748265298,0.06890547714984124,0.1708512086894367,0.2727969402290322,0.3747426717686277,0.4381435845342391,0.44372726913887406,0.4493109537435091,0.45489463834814414,0.2493618839859721,-0.09691516302073899,-0.4431922100274508,-0.7894692570341626,-0.7952672881699658,-0.715945565338042,-0.6366238425061178,-0.5573021196741937,,,,,,,,,,,,,,,,,,,,,,,,,6,0.6,
omnimath-78,processbench,omnimath,omnimath,Llama-3.1-70B-Instruct,,0,final_answer_correct,False,False,,False,0.0,0.0,,12,0.35779302627387066,-0.015023897940582693,-0.37281692421445334,0.34601000041361546,1.6067463014073957,-0.7774443906469012,0.8293019107604946,0.016078090294814686,0.20200040761566648,-0.2540784858178429,-0.2701565761126576,5.84332514717244,0.0638021870809051,7,5,0.3684210526315789,0.7368421052631579,0.7624204927063185,0.8443258087010773,0.5688151996618023,0.7274005368144416,0.7777777777777778,0.3888888888888889,0.3741167427443877,0.13443796452409015,0.13433403600077462,0.4,0.6,0,,,,,,,,,,,,,,,,,,,,,,,,,,,,,0.35779302627387066,0.0068722978910564225,-0.24834277729644488,-0.24834277729644488,-0.16692305856946613,-0.01765357423667166,0.4291434952978033,0.8293019107604946,0.10190137394605303,-0.2148272087368517,0.18712012831043695,0.36410000662474323,0.41252705137734524,-0.266120408972556,-0.7774443906469012,-0.2086291909850989,-0.020109386897541992,-0.28794405749908075,-0.21531999093785184,-0.015023897940582693,,,,,,,,,,,,,,,,,,,,,,,,,12,0.21212121212121213,
omnimath-79,processbench,omnimath,omnimath,Llama-3.1-8B-Instruct,,0,final_answer_correct,False,False,,False,1.0,0.09090909090909091,,12,-0.052917389534904956,-0.3456418746876202,-0.29272448515271526,0.36982924217363405,1.451958770268494,-0.6808939083983565,0.7710648618701375,-0.32166031168847126,0.3921129060468052,-0.057041343291679536,0.2646189683967917,4.682016573565189,0.06252102711584721,6,4,0.631578947368421,0.2631578947368421,0.3352520337107363,1.1167067365577577,0.5235045111819925,0.6659241379067594,0.3333333333333333,0.6666666666666666,0.25618485567364535,0.16177460053549744,0.15422859549758444,0.5,0.5,0,,,,,,,,,,,,,,,,,,,,,,,,,,,,,-0.052917389534904956,-0.18266555828915862,-0.2878616541824299,-0.32758555577974835,-0.4639661218796448,-0.6808939083983565,-0.25573199375505573,0.26777251742693675,0.34783699141359586,0.38726701102132144,0.3555867354659128,0.5101215011663541,0.7710648618701375,0.10514072396337804,-0.44303771554684934,-0.044270137897920114,0.20284252269961744,0.26796928283548493,0.01988986284721006,-0.3456418746876202,,,,,,,,,,,,,,,,,,,,,,,,,12,0.21212121212121213,
omnimath-80,processbench,omnimath,omnimath,Qwen2.5-72B-Instruct,,0,final_answer_correct,False,False,,False,4.0,0.5714285714285714,,8,-0.020010676918383825,1.1163419397325725,1.1363526166509563,0.3748767610137945,1.4617750170855857,-0.3454330773530132,1.1163419397325725,0.09498821646828921,-0.3234120126619468,0.11618008593717184,0.02119186946888263,2.369532239350602,0.47956832904809393,2,3,1.0,0.8421052631578947,1.4617750170855857,0.0,0.5385486905052161,0.11989246331802089,0.9444444444444444,0.3888888888888889,0.04990144891440445,0.12534142979178647,0.1704357326784151,0.4,0.6,0,,,,,,,,,,,,,,,,,,,,,,,,,,,,,-0.020010676918383825,0.09988178639963699,0.21977424971765783,0.2711567339968096,0.15126427067878878,0.031371807360767945,-0.08852065595725292,-0.20841311927527378,-0.3283055825932947,-0.3454330773530119,-0.3454330773530118,-0.34543307735301176,-0.34543307735301176,-0.34543307735301176,-0.34543307735301204,-0.3454330773530126,-0.3454330773530132,0.03924455872214011,0.5777932492273563,1.1163419397325725,,,,,,,,,,,,,,,,,,,,,,,,,8,0.25,
omnimath-81,processbench,omnimath,omnimath,Qwen2.5-Math-7B-Instruct,,0,final_answer_correct,False,False,,False,4.0,0.6666666666666666,,7,1.2213159263448214,-0.012670673784766313,-1.2339866001295878,0.6078405329456948,1.866509158873098,-0.6451932325282765,1.2213159263448214,0.6716060093992058,-0.49056675295347635,-0.42325549261827294,-1.0948615020174788,2.499031717616608,0.4937858897231097,1,1,0.0,0.5263157894736842,0.6325225587435103,1.2339866001295878,0.19974396591900334,0.2405300793385779,0.9444444444444444,0.3888888888888889,0.03120735226978548,0.23506210328972205,0.2986750113191986,0.35,0.65,0,,,,,,,,,,,,,,,,,,,,,,,,,,,,,1.2213159263448214,1.0284106105456843,0.8355052947465473,0.6425999789474102,0.48045863483957146,0.3244700850699924,0.16848153530041338,-0.04386803418183159,-0.2843981135204095,-0.5249281928589874,-0.6451932325282765,-0.6451932325282765,-0.6451932325282765,-0.6451932325282765,-0.6451932325282765,-0.6451932325282765,-0.6119025715417759,-0.41215860562277296,-0.21241463970376961,-0.012670673784766313,,,,,,,,,,,,,,,,,,,,,,,,,7,0.6190476190476191,
omnimath-82,processbench,omnimath,omnimath,Qwen2.5-7B-Instruct,,0,final_answer_correct,False,False,,False,0.0,0.0,,8,0.6612699412689587,0.940818112645778,0.2795481713768193,0.4766080279577578,1.7841076583381397,-0.8432895456923617,0.940818112645778,0.05775435770187047,-0.26251185383895487,0.023546793722315995,-0.034207563979554476,5.1765876582672155,0.05400240270834974,3,4,1.0,0.5789473684210527,1.7841076583381397,0.0,0.4890582890488603,0.4904065703520324,1.0,0.0,0.16435775187334947,0.17799711617542552,0.24259820170671023,0.4,0.6,0,,,,,,,,,,,,,,,,,,,,,,,,,,,,,0.6612699412689587,0.17086337091692627,-0.3195431994351061,-0.5576222577262359,-0.16488253586510893,0.2278571859960179,0.38633799875764135,0.36912462969463716,0.35191126063163297,-0.03454656334970052,-0.48254512981742215,-0.8432895456923617,-0.6805090580106105,-0.5177285703288592,-0.41869767500318666,-0.4046662361522857,-0.39063479730138484,-0.03729846545194243,0.4517598235969177,0.940818112645778,,,,,,,,,,,,,,,,,,,,,,,,,8,0.42857142857142855,
omnimath-83,processbench,omnimath,omnimath,Llama-3.1-8B-Instruct,,0,final_answer_correct,False,False,,False,2.0,0.25,,9,0.3881221730204815,-0.05371057925855733,-0.44183275227903884,0.44703249606301115,1.5996279915348108,-0.5927070799912444,1.0069209115435664,0.18560046471628672,0.0005654605417279816,-0.24210299247971145,-0.42770345719599817,4.712516523451964,0.09375728447428171,4,3,0.631578947368421,0.42105263157894735,0.538996500732687,1.0606314908021237,0.6983376687351752,0.4713917736898332,0.5555555555555556,0.7222222222222222,0.1700670901092515,0.19042150453859272,0.19789432844220106,0.45,0.55,0,,,,,,,,,,,,,,,,,,,,,,,,,,,,,0.3881221730204815,0.42903322500096497,0.46994427698144836,0.34344473707079093,0.11649884202544891,-0.110447053019893,-0.3373929480652348,-0.5643388431105766,-0.5927070799912444,-0.5927070799912444,-0.24353824562365745,0.4547994231115178,1.0069209115435664,0.5355291378537343,0.06413736416390114,-0.22392000054256417,-0.4508658955879062,-0.5076023693492424,-0.2806564743038999,-0.05371057925855733,,,,,,,,,,,,,,,,,,,,,,,,,9,0.3055555555555556,
omnimath-84,processbench,omnimath,omnimath,Llama-3.1-70B-Instruct,,0,final_answer_correct,False,False,,False,4.0,0.8,,6,1.6099165546076302,-1.0420441798435363,-2.6519607344511664,0.6199748003023219,2.6519607344511664,-1.0420441798435363,1.6099165546076302,0.4956678487943676,-0.2786288893517039,-0.3827268714889532,-0.8783947202833208,5.211849574386303,0.508832938595208,4,5,0.0,1.0,0.0,2.6519607344511664,0.2726557714965202,0.47754515414266774,0.7222222222222222,0.05555555555555555,0.12533693190158515,0.21257351917981496,0.2514279448215686,0.4,0.6,0,,,,,,,,,,,,,,,,,,,,,,,,,,,,,1.6099165546076302,1.1323714004649625,0.6548262463222948,0.17728109217962706,-0.17644698994619745,-0.034906784004647445,0.10663342193690256,0.2481736278784526,0.20686077619882987,-0.1087316619125529,-0.4243241000239357,-0.7399165381353189,-0.7025600504819609,-0.42990427898544137,-0.15724850748892116,0.11540726400759904,-0.08521581288266256,-0.40415860186961994,-0.7231013908565781,-1.0420441798435363,,,,,,,,,,,,,,,,,,,,,,,,,6,0.8,
omnimath-85,processbench,omnimath,omnimath,Llama-3.1-8B-Instruct,,0,final_answer_correct,False,False,,False,1.0,0.25,,5,1.3418913535330081,-0.16218604324326566,-1.5040773967762737,0.6460264374896151,2.5235277171930006,-1.1816363636599925,1.3418913535330081,0.478092509172855,-0.17347919560718944,-0.7175724260032852,-1.1956649351761401,4.225866640739267,0.35592164274099114,3,3,0.0,0.7368421052631579,1.019450320416727,1.5040773967762737,0.23128679761433915,0.3166478730055319,1.0,0.7222222222222222,0.07510847596740675,0.19868227606530955,0.30733934411831215,0.45,0.55,0,,,,,,,,,,,,,,,,,,,,,,,,,,,,,1.3418913535330081,1.0252434805274768,0.7085956075219456,0.3919477345164143,0.07529986151088308,-0.14084577439546755,-0.05548469900427508,0.029876376386917397,0.11523745177810987,0.2005985271693024,0.08495512836213315,-0.2316927446433986,-0.5483406176489296,-0.8649884906544606,-1.1816363636599925,-1.0873332337006214,-0.8560464360862826,-0.6247596384719439,-0.3934728408576048,-0.16218604324326566,,,,,,,,,,,,,,,,,,,,,,,,,5,0.7,
omnimath-86,processbench,omnimath,omnimath,Qwen2.5-Math-72B-Instruct,,0,final_answer_correct,False,False,,False,1.0,0.3333333333333333,,4,-0.25277428333257335,-0.9999886851627944,-0.747214401830221,0.5574384349032648,1.934042477246885,-0.9999886851627944,0.9340537920840907,0.34063975437575866,0.5635897565342818,-0.5054769870725176,-0.8461167414482763,3.1208705526635496,0.23942499030999562,1,2,0.3157894736842105,1.0,0.0,1.934042477246885,0.19780467923611067,0.1978046792361109,0.0,0.9444444444444444,0.021978297692901272,0.331867523189966,0.1670302904932071,0.6,0.4,0,,,,,,,,,,,,,,,,,,,,,,,,,,,,,-0.25277428333257335,-0.054969604096462676,0.142835075139648,0.34063975437575866,0.5384444336118693,0.73624911284798,0.9340537920840907,0.9213345376017185,0.8033533162601046,0.6853720949184907,0.5673908735768769,0.44940965223526297,0.33142843089364915,0.1868393902538699,-0.010965288982240973,-0.2087699682183518,-0.40657464745446226,-0.6043793266905727,-0.8021840059266836,-0.9999886851627944,,,,,,,,,,,,,,,,,,,,,,,,,4,0.5,
omnimath-87,processbench,omnimath,omnimath,Qwen2-7B-Instruct,,0,final_answer_correct,False,False,,False,3.0,0.3333333333333333,,10,0.15420240462299367,0.8392958503758422,0.6850934457528486,0.48429093054508593,1.4129408319800132,-0.573644981604171,0.8392958503758422,-0.39660987097216954,-0.17212261584846106,0.5763722648873287,0.9729821358594983,4.423341647613004,0.15488142231169277,5,2,1.0,0.21052631578947367,1.4129408319800132,0.0,0.49220439211691125,0.4173200136613493,0.6111111111111112,0.5,0.21121920487327098,0.19935715875377272,0.22550184967479478,0.4,0.6,0,,,,,,,,,,,,,,,,,,,,,,,,,,,,,0.15420240462299367,-0.1766703381828999,-0.5075430809887935,-0.5581129602669648,-0.573644981604171,-0.5650160808612785,-0.5494840595240723,-0.33402328599015707,-0.018598136357887207,-0.11025363299985017,-0.5275736466611994,-0.5406605910877664,-0.04845619897085518,0.374707181128488,0.659788537192695,0.8043944787648638,0.45733646961490504,0.18518021879183047,0.5122380345838363,0.8392958503758422,,,,,,,,,,,,,,,,,,,,,,,,,10,0.37777777777777777,
omnimath-88,processbench,omnimath,omnimath,Qwen2.5-72B-Instruct,,0,final_answer_correct,False,False,,False,1.0,0.1111111111111111,,10,0.30413662290253446,-0.3244720365198399,-0.6286086594223743,0.3253169255867098,1.1620877796760845,-0.5639282809782442,0.5981594986978402,0.024055543632512475,0.245996451870323,-0.31327685320793036,-0.33733239684044286,3.3487708064182042,0.18771325234249903,4,3,0.5263157894736842,0.10526315789473684,0.2394562444584043,0.9226315352176802,0.4877144607700223,0.43403245194038936,0.16666666666666666,0.0,0.17303837560003388,0.14668781581675847,0.14615267335314513,0.5,0.5,0,,,,,,,,,,,,,,,,,,,,,,,,,,,,,0.30413662290253446,-0.1298958290378549,-0.5639282809782442,-0.17863014384271209,0.3090843169273102,0.29350185261224837,0.1341202668443055,0.11109102310547976,0.15623795038121263,0.326966196858789,0.5981594986978402,0.5612491970292715,0.13920939097617757,-0.17093809395650966,-0.25730093664838294,-0.32447203651983975,-0.32447203651983986,-0.3244720365198399,-0.3244720365198399,-0.3244720365198399,,,,,,,,,,,,,,,,,,,,,,,,,10,0.2,
omnimath-89,processbench,omnimath,omnimath,Llama-3.1-70B-Instruct,,0,final_answer_correct,False,False,,False,5.0,0.8333333333333334,,7,-0.059064382499394226,-0.7064261393916608,-0.6473617568922665,0.5266295740715381,1.898995281844173,-0.7812364074764401,1.117758874367733,-0.06624082897657725,-0.0312005588377743,0.247978201904648,0.31421903088122527,4.4453523205806125,0.14562664783512905,2,2,0.6842105263157895,0.47368421052631576,0.07481026808477931,1.8241850137593936,0.6580673833206199,0.4286936012080078,0.5555555555555556,0.9444444444444444,0.1258202747830102,0.21998075962890318,0.17969178479253184,0.35,0.65,0,,,,,,,,,,,,,,,,,,,,,,,,,,,,,-0.059064382499394226,-0.05906438249939426,-0.059064382499394295,-0.05906438249939433,-0.06667576512670959,-0.07580942427948789,-0.0849430834322662,-0.26129982923150424,-0.5212681183539722,-0.7812364074764401,-0.5821868603773649,0.07588052294325498,0.7339479062638734,1.117758874367733,0.9530570120380729,0.7883551497084127,0.5796546642323617,0.15096106302435486,-0.27773253818365295,-0.7064261393916608,,,,,,,,,,,,,,,,,,,,,,,,,7,0.47619047619047616,
omnimath-90,processbench,omnimath,omnimath,Qwen2.5-72B-Instruct,,0,final_answer_correct,False,False,,False,7.0,0.4117647058823529,,18,0.5721189099117122,0.21110556437438144,-0.3610133455373308,0.23623054207186117,0.9033453803107718,-0.3312264703990596,0.5721189099117122,0.03450405496623155,-0.04168623515431791,0.004899912939611802,-0.02960414202661975,4.05475030498299,0.08903466758327187,9,8,0.0,0.9473684210526315,0.542332034773441,0.3610133455373308,0.542332034773441,0.5179967007657578,1.0,0.05555555555555555,0.34876188500051014,0.09668300915165695,0.09772679833560363,0.35,0.65,0,,,,,,,,,,,,,,,,,,,,,,,,,,,,,0.5721189099117122,0.45410687087379253,-0.06388982989196523,-0.19831994494987937,-0.19831994494987948,-0.19831994494987945,-0.12584773128028043,-0.01013787253403003,-0.05995948070459438,-0.19831994494987978,-0.19831994494987956,0.2890120688608586,-0.19097311797322086,0.07689464617052061,-0.04108657517109254,-0.1398151640084319,0.22133943057062735,0.10908269227124609,-0.3312264703990596,0.21110556437438144,,,,,,,,,,,,,,,,,,,,,,,,,18,0.0915032679738562,
omnimath-91,processbench,omnimath,omnimath,Qwen2-7B-Instruct,,0,final_answer_correct,False,False,,False,3.0,0.375,,9,0.10637733888458559,-0.5713453713497282,-0.6777227102343137,0.5025611863798256,1.4163099231271468,-0.5713453713497291,0.8449645517774176,-0.22487397683867114,0.3534317862380189,-0.10438771217272437,0.12048626466594677,4.117893775728584,0.16457993992679024,4,3,0.7368421052631579,0.8947368421052632,8.881784197001252e-16,1.4163099231271459,0.6056758375959834,0.6157493475266127,0.4444444444444444,0.8333333333333334,0.19753891893733014,0.22576512004085386,0.21208620040289947,0.45,0.55,0,,,,,,,,,,,,,,,,,,,,,,,,,,,,,0.10637733888458559,0.04796630330495333,-0.01044473227467893,-0.1741900550203797,-0.40113595006572167,-0.5713453713497283,-0.5713453713497282,-0.5713453713497282,-0.04137901345324291,0.5642968241427405,0.7799819434089278,0.6056763443453179,0.4762063337889393,0.6605854427831782,0.8449645517774176,0.4292473183810173,-0.18650202914559533,-0.5713453713497291,-0.5713453713497286,-0.5713453713497282,,,,,,,,,,,,,,,,,,,,,,,,,9,0.3055555555555556,
omnimath-92,processbench,omnimath,omnimath,Qwen2.5-72B-Instruct,,0,final_answer_correct,False,False,,False,2.0,0.3333333333333333,,7,1.1573561156023844,0.537657843796884,-0.6196982718055004,0.536337842597324,1.804849221798039,-0.6474931061956547,1.1573561156023844,-0.016268086099241495,-0.530523764459354,0.3405529555816478,0.3568210416808893,2.9900001717905775,0.20725693518418456,1,2,0.0,0.3684210526315789,1.1851509499925386,0.6196982718055004,0.25676898944538784,0.5056971617345968,0.7777777777777778,0.0,0.05438132752376523,0.2029611087535986,0.2921723697746127,0.4,0.6,0,,,,,,,,,,,,,,,,,,,,,,,,,,,,,1.1573561156023844,0.6516589538677876,0.14596179213319083,-0.35973536960140584,-0.5011490488337071,-0.5697060315655491,-0.6382630142973911,-0.6474931061956547,-0.6270597526771289,-0.6066263991586032,-0.5659165397951138,-0.5049301745866607,-0.44394380937820765,-0.31769656942411,-0.060927579978722224,0.19584140946666562,0.4165441082040879,0.45691535340168654,0.49728659859928526,0.537657843796884,,,,,,,,,,,,,,,,,,,,,,,,,7,0.5238095238095238,
omnimath-93,processbench,omnimath,omnimath,Qwen2-72B-Instruct,,0,final_answer_correct,False,False,,False,3.0,0.3,,11,0.6381667870371195,0.14093856905959176,-0.4972282179775277,0.39789841807507176,1.3240671277973006,-0.685900340760181,0.6381667870371195,0.14120705192958674,-0.1571545247415824,-0.03606867512963393,-0.17727572705922068,6.588705892815756,0.0754667496267665,6,6,0.0,0.7894736842105263,0.8268389098197728,0.4972282179775277,0.7164107415020344,0.6092653182891046,0.8888888888888888,0.3333333333333333,0.34565730303288333,0.16735569371193054,0.1837579117350192,0.5,0.5,0,,,,,,,,,,,,,,,,,,,,,,,,,,,,,0.6381667870371195,0.0321197771753734,-0.4836176425998161,-0.18656875159599245,0.11276234334985151,0.42122225406377695,0.4543645960767944,-0.1549007222123101,-0.5268906610486828,-0.5429675307059564,-0.26192196883274194,0.31624602457096185,0.2680568786159254,-0.197703693578273,-0.4809188845698001,-0.685900340760181,-0.15376803879663026,0.5626427027054042,0.4005939415838119,0.14093856905959176,,,,,,,,,,,,,,,,,,,,,,,,,11,0.2909090909090909,
omnimath-94,processbench,omnimath,omnimath,Qwen2.5-7B-Instruct,,0,final_answer_correct,False,False,,False,5.0,0.625,,9,0.1748516319545217,0.28960150916813837,0.11474987721361668,0.4276257428086495,1.5671622486316865,-0.48577009665186954,1.0813921519798169,-0.2747764725467287,-0.16190563599789337,0.45494036323373016,0.7297168357804589,4.952853711036508,0.023168436604117347,7,4,0.7368421052631579,0.15789473684210525,0.775371605820008,0.7917906428116785,0.7753062779382786,0.5483603828929355,0.7222222222222222,0.8333333333333334,0.2630068150576956,0.16316989648834884,0.17952652550884754,0.5,0.5,0,,,,,,,,,,,,,,,,,,,,,,,,,,,,,0.1748516319545217,-0.13714218724276012,-0.4491360064400419,-0.48577009665186954,-0.3571883494724245,-0.2853430760543149,-0.3837072239202119,-0.4820713717861088,-0.24781269787107907,0.03396352201265462,0.018854722355880954,-0.2931390968414012,-0.46922040389673847,0.3060858740415383,1.0813921519798169,0.8639484342946846,0.31558805140174906,0.0228741853159487,0.15623784724204356,0.28960150916813837,,,,,,,,,,,,,,,,,,,,,,,,,9,0.3611111111111111,
omnimath-95,processbench,omnimath,omnimath,Llama-3.1-70B-Instruct,,0,final_answer_correct,False,False,,False,3.0,0.5,,7,0.20794643646425126,-0.12625565162242225,-0.3342020880866735,0.4719258785408708,1.9655363661845136,-0.8769157465596459,1.0886206196248678,-0.28825487476204575,-0.10850060457674456,0.4485496759230047,0.7368045506850505,5.796096318068737,0.0576598575570307,4,5,0.8421052631578947,0.15789473684210525,0.7506600949372236,1.21487627124729,0.5796222645290294,0.40495875708243034,0.7222222222222222,0.9444444444444444,0.1770000728881046,0.1869330610290263,0.19123257602070148,0.5,0.5,0,,,,,,,,,,,,,,,,,,,,,,,,,,,,,0.20794643646425126,-0.15367429121038112,-0.5152950188850135,-0.8769157465596459,-0.6141991859640963,-0.2266151677145103,0.1609688505350758,0.2477237441603959,0.18406407547358278,0.12040440678676967,-0.03267774297453385,-0.2751823738103283,-0.5176870046461222,-0.486149337026976,0.0934729275020535,0.6730951920310829,1.0886206196248678,0.6836618625424384,0.2787031054600081,-0.12625565162242225,,,,,,,,,,,,,,,,,,,,,,,,,7,0.38095238095238093,
omnimath-96,processbench,omnimath,omnimath,Qwen2.5-Math-72B-Instruct,,0,final_answer_correct,False,False,,False,0.0,0.0,,7,0.43741145835095685,-0.05968397260313192,-0.49709543095408876,0.5270223758154207,1.8322746869799935,-0.6339178917750103,1.1983567952049832,0.5260323149533351,-0.27823037202535766,-0.35537024670506606,-0.8814025616584011,4.2673698196423695,0.11648754431031437,4,1,0.15789473684210525,0.8421052631578947,0.5742339191718784,1.2580407678081151,0.2536484456180088,0.6020372565204524,0.0,0.2222222222222222,0.12828243283507912,0.2073683447669988,0.22724873875372648,0.3,0.7,0,,,,,,,,,,,,,,,,,,,,,,,,,,,,,0.43741145835095685,0.6910599039689657,0.9447083495869745,1.1983567952049832,0.7389338223742745,0.13689656585382215,-0.4651406906666302,-0.5924920510643494,-0.48250046340070235,-0.37250887573705527,-0.2625172880734082,-0.1525257004097609,-0.04253411274611385,-0.04253411274611363,-0.26251728807340835,-0.4825004634007031,-0.6339178917750103,-0.4425065853843845,-0.2510952789937582,-0.05968397260313192,,,,,,,,,,,,,,,,,,,,,,,,,7,0.38095238095238093,
omnimath-97,processbench,omnimath,omnimath,Qwen2-7B-Instruct,,0,final_answer_correct,False,False,,False,2.0,0.25,,9,-0.06756528941552324,0.4009134845049966,0.46847877392051984,0.5399050720698626,2.0608336899938764,-0.928522674102865,1.1323110158910112,-0.4692952667691648,0.14765015312568286,0.344299947782371,0.8135952145515357,4.987126897625772,0.09393760847423978,3,3,0.7368421052631579,0.2631578947368421,1.3294361586078616,0.7313975313860146,0.3334845728896348,0.6726340836323988,0.9444444444444444,0.8333333333333334,0.16926455496736253,0.21329706863244388,0.22258287407295127,0.45,0.55,0,,,,,,,,,,,,,,,,,,,,,,,,,,,,,-0.06756528941552324,-0.1421885027927302,-0.21681171616993716,-0.43643713181039384,-0.7430638688088004,-0.928522674102865,-0.7504776842839036,-0.5724326944649423,-0.3044605624659169,-0.023641695869739632,0.19799753682292104,0.36045713561206494,0.5396505628665916,0.8359807893788012,1.1323110158910112,0.701918009794764,0.029283926162365193,-0.266055661274273,0.0674289116153618,0.4009134845049966,,,,,,,,,,,,,,,,,,,,,,,,,9,0.3888888888888889,
omnimath-98,processbench,omnimath,omnimath,Qwen2.5-72B-Instruct,,0,final_answer_correct,False,False,,False,1.0,0.1111111111111111,,10,0.12642624995542212,0.7985200213175352,0.6720937713621131,0.4305215449374403,1.3300077596092885,-0.5314877382917532,0.7985200213175352,0.3604295910477779,-0.4007611660716327,-0.03408213363646414,-0.394511724684242,3.5086701114510097,0.1915522833476553,4,2,1.0,0.6842105263157895,1.3300077596092885,0.0,0.5104226271175003,0.34766960924851603,0.9444444444444444,0.3888888888888889,0.13316706440014195,0.18048122764260074,0.20482191899188917,0.45,0.55,0,,,,,,,,,,,,,,,,,,,,,,,,,,,,,0.12642624995542212,0.14576298420185885,0.16509971844829557,0.45059328584090924,0.769356457376795,0.5922658065235251,0.2735026349876394,-0.06453149502333327,-0.4122011042718493,-0.5079989434165733,-0.40229936647826336,-0.3905549690406733,-0.49625454597898316,-0.5314877382917532,-0.42578816135344305,-0.33678385074951617,-0.30621297231593014,-0.22232523291746534,0.288097394200035,0.7985200213175352,,,,,,,,,,,,,,,,,,,,,,,,,10,0.24444444444444444,
omnimath-99,processbench,omnimath,omnimath,Qwen2.5-Math-7B-Instruct,,0,final_answer_correct,False,False,,False,4.0,0.6666666666666666,,7,0.2754006612861858,-0.9186973440933344,-1.1940980053795203,0.5624092062319067,1.8687831786894393,-0.9186973440933344,0.950085834596105,0.08389334487757304,-0.10696177431053831,0.13977223483094203,0.055878889953368996,4.726372890806763,0.2526457461073697,3,3,0.6842105263157895,1.0,0.0,1.8687831786894393,0.5203902776057019,0.49096456724053583,0.5555555555555556,0.9444444444444444,0.12610457334136552,0.2663197513826314,0.23246203123488668,0.6,0.4,0,,,,,,,,,,,,,,,,,,,,,,,,,,,,,0.2754006612861858,0.3131719532749238,0.3509432452636618,0.3887145372523998,0.1031906252072306,-0.24699232764471996,-0.5971752804966706,-0.7027377321513026,-0.6859899332072754,-0.6692421342632481,-0.400673095988384,0.11971718161731792,0.6401074592230189,0.950085834596105,0.8392404055039602,0.7283949764118153,0.554196357628272,0.0632317903877373,-0.42773277685279854,-0.9186973440933344,,,,,,,,,,,,,,,,,,,,,,,,,7,0.47619047619047616,
omnimath-100,processbench,omnimath,omnimath,Qwen2-72B-Instruct,,0,final_answer_correct,False,False,,False,5.0,0.7142857142857143,,8,1.1958686300706731,-0.10291472876815554,-1.2987833588388287,0.4552184572441608,1.9636401792022973,-0.7677715491316243,1.1958686300706731,0.09626182726632372,0.1241988049173088,-0.3974825328369271,-0.4937443601032508,4.260362660132319,0.30485277016264406,5,3,0.0,0.8421052631578947,0.6648568203634687,1.2987833588388287,0.34561440694598566,0.47849913220377904,0.3333333333333333,0.0,0.13019724483268816,0.15517195988492088,0.19725549847172763,0.45,0.55,0,,,,,,,,,,,,,,,,,,,,,,,,,,,,,1.1958686300706731,0.7173694978668941,0.23887036566311504,-0.15787606505033255,-0.35024074203795214,-0.5426054190255717,-0.4275534766225597,-0.08193906967657405,0.2636753372694116,0.2424592056389067,0.16010465091232007,0.09020446643155251,0.09503050342569905,0.09985654041984558,-0.05098322268022751,-0.4093773859059262,-0.7677715491316243,-0.6682606307677009,-0.3855876797679282,-0.10291472876815554,,,,,,,,,,,,,,,,,,,,,,,,,8,0.39285714285714285,
omnimath-101,processbench,omnimath,omnimath,Qwen2-7B-Instruct,,0,final_answer_correct,False,False,,False,1.0,0.14285714285714285,,8,0.4909341780934573,0.6213791171789145,0.13044493908545718,0.5237909186215012,1.7327854116106518,-0.8454731328236402,0.8873122787870116,0.12793236424782475,0.04981187783929269,-0.34983485302327616,-0.47776721727110094,5.192017899965341,0.02512413123350903,3,4,0.42105263157894735,0.8421052631578947,1.4668522500025547,0.2659331616080971,0.5480479040714257,0.5117472183921565,0.9444444444444444,0.5,0.13606006524775763,0.20660823767605216,0.24934820885254388,0.45,0.55,0,,,,,,,,,,,,,,,,,,,,,,,,,,,,,0.4909341780934573,0.16775686232301107,-0.15542045344743516,-0.30706689073583227,-0.029886131819106487,0.2472946270976193,0.4819143582230595,0.6846133185050355,0.8873122787870116,0.47762880020544535,-0.03411841818671124,-0.48311206447564525,-0.555584278145244,-0.6280564918148429,-0.7005287054844419,-0.7730009191540411,-0.8454731328236402,-0.4747166909639369,0.0733312131074888,0.6213791171789145,,,,,,,,,,,,,,,,,,,,,,,,,8,0.42857142857142855,
omnimath-102,processbench,omnimath,omnimath,Qwen2.5-Math-72B-Instruct,,0,final_answer_correct,False,False,,False,2.0,0.6666666666666666,,4,1.4299868528773891,-0.8036053686297049,-2.2335922215070942,0.7545658212147592,2.2335922215070942,-0.8036053686297051,1.4299868528773891,0.8365728151690569,-0.3832499744818225,-0.803605368629705,-1.640178183798762,2.2335922215070942,1.0,0,1,0.0,0.6842105263157895,2.220446049250313e-16,2.2335922215070942,1.1102230246251565e-16,0.19780467923611078,0.7777777777777778,0.0,0.01098914884645066,0.29649942030189347,0.37891803665027285,0.4,0.6,0,,,,,,,,,,,,,,,,,,,,,,,,,,,,,1.4299868528773891,1.2321821736412784,1.0343774944051676,0.8365728151690569,0.6387681359329462,0.44096345669683545,0.24315877746072467,0.0739786998544709,-0.08088907693685427,-0.23575685372817945,-0.39062463051950463,-0.54549240731083,-0.700360184102155,-0.8036053686297051,-0.8036053686297051,-0.803605368629705,-0.803605368629705,-0.803605368629705,-0.8036053686297049,-0.8036053686297049,,,,,,,,,,,,,,,,,,,,,,,,,4,0.8333333333333334,
omnimath-103,processbench,omnimath,omnimath,Qwen2.5-7B-Instruct,,0,final_answer_correct,False,False,,False,2.0,0.15384615384615385,,14,0.5969473296468752,0.05156138305187994,-0.5453859465949953,0.2668638284335662,1.030049490540574,-0.4331021608936986,0.5969473296468752,0.03552444722273261,0.07461831726352323,-0.1556175344733878,-0.1911419816961204,4.021162454707749,0.13562892639577104,5,6,0.0,0.8421052631578947,0.48466354394557853,0.5453859465949953,0.6581101879044929,0.3687870794486803,0.3333333333333333,0.5,0.24309524458739407,0.10669891221657413,0.11483420498840095,0.4,0.6,0,,,,,,,,,,,,,,,,,,,,,,,,,,,,,0.5969473296468752,0.30949788633651826,0.09076028311830894,-0.057196061216338606,-0.06252765418176526,-0.2426232566797368,-0.38618739646473355,0.2719227914397594,0.3847772866747139,0.2000715235913801,-0.1687155558573002,-0.253820266499304,-0.1403473189766334,0.228439760472047,-0.026874371453961543,-0.303620792719969,-0.4331021608936986,-0.19909826984901471,-0.02257099497556305,0.05156138305187994,,,,,,,,,,,,,,,,,,,,,,,,,14,0.13186813186813187,
omnimath-104,processbench,omnimath,omnimath,Qwen2-72B-Instruct,,0,final_answer_correct,False,False,,False,4.0,0.5,,9,0.18150528357453968,0.30017920895749783,0.11867392538295815,0.5152056898485511,1.7359188434876391,-0.7611670583422993,0.9747517851453398,0.5501573335608262,-0.5319449774137188,-0.07623760941903766,-0.6263949429798639,3.6919001180660245,0.03214440304119729,4,2,0.2631578947368421,0.47368421052631576,1.061346267299797,0.6745725761878419,0.26488842343723507,0.7465963599179496,0.16666666666666666,0.2777777777777778,0.14147642341266622,0.21336752218426874,0.22986448035849252,0.45,0.55,0,,,,,,,,,,,,,,,,,,,,,,,,,,,,,0.18150528357453968,0.32920447763216243,0.4769036716897852,0.6978461341096656,0.9627345575469006,0.9747517851453398,0.22815542522739019,-0.5184409346905594,-0.6814862163892348,-0.7611670583422993,-0.6918820576273449,-0.4736312142443711,-0.28583011708763767,-0.3111772435145847,-0.33652436994153173,-0.2778777564130003,-0.19123322956597602,-0.06803940935330977,0.11606989980209403,0.30017920895749783,,,,,,,,,,,,,,,,,,,,,,,,,9,0.4166666666666667,
omnimath-105,processbench,omnimath,omnimath,Qwen2.5-72B-Instruct,,0,final_answer_correct,False,False,,False,5.0,0.8333333333333334,,7,1.4262843686368636,-0.6236548779194677,-2.049939246556331,0.6253571747008495,2.214023799838855,-0.7877394312019911,1.4262843686368636,0.5379276214988991,-0.37349141734446023,-0.33265442953410757,-0.8705820510330067,4.211400058565349,0.48675956167761014,2,3,0.0,0.47368421052631576,0.16408455328252336,2.049939246556331,0.37708358064616465,0.35558250405986025,0.5555555555555556,0.2777777777777778,0.08510117977232166,0.2398182298436511,0.28206188724982983,0.4,0.6,0,,,,,,,,,,,,,,,,,,,,,,,,,,,,,1.4262843686368636,1.1512654358861203,0.876246503135377,0.6012275703846338,0.2590723282096264,-0.0965101758502338,-0.45209267991009405,-0.6248999937480334,-0.7063197124750122,-0.7877394312019911,-0.6399075002423986,-0.26282391959623397,0.1142596610499298,0.2929909748025178,0.07501775476795242,-0.14295546526661296,-0.3403395554335249,-0.4347779962621724,-0.52921643709082,-0.6236548779194677,,,,,,,,,,,,,,,,,,,,,,,,,7,0.5714285714285714,
omnimath-106,processbench,omnimath,omnimath,Llama-3.1-8B-Instruct,,0,final_answer_correct,False,False,,False,1.0,0.16666666666666666,,7,0.4709763488020116,0.3034335807687885,-0.1675427680332231,0.48243933965153357,1.4319235876200476,-0.7013035251880961,0.7306200624319514,0.5203220297151243,-0.337793915632696,-0.34881085758227154,-0.8691328872973958,2.696304407206872,0.06213792759652917,2,2,0.15789473684210525,0.8421052631578947,1.0047371059568846,0.4271864816631629,0.3349123686522951,0.19141130639062606,0.9444444444444444,0.4444444444444444,0.051458645355209276,0.19948142651159215,0.24023984385742372,0.45,0.55,0,,,,,,,,,,,,,,,,,,,,,,,,,,,,,0.4709763488020116,0.5575242533453248,0.6440721578886381,0.7306200624319514,0.5941245989422663,0.41302046184598146,0.2319163247496966,0.043940741457184296,-0.1474705649334417,-0.3388818713240678,-0.4448042012786437,-0.4652375547971695,-0.48567090831569526,-0.5264330502370386,-0.6078527689640175,-0.6892724876909965,-0.7013035251880961,-0.3663911565358017,-0.031478787883506554,0.3034335807687885,,,,,,,,,,,,,,,,,,,,,,,,,7,0.38095238095238093,
omnimath-107,processbench,omnimath,omnimath,Qwen2.5-Math-7B-Instruct,,0,final_answer_correct,False,False,,False,3.0,0.5,,7,1.2361508964660843,0.4530711147657666,-0.7830797817003177,0.5197788985651519,2.10378672413442,-0.8676358276683357,1.2361508964660843,-0.06026710971002187,-0.3770672763205577,0.21386871155640397,0.2741358212664258,3.4244936665685226,0.22867023798148658,1,2,0.0,0.3157894736842105,1.3207069424341022,0.7830797817003177,0.19141130639062598,0.5336401310598793,0.4444444444444444,0.1111111111111111,0.051431215606385985,0.1710006051795075,0.25990702682328914,0.4,0.6,0,,,,,,,,,,,,,,,,,,,,,,,,,,,,,1.2361508964660843,0.7025107654062053,0.1688706343463262,-0.3647694967135531,-0.5754525506484748,-0.7215441891584052,-0.8676358276683357,-0.7887255029112286,-0.5973141965206028,-0.4059028901299768,-0.28670427851057867,-0.23971836166240815,-0.19273244481423776,-0.12837325969487093,-0.029267538033110885,0.06983818362864919,0.16824969710567628,0.2631901696590396,0.3581306422124031,0.4530711147657666,,,,,,,,,,,,,,,,,,,,,,,,,7,0.47619047619047616,
omnimath-108,processbench,omnimath,omnimath,Llama-3.1-8B-Instruct,,0,final_answer_correct,False,False,,False,2.0,0.3333333333333333,,7,0.6179298806939075,-0.15250897416768455,-0.7704388548615921,0.5970279730172559,2.180448595837018,-1.0817156349156358,1.0987329609213825,0.6557222080420845,-0.16725828624304895,-0.6515273660508437,-1.3072495740929282,3.5904583368124454,0.21457952790104678,2,1,0.15789473684210525,0.8421052631578947,0.9292066607479512,1.2512419350890671,0.30973555358265065,0.40356417389176635,1.0,0.2222222222222222,0.10536681677448019,0.230402151958251,0.2548979891438417,0.3,0.7,0,,,,,,,,,,,,,,,,,,,,,,,,,,,,,0.6179298806939075,0.7781975741030658,0.938465267512224,1.0987329609213825,0.7891407649131035,0.3855765910213371,-0.01798758287042923,-0.15250897416768486,-0.1525089741676848,-0.15250897416768475,-0.1525089741676847,-0.15250897416768464,-0.15250897416768458,-0.2557541586952344,-0.5654897122778852,-0.875225265860536,-1.0817156349156358,-0.7719800813329858,-0.4622445277503352,-0.15250897416768455,,,,,,,,,,,,,,,,,,,,,,,,,7,0.42857142857142855,
omnimath-109,processbench,omnimath,omnimath,Qwen2.5-72B-Instruct,,0,final_answer_correct,False,False,,False,1.0,0.125,,9,-0.06233658403142711,1.1003862634260924,1.1627228474575195,0.5154202098582478,1.8297064483077115,-0.7293201848816191,1.1003862634260924,0.3621451472786425,-0.367195575406383,-0.09854822372677312,-0.46069337100541563,4.611468099371541,0.2521372418505893,4,3,1.0,0.7368421052631579,1.8297064483077115,0.0,0.649538801499167,0.3633286480749824,0.9444444444444444,0.4444444444444444,0.14513724400496417,0.21237013666468202,0.2437022536274231,0.45,0.55,0,,,,,,,,,,,,,,,,,,,,,,,,,,,,,-0.06233658403142711,0.19385931807242346,0.45005522017627403,0.5538746299894528,0.5662681444282287,0.5225914038907981,0.3107038984247476,0.09881639295869715,-0.24558211229016874,-0.6089107603651511,-0.6680652853605962,-0.423045687276503,-0.23928098871343323,-0.48430058679752597,-0.7293201848816191,-0.6805834967389958,-0.5339280465208001,-0.19869133957224155,0.4508474619269255,1.1003862634260924,,,,,,,,,,,,,,,,,,,,,,,,,9,0.4722222222222222,
omnimath-110,processbench,omnimath,omnimath,Llama-3.1-70B-Instruct,,0,final_answer_correct,False,False,,False,3.0,0.25,,13,-0.09768506886961545,0.18355398608641846,0.2812390549560339,0.31794509862932774,1.1514735287827342,-0.6482641017971469,0.5032094269855873,-0.23102843925804326,0.2093742071116717,0.05575344380321351,0.28678188306125674,5.720987620409295,0.049159179081725284,9,7,0.6842105263157895,0.10526315789473684,0.8318180878835654,0.31965544089916886,0.5847957174289874,0.6683995966309203,0.3888888888888889,0.8888888888888888,0.4446992369061481,0.1359913759859956,0.1268443240962616,0.55,0.45,0,,,,,,,,,,,,,,,,,,,,,,,,,,,,,-0.09768506886961545,-0.5696099542360709,-0.6482641017971469,-0.17633921643069184,0.09775922114105126,0.14526272899812986,-0.3683226836119585,-0.09804657581404402,0.48674914161494337,0.22002220274171896,0.042946506487501555,-0.04447794714770875,0.35521669491370345,0.5032094269855873,0.05923123076993697,0.21849477256910418,0.4073816074118165,-0.2610179892191038,-0.27312294479889127,0.18355398608641846,,,,,,,,,,,,,,,,,,,,,,,,,13,0.20512820512820512,
omnimath-111,processbench,omnimath,omnimath,Llama-3.1-8B-Instruct,,0,final_answer_correct,False,False,,False,9.0,0.8181818181818182,,12,0.5875489649691866,0.4040504151790478,-0.18349854979013885,0.36567758829872093,1.4526313974618779,-0.8650824324926912,0.5875489649691866,-0.05781063898864659,-0.1384271706305,0.18242681723306584,0.24023745622171244,5.285300435776109,0.03471866018212329,7,4,0.0,0.3684210526315789,1.269132847671739,0.18349854979013885,0.5678485149015258,0.6546961861700165,0.2222222222222222,0.3333333333333333,0.26039248830585143,0.1450831174053492,0.15903830560213073,0.6,0.4,0,,,,,,,,,,,,,,,,,,,,,,,,,,,,,0.5875489649691866,0.05996582171809495,-0.36377820590467996,-0.510617925185276,-0.26762769854835133,0.30022081635317444,-0.21038624632267483,-0.8650824324926912,-0.5641019034324286,-0.2997338965768907,-0.09943780357962195,0.14923262363303322,0.4255455275401941,0.2845876904949054,0.14606358766136518,0.20626312220930038,0.1690106308197865,0.01481570830533338,0.1543574392235618,0.4040504151790478,,,,,,,,,,,,,,,,,,,,,,,,,12,0.24242424242424243,
omnimath-112,processbench,omnimath,omnimath,Qwen2.5-7B-Instruct,,0,final_answer_correct,False,False,,False,1.0,0.25,,5,0.5132644082547018,-0.9908129885215722,-1.504077396776274,0.6575089828627886,2.2195054710060704,-0.9908129885215722,1.2286924824844985,-0.26274901584731697,0.7409143767562334,-0.41124379553987195,-0.14849477969255498,5.695575153823839,0.2640782284764483,2,3,0.5263157894736842,1.0,0.0,2.2195054710060704,0.4950263699291533,0.3166478730055313,0.4444444444444444,0.1111111111111111,0.08904960888217392,0.3035007887011373,0.2595160510449782,0.5,0.5,0,,,,,,,,,,,,,,,,,,,,,,,,,,,,,0.5132644082547018,0.1966165352491705,-0.12003133775636077,-0.4366792107618921,-0.7533270837674233,-0.8670563960392839,-0.3720300261101308,0.12299634381902225,0.6180227137481753,1.1130490836773286,1.2286924824844985,0.9649529101696838,0.7012133378548697,0.43747376554005557,0.17373419322524097,-0.06566579806421709,-0.29695259567855564,-0.5282393932928943,-0.7595261909072333,-0.9908129885215722,,,,,,,,,,,,,,,,,,,,,,,,,5,0.8,
omnimath-113,processbench,omnimath,omnimath,Llama-3.1-8B-Instruct,,0,final_answer_correct,False,False,,False,5.0,0.625,,9,0.8124544148443442,0.7316028919500708,-0.08085152289427344,0.4207291278409371,1.3636353619095938,-0.5511809470652497,0.8124544148443442,0.23426588641669518,-0.2505456323169758,-0.13816232331473696,-0.37242820973143215,4.066174481293558,0.01988392855895166,5,2,0.0,0.7894736842105263,1.2827838390153206,0.08085152289427344,0.48560104035435453,0.30228836938941483,1.0,0.16666666666666666,0.15056616906002984,0.15665245844351783,0.20379906650303709,0.3,0.7,0,,,,,,,,,,,,,,,,,,,,,,,,,,,,,0.8124544148443442,0.6439999026239864,0.47554539040362853,0.22344471745261005,-0.07884365193680481,-0.27649654739772705,-0.16024302107317068,-0.0439894947486143,-0.2436886682740458,-0.48852394177804725,-0.4776553064662238,-0.21108276233857481,-0.011153354242838226,-0.27772589837048667,-0.5442984424981356,-0.5511809470652497,-0.4715001051121853,-0.23959918875863817,0.24600185159571625,0.7316028919500708,,,,,,,,,,,,,,,,,,,,,,,,,9,0.3055555555555556,
omnimath-114,processbench,omnimath,omnimath,Qwen2.5-72B-Instruct,,0,final_answer_correct,False,False,,False,8.0,0.8,,11,-0.06849002646256687,0.4197037968432263,0.48819382330579314,0.29160976812682154,0.9487125012347063,-0.4843769493763346,0.4643355518583717,0.09631261083686257,-0.048609318815997234,-0.08030042106859996,-0.17661303190546251,4.619816870387231,0.10567384747111695,6,7,0.5263157894736842,0.7894736842105263,0.9040807462195608,0.044631755015145436,0.7273809957875994,0.7273809957875993,0.4444444444444444,0.5555555555555556,0.2962368586569043,0.1200965669081917,0.12749054102146878,0.5,0.5,0,,,,,,,,,,,,,,,,,,,,,,,,,,,,,-0.06849002646256687,0.01630963098130235,0.1098437686893342,0.28198822877482976,0.36831497333735347,0.11137085580798872,-0.1451491552702036,-0.40067958462899367,-0.26304544392922885,0.4643355518583705,0.4643355518583717,-0.2630454439292276,-0.34513516364046903,0.00296930069919632,-0.13627248503666828,-0.4843769493763346,-0.34957349875723664,-0.0940430693984472,0.1627596793138607,0.4197037968432263,,,,,,,,,,,,,,,,,,,,,,,,,11,0.18181818181818182,
omnimath-115,processbench,omnimath,omnimath,Qwen2.5-Math-7B-Instruct,,0,final_answer_correct,False,False,,False,1.0,0.16666666666666666,,7,1.2017410925230152,-0.6050771577350381,-1.8068182502580532,0.6558059250012219,1.806818250258054,-0.6050771577350388,1.2017410925230152,0.794626812107297,-0.39673018400803944,-0.5688906160786035,-1.3635174281859004,2.186776937650622,0.826247167303319,2,1,0.0,0.8421052631578947,6.661338147750939e-16,1.8068182502580532,0.08141971872697895,0.3027224644561535,0.5555555555555556,0.2777777777777778,0.0474824105763881,0.278119384237554,0.3095227492263949,0.35,0.65,0,,,,,,,,,,,,,,,,,,,,,,,,,,,,,1.2017410925230152,1.1253006790777775,1.04886026563254,0.9724198521873024,0.7074110628996348,0.4046885984434815,0.10196613398732801,-0.12654889175847375,-0.3179601981490997,-0.5093715045397257,-0.5643672983715494,-0.48294757964457047,-0.40152786091759174,-0.37438795467526537,-0.45580767340224426,-0.5372273921292232,-0.6050771577350388,-0.6050771577350386,-0.6050771577350383,-0.6050771577350381,,,,,,,,,,,,,,,,,,,,,,,,,7,0.42857142857142855,
omnimath-116,processbench,omnimath,omnimath,Qwen2.5-7B-Instruct,,0,final_answer_correct,False,False,,False,2.0,0.4,,6,1.2106335013938636,-1.1450614169141304,-2.355694918307994,0.5967603981062901,2.355694918307994,-1.1450614169141304,1.2106335013938636,-0.05464477728664262,0.3664570427275883,-0.37873601315893685,-0.3240912358722942,5.416238276843035,0.434931920993893,2,3,0.0,1.0,0.0,2.355694918307994,0.26436403658416663,0.5637160047394565,0.2222222222222222,0.1111111111111111,0.07850065694981721,0.2487948647086232,0.25328137575197324,0.55,0.45,0,,,,,,,,,,,,,,,,,,,,,,,,,,,,,1.2106335013938636,0.6469174966544072,0.08320149191495085,-0.48051451282450564,-0.8786145092992381,-0.6142504727150715,-0.34988643613090487,-0.08552239954673824,0.1411620397642936,0.3113270831656232,0.4814921265669527,0.6516571699682825,0.6176241612880171,0.4474591178866875,0.2772940744853576,0.1071290310840276,-0.1833581753473731,-0.5039259225362918,-0.8244936697252112,-1.1450614169141304,,,,,,,,,,,,,,,,,,,,,,,,,6,0.6666666666666666,
omnimath-117,processbench,omnimath,omnimath,Qwen2.5-Math-72B-Instruct,,0,final_answer_correct,False,False,,False,11.0,0.8461538461538461,,14,0.35350949601638737,0.2893651040726131,-0.06414439194377425,0.26859564544825715,0.8583960517554508,-0.4289710219772592,0.4294250297781915,0.016582268989203015,-0.03810792981152326,0.005833455399298397,-0.010748813589904618,4.345879892205422,0.014759817007096951,5,6,0.3684210526315789,0.8421052631578947,0.7183361260498724,0.1400599257055784,0.44620280033928317,0.7055779362361461,0.2777777777777778,0.8333333333333334,0.26013587913803693,0.11712036184807897,0.12290430651610151,0.45,0.55,0,,,,,,,,,,,,,,,,,,,,,,,,,,,,,0.35350949601638737,0.12974612867305402,-0.005530370464308966,-0.08264502074891669,-0.37196812920472927,-0.17661951084317423,0.26958328949610894,0.4294250297781915,0.13365202458793324,-0.24963139666007536,-0.24963139666007536,-0.24963139666007514,-0.16995055470701065,0.08901218164044902,0.3715070684379549,0.2766069142588869,-0.4289710219772592,-0.36372498491198385,-0.1097823474844215,0.2893651040726131,,,,,,,,,,,,,,,,,,,,,,,,,14,0.13186813186813187,
omnimath-118,processbench,omnimath,omnimath,Llama-3.1-70B-Instruct,,0,final_answer_correct,False,False,,False,2.0,0.6666666666666666,,4,1.4138157767878439,-1.1251580942704322,-2.538973871058276,0.660046117063908,2.538973871058276,-1.1251580942704322,1.4138157767878439,0.6757472735026361,-0.15170349729638796,-0.7379886522921192,-1.4137359257947553,2.538973871058276,1.0,0,1,0.0,1.0,0.0,2.538973871058276,0.0,0.24602283442840278,0.3888888888888889,0.2777777777777778,0.02227170062331831,0.23962760721505122,0.2776088812305001,0.3,0.7,0,,,,,,,,,,,,,,,,,,,,,,,,,,,,,1.4138157767878439,1.1677929423594413,0.9217701079310388,0.6757472735026361,0.4297244390742335,0.18370160464583107,-0.06232122978257171,-0.14432884125870582,-0.14432884125870582,-0.14432884125870582,-0.14432884125870582,-0.14432884125870582,-0.14432884125870582,-0.19595143352248073,-0.3508192103138061,-0.5056869871051315,-0.6605547638964565,-0.8154225406877815,-0.9702903174791069,-1.1251580942704322,,,,,,,,,,,,,,,,,,,,,,,,,4,0.8333333333333334,
omnimath-119,processbench,omnimath,omnimath,Llama-3.1-8B-Instruct,,0,final_answer_correct,False,False,,False,1.0,0.1111111111111111,,10,0.9423104329758328,0.12236745603799641,-0.8199429769378365,0.40976105606697627,1.6555770313752562,-0.7132665983994235,0.9423104329758328,0.2612357138434541,-0.1632042885127933,-0.2077627935010191,-0.46899850734447324,3.9108959306470785,0.20965604594908577,5,4,0.0,0.6842105263157895,0.8356340544374199,0.8199429769378365,0.3567056789089014,0.6303640740176023,0.16666666666666666,0.0,0.1583379084455102,0.16181731251654674,0.1898351517011212,0.45,0.55,0,,,,,,,,,,,,,,,,,,,,,,,,,,,,,0.9423104329758328,0.31194635895823053,-0.3184177150593718,-0.07138645314230413,0.2853192257665973,0.34927962702406684,0.32959852038112725,0.3425203311860442,0.3717436007148894,0.18126069728615007,-0.18498714450865683,-0.4738192431191869,-0.6658816627493698,-0.7132665983994235,-0.47129656608921716,-0.28309765207016824,-0.2830976520701682,-0.2617573832223702,-0.06969496359218691,0.12236745603799641,,,,,,,,,,,,,,,,,,,,,,,,,10,0.26666666666666666,
omnimath-120,processbench,omnimath,omnimath,Qwen2-72B-Instruct,,0,final_answer_correct,False,False,,False,0.0,0.0,,6,1.261987875880775,1.2619878758807748,-2.220446049250313e-16,0.7907177093090231,2.4189029619539855,-1.1569150860732105,1.261987875880775,0.3240940056185294,-0.9728411025733675,0.18122802060695728,-0.14286598501157213,4.837805923907971,4.589779094438416e-17,1,2,0.0,0.5789473684210527,2.418902961953985,2.220446049250313e-16,0.45743968007291347,0.32967446539351797,1.0,0.0,0.04372856363702399,0.2741774649292788,0.44687054268138493,0.35,0.65,0,,,,,,,,,,,,,,,,,,,,,,,,,,,,,1.261987875880775,0.932313410487257,0.6026389450937392,0.2729644797002213,-0.036826281169510096,-0.2670822239440953,-0.49733816671868053,-0.7275941094932659,-0.9000026646774516,-0.9856401384760379,-1.0712776122746241,-1.1569150860732105,-1.0782931544563796,-0.8901649525626032,-0.7020367506688263,-0.5139085487750494,-0.11033116433796447,0.34710851573494794,0.8045481958078613,1.2619878758807748,,,,,,,,,,,,,,,,,,,,,,,,,6,0.9333333333333333,
omnimath-121,processbench,omnimath,omnimath,Llama-3.1-8B-Instruct,,0,final_answer_correct,False,False,,False,1.0,0.14285714285714285,,8,1.320094069120406,-0.5637554192796036,-1.8838494884000094,0.5097929247668401,2.01286130841737,-0.692767239296964,1.320094069120406,0.0711739146270963,-0.09524571399740897,-0.07538958674886577,-0.14656350137596208,4.835809088592846,0.38956241941887404,4,3,0.0,0.2631578947368421,0.12901182001736045,1.8838494884000094,0.40728705468666915,0.5134332634914884,0.6111111111111112,0.0,0.14365919215036152,0.19426262715117887,0.2253046329554481,0.35,0.65,0,,,,,,,,,,,,,,,,,,,,,,,,,,,,,1.320094069120406,0.8066608056289175,0.2932275421374291,-0.15091759522405024,-0.42184241726050714,-0.692767239296964,-0.6562377627155572,-0.38911756217075233,-0.12199736162594743,-0.1732713725735927,-0.2776110854366463,-0.3088612600783105,0.09842579460835865,0.5057128492950278,0.5963486623470914,0.2647828198863473,-0.06678302257439617,-0.2673685674885545,-0.41556199338407906,-0.5637554192796036,,,,,,,,,,,,,,,,,,,,,,,,,8,0.5,
omnimath-122,processbench,omnimath,omnimath,Qwen2.5-72B-Instruct,,0,final_answer_correct,False,False,,False,5.0,0.8333333333333334,,7,0.5814780557706188,1.3241018641739686,0.7426238084033497,0.6352533669580289,2.3228867140806275,-0.9987848499066588,1.3241018641739686,0.3648686196740533,-0.4894958262248648,-0.18891385901433186,-0.5537824786883851,3.9031496197579054,0.1902627059552514,1,2,1.0,0.7894736842105263,2.3228867140806275,0.0,0.7476622063962706,0.2201965206540082,1.0,0.3888888888888889,0.06674285892698253,0.22531052623971579,0.32560420623679937,0.5,0.5,0,,,,,,,,,,,,,,,,,,,,,,,,,,,,,0.5814780557706188,0.49638843175008157,0.4112988077295443,0.32620918370900703,0.2821219917726097,0.24623528625304042,0.21034858073347112,0.0515886651242759,-0.1686078555297323,-0.3888043761837404,-0.5580647601067569,-0.6763890072987814,-0.7947132544908057,-0.891480195088513,-0.9451325224975858,-0.9987848499066588,-0.9188847550148409,-0.17122254861857222,0.576439657777698,1.3241018641739686,,,,,,,,,,,,,,,,,,,,,,,,,7,0.6666666666666666,
omnimath-123,processbench,omnimath,omnimath,Qwen2.5-7B-Instruct,,0,final_answer_correct,False,False,,False,1.0,0.125,,9,0.9760307551872051,0.21133216784403216,-0.7646985873431729,0.5064512450747315,1.773672255037865,-0.7976414998506598,0.9760307551872051,0.4420025698069051,-0.49621452230967705,-0.07695943999220904,-0.5189620097991141,2.9338788805366223,0.26064422509606305,3,2,0.0,0.631578947368421,1.0089736676946919,0.7646985873431729,0.17804498981896172,0.3771078371142219,0.7222222222222222,0.16666666666666666,0.08325284908320488,0.19155986013646323,0.2336218755100961,0.4,0.6,0,,,,,,,,,,,,,,,,,,,,,,,,,,,,,0.9760307551872051,0.9035851698197347,0.8311395844522643,0.5682800917430744,0.19117225462885246,-0.12380406000167521,-0.2523858071811203,-0.38096755436056534,-0.35425198068491326,-0.3053510754585329,-0.39437357036801357,-0.6213194654133558,-0.7976414998506598,-0.6195965100316985,-0.44155152021273675,-0.2731744490947937,-0.10802001754385726,0.029327396754723466,0.12032978229937781,0.21133216784403216,,,,,,,,,,,,,,,,,,,,,,,,,9,0.3055555555555556,
omnimath-124,processbench,omnimath,omnimath,Qwen2.5-Math-7B-Instruct,,0,final_answer_correct,False,False,,False,1.0,0.2,,6,1.438746090604917,-0.9011507108264856,-2.3398968014314026,0.6073292835483883,2.3398968014314026,-0.9011507108264856,1.438746090604917,0.38123734304036966,0.14285492902908023,-0.7340504566620701,-1.1152877997024397,3.9801770550095386,0.5878876163276096,2,3,0.0,1.0,0.0,2.3398968014314026,0.24544105226861307,0.47621546098384115,0.2777777777777778,0.0,0.06951244120660975,0.2261517870133562,0.26293462878766977,0.5,0.5,0,,,,,,,,,,,,,,,,,,,,,,,,,,,,,1.438746090604917,0.9625306296210758,0.4863151686372347,0.01009970765339352,-0.32178445067995726,-0.07634339841134424,0.16909765385726883,0.41453870612588184,0.4983556761091107,0.33973652266426235,0.18111736921941402,0.022498215774565455,-0.14304847164417164,-0.3132135150455013,-0.4833785584468313,-0.6535436018481613,-0.732539579012229,-0.788743289616981,-0.8449470002217333,-0.9011507108264856,,,,,,,,,,,,,,,,,,,,,,,,,6,0.6666666666666666,
omnimath-125,processbench,omnimath,omnimath,Qwen2.5-72B-Instruct,,0,final_answer_correct,False,False,,False,5.0,0.7142857142857143,,8,1.3025869475844067,-0.42532311302164905,-1.7279100606060558,0.4956204811917314,2.2148322875511237,-0.912245339966717,1.3025869475844067,0.2916168566098355,-0.19643382875070234,-0.23372577287504248,-0.525342629484878,5.769785348931672,0.2994756227674907,5,5,0.0,0.5789473684210527,0.4869222269450679,1.7279100606060558,0.6000457949089262,0.6242590096197153,0.6666666666666666,0.0,0.22743473203314568,0.17845670745418868,0.2152603795660048,0.5,0.5,0,,,,,,,,,,,,,,,,,,,,,,,,,,,,,1.3025869475844067,0.6783279379646915,0.05406892834497623,-0.3225420871593547,-0.08003311737522478,0.16247585240890516,0.2464335345004485,0.21147775082255207,0.17652196714465562,-0.19778575357672706,-0.6286521304720241,-0.912245339966717,-0.312199545057791,0.28784624985113516,0.443330143844589,0.006064836617413305,-0.43120047060976163,-0.521709651713348,-0.47351638236749855,-0.42532311302164905,,,,,,,,,,,,,,,,,,,,,,,,,8,0.4642857142857143,
omnimath-126,processbench,omnimath,omnimath,Qwen2.5-72B-Instruct,,0,final_answer_correct,False,False,,False,1.0,0.2,,6,1.0581567748215215,-0.12555970911244,-1.1837164839339616,0.607192582004899,1.9603752061745305,-0.902218431353009,1.0581567748215215,-0.17520124764866654,-0.4305937760885802,0.494063284636997,0.6692645322856635,5.327810042611132,0.2221769309466274,4,3,0.0,0.21052631578947367,0.7766587222405691,1.1837164839339616,0.4602930486046023,0.5226126971343182,0.7777777777777778,0.0,0.1184379354630057,0.23886013844790735,0.3026694113648446,0.45,0.55,0,,,,,,,,,,,,,,,,,,,,,,,,,,,,,1.0581567748215215,0.5355440776872032,0.012931380552885008,-0.5096813165814331,-0.902218431353009,-0.7744532166736141,-0.6466880019942192,-0.5189227873148241,-0.46474514274908796,-0.5209488533538403,-0.5771525639585926,-0.6333562745633451,-0.37966192964248624,0.08063111896211483,0.5409241675667168,1.001217216171319,0.8366788711544126,0.5159326777321289,0.19518648430984442,-0.12555970911244,,,,,,,,,,,,,,,,,,,,,,,,,6,0.6,
omnimath-127,processbench,omnimath,omnimath,Qwen2.5-Math-7B-Instruct,,0,final_answer_correct,False,False,,False,3.0,0.25,,13,0.04251648460723197,-0.25680821123575825,-0.2993246958429902,0.3212571955138697,1.1519059922765758,-0.6029353103194861,0.5489706819570896,-0.24653514217927505,0.23029919273129837,0.0016371640729085184,0.24817230625218356,3.78753957364177,0.07902879693351574,8,5,0.6842105263157895,0.2631578947368421,0.34612709908372785,0.8057788931928479,0.5469079422988219,0.36034412113743886,0.4444444444444444,1.0,0.2668015968831044,0.1322412104281774,0.1374326435130967,0.45,0.55,0,,,,,,,,,,,,,,,,,,,,,,,,,,,,,0.04251648460723197,-0.0024674132173073127,-0.11000265125421316,-0.3051097655884321,-0.5276346419444846,-0.6029353103194861,-0.22011269753823426,-0.19571461595837214,-0.29205195611923346,0.2548559861795884,0.460549964666743,0.3250299793422293,0.510454309051044,0.5489706819570896,0.23531762943335532,-0.03906474937355939,-0.19675085771285314,0.16359326342458597,0.10353590990168057,-0.25680821123575825,,,,,,,,,,,,,,,,,,,,,,,,,13,0.16666666666666666,
omnimath-128,processbench,omnimath,omnimath,Qwen2.5-72B-Instruct,,0,final_answer_correct,False,False,,False,1.0,0.1111111111111111,,10,0.8493380001333842,-0.3167465362730492,-1.1660845364064334,0.43274260432623035,1.6260393092522554,-0.7767013091188713,0.8493380001333842,0.48489319483999926,-0.10029688803886647,-0.4954142407294213,-0.9803074355694206,3.2216297195644032,0.361954860710715,5,3,0.0,0.8947368421052632,0.45995477284582204,1.1660845364064334,0.2299773864229111,0.25540424592048416,0.9444444444444444,0.0,0.11491548405281543,0.17220198197198405,0.18621754681041397,0.45,0.55,0,,,,,,,,,,,,,,,,,,,,,,,,,,,,,0.8493380001333842,0.5939337542129001,0.3385295082924159,0.4320009163690262,0.5690817811952732,0.420672895049953,0.1906955086270422,-0.0472769750540656,-0.28924700736427184,-0.27432523087047167,-0.05389000733346644,0.048018538466033836,0.001768737093652592,-0.0871262712094761,-0.2613116933741003,-0.43946978164218214,-0.631532201272365,-0.7767013091188713,-0.5467239226959602,-0.3167465362730492,,,,,,,,,,,,,,,,,,,,,,,,,10,0.26666666666666666,
omnimath-129,processbench,omnimath,omnimath,Llama-3.1-70B-Instruct,,0,final_answer_correct,False,False,,False,2.0,0.2,,11,0.8026722896546303,-0.0910105954351021,-0.8936828850897325,0.354280144264286,1.4858129602466599,-0.6831406705920295,0.8026722896546303,0.06441558383338966,-0.006565123771525865,-0.11743337492968502,-0.18184895876307466,5.111110444634013,0.1748510220568567,5,5,0.0,0.8947368421052632,0.5921300751569274,0.8936828850897325,0.4487561700487101,0.692684070884364,0.7777777777777778,0.8888888888888888,0.2627088811129032,0.13559216781943162,0.1505745192766848,0.45,0.55,0,,,,,,,,,,,,,,,,,,,,,,,,,,,,,0.8026722896546303,0.43694592012200617,0.08807147967730707,-0.10913559897606696,-0.2669012618987663,-0.2669012618987664,-0.2338424798466163,-0.123646539672782,0.08352689619245146,0.4361665755947843,0.35579411892366325,-0.15759047382091307,-0.3395764441315796,-0.3006299994863054,0.025183252941372802,0.4739394229900829,0.00954340029233447,-0.6831406705920295,-0.4391150597747686,-0.0910105954351021,,,,,,,,,,,,,,,,,,,,,,,,,11,0.21818181818181817,
omnimath-130,processbench,omnimath,omnimath,Qwen2-7B-Instruct,,0,final_answer_correct,False,False,,False,1.0,0.1111111111111111,,10,-0.36691079107471203,0.4062790971587696,0.7731898882334816,0.47920939849407973,1.4491186182339724,-0.5492323478686667,0.8998862703653057,-0.1796162283262058,-0.3685246784064166,0.6360443643385809,0.8156605926647867,3.5347641144353226,0.21873875121565173,4,3,0.8947368421052632,0.5789473684210527,0.9555114450274362,0.4936071732065361,0.6067581373241366,0.24680358660326807,0.7222222222222222,0.9444444444444444,0.14649146371769914,0.2065896035043966,0.20762561155924017,0.45,0.55,0,,,,,,,,,,,,,,,,,,,,,,,,,,,,,-0.36691079107471203,-0.4532736337665853,-0.5396364764584586,-0.21301858104013122,0.16522190664197112,0.14328721639318567,0.007016761021289397,-0.10887310872821593,-0.21457268566652576,-0.33725608395682805,-0.47352653932872424,-0.5492323478686667,-0.5492323478686667,-0.34697963542728866,0.25977850189684804,0.752291749541356,0.8449478833071685,0.8998862703653057,0.6530826837620376,0.4062790971587696,,,,,,,,,,,,,,,,,,,,,,,,,10,0.28888888888888886,
omnimath-131,processbench,omnimath,omnimath,Qwen2.5-Math-7B-Instruct,,0,final_answer_correct,False,False,,False,0.0,0.0,,5,-0.6591673732008658,1.5380572041353537,2.1972245773362196,0.6064390995071443,2.1972245773362196,-0.6591673732008658,1.5380572041353537,-0.06442989362113734,-0.5104830033059337,0.4008971158648538,0.46532700948599115,4.278805755865269,0.5135135135135136,2,3,1.0,0.0,2.1972245773362196,0.0,0.46257359522867825,0.2312867976143389,0.9444444444444444,0.3888888888888889,0.06424633267064975,0.21047098582904827,0.291421364994067,0.4,0.6,0,,,,,,,,,,,,,,,,,,,,,,,,,,,,,-0.6591673732008658,-0.427880575586527,-0.19659377797218813,0.03469301964215066,0.26597981725648956,0.38162321606365907,0.15033641844932022,-0.08095037916501857,-0.3122371767793575,-0.5435239743936963,-0.6591673732008658,-0.6591673732008658,-0.6591673732008658,-0.6591673732008658,-0.6591673732008658,-0.31223717677935736,0.1503364184493199,0.6129100136779972,1.0754836089066755,1.5380572041353537,,,,,,,,,,,,,,,,,,,,,,,,,5,0.7,
omnimath-132,processbench,omnimath,omnimath,Llama-3.1-70B-Instruct,,0,final_answer_correct,False,False,,False,0.0,0.0,,9,1.1753518065384154,-0.35101276375705737,-1.5263645702954727,0.4067774769330793,1.6976245834428658,-0.5222727769044504,1.1753518065384154,0.24798837627140974,0.04397522899647117,-0.4164426547313346,-0.6644310310027444,3.2603418330907825,0.4681609010453021,3,3,0.0,0.7368421052631579,0.17126001314739303,1.5263645702954727,0.4008188956141926,0.7410439669376749,0.16666666666666666,0.0,0.1386340140294242,0.14904423333956762,0.1717897679152097,0.5,0.5,0,,,,,,,,,,,,,,,,,,,,,,,,,,,,,1.1753518065384154,0.4343078396007405,-0.30673612733693445,-0.3341158051796923,0.06670309043450029,0.3616128130705697,0.33879501677226925,0.31597722047396876,0.20061596715466706,0.07203421997522225,0.007743346385499737,0.00774334638549962,-0.02343407263155621,-0.2728534247680031,-0.5222727769044504,-0.51085450403914,-0.4124903561732437,-0.3510127637570582,-0.3510127637570578,-0.35101276375705737,,,,,,,,,,,,,,,,,,,,,,,,,9,0.3333333333333333,
omnimath-133,processbench,omnimath,omnimath,Qwen2.5-72B-Instruct,,0,final_answer_correct,False,False,,False,5.0,0.5,,11,0.7943560092838294,0.3080275844897504,-0.48632842479407906,0.37083501065432595,1.3465296900171912,-0.5521736807333617,0.7943560092838294,-0.07752113126805078,0.23993129133068614,-0.2668387722677117,-0.18931764099966092,3.877394141895011,0.12542661565904006,3,4,0.0,0.8947368421052632,0.8602012652231121,0.48632842479407906,0.4527375080121648,0.577179357225003,1.0,0.0,0.12027077691891724,0.15114750240737712,0.17435557806576824,0.45,0.55,0,,,,,,,,,,,,,,,,,,,,,,,,,,,,,0.7943560092838294,0.2171766520588264,-0.3061794139082038,-0.3451258585534779,-0.36617321963601535,-0.31562424646760634,-0.22107784165370795,-0.02387076300033386,0.18770877101554057,0.42084698807516563,0.46915837369133867,0.332642927864059,0.2062983611520759,0.08673438051695684,-0.17130702785349844,-0.4886959052533842,-0.5521736807333616,-0.5521736807333617,-0.1447099235224144,0.3080275844897504,,,,,,,,,,,,,,,,,,,,,,,,,11,0.2545454545454545,
omnimath-134,processbench,omnimath,omnimath,Qwen2.5-7B-Instruct,,0,final_answer_correct,False,False,,False,7.0,0.7777777777777778,,10,0.7369456959697277,-0.8114879321897865,-1.5484336281595144,0.3494585947662586,1.5484336281595144,-0.8114879321897865,0.7369456959697277,0.00957423053687606,-0.03926748685013006,0.04118092501634548,0.03160669447946942,4.77700525270972,0.32414317051068287,6,7,0.0,1.0,0.0,1.5484336281595144,0.26508116270625326,0.6277689837688283,0.7222222222222222,0.0,0.20542411543842065,0.13797808415330776,0.13601644635804302,0.55,0.45,0,,,,,,,,,,,,,,,,,,,,,,,,,,,,,0.7369456959697277,0.10917671220089942,-0.5185922715679289,-0.4022076003615871,-0.1928037222833488,0.04456868931343161,0.28993211048693845,0.13230043446247203,-0.226828790160981,-0.24200133377632616,0.017991467414815054,0.10332187796293202,-0.029675699792731852,-0.029980364061090517,0.23510079864516273,0.43045785441988677,0.38178053593426153,0.27798550625562773,-0.2667512129670794,-0.8114879321897865,,,,,,,,,,,,,,,,,,,,,,,,,10,0.28888888888888886,
omnimath-135,processbench,omnimath,omnimath,Llama-3.1-70B-Instruct,,0,final_answer_correct,False,False,,False,2.0,0.10526315789473684,,20,0.46815949407805535,0.19486615907837457,-0.2732933349996808,0.29187966536383086,0.9870598027623622,-0.5189003086843068,0.46815949407805535,0.14718440422358836,-0.07545600142757956,-0.0836831365953436,-0.23086754081893196,8.506199139544085,0.0321287252410045,13,14,0.0,0.5263157894736842,0.7137664677626814,0.2732933349996808,0.8292793548845252,0.7282385003712151,0.5555555555555556,0.3333333333333333,0.8208058696868061,0.12384579856433524,0.12384579856433527,0.55,0.45,0,,,,,,,,,,,,,,,,,,,,,,,,,,,,,0.46815949407805535,0.2387853930132099,-0.1824280720630937,-0.00010651526913905141,0.25582685886806145,-0.1134352005761421,0.36348887151416664,-0.3647496288570485,0.04071547925111577,0.1742468718756384,-0.5189003086843068,0.3103790462002184,-0.3647496288570485,0.19486615907837437,-0.5189003086843064,-0.04889667943857117,0.04071547925111577,0.19486615907837418,-0.36474962885704865,0.19486615907837457,,,,,,,,,,,,,,,,,,,,,,,,,20,0.09473684210526316,
omnimath-136,processbench,omnimath,omnimath,Qwen2.5-Math-7B-Instruct,,0,final_answer_correct,False,False,,False,9.0,0.6,,16,0.4339800538564592,0.049530644569358066,-0.38444940928710114,0.2609988328951984,1.1752565438677305,-0.5283071612042108,0.6469493826635195,0.0566729479038817,-0.07638759566605159,0.03728079733802225,-0.019392150565859453,4.584461419709579,0.08385923101768748,7,6,0.2631578947368421,0.47368421052631576,0.5778378057735689,0.5974187380941615,0.6267050735384707,0.6868083355806327,0.5,0.0,0.3238800542967125,0.10277514195077417,0.09849102946612696,0.6,0.4,0,,,,,,,,,,,,,,,,,,,,,,,,,,,,,0.4339800538564592,-0.2528282817241735,-0.34940616733441604,-0.1885872872960252,0.09046618142868956,0.6469493826635195,0.016136753733118292,-0.14370215829798655,-0.2430807582273257,-0.5283071612042108,0.09839791233425987,0.14310565824060362,0.08934269292294027,0.04953064456935823,0.06312771479089305,0.2670837681139174,0.10785143179236642,-0.09875490758382942,-0.165153867654572,0.049530644569358066,,,,,,,,,,,,,,,,,,,,,,,,,16,0.11666666666666667,
omnimath-137,processbench,omnimath,omnimath,Llama-3.1-70B-Instruct,,0,final_answer_correct,False,False,,False,6.0,0.8571428571428571,,8,1.0986380994525595,-0.3529462048159364,-1.451584304268496,0.5364237374909671,1.7553893798999032,-0.6567512804473435,1.0986380994525595,0.32014917300737583,0.013038411525309181,-0.48344968748490896,-0.8035988604922848,3.8269926779814707,0.3793015629792444,3,3,0.0,0.3157894736842105,0.30380507563140713,1.451584304268496,0.3262697207604841,0.5871334894828062,0.3333333333333333,0.2222222222222222,0.13149866027107804,0.20977593247275497,0.23819518413178783,0.4,0.6,0,,,,,,,,,,,,,,,,,,,,,,,,,,,,,1.0986380994525595,0.9703608235489837,0.8420835476454078,0.5827044964334804,-0.004428993049325647,-0.5915624825321318,-0.6567512804473435,-0.33048155968685944,-0.004211838926375333,0.13753492541983459,0.24852786369699872,0.3023690631999786,0.013299830057855233,-0.2757694030842681,-0.4657597442583558,-0.5236448961417288,-0.5815300480251016,-0.533562752840242,-0.4432544788280892,-0.3529462048159364,,,,,,,,,,,,,,,,,,,,,,,,,8,0.5,
omnimath-138,processbench,omnimath,omnimath,Qwen2.5-Math-7B-Instruct,,0,final_answer_correct,False,False,,False,2.0,0.4,,6,0.9149673697947229,0.5063022589558879,-0.40866511083883506,0.6609192365067768,1.846377578002405,-0.9314102082076819,0.9149673697947229,-0.1336563623927204,-0.6884164206757164,0.6349357000051415,0.7685920623978619,3.929350746490451,0.10400321508682812,2,2,0.0,0.5789473684210527,1.43771246716357,0.40866511083883506,0.493421626219017,0.42186012214437385,0.7777777777777778,0.1111111111111111,0.09218721294180217,0.26444679714909486,0.36169156122150525,0.45,0.55,0,,,,,,,,,,,,,,,,,,,,,,,,,,,,,0.9149673697947229,0.4931072476503492,0.07124712550597545,-0.3506129966383984,-0.6881010943538973,-0.6881010943538973,-0.6881010943538973,-0.6881010943538973,-0.7167256959837542,-0.7882872000583968,-0.8598487041330394,-0.9314102082076819,-0.6639818341061304,-0.17056020788711468,0.3228614183319021,0.816283044550919,0.8289326096181262,0.7213891593973802,0.6138457091766341,0.5063022589558879,,,,,,,,,,,,,,,,,,,,,,,,,6,0.4666666666666667,
omnimath-139,processbench,omnimath,omnimath,Qwen2.5-Math-72B-Instruct,,0,final_answer_correct,False,False,,False,10.0,0.7692307692307693,,14,0.08689641519117224,-0.22996114639453835,-0.3168575615857106,0.2965983841640124,0.9344893208253202,-0.4635759975760453,0.4709133232492749,0.051818998803930164,0.019406547274634485,-0.07568314939043479,-0.12750214819436495,5.504403599496176,0.05756437656837389,7,7,0.3684210526315789,0.5789473684210527,0.23361485118150693,0.7008744696438132,0.6071021860532488,0.6277498157961402,0.6666666666666666,0.16666666666666666,0.3864414670689963,0.13387151005608683,0.1316475137457196,0.55,0.45,0,,,,,,,,,,,,,,,,,,,,,,,,,,,,,0.08689641519117224,0.108414242816043,0.2419725311326313,0.4056160550647646,-0.22213376073137558,-0.2855310077570839,0.027498515911359496,0.4709133232492749,0.3900101137780443,0.05187566596800745,-0.3669288106615346,-0.4635759975760453,-0.27677532494427703,0.3303268611089718,-0.08997465231250673,-0.41377547135538006,-0.2842941031816505,0.252975758866582,0.31093071803488476,-0.22996114639453835,,,,,,,,,,,,,,,,,,,,,,,,,14,0.16483516483516483,
omnimath-140,processbench,omnimath,omnimath,Llama-3.1-70B-Instruct,,0,final_answer_correct,False,False,,False,4.0,0.13793103448275862,,30,0.16608584460686326,-0.1371004143808767,-0.30318625898774,0.14901776232147462,0.5503344138114779,-0.3512201998229303,0.19911421398854756,0.006671100965648451,-0.0357116833458935,0.0418571325207119,0.03518603155506345,3.013555154045796,0.10060750292912428,8,7,0.21052631578947367,0.3684210526315789,0.2141197854420536,0.3362146283694243,0.4514498197360112,0.3176739750581551,0.3888888888888889,0.0,0.23408773026608756,0.06249419152178248,0.06010125559865469,0.6,0.4,0,,,,,,,,,,,,,,,,,,,,,,,,,,,,,0.16608584460686326,-0.1515881304512918,-0.1488305184506234,-0.017435653085953517,0.19911421398854756,0.06881162386700285,-0.0694596737150058,-0.3512201998229303,0.10022961991308092,0.10383776540371102,0.1038377654037112,0.11972378774758485,-0.037229678260790794,-0.28916084380562146,0.08359374901973982,0.017050265446375754,0.001664458396766248,0.1624479810900781,0.12348675555218815,-0.1371004143808767,,,,,,,,,,,,,,,,,,,,,,,,,30,0.052873563218390804,
omnimath-141,processbench,omnimath,omnimath,Qwen2-72B-Instruct,,0,final_answer_correct,False,False,,False,4.0,0.4444444444444444,,10,0.696476823625189,-0.3331425935559692,-1.0296194171811583,0.45304722230295413,1.4966484145251533,-0.5108626597462136,0.9857857547789397,0.4156495000917083,-0.3290544665200786,-0.1328989628571837,-0.548548462948892,3.644330362248223,0.28252636694165567,5,3,0.10526315789473684,0.6842105263157895,0.17772006619024439,1.318928348334909,0.24197003231020614,0.3903988940366916,0.3888888888888889,0.16666666666666666,0.13346868148426563,0.18215513888340426,0.19171656599048897,0.35,0.65,0,,,,,,,,,,,,,,,,,,,,,,,,,,,,,0.696476823625189,0.8411312892020644,0.9857857547789397,0.6548372340326443,0.2644383399959527,-0.0927266658721578,-0.4403962751206737,-0.39497278999670826,-0.15300275768650212,-0.12116632964413063,-0.25743678501602685,-0.38012018330632924,-0.4858197602446389,-0.5108626597462136,-0.37459220437431723,-0.2174979865466397,0.012479399876270725,0.18795393615702521,-0.07259432869947202,-0.3331425935559692,,,,,,,,,,,,,,,,,,,,,,,,,10,0.28888888888888886,
omnimath-142,processbench,omnimath,omnimath,Llama-3.1-70B-Instruct,,0,final_answer_correct,False,False,,False,0.0,0.0,,11,-0.3634562321227767,0.6291028931119382,0.992559125234715,0.3344875746203534,1.2189913074810255,-0.5833775201179978,0.6356137873630275,0.08828319711325607,-0.06029428824073639,-0.05129559796454728,-0.13957879507780335,5.4429102451368365,0.1823581651234379,8,7,0.10526315789473684,0.6842105263157895,1.212480413229936,0.006510894251089305,0.5408427647499584,0.5711926561659029,0.0,0.4444444444444444,0.36105358241304975,0.13884955462955023,0.1444421159135325,0.45,0.55,0,,,,,,,,,,,,,,,,,,,,,,,,,,,,,-0.3634562321227767,0.17738653262718168,0.6356137873630275,0.350301451971859,0.08105529242084805,-0.12392616376953261,-0.13899228869781452,0.28907735931880324,0.31744208566241355,-0.25375057050348926,-0.31297814458035944,0.1397593634318045,-0.018232590896329504,-0.5833775201179978,-0.5092478738467348,-0.1611434095070684,-0.16558174462383562,-0.2581557796047115,0.15725232668312839,0.6291028931119382,,,,,,,,,,,,,,,,,,,,,,,,,11,0.2,
omnimath-143,processbench,omnimath,omnimath,Llama-3.1-70B-Instruct,,0,final_answer_correct,False,False,,False,1.0,0.1,,11,0.46661309375929927,0.3968548951803107,-0.06975819857898857,0.36941736299368344,1.3883489701938907,-0.7257626068645828,0.6625863633293079,0.35187220760890525,-0.29831586546157357,-0.12307664400975421,-0.47494885161865946,4.568070806293305,0.015270822528163232,5,4,0.21052631578947367,0.8947368421052632,1.1226175020448936,0.2657314681489972,0.6146796067611118,0.4527375080121634,1.0,0.8888888888888888,0.19345006914805063,0.14706290032508074,0.16524117377644096,0.5,0.5,0,,,,,,,,,,,,,,,,,,,,,,,,,,,,,0.46661309375929927,0.27258172079831433,0.13081770714177465,0.4594599272252423,0.6625863633293079,0.36364966351576344,0.10739697749263477,-0.04925967635285683,-0.230455476809118,-0.44845999718153357,-0.5194669747896569,-0.44347640963348756,-0.2960616807498352,-0.10103084271452717,0.005994487223892897,0.07530317083507453,-0.27302509885241943,-0.7257626068645828,-0.21782471158080108,0.3968548951803107,,,,,,,,,,,,,,,,,,,,,,,,,11,0.23636363636363636,
omnimath-144,processbench,omnimath,omnimath,Llama-3.1-70B-Instruct,,0,final_answer_correct,False,False,,False,2.0,0.2222222222222222,,10,-0.5843709116365715,0.3925444420540185,0.97691535369059,0.36666007170071585,1.4019791883401125,-0.5843709116365715,0.817608276703541,0.18330413777784166,-0.09166893597984062,-0.09008085213428624,-0.2733849899121279,4.9123392860428625,0.1988696824069627,4,5,0.10526315789473684,0.0,0.97691535369059,0.42506383464952247,0.7009895941700562,0.3052217446060325,0.0,0.2777777777777778,0.14877135522074242,0.15225831738707152,0.14721025239805705,0.5,0.5,0,,,,,,,,,,,,,,,,,,,,,,,,,,,,,-0.5843709116365715,0.11661868253348473,0.817608276703541,0.6582007718516212,0.39124362962195414,0.0945251299884472,-0.21069661461758532,-0.3278446164169607,-0.3509557468130074,-0.28552155178241917,-0.14925109641052303,0.009463513710480292,0.19623331726786708,0.2661936285856785,0.10253495542433799,-0.08366204874698328,-0.3487432114532358,-0.5329543140739094,-0.07020493600994548,0.3925444420540185,,,,,,,,,,,,,,,,,,,,,,,,,10,0.24444444444444444,
omnimath-145,processbench,omnimath,omnimath,Llama-3.1-8B-Instruct,,0,final_answer_correct,False,False,,False,1.0,0.25,,5,1.499062669265851,-0.18733628430437782,-1.6863989535702288,0.54273797558476,2.4251708638491065,-0.9261081945832557,1.499062669265851,0.09295109718742893,-0.15464281972404853,-0.33074933663404527,-0.4237004338214742,4.215150031514079,0.40008041017806323,3,3,0.0,0.2631578947368421,0.7387719102788779,1.6863989535702288,0.2389431437555758,0.5231382420606319,0.2777777777777778,0.16666666666666666,0.07357727726390348,0.15204365803924547,0.2728605619172759,0.25,0.75,0,,,,,,,,,,,,,,,,,,,,,,,,,,,,,1.499062669265851,0.9759244272052193,0.45278618514458757,-0.07035205691604407,-0.5934902989766759,-0.9261081945832557,-0.6871650508276799,-0.4482219070721042,-0.2092787633165285,0.02966438043904729,0.0834354987302043,-0.04796540844305777,-0.17936631561631955,-0.31076722278958135,-0.4421681299628434,-0.4295948716321935,-0.3690302248002396,-0.3084655779682858,-0.2479009311363318,-0.18733628430437782,,,,,,,,,,,,,,,,,,,,,,,,,5,0.8,
omnimath-146,processbench,omnimath,omnimath,Qwen2.5-7B-Instruct,,0,final_answer_correct,False,False,,False,5.0,0.5555555555555556,,10,0.2688766733966429,0.7331822815277407,0.4643056081310978,0.4734378005483543,1.6042313029884756,-0.6787034317384427,0.9255278712500329,0.3798322114911627,-0.2642640233663794,-0.22272946113894784,-0.6025616726301105,5.723920130462009,0.08111671678647639,7,4,0.21052631578947367,0.6842105263157895,1.4118857132661833,0.1923455897222922,0.6991136146466427,0.4179738221992767,1.0,0.6111111111111112,0.2843617279789364,0.1822772808252108,0.208647253323221,0.45,0.55,0,,,,,,,,,,,,,,,,,,,,,,,,,,,,,0.2688766733966429,0.05477845688677371,-0.15931975962309547,0.3386027598166197,0.9255278712500329,0.787657278917186,0.44270219979397873,0.06014942803414364,-0.3412021900440053,-0.34609499515597886,-0.03382074989501194,-0.04610120128304199,-0.4640750234823187,-0.6787034317384427,-0.48664101210825944,-0.3799396678692694,-0.5720020874994522,-0.6650449477655445,0.034068666881098,0.7331822815277407,,,,,,,,,,,,,,,,,,,,,,,,,10,0.3333333333333333,
omnimath-147,processbench,omnimath,omnimath,Llama-3.1-8B-Instruct,,0,final_answer_correct,False,False,,False,2.0,0.4,,6,0.8203064290763779,-0.3401087342211889,-1.1604151632975668,0.510862077099012,1.8400666476186764,-0.9186014311269823,0.9214652164916941,0.09833061020582726,-0.4934433183649819,0.35144605367484755,0.25311544346902026,5.005699892489594,0.231818764252851,4,3,0.7894736842105263,0.5789473684210527,0.5784926969057934,1.261573950712883,0.5345986791021493,0.3601299175087672,0.7777777777777778,1.0,0.12238698103058487,0.20106347930887852,0.23391911106212837,0.4,0.6,0,,,,,,,,,,,,,,,,,,,,,,,,,,,,,0.8203064290763779,0.5241615099690986,0.22801659086181947,-0.06812832824545978,-0.29953921573279413,-0.27201397674034844,-0.24448873774790283,-0.21696349875545717,-0.28493695250904755,-0.49615844538169235,-0.7073799382543371,-0.9186014311269823,-0.6823308208147525,-0.1477321417126044,0.3868665373895448,0.9214652164916941,0.7402810183051117,0.3801511007963454,0.020021183287578292,-0.3401087342211889,,,,,,,,,,,,,,,,,,,,,,,,,6,0.6,
omnimath-148,processbench,omnimath,omnimath,Qwen2.5-72B-Instruct,,0,final_answer_correct,False,False,,False,6.0,0.6,,11,0.38068598633190626,0.3039071398208477,-0.07677884651105854,0.34054283233564264,1.2327470519661712,-0.5419818245873351,0.690765227378836,0.0163038378345169,0.09657402527846844,-0.17973246318639566,-0.19603630102091257,4.624307817033361,0.016603316550046314,7,4,0.42105263157894735,0.8947368421052632,0.8458889644081828,0.38685808755798834,0.4641985275320449,0.6054474131789818,0.3333333333333333,0.5555555555555556,0.2519545415215051,0.1266517013903195,0.14106418825669334,0.4,0.6,0,,,,,,,,,,,,,,,,,,,,,,,,,,,,,0.38068598633190626,0.07022971569708503,-0.19821046069775608,-0.0885057889327762,-0.012081808566493863,-0.068780593795002,0.030789814804655202,0.4949883423367001,0.690765227378836,0.4839096486861071,0.07775815275025227,-0.5276892604287295,-0.4982257208930253,-0.04548821288086169,-0.047711915534572685,-0.2449189941879471,-0.39885881643805,-0.5419818245873351,-0.14883036819131684,0.3039071398208477,,,,,,,,,,,,,,,,,,,,,,,,,11,0.21818181818181817,
omnimath-149,processbench,omnimath,omnimath,Llama-3.1-8B-Instruct,,0,final_answer_correct,False,False,,False,3.0,0.5,,7,0.9405461172870266,1.1117486758334205,0.17120255854639388,0.5191072603371867,1.7359594995611956,-0.624210823727775,1.1117486758334205,-0.15360723244512792,-0.2545005140166179,0.11607398611406346,0.26968121855919136,4.612213834350425,0.03711938880008709,3,4,1.0,0.21052631578947367,1.7359594995611956,0.0,0.466778017976557,0.49413377084677956,0.9444444444444444,0.1111111111111111,0.11029137186209151,0.17196129980506974,0.27997681523246165,0.35,0.65,0,,,,,,,,,,,,,,,,,,,,,,,,,,,,,0.9405461172870266,0.44641234644024713,-0.047721424406532376,-0.5418551952533119,-0.624210823727775,-0.624210823727775,-0.624210823727775,-0.4534886729453901,-0.1974054467718127,0.05867777940176466,0.05867777940176491,-0.19740544677181288,-0.4534886729453901,-0.5970709174854488,-0.51565119875847,-0.43423148003149104,-0.2885853780962492,0.1781926398803067,0.6449706578568637,1.1117486758334205,,,,,,,,,,,,,,,,,,,,,,,,,7,0.47619047619047616,
omnimath-150,processbench,omnimath,omnimath,Qwen2.5-7B-Instruct,,0,final_answer_correct,False,False,,False,8.0,0.6666666666666666,,13,0.43016175343175883,0.08538253065631272,-0.3447792227754461,0.30678554720941376,1.114206262082774,-0.4230432875230735,0.6911629745597005,0.02764655924592941,-0.012870373254658977,-0.007093208275540147,-0.03473976752146956,5.578181165284842,0.0618085380448271,7,8,0.42105263157894735,0.5263157894736842,0.5084258181793863,0.6057804439033878,0.484582201713896,0.8026814444217117,1.0,0.8888888888888888,0.38039085681050744,0.12741828356585333,0.1243745809515707,0.4,0.6,0,,,,,,,,,,,,,,,,,,,,,,,,,,,,,0.43016175343175883,0.25535267887304314,-0.014656925108600782,-0.4179472702823441,-0.14908704016651547,0.11720426547155545,-0.027501547497391088,0.2746847388746521,0.6911629745597005,-0.09305389368763373,-0.4230432875230735,-0.2988052069466179,-0.16530111957260057,-0.07573681848703974,-0.07573681848703982,0.2391573052433062,0.4552594242067375,-0.34742202021497426,-0.39919967105758325,0.08538253065631272,,,,,,,,,,,,,,,,,,,,,,,,,13,0.1794871794871795,
omnimath-151,processbench,omnimath,omnimath,Qwen2.5-72B-Instruct,,0,final_answer_correct,False,False,,False,1.0,0.25,,5,0.21249464841044727,1.4934284938725115,1.2809338454620642,0.572164535438908,2.1758843084884214,-0.6824558146159097,1.4934284938725115,-0.30658720450335053,-0.45076146712552995,0.35982511707664483,0.6664123215799953,3.753723374644318,0.3412435381132576,3,2,1.0,0.2631578947368421,2.1758843084884214,0.0,0.46257359522867825,0.1929033119735063,1.0,0.0,0.055384511598164175,0.1715179194482683,0.328642419395383,0.3,0.7,0,,,,,,,,,,,,,,,,,,,,,,,,,,,,,0.21249464841044727,0.01959133643694097,-0.17331197553656533,-0.3662152875100716,-0.5591185994835779,-0.6824558146159097,-0.5970947392247171,-0.5117336638335246,-0.42637258844233217,-0.3410115130511397,-0.34101151305113964,-0.42637258844233217,-0.5117336638335246,-0.597094739224717,-0.6824558146159095,-0.3568658870421993,0.1057077081864779,0.5682813034151551,1.0308548986438333,1.4934284938725115,,,,,,,,,,,,,,,,,,,,,,,,,5,0.6,
omnimath-152,processbench,omnimath,omnimath,Llama-3.1-8B-Instruct,,0,final_answer_correct,False,False,,False,2.0,0.5,,5,1.1572582739115558,0.5154043877391612,-0.6418538861723946,0.5487165581013628,2.2148103680507085,-1.0575520941391527,1.1572582739115558,-0.13177839682488732,-0.44100706299231934,0.15471292103432796,0.2864913178592153,3.7877668499290227,0.16945443360232745,1,2,0.0,0.2631578947368421,1.572956481878314,0.6418538861723946,0.14592572222314656,0.47395616812768315,0.9444444444444444,0.0,0.04543211973868909,0.1617984767484692,0.31585951137419316,0.35,0.65,0,,,,,,,,,,,,,,,,,,,,,,,,,,,,,1.1572582739115558,0.6833021057838726,0.20934593765618958,-0.26461023047149346,-0.7385663985991766,-1.0575520941391527,-0.9116263719160063,-0.7657006496928598,-0.6197749274697134,-0.47384920524656693,-0.3773975492598138,-0.3304199595094538,-0.2834423697590939,-0.23646478000873403,-0.18948719025837402,-0.06829850115342422,0.077627221069722,0.22355294329286815,0.3694786655160147,0.5154043877391612,,,,,,,,,,,,,,,,,,,,,,,,,5,0.5,
omnimath-153,processbench,omnimath,omnimath,Qwen2-72B-Instruct,,0,final_answer_correct,False,False,,False,1.0,0.1111111111111111,,10,0.9887184173286575,-0.011453798526199498,-1.000172215854857,0.34442241249298206,1.5301128756344538,-0.5413944583057961,0.9887184173286575,0.1977741246030084,-0.18654441698836413,-0.09882629211203749,-0.2966004167150459,4.052964526247476,0.24677546753188284,6,7,0.0,0.6842105263157895,0.5299406597795966,1.000172215854857,0.2419700323102063,0.5043366648911503,0.3888888888888889,0.0,0.19093690286308682,0.10893286804889235,0.13465035801737807,0.4,0.6,0,,,,,,,,,,,,,,,,,,,,,,,,,,,,,0.9887184173286575,0.48438175243750725,-0.019954912453643003,0.09472983111861426,0.28679225074879733,-0.008108007509242565,-0.4421404594496319,-0.4255045885562907,-0.1835345562460844,-0.0002865111238282564,0.13598394424806787,0.043582869373742505,-0.3346576183083597,-0.5413944583057961,-0.4051240029338997,-0.256455333282384,-0.0643929136522017,0.10013012999037323,0.04433816573208686,-0.011453798526199498,,,,,,,,,,,,,,,,,,,,,,,,,10,0.2,
omnimath-154,processbench,omnimath,omnimath,Llama-3.1-70B-Instruct,,0,final_answer_correct,False,False,,False,2.0,0.2222222222222222,,10,0.7047554676664003,0.09861966409608476,-0.6061358035703155,0.3563230600791592,1.299282984130261,-0.5945275164638608,0.7047554676664003,0.18258531076374718,-0.043375196539556994,-0.2328833027144046,-0.4154686134781518,4.446914689171928,0.13630479690699568,5,6,0.0,0.7368421052631579,0.6931471805599456,0.6061358035703155,0.43403245194038925,0.5203952946322625,0.3888888888888889,0.2777777777777778,0.22804599699314132,0.13767432268415106,0.15881577352000587,0.55,0.45,0,,,,,,,,,,,,,,,,,,,,,,,,,,,,,0.7047554676664003,0.3312756653885881,-0.042204136889224086,0.16378722936618012,0.44221249168823645,0.09933287637915594,-0.42106241825310653,-0.30517254850360126,0.128859903436788,0.32176321541029423,0.3217632154102942,0.12885990343678774,-0.30517254850360115,-0.5945275164638607,-0.5945275164638608,-0.5407563981727034,-0.2987863658624977,-0.074106021287662,0.012256821404211374,0.09861966409608476,,,,,,,,,,,,,,,,,,,,,,,,,10,0.2222222222222222,
omnimath-155,processbench,omnimath,omnimath,Llama-3.1-8B-Instruct,,0,final_answer_correct,False,False,,False,1.0,0.125,,9,-0.3533066369294351,-0.19706988901262049,0.1562367479168146,0.44099414049675356,1.6894012077581133,-0.7391140708414882,0.9502871369166251,-0.1705087789349901,0.30719776838224366,-0.073176470265368,0.09733230866962211,5.435893784925526,0.02874168519445328,6,4,0.3684210526315789,0.10526315789473684,0.5420441818288677,1.1473570259292456,0.5990307931901668,0.6775056503876531,0.5555555555555556,0.4444444444444444,0.25317717940460627,0.18945257482142294,0.16356436959449455,0.4,0.6,0,,,,,,,,,,,,,,,,,,,,,,,,,,,,,-0.3533066369294351,-0.5462103538854617,-0.7391140708414882,-0.5211004954499561,-0.056536544649888776,0.36504205383532456,0.6576645953759748,0.9502871369166251,0.3940475105200103,-0.2834581398676428,-0.32269556846638703,0.2763352247237798,0.7539765564970721,0.38189165835224825,0.009806760207423548,-0.060720514054084185,-0.030728580354486085,-0.041207769248087056,-0.11913882913035377,-0.19706988901262049,,,,,,,,,,,,,,,,,,,,,,,,,9,0.4166666666666667,
omnimath-156,processbench,omnimath,omnimath,Qwen2-72B-Instruct,,0,final_answer_correct,False,False,,False,0.0,0.0,,9,0.008691119848291538,-0.2602132082837432,-0.26890432813203474,0.40790529166576883,1.760875863304975,-0.7683422257418362,0.9925336375631387,0.051027941407793,0.1732058732590359,-0.22796107384867037,-0.27898901525646336,6.769101932108762,0.03972525910069486,6,7,0.631578947368421,0.7368421052631579,0.508129017458093,1.252746845846882,0.5596361883283956,0.8804379316524884,0.8333333333333334,0.7222222222222222,0.33822242376782047,0.16018206385977482,0.15008855088098585,0.45,0.55,0,,,,,,,,,,,,,,,,,,,,,,,,,,,,,0.008691119848291538,-0.16613889406898383,-0.34096890798625923,-0.12451505810495889,0.326709110055487,0.5523211941357102,0.10109702597526415,-0.3501271421851819,-0.2771537931947463,-0.12929508461132722,0.18841408217286987,0.6759737071578458,0.9925336375631387,0.11209570591065221,-0.7683422257418362,-0.5687245674086612,-0.009088379080265607,0.24580569437623698,-0.007203756953753082,-0.2602132082837432,,,,,,,,,,,,,,,,,,,,,,,,,9,0.3611111111111111,
omnimath-157,processbench,omnimath,omnimath,Llama-3.1-8B-Instruct,,0,final_answer_correct,False,False,,False,5.0,0.5,,11,0.7641800739176012,0.3704919131759081,-0.3936881607416931,0.41011019548614924,1.4812968530125885,-0.7171167790949872,0.7641800739176012,0.2292912435826622,-0.02520453550969947,-0.3177272637758957,-0.547018507358558,4.174842460242176,0.09430012377493542,5,4,0.0,0.7894736842105263,1.0876086922708952,0.3936881607416931,0.5510548975572687,0.6016038707256776,0.3333333333333333,0.4444444444444444,0.21149677278389112,0.160053484121219,0.18394131542845074,0.4,0.6,0,,,,,,,,,,,,,,,,,,,,,,,,,,,,,0.7641800739176012,0.51700195057823,0.2845060652026271,0.1841503215009418,0.06618612926645873,-0.12221185709921549,-0.0887739782880077,0.4622809192692609,0.5522723095133519,-0.049331561212325625,-0.28589135114177583,-0.1574070602749974,-0.23864833943687805,-0.45970666528453225,-0.6047093578854823,-0.7171167790949872,-0.575613098384584,-0.37063164219420364,-0.00878461827202559,0.3704919131759081,,,,,,,,,,,,,,,,,,,,,,,,,11,0.2545454545454545,
omnimath-158,processbench,omnimath,omnimath,Llama-3.1-8B-Instruct,,0,final_answer_correct,False,False,,False,1.0,0.5,,3,-0.23691431415010822,0.9593364440819172,1.1962507582320254,0.4890260761299499,1.6562055310778472,-0.69686908699593,0.9593364440819172,-0.39023257176538223,-0.4872513966516968,0.5167683982888311,0.9070009700542134,2.116160303923669,0.5652930716137159,1,1,1.0,0.47368421052631576,1.6562055310778472,0.0,0.17702721831723456,0.05110608587175802,0.7222222222222222,0.1111111111111111,0.012674072454944153,0.15503051948664934,0.3071193889459777,0.3,0.7,0,,,,,,,,,,,,,,,,,,,,,,,,,,,,,-0.23691431415010822,-0.2880204000218662,-0.33912648589362415,-0.3902325717653822,-0.4413386576371401,-0.4924447435088981,-0.5435508293806561,-0.594656915252414,-0.645763001124172,-0.69686908699593,-0.6339085207731919,-0.4568813024559574,-0.27985408413872326,-0.10282686582148914,0.07420035249574541,0.25122757081297986,0.428254789130214,0.6052820074474481,0.7823092257646826,0.9593364440819172,,,,,,,,,,,,,,,,,,,,,,,,,3,0.6666666666666666,
omnimath-159,processbench,omnimath,omnimath,Qwen2.5-Math-7B-Instruct,,0,final_answer_correct,False,False,,False,1.0,0.16666666666666666,,7,1.2443786461201904,-0.09479898645680591,-1.3391776325769964,0.5584156009508934,2.0958280363086725,-0.8514493901884821,1.2443786461201904,0.13067838171842888,-0.4993881477688689,0.22848075167930568,0.0978023699608768,4.056416775167936,0.33013807673190937,2,3,0.0,0.3684210526315789,0.7566504037316761,1.3391776325769964,0.20065638918793144,0.4061504008171294,0.7222222222222222,0.05555555555555555,0.05600664268782913,0.2003147838055313,0.26081897641939367,0.45,0.55,0,,,,,,,,,,,,,,,,,,,,,,,,,,,,,1.2443786461201904,0.8382282453030612,0.4320778444859318,0.02592744366880262,-0.2691234773987232,-0.5419545025163282,-0.8147855276339331,-0.8514493901884821,-0.7700296714615033,-0.6886099527345243,-0.5605683396477356,-0.3859048322011367,-0.21124132475453816,-0.027913523394162212,0.17274286579376924,0.3733992549817007,0.5071701811069877,0.3065137919190568,0.10585740273112543,-0.09479898645680591,,,,,,,,,,,,,,,,,,,,,,,,,7,0.42857142857142855,
omnimath-160,processbench,omnimath,omnimath,Qwen2.5-Math-72B-Instruct,,0,final_answer_correct,False,False,,False,10.0,0.8333333333333334,,13,0.7342058715858752,0.34649579908030237,-0.3877100725055729,0.3642176862103062,1.356427534579352,-0.6222216629934766,0.7342058715858752,-0.00889520745722676,-0.05033996019524066,0.04707430003495879,0.05596950749218555,6.2389226622161456,0.06214375357681598,7,6,0.0,0.42105263157894735,0.968717462073779,0.3877100725055729,0.5592482580760022,0.7600278246354774,0.8333333333333334,0.0,0.34530461816954544,0.14516594863604465,0.1517759673039206,0.45,0.55,0,,,,,,,,,,,,,,,,,,,,,,,,,,,,,0.7342058715858752,-0.02582195304960211,-0.30263664096278153,0.09704706253525625,-0.04039691977940821,-0.23681001834652912,-0.2878538541833978,-0.4568740853026335,-0.6222216629934766,-0.09829987891898406,0.31236784948940144,0.60978152223168,0.17235996911165025,-0.26949343498432204,-0.586604136329945,-0.10850676122733183,0.4507414968486704,0.09039737571123124,0.0899220261268256,0.34649579908030237,,,,,,,,,,,,,,,,,,,,,,,,,13,0.21794871794871795,
omnimath-161,processbench,omnimath,omnimath,Llama-3.1-8B-Instruct,,0,final_answer_correct,False,False,,False,2.0,0.3333333333333333,,7,1.2505320080081412,-0.8593075111921668,-2.109839519200308,0.5605032189124506,2.109839519200308,-0.8593075111921668,1.2505320080081412,0.5996668963801645,-0.10363991058739333,-0.6473340267259476,-1.247000923106112,2.295167195107644,0.9192530826066273,2,1,0.0,1.0,0.0,2.109839519200308,0.04633191897683395,0.275917948563283,0.5555555555555556,0.0,0.046932047817215466,0.215902169853572,0.23649293284388645,0.4,0.6,0,,,,,,,,,,,,,,,,,,,,,,,,,,,,,1.2505320080081412,0.9746140594448582,0.6986961108815753,0.42277816231829235,0.3344694771539646,0.2836826446694278,0.232895812184891,0.12037512241029005,-0.023012496009342964,-0.16640011442897595,-0.2149279641503756,-0.16859604517354165,-0.12226412619670783,-0.15065375056309932,-0.32848646161594225,-0.5063191726687851,-0.6652917518433125,-0.7299636716262637,-0.7946355914092152,-0.8593075111921668,,,,,,,,,,,,,,,,,,,,,,,,,7,0.5238095238095238,
omnimath-162,processbench,omnimath,omnimath,Qwen2.5-72B-Instruct,,0,final_answer_correct,False,False,,False,6.0,0.75,,9,0.39405830168744,-0.586770951324286,-0.980829253011726,0.4487729747647304,1.6569257004140878,-0.7834992470560809,0.8734264533580068,0.4520983686605837,-0.10952225568523107,-0.38265276488275496,-0.8347511335433386,4.874433594761303,0.20121912299017713,7,5,0.2631578947368421,0.8947368421052632,0.19672829573179484,1.460197404682293,0.36184167693925195,0.6871517198504908,0.16666666666666666,0.3333333333333333,0.26475041786788206,0.1848805809126636,0.17977477083611668,0.55,0.45,0,,,,,,,,,,,,,,,,,,,,,,,,,,,,,0.39405830168744,0.30638760648847824,0.21871691128951648,0.41199144867693827,0.7738331256161902,0.8734264533580068,0.1862747335075161,-0.5008769863429747,-0.28967815068100117,0.04985647862561049,0.13117781072188356,-0.04571415439218268,-0.17153777786638771,0.060116990138434606,0.2917717581432574,-0.01981073490298596,-0.5124723149662509,-0.7834992470560809,-0.6851350991901834,-0.586770951324286,,,,,,,,,,,,,,,,,,,,,,,,,9,0.3055555555555556,
omnimath-163,processbench,omnimath,omnimath,Qwen2.5-Math-7B-Instruct,,0,final_answer_correct,False,False,,False,4.0,0.5,,9,0.7447277772989196,-0.10582441917584601,-0.8505521964747655,0.36370188781404184,1.3044439865654505,-0.5597162092665309,0.7447277772989196,0.2755344893446388,-0.17570401011605205,-0.1823062560603628,-0.45784074540500164,3.7111708603712796,0.22918702169095848,5,5,0.0,0.8947368421052632,0.45389179009068487,0.8505521964747655,0.28439899093075566,0.4129807381102003,0.7222222222222222,0.8333333333333334,0.17100661192297223,0.13730680219442243,0.1570580112825259,0.35,0.65,0,,,,,,,,,,,,,,,,,,,,,,,,,,,,,0.7447277772989196,0.6778249480499563,0.610922118800993,0.34234070830895214,-0.04724785092893524,-0.2929305595911363,-0.10689571652627777,0.07913912653858074,-0.06038700576006306,-0.24642184882492169,-0.339439270357351,-0.33943927035735094,-0.30388939649100666,-0.019490405560251667,0.264908585370504,0.026272779520542355,-0.38670795858965795,-0.5597162092665309,-0.3327703142211884,-0.10582441917584601,,,,,,,,,,,,,,,,,,,,,,,,,9,0.19444444444444445,
omnimath-164,processbench,omnimath,omnimath,Qwen2.5-Math-7B-Instruct,,0,final_answer_correct,False,False,,False,5.0,0.8333333333333334,,7,1.3380534616715605,0.611951214208859,-0.7261022474627015,0.5346606683004881,2.129745992192735,-0.7916925305211743,1.3380534616715605,0.19519599328897488,-0.25661569503658926,-0.27044976478224303,-0.4656457580712179,4.61730509054427,0.15725671863219057,3,2,0.0,0.8421052631578947,1.4036437447300334,0.7261022474627015,0.46788124824334487,0.45212260160265105,1.0,0.05555555555555555,0.09366450264564247,0.1706906880190551,0.273322513065393,0.25,0.75,0,,,,,,,,,,,,,,,,,,,,,,,,,,,,,1.3380534616715605,0.8859308600689095,0.4338082584662585,-0.018314343136392575,-0.24398658792426003,-0.4243687613491707,-0.6047509347740814,-0.5285916402541886,-0.324161611761894,-0.11973158326959943,-0.0627932579633306,-0.1533466358430879,-0.24390001372284498,-0.3637851224411793,-0.5423336928366685,-0.7208822632321579,-0.7916925305211743,-0.3238112822778305,0.14406996596551414,0.611951214208859,,,,,,,,,,,,,,,,,,,,,,,,,7,0.6190476190476191,
omnimath-165,processbench,omnimath,omnimath,Qwen2-7B-Instruct,,0,final_answer_correct,False,False,,False,2.0,1.0,,3,1.2478681179343942,-1.0293991670753613,-2.2772672850097555,0.6981903175165891,2.2772672850097555,-1.0293991670753613,1.2478681179343942,0.7848143067364699,-0.21679864890655473,-0.8159964785973801,-1.60081078533385,2.2772672850097555,1.0,0,1,0.0,1.0,0.0,2.2772672850097555,-0.08536107539119231,0.15435127039930818,0.6666666666666666,0.0,0.0038327886115620668,0.2837083663517228,0.3297018296904665,0.45,0.55,0,,,,,,,,,,,,,,,,,,,,,,,,,,,,,1.2478681179343942,1.093516847535086,0.939165577135778,0.7848143067364699,0.6304630363371617,0.47611176593785365,0.3217604955385456,0.1674092251392374,0.013057954739929212,-0.14129331565937875,-0.26114948855462905,-0.3465105639458216,-0.431871639337014,-0.5172327147282063,-0.602593790119399,-0.6879548655105915,-0.7733159409017838,-0.8586770162929762,-0.9440380916841687,-1.0293991670753613,,,,,,,,,,,,,,,,,,,,,,,,,3,1.0,
omnimath-166,processbench,omnimath,omnimath,Qwen2.5-72B-Instruct,,0,final_answer_correct,False,False,,False,7.0,0.875,,9,0.6515815197806327,0.4031891986619222,-0.2483923211187105,0.39108142806111845,1.346982044394887,-0.632829154903687,0.7141528894911999,-0.1720673306559592,-0.01674503733321464,0.12119343358910299,0.2932607642450622,5.358745568387045,0.046352699143630986,5,4,0.7368421052631579,0.15789473684210525,1.0360183535656091,0.3109636908292777,0.42720532450557414,0.6301557128425059,0.9444444444444444,0.0,0.20514989155748192,0.15023936775793534,0.17996566647741527,0.4,0.6,0,,,,,,,,,,,,,,,,,,,,,,,,,,,,,0.6515815197806327,0.02142580693812679,-0.6087299059043791,-0.632829154903687,-0.29329452559707536,-0.08286654489563308,-0.25975851000969924,-0.43665047512376537,-0.3327759070578954,-0.18879183425203444,-0.04026183292022316,0.11281409693753862,0.27424949755885164,0.49420119352502556,0.7141528894911999,0.3331731522654092,-0.24811706269103595,-0.4512214503492259,-0.02401612584365176,0.4031891986619222,,,,,,,,,,,,,,,,,,,,,,,,,9,0.3055555555555556,
omnimath-167,processbench,omnimath,omnimath,Qwen2.5-Math-7B-Instruct,,0,final_answer_correct,False,False,,False,2.0,0.25,,9,0.2962679579455123,0.3679954864518976,0.07172752850638531,0.39894715437738587,1.633747306291463,-0.6173276736746343,1.0164196326168287,0.2947085017382398,-0.15623477130842575,-0.2303328552166355,-0.5250413569548753,5.981932977515796,0.011990694107738505,7,6,0.2631578947368421,0.8947368421052632,0.9853231601265319,0.648424146164931,0.6661452981098437,0.7458261400629084,0.16666666666666666,0.2777777777777778,0.30242324869484705,0.14375436447302595,0.1643884153875817,0.45,0.55,0,,,,,,,,,,,,,,,,,,,,,,,,,,,,,0.2962679579455123,0.01185243233547617,-0.27256309327455996,0.03712189594032872,0.7032671940501724,1.0164196326168287,0.2705934925539203,-0.4752326475089881,-0.2781475457477669,0.053639161988330186,0.11793003557805298,-0.08527492497859929,-0.25311916022153674,-0.17343831826847228,-0.0937574763154077,-0.3038073185759467,-0.6104340555743533,-0.6173276736746343,-0.12466609361136838,0.3679954864518976,,,,,,,,,,,,,,,,,,,,,,,,,9,0.3055555555555556,
omnimath-168,processbench,omnimath,omnimath,Llama-3.1-70B-Instruct,,0,final_answer_correct,False,False,,False,1.0,0.14285714285714285,,8,-0.8698553075957993,0.9052962122389383,1.7751515198347376,0.48765204681598306,1.7751515198347376,-0.8698553075957994,0.9052962122389383,-0.32736653899377666,0.15683918698959237,0.1960767495304333,0.52344328852421,4.109139889770675,0.4320007513625452,4,5,1.0,0.05263157894736842,1.7751515198347376,0.0,0.6059823299404768,0.3233093789407048,0.16666666666666666,0.3888888888888889,0.1596069965224838,0.18710457160330435,0.1879661199456389,0.6,0.4,0,,,,,,,,,,,,,,,,,,,,,,,,,,,,,-0.8698553075957993,-0.8698553075957994,-0.8698553075957994,-0.6967174990413776,-0.09073516910090074,0.5152471608395761,0.5902056571336636,0.2668962781929589,-0.05641310074774586,0.026692111220266018,0.17753308833973067,0.29693743230027675,0.22772197730731222,0.15850652231434773,0.05853256988813543,-0.08245271244907355,-0.22343799478628223,0.04391621078094182,0.4746062115099401,0.9052962122389383,,,,,,,,,,,,,,,,,,,,,,,,,8,0.4642857142857143,
omnimath-169,processbench,omnimath,omnimath,Llama-3.1-70B-Instruct,,0,final_answer_correct,False,False,,False,0.0,0.0,,16,0.30525308788135674,0.26320260603895007,-0.04205048184240667,0.25225175284768153,0.9356115497131915,-0.5266652658624706,0.40894628385072085,-0.06688315762711036,0.09161901646292361,-0.038902818798297774,0.02798033882881259,4.608235088042663,0.009125073057040483,13,6,0.5263157894736842,0.7894736842105263,0.7898678719014207,0.14574367781177078,0.4987418220638552,0.42552355321001617,0.5,0.7777777777777778,0.3864284632814396,0.10159080407730339,0.10460409912425805,0.55,0.45,0,,,,,,,,,,,,,,,,,,,,,,,,,,,,,0.30525308788135674,0.047895967727593636,0.13670271131747025,0.053156862187045184,-0.2762356234918835,-0.22567586060207134,-0.5092792484092835,-0.08073045566194137,0.22241577806960627,-0.08979553821313435,0.40894628385072085,0.3302265810137768,0.03322521961603933,-0.18295475343460224,-0.10114171265245447,-0.5266652658624706,-0.09960352415731988,0.136199509618817,0.09459147422469133,0.26320260603895007,,,,,,,,,,,,,,,,,,,,,,,,,16,0.11666666666666667,
omnimath-170,processbench,omnimath,omnimath,Qwen2.5-72B-Instruct,,0,final_answer_correct,False,False,,False,1.0,0.16666666666666666,,7,0.5112032984072621,1.2562615232511596,0.7450582248438975,0.5241570100644399,2.2309541023297856,-0.974692579078626,1.2562615232511596,0.11257552615001078,-0.2017898004942759,-0.20599822759106323,-0.318573753741074,4.071680500471532,0.18298543433297723,3,4,1.0,0.7894736842105263,2.2309541023297856,0.0,0.742956989817283,0.23364556161043193,1.0,0.5555555555555556,0.08446799479681942,0.14327360004760395,0.2362980643454157,0.4,0.6,0,,,,,,,,,,,,,,,,,,,,,,,,,,,,,0.5112032984072621,0.341030798178083,0.1708582979489039,0.0006857977197247678,-0.050815778416726715,-0.07858316973463277,-0.10635056105253882,-0.068938593800033,0.0010630527376787463,0.07106469927539048,-0.010757258260969349,-0.24440281987140128,-0.4780483814818327,-0.682509302058764,-0.828600940568695,-0.974692579078626,-0.9726094462006876,-0.22965245638340614,0.5133045334338766,1.2562615232511596,,,,,,,,,,,,,,,,,,,,,,,,,7,0.47619047619047616,
omnimath-171,processbench,omnimath,omnimath,Qwen2.5-7B-Instruct,,0,final_answer_correct,False,False,,False,7.0,0.7777777777777778,,10,1.0861947822936189,-0.2629600318768148,-1.3491548141704337,0.4076363432159609,1.5611310780822725,-0.4749362957886536,1.0861947822936189,0.25154666687864424,-0.2887371348246953,-0.028824695327572158,-0.2803713622062164,4.4782907336520745,0.3012655708197376,6,5,0.0,0.47368421052631576,0.21197626391183877,1.3491548141704337,0.42203980605309394,0.4392665848708768,0.2777777777777778,0.16666666666666666,0.19801199883984952,0.15498789738539542,0.17665196976478495,0.4,0.6,0,,,,,,,,,,,,,,,,,,,,,,,,,,,,,1.0861947822936189,0.7501175787644992,0.4140403752353796,-0.013760722819746385,-0.45302730769062316,-0.22238892184285614,0.1996508842102378,0.05897094885920645,-0.3630688571938875,-0.4749362957886536,-0.3386658404167575,-0.276547088958409,-0.30711796739199543,-0.3197948428823708,-0.29668371248632397,-0.20408780594726053,0.13170481709235787,0.3937057181273439,0.06537284312526459,-0.2629600318768148,,,,,,,,,,,,,,,,,,,,,,,,,10,0.28888888888888886,
omnimath-172,processbench,omnimath,omnimath,Qwen2.5-Math-72B-Instruct,,0,final_answer_correct,False,False,,False,7.0,0.6363636363636364,,12,0.538310791833269,0.3413409003440464,-0.19696989148922261,0.34139908196879243,1.2475036735004994,-0.6941277641878817,0.5533759093126178,-0.016458198440243703,-0.2530332439492727,0.26663599445652647,0.2830941928967702,4.694422180995446,0.041958282381721244,7,4,0.8421052631578947,0.631578947368421,1.035468664531928,0.21203500896857141,0.5555494031598804,0.6142254130514747,0.7777777777777778,0.0,0.27067077777422804,0.13840786888307727,0.15273907538245005,0.45,0.55,0,,,,,,,,,,,,,,,,,,,,,,,,,,,,,0.538310791833269,-0.07591462121820569,-0.458958025767644,-0.22551607431165172,-0.07286246636578003,0.012467521988324418,0.1672654847599821,0.28651169150724565,-0.10413293847288685,-0.2984451632483193,-0.14917567891552475,-0.3279304933363763,-0.6941277641878817,-0.48393236099116566,-0.16378592083356486,0.3917634823263155,0.5533759093126178,0.24226396489062535,0.2348576306991187,0.3413409003440464,,,,,,,,,,,,,,,,,,,,,,,,,12,0.19696969696969696,
omnimath-173,processbench,omnimath,omnimath,Llama-3.1-70B-Instruct,,0,final_answer_correct,False,False,,False,3.0,0.75,,5,0.1150728289807123,-1.2712215321391782,-1.3862943611198906,0.652138903072402,2.4119437886764272,-1.2712215321391782,1.140722256537249,-0.21060328581859153,0.8044191009268428,-0.3378271824460623,-0.12722389662747077,4.635281317434112,0.29907448247117013,2,3,0.5263157894736842,1.0,0.0,2.4119437886764272,0.3772125198374854,0.3772125198374856,0.4444444444444444,0.9444444444444444,0.07097573787420021,0.3270327225162019,0.22054534196213266,0.5,0.5,0,,,,,,,,,,,,,,,,,,,,,,,,,,,,,0.1150728289807123,-0.030852893242434093,-0.1767786154655805,-0.32270433768872686,-0.4686300599118733,-0.4837712216198618,-0.10655870178237653,0.2706538180551088,0.647866337892594,1.0250788577300793,1.140722256537249,0.9947965343141025,0.8488708120909563,0.70294508986781,0.5570193676446634,0.2376285472107627,-0.13958397262672206,-0.516796492464207,-0.8940090123016926,-1.2712215321391782,,,,,,,,,,,,,,,,,,,,,,,,,5,0.7,
omnimath-174,processbench,omnimath,omnimath,Qwen2.5-Math-7B-Instruct,,0,final_answer_correct,False,False,,False,20.0,0.6896551724137931,,30,0.44713378956843935,0.15166957667460892,-0.2954642128938304,0.16895160803981432,0.6902235276247808,-0.2430897380563415,0.44713378956843935,0.049042981718544265,-0.057162128473459986,0.009553855900399763,-0.0394891258181445,3.6954244983074305,0.07995406563688642,13,12,0.0,0.7894736842105263,0.3947593147309504,0.2954642128938304,0.3173957844048828,0.41526579030446353,0.4444444444444444,0.7777777777777778,0.34276232799268885,0.06857436702813823,0.06854991162223881,0.55,0.45,0,,,,,,,,,,,,,,,,,,,,,,,,,,,,,0.44713378956843935,0.17349389822890546,0.04283020691558055,0.12679259591888709,-0.1500684318429166,-0.18520827200726486,-0.11167291475182109,0.018138184050080622,-0.2414320162702219,0.07596376813466088,-0.06445099170253532,-0.18418281301050837,0.13184146526148174,-0.1360124957771776,0.17217605224812205,-0.2430897380563415,0.021422813187036274,0.010024990374961629,-0.0548805590259888,0.15166957667460892,,,,,,,,,,,,,,,,,,,,,,,,,30,0.04827586206896552,
omnimath-175,processbench,omnimath,omnimath,Qwen2.5-Math-7B-Instruct,,0,final_answer_correct,False,False,,False,2.0,0.6666666666666666,,4,0.9820469855703752,-0.27071598292499255,-1.2527629684953676,0.7333898056914343,2.181969629243319,-1.1999226436729438,0.9820469855703752,0.7727577871224093,-0.47627366451558467,-0.6578854249033056,-1.4306432120257149,3.11117628999127,0.40266537531979035,1,1,0.0,0.6842105263157895,0.9292066607479512,1.2527629684953676,0.15486777679132535,0.2829093898781141,0.7222222222222222,0.5555555555555556,0.03616241613323515,0.29148055333619693,0.38507673789479996,0.45,0.55,0,,,,,,,,,,,,,,,,,,,,,,,,,,,,,0.9820469855703752,0.9122839194210532,0.8425208532717312,0.7727577871224093,0.7029947209730872,0.6332316548237653,0.5634685886744433,0.3516079733725934,0.06869858349447949,-0.21421080638363443,-0.4971201962617484,-0.7800295861398625,-1.0629389760179762,-1.1999226436729438,-1.0450548668816184,-0.8901870900902933,-0.7353193132989683,-0.5804515365076433,-0.4255837597163179,-0.27071598292499255,,,,,,,,,,,,,,,,,,,,,,,,,4,0.6666666666666666,
omnimath-176,processbench,omnimath,omnimath,Llama-3.1-8B-Instruct,,0,final_answer_correct,False,False,,False,1.0,0.1111111111111111,,10,-0.2832725003191865,-0.34781102145675813,-0.06453852113757164,0.3913657057283682,1.2200625688983213,-0.5592101753333782,0.660852393564943,0.01940755388998935,0.04150494860758132,-0.015706382582609636,-0.035113936472598986,4.557662102868969,0.014160444473701937,4,4,0.3157894736842105,0.8947368421052632,0.21139915387662012,1.008663415021701,0.3029961294989806,0.6313290045010599,0.2777777777777778,0.3888888888888889,0.20776157235084425,0.1793134764491685,0.16270601534980167,0.45,0.55,0,,,,,,,,,,,,,,,,,,,,,,,,,,,,,-0.2832725003191865,-0.2832725003191865,-0.2832725003191865,-0.11255034953680168,0.07951207009338124,0.3578562640659624,0.660852393564943,0.34096510039723005,-0.29036390410382984,-0.43652677704307546,-0.1945567447328696,0.05158226174495348,0.3029324859322973,0.5165022180583633,0.6545109660618733,0.6215557690643663,-0.00977323543669284,-0.5592101753333782,-0.4535105983950682,-0.34781102145675813,,,,,,,,,,,,,,,,,,,,,,,,,10,0.2222222222222222,
omnimath-177,processbench,omnimath,omnimath,Llama-3.1-70B-Instruct,,0,final_answer_correct,False,False,,False,3.0,0.5,,7,0.921979200502018,0.3028267097394,-0.619152490762618,0.583107999418022,1.8216536244770978,-0.8996744239750798,0.921979200502018,0.10025731771933877,-0.673038208180607,0.4533661423378976,0.35310882461855886,4.997574625857509,0.12389059436133597,4,4,0.0,0.5263157894736842,1.2025011337144798,0.619152490762618,0.5779305583181507,0.42916740079862675,0.7222222222222222,0.0,0.15166560071908095,0.21771697283504227,0.28218044179511687,0.45,0.55,0,,,,,,,,,,,,,,,,,,,,,,,,,,,,,0.921979200502018,0.49281179970339123,0.06364439890476448,-0.3655230018938622,-0.30068097279969996,-0.13703705772698,0.026606857345739976,-0.1253355400184536,-0.4350710936011041,-0.7448066471837544,-0.8996744239750798,-0.8996744239750798,-0.8996744239750798,-0.7070309045356971,-0.1291003462175464,0.44883021210060425,0.8974067843327636,0.6992134261349761,0.501020067937188,0.3028267097394,,,,,,,,,,,,,,,,,,,,,,,,,7,0.5238095238095238,
omnimath-178,processbench,omnimath,omnimath,Qwen2.5-72B-Instruct,,0,final_answer_correct,False,False,,False,4.0,0.4444444444444444,,10,1.0363837643550267,0.2519451635856743,-0.7844386007693523,0.40026726397277745,1.716448183930154,-0.6800644195751274,1.0363837643550267,0.37054408072134926,-0.34037838483904004,-0.1482046213311766,-0.5187487020525259,3.95607186181533,0.1982872475954963,7,2,0.0,0.6842105263157895,0.9320095831608017,0.7844386007693523,0.3283328750020799,0.4340324519403893,0.7222222222222222,0.3888888888888889,0.21778176790884005,0.14531621663103686,0.17921960947158164,0.45,0.55,0,,,,,,,,,,,,,,,,,,,,,,,,,,,,,1.0363837643550267,0.6055197804860674,0.17465579661710806,0.1267820206316681,0.1267820206316681,0.208992802694798,0.3146923796331079,0.060570603985618365,-0.37346184795477094,-0.431937364200385,-0.18996733189017895,-0.21005936249496032,-0.5577289717434761,-0.6800644195751274,-0.3517315445730475,-0.12664385409851883,-0.2629143094704149,-0.35057051014905993,-0.04931267328169281,0.2519451635856743,,,,,,,,,,,,,,,,,,,,,,,,,10,0.26666666666666666,
omnimath-179,processbench,omnimath,omnimath,Llama-3.1-8B-Instruct,,0,final_answer_correct,False,False,,False,1.0,0.16666666666666666,,7,1.26693828675483,0.01458900295489131,-1.2523492837999386,0.4936520333396197,1.9051828535152269,-0.6382445667603968,1.26693828675483,0.4154321475616523,-0.3010856262936373,-0.3582336238845652,-0.7736657714462175,2.988922044207081,0.4189969712415732,3,2,0.0,0.8421052631578947,0.652833569715288,1.2523492837999386,0.21761118990509618,0.30363569162727067,1.0,0.0,0.05488578381836259,0.16879622564266858,0.23624503036423286,0.3,0.7,0,,,,,,,,,,,,,,,,,,,,,,,,,,,,,1.26693828675483,0.9633025951275593,0.6596669035002887,0.356031211873018,0.11539651264278372,-0.11263798810804326,-0.3406724888588703,-0.40306175343012884,-0.3826283999116031,-0.3621950463930773,-0.31910448429542076,-0.25335671361863327,-0.18760894294184596,-0.1996440434647516,-0.367244886387044,-0.5348457293093364,-0.6382445667603968,-0.420633376855301,-0.20302218695020485,0.01458900295489131,,,,,,,,,,,,,,,,,,,,,,,,,7,0.47619047619047616,
omnimath-180,processbench,omnimath,omnimath,Llama-3.1-8B-Instruct,,0,final_answer_correct,False,False,,False,1.0,0.08333333333333333,,13,0.6159153270936885,0.27828486982540834,-0.3376304572682801,0.3434406534202278,1.4113859437185963,-0.7954706166249078,0.6159153270936885,-0.035558688929626825,-0.04785011820999095,0.05478962797825871,0.09034831690788553,5.977801771706546,0.056480704807963744,7,8,0.0,0.42105263157894735,1.0737554864503163,0.3376304572682801,0.537636796802084,0.6567720833633313,0.4444444444444444,0.8888888888888888,0.3898784625902143,0.13634658812057818,0.1491027822259668,0.5,0.5,0,,,,,,,,,,,,,,,,,,,,,,,,,,,,,0.6159153270936885,0.19714510117606138,-0.175493978731505,-0.48354945422498646,-0.3766003734638296,-0.16047982702931357,0.13415238267249702,-0.21927342908227448,-0.7954706166249078,-0.25783381982282383,0.030013796952385992,0.06807223370072112,0.38450136091479714,0.45503964649216533,-0.0168166040158364,0.16827195895968527,0.3955350846241539,-0.2612369987391774,-0.23530054278468143,0.27828486982540834,,,,,,,,,,,,,,,,,,,,,,,,,13,0.20512820512820512,
omnimath-181,processbench,omnimath,omnimath,Llama-3.1-8B-Instruct,,0,final_answer_correct,False,False,,False,4.0,0.26666666666666666,,16,0.24576667996249588,0.472483697214407,0.2267170172519111,0.29404358560752863,1.048891038558942,-0.5447144177850746,0.5041766207738675,0.0044935066993258554,-0.05320453172836397,0.019774518426412757,0.015281011727086902,5.6711553516577435,0.03997721860778142,8,8,0.05263157894736842,0.7368421052631579,1.0171981149994815,0.03169292355946052,0.8168879654546837,0.42552355321001617,0.7777777777777778,0.5,0.38567965034240276,0.11877271382833181,0.12988921706057135,0.5,0.5,0,,,,,,,,,,,,,,,,,,,,,,,,,,,,,0.24576667996249588,0.5041766207738675,0.23658888966952518,-0.10599438656967672,-0.2973614888323147,-0.4154128577567597,-0.13630891035185644,0.14521508177852147,0.1906011875703307,-0.1169135885107016,-0.5424371417207178,0.02039176628632422,0.1327292716504001,-0.2020182991527049,-0.5447144177850746,0.2721735476696091,0.1553275339911553,-0.11997412227615664,-0.11664912825546364,0.472483697214407,,,,,,,,,,,,,,,,,,,,,,,,,16,0.15,
omnimath-182,processbench,omnimath,omnimath,Qwen2-7B-Instruct,,0,final_answer_correct,False,False,,False,1.0,0.25,,5,1.5272437598812982,-0.9576628899067016,-2.484906649788,0.6613638670473904,2.484906649788,-0.9576628899067016,1.5272437598812982,0.5316632050022979,0.004307979002110773,-0.8001710344008526,-1.3318342394031504,3.3628804159072185,0.7389220972692947,2,3,0.0,1.0,0.0,2.484906649788,0.10974672076490238,0.3658299469384798,0.2777777777777778,0.0,0.052096637763696295,0.23126602631267298,0.28372742223138575,0.5,0.5,0,,,,,,,,,,,,,,,,,,,,,,,,,,,,,1.5272437598812982,1.1614138129428184,0.7955838660043387,0.429753919065859,0.06392397212737921,-0.18301180788525523,-0.07326508712035285,0.03648163364454951,0.1462283544094519,0.25597507517435425,0.20760325102925548,0.0011128819741548779,-0.20537748708094528,-0.4118678561360454,-0.6183582251911459,-0.7154043025788865,-0.7759689494108403,-0.836533596242794,-0.8970982430747477,-0.9576628899067016,,,,,,,,,,,,,,,,,,,,,,,,,5,0.8,
omnimath-183,processbench,omnimath,omnimath,Qwen2.5-Math-7B-Instruct,,0,final_answer_correct,False,False,,False,2.0,0.3333333333333333,,7,1.1791791959544031,-0.6533663712477492,-1.8325455672021524,0.4998414074265775,1.8325455672021524,-0.6533663712477492,1.1791791959544031,0.3268146147619088,-0.09270379568844465,-0.36537715290266504,-0.6921917676645739,4.647032932376251,0.3943474457507414,4,3,0.0,1.0,0.0,1.8325455672021524,0.3865054052705804,0.38650540527058075,0.3888888888888889,0.5555555555555556,0.13358675983773624,0.19242592128654284,0.22010028048162994,0.35,0.65,0,,,,,,,,,,,,,,,,,,,,,,,,,,,,,1.1791791959544031,0.9008082192126625,0.6224372424709219,0.3440662657291813,0.0473980834160912,-0.252929540011269,-0.5532571634386291,-0.3956961010673623,-0.00919069579678189,0.3773147094737984,0.37731470947379875,-0.009190695796782,-0.3956961010673621,-0.5937823950384215,-0.4150304664104381,-0.23627853778245472,-0.11711058536379965,-0.2958625139917826,-0.4746144426197659,-0.6533663712477492,,,,,,,,,,,,,,,,,,,,,,,,,7,0.5238095238095238,
omnimath-184,processbench,omnimath,omnimath,Qwen2.5-Math-7B-Instruct,,0,final_answer_correct,False,False,,False,0.0,0.0,,6,-0.1575155840008592,-0.9270673005348979,-0.7695517165340388,0.5998593746943892,2.2602211962537218,-0.9270673005348979,1.3331538957188238,-0.05860843632791075,0.6549410057336423,-0.44836032221958416,-0.3897518858916734,4.12058251515546,0.1867579920323487,2,2,0.42105263157894735,1.0,0.0,2.2602211962537218,0.4901267687051667,0.3441851913616235,0.3333333333333333,0.5555555555555556,0.09800557192509679,0.27338552780503705,0.19917722517890618,0.45,0.55,0,,,,,,,,,,,,,,,,,,,,,,,,,,,,,-0.1575155840008592,-0.21913089053120172,-0.28074619706154424,-0.3423615035918868,-0.2936283950751277,0.19649837363003891,0.6866251423352054,1.1767519110403721,1.3331538957188238,0.9889687043572009,0.6447835129955778,0.3005983216339543,0.11232848260138419,0.028002211788183157,-0.05632405902501808,-0.14065032983821926,-0.3195264716922358,-0.5220400813064563,-0.7245536909206771,-0.9270673005348979,,,,,,,,,,,,,,,,,,,,,,,,,6,0.8,
omnimath-185,processbench,omnimath,omnimath,Qwen2.5-72B-Instruct,,0,final_answer_correct,False,False,,False,1.0,0.125,,9,-0.007652280375602172,-0.3664083905181592,-0.35875611014255704,0.42359430766802186,1.4661243146321312,-0.5593594863357598,0.9067648282963715,-0.19744323261757032,0.3739408409904084,-0.16489813991128857,0.03254509270628175,4.980015298563433,0.07203915824235442,6,6,0.631578947368421,0.3684210526315789,0.19295109581760062,1.2731732188145308,0.5456228406954857,0.5658547639175697,0.4444444444444444,0.7222222222222222,0.2419967118134022,0.17063091123753887,0.1583261902804321,0.35,0.65,0,,,,,,,,,,,,,,,,,,,,,,,,,,,,,-0.007652280375602172,-0.2570716325120494,-0.5064909846484966,-0.39670446488014016,-0.07139442196890133,0.0912605994867182,-0.23404944342452078,-0.5593594863357598,-0.12260325609111494,0.4230195846043707,0.7551290404961041,0.8737251115840845,0.9067648282963715,0.340910064378803,-0.22494469953876672,-0.22082687060972775,-0.02671817739848592,0.021808995904325196,-0.172299697306917,-0.3664083905181592,,,,,,,,,,,,,,,,,,,,,,,,,9,0.3333333333333333,
omnimath-186,processbench,omnimath,omnimath,Llama-3.1-8B-Instruct,,0,final_answer_correct,False,False,,False,2.0,0.3333333333333333,,7,0.8588551197843007,0.02842419698128191,-0.8304309228030188,0.5047563922937465,1.721537427030093,-0.8626823072457922,0.8588551197843007,0.5036883872968495,-0.5456268843642199,-0.1067347914504508,-0.6104231787473003,2.6126439312571668,0.3178507843598218,1,2,0.0,0.5263157894736842,0.8911065042270742,0.8304309228030188,0.2560832261735778,0.2597745536943178,0.5555555555555556,0.2222222222222222,0.05718048718816948,0.1823722547138687,0.22907116612258363,0.35,0.65,0,,,,,,,,,,,,,,,,,,,,,,,,,,,,,0.8588551197843007,0.7906353080363387,0.7224154962883768,0.6541956845404148,0.4263469211704896,0.16657236747617182,-0.09320218621814591,-0.3505158548986368,-0.6065990810722144,-0.8626823072457919,-0.8626823072457922,-0.6065990810722144,-0.35051585489863724,-0.17979370411625228,-0.17979370411625228,-0.17979370411625228,-0.16883486721638202,-0.10308184581716082,-0.037328824417939444,0.02842419698128191,,,,,,,,,,,,,,,,,,,,,,,,,7,0.42857142857142855,
omnimath-187,processbench,omnimath,omnimath,Llama-3.1-70B-Instruct,,0,final_answer_correct,False,False,,False,5.0,0.3125,,17,0.6670116402230997,0.24719058768873148,-0.4198210525343682,0.25741747371921875,1.0872389871284938,-0.42022734690539404,0.6670116402230997,0.007723561134207199,-0.002350437552145142,-0.010409316891457706,-0.018132878025664906,3.304818393975231,0.12703301739657247,7,6,0.0,0.21052631578947367,0.6674179345941256,0.4198210525343682,0.38957770269314995,0.35098616902430924,1.0,0.1111111111111111,0.21801726131593874,0.10529721900745778,0.10653942082117338,0.4,0.6,0,,,,,,,,,,,,,,,,,,,,,,,,,,,,,0.6670116402230997,0.33230470039388915,0.2303747709974202,-0.12061139802688903,-0.42022734690539404,-0.38445912863267895,-0.2503283101099967,-0.2503283101099967,-0.07840913584778264,0.1590137116424909,0.16169619970176147,-0.06453178809916069,-0.1667357214227378,0.22284198127040944,0.08551078823135327,-0.12044326241123911,-0.09330335616891294,-0.039023543684260475,-0.14238711500441845,0.24719058768873148,,,,,,,,,,,,,,,,,,,,,,,,,17,0.10294117647058823,
omnimath-188,processbench,omnimath,omnimath,Llama-3.1-8B-Instruct,,0,final_answer_correct,False,False,,False,2.0,0.14285714285714285,,15,0.3522002692588183,0.061398069470796894,-0.2908021997880214,0.27031765953157255,0.98394938034797,-0.6317491110891517,0.3522002692588183,0.15446432803585308,-0.11851391845902848,-0.05009118668262697,-0.20455551471848005,5.030442727375275,0.05780847045638719,11,8,0.0,0.47368421052631576,0.6931471805599485,0.2908021997880214,0.5773230865817895,0.8135860298216918,0.5555555555555556,0.3888888888888889,0.42807612578757936,0.11198143466405641,0.11442614731695591,0.65,0.35,0,,,,,,,,,,,,,,,,,,,,,,,,,,,,,0.3522002692588183,0.1470783999402632,0.09104736828713354,0.09991662013087148,0.06396597284813199,0.07829301492736346,0.24874865085838965,0.29806349442135327,-0.5155225354003385,-0.6317491110891517,-0.2524156416013569,0.3249074449804326,-0.18583258280057935,0.13295150227644115,0.21081120713905563,-0.26690863758727057,0.13024667874207724,-0.12109467929311729,-0.3149997585673038,0.061398069470796894,,,,,,,,,,,,,,,,,,,,,,,,,15,0.14285714285714285,
omnimath-189,processbench,omnimath,omnimath,Qwen2.5-Math-7B-Instruct,,0,final_answer_correct,False,False,,False,1.0,0.3333333333333333,,4,0.5828307767065161,-0.533481089060994,-1.1163118657675102,0.5052040511256561,1.742457476044963,-0.8933062298638991,0.849151246181064,-0.1552377265786915,0.10015745474921396,0.042615717289863464,0.19785344386855497,4.601226817857437,0.24261178810726855,2,3,0.6842105263157895,0.3157894736842105,0.35982514080290506,1.382632335242058,0.30020178868966507,0.24602283442840256,0.5,0.0,0.05982584079711541,0.21506399969758738,0.2215573796509455,0.5,0.5,0,,,,,,,,,,,,,,,,,,,,,,,,,,,,,0.5828307767065161,0.3368079422781135,0.090785107849711,-0.1552377265786915,-0.40126056100709406,-0.6472833954354965,-0.8933062298638991,-0.7751793155469235,-0.4749775268572586,-0.17477573816759362,0.12542605052207145,0.4256278392117365,0.7258296279014014,0.849151246181064,0.6187125236407208,0.3882738011003777,0.15783507856003498,-0.07260364398030761,-0.30304236652065075,-0.533481089060994,,,,,,,,,,,,,,,,,,,,,,,,,4,0.5,
omnimath-190,processbench,omnimath,omnimath,Qwen2.5-7B-Instruct,,0,final_answer_correct,False,False,,False,2.0,0.4,,6,0.11265938976008759,-0.660160607586987,-0.7728199973470746,0.5439931616009483,2.1970215096691357,-0.7607057220407121,1.4363157876284236,-0.11214620788609249,-0.22413352846470205,0.5171950578785528,0.6293412657646453,6.025016673256447,0.12826852426441088,4,5,0.7894736842105263,0.5789473684210527,0.10054511445372505,2.0964763952154106,0.6416806931981871,0.5854769825934345,0.7777777777777778,1.0,0.15778139200018526,0.21524326673073996,0.17778265708995217,0.4,0.6,0,,,,,,,,,,,,,,,,,,,,,,,,,,,,,0.11265938976008759,-0.00737114917473547,-0.12740168810955854,-0.24743222704438156,-0.31485153630653673,-0.17182592687801979,-0.028800317449502844,0.11422529197901404,0.08701167179179091,-0.19556079281904334,-0.47813325742987756,-0.7607057220407121,-0.4887262919661359,0.15295440123204962,0.7946350944302365,1.4363157876284236,1.0962703401933152,0.5107933575998818,-0.07468362499355252,-0.660160607586987,,,,,,,,,,,,,,,,,,,,,,,,,6,0.6666666666666666,
omnimath-191,processbench,omnimath,omnimath,Qwen2.5-Math-7B-Instruct,,0,final_answer_correct,False,False,,False,5.0,0.3333333333333333,,16,0.49306423641719693,0.061548987813066974,-0.43151524860412993,0.24539229499691312,0.9227568521129031,-0.3445353625062878,0.5782214896066153,-0.0030502813521254535,-0.08942129580860422,0.1284668471759441,0.13151712852806954,5.488604197735379,0.07862021618942297,11,12,0.7368421052631579,0.3684210526315789,0.40608435031935475,0.5166725017935484,0.7267438640396691,0.7239655771467082,0.7222222222222222,0.0,0.5102508773689869,0.09747605463142059,0.09130105248489273,0.45,0.55,0,,,,,,,,,,,,,,,,,,,,,,,,,,,,,0.49306423641719693,-0.23090134072951124,-0.0817792928404738,0.0044185764571303965,-0.22137823897492181,0.04386603613881779,-0.028641945933116433,-0.3445353625062878,-0.2747039385917107,0.38090734535028525,0.014376692505701005,-0.034494061206910426,-0.21897737177825305,-0.14852237443305377,0.5782214896066153,-0.08895159829275257,0.2017026025071191,0.17141512583247875,-0.1531355244108631,0.061548987813066974,,,,,,,,,,,,,,,,,,,,,,,,,16,0.13333333333333333,
omnimath-192,processbench,omnimath,omnimath,Qwen2-7B-Instruct,,0,final_answer_correct,False,False,,False,2.0,0.2857142857142857,,8,1.4534577671011282,-0.1719851644022068,-1.625442931503335,0.5951857899415381,2.185688978603463,-0.7322312115023346,1.4534577671011282,0.4650915890073072,-0.20534076668138188,-0.4721327337226808,-0.9372243227299879,3.9843080078054154,0.40796116372505054,3,3,0.0,0.7368421052631579,0.5602460471001278,1.625442931503335,0.3095932455254562,0.4130303165527436,0.3333333333333333,0.16666666666666666,0.09793590178757189,0.21611946751562408,0.26684649981835445,0.35,0.65,0,,,,,,,,,,,,,,,,,,,,,,,,,,,,,1.4534577671011282,1.1372833222838823,0.8211088774666364,0.47726132643924835,0.06423100988650476,-0.3487993066662388,-0.348901873460011,-0.03930862793455481,0.2702846175909014,0.09876242954418044,-0.15294566409790344,-0.3898659480619076,-0.5380593739574323,-0.686252799852957,-0.7322312115023346,-0.6419229374901827,-0.551614663478031,-0.4326998955081508,-0.3023425299551788,-0.1719851644022068,,,,,,,,,,,,,,,,,,,,,,,,,8,0.5357142857142857,
omnimath-193,processbench,omnimath,omnimath,Qwen2.5-Math-72B-Instruct,,0,final_answer_correct,False,False,,False,1.0,0.25,,5,1.4239806143189835,0.43659396076109813,-0.9873866535578854,0.6246181037162404,2.140066163496271,-0.7160855491772876,1.4239806143189835,0.3246418809642397,-0.6771511333567455,-0.1599682417508736,-0.4846101227151133,3.292745673434657,0.29986726928956653,1,2,0.0,0.7368421052631579,1.1526795099383857,0.9873866535578854,0.24266937051334458,0.38997559811462956,0.9444444444444444,0.0,0.03514694270155414,0.19932937097985043,0.3706980818424896,0.3,0.7,0,,,,,,,,,,,,,,,,,,,,,,,,,,,,,1.4239806143189835,1.034005016204354,0.6440294180897245,0.254053819975095,-0.13592177813953454,-0.4435446384334952,-0.504109285265449,-0.5646739320974027,-0.6252385789293565,-0.6858032257613103,-0.7160855491772872,-0.7160855491772873,-0.7160855491772874,-0.7160855491772875,-0.7160855491772876,-0.5340835212922793,-0.2914141507789352,-0.04874478026559104,0.19392459024775355,0.43659396076109813,,,,,,,,,,,,,,,,,,,,,,,,,5,0.8,
omnimath-194,processbench,omnimath,omnimath,Qwen2-7B-Instruct,,0,final_answer_correct,False,False,,False,3.0,0.75,,5,-0.4806525321494978,-0.7037960834637076,-0.22314355131420976,0.7838495658791211,2.03401805655587,-0.9460546707915232,1.087963385764347,0.4392876302360652,0.5876466238564169,-0.8344434583143675,-1.2737310885504327,3.84489256179753,0.058036355431967564,2,2,0.2631578947368421,0.7894736842105263,0.24225858732781558,1.7917594692280545,0.3302349300871253,0.43777716666943944,0.1111111111111111,0.5555555555555556,0.07035299501433112,0.4135173070673591,0.30442335562930073,0.5,0.5,0,,,,,,,,,,,,,,,,,,,,,,,,,,,,,-0.4806525321494978,-0.15041760206237265,0.17981732802475253,0.5100522581118778,0.8402871881990028,1.087963385764347,1.087963385764347,1.087963385764347,1.087963385764347,1.087963385764347,0.8690748024296276,0.4312976357601882,-0.006479530909250242,-0.4442566975786888,-0.8820338642481282,-0.9460546707915232,-0.8854900239595693,-0.8249253771276155,-0.7643607302956615,-0.7037960834637076,,,,,,,,,,,,,,,,,,,,,,,,,5,0.7,
omnimath-195,processbench,omnimath,omnimath,Llama-3.1-70B-Instruct,,0,final_answer_correct,False,False,,False,2.0,0.2857142857142857,,8,-0.02730521423403401,0.513316218142343,0.5406214323763769,0.5831893652571414,1.8434071445423756,-0.8093913455884685,1.0340157989539072,0.06320734313316044,-0.6494476336389913,0.607115898868016,0.5439085557348555,4.065066446724143,0.13299202841125507,3,3,0.8421052631578947,0.5789473684210527,1.3227075637308114,0.5206995808115642,0.5866941902073597,0.3231773157704463,0.7777777777777778,0.16666666666666666,0.1264789908475099,0.2439198974667685,0.26696922948340446,0.45,0.55,0,,,,,,,,,,,,,,,,,,,,,,,,,,,,,-0.02730521423403401,0.17597963821839147,0.3792644906708169,0.4321315807738505,0.10895426500340422,-0.21422305076704207,-0.41235030773326403,-0.5166900205963176,-0.6210297334593713,-0.6980544470137494,-0.7705266606833483,-0.8093913455884685,-0.6466108579067172,-0.48383037022496606,-0.13937258146081083,0.4473216087465488,1.0340157989539072,1.020504159836624,0.7669101889894835,0.513316218142343,,,,,,,,,,,,,,,,,,,,,,,,,8,0.42857142857142855,
omnimath-196,processbench,omnimath,omnimath,Llama-3.1-8B-Instruct,,0,final_answer_correct,False,False,,False,3.0,0.6,,6,0.6290956080616144,0.6290956080616144,0.0,0.5935450019258847,1.6627772486556736,-1.0336816405940592,0.6290956080616144,0.17261954679348832,-0.7798724965949653,0.4215058833718635,0.2488863365783752,3.325554497311347,0.0,1,2,0.0,0.42105263157894735,1.6627772486556736,0.0,0.3143166719236279,0.3296744653935179,0.7222222222222222,0.2222222222222222,0.06185130088198893,0.22386759287903285,0.30995436029799067,0.55,0.45,0,,,,,,,,,,,,,,,,,,,,,,,,,,,,,0.6290956080616144,0.5136643233799927,0.3982330386983709,0.2828017540167492,0.12452183319274827,-0.20515263220076962,-0.5348270975942875,-0.8645015629878053,-1.0336816405940592,-0.9621201365194166,-0.8905586324447741,-0.8189971283701314,-0.6017825235860985,-0.2874658516624713,0.026850820261156594,0.34116749218478437,0.45141288583100575,0.5106404599078752,0.5698680339847447,0.6290956080616144,,,,,,,,,,,,,,,,,,,,,,,,,6,0.3333333333333333,
omnimath-197,processbench,omnimath,omnimath,Qwen2-7B-Instruct,,0,final_answer_correct,False,False,,False,3.0,0.3333333333333333,,10,0.9357776307475743,-0.0908611582954464,-1.0266387890430206,0.38894776200929904,1.6771054319073695,-0.7413278011597951,0.9357776307475743,-0.05749907804479732,-0.015778055699097626,0.011374509328217049,0.06887358737301437,4.809426489226152,0.213463869619974,4,5,0.0,0.21052631578947367,0.6504666428643487,1.0266387890430206,0.5934140377083321,0.6225730396554321,0.2777777777777778,0.0,0.23188841501143967,0.1428886252222588,0.1651232692341569,0.5,0.5,0,,,,,,,,,,,,,,,,,,,,,,,,,,,,,0.9357776307475743,0.31320459109214216,-0.30936844856328993,-0.549265381529612,-0.7413278011597951,-0.32246408730446635,0.2709499504038657,0.07314527116775504,-0.5202687665405772,-0.5258953775365163,-0.061292047162541,0.23846843906789675,0.3321753701189115,0.3532207209913878,0.2289429115067864,0.10879359814358307,0.003094021205273023,-0.09086115829544705,-0.09086115829544673,-0.0908611582954464,,,,,,,,,,,,,,,,,,,,,,,,,10,0.28888888888888886,
omnimath-198,processbench,omnimath,omnimath,Qwen2.5-7B-Instruct,,0,final_answer_correct,False,False,,False,3.0,0.75,,5,1.4102969092416275,-0.36664747420128696,-1.7769443834429146,0.7375910064959917,2.3860475910173324,-0.9757506817757049,1.4102969092416275,0.8050592538644115,-0.487145017433971,-0.6913186286987765,-1.496377882563188,2.9951507985917503,0.5932737624691191,1,1,0.0,0.7368421052631579,0.6091032075744179,1.7769443834429146,0.13389237194105208,0.20199989183271416,1.0,0.0,0.018660681320764833,0.2819856827366617,0.37811128859564047,0.4,0.6,0,,,,,,,,,,,,,,,,,,,,,,,,,,,,,1.4102969092416275,1.2082970174089134,1.0062971255761994,0.8042972337434854,0.6022973419107713,0.40118647355247117,0.20274267561741244,0.004298877682353763,-0.19414492025270497,-0.3925887181877637,-0.5455817354464498,-0.6531239720287638,-0.7606662086110774,-0.8682084451933911,-0.9757506817757049,-0.9022169619654945,-0.7683245900244428,-0.634432218083391,-0.500539846142339,-0.36664747420128696,,,,,,,,,,,,,,,,,,,,,,,,,5,0.8,
omnimath-199,processbench,omnimath,omnimath,Qwen2-72B-Instruct,,0,final_answer_correct,False,False,,False,2.0,0.6666666666666666,,4,1.4479285524698082,-0.5520488178557807,-1.999977370325589,0.7943650346617778,2.510605634177608,-1.0626770817078002,1.4479285524698082,0.8545145147614761,-0.535759469364269,-0.7648105944607888,-1.619325109222265,3.021233898029628,0.6619736961212845,1,1,0.0,0.6842105263157895,0.5106282638520194,1.999977370325589,0.08510471064200331,0.20308593198361719,0.7222222222222222,0.5,0.016303994187396018,0.3020688282991181,0.41994774074833224,0.4,0.6,0,,,,,,,,,,,,,,,,,,,,,,,,,,,,,1.4479285524698082,1.2501238732336974,1.0523191939975869,0.8545145147614761,0.6567098355253654,0.45890515628925466,0.261100477053144,0.059774962652028946,-0.14331096933158816,-0.34639690131520523,-0.5494828332988224,-0.7525687652824395,-0.9556546972660565,-1.0626770817078002,-0.9775723710657969,-0.8924676604237936,-0.8073629497817905,-0.7222582391397874,-0.6371535284977841,-0.5520488178557807,,,,,,,,,,,,,,,,,,,,,,,,,4,1.0,
omnimath-500,processbench,omnimath,omnimath,Qwen2.5-7B-Instruct,,1,final_answer_correct,True,True,,False,,,,7,1.353144507952214,0.6841223675086107,-0.6690221404436033,0.5102018865339165,1.9567637336467243,-0.6036192256945102,1.353144507952214,-0.015118854672939053,-0.20304142063877983,-0.10289492011191143,-0.08777606543897237,4.284246319428551,0.15615865441948726,3,2,0.0,0.21052631578947367,1.2877415932031209,0.6690221404436033,0.4066552399588806,0.6179253895726498,0.9444444444444444,0.0,0.09133620759426847,0.15836234250985165,0.2655869149025267,0.25,0.75,0,,,,,,,,,,,,,,,,,,,,,,,,,,,,,1.353144507952214,0.7352191183795642,0.11729372880691447,-0.5006316607657353,-0.6036192256945102,-0.6036192256945102,-0.6036192256945102,-0.47045658174850796,-0.2707126158295046,-0.07096864991050122,-0.015972856078677586,-0.10572523433403394,-0.19547761258939012,-0.29197639398084324,-0.4019679816444906,-0.511959569308138,-0.5358433523680302,-0.12918811240915046,0.27746712754973013,0.6841223675086107,,,,,,,,,,,,,,,,,,,,,,,,,7,0.5238095238095238,
omnimath-501,processbench,omnimath,omnimath,Llama-3.1-70B-Instruct,,1,final_answer_correct,True,True,,False,,,,5,1.4827795909687491,-0.3089798782593055,-1.7917594692280545,0.6433621372894862,2.436680821794624,-0.9539012308258747,1.4827795909687491,0.5628394285831858,-0.3062972549148176,-0.6596763073923114,-1.2225157359754972,3.081602174361193,0.5814376314163527,1,1,0.0,0.7368421052631579,0.6449213525665692,1.7917594692280545,0.1459257222231467,0.33023493008712534,1.0,0.05555555555555555,0.04788707090318257,0.20557743269862466,0.3136905641323891,0.25,0.75,0,,,,,,,,,,,,,,,,,,,,,,,,,,,,,1.4827795909687491,1.1525446608816239,0.8223097307944985,0.4920748007073732,0.16183987062024796,-0.08583632694509605,-0.08583632694509605,-0.08583632694509605,-0.08583632694509605,-0.08583632694509605,-0.18228798293184914,-0.37519129490535574,-0.5680946068788619,-0.7609979188523681,-0.9539012308258747,-0.8926827671518915,-0.7467570449287452,-0.6008313227055988,-0.4549056004824522,-0.3089798782593055,,,,,,,,,,,,,,,,,,,,,,,,,5,0.6,
omnimath-504,processbench,omnimath,omnimath,Qwen2.5-Math-7B-Instruct,,1,final_answer_correct,True,True,,False,,,,6,1.582238034779867,-0.3258705496804344,-1.9081085844603014,0.605055742397026,2.3695431790388746,-0.7873051442590075,1.582238034779867,0.3515761627037269,-0.11558807323077804,-0.5618593904604158,-0.9134355531641427,4.652716416033142,0.4101063580589197,3,3,0.0,0.7894736842105263,0.46143459457857317,1.9081085844603014,0.2880135649664103,0.47151564979685656,0.5555555555555556,0.05555555555555555,0.10419578811412893,0.2065267300723812,0.29248871589497394,0.35,0.65,0,,,,,,,,,,,,,,,,,,,,,,,,,,,,,1.582238034779867,1.1107223849830106,0.639206735186154,0.16769108538929745,-0.23231370100750331,-0.3462750338040805,-0.46023636660065764,-0.5741976993972349,-0.5273690730886175,-0.23935550812220752,0.048658056844202435,0.3366716218106127,0.24534668245448027,-0.09887059311668178,-0.44308786868784467,-0.7873051442590075,-0.7445111152273867,-0.6049642600450694,-0.4654174048627519,-0.3258705496804344,,,,,,,,,,,,,,,,,,,,,,,,,6,0.6666666666666666,
omnimath-508,processbench,omnimath,omnimath,Qwen2.5-72B-Instruct,,1,final_answer_correct,True,True,,False,,,,11,0.8660033175824409,0.09548247736338822,-0.7705208402190526,0.3690686889694362,1.4171480051441052,-0.5511446875616645,0.8660033175824409,0.32569878103372235,-0.3311973341496186,-0.06105770872940725,-0.3867564897631296,4.273719492724001,0.18029279683209506,5,6,0.0,0.5263157894736842,0.6466271649250527,0.7705208402190526,0.34033008680265975,0.45273750801216356,1.0,0.8888888888888888,0.17524427091581493,0.13750775844281593,0.1577495646522018,0.5,0.5,0,,,,,,,,,,,,,,,,,,,,,,,,,,,,,0.8660033175824409,0.5542867906555138,0.2558798749370034,0.077259460094244,-0.01640104969614583,0.2297780607229433,0.3130850129400568,0.01635692935255828,-0.24367250327609324,-0.44865395946647396,-0.5511446875616645,-0.5511446875616645,-0.39782642994639106,-0.14229600058760133,0.07240808327739792,0.2696151619307722,-0.05313342874828336,-0.5058709367604469,-0.24484760943927153,0.09548247736338822,,,,,,,,,,,,,,,,,,,,,,,,,11,0.21818181818181817,
omnimath-509,processbench,omnimath,omnimath,Llama-3.1-8B-Instruct,,1,final_answer_correct,True,True,,False,,,,6,1.210693469341701,0.33517964567602465,-0.8755138236656764,0.7375214298669671,2.3368025373341466,-1.1261090679924455,1.210693469341701,0.7004710360587801,-0.6093159113125043,-0.4589151980852242,-1.1593862341440042,3.798091251002617,0.23051416245846096,1,2,0.0,0.631578947368421,1.4612887136684702,0.8755138236656764,0.3455711204471238,0.31894278898695805,0.9444444444444444,0.5555555555555556,0.05088215197637772,0.26853782775201795,0.3743080935163886,0.45,0.55,0,,,,,,,,,,,,,,,,,,,,,,,,,,,,,1.210693469341701,1.0310103078908046,0.8513271464399084,0.6716439849890119,0.5031713433985809,0.3795407812500118,0.25591021910144257,0.13227965695287341,-0.06947579593105105,-0.38841858491800874,-0.7073613739049665,-1.0263041628919245,-1.1261090679924455,-1.0798220505020075,-1.0335350330115698,-0.9872480155211317,-0.7015337156653461,-0.35596259521822293,-0.01039147477109914,0.33517964567602465,,,,,,,,,,,,,,,,,,,,,,,,,6,0.7333333333333333,
omnimath-511,processbench,omnimath,omnimath,Qwen2.5-72B-Instruct,,1,final_answer_correct,True,True,,False,,,,5,1.0152013950008518,0.8122605510041614,-0.20294084399669043,0.6073255717327947,2.073175269736993,-1.0579738747361414,1.0152013950008518,0.3026686264647206,-0.6420642463154639,-0.16510132166690028,-0.46776994813162087,3.943409695477296,0.05146329183839145,1,2,0.0,0.7368421052631579,1.8702344257403027,0.20294084399669043,0.39939368102860695,0.2492147572649298,0.9444444444444444,0.05555555555555555,0.03849837559309892,0.19112300061408122,0.3594418640619115,0.4,0.6,0,,,,,,,,,,,,,,,,,,,,,,,,,,,,,1.0152013950008518,0.7659866377359221,0.5167718804709923,0.2675571232060625,0.01834236594113281,-0.18990897085536268,-0.27527004624655516,-0.3606311216377477,-0.44599219702894016,-0.5313532724201326,-0.6278049284068858,-0.7353471649891998,-0.8428894015715136,-0.9504316381538274,-1.0579738747361414,-0.7853141731102649,-0.3859204920816587,0.01347318894694749,0.41286686997555444,0.8122605510041614,,,,,,,,,,,,,,,,,,,,,,,,,5,0.6,
omnimath-513,processbench,omnimath,omnimath,Qwen2.5-72B-Instruct,,1,final_answer_correct,True,True,,False,,,,4,-0.9625581584636955,0.0411553883816184,1.003713546845314,0.49758058974575275,1.9888149649066553,-0.9625581584636955,1.0262568064429598,0.03184932398963209,0.3660520726590787,-0.06009427412433937,-0.09194359811397146,3.4599147629965943,0.29009776702591616,2,3,0.3157894736842105,0.0,1.003713546845314,0.9851014180613414,0.331469160817776,0.2134879394761623,0.2777777777777778,0.5555555555555556,0.04438582804291579,0.24976249732608174,0.1285252907363348,0.55,0.45,0,,,,,,,,,,,,,,,,,,,,,,,,,,,,,-0.9625581584636955,-0.6310889976459196,-0.29961983682814375,0.03184932398963214,0.363318484807408,0.6947876456251838,1.0262568064429598,0.9944212337314436,0.7809332942552816,0.5674453547791195,0.35395741530295743,0.14046947582679514,-0.0730184636493667,-0.20184380163268023,-0.16134393663029709,-0.12084407162791395,-0.0803442066255309,-0.03984434162314787,0.0006555233792352733,0.0411553883816184,,,,,,,,,,,,,,,,,,,,,,,,,4,0.6666666666666666,
omnimath-516,processbench,omnimath,omnimath,Qwen2.5-7B-Instruct,,1,final_answer_correct,True,True,,False,,,,7,0.9111177723189415,-0.6536391686958599,-1.5647569410148015,0.5632897183386224,1.5647569410148015,-0.6536391686958599,0.9111177723189415,0.4259539189547642,-0.07318767428420206,-0.45673230362847733,-0.8826862225832415,3.966759845654628,0.39446727351768185,2,3,0.0,0.8421052631578947,0.0,1.5647569410148015,0.3616207276746328,0.4430404464016119,0.5555555555555556,0.7777777777777778,0.13300369553769234,0.24967872810196196,0.26323023355580843,0.45,0.55,0,,,,,,,,,,,,,,,,,,,,,,,,,,,,,0.9111177723189415,0.8432766489297461,0.7754355255405507,0.7075944021513552,0.34104367537183594,-0.08524897208574811,-0.5115416195433321,-0.5993593562112074,-0.5179396374842286,-0.4365199187572496,-0.21499969555644408,0.14662103211818878,0.5082417597928208,0.6016420961087058,0.158601649707094,-0.2844387966945179,-0.6536391686958599,-0.6536391686958599,-0.6536391686958599,-0.6536391686958599,,,,,,,,,,,,,,,,,,,,,,,,,7,0.42857142857142855,
omnimath-520,processbench,omnimath,omnimath,Qwen2-72B-Instruct,,1,final_answer_correct,True,True,,False,,,,8,0.3560240861060805,-0.12948372967561997,-0.48550781578170044,0.46263819029321773,1.3455184322370182,-0.7000285881432332,0.645489844093785,0.36944520530772795,0.053462369897383226,-0.5198565275745133,-0.8893017328822412,2.575659257712492,0.1884984647436991,3,1,0.3157894736842105,0.8421052631578947,0.5705448584676133,0.7749735737694049,0.21020073733017347,0.23583963958705728,0.9444444444444444,0.5,0.06625498695426595,0.20347462288687587,0.21141392983744098,0.55,0.45,0,,,,,,,,,,,,,,,,,,,,,,,,,,,,,0.3560240861060805,0.26571581209392814,0.1754075380817758,0.17095898159600223,0.3811597189261754,0.5913604562563487,0.645489844093785,0.5825657198116686,0.5196415955295522,0.30850417241462935,0.07266453282757207,-0.1595124064370735,-0.3697131437672466,-0.5799138810974197,-0.700028588143233,-0.7000285881432331,-0.7000285881432332,-0.5498852043359669,-0.3396844670057934,-0.12948372967561997,,,,,,,,,,,,,,,,,,,,,,,,,8,0.21428571428571427,
omnimath-525,processbench,omnimath,omnimath,Qwen2.5-7B-Instruct,,1,final_answer_correct,True,True,,False,,,,5,0.9356457573723393,-0.2787983468208922,-1.2144441041932317,0.6627913647306825,2.021218828058,-1.0108715869431248,1.0103472411148755,-0.20182244589922918,-0.333156414606742,0.42247832524555723,0.6243007711447864,5.256881760309233,0.2310198630227119,2,3,0.7368421052631579,0.2631578947368421,0.7320732401222326,1.2891455879357676,0.3885950927364912,0.41298073811020064,0.7222222222222222,0.16666666666666666,0.0823345760016377,0.26182862800504647,0.3223277316084693,0.5,0.5,0,,,,,,,,,,,,,,,,,,,,,,,,,,,,,0.9356457573723393,0.5226650192621388,0.10968428115193829,-0.30329645695826213,-0.7162771950684628,-1.0108715869431248,-0.9503069401111709,-0.889742293279217,-0.8291776464472631,-0.7686129996153093,-0.5440331298310871,-0.15543803709459603,0.23315705564189415,0.6217521483783843,1.0103472411148755,0.8886074309642789,0.5967559865179863,0.3049045420716938,0.013053097625400856,-0.2787983468208922,,,,,,,,,,,,,,,,,,,,,,,,,5,0.7,
omnimath-527,processbench,omnimath,omnimath,Qwen2-72B-Instruct,,1,final_answer_correct,True,True,,False,,,,6,1.6276449957035728,0.4240561422366441,-1.2035888534669286,0.6824664048753435,2.7994831640341626,-1.17183816833059,1.6276449957035728,0.3879207312414735,-0.3504000701895526,-0.5117059430381677,-0.8996266742796413,5.328894670902894,0.22586088256516432,3,4,0.0,0.7894736842105263,1.595894310567234,1.2035888534669286,0.42743751248629047,0.5307687328153952,0.9444444444444444,0.0,0.09558656962092942,0.19822872990431747,0.3386082814475955,0.35,0.65,0,,,,,,,,,,,,,,,,,,,,,,,,,,,,,1.6276449957035728,1.0968762628881776,0.5661075300727825,0.03533879725738731,-0.3583147390086412,-0.20350748907720181,-0.048700239145762436,0.10610701078567697,0.1084438591421081,-0.11792489486397381,-0.34429364887005576,-0.5706624028761379,-0.7463146151205737,-0.8881557995239122,-1.0299969839272511,-1.17183816833059,-0.8582563952222264,-0.4308188827359368,-0.003381370249646354,0.4240561422366441,,,,,,,,,,,,,,,,,,,,,,,,,6,0.8,
omnimath-528,processbench,omnimath,omnimath,Qwen2.5-Math-7B-Instruct,,1,final_answer_correct,True,True,,False,,,,12,0.07383043297745395,0.3316595422795539,0.25782910930209996,0.3274104852424167,1.3116026455784398,-0.7102736195343382,0.6013290260441015,0.2639182862096146,-0.08493820259435762,-0.2326400769226773,-0.4965583631322919,4.799930980540282,0.053715170144608755,8,6,0.10526315789473684,0.8947368421052632,1.041933161813892,0.26966948376454764,0.6187553989843548,0.48600007958884,1.0,0.7777777777777778,0.27353677428434636,0.12600931869945536,0.13315831251091864,0.55,0.45,0,,,,,,,,,,,,,,,,,,,,,,,,,,,,,0.07383043297745395,0.4310917427998703,0.6013290260441015,0.27283557174650536,0.18314871778712444,0.29246736410958973,-0.00727485199734329,-0.3395778212861752,-0.08846418366199549,0.07006938462923983,0.06658783158782156,-0.05986695165447056,-0.2565921521544043,0.013276474379480707,0.18389028564836635,-0.30210979394047366,-0.6119110192843714,-0.7102736195343382,-0.28709585670480087,0.3316595422795539,,,,,,,,,,,,,,,,,,,,,,,,,12,0.18181818181818182,
omnimath-529,processbench,omnimath,omnimath,Qwen2.5-Math-72B-Instruct,,1,final_answer_correct,True,True,,False,,,,16,0.059624705796235716,-0.21230900968740626,-0.271933715483642,0.2550111199508563,0.9779608166880163,-0.4962316708217087,0.48172914586630755,0.05475929468461487,-0.027082983574493517,-0.04212744823054095,-0.09688674291515582,5.318483849601129,0.051129931607113224,9,9,0.3157894736842105,0.47368421052631576,0.2839226611343024,0.6940381555537138,0.7915657922056601,0.5455459856424411,0.5,0.3888888888888889,0.43291612866677287,0.10652355980466474,0.10947508538528454,0.5,0.5,0,,,,,,,,,,,,,,,,,,,,,,,,,,,,,0.059624705796235716,0.3968469694247495,0.08204127076722934,-0.21230900968740615,-0.21230900968740596,-0.21230900968740582,0.48172914586630755,0.31255928864199256,-0.23298669700044847,-0.4962316708217087,0.29533412138395143,0.2877345895498383,-0.0777786456457997,-0.27821187112928003,0.1136034411584337,-0.2113589064856789,0.003723026607093227,0.0972746368974636,-0.043697877873151034,-0.21230900968740626,,,,,,,,,,,,,,,,,,,,,,,,,16,0.14166666666666666,
omnimath-530,processbench,omnimath,omnimath,Llama-3.1-8B-Instruct,,1,final_answer_correct,True,True,,False,,,,4,0.9093063942014175,0.6937517030400291,-0.21555469116138837,0.5794976410590842,1.8313808308028703,-0.9220744366014528,0.9093063942014175,0.02658342533933403,-0.769621412548382,0.1637819950590442,0.13719856971971017,3.447206970444352,0.06253024347232708,1,2,0.0,0.3684210526315789,1.615826139641482,0.21555469116138837,0.21198788319239414,0.29424098962069456,0.7777777777777778,0.1111111111111111,0.028123826267393934,0.16874295760436275,0.37967165460981633,0.4,0.6,0,,,,,,,,,,,,,,,,,,,,,,,,,,,,,0.9093063942014175,0.615065404580723,0.32082441496002856,0.026583425339334,-0.26765756428136034,-0.5618985539020549,-0.8561395435227495,-0.9220744366014528,-0.873856281409161,-0.8256381262168692,-0.7774199710245774,-0.7292018158322855,-0.6809836606399937,-0.5781755961143347,-0.3661877129219406,-0.15419982972954643,0.05778805346284721,0.2697759366552409,0.48176381984763506,0.6937517030400291,,,,,,,,,,,,,,,,,,,,,,,,,4,0.6666666666666666,
omnimath-531,processbench,omnimath,omnimath,Qwen2-7B-Instruct,,1,final_answer_correct,True,True,,False,,,,6,1.6050220508410453,0.17121875570777112,-1.4338032951332742,0.6714198706681516,2.6182385080883153,-1.0132164572472697,1.6050220508410453,-0.01891758056260427,-0.5178776621232501,0.22115356409604733,0.2400711446586516,4.021519797016496,0.35653269597155557,2,2,0.0,0.3684210526315789,1.1844352129550408,1.4338032951332742,0.22196420786223214,0.6416806931981861,0.5555555555555556,0.0,0.06230457620329401,0.21143168235362736,0.3329639480648622,0.5,0.5,0,,,,,,,,,,,,,,,,,,,,,,,,,,,,,1.6050220508410453,0.9633413576428592,0.3216606644446731,-0.3200200287535129,-0.8446053254330125,-0.9008090360377649,-0.9570127466425173,-1.0132164572472697,-0.9581530004652288,-0.7361887926029969,-0.5142245847407648,-0.2922603768785327,-0.1227886124956431,0.011688189567684748,0.14616499163101287,0.280641793694341,0.2788385439176939,0.24296528118105304,0.20709201844441208,0.17121875570777112,,,,,,,,,,,,,,,,,,,,,,,,,6,0.7333333333333333,
omnimath-534,processbench,omnimath,omnimath,Qwen2.5-72B-Instruct,,1,final_answer_correct,True,True,,False,,,,11,0.5661825587972918,0.11519479863746426,-0.45098776015982756,0.3440781049672135,1.1307057808378325,-0.5645232220405406,0.5661825587972918,0.10799200989012281,-0.10011172196496042,-0.0570096241537252,-0.16500163404384802,5.998640085928174,0.07518166679440744,8,6,0.0,0.631578947368421,0.6797180206780049,0.45098776015982756,0.6119373858187228,0.7752033606659015,0.1111111111111111,0.5555555555555556,0.3937834559092835,0.14077400427053627,0.15511879074284698,0.45,0.55,0,,,,,,,,,,,,,,,,,,,,,,,,,,,,,0.5661825587972918,-0.03134289326548434,-0.5079220615401109,0.10401532427861193,0.5254992155730587,0.18516912877039948,-0.08565720338290711,-0.1943081080210567,-0.051629478281102315,0.46804345302600925,0.34027823834661547,-0.43492512231928593,-0.5645232220405406,-0.263717814465362,-0.3053547826487789,-0.4937527690144532,-0.16924235987785785,0.28349514813430554,0.227602219846969,0.11519479863746426,,,,,,,,,,,,,,,,,,,,,,,,,11,0.21818181818181817,
omnimath-536,processbench,omnimath,omnimath,Qwen2.5-72B-Instruct,,1,final_answer_correct,True,True,,False,,,,13,0.0892614252342364,0.31266844644853536,0.22340702121429895,0.36440800984301386,1.3410849958954079,-0.7894449952131029,0.551640000682305,0.25666639832378463,-0.11377080184494937,-0.1712461217029878,-0.42791252002677244,5.433038622761156,0.04112008706846998,7,4,0.21052631578947367,0.8421052631578947,1.1021134416616383,0.23897155423376965,0.4123410198454778,0.566453828041305,1.0,0.8333333333333334,0.30913806872462435,0.14822220891757448,0.14958258666087848,0.55,0.45,0,,,,,,,,,,,,,,,,,,,,,,,,,,,,,0.0892614252342364,0.07660410888679693,0.15629464863605486,0.3652721869206891,0.551640000682305,0.5516150045344446,0.005977413371965334,0.12220506333071957,0.488608027322881,-0.03331938048426031,-0.3709037301241554,-0.5241450215968043,-0.3627943032084475,-0.11604626815457855,0.24429785298286144,-0.22299116717179784,-0.7894449952131029,-0.4723342938674806,-0.09967257339694241,0.31266844644853536,,,,,,,,,,,,,,,,,,,,,,,,,13,0.20512820512820512,
omnimath-537,processbench,omnimath,omnimath,Qwen2.5-7B-Instruct,,1,final_answer_correct,True,True,,False,,,,10,1.0651544531029946,-0.7674270106453153,-1.8325814637483098,0.4202511341898723,1.8325814637483098,-0.7674270106453153,1.0651544531029946,0.34611412114091866,-0.04069373312698332,-0.3824402283371067,-0.7285543494780253,4.262669429384802,0.4299140466101759,6,5,0.0,1.0,0.0,1.8325814637483098,0.4877144607700221,0.4340324519403893,0.6111111111111112,0.0,0.24379898783772416,0.16375056070868904,0.17158549340494375,0.5,0.5,0,,,,,,,,,,,,,,,,,,,,,,,,,,,,,1.0651544531029946,0.6311220011626053,0.197089549222216,0.25933288521515163,0.3836106946997527,0.12636855318925844,-0.23987928860554864,-0.1902938667722094,0.06720818687520314,-0.009382509469994443,-0.3532474058092799,-0.3275214767666512,0.1601929840033709,0.36818795605067767,0.016743950652551076,-0.26769196747488533,-0.31759958015490874,-0.38330217138494976,-0.5753645910151325,-0.7674270106453153,,,,,,,,,,,,,,,,,,,,,,,,,10,0.28888888888888886,
omnimath-538,processbench,omnimath,omnimath,Qwen2.5-Math-72B-Instruct,,1,final_answer_correct,True,True,,False,,,,16,0.20340171920768507,0.2674440855347798,0.0640423663270947,0.2934767272237248,1.1154991255449063,-0.5797562865143809,0.5357428390305254,0.1911391467813488,-0.005370648085077807,-0.2414455788921973,-0.4325847256735461,4.477133289073238,0.014304324261105797,8,6,0.05263157894736842,0.7894736842105263,0.8472003720491608,0.26829875349574567,0.4300543193996648,0.49660365357362035,0.5555555555555556,0.7222222222222222,0.2909638924693008,0.12100081476921128,0.1284155138931756,0.6,0.4,0,,,,,,,,,,,,,,,,,,,,,,,,,,,,,0.20340171920768507,0.5357428390305254,0.41077924588734765,0.05739834168287514,-0.202491158183648,0.19558353376819237,0.1375595060764639,0.19161415194932463,0.11412582791950654,-0.24054521448882146,-0.40915634630307873,0.020897973096586087,0.22976065170038526,0.055708419530553055,-0.4408952340430673,-0.5797562865143809,-0.3615507495801874,-0.2180637302469213,-0.1158515585034066,0.2674440855347798,,,,,,,,,,,,,,,,,,,,,,,,,16,0.11666666666666667,
omnimath-539,processbench,omnimath,omnimath,Llama-3.1-70B-Instruct,,1,final_answer_correct,True,True,,False,,,,5,1.0879633857643471,-0.7037960834637075,-1.7917594692280545,0.6621899267369515,2.0340180565558703,-0.9460546707915233,1.0879633857643471,0.2387878512545963,0.3753527402289792,-0.8344434583143676,-1.0732313095689638,4.918156084580688,0.36431529183173866,3,3,0.0,0.7894736842105263,0.2422585873278158,1.7917594692280545,0.33023493008712546,0.43777716666943955,0.4444444444444444,0.5555555555555556,0.10704576502401175,0.27243246863127146,0.30781629910633035,0.45,0.55,0,,,,,,,,,,,,,,,,,,,,,,,,,,,,,1.0879633857643471,0.7577284556772219,0.42749352559009657,0.09725859550297122,-0.232976334584154,-0.3980937996277169,-0.06785886954059162,0.2623760605465337,0.592610990633659,0.9228459207207844,0.8690748024296279,0.4312976357601883,-0.006479530909250242,-0.444256697578689,-0.8820338642481285,-0.9460546707915233,-0.8854900239595693,-0.8249253771276155,-0.7643607302956614,-0.7037960834637075,,,,,,,,,,,,,,,,,,,,,,,,,5,0.7,
omnimath-541,processbench,omnimath,omnimath,Qwen2-7B-Instruct,,1,final_answer_correct,True,True,,False,,,,8,0.1607382769896179,0.12971492044577881,-0.031023356543839087,0.34671941800823564,1.2247215682540946,-0.6236982023895482,0.6010233658645463,0.2025121206087183,-0.26647620595285193,0.026257344372560314,-0.17625477623615798,3.87240283303116,0.008011397026986281,5,4,0.7368421052631579,0.5263157894736842,0.753413122835327,0.4713084454187675,0.5527484874884449,0.4624402134762934,0.6111111111111112,0.7777777777777778,0.1738594215176858,0.13851310165888692,0.15302332821756562,0.55,0.45,0,,,,,,,,,,,,,,,,,,,,,,,,,,,,,0.1607382769896179,0.14198072508368217,0.12322317317774645,0.14179922679350507,0.2537092942134996,0.36561936163349407,0.2305147863694827,-0.08985077090753302,-0.4102163281845488,-0.5333899283773958,-0.6236982023895482,-0.6221412247587574,-0.06939273727031259,0.48335575021813226,0.6010233658645463,0.13858315238825292,-0.3238570610880396,-0.301851847732044,-0.08606846364313259,0.12971492044577881,,,,,,,,,,,,,,,,,,,,,,,,,8,0.2857142857142857,
omnimath-542,processbench,omnimath,omnimath,Qwen2.5-72B-Instruct,,1,final_answer_correct,True,True,,False,,,,6,0.386587410260525,0.5825243690724773,0.19593695881195228,0.7833716503155044,2.372056946501773,-1.0709699708808562,1.301086975620917,0.7321311855305422,-0.9474230081567817,0.030148299531857586,-0.7019828859986846,4.940050851815499,0.03966294370025447,2,2,0.21052631578947367,0.42105263157894735,1.6534943399533335,0.7185626065484396,0.27533697548229263,0.6589047073616036,0.0,0.2222222222222222,0.10082632173271795,0.31120158210416254,0.37750923016378907,0.45,0.55,0,,,,,,,,,,,,,,,,,,,,,,,,,,,,,0.386587410260525,0.6619243857428176,0.9372613612251103,1.212598336707403,1.301086975620917,0.6421822682593133,-0.016722439102289988,-0.6756271464638934,-1.0709699708808562,-1.0709699708808562,-1.070969970880856,-1.070969970880856,-0.9429283577940677,-0.7295256693160868,-0.5161229808381051,-0.30272029236012366,-0.08265783387778988,0.13906956710563217,0.3607969680890547,0.5825243690724773,,,,,,,,,,,,,,,,,,,,,,,,,6,0.8,
omnimath-544,processbench,omnimath,omnimath,Qwen2.5-Math-7B-Instruct,,1,final_answer_correct,True,True,,False,,,,6,1.2602454780224337,-0.22894241594630294,-1.4891878939687366,0.7831608704968596,2.4537972267789785,-1.1935517487565448,1.2602454780224337,0.8849749471229121,-0.4264349734821139,-0.7701727728789959,-1.655147720001908,4.364208964293564,0.34122744949949757,3,1,0.0,0.7894736842105263,0.9646093328102419,1.4891878939687366,0.269606399082734,0.4648647831374968,0.9444444444444444,0.2777777777777778,0.11437562711375919,0.3097412314930192,0.38030407258243865,0.35,0.65,0,,,,,,,,,,,,,,,,,,,,,,,,,,,,,1.2602454780224337,1.2054534954361311,1.1506615128498285,1.095869530263526,0.9590629875669848,0.49419820442948814,0.029333421291991346,-0.43553136184550545,-0.6513967380810479,-0.49376300396365747,-0.3361292698462671,-0.17849553572887655,-0.295126993194357,-0.5946019117150858,-0.8940768302358153,-1.1935517487565448,-1.0377616131945042,-0.7681552141117709,-0.4985488150290369,-0.22894241594630294,,,,,,,,,,,,,,,,,,,,,,,,,6,0.8,
omnimath-545,processbench,omnimath,omnimath,Qwen2.5-Math-72B-Instruct,,1,final_answer_correct,True,True,,False,,,,11,0.8795654145207128,-0.06269632104986513,-0.9422617355705779,0.3440838971621017,1.313271144832851,-0.4337057303121381,0.8795654145207128,0.33047207402570444,-0.2987797281344998,-0.09429855044997358,-0.42477062447567804,4.132812629621332,0.2279952710212542,7,5,0.0,0.42105263157894735,0.371009409262273,0.9422617355705779,0.4000671256786499,0.4959272292476725,0.1111111111111111,0.0,0.2338298331808127,0.12571031107793762,0.14290755515100806,0.3,0.7,0,,,,,,,,,,,,,,,,,,,,,,,,,,,,,0.8795654145207128,0.3836381852730403,-0.022689608482000218,0.3773775171966497,0.61741779260384,0.21735066692519017,-0.13935544985750192,-0.3948858792162918,-0.4337057303121381,-0.14745971401356778,-0.14745971401356736,-0.43370573031213766,-0.3948858792162927,-0.1393554498575032,-0.02088039383667188,0.038856645039319265,-0.08691151525387888,-0.2590559753393746,-0.1751037422593702,-0.06269632104986513,,,,,,,,,,,,,,,,,,,,,,,,,11,0.2,
omnimath-547,processbench,omnimath,omnimath,Qwen2.5-72B-Instruct,,1,final_answer_correct,True,True,,False,,,,6,0.6744029477352945,-0.4200485991370641,-1.0944515468723586,0.8203754178596463,2.6511077456196923,-1.116341592250679,1.5347661533690133,1.0062281868987653,-0.3674146060327225,-0.8032931519187511,-1.8095213388175164,5.045045075460929,0.2169359303043227,4,1,0.21052631578947367,0.7894736842105263,0.6962929931136148,1.9548147525060775,0.2581129613188753,0.6023302368900378,0.05555555555555555,0.3333333333333333,0.13903822886905504,0.3521798654145678,0.3695830576870782,0.35,0.65,0,,,,,,,,,,,,,,,,,,,,,,,,,,,,,0.6744029477352945,0.9325159090541697,1.190628870373045,1.4487418316919203,1.5347661533690133,0.9324359164789756,0.3301056795889379,-0.27222455730109996,-0.5778039573621963,-0.438257102179879,-0.2987102469975618,-0.15916339181524441,-0.27217747349371035,-0.5535655130793662,-0.8349535526650227,-1.116341592250679,-1.0141832841613379,-0.8161383891532469,-0.6180934941451556,-0.4200485991370641,,,,,,,,,,,,,,,,,,,,,,,,,6,0.9333333333333333,
omnimath-550,processbench,omnimath,omnimath,Qwen2.5-7B-Instruct,,1,final_answer_correct,True,True,,False,,,,6,1.3722353173902104,0.5120340521670987,-0.8602012652231117,0.5948513083549453,2.5640064459543535,-1.191771128564143,1.3722353173902104,0.055778568146322434,-0.03488504948547756,-0.4541214174594949,-0.5098999856058174,6.34484346750628,0.1355748600621029,3,4,0.0,0.7894736842105263,1.7038051807312418,0.8602012652231117,0.4715156497968571,0.5560432193995999,1.0,0.1111111111111111,0.12485732449818022,0.1802593499015897,0.3091830436081424,0.4,0.6,0,,,,,,,,,,,,,,,,,,,,,,,,,,,,,1.3722353173902104,0.8161920979906107,0.2601488785910109,-0.295894340808589,-0.7151758733923902,-0.5874106587129952,-0.45964544403360025,-0.3318802293542053,-0.1871550831860366,-0.01699003978470709,0.1531750036166224,0.3233400470179521,0.12754319888804716,-0.31222824359601564,-0.7519996860800794,-1.191771128564143,-0.9025128972234715,-0.4309972474266154,0.040518402370241624,0.5120340521670987,,,,,,,,,,,,,,,,,,,,,,,,,6,0.7333333333333333,
omnimath-551,processbench,omnimath,omnimath,Qwen2.5-7B-Instruct,,1,final_answer_correct,True,True,,False,,,,15,0.3638098109711373,0.6862662158793312,0.32245640490819394,0.25516873974107174,1.0448080143200635,-0.3585417984407322,0.6862662158793312,0.016889803169586493,-0.03426037796263905,0.03215263601883623,0.015262832849249737,4.713759468399601,0.06840747964971432,9,8,1.0,0.8947368421052632,1.0448080143200635,0.0,0.7062227580418241,0.6243247392326757,1.0,0.8333333333333334,0.36815091277416656,0.10406241765510163,0.10049632802701916,0.4,0.6,0,,,,,,,,,,,,,,,,,,,,,,,,,,,,,0.3638098109711373,0.19395027304662926,-0.1451391099627513,-0.30857479031966745,0.2021652374613448,-0.05609953773033727,-0.13188326127924987,-0.07782301866527404,-0.2121652184081879,-0.0496630207327427,0.056325111223176724,0.06942275105212979,0.1611062298547995,-0.18702548006237477,-0.18693276715738077,0.34820272361348387,-0.27612201561919186,-0.3585417984407322,-0.019956542162492874,0.6862662158793312,,,,,,,,,,,,,,,,,,,,,,,,,15,0.13333333333333333,
omnimath-552,processbench,omnimath,omnimath,Qwen2-7B-Instruct,,1,final_answer_correct,True,True,,False,,,,5,-0.044212277021977,0.543574387880142,0.5877866649021191,0.21404136069790666,0.9312345336681722,-0.3876601457880302,0.543574387880142,0.0026311053236201887,-0.18288098205326403,0.056978594079007405,0.05434748875538722,1.444179530941596,0.4070038747321712,2,3,1.0,0.7368421052631579,0.9312345336681722,0.0,0.19883402291386365,0.05290830069071717,0.9444444444444444,0.7222222222222222,0.018039773628151942,0.056339496758332344,0.10233337539000546,0.3,0.7,0,,,,,,,,,,,,,,,,,,,,,,,,,,,,,-0.044212277021977,-0.024146976010540205,-0.0040816749991034115,0.015983626012333378,0.036048927023770175,0.040536287231708254,-0.0017101749708498745,-0.043956637173408,-0.08620309937596612,-0.12844956157852425,-0.17602694302516186,-0.22893524371587898,-0.281843544406596,-0.33475184509731304,-0.3876601457880302,-0.2517617037753118,-0.05292768086144861,0.1459063420524147,0.34474036496627836,0.543574387880142,,,,,,,,,,,,,,,,,,,,,,,,,5,0.4,
omnimath-553,processbench,omnimath,omnimath,Qwen2.5-Math-7B-Instruct,,1,final_answer_correct,True,True,,False,,,,4,0.19516558397444023,1.4479285524698082,1.252762968495368,0.660636682546186,2.4822373972969403,-1.034308844827132,1.4479285524698082,-0.15877808005040128,-0.8409567891687578,0.4457020244204885,0.6044801044708898,3.7117118260985125,0.3375162262562241,1,2,1.0,0.631578947368421,2.4822373972969403,0.0,0.40089061121972835,0.11798122134161387,1.0,0.2222222222222222,0.028826212920074715,0.18293602445840657,0.39913262135896566,0.3,0.7,0,,,,,,,,,,,,,,,,,,,,,,,,,,,,,0.19516558397444023,0.0771843626328264,-0.04079685870878744,-0.15877808005040128,-0.2767593013920151,-0.394740522733629,-0.5127217440752427,-0.6087852916171163,-0.6938900022591195,-0.7789947129011225,-0.8640994235431259,-0.9492041341851291,-1.034308844827132,-0.9574151148485588,-0.5565245036288308,-0.15563389240910264,0.2452567188106245,0.6461473300303517,1.0470379412500799,1.4479285524698082,,,,,,,,,,,,,,,,,,,,,,,,,4,1.0,
omnimath-557,processbench,omnimath,omnimath,Qwen2.5-Math-7B-Instruct,,1,final_answer_correct,True,True,,False,,,,12,0.4102440357508132,0.3337974492678371,-0.07644658648297609,0.41762324153912445,1.5502705028048396,-0.8023243659447489,0.7479461368600907,0.3644889372917429,-0.15510915714911647,-0.2763604410195201,-0.640849378311263,5.3212027145576775,0.014366411238916816,6,4,0.10526315789473684,0.7368421052631579,1.136121815212586,0.4141486875922536,0.42787917286312843,0.686467211898674,1.0,0.6666666666666666,0.2737043051266725,0.17193333984385378,0.18155854909979058,0.5,0.5,0,,,,,,,,,,,,,,,,,,,,,,,,,,,,,0.4102440357508132,0.6555978446950704,0.7479461368600907,0.43227971761381206,0.21738770323184015,0.08647435957012395,0.0014927633204497442,-0.0997747533653419,-0.46597202421684775,-0.5843556013882873,-0.26906521461960886,0.08702286768913167,0.4664239188779066,-0.22004329302076742,-0.8023243659447489,-0.4361270950932425,-0.2808261416511907,-0.3786007691004847,-0.09408172359529132,0.3337974492678371,,,,,,,,,,,,,,,,,,,,,,,,,12,0.25757575757575757,
omnimath-558,processbench,omnimath,omnimath,Qwen2.5-72B-Instruct,,1,final_answer_correct,True,True,,False,,,,8,0.2926080679239944,0.00031984696226142195,-0.292288220961733,0.5499135261271856,1.6686919323955351,-0.6060480930129646,1.0626438393825706,0.6536753129690772,-0.37266021864258175,-0.37505795038134604,-1.0287332633504231,3.3349844985077346,0.08764305234177841,4,2,0.2631578947368421,0.5789473684210527,0.606367939975226,1.0623239924203092,0.22721304176295773,0.5618229547858776,1.0,0.3333333333333333,0.1089273533189329,0.24234258031412986,0.2565046824142602,0.45,0.55,0,,,,,,,,,,,,,,,,,,,,,,,,,,,,,0.2926080679239944,0.3974485853457932,0.502289102767592,0.6378587682330886,0.8502513038078297,1.0626438393825706,0.8326275233226724,0.2708045685367948,-0.2910183862490827,-0.4486859003717672,-0.5389941743839196,-0.6060480930129646,-0.5335758793433659,-0.4611036656737673,-0.4507504922923964,-0.5232227059619957,-0.5956949196315949,-0.45410623656365395,-0.2268931948006963,0.00031984696226142195,,,,,,,,,,,,,,,,,,,,,,,,,8,0.42857142857142855,
omnimath-562,processbench,omnimath,omnimath,Qwen2.5-Math-7B-Instruct,,1,final_answer_correct,True,True,,False,,,,12,0.5294385717318275,0.09643392006237901,-0.4330046516694485,0.3410071642686428,1.0734946229575257,-0.5440560512256981,0.5294385717318275,0.032607794702249226,-0.14841177602021358,0.09120554305674483,0.058597748354495605,4.029521341552021,0.10745808620104523,6,4,0.0,0.42105263157894735,0.6404899712880772,0.4330046516694485,0.8638923986342886,0.6267620260967983,0.5,0.6111111111111112,0.29957944212969756,0.1511456974681866,0.16431542801245072,0.5,0.5,0,,,,,,,,,,,,,,,,,,,,,,,,,,,,,0.5294385717318275,0.43087836502351406,0.24882962604765813,-0.15585519897497802,-0.3120354553946339,-0.2611285713118059,-0.25187277420583737,-0.27622138062415913,-0.5440560512256981,-0.4003536057414831,0.46353879289280553,0.378832921243674,-0.24792910485312425,-0.41269400383351007,-0.4241624140837845,0.04630466774906117,0.30399036649923483,0.30633840555020175,0.21832831256337668,0.09643392006237901,,,,,,,,,,,,,,,,,,,,,,,,,12,0.21212121212121213,
omnimath-563,processbench,omnimath,omnimath,Qwen2.5-7B-Instruct,,1,final_answer_correct,True,True,,False,,,,15,0.42482613908184796,0.2764061339635779,-0.14842000511827008,0.288716149459155,0.9916919939163584,-0.5668658548345105,0.42482613908184796,0.23186660423532715,-0.161643172127829,-0.07722478155976571,-0.3090913857950929,3.824743177012988,0.03880522122643062,7,6,0.0,0.8947368421052632,0.8432719887980884,0.14842000511827008,0.6751615919072742,0.693184969064232,1.0,0.8333333333333334,0.23286368898936238,0.12230308640864726,0.12089231963895261,0.6,0.4,0,,,,,,,,,,,,,,,,,,,,,,,,,,,,,0.42482613908184796,0.36397753557036233,0.20781976370154714,0.061704656437128275,0.07307005562443566,0.260163387096308,0.23150469213566077,0.02520270780138744,-0.20196671510194053,-0.3753522590534959,-0.37535225905349606,-0.20413716638643892,0.007839097525399658,-0.0077356106262188515,0.10804365995031383,0.40550389928497643,-0.28768106977925556,-0.5668658548345105,-0.3987554579436964,0.2764061339635779,,,,,,,,,,,,,,,,,,,,,,,,,15,0.13333333333333333,
omnimath-564,processbench,omnimath,omnimath,Qwen2.5-Math-72B-Instruct,,1,final_answer_correct,True,True,,False,,,,10,0.14339776639253013,0.1900692857016771,0.04667151930914698,0.3992163087395111,1.5716033972700836,-0.8668541347068287,0.704749262563255,-0.13171958475924414,-0.043382803062473996,0.17503462332760078,0.30675420808684495,6.080858649802559,0.007675152802748074,7,6,0.8947368421052632,0.3157894736842105,1.0569234204085058,0.5146799768615778,0.8255380852901958,0.6661564995222524,0.3888888888888889,0.5,0.36174143842633577,0.1669516819996927,0.17572713073901383,0.55,0.45,0,,,,,,,,,,,,,,,,,,,,,,,,,,,,,0.14339776639253013,0.26462936466804626,0.3858609629435624,0.06462382479504125,-0.3119219054064845,-0.6017729720005758,-0.8668541347068287,-0.4048557987487825,0.42068228654141326,0.41750115804691545,-0.24865534147533697,-0.45642867148091837,-0.09122303959065992,0.05929978527005107,-0.21954300392833476,-0.31328774744235494,0.24081066893889624,0.704749262563255,0.44740927413246606,0.1900692857016771,,,,,,,,,,,,,,,,,,,,,,,,,10,0.3111111111111111,
omnimath-565,processbench,omnimath,omnimath,Qwen2.5-Math-72B-Instruct,,1,final_answer_correct,True,True,,False,,,,8,0.4353888305057564,0.39876395160677447,-0.036624878898981916,0.47784260120279726,1.5180094729899916,-0.7918799766003657,0.7261294963896259,0.2602584641486085,-0.353717327823312,-0.013978514056873411,-0.2742369782054819,5.608733981076363,0.0065299725432785265,5,4,0.7368421052631579,0.47368421052631576,1.1906439282071402,0.3273655447828514,0.6188340108896219,0.6913062245592221,0.6111111111111112,0.7777777777777778,0.2409779923684218,0.18501301368239437,0.22191717018560264,0.6,0.4,0,,,,,,,,,,,,,,,,,,,,,,,,,,,,,0.4353888305057564,0.3154963671877355,0.1956039038697146,0.14036616918014372,0.2467652560616976,0.3531643429432515,0.13502437929196032,-0.32651987225896467,-0.7880641238098898,-0.7918799766003657,-0.7194077629307667,-0.5688838639440209,0.04995014694560096,0.6687841578352227,0.7261294963896259,0.03482327183040379,-0.6564829527288167,-0.5243245514950767,-0.06278029994415113,0.39876395160677447,,,,,,,,,,,,,,,,,,,,,,,,,8,0.42857142857142855,
omnimath-566,processbench,omnimath,omnimath,Qwen2.5-7B-Instruct,,1,final_answer_correct,True,True,,False,,,,7,-0.22570178692648604,0.834436016075106,1.060137803001592,0.6574934563484102,1.896152009311368,-0.8624456735768956,1.0337063357344725,-0.42673506854630955,-0.4117403541663734,0.8714258477001268,1.2981609162464363,2.7321662156211444,0.3880209765204841,2,1,0.8421052631578947,0.47368421052631576,1.6968816896520016,0.19927031965936648,0.39115527230962965,0.08141971872697895,0.5555555555555556,0.4444444444444444,0.052781705876831404,0.28567254964237043,0.31771119328177144,0.4,0.6,0,,,,,,,,,,,,,,,,,,,,,,,,,,,,,-0.22570178692648604,-0.2935429103156816,-0.36138403370487715,-0.4292251570940727,-0.4944252774780649,-0.5590971972610165,-0.623769117043968,-0.6996062361229378,-0.7810259548499167,-0.8624456735768956,-0.7075778967855706,-0.31642262447594094,0.07473264783368783,0.4101632588129606,0.6341445471315212,0.8581258354500818,1.0337063357344725,0.967282895848017,0.9008594559615615,0.834436016075106,,,,,,,,,,,,,,,,,,,,,,,,,7,0.47619047619047616,
omnimath-567,processbench,omnimath,omnimath,Qwen2.5-7B-Instruct,,1,final_answer_correct,True,True,,False,,,,11,0.5735148896825548,0.1100518780948106,-0.4634630115877442,0.35224684308904425,1.0895920308937586,-0.5160771412112037,0.5735148896825548,0.06566492351385286,-0.1059491026123964,-0.0009713887904617043,-0.06663631230431456,6.05994820747637,0.07647969845946104,6,6,0.0,0.10526315789473684,0.6261290193060143,0.4634630115877442,0.5842579876383132,0.5842579876383139,0.8888888888888888,0.0,0.3226941019212613,0.1460478693181515,0.16043874863978025,0.4,0.6,0,,,,,,,,,,,,,,,,,,,,,,,,,,,,,0.5735148896825548,-0.010743097955759118,-0.5160771412112037,-0.31109568502082313,-0.0675665687483841,0.330153187852289,0.46146887999829633,-0.028824911583252844,-0.3679641550159847,-0.48037157622548937,-0.254002822219408,0.31114210700226075,0.2655575738836315,-0.18717993412853207,-0.4016863813788357,-0.5140938025883406,-0.06916889671959159,0.5150890909187216,0.3539797789304655,0.1100518780948106,,,,,,,,,,,,,,,,,,,,,,,,,11,0.23636363636363636,
omnimath-569,processbench,omnimath,omnimath,Qwen2-7B-Instruct,,1,final_answer_correct,True,True,,False,,,,5,0.9385955084796657,0.9385955084796657,0.0,0.5993945357482731,1.7346010553881064,-0.7960055469084407,0.9385955084796657,0.19784785878702685,-0.7268712519626676,0.04086338332266304,-0.1569844754643638,3.469202110776213,0.0,1,2,0.0,0.5263157894736842,1.7346010553881064,0.0,0.3651791695553912,0.2576369329730771,0.9444444444444444,0.16666666666666666,0.03460089458491493,0.19644047264265121,0.3693396452573266,0.35,0.65,0,,,,,,,,,,,,,,,,,,,,,,,,,,,,,0.9385955084796657,0.6809585755065887,0.4233216425335117,0.1656847095604348,-0.09195222341264231,-0.3120654822880285,-0.4196077188703423,-0.5271499554526562,-0.63469219203497,-0.7422344286172837,-0.7960055469084407,-0.7960055469084407,-0.7960055469084407,-0.7960055469084407,-0.7960055469084407,-0.5221211697418975,-0.15694200018650717,0.20823716936888326,0.5734163389242745,0.9385955084796657,,,,,,,,,,,,,,,,,,,,,,,,,5,0.6,
omnimath-570,processbench,omnimath,omnimath,Qwen2.5-Math-72B-Instruct,,1,final_answer_correct,True,True,,False,,,,7,0.6744920454262462,0.5253019698685276,-0.14919007555771857,0.40890449280567087,1.3526003937943856,-0.6781083483681394,0.6744920454262462,-0.04248117943667359,-0.039220939696109555,-0.11517103913364336,-0.07268985969696978,4.744452847882723,0.03144515929256135,3,4,0.0,0.3157894736842105,1.203410318236667,0.14919007555771857,0.40017286958954024,0.40973525159673874,1.0,0.7777777777777778,0.10623141565741309,0.1468150655300735,0.2099621189666406,0.45,0.55,0,,,,,,,,,,,,,,,,,,,,,,,,,,,,,0.6744920454262462,0.41861782678805287,0.16274360814985955,-0.09313061048833371,-0.29528573558688753,-0.4866970419775134,-0.6781083483681394,-0.6143045795712642,-0.42289327318063835,-0.23148196679001254,-0.02661434099164363,0.19170960421446864,0.41003354942058046,0.4190044290257429,0.009269177429004238,-0.4004660741677345,-0.6752166389000922,-0.2750437693105528,0.12512910027898738,0.5253019698685276,,,,,,,,,,,,,,,,,,,,,,,,,7,0.42857142857142855,
omnimath-572,processbench,omnimath,omnimath,Qwen2-72B-Instruct,,1,final_answer_correct,True,True,,False,,,,11,-0.4314100073197594,0.3463375901578519,0.7777475974776114,0.3666895894085107,1.4326943129523828,-0.6171999259523342,0.8154943870000486,-0.21381002262887064,-0.12081286120993494,0.3963633586654069,0.6101733812942776,5.40745517123127,0.1438287647053243,8,5,0.7894736842105263,0.21052631578947367,0.9635375161101861,0.4691567968421967,0.6545701538108624,0.46857289190960055,0.2222222222222222,0.8888888888888888,0.35936801316378353,0.14937768543882096,0.1475866871827809,0.5,0.5,0,,,,,,,,,,,,,,,,,,,,,,,,,,,,,-0.4314100073197594,-0.24999183213522377,-0.1215259209031081,-0.4696303852427738,-0.6171999259523342,0.03737022785852817,0.35571768529257664,-0.11045448215261211,-0.27610299727351345,0.009033966092017953,-0.02896131648606623,-0.39008884500776697,-0.2563680311824594,0.20725167754085572,0.5395198006222853,0.8154943870000486,0.4958309907479212,0.027258098838320644,0.15373928462601347,0.3463375901578519,,,,,,,,,,,,,,,,,,,,,,,,,11,0.2545454545454545,
omnimath-574,processbench,omnimath,omnimath,Qwen2.5-7B-Instruct,,1,final_answer_correct,True,True,,False,,,,12,0.21890222452087754,-0.24962725472640507,-0.4685294792472826,0.3588868200037612,1.2765644262789713,-0.7122507766745182,0.564313649604453,0.13299506246872864,-0.06350998814764572,-0.09973202134209007,-0.2327270838108187,5.224841453922703,0.08967343475954095,7,7,0.5263157894736842,0.6842105263157895,0.4626235219481131,0.8139409043308581,0.5678485149015261,0.8558857715218411,0.7777777777777778,0.6111111111111112,0.3572840572725527,0.14174321883562993,0.14734304922587793,0.55,0.45,0,,,,,,,,,,,,,,,,,,,,,,,,,,,,,0.21890222452087754,0.3723048690732569,0.4637606582365876,0.39002483302912183,0.08367752372630538,-0.4165126889893037,-0.18119198231574518,0.1616556123780623,-0.05469662247934837,0.009408407142872971,0.564313649604453,0.2214427922583997,-0.6344429792634414,-0.7122507766745182,-0.6090055921469688,-0.04115707724544271,0.2238682034963141,0.1255056032463473,-0.047976010676385114,-0.24962725472640507,,,,,,,,,,,,,,,,,,,,,,,,,12,0.19696969696969696,
omnimath-575,processbench,omnimath,omnimath,Qwen2.5-72B-Instruct,,1,final_answer_correct,True,True,,False,,,,7,0.8626269445984804,1.0078015239371554,0.14517457933867495,0.5681383760526824,1.8821745700722623,-0.8743730461351068,1.0078015239371554,0.08523579317910612,-0.6800758394018642,0.3658347085694221,0.28059891539031595,3.61917456080585,0.04011262151067679,1,2,1.0,0.5263157894736842,1.8821745700722623,0.0,0.2723949731649838,0.34908441015535385,0.7222222222222222,0.0,0.05792018627107084,0.20256809394336495,0.3010116975505036,0.35,0.65,0,,,,,,,,,,,,,,,,,,,,,,,,,,,,,0.8626269445984804,0.5135425344431266,0.16445812428777273,-0.18462628586758112,-0.24749333945826665,-0.25311692173601863,-0.25874050401377063,-0.3983977417678791,-0.605071807260166,-0.8117458727524527,-0.8743730461351068,-0.7929533274081277,-0.7115336086811488,-0.5664554718081687,-0.2940604986431849,-0.02166552547820111,0.24756561383180423,0.5009775838669209,0.7543895539020382,1.0078015239371554,,,,,,,,,,,,,,,,,,,,,,,,,7,0.5714285714285714,
omnimath-576,processbench,omnimath,omnimath,Qwen2-72B-Instruct,,1,final_answer_correct,True,True,,False,,,,6,0.9109466177506601,0.9109466177506599,-2.220446049250313e-16,0.6596330390186793,2.096119525347775,-1.185172907597115,0.9109466177506601,-0.2362394723287029,-0.1475292998211243,0.03221072432361982,0.2684501966523227,6.8446233415006095,3.244073396686726e-17,3,4,0.0,0.3684210526315789,2.096119525347775,2.220446049250313e-16,0.5740063778920472,0.43216519348870874,0.5555555555555556,0.7777777777777778,0.15981519609660713,0.22662500553467538,0.351280858490029,0.5,0.5,0,,,,,,,,,,,,,,,,,,,,,,,,,,,,,0.9109466177506601,0.478781424261952,0.04661623077324395,-0.3855489627154641,-0.7596493543870987,-0.9014905387904374,-1.0433317231937762,-1.185172907597115,-1.0406750670823,-0.4666686891902534,0.10733768870179317,0.6813440665938404,0.6516475016574361,0.21948230816872827,-0.21268288531998036,-0.6448480788086891,-0.3855489627154652,0.04661623077324262,0.47878142426195114,0.9109466177506599,,,,,,,,,,,,,,,,,,,,,,,,,6,0.7333333333333333,
omnimath-580,processbench,omnimath,omnimath,Qwen2.5-Math-7B-Instruct,,1,final_answer_correct,True,True,,False,,,,7,0.991065005626828,-0.8723795036827522,-1.8634445093095802,0.6200043289374937,2.0170276770648146,-0.8723795036827522,1.1446481733820626,0.7166277227313623,-0.31749771505481655,-0.48647369350756237,-1.2031014162389246,2.390834973211773,0.7794115989554424,3,1,0.15789473684210525,1.0,0.0,2.0170276770648146,0.05119438925174502,0.49355891157641885,0.1111111111111111,0.2222222222222222,0.07174189177192088,0.2630815201831019,0.2693281255485795,0.3,0.7,0,,,,,,,,,,,,,,,,,,,,,,,,,,,,,0.991065005626828,1.0422593948785728,1.0934537841303176,1.1446481733820626,0.7418814786103376,0.24832256703391875,-0.2452363445425001,-0.3879880224735919,-0.35533608358202007,-0.3226841446904482,-0.3018609830919888,-0.2928665987866418,-0.2838722144812948,-0.27787595827773015,-0.27787595827773015,-0.27787595827773015,-0.3091656185622051,-0.49690358026905385,-0.684641541975903,-0.8723795036827522,,,,,,,,,,,,,,,,,,,,,,,,,7,0.5238095238095238,
omnimath-581,processbench,omnimath,omnimath,Qwen2.5-72B-Instruct,,1,final_answer_correct,True,True,,False,,,,8,0.5219974507347154,-0.40713611239219943,-0.9291335631269149,0.610784370972602,1.7737692013165667,-0.8231665006677682,0.9506027006487984,0.7563203149222887,-0.2143868522111197,-0.6513874133647833,-1.407707728287072,2.658842949625063,0.3494503363795657,4,1,0.2631578947368421,0.8421052631578947,0.41603038827556876,1.3577388130409977,0.16278048768175213,0.45365787585604656,0.9444444444444444,0.3333333333333333,0.08428588279166212,0.2778110474104192,0.28355055947094504,0.4,0.6,0,,,,,,,,,,,,,,,,,,,,,,,,,,,,,0.5219974507347154,0.6322221396808948,0.7424468286270741,0.8373567432211518,0.8939797219349751,0.9506027006487984,0.7156366196084103,0.26197874375236374,-0.19167913210368281,-0.2391567814607561,-0.21893772640133385,-0.22277759719261844,-0.370971023088143,-0.5191644489836675,-0.6425499526434618,-0.7328582266556151,-0.8231665006677682,-0.7326970877557036,-0.5699166000739515,-0.40713611239219943,,,,,,,,,,,,,,,,,,,,,,,,,8,0.4642857142857143,
omnimath-584,processbench,omnimath,omnimath,Llama-3.1-70B-Instruct,,1,final_answer_correct,True,True,,False,,,,6,-0.23732974008564856,0.6016922109976953,0.8390219510833439,0.5361862905776033,1.563401963902806,-0.9617097529051107,0.6016922109976953,-0.35374795643163354,-0.22095981247708305,0.587392184396018,0.9411401408276516,2.287781976722268,0.3667403448493901,1,1,1.0,0.3684210526315789,1.563401963902806,0.0,0.38587817599827057,0.22636875400608203,0.5555555555555556,0.2777777777777778,0.0680274366671503,0.23056244243375926,0.25549250623300457,0.45,0.55,0,,,,,,,,,,,,,,,,,,,,,,,,,,,,,-0.23732974008564856,-0.23732974008564856,-0.23732974008564856,-0.23732974008564856,-0.28260349088686487,-0.5089722448929468,-0.7353409988990288,-0.9617097529051107,-0.9431797349094524,-0.5573015589111823,-0.17142338291291215,0.21445479308535842,0.40557756046040816,0.46686338875331024,0.5281492170462124,0.5894350453391146,0.6016922109976951,0.6016922109976952,0.6016922109976952,0.6016922109976953,,,,,,,,,,,,,,,,,,,,,,,,,6,0.3333333333333333,
omnimath-586,processbench,omnimath,omnimath,Qwen2.5-72B-Instruct,,1,final_answer_correct,True,True,,False,,,,13,0.5110588919921283,0.37792806741012297,-0.1331308245820053,0.3189251301603914,1.0301780273336534,-0.519119135341525,0.5110588919921283,0.18282670693229555,-0.21817168796119285,-0.005032045431816012,-0.18785875236411156,3.5894424499150324,0.03708955539464262,7,4,0.0,0.5789473684210527,0.897047202751648,0.1331308245820053,0.5646556477300826,0.6108310415416711,0.6111111111111112,0.2777777777777778,0.26347965550365543,0.13281800999814503,0.14669836698780392,0.5,0.5,0,,,,,,,,,,,,,,,,,,,,,,,,,,,,,0.5110588919921283,0.4482288432708662,0.33718271896592517,0.15863408884383357,0.2026886955516864,0.11641237572165009,-0.494418665820021,-0.5119941699357194,-0.2561962607215387,-0.2561962607215387,-0.3438372189282007,-0.519119135341525,0.045536512388557604,0.3146047175316148,-0.142036065070908,-0.21665137646121732,-0.15372423547340444,-0.03979395128200497,0.1440852882865157,0.37792806741012297,,,,,,,,,,,,,,,,,,,,,,,,,13,0.1794871794871795,
omnimath-589,processbench,omnimath,omnimath,Qwen2-7B-Instruct,,1,final_answer_correct,True,True,,False,,,,7,-0.05726028550467249,-0.6633960890749873,-0.6061358035703148,0.5609618209906596,1.7731841864947613,-0.6633960890749881,1.1097880974197731,0.14834307728440102,0.4976344858532546,-0.6272095474185527,-0.7755526247029537,2.940232569419208,0.20615233293944718,1,2,0.47368421052631576,0.8421052631578947,8.881784197001252e-16,1.7731841864947604,0.2665342516400082,0.5206175377934739,0.3888888888888889,0.5555555555555556,0.08386842550466739,0.2535149367363691,0.21558565386375544,0.55,0.45,0,,,,,,,,,,,,,,,,,,,,,,,,,,,,,-0.05726028550467249,0.007411634278279067,0.07208355406123063,0.13675547384418218,0.2137172760637295,0.29313705477059593,0.3725568334774624,0.5767195941397567,0.8432538457797649,1.1097880974197731,0.9827464543430409,0.462128916549567,-0.05848862124390575,-0.43270688601521434,-0.5141266047421934,-0.5955463234691725,-0.6633960890749881,-0.6633960890749878,-0.6633960890749876,-0.6633960890749873,,,,,,,,,,,,,,,,,,,,,,,,,7,0.42857142857142855,
omnimath-590,processbench,omnimath,omnimath,Llama-3.1-8B-Instruct,,1,final_answer_correct,True,True,,False,,,,6,1.112640059904764,0.24245408950676617,-0.8701859703979977,0.39340503362888013,1.534016012896999,-0.42137595299223524,1.112640059904764,0.11815051165671019,-0.2627802598159071,-0.1403218542063737,-0.25847236586308386,2.6549070319964487,0.32776513825556874,3,2,0.0,0.21052631578947367,0.6638300424990013,0.8701859703979977,0.17592254287130377,0.4049188508707767,0.9444444444444444,0.1111111111111111,0.04489218049822002,0.12160746316220954,0.21432443127984055,0.25,0.75,0,,,,,,,,,,,,,,,,,,,,,,,,,,,,,1.112640059904764,0.7077212090339873,0.30280235816321077,-0.10211649270756595,-0.42137595299223524,-0.3979978509324749,-0.3746197488727146,-0.3512416468129543,-0.3191686204664622,-0.27405320768987257,-0.22893779491328292,-0.18382238213669325,-0.20687232592786717,-0.2753658407642171,-0.34385935560056724,-0.41235287043691726,-0.28531353910714474,-0.10939099623584136,0.0665315466354624,0.24245408950676617,,,,,,,,,,,,,,,,,,,,,,,,,6,0.5333333333333333,
omnimath-591,processbench,omnimath,omnimath,Llama-3.1-8B-Instruct,,1,final_answer_correct,True,True,,False,,,,7,0.263725742796563,-0.35748784475681045,-0.6212135875533735,0.49207245125944515,1.8428543742994972,-0.6017470009377474,1.24110737336175,0.2999529346664966,0.06646305759196589,-0.41103583272956623,-0.7109887673960629,5.313986366564922,0.11690161485207944,5,5,0.3157894736842105,0.8421052631578947,0.2442591561809369,1.5985952181185603,0.5413727995211397,0.6432258717666441,0.2222222222222222,0.3888888888888889,0.202816073574294,0.1964164362932269,0.19148158882163485,0.45,0.55,0,,,,,,,,,,,,,,,,,,,,,,,,,,,,,0.263725742796563,0.08798638445612864,-0.08775297388430575,-0.2634923322247401,0.15836177431947046,0.6997345738406102,1.24110737336175,0.9927477253577002,0.34952185359105603,-0.2937040181755881,-0.487275340972122,-0.23119211479854412,0.024891111375033192,0.11025218676622602,-0.14583103940735181,-0.4019142655809296,-0.6017470009377474,-0.5203272822107685,-0.43890756348378945,-0.35748784475681045,,,,,,,,,,,,,,,,,,,,,,,,,7,0.5238095238095238,
omnimath-592,processbench,omnimath,omnimath,Llama-3.1-70B-Instruct,,1,final_answer_correct,True,True,,False,,,,4,1.429986852877389,0.17722388438202114,-1.2527629684953678,0.6588256905221228,2.2335922215070942,-0.8036053686297051,1.429986852877389,0.37196948479508113,-0.7962307125920228,-0.20994555759629194,-0.581915042391373,3.2144214745188204,0.38973201816445024,1,2,0.0,0.3684210526315789,0.9808292530117262,1.2527629684953678,0.15486777679132535,0.3526724560274359,0.7222222222222222,0.0,0.028196679601042354,0.1911394848042651,0.4026145818120822,0.35,0.65,0,,,,,,,,,,,,,,,,,,,,,,,,,,,,,1.429986852877389,1.077314396849953,0.7246419408225171,0.3719694847950812,0.019297028767645275,-0.33337542725979064,-0.6860478832872265,-0.8036053686297051,-0.803605368629705,-0.803605368629705,-0.803605368629705,-0.803605368629705,-0.8036053686297049,-0.75198277636593,-0.5971149995746047,-0.44224722278327944,-0.2873794459919544,-0.1325116692006295,0.02235610759069584,0.17722388438202114,,,,,,,,,,,,,,,,,,,,,,,,,4,0.8333333333333334,
omnimath-599,processbench,omnimath,omnimath,Qwen2-7B-Instruct,,1,final_answer_correct,True,True,,False,,,,4,0.25277428333257335,0.9999886851627946,0.7472144018302213,0.5574384349032648,1.9340424772468854,-0.9340537920840907,0.9999886851627946,-0.34063975437575866,-0.563589756534282,0.5054769870725175,0.8461167414482762,3.1208705526635496,0.2394249903099957,1,2,1.0,0.3157894736842105,1.9340424772468854,0.0,0.19780467923611111,0.19780467923611067,1.0,0.0,0.021978297692901314,0.16703029049320706,0.33186752318996604,0.4,0.6,0,,,,,,,,,,,,,,,,,,,,,,,,,,,,,0.25277428333257335,0.054969604096462676,-0.142835075139648,-0.34063975437575866,-0.5384444336118693,-0.73624911284798,-0.9340537920840907,-0.9213345376017185,-0.8033533162601048,-0.6853720949184909,-0.5673908735768771,-0.4494096522352631,-0.3314284308936495,-0.1868393902538702,0.010965288982240695,0.20876996821835164,0.40657464745446215,0.6043793266905726,0.8021840059266835,0.9999886851627946,,,,,,,,,,,,,,,,,,,,,,,,,4,0.5,
omnimath-601,processbench,omnimath,omnimath,Qwen2.5-7B-Instruct,,1,final_answer_correct,True,True,,False,,,,5,1.282705452169107,-0.42204264006931763,-1.7047480922384246,0.5196184256468506,1.7047480922384253,-0.42204264006931813,1.282705452169107,0.5024282836667814,-0.36716766303212267,-0.42204264006931796,-0.9244709237360993,1.7047480922384253,0.9999999999999996,0,1,0.0,0.7368421052631579,4.996003610813204e-16,1.7047480922384246,1.1102230246251565e-16,0.273533259816897,0.8333333333333334,0.05555555555555555,0.015196292212049862,0.18390973313382827,0.26318130793249306,0.25,0.75,0,,,,,,,,,,,,,,,,,,,,,,,,,,,,,1.282705452169107,1.0091721923522101,0.7356389325353131,0.4621056727184162,0.18857241290151916,-0.03791780080895171,-0.12327887620014413,-0.20863995159133655,-0.29400102698252895,-0.37936210237372137,-0.4220426400693177,-0.4220426400693178,-0.4220426400693179,-0.422042640069318,-0.42204264006931813,-0.4220426400693181,-0.42204264006931796,-0.42204264006931785,-0.42204264006931774,-0.42204264006931763,,,,,,,,,,,,,,,,,,,,,,,,,5,0.4,
omnimath-602,processbench,omnimath,omnimath,Qwen2.5-Math-72B-Instruct,,1,final_answer_correct,True,True,,False,,,,8,1.23253574217586,0.20474950607636275,-1.0277862360994974,0.5083751707256763,1.8387164523158261,-0.6061807101399661,1.23253574217586,0.3022054239441823,-0.33759671813827224,-0.1524354632099763,-0.4546408871541586,3.8117198820878713,0.2696384487562415,3,4,0.0,0.42105263157894735,0.8109302162163289,1.0277862360994974,0.2530887616939038,0.3945830184197666,0.5,0.16666666666666666,0.09490333057543306,0.17596588812867767,0.23408348005960203,0.35,0.65,0,,,,,,,,,,,,,,,,,,,,,,,,,,,,,1.23253574217586,0.9496969097424276,0.6668580773089952,0.352092334593753,-0.04249068382601362,-0.43707370224578024,-0.6061807101399659,-0.606180710139966,-0.6061807101399661,-0.38924748583090574,-0.13615872413700192,0.0446189627872148,-0.20846979890668865,-0.4615585606005921,-0.5364176439906436,-0.3736371563088925,-0.21085666862714175,-0.0672170462984826,0.06876622988894007,0.20474950607636275,,,,,,,,,,,,,,,,,,,,,,,,,8,0.39285714285714285,
omnimath-604,processbench,omnimath,omnimath,Qwen2.5-7B-Instruct,,1,final_answer_correct,True,True,,False,,,,4,1.4138157767878439,-1.1251580942704322,-2.538973871058276,0.660046117063908,2.538973871058276,-1.1251580942704322,1.4138157767878439,0.6757472735026361,-0.15170349729638796,-0.7379886522921192,-1.4137359257947553,2.538973871058276,1.0,0,1,0.0,1.0,0.0,2.538973871058276,0.0,0.24602283442840278,0.3888888888888889,0.2777777777777778,0.02227170062331831,0.23962760721505122,0.2776088812305001,0.3,0.7,0,,,,,,,,,,,,,,,,,,,,,,,,,,,,,1.4138157767878439,1.1677929423594413,0.9217701079310388,0.6757472735026361,0.4297244390742335,0.18370160464583107,-0.06232122978257171,-0.14432884125870582,-0.14432884125870582,-0.14432884125870582,-0.14432884125870582,-0.14432884125870582,-0.14432884125870582,-0.19595143352248073,-0.3508192103138061,-0.5056869871051315,-0.6605547638964565,-0.8154225406877815,-0.9702903174791069,-1.1251580942704322,,,,,,,,,,,,,,,,,,,,,,,,,4,0.8333333333333334,
omnimath-608,processbench,omnimath,omnimath,Llama-3.1-8B-Instruct,,1,final_answer_correct,True,True,,False,,,,5,1.5112099163034172,-0.33770796676458603,-1.8489178830680033,0.6145138069821459,2.419813879938056,-0.9086039636346392,1.5112099163034172,0.3862272245032735,-0.1327481674609078,-0.6560112528113483,-1.0422384773146218,4.213340619347792,0.4388246880818784,3,3,0.0,0.7368421052631579,0.5708959968700532,1.8489178830680033,0.1528288428174603,0.4155960054783179,0.3333333333333333,0.05555555555555555,0.07643823454743563,0.19523090440009938,0.30331661027867585,0.35,0.65,0,,,,,,,,,,,,,,,,,,,,,,,,,,,,,1.5112099163034172,1.0956139108250995,0.6800179053467816,0.264421899868464,-0.1511741056098539,-0.4246638990142271,-0.27183505619676684,-0.11900621337930656,0.03382262943815373,0.18665147225561396,0.13288035396445727,-0.12749072543531714,-0.38786180483509103,-0.6482328842348648,-0.9086039636346392,-0.873277454528794,-0.7393850825877422,-0.6054927106466903,-0.4716003387056382,-0.33770796676458603,,,,,,,,,,,,,,,,,,,,,,,,,5,0.8,
omnimath-609,processbench,omnimath,omnimath,Qwen2.5-Math-72B-Instruct,,1,final_answer_correct,True,True,,False,,,,10,0.5470889148670042,0.04586809342074705,-0.5012208214462571,0.4580258512469889,1.7325283976223194,-0.7372090377804343,0.995319359841885,-0.1341283492638134,-0.23553684940636416,0.3792622924583871,0.5133906417222005,5.135354502730482,0.09760199051102639,4,4,0.8947368421052632,0.3157894736842105,0.7830771312011814,0.949451266421138,0.44437249057053113,0.47472563321056904,0.8333333333333334,0.9444444444444444,0.17405299130138027,0.18137584239893853,0.1969799741959845,0.5,0.5,0,,,,,,,,,,,,,,,,,,,,,,,,,,,,,0.5470889148670042,0.35291183007060156,0.158734745274199,-0.15187551475264516,-0.4770399216832945,-0.6315094608421243,-0.7372090377804343,-0.5868253885451667,-0.3084001262231103,-0.08122330516224131,0.10495476288967781,0.04028013950425424,-0.3379603481778478,-0.4795836801301152,-0.147972700622711,0.20869639245427735,0.6530688830248085,0.995319359841885,0.520593726631316,0.04586809342074705,,,,,,,,,,,,,,,,,,,,,,,,,10,0.3111111111111111,
omnimath-612,processbench,omnimath,omnimath,Qwen2-72B-Instruct,,1,final_answer_correct,True,True,,False,,,,9,0.48213978351685616,1.0974823818929988,0.6153425983761427,0.4253276195350854,1.6658341416212292,-0.5683517597282303,1.0974823818929988,0.07605138479634573,-0.2505743994554024,0.04727824671481162,-0.028773138081534103,5.3852375118553555,0.11426470922062285,5,6,1.0,0.5789473684210527,1.6658341416212292,0.0,0.7997679969695737,0.43087011656885976,1.0,0.4444444444444444,0.22550674136329846,0.15102395388864834,0.19792353500487464,0.45,0.55,0,,,,,,,,,,,,,,,,,,,,,,,,,,,,,0.48213978351685616,0.3310519661540734,0.17996414879129063,-0.00890851360658157,-0.22045208302550745,-0.2913124414357532,0.05987683318004211,0.41106610779583735,0.07795341512505971,-0.35291670144380005,-0.5683517597282302,-0.5683517597282303,-0.5300234176034297,-0.22339668060502355,0.08323005639338321,-0.1438564230052429,-0.5488473078695463,-0.5020536120461483,0.29771438492342517,1.0974823818929988,,,,,,,,,,,,,,,,,,,,,,,,,9,0.3611111111111111,
omnimath-614,processbench,omnimath,omnimath,Qwen2-7B-Instruct,,1,final_answer_correct,True,True,,False,,,,8,0.12850328465036465,0.5023378488719237,0.37383456422155903,0.4717769311561669,1.5932163985789525,-0.6387518680633025,0.9544645305156501,0.4293249661558437,-0.46229176933865157,-0.055750315049539236,-0.48507528120538296,3.5602673613794664,0.10500182325540645,2,2,0.2631578947368421,0.47368421052631576,1.1410897169352263,0.4521266816437264,0.34225020478364815,0.6410139686528218,0.16666666666666666,0.3333333333333333,0.1383739706656615,0.1901638487087603,0.21842732433760484,0.5,0.5,0,,,,,,,,,,,,,,,,,,,,,,,,,,,,,0.12850328465036465,0.14459409751976615,0.16068491038916768,0.2699641209483539,0.6122143257320021,0.9544645305156501,0.7348494933356011,0.09383552468277934,-0.5471784439700424,-0.6387518680633025,-0.6387518680633025,-0.621624373303585,-0.5017319099855644,-0.3818394466675438,-0.3133294676286751,-0.31332946762867564,-0.31332946762867614,-0.09868017381272934,0.20182883752959713,0.5023378488719237,,,,,,,,,,,,,,,,,,,,,,,,,8,0.32142857142857145,
omnimath-616,processbench,omnimath,omnimath,Qwen2.5-Math-72B-Instruct,,1,final_answer_correct,True,True,,False,,,,4,-0.22369109940653192,-1.204520352418258,-0.980829253011726,0.672813242948467,2.3391290514569185,-1.204520352418258,1.1346086990386606,0.4554587998160643,0.632557008671428,-0.6429432450666398,-1.098402044882704,3.6974288499021113,0.26527332717644947,1,2,0.3157894736842105,1.0,0.0,2.3391290514569185,0.22638329974086546,0.2246308429406474,0.1111111111111111,0.9444444444444444,0.02505634126008415,0.3919900879409488,0.20406752849031856,0.65,0.35,0,,,,,,,,,,,,,,,,,,,,,,,,,,,,,-0.22369109940653192,0.0026922003343334833,0.2290755000751989,0.45545879981606435,0.6818420995569296,0.9082253992977951,1.1346086990386606,1.1056563098912535,0.9490360762997101,0.7924158427081667,0.6357956091166233,0.4791753755250797,0.3225551419335364,0.14326470522562534,-0.08136613771502202,-0.3059969806556694,-0.5306278235963163,-0.7552586665369632,-0.9798895094776106,-1.204520352418258,,,,,,,,,,,,,,,,,,,,,,,,,4,0.8333333333333334,
omnimath-624,processbench,omnimath,omnimath,Qwen2.5-7B-Instruct,,1,final_answer_correct,True,True,,False,,,,9,0.6731725439982089,-0.6168278840132583,-1.2900004280114672,0.3651334722551943,1.3113307602953181,-0.6168278840132583,0.6945028762820598,0.11754070205339032,-0.20739124963142977,0.08741231740066337,-0.03012838465272695,3.6915531020117234,0.34944653168025064,4,3,0.8947368421052632,1.0,0.0,1.3113307602953181,0.5270836329682127,0.6556653801476591,0.8333333333333334,1.0,0.12951431883745154,0.14995706306800735,0.15518105950012212,0.4,0.6,0,,,,,,,,,,,,,,,,,,,,,,,,,,,,,0.6731725439982089,0.491573450169249,0.3099743563402891,0.09626392493955932,-0.13671330900423234,-0.30954516498627443,-0.3019408870830675,-0.2943366091798606,-0.27537056087444217,-0.2547814025115649,-0.20940146753022,-0.13923075593040726,-0.09012690176380828,-0.1884910496297051,-0.28685519749560207,0.08386649026408372,0.6109501232322965,0.6945028762820598,0.038837496134400795,-0.6168278840132583,,,,,,,,,,,,,,,,,,,,,,,,,9,0.2777777777777778,
omnimath-625,processbench,omnimath,omnimath,Qwen2.5-Math-7B-Instruct,,1,final_answer_correct,True,True,,False,,,,9,0.9916460164067421,0.4270114681132065,-0.5646345482935355,0.38411585307476054,1.592639562708464,-0.600993546301722,0.9916460164067421,0.12989958927233755,-0.23283288229713253,-0.02838867907101214,-0.1582882683433497,3.5039521913709155,0.16114219528566776,3,4,0.0,0.7368421052631579,1.0280050144149284,0.5646345482935355,0.31461659024430305,0.45399330481779,0.8333333333333334,0.05555555555555555,0.10968030274884283,0.1347971159245582,0.17934037220454008,0.4,0.6,0,,,,,,,,,,,,,,,,,,,,,,,,,,,,,0.9916460164067421,0.5376527115889522,0.08365940677116224,-0.14806567495169465,-0.24642982281759152,-0.2649962078265441,-0.044169304264663534,0.17665759929721708,0.011037421625806787,-0.20978948193607377,-0.3353117333737883,-0.36552933268733645,-0.4042652505699281,-0.502629398435825,-0.600993546301722,-0.38962214058496875,-0.0750055503406657,0.16984797375431585,0.2984297209337612,0.4270114681132065,,,,,,,,,,,,,,,,,,,,,,,,,9,0.2222222222222222,
omnimath-627,processbench,omnimath,omnimath,Qwen2-72B-Instruct,,1,final_answer_correct,True,True,,False,,,,16,0.4687741001904246,0.2175165660579698,-0.2512575341324548,0.19706021526178163,0.835996887570182,-0.36722278737975733,0.4687741001904246,0.06572569601535354,-0.02211150414828623,-0.05739749341516143,-0.12312318943051496,4.35796920530219,0.05765472914006791,13,12,0.0,0.7894736842105263,0.5847393534377271,0.2512575341324548,0.5221566965095014,0.5519067758524419,1.0,0.0,0.36731462134312953,0.07608875758268815,0.07804303845376302,0.5,0.5,0,,,,,,,,,,,,,,,,,,,,,,,,,,,,,0.4687741001904246,-0.08313267566201726,0.0718000206636433,0.16406619392779992,-0.03925245747514838,0.036571002277465285,-0.15874631181469265,0.13763003467895893,0.31545584257515064,-0.03921519983317706,-0.20782633164743408,-0.08417816831697883,-0.11790039467983035,-0.15874631181469284,0.016072856658427195,-0.36722278737975733,0.06828453615975927,0.025603998464164168,-0.3046401304515316,0.2175165660579698,,,,,,,,,,,,,,,,,,,,,,,,,16,0.09166666666666666,
omnimath-628,processbench,omnimath,omnimath,Qwen2.5-Math-72B-Instruct,,1,final_answer_correct,True,True,,False,,,,4,1.3779323776030052,-0.10844544207386747,-1.4863778196768727,0.576933703660958,2.1870835107408793,-0.8091511331378739,1.3779323776030052,0.3199150095206976,-0.6008878828307188,-0.22899083005459717,-0.5489058395752948,2.8877892018048854,0.5147113296039328,1,1,0.0,0.3684210526315789,0.7007056910640064,1.4863778196768727,0.06976306614932204,0.3526724560274359,0.3888888888888889,0.0,0.02466557961854383,0.1697847387123703,0.3368224933872569,0.2,0.8,0,,,,,,,,,,,,,,,,,,,,,,,,,,,,,1.3779323776030052,1.0252599215755693,0.6725874655481335,0.31991500952069774,-0.032757446506738175,-0.3854299025341741,-0.7381023585616098,-0.8091511331378739,-0.7393880669885519,-0.6696250008392299,-0.5998619346899079,-0.5300988685405859,-0.460335802391264,-0.39775437322761875,-0.34953621803532686,-0.3013180628430349,-0.2530999076507431,-0.2048817524584513,-0.15666359726615942,-0.10844544207386747,,,,,,,,,,,,,,,,,,,,,,,,,4,0.6666666666666666,
omnimath-629,processbench,omnimath,omnimath,Llama-3.1-8B-Instruct,,1,final_answer_correct,True,True,,False,,,,8,0.23721610837019438,-0.3333287500974187,-0.570544858467613,0.5972594870106597,1.7800482232688384,-0.5784512081304042,1.201597015138434,0.7535491556221906,-0.31861946239207656,-0.5010441161199877,-1.2545932717421784,3.6912426618071033,0.15456715007414176,4,1,0.15789473684210525,0.8421052631578947,0.2451224580329855,1.5349257652358528,0.37667201939285655,0.47413002019188355,0.0,0.3333333333333333,0.1147979046953212,0.26374220446776675,0.2618300466732231,0.35,0.65,0,,,,,,,,,,,,,,,,,,,,,,,,,,,,,0.23721610837019438,0.6138881277630509,0.9905601471559075,1.201597015138434,0.9985460045951355,0.795494994051837,0.43754169228077555,-0.036588327911108,-0.5107183481029914,-0.43892507583175955,-0.2761445881500082,-0.1598728112344717,-0.3226532989162229,-0.48543378659797415,-0.5784512081304036,-0.578451208130404,-0.5784512081304042,-0.513945298121724,-0.4236370241095714,-0.3333287500974187,,,,,,,,,,,,,,,,,,,,,,,,,8,0.42857142857142855,
omnimath-635,processbench,omnimath,omnimath,Llama-3.1-8B-Instruct,,1,final_answer_correct,True,True,,False,,,,7,0.4131597833481745,0.6922826024042853,0.2791228190561108,0.4527265733234686,1.4242551233591136,-0.7319725209548282,0.6922826024042853,0.11573231370636404,-0.08290663897375747,-0.23223388117970076,-0.3479661948860648,4.358869199508103,0.06403560333666579,3,4,1.0,0.6842105263157895,1.4242551233591136,0.0,0.4497647757976151,0.2560832261735778,1.0,0.5555555555555556,0.1041525332344632,0.16760261096377874,0.22578378916127667,0.45,0.55,0,,,,,,,,,,,,,,,,,,,,,,,,,,,,,0.4131597833481745,0.16153064333718914,-0.09009849667379621,-0.34172763668478157,-0.10817198082637003,0.22242063420592084,0.5530132492382116,0.5402101365674016,0.3557091600450411,0.17120818352268063,-0.04908391782528823,-0.305167143998866,-0.5612503701724432,-0.7319725209548282,-0.7319725209548282,-0.7319725209548281,-0.6570117249885588,-0.20724694919094477,0.2425178266066702,0.6922826024042853,,,,,,,,,,,,,,,,,,,,,,,,,7,0.3333333333333333,
omnimath-636,processbench,omnimath,omnimath,Llama-3.1-8B-Instruct,,1,final_answer_correct,True,True,,False,,,,4,1.4138157767878439,-1.1251580942704322,-2.538973871058276,0.660046117063908,2.538973871058276,-1.1251580942704322,1.4138157767878439,0.6757472735026361,-0.15170349729638796,-0.7379886522921192,-1.4137359257947553,2.538973871058276,1.0,0,1,0.0,1.0,0.0,2.538973871058276,0.0,0.24602283442840278,0.3888888888888889,0.2777777777777778,0.02227170062331831,0.23962760721505122,0.2776088812305001,0.3,0.7,0,,,,,,,,,,,,,,,,,,,,,,,,,,,,,1.4138157767878439,1.1677929423594413,0.9217701079310388,0.6757472735026361,0.4297244390742335,0.18370160464583107,-0.06232122978257171,-0.14432884125870582,-0.14432884125870582,-0.14432884125870582,-0.14432884125870582,-0.14432884125870582,-0.14432884125870582,-0.19595143352248073,-0.3508192103138061,-0.5056869871051315,-0.6605547638964565,-0.8154225406877815,-0.9702903174791069,-1.1251580942704322,,,,,,,,,,,,,,,,,,,,,,,,,4,0.8333333333333334,
omnimath-637,processbench,omnimath,omnimath,Qwen2-7B-Instruct,,1,final_answer_correct,True,True,,False,,,,9,0.5881703987542285,-0.42794833120802706,-1.0161187299622556,0.434354785599171,1.3628352558542447,-0.6171903308465555,0.7456449250076892,-0.29056263256505127,0.3339074344068983,-0.0683999738480686,0.22216265871698265,3.741789241670745,0.27155958402097197,2,3,0.5263157894736842,0.15789473684210525,0.18924199963852845,1.1735932562157163,0.4890019876134602,0.50752030720033,0.4444444444444444,0.0,0.10925531939650099,0.18828519610540287,0.19363450761517695,0.55,0.45,0,,,,,,,,,,,,,,,,,,,,,,,,,,,,,0.5881703987542285,0.08065009155389846,-0.42687021564643157,-0.6171903308465555,-0.6171903308465554,-0.5850448940516941,-0.4564631468722492,-0.32788139969280417,0.1160680578664039,0.6050700454798641,0.7456449250076892,0.5377926964498785,0.3508033687431611,0.3098543469940955,0.2689053252450298,0.15229062772724777,0.010454038286560524,-0.13341822502347278,-0.2806832781157499,-0.42794833120802706,,,,,,,,,,,,,,,,,,,,,,,,,9,0.3055555555555556,
omnimath-640,processbench,omnimath,omnimath,Qwen2.5-Math-7B-Instruct,,1,final_answer_correct,True,True,,False,,,,5,1.5380572041353533,0.4394449154672439,-1.0986122886681093,0.6417622576303753,2.197224577336219,-0.6591673732008659,1.5380572041353533,0.24945933171260823,-0.6591673732008658,-0.12913512866800606,-0.3785944603806143,3.2958368660043287,0.33333333333333326,1,2,0.0,0.7368421052631579,1.0986122886681098,1.0986122886681093,0.23128679761433918,0.4625735952286778,1.0,0.0,0.03854779960238989,0.2012195139244748,0.3833578670457668,0.3,0.7,0,,,,,,,,,,,,,,,,,,,,,,,,,,,,,1.5380572041353533,1.0754836089066755,0.6129100136779979,0.15033641844932033,-0.3122371767793575,-0.6591673732008657,-0.6591673732008657,-0.6591673732008657,-0.6591673732008657,-0.6591673732008657,-0.6591673732008657,-0.6591673732008658,-0.6591673732008658,-0.6591673732008658,-0.6591673732008659,-0.4857022749901117,-0.2544154773757731,-0.0231286797614344,0.20815811785290472,0.4394449154672439,,,,,,,,,,,,,,,,,,,,,,,,,5,0.7,
omnimath-645,processbench,omnimath,omnimath,Qwen2.5-Math-72B-Instruct,,1,final_answer_correct,True,True,,False,,,,11,-0.07357166106193798,0.6479881682585991,0.7215598293205371,0.332404732810565,1.1211938402126669,-0.4732056719540678,0.6479881682585991,-0.014916005795529775,-0.21174941536954658,0.22413306102966524,0.239049066825195,3.387281706837152,0.213020318878139,5,5,1.0,0.631578947368421,1.1211938402126669,0.0,0.5453115429930397,0.5453115429930397,0.4444444444444444,0.5555555555555556,0.2400973426045774,0.13327093727479608,0.14536391637367324,0.45,0.55,0,,,,,,,,,,,,,,,,,,,,,,,,,,,,,-0.07357166106193798,-0.10491108475248645,-0.11331399478941226,0.0847117180562662,0.20979503050178314,0.04310874134665332,-0.15023078986957444,-0.4057612192283645,-0.3409548596464232,0.2043566833466166,0.2043566833466176,-0.3409548596464222,-0.4732056719540678,-0.3300826638047827,-0.28714576135999675,-0.28714576135999687,0.08831664475814072,0.5576446524058132,0.625140423475432,0.6479881682585991,,,,,,,,,,,,,,,,,,,,,,,,,11,0.2,
omnimath-648,processbench,omnimath,omnimath,Qwen2.5-7B-Instruct,,1,final_answer_correct,True,True,,False,,,,7,0.56050056782221,1.049339573253032,0.4888390054308219,0.5476924473047368,1.7215612230427442,-0.6722216497897121,1.049339573253032,0.36551751171763724,-0.5491715242528811,-0.06816508030102997,-0.4336825920186672,2.954283440654666,0.16546787579816505,1,2,1.0,0.631578947368421,1.7215612230427442,0.0,0.5436509125398142,0.19141130639062595,0.9444444444444444,0.3888888888888889,0.04993408626095541,0.20615000942238854,0.29087843790003287,0.4,0.6,0,,,,,,,,,,,,,,,,,,,,,,,,,,,,,0.56050056782221,0.5328405951983407,0.5051806225744714,0.4775206499506021,0.3310694701099519,0.1608600488259455,-0.009349372458060834,-0.19369338381314702,-0.38510469020377297,-0.5765159965943989,-0.672221649789712,-0.672221649789712,-0.6722216497897121,-0.6722216497897121,-0.6722216497897121,-0.672221649789712,-0.5816131643664094,-0.037962251826596405,0.5056886607132178,1.049339573253032,,,,,,,,,,,,,,,,,,,,,,,,,7,0.42857142857142855,
omnimath-649,processbench,omnimath,omnimath,Qwen2.5-72B-Instruct,,1,final_answer_correct,True,True,,False,,,,11,0.2932209567166948,0.15439978132619198,-0.13882117539050282,0.34353243349362633,1.3775284599387274,-0.7133359698352838,0.6641924901034435,0.04387779390754414,-0.0826855278410299,0.01386370797202178,-0.030014085935522364,4.905919645650973,0.028296667173007165,5,6,0.3684210526315789,0.5263157894736842,0.8677357511614758,0.5097927087772516,0.4688143776694374,0.8732128526009176,0.6666666666666666,0.4444444444444444,0.27283953828326835,0.13472533918456922,0.1441489336696827,0.5,0.5,0,,,,,,,,,,,,,,,,,,,,,,,,,,,,,0.2932209567166948,-0.055925978694196354,-0.34538261538182,-0.09762656356003668,0.10624369931094817,0.13457080637873864,0.27204425258248044,0.6641924901034435,0.5501962915756555,-0.3230165610252621,-0.7133359698352838,-0.6207619348544079,-0.3024436942603959,0.1663706834090415,0.2309593634631697,0.12230845882501998,-0.06646940784381701,-0.275279015020326,-0.08273693291810796,0.15439978132619198,,,,,,,,,,,,,,,,,,,,,,,,,11,0.23636363636363636,
omnimath-651,processbench,omnimath,omnimath,Qwen2-7B-Instruct,,1,final_answer_correct,True,True,,False,,,,9,0.8407885020028045,-0.32538613576772435,-1.1661746377705289,0.3378567641377037,1.4223742133887622,-0.5815857113859577,0.8407885020028045,0.19860433253510115,-0.21372166875046567,-0.03212490220459751,-0.23072923473969867,4.975200006581582,0.2343975390391989,6,7,0.0,0.47368421052631576,0.25619957561823337,1.1661746377705289,0.4156574962135553,0.49102090011390687,0.5555555555555556,0.0,0.22805720696607543,0.12684966856201546,0.1417782068987723,0.4,0.6,0,,,,,,,,,,,,,,,,,,,,,,,,,,,,,0.8407885020028045,0.34976760188889766,-0.1412532982250092,-0.13359085575406143,0.17328159226779932,0.31916341645034285,-0.01792663088506591,-0.35501667822047467,-0.48322156352006074,-0.5815857113859577,-0.4229390372121291,-0.00728154099857381,0.320534299559023,0.03345855052491348,-0.2536171985091966,-0.09523179975132892,0.2116406482705312,0.2883587602759972,-0.018513687745863594,-0.32538613576772435,,,,,,,,,,,,,,,,,,,,,,,,,9,0.2222222222222222,
omnimath-652,processbench,omnimath,omnimath,Qwen2.5-7B-Instruct,,1,final_answer_correct,True,True,,False,,,,10,1.02460486302655,0.14731628895566437,-0.8772885740708857,0.44223177057057184,1.7610128166422858,-0.7364079536157356,1.02460486302655,0.4829775545538132,-0.2758759636459237,-0.3444186237769427,-0.827396178330756,3.0290766981219397,0.2896224366371489,5,2,0.0,0.8947368421052632,0.8837242425714,0.8772885740708857,0.4418621212857,0.3283328750020794,0.9444444444444444,0.05555555555555555,0.10823230731984476,0.17640795854161784,0.20724798885693932,0.4,0.6,0,,,,,,,,,,,,,,,,,,,,,,,,,,,,,1.02460486302655,0.6962719880244708,0.36793911302239135,0.40179624443004325,0.4809271266389116,0.3196404665786182,0.08966308015570723,-0.07784301889986056,-0.21411347427175675,-0.3024045725926123,-0.35231218527263536,-0.3631875404092136,-0.32527257361648565,-0.29599838045890203,-0.28400573457160694,-0.3284492393948682,-0.570419271705074,-0.7364079536157356,-0.2945458323300356,0.14731628895566437,,,,,,,,,,,,,,,,,,,,,,,,,10,0.26666666666666666,
omnimath-656,processbench,omnimath,omnimath,Qwen2-7B-Instruct,,1,final_answer_correct,True,True,,False,,,,10,-0.41212084345687583,0.6244190165688561,1.0365398600257318,0.36630557253310697,1.3344627315515825,-0.7100437149827263,0.6244190165688561,0.005839530613257212,-0.21688495668919078,0.22759701699104698,0.22175748637778978,4.364967539834195,0.23746794233093085,4,5,1.0,0.42105263157894735,1.3344627315515825,0.0,0.5203952946322623,0.35704980112565377,0.5,0.16666666666666666,0.18719539533163024,0.14678497887517444,0.1523717729044371,0.45,0.55,0,,,,,,,,,,,,,,,,,,,,,,,,,,,,,-0.41212084345687583,0.08119941304067424,0.5745196695382243,0.31195543037070417,-0.0450943707549496,-0.19160987087655176,-0.277972713568425,-0.46807368267252014,-0.7100437149827263,-0.5284774545471167,-0.008082159914854392,0.21251635806420055,0.05836890522674515,-0.07440294799806343,-0.1644236019975785,-0.1671340973190802,0.13574096273246083,0.41651354245146377,0.52046627951016,0.6244190165688561,,,,,,,,,,,,,,,,,,,,,,,,,10,0.2222222222222222,
omnimath-659,processbench,omnimath,omnimath,Llama-3.1-8B-Instruct,,1,final_answer_correct,True,True,,False,,,,4,1.343819601921041,-0.44793986730701374,-1.791759469228055,0.5606874256809578,1.791759469228055,-0.44793986730701374,1.343819601921041,0.4950914322866993,-0.4479398673070137,-0.4479398673070137,-0.9430312995937129,1.791759469228055,1.0,0,1,0.0,0.3684210526315789,0.0,1.791759469228055,0.0,0.2829093898781141,0.3888888888888889,0.2222222222222222,0.01571718832656192,0.1945002055412033,0.3123791179904175,0.25,0.75,0,,,,,,,,,,,,,,,,,,,,,,,,,,,,,1.343819601921041,1.0609102120429272,0.7780008221648133,0.4950914322866993,0.2121820424085854,-0.07072734746952869,-0.35363673734764256,-0.44793986730701374,-0.44793986730701374,-0.44793986730701374,-0.44793986730701374,-0.44793986730701374,-0.44793986730701374,-0.44793986730701374,-0.44793986730701374,-0.44793986730701374,-0.44793986730701374,-0.44793986730701374,-0.44793986730701374,-0.44793986730701374,,,,,,,,,,,,,,,,,,,,,,,,,4,1.0,
omnimath-661,processbench,omnimath,omnimath,Qwen2-72B-Instruct,,1,final_answer_correct,True,True,,False,,,,5,0.7467230695910654,0.5842041400932907,-0.1625189294977747,0.4812127690246083,1.8124127263367178,-1.0656896567456524,0.7467230695910654,-0.016730211877677505,-0.07687655469467904,-0.29941010863885137,-0.2826798967611739,5.312600904090373,0.030591217452951378,3,4,0.0,0.7368421052631579,1.649893796838943,0.1625189294977747,0.3651791695553912,0.3388290341966532,0.9444444444444444,0.7222222222222222,0.09984790431242613,0.1456489432578179,0.26823434414979813,0.4,0.6,0,,,,,,,,,,,,,,,,,,,,,,,,,,,,,0.7467230695910654,0.45487162514477264,0.1630201806984799,-0.12883126374781284,-0.4206827081941056,-0.5817495921252405,-0.35046279451090157,-0.11917599689656266,0.11211080071777624,0.34339759833211525,0.28962648004095853,-0.04920255415569452,-0.38803158835234697,-0.7268606225489992,-1.0656896567456524,-0.8765125381282726,-0.5113333685728821,-0.14615419901749171,0.2190249705378995,0.5842041400932907,,,,,,,,,,,,,,,,,,,,,,,,,5,0.5,
omnimath-662,processbench,omnimath,omnimath,Llama-3.1-8B-Instruct,,1,final_answer_correct,True,True,,False,,,,8,0.9300461625141185,-0.0964927862732275,-1.026538948787346,0.45106986276126465,1.5970838072549594,-0.6670376447408408,0.9300461625141185,0.17020824584482483,-0.20751589703539514,-0.07214573266561361,-0.24235397851043844,3.456052934650838,0.2970263963538094,3,3,0.0,0.3157894736842105,0.5705448584676134,1.026538948787346,0.23978492663604167,0.38907203788132605,0.5,0.16666666666666666,0.0970123595142689,0.17092428758473988,0.20562568530112357,0.45,0.55,0,,,,,,,,,,,,,,,,,,,,,,,,,,,,,0.9300461625141185,0.7307189029857227,0.5313916434573269,0.2778515901138082,-0.11122044776751783,-0.5002924856488438,-0.6670376447408408,-0.6670376447408408,-0.6670376447408408,-0.46150770762423365,-0.22172278098819198,0.009360199064294413,0.1882314996154471,0.3671028001665998,0.3412733588233267,0.04250959495415274,-0.2562541689150206,-0.2771093342975328,-0.18680106028538015,-0.0964927862732275,,,,,,,,,,,,,,,,,,,,,,,,,8,0.32142857142857145,
omnimath-666,processbench,omnimath,omnimath,Llama-3.1-70B-Instruct,,1,final_answer_correct,True,True,,False,,,,4,1.3779323776030055,-0.41382709162504927,-1.7917594692280547,0.5516914322742829,2.1549380739460178,-0.7770056963430125,1.3779323776030055,0.31991500952069796,-0.43097628834359514,-0.2932817036443197,-0.6131967131650177,3.096734540971483,0.57859640389646,2,1,0.0,0.3684210526315789,0.36317860471796326,1.7917594692280547,0.11798122134161398,0.3526724560274359,0.5555555555555556,0.0,0.03538072521683091,0.16978473871237035,0.29664069739368026,0.2,0.8,0,,,,,,,,,,,,,,,,,,,,,,,,,,,,,1.3779323776030055,1.0252599215755696,0.6725874655481338,0.31991500952069796,-0.03275744650673795,-0.38542990253417386,-0.7381023585616096,-0.7770056963430125,-0.6590244750013987,-0.5410432536597849,-0.42306203231817113,-0.30508081097655715,-0.18709958963494355,-0.12451816047129832,-0.17273631566359018,-0.22095447085588205,-0.2691726260481738,-0.3173907812404656,-0.3656089364327574,-0.41382709162504927,,,,,,,,,,,,,,,,,,,,,,,,,4,0.6666666666666666,
omnimath-667,processbench,omnimath,omnimath,Qwen2-72B-Instruct,,1,final_answer_correct,True,True,,False,,,,6,0.783334698824772,0.568994725777322,-0.21433997304745,0.533564735209039,2.1440942300409453,-1.360759531216173,0.783334698824772,0.29301503029697434,-0.099576196595349,-0.5341046484383387,-0.827119678735313,4.5391492157261615,0.04722029676945979,3,4,0.0,0.7894736842105263,1.9297542569934951,0.21433997304745,0.5299756579738857,0.4207662165363393,0.9444444444444444,0.7222222222222222,0.09510482826044471,0.1437800053070064,0.23630780804293913,0.5,0.5,0,,,,,,,,,,,,,,,,,,,,,,,,,,,,,0.783334698824772,0.5980561240805722,0.4127775493363724,0.2274989745921726,0.06769886595539565,0.009812621748310407,-0.04807362245877486,-0.1059598666658601,-0.10967156461066326,-0.03212144316204303,0.045428678286577207,0.12297879973519751,-0.09846088160715655,-0.5192270981434948,-0.939993314679834,-1.360759531216173,-1.020932248144334,-0.49095659017044935,0.039019067803436336,0.568994725777322,,,,,,,,,,,,,,,,,,,,,,,,,6,0.8,
omnimath-670,processbench,omnimath,omnimath,Llama-3.1-8B-Instruct,,1,final_answer_correct,True,True,,False,,,,7,0.08487785917247861,-0.5212579443978371,-0.6061358035703157,0.48812102703957766,1.5403428010610227,-0.8682266806293183,0.6721161204317045,0.4271739861525246,-0.12970978408666242,-0.2704836593881798,-0.6976576455407044,4.8003071736695215,0.12627021180958395,3,3,0.6842105263157895,0.47368421052631576,0.34696873623148117,1.1933740648295417,0.6161364460447745,0.5711076450240578,0.5555555555555556,0.3888888888888889,0.1791971270013099,0.23096964993071345,0.20800227702411567,0.55,0.45,0,,,,,,,,,,,,,,,,,,,,,,,,,,,,,0.08487785917247861,0.22551134306557505,0.36614482695867145,0.5067783108517679,0.5629829655183941,0.6023018543397263,0.6416207431610584,0.27398860941879727,-0.29711903560526054,-0.8682266806293183,-0.8457122801189607,-0.22957583407418625,0.3865606119705869,0.6721161204317045,0.29650975372550836,-0.07909661298068771,-0.39889960413911274,-0.43968571755868746,-0.4804718309782623,-0.5212579443978371,,,,,,,,,,,,,,,,,,,,,,,,,7,0.42857142857142855,
omnimath-671,processbench,omnimath,omnimath,Llama-3.1-8B-Instruct,,1,final_answer_correct,True,True,,False,,,,3,0.5972531564093516,0.5972531564093515,-1.1102230246251565e-16,0.5417302378162255,1.6974563392686832,-1.1002031828593317,0.5972531564093516,0.03143437665312386,-0.8577094201066627,0.1257375066124949,0.09430312995937103,3.3949126785373664,3.270255024949493e-17,1,2,0.0,0.47368421052631576,1.6974563392686832,1.1102230246251565e-16,0.1886062599187428,0.1886062599187427,0.7222222222222222,0.4444444444444444,0.02095625110208262,0.12573750661249503,0.37721251983748516,0.4,0.6,0,,,,,,,,,,,,,,,,,,,,,,,,,,,,,0.5972531564093516,0.40864689649060904,0.22004063657186645,0.031434376653123874,-0.1571718832656187,-0.3457781431843613,-0.5343844031031039,-0.7229906630218464,-0.911596922940589,-1.1002031828593317,-1.1002031828593317,-0.911596922940589,-0.7229906630218467,-0.5343844031031043,-0.3457781431843615,-0.15717188326561882,0.03143437665312354,0.2200406365718659,0.4086468964906087,0.5972531564093515,,,,,,,,,,,,,,,,,,,,,,,,,3,0.6666666666666666,
omnimath-674,processbench,omnimath,omnimath,Qwen2.5-7B-Instruct,,1,final_answer_correct,True,True,,False,,,,7,0.6451343996151329,1.0641973000152705,0.4190629004001376,0.47428444314526114,1.9154150570813622,-0.8512177570660916,1.0641973000152705,-0.09504242451836376,-0.19679176928175263,0.040590471779012226,0.135632896297376,4.70238587605135,0.0891170804451356,3,4,1.0,0.3157894736842105,1.9154150570813622,0.0,0.5504043231064598,0.2560832261735776,1.0,0.2777777777777778,0.10329776307750888,0.14308900613234965,0.23305383242868669,0.4,0.6,0,,,,,,,,,,,,,,,,,,,,,,,,,,,,,0.6451343996151329,0.40172923671321026,0.1583240738112877,-0.08508108909063483,-0.3390513047189365,-0.595134530892514,-0.8512177570660916,-0.751517212066658,-0.47392478148071887,-0.19633235089477974,-0.03437017611339309,0.011961742863440775,0.05829366184027454,0.008346730879565972,-0.23415789995622843,-0.4766625307920228,-0.5870156693041075,-0.03661134619764894,0.5137929769088107,1.0641973000152705,,,,,,,,,,,,,,,,,,,,,,,,,7,0.42857142857142855,
omnimath-676,processbench,omnimath,omnimath,Qwen2.5-72B-Instruct,,1,final_answer_correct,True,True,,False,,,,8,0.3537097482235927,-0.6609065023655165,-1.0146162505891092,0.5035101677851113,1.528465976765491,-0.8415230503898238,0.6869429263756671,0.5504895908847259,-0.07628324358052495,-0.5172796006706866,-1.0677691915554126,3.328434529123136,0.3048328701410288,4,3,0.2631578947368421,0.8947368421052632,0.18061654802430727,1.3478494287411835,0.3215297065453159,0.48431019422706867,0.6666666666666666,0.7777777777777778,0.1303473278730025,0.22743776479387093,0.21664942343860658,0.5,0.5,0,,,,,,,,,,,,,,,,,,,,,,,,,,,,,0.3537097482235927,0.44890799571428064,0.5441062432049686,0.6214597332829859,0.6542013298293265,0.6869429263756671,0.5440991595622604,0.2695663702290433,-0.004966419104173836,-0.176820384517512,-0.33156121261087024,-0.4182633928987031,-0.0967336863533873,0.22479602019192857,0.20096576926336526,-0.2833444249637034,-0.767654619190771,-0.8415230503898238,-0.7512147763776702,-0.6609065023655165,,,,,,,,,,,,,,,,,,,,,,,,,8,0.42857142857142855,
omnimath-678,processbench,omnimath,omnimath,Qwen2-7B-Instruct,,1,final_answer_correct,True,True,,False,,,,7,-0.4951939421084116,-0.032570420160298576,0.462623521948113,0.6039910576649709,2.0197116215744693,-0.8140901909447418,1.2056214306297273,0.49480166783885177,-0.08952025538342125,-0.38023807553682526,-0.875039743375677,6.671126244858323,0.06934713944360948,4,4,0.3157894736842105,0.5263157894736842,0.7815197707844432,1.2381918507900258,0.46245910182848915,0.7283716337760855,0.5555555555555556,0.3888888888888889,0.2122400102442565,0.26431361414153504,0.23653654244318187,0.45,0.55,0,,,,,,,,,,,,,,,,,,,,,,,,,,,,,-0.4951939421084116,-0.10725324850233764,0.28068744510373633,0.6686281387098102,0.8722074238163829,1.038914427223055,1.2056214306297273,0.7756093425812278,0.04723770880514233,-0.6811339249709429,-0.8140901909447418,-0.3516310891162526,0.11082801271223564,0.28653835324938287,-0.11124882879615478,-0.5090360108416925,-0.7980013866312531,-0.5428577311409353,-0.2877140756506169,-0.032570420160298576,,,,,,,,,,,,,,,,,,,,,,,,,7,0.6666666666666666,
omnimath-679,processbench,omnimath,omnimath,Qwen2-72B-Instruct,,1,final_answer_correct,True,True,,False,,,,7,0.7900810285455185,1.1090704261352131,0.3189893975896946,0.526762026597346,1.7723139210286885,-0.6632434948934752,1.1090704261352131,-0.017451071927711687,-0.5388993884653389,0.3158910713917639,0.3333421433194756,3.2256384444676827,0.09889186376011724,1,2,1.0,0.47368421052631576,1.7723139210286885,0.0,0.36826677393422336,0.31285294783922546,0.9444444444444444,0.1111111111111111,0.04101463664704366,0.18291826515271964,0.28287360487275814,0.35,0.65,0,,,,,,,,,,,,,,,,,,,,,,,,,,,,,0.7900810285455185,0.47722808070629313,0.16437513286706773,-0.14847781497215773,-0.3223630050369707,-0.46845464354690114,-0.6145462820568316,-0.663243494893475,-0.6632434948934751,-0.6632434948934752,-0.6082477010616517,-0.49825611339800446,-0.3882645257343574,-0.28779689438293315,-0.20637717565595434,-0.12495745692897553,0.00427010433254392,0.3725368782667665,0.7408036522009899,1.1090704261352131,,,,,,,,,,,,,,,,,,,,,,,,,7,0.42857142857142855,
omnimath-680,processbench,omnimath,omnimath,Qwen2.5-Math-7B-Instruct,,1,final_answer_correct,True,True,,False,,,,11,0.9332873190148517,-0.057040359763519205,-0.9903276787783709,0.3657688216265848,1.4042739904854291,-0.47098667147057727,0.9332873190148517,0.1578654478440002,-0.1611199672709276,-0.05769407535288903,-0.21555952319688923,3.952649351114034,0.25054782015997756,4,5,0.0,0.47368421052631576,0.4139463117070581,0.9903276787783709,0.39865343750807464,0.5417764456573608,0.8888888888888888,0.7777777777777778,0.18167103158224773,0.14006281255106223,0.15851011695635348,0.45,0.55,0,,,,,,,,,,,,,,,,,,,,,,,,,,,,,0.9332873190148517,0.6399848905141268,0.34197969618320845,0.001649609380549255,-0.2706144600615782,-0.2706144600615782,-0.2706144600615782,-0.2706144600615782,-0.32786366332129213,-0.47098667147057727,-0.4147829608658252,-0.15925253150703517,0.11470725001562249,0.40095326631419237,0.10758355924361312,-0.43419288641374765,-0.22362542553876058,0.17502801196931406,0.08608264838576613,-0.057040359763519205,,,,,,,,,,,,,,,,,,,,,,,,,11,0.2,
omnimath-681,processbench,omnimath,omnimath,Qwen2-72B-Instruct,,1,final_answer_correct,True,True,,False,,,,10,0.9059099670711142,0.4961251978184334,-0.40978476925268076,0.41579423151340783,1.4656986391474343,-0.55978867207632,0.9059099670711142,0.18682734501245626,-0.33620987830956406,0.051294081400174364,-0.1355332636122819,2.8443115457527997,0.144071689286141,5,2,0.0,0.5789473684210527,1.0559138698947534,0.40978476925268076,0.46008484577287856,0.335648606678251,0.8333333333333334,0.0,0.11152554186608217,0.15371213683259727,0.19060779906653263,0.35,0.65,0,,,,,,,,,,,,,,,,,,,,,,,,,,,,,0.9059099670711142,0.5702613603928631,0.2346127537146121,0.01957516509304122,-0.1803860462714446,-0.16168127537230076,-0.08050050954069116,-0.05741250127618061,-0.06337087179521955,-0.20044683219824022,-0.4424168645084462,-0.55978867207632,-0.5214126987162779,-0.5086207075962639,-0.546996680956306,-0.4746035833979202,-0.014518737625041633,0.39979712910177617,0.4479611634601048,0.4961251978184334,,,,,,,,,,,,,,,,,,,,,,,,,10,0.3333333333333333,
omnimath-683,processbench,omnimath,omnimath,Qwen2.5-72B-Instruct,,1,final_answer_correct,True,True,,False,,,,18,0.23940415826880646,0.20924717234271356,-0.030156985926092894,0.2336072149160145,0.9694463199878096,-0.6379794071890614,0.3314669127987482,0.03726940936629374,0.11066451191603198,-0.17127555901708502,-0.20854496838337877,4.754735905984283,0.006342515446154956,11,10,0.3684210526315789,0.8947368421052632,0.847226579531775,0.12221974045603462,0.5423320347734408,0.4046444306802966,1.0,0.0,0.36060034689533843,0.09175596299677755,0.09136175825308905,0.5,0.5,0,,,,,,,,,,,,,,,,,,,,,,,,,,,,,0.23940415826880646,-0.16524027241149014,0.15582569445540193,-0.010195838098164989,0.16686607206655582,-0.004975861607326548,-0.12079808710972634,0.3314669127987482,0.09438345033745824,0.1740126475560173,-0.024214844954366016,-0.2357905611177691,0.2492502452209041,0.18554373357123105,0.02911917331771413,-0.020799712361069096,-0.27415571778207987,-0.6379794071890614,-0.3330848624307273,0.20924717234271356,,,,,,,,,,,,,,,,,,,,,,,,,18,0.13725490196078433,
omnimath-686,processbench,omnimath,omnimath,Qwen2.5-Math-72B-Instruct,,1,final_answer_correct,True,True,,False,,,,6,0.37445176435156924,1.3552810173632954,0.9808292530117262,0.7932718374946125,2.4383866341531073,-1.083105616789812,1.3552810173632954,-0.15827986903469754,-0.9166233249841163,0.8595532673676812,1.0178331364023787,3.895944015294489,0.2517565060383925,1,2,1.0,0.42105263157894735,2.4383866341531073,0.0,0.4715156497968571,0.21340268847798127,0.7222222222222222,0.2777777777777778,0.057194810541500996,0.28850898835284033,0.4068591260491209,0.45,0.55,0,,,,,,,,,,,,,,,,,,,,,,,,,,,,,0.37445176435156924,0.20428672095023964,0.034121677548910045,-0.1360433658524196,-0.3148559382690795,-0.5282586267470607,-0.741661315225042,-0.9550640037030231,-1.083105616789812,-1.083105616789812,-1.083105616789812,-1.083105616789812,-0.8001962269116992,-0.3286805771148431,0.142835072682014,0.6143507224788711,0.8447858871593061,1.0149509305606357,1.1851159739619654,1.3552810173632954,,,,,,,,,,,,,,,,,,,,,,,,,6,0.7333333333333333,
omnimath-688,processbench,omnimath,omnimath,Qwen2-7B-Instruct,,1,final_answer_correct,True,True,,False,,,,4,0.8958797346140274,0.8958797346140274,0.0,0.640983861567664,1.7917594692280547,-0.8958797346140274,0.8958797346140274,0.04715156497968563,-0.8824078589055458,0.18860625991874247,0.14145469493905682,3.583518938456109,0.0,1,2,0.0,0.3684210526315789,1.7917594692280547,0.0,0.2829093898781143,0.282909389878114,0.9444444444444444,0.0,0.0314343766531239,0.18860625991874255,0.4243640848171709,0.4,0.6,0,,,,,,,,,,,,,,,,,,,,,,,,,,,,,0.8958797346140274,0.6129703447359134,0.3300609548577995,0.047151564979685645,-0.23575782489842834,-0.5186672147765422,-0.8015766046546561,-0.8958797346140274,-0.8958797346140274,-0.8958797346140274,-0.8958797346140274,-0.8958797346140274,-0.8958797346140274,-0.8015766046546564,-0.5186672147765422,-0.23575782489842811,0.047151564979685534,0.33006095485779896,0.6129703447359133,0.8958797346140274,,,,,,,,,,,,,,,,,,,,,,,,,4,0.6666666666666666,
omnimath-689,processbench,omnimath,omnimath,Llama-3.1-8B-Instruct,,1,final_answer_correct,True,True,,False,,,,3,0.5972531564093516,0.5972531564093515,-1.1102230246251565e-16,0.5417302378162255,1.6974563392686832,-1.1002031828593317,0.5972531564093516,0.03143437665312386,-0.8577094201066627,0.1257375066124949,0.09430312995937103,3.3949126785373664,3.270255024949493e-17,1,2,0.0,0.47368421052631576,1.6974563392686832,1.1102230246251565e-16,0.1886062599187428,0.1886062599187427,0.7222222222222222,0.4444444444444444,0.02095625110208262,0.12573750661249503,0.37721251983748516,0.4,0.6,0,,,,,,,,,,,,,,,,,,,,,,,,,,,,,0.5972531564093516,0.40864689649060904,0.22004063657186645,0.031434376653123874,-0.1571718832656187,-0.3457781431843613,-0.5343844031031039,-0.7229906630218464,-0.911596922940589,-1.1002031828593317,-1.1002031828593317,-0.911596922940589,-0.7229906630218467,-0.5343844031031043,-0.3457781431843615,-0.15717188326561882,0.03143437665312354,0.2200406365718659,0.4086468964906087,0.5972531564093515,,,,,,,,,,,,,,,,,,,,,,,,,3,0.6666666666666666,
omnimath-692,processbench,omnimath,omnimath,Qwen2.5-72B-Instruct,,1,final_answer_correct,True,True,,False,,,,6,1.5625873256162477,0.20946673817835534,-1.3531205874378924,0.5754638661881883,2.3871391794642927,-0.8245518538480447,1.5625873256162477,0.25623551355852253,-0.2785696045958907,-0.3780962416727169,-0.6343317552312394,4.609508550477146,0.2935498595176326,3,4,0.0,0.7894736842105263,1.0340185920264,1.3531205874378924,0.2855963280829519,0.5139154785187914,0.9444444444444444,0.1111111111111111,0.09340766067937606,0.17001775961667295,0.29126356398156683,0.3,0.7,0,,,,,,,,,,,,,,,,,,,,,,,,,,,,,1.5625873256162477,1.0486718470974565,0.5347563685786654,0.020840890059873995,-0.4015322348761096,-0.45773594548086183,-0.5139396560856141,-0.5701433666903664,-0.529995285305444,-0.34531951593600935,-0.1606437465665747,0.02403202280286021,-0.05584003351581167,-0.312077306959889,-0.5683145804039669,-0.8245518538480447,-0.6473222460704997,-0.3617259179875484,-0.0761295899045965,0.20946673817835534,,,,,,,,,,,,,,,,,,,,,,,,,6,0.6,
omnimath-695,processbench,omnimath,omnimath,Llama-3.1-8B-Instruct,,1,final_answer_correct,True,True,,False,,,,6,0.39981681442894307,-0.5810124385827831,-0.9808292530117262,0.6471866614678549,2.067176029611262,-1.1559778821304068,0.9111981474808548,0.6442610062288405,0.14089694017959828,-0.874692286353706,-1.5189532925825464,3.681210313716071,0.26644205829729095,4,1,0.21052631578947367,0.7894736842105263,0.5749654435476237,1.4922105860636379,0.17405223216983323,0.43216519348870897,0.9444444444444444,0.7777777777777778,0.1017212993340899,0.28938765600060307,0.27699006066376125,0.65,0.35,0,,,,,,,,,,,,,,,,,,,,,,,,,,,,,0.39981681442894307,0.5467531801610044,0.6936895458930656,0.840625911625127,0.9111981474808548,0.6763138638312478,0.4414295801816409,0.2065452965320339,0.10079389350928762,0.18874181142683322,0.27668972934437885,0.36463764726192455,0.14051769833571887,-0.29164749515298904,-0.7238126886416978,-1.1559778821304068,-1.1031691350922825,-0.9291169029224495,-0.7550646707526163,-0.5810124385827831,,,,,,,,,,,,,,,,,,,,,,,,,6,0.4666666666666667,
omnimath-696,processbench,omnimath,omnimath,Qwen2-7B-Instruct,,1,final_answer_correct,True,True,,False,,,,6,-0.3479453401360585,1.365033251238882,1.7129785913749407,0.4536659061378854,1.7129785913749407,-0.3479453401360587,1.365033251238882,-0.3479453401360586,-0.16482448138649697,0.3662640401212846,0.7142093802573433,2.344041243065737,0.7307800562137555,2,1,1.0,0.21052631578947367,1.7129785913749407,0.0,0.4507838398355114,0.09860353932668717,0.9444444444444444,0.7777777777777778,0.04695544428568114,0.13777149829712312,0.2073617237936322,0.2,0.8,0,,,,,,,,,,,,,,,,,,,,,,,,,,,,,-0.3479453401360585,-0.34794534013605855,-0.3479453401360586,-0.34794534013605866,-0.3479453401360587,-0.3479453401360587,-0.3479453401360587,-0.3479453401360587,-0.308503924405384,-0.20990038507869693,-0.1112968457520099,-0.012693306425322737,-0.03241401429065978,-0.1310175536173467,-0.22962109294403385,-0.328224632270721,0.012681731732349433,0.4634655715678597,0.9142494114033711,1.365033251238882,,,,,,,,,,,,,,,,,,,,,,,,,6,0.6666666666666666,
omnimath-697,processbench,omnimath,omnimath,Qwen2-72B-Instruct,,1,final_answer_correct,True,True,,False,,,,8,1.0436692299283221,-0.29391509201717125,-1.3375843219454935,0.5123303977978962,1.8694256344078983,-0.8257564044795762,1.0436692299283221,0.45784250317739145,-0.04827814002010037,-0.5746278429013085,-1.0324703460787,4.291633809156314,0.3116725194707251,3,3,0.0,0.7368421052631579,0.531841312462405,1.3375843219454935,0.389072037881326,0.551852525563077,0.5,0.6111111111111112,0.14439051680517537,0.20310794782322472,0.2321487735885654,0.5,0.5,0,,,,,,,,,,,,,,,,,,,,,,,,,,,,,1.0436692299283221,0.7834065783922599,0.5231439268561978,0.32132213410017035,0.2656024882942295,0.20988284248828867,0.057870322182271505,-0.16636185399880285,-0.39059403017987726,-0.0891368800217513,0.2999351578595747,0.5545894009631284,0.0027368754000514084,-0.5491156501630255,-0.8257564044795762,-0.7354481304674243,-0.6451398564552725,-0.533700018653214,-0.41380755533519264,-0.29391509201717125,,,,,,,,,,,,,,,,,,,,,,,,,8,0.35714285714285715,
omnimath-699,processbench,omnimath,omnimath,Qwen2.5-Math-72B-Instruct,,1,final_answer_correct,True,True,,False,,,,6,1.5097493868679992,0.24602476171963383,-1.2637246251483654,0.5589459151028497,2.3186183552564814,-0.8088689683884822,1.5097493868679992,0.12013660152081314,-0.21328487813907165,-0.2917667287109656,-0.4119033302317787,5.250976164791987,0.240664704140478,3,4,0.0,0.21052631578947367,1.054893730108116,1.2637246251483654,0.3313979697281983,0.6276047234742423,0.2222222222222222,0.1111111111111111,0.11382863862367182,0.1692794180258987,0.2894113334555789,0.4,0.6,0,,,,,,,,,,,,,,,,,,,,,,,,,,,,,1.5097493868679992,0.882144663393757,0.25453993991951473,-0.3730647835547276,-0.8088689683884822,-0.4774709986602839,-0.14607302893208562,0.1853249407961126,0.2802291363716098,0.020392670718054062,-0.23944379493550166,-0.49928026058905756,-0.6124295229324143,-0.6277873164023045,-0.6431451098721948,-0.658502903342085,-0.47050094124539044,-0.23165904025704936,0.007182860731292262,0.24602476171963383,,,,,,,,,,,,,,,,,,,,,,,,,6,0.6666666666666666,
omnimath-705,processbench,omnimath,omnimath,Llama-3.1-70B-Instruct,,1,final_answer_correct,True,True,,False,,,,4,-1.0922630511471167,0.1604999173482511,1.2527629684953678,0.4632240130657962,1.5581446180465495,-1.0922630511471167,0.46588156689943283,-0.3541945478619092,0.46358546427122843,0.2810453053289807,0.6352398531908898,1.8635262675977309,0.6722539898030537,1,1,0.3684210526315789,0.0,1.2527629684953678,0.30538164955118174,0.24602283442840256,0.04821815519229189,0.0,0.7222222222222222,0.016346721645594173,0.27265475791453386,0.1500543455725779,0.75,0.25,0,,,,,,,,,,,,,,,,,,,,,,,,,,,,,-1.0922630511471167,-0.8462402167187142,-0.6002173822903116,-0.3541945478619092,-0.10817171343350662,0.13785112099489583,0.3838739554232984,0.46588156689943283,0.46588156689943283,0.46588156689943283,0.46588156689943283,0.46588156689943283,0.46588156689943283,0.44980884850200226,0.40159069330971037,0.3533725381174185,0.30515438292512664,0.25693622773283487,0.20871807254054298,0.1604999173482511,,,,,,,,,,,,,,,,,,,,,,,,,4,0.3333333333333333,
omnimath-708,processbench,omnimath,omnimath,Qwen2.5-72B-Instruct,,1,final_answer_correct,True,True,,False,,,,8,0.5734935774147099,-0.6792693910806579,-1.2527629684953676,0.40083399281824605,1.3772145109916503,-0.6792693910806579,0.6979451199109924,0.18549550024016015,0.10305077638120398,-0.31648482066808986,-0.5019803209082501,4.455918903715814,0.2811458187559657,4,5,0.42105263157894735,1.0,0.0,1.3772145109916503,0.4402580205950365,0.29876376386917375,0.3333333333333333,0.9444444444444444,0.1610772319224828,0.17535831487370876,0.16931256425665825,0.45,0.55,0,,,,,,,,,,,,,,,,,,,,,,,,,,,,,0.5734935774147099,0.501021363745111,0.428549150075512,0.2914222077774632,-0.007341556091710388,-0.30610531996088397,-0.18257092127908048,0.257687099315956,0.6979451199109924,0.5047558966795631,0.20599213281038953,-0.08320574061147597,-0.31500827134949105,-0.5468108020875062,-0.551227777993869,-0.25246401412469527,0.046299749744477814,-0.08174186334231043,-0.3805056272114842,-0.6792693910806579,,,,,,,,,,,,,,,,,,,,,,,,,8,0.25,
omnimath-711,processbench,omnimath,omnimath,Qwen2.5-7B-Instruct,,1,final_answer_correct,True,True,,False,,,,6,1.5195876836176732,0.06635434435077743,-1.4532333392668957,0.5227791659828802,2.10713627370592,-0.5875485900882464,1.5195876836176732,0.19086807115419183,-0.3384296802666116,-0.1895508659230517,-0.3804189370772435,3.2238231282869494,0.4507794880295135,3,2,0.0,0.3684210526315789,0.6539029344390239,1.4532333392668957,0.13333436396175352,0.5280387793771588,0.5555555555555556,0.0,0.059433782871496206,0.152050052853616,0.26056187581987844,0.2,0.8,0,,,,,,,,,,,,,,,,,,,,,,,,,,,,,1.5195876836176732,0.9915489042405143,0.4635101248633555,-0.0645286545138033,-0.49324648502007534,-0.5246805200427991,-0.5561145550655227,-0.5875485900882464,-0.5530752655171793,-0.41974090155542604,-0.2864065375936727,-0.15307217363191916,-0.1460168200614181,-0.22314747341841912,-0.30027812677542026,-0.3774087801324214,-0.29616348866601155,-0.17532421099374873,-0.05448493332148563,0.06635434435077743,,,,,,,,,,,,,,,,,,,,,,,,,6,0.8,
omnimath-713,processbench,omnimath,omnimath,Llama-3.1-8B-Instruct,,1,final_answer_correct,True,True,,False,,,,2,-0.8958797346140274,0.8958797346140274,1.7917594692280547,0.5437783745649122,1.7917594692280547,-0.8958797346140274,0.8958797346140274,-0.6129703447359135,0.047151564979685597,0.660121909715599,1.2730922544515124,1.7917594692280547,1.0,0,1,1.0,0.0,1.7917594692280547,0.0,0.09430312995937151,0.0,0.7777777777777778,0.6111111111111112,1.356939252319636e-16,0.23575782489842823,0.2357578248984283,0.5,0.5,0,,,,,,,,,,,,,,,,,,,,,,,,,,,,,-0.8958797346140274,-0.8015766046546561,-0.7072734746952848,-0.6129703447359135,-0.5186672147765422,-0.42436408481717086,-0.3300609548577996,-0.23575782489842834,-0.14145469493905705,-0.047151564979685645,0.047151564979685645,0.14145469493905705,0.23575782489842811,0.3300609548577994,0.4243640848171707,0.5186672147765422,0.6129703447359133,0.7072734746952846,0.8015766046546561,0.8958797346140274,,,,,,,,,,,,,,,,,,,,,,,,,2,1.0,
omnimath-716,processbench,omnimath,omnimath,Llama-3.1-70B-Instruct,,1,final_answer_correct,True,True,,False,,,,4,1.4138157767878439,-0.1443288412587059,-1.5581446180465497,0.6015373570733482,2.4357286865307257,-1.0219129097428818,1.4138157767878439,0.2111439431286608,-0.5646842354065885,-0.1443288412587059,-0.35547278438736674,3.3133127550149015,0.4702678959866383,1,1,0.0,0.3684210526315789,0.8775840684841759,1.5581446180465497,0.15486777679132535,0.4008906112197277,0.5555555555555556,0.0,0.03947923137790991,0.16249597199165047,0.32953372666653696,0.2,0.8,0,,,,,,,,,,,,,,,,,,,,,,,,,,,,,1.4138157767878439,1.0129251655681162,0.6120345543483885,0.2111439431286608,-0.18974666809106688,-0.5906372793107946,-0.9915278905305223,-1.0219129097428818,-0.8670451329515567,-0.7121773561602316,-0.5573095793689063,-0.402441802577581,-0.24757402578625598,-0.1443288412587059,-0.1443288412587059,-0.1443288412587059,-0.1443288412587059,-0.1443288412587059,-0.1443288412587059,-0.1443288412587059,,,,,,,,,,,,,,,,,,,,,,,,,4,0.8333333333333334,
omnimath-717,processbench,omnimath,omnimath,Qwen2.5-72B-Instruct,,1,final_answer_correct,True,True,,False,,,,12,-0.0031104390439613827,0.7788292735015189,0.7819397125454802,0.3336538843585994,1.232926011366728,-0.454096737865209,0.7788292735015189,-0.007390051456620805,-0.11299388607937463,0.10976650763119127,0.11715655908781207,4.261143969127854,0.1835046452808594,5,5,1.0,0.7894736842105263,1.232926011366728,0.0,0.5772755350483738,0.42680537695596277,0.8888888888888888,0.3333333333333333,0.2370561466033936,0.13186002919040835,0.14106445503864937,0.3,0.7,0,,,,,,,,,,,,,,,,,,,,,,,,,,,,,-0.0031104390439613827,-0.15237992337675588,-0.260939548346061,-0.260939548346061,-0.004856322172483496,0.4646295924790755,0.16586582860990162,-0.26093954834606115,-0.2609395483460609,-0.26093954834606087,-0.2609395483460611,-0.041976947206415344,0.3021071402987413,-0.007329202263704537,-0.3355315515964645,-0.454096737865209,-0.2563706871716278,0.320904847876746,0.604863901042184,0.7788292735015189,,,,,,,,,,,,,,,,,,,,,,,,,12,0.16666666666666666,
omnimath-718,processbench,omnimath,omnimath,Llama-3.1-8B-Instruct,,1,final_answer_correct,True,True,,False,,,,3,0.16510714574334165,-0.8157221072683842,-0.9808292530117259,0.4191317285588421,1.440784025857548,-0.8157221072683842,0.6250619185891636,0.31842540335861563,0.44135959729398905,-0.4298439312701139,-0.7482693346287295,1.9007387987033697,0.5160252706373016,1,1,0.47368421052631576,1.0,0.0,1.440784025857548,0.05110608587175802,0.1543512703993083,0.05555555555555555,0.7222222222222222,0.011414297570614884,0.2659247502284116,0.12895317938103418,0.7,0.3,0,,,,,,,,,,,,,,,,,,,,,,,,,,,,,0.16510714574334165,0.21621323161509964,0.26731931748685767,0.31842540335861563,0.3695314892303736,0.4206375751021316,0.47174366097388964,0.5228497468456477,0.5739558327174056,0.6250619185891636,0.5734393263253886,0.41908805592608045,0.26473678552677254,0.11038551512746464,-0.043965755271843654,-0.19831702567115184,-0.3526682960704598,-0.5070195664697678,-0.6613708368690759,-0.8157221072683842,,,,,,,,,,,,,,,,,,,,,,,,,3,0.3333333333333333,
omnimath-720,processbench,omnimath,omnimath,Llama-3.1-70B-Instruct,,1,final_answer_correct,True,True,,False,,,,4,1.4138157767878439,-0.1443288412587059,-1.5581446180465497,0.6015373570733482,2.4357286865307257,-1.0219129097428818,1.4138157767878439,0.2111439431286608,-0.5646842354065885,-0.1443288412587059,-0.35547278438736674,3.3133127550149015,0.4702678959866383,1,1,0.0,0.3684210526315789,0.8775840684841759,1.5581446180465497,0.15486777679132535,0.4008906112197277,0.5555555555555556,0.0,0.03947923137790991,0.16249597199165047,0.32953372666653696,0.2,0.8,0,,,,,,,,,,,,,,,,,,,,,,,,,,,,,1.4138157767878439,1.0129251655681162,0.6120345543483885,0.2111439431286608,-0.18974666809106688,-0.5906372793107946,-0.9915278905305223,-1.0219129097428818,-0.8670451329515567,-0.7121773561602316,-0.5573095793689063,-0.402441802577581,-0.24757402578625598,-0.1443288412587059,-0.1443288412587059,-0.1443288412587059,-0.1443288412587059,-0.1443288412587059,-0.1443288412587059,-0.1443288412587059,,,,,,,,,,,,,,,,,,,,,,,,,4,0.8333333333333334,
omnimath-721,processbench,omnimath,omnimath,Qwen2.5-Math-72B-Instruct,,1,final_answer_correct,True,True,,False,,,,11,0.3285075728078517,-0.04618587663355877,-0.3746934494414105,0.3149549812298822,0.9814217529418156,-0.47358401630277147,0.5078377366390441,0.23956224832244902,-0.013615968729347925,-0.28341604171295404,-0.5229782900354031,4.1362963462111395,0.09058670319514965,6,5,0.3157894736842105,0.8947368421052632,0.4273981396692127,0.5540236132726029,0.6896478043196415,0.6568888189052173,0.4444444444444444,0.3333333333333333,0.33045736826790634,0.1383836852848172,0.144327299941118,0.35,0.65,0,,,,,,,,,,,,,,,,,,,,,,,,,,,,,0.3285075728078517,0.34436634051569825,0.3254871320012643,-0.006033862513694865,-0.16849749597447616,0.3452683147814557,0.5078377366390441,-0.14905108226617325,-0.267325251881448,0.4223225524381935,0.49388405651283684,-0.0526407396575197,-0.2712506581256625,-0.27125065812566235,-0.2712506581256623,-0.2712506581256623,-0.36117659509326633,-0.47358401630277147,-0.277048445996803,-0.04618587663355877,,,,,,,,,,,,,,,,,,,,,,,,,11,0.2,
omnimath-724,processbench,omnimath,omnimath,Llama-3.1-8B-Instruct,,1,final_answer_correct,True,True,,False,,,,4,-0.8036053686297048,0.17722388438202102,0.9808292530117257,0.6250842518379822,2.1160347361646146,-0.8036053686297048,1.31242936753491,0.25441199945260257,0.16102309662530287,-0.20994555759629194,-0.4643575570488945,5.109653540813405,0.1919561170199394,2,3,0.3157894736842105,0.0,0.9808292530117257,1.1352054831528888,0.3526724560274359,0.35267245602743613,0.16666666666666666,0.5555555555555556,0.06738250804853531,0.29983577592764254,0.21741715957926333,0.5,0.5,0,,,,,,,,,,,,,,,,,,,,,,,,,,,,,-0.8036053686297048,-0.450932912602269,-0.09826045657483318,0.2544119994526025,0.6070844554800384,0.9597569115074741,1.31242936753491,1.1948718821924316,0.8421994261649955,0.48952697013755975,0.13685451411012384,-0.2158179419173123,-0.568490397944748,-0.7519827763659301,-0.5971149995746048,-0.44224722278327955,-0.28737944599195453,-0.13251166920062962,0.02235610759069573,0.17722388438202102,,,,,,,,,,,,,,,,,,,,,,,,,4,0.8333333333333334,
omnimath-725,processbench,omnimath,omnimath,Llama-3.1-70B-Instruct,,1,final_answer_correct,True,True,,False,,,,12,0.2687824160116768,0.5913171447891084,0.32253472877743156,0.2882875534604852,1.0604191257387947,-0.46910198094968636,0.5913171447891084,-0.10832648920949096,-0.014413362259059774,0.09321212732485928,0.20153861653435023,3.7746910772292206,0.08544665568081014,5,6,1.0,0.10526315789473684,1.0604191257387947,0.0,0.5001902127156087,0.4694859146515584,0.3888888888888889,0.0,0.19574421539964387,0.11744956894906418,0.13244487876559913,0.4,0.6,0,,,,,,,,,,,,,,,,,,,,,,,,,,,,,0.2687824160116768,-0.20070349863988163,-0.46910198094968636,-0.20126731034814738,-0.04687233936496684,0.012989548602914916,-0.1221122597783463,-0.23884685338295164,0.26134335933265707,0.4520386843761129,0.10111795599329848,-0.1214792534485944,-0.27074873778138886,-0.28431869090255196,-0.2843186909025518,-0.2843186909025518,-0.12480926891036431,0.22611145947244915,0.4352908104030661,0.5913171447891084,,,,,,,,,,,,,,,,,,,,,,,,,12,0.13636363636363635,
omnimath-727,processbench,omnimath,omnimath,Qwen2.5-7B-Instruct,,1,final_answer_correct,True,True,,False,,,,9,1.2989374332093317,0.20038388686802278,-1.098553546341309,0.44317508517610543,1.9895400593719499,-0.6906026261626181,1.2989374332093317,0.09231426755163506,-0.046136708256728054,-0.2004728097808874,-0.29278707733252246,5.306435690714881,0.20702287003374806,5,6,0.0,0.7368421052631579,0.8909865130306409,1.098553546341309,0.43264530015356717,0.6645767176004271,0.2777777777777778,0.0,0.21587215943103794,0.1420426881282923,0.18602238530934107,0.35,0.65,0,,,,,,,,,,,,,,,,,,,,,,,,,,,,,1.2989374332093317,0.6343607156089046,-0.030216001991522523,-0.34980023000497634,-0.46238896426624604,-0.43866918992380666,-0.006023889770239488,0.4266214103833277,0.15838113705397022,-0.2099856467729483,-0.2958048908205109,-0.09907659508871691,0.02813929368606037,-0.3312316662382786,-0.6906026261626181,-0.5504753133948986,-0.24384857639649282,-0.012324115355565983,0.09402988575622839,0.20038388686802278,,,,,,,,,,,,,,,,,,,,,,,,,9,0.3888888888888889,
omnimath-730,processbench,omnimath,omnimath,Qwen2.5-Math-7B-Instruct,,1,final_answer_correct,True,True,,False,,,,4,1.4138157767878439,-0.14432884125870593,-1.55814461804655,0.7224066939526947,2.4873512787945007,-1.073535502006657,1.4138157767878439,0.6757472735026359,-0.6974280440848674,-0.5314982832370189,-1.2072455567396547,3.416557939542452,0.456056840135197,1,1,0.0,0.6842105263157895,0.9292066607479511,1.55814461804655,0.15486777679132535,0.24602283442840278,0.9444444444444444,0.2222222222222222,0.022271700623318316,0.23962760721505116,0.40666536188993785,0.3,0.7,0,,,,,,,,,,,,,,,,,,,,,,,,,,,,,1.4138157767878439,1.1677929423594413,0.9217701079310386,0.675747273502636,0.4297244390742334,0.18370160464583063,-0.06232122978257193,-0.24757402578625604,-0.4024418025775812,-0.5573095793689065,-0.7121773561602316,-0.8670451329515569,-1.0219129097428818,-1.073535502006657,-0.9186677252153318,-0.7637999484240066,-0.6089321716326815,-0.4540643948413565,-0.29919661805003117,-0.14432884125870593,,,,,,,,,,,,,,,,,,,,,,,,,4,0.8333333333333334,
omnimath-731,processbench,omnimath,omnimath,Qwen2.5-Math-7B-Instruct,,1,final_answer_correct,True,True,,False,,,,4,0.9138214342064466,-0.6443231838401031,-1.5581446180465497,0.8281397172927867,2.0687728818985693,-1.1549514476921225,0.9138214342064466,0.9138214342064465,-0.2804923141130219,-0.8570849604451113,-1.7709063946515577,2.5794011457505883,0.6040722361519848,1,1,0.0,0.6842105263157895,0.5106282638520194,1.5581446180465497,0.08510471064200331,0.3311275450704061,0.7222222222222222,0.5555555555555556,0.041519988932378675,0.3741288308356218,0.4095891269364566,0.5,0.5,0,,,,,,,,,,,,,,,,,,,,,,,,,,,,,0.9138214342064466,0.9138214342064466,0.9138214342064466,0.9138214342064466,0.9138214342064466,0.9138214342064466,0.9138214342064466,0.6930697374928427,0.36194219242243686,0.0308146473520311,-0.30031289771837466,-0.6314404427887808,-0.9625679878591862,-1.1549514476921225,-1.0698467370501192,-0.9847420264081159,-0.8996373157661128,-0.8145326051241097,-0.7294278944821064,-0.6443231838401031,,,,,,,,,,,,,,,,,,,,,,,,,4,0.8333333333333334,
omnimath-733,processbench,omnimath,omnimath,Qwen2.5-7B-Instruct,,1,final_answer_correct,True,True,,False,,,,6,1.2133520291100461,0.3454521328635557,-0.8678998962464904,0.7324772345776769,2.4239352887390124,-1.2105832596289663,1.2133520291100461,0.05403522570237375,-0.8479850927081726,0.5707581061443645,0.5167228804419908,4.958673059969619,0.1750266423598026,2,2,0.0,0.5789473684210527,1.556035392492522,0.8678998962464904,0.583923071006362,0.45476346354463215,0.7222222222222222,0.05555555555555555,0.10852188750815096,0.2850157166781215,0.39167073828684174,0.45,0.55,0,,,,,,,,,,,,,,,,,,,,,,,,,,,,,1.2133520291100461,0.7585885655654141,0.30382510202078195,-0.15093836152384998,-0.5259898744805064,-0.5821935850852588,-0.6383972956900111,-0.6946010062947635,-0.7850597064189503,-0.9269008908222889,-1.0687420752256276,-1.2105832596289663,-0.9169658907864865,-0.33304281978012573,0.25088025122623625,0.8348033222325979,0.8239803988401205,0.6644709768479324,0.5049615548557441,0.3454521328635557,,,,,,,,,,,,,,,,,,,,,,,,,6,0.8,
omnimath-735,processbench,omnimath,omnimath,Llama-3.1-8B-Instruct,,1,final_answer_correct,True,True,,False,,,,5,1.2555569388245396,0.09867574203245404,-1.1568811967920856,0.534780255578247,2.2150049857016856,-0.959448046877146,1.2555569388245396,-0.02145968591753511,-0.022959720707289497,-0.36395055042888674,-0.34249086451135163,5.499243873528878,0.21037095706208647,3,4,0.0,0.2631578947368421,1.0581237889096,1.1568811967920856,0.32524197711505887,0.483434837890621,0.3888888888888889,0.0,0.10463060437909141,0.1612296358218584,0.28596159326921305,0.4,0.6,0,,,,,,,,,,,,,,,,,,,,,,,,,,,,,1.2555569388245396,0.7721221009339185,0.2886872630432975,-0.19474757484732352,-0.6781824127379446,-0.959448046877146,-0.6342060697620873,-0.3089640926470286,0.016277884468030246,0.3415198615830888,0.3650086564582691,0.08674426909356991,-0.1915201182711287,-0.4697845056358272,-0.7480488930005265,-0.6729375058615714,-0.4800341938880653,-0.28713088191455916,-0.09422756994105252,0.09867574203245404,,,,,,,,,,,,,,,,,,,,,,,,,5,0.8,
omnimath-737,processbench,omnimath,omnimath,Llama-3.1-70B-Instruct,,1,final_answer_correct,True,True,,False,,,,7,1.4434013199445714,0.06301830608773801,-1.3803830138568334,0.6040068371008658,2.2515964233745054,-0.8081951034299342,1.4434013199445714,0.39396646863115536,-0.5930584980956036,-0.03201011054275921,-0.42597657917391457,3.122809832892178,0.44203236435258597,1,2,0.0,0.3684210526315789,0.8712134095176722,1.3803830138568334,0.12301030976531568,0.3885962693457246,0.7222222222222222,0.2222222222222222,0.03708503446023775,0.19734990941786074,0.2766351528932454,0.45,0.55,0,,,,,,,,,,,,,,,,,,,,,,,,,,,,,1.4434013199445714,1.107351998796673,0.7713026776487742,0.4352533565008758,0.05541491185478875,-0.33318135749093586,-0.7217776268366602,-0.8081951034299342,-0.7435231836469827,-0.6788512638640312,-0.6058054446090658,-0.5243857258820868,-0.4429660071551079,-0.3476827580820169,-0.2246724483167012,-0.10166213855138556,0.0041186557180277715,0.023751872507931156,0.043385089297834585,0.06301830608773801,,,,,,,,,,,,,,,,,,,,,,,,,7,0.5238095238095238,
omnimath-741,processbench,omnimath,omnimath,Llama-3.1-8B-Instruct,,1,final_answer_correct,True,True,,False,,,,4,1.2100697989522824,-0.2236910994065317,-1.4337608983588142,0.7251053931572514,2.3629675591067656,-1.1528977601544832,1.2100697989522824,0.7402090981776521,-0.5874334083988195,-0.6108605413848448,-1.351069639562497,3.292174219854717,0.43550577904169535,1,1,0.0,0.6842105263157895,0.9292066607479514,1.4337608983588142,0.1548677767913254,0.2246308429406474,1.0,0.5555555555555556,0.024861623837837646,0.2624925722411154,0.39227924323397734,0.4,0.6,0,,,,,,,,,,,,,,,,,,,,,,,,,,,,,1.2100697989522824,1.053449565360739,0.8968293317691955,0.7402090981776521,0.5835888645861088,0.4269686309945654,0.27034839740302197,0.06838775757874266,-0.15624308536190457,-0.3808739283025518,-0.6055047712431991,-0.8301356141838465,-1.0547664571244935,-1.1528977601544832,-0.9980299833631578,-0.8431622065718325,-0.6882944297805075,-0.5334266529891825,-0.3785588761978571,-0.2236910994065317,,,,,,,,,,,,,,,,,,,,,,,,,4,0.8333333333333334,
omnimath-742,processbench,omnimath,omnimath,Llama-3.1-8B-Instruct,,1,final_answer_correct,True,True,,False,,,,6,0.6010987206899663,0.4682778076690425,-0.1328209130209238,0.34837403311517595,1.11365016603265,-0.5125514453426838,0.6010987206899663,-0.1273792074667295,-0.27929905396700605,0.23056507923993483,0.35794428670666434,2.0944794190443763,0.06341476159337218,1,2,0.0,0.3684210526315789,0.9808292530117263,0.1328209130209238,0.09860353932668714,0.2930658331664868,0.9444444444444444,0.1111111111111111,0.025948038100863664,0.11537445690050237,0.18854232463032936,0.45,0.55,0,,,,,,,,,,,,,,,,,,,,,,,,,,,,,0.6010987206899663,0.3080328875234795,0.014967054356992748,-0.2780987788094941,-0.5125514453426836,-0.5125514453426837,-0.5125514453426837,-0.5125514453426838,-0.4731100296120091,-0.3745064902853221,-0.27590295095863515,-0.17729941163194807,-0.10131446630197252,-0.040408583636471276,0.020497299029030108,0.08140318169453148,0.17246718968898125,0.2710707290156682,0.36967426834235534,0.4682778076690425,,,,,,,,,,,,,,,,,,,,,,,,,6,0.26666666666666666,
omnimath-744,processbench,omnimath,omnimath,Qwen2-72B-Instruct,,1,final_answer_correct,True,True,,False,,,,6,1.5542393605331941,-0.6122135581362715,-2.1664529186694654,0.5199918849598768,2.1664529186694654,-0.6122135581362715,1.5542393605331941,0.2535041639149421,-0.20947846688647007,-0.2662113032202347,-0.5197154671351768,4.659306253593098,0.46497328159074564,4,5,0.0,1.0,0.0,2.1664529186694654,0.22636875400608192,0.5701191891235435,0.2222222222222222,0.0,0.1103382964084367,0.1611173886252532,0.22557178563135832,0.3,0.7,0,,,,,,,,,,,,,,,,,,,,,,,,,,,,,1.5542393605331941,0.9841201714096506,0.41400098228610704,-0.1561182068374365,-0.5669398073350552,-0.3405710533289733,-0.11420229932289139,0.11216645468319053,0.1574402054844074,-0.06892854852167449,-0.29529730252775643,-0.5216660565338386,-0.5101145320954742,-0.33994948869414476,-0.16978444529281495,0.0003805981085147625,-0.10171842793228256,-0.271883471333612,-0.4420485147349418,-0.6122135581362715,,,,,,,,,,,,,,,,,,,,,,,,,6,0.6,
omnimath-746,processbench,omnimath,omnimath,Qwen2-72B-Instruct,,1,final_answer_correct,True,True,,False,,,,6,0.6202756408517986,0.12413945415679335,-0.4961361866950053,0.44808818232937875,1.4604563861066155,-0.8401807452548169,0.6202756408517986,0.34490339492292693,-0.11343544526394377,-0.4398248225865626,-0.7847282175094895,2.9690943992836574,0.16710017263671587,3,2,0.0,0.7894736842105263,0.9643201994116103,0.4961361866950053,0.258958133493934,0.2520848663858638,0.9444444444444444,0.5555555555555556,0.05967325862906571,0.17242110717544015,0.2233547715707648,0.55,0.45,0,,,,,,,,,,,,,,,,,,,,,,,,,,,,,0.6202756408517986,0.4907241230494216,0.3611726052470446,0.23162108744466758,0.1461238003282803,0.2368434359558522,0.3275630715834241,0.41828270721099603,0.37188054203319404,0.11979567564733046,-0.13228919073853312,-0.38437405712439693,-0.5443701272747548,-0.6429736666014421,-0.7415772059281295,-0.8401807452548169,-0.652734946325008,-0.3937768128310745,-0.13481867933714053,0.12413945415679335,,,,,,,,,,,,,,,,,,,,,,,,,6,0.5333333333333333,
omnimath-747,processbench,omnimath,omnimath,Qwen2-7B-Instruct,,1,final_answer_correct,True,True,,False,,,,8,0.6737373730954679,0.3375893989932024,-0.3361479741022655,0.4118381608126153,1.504138259783155,-0.8304008866876871,0.6737373730954679,-0.22485826458881358,-0.012433669203287503,0.14361894272995587,0.36847720731876943,5.028331633252755,0.06685079637136349,5,4,0.0,0.15789473684210525,1.1679902856808895,0.3361479741022655,0.5229959400502481,0.5853882420096543,0.5,0.0,0.18794688135020549,0.15129102516195436,0.19125751917020298,0.55,0.45,0,,,,,,,,,,,,,,,,,,,,,,,,,,,,,0.6737373730954679,0.08834913108581355,-0.4970391109238408,-0.8304008866876871,-0.5336964968370138,-0.23699210698634054,-0.23796575486809446,-0.46219793104916895,-0.6864301072302433,-0.270181040927327,0.2528148991229211,0.6584165957561088,0.35965283188693525,0.06088906801776173,-0.07024694789434358,0.022120700136308763,0.11448834816696088,0.19264497165400377,0.26511718532360307,0.3375893989932024,,,,,,,,,,,,,,,,,,,,,,,,,8,0.2857142857142857,
omnimath-748,processbench,omnimath,omnimath,Llama-3.1-70B-Instruct,,1,final_answer_correct,True,True,,False,,,,4,0.5402142332913361,-1.2515452359367187,-1.791759469228055,0.7191507545053576,2.2103378661239867,-1.2515452359367187,0.958792630187268,0.749503431739302,0.25880777610676864,-0.8643757939584057,-1.6138792256977077,2.6289162630199185,0.6815582125730413,1,1,0.3157894736842105,1.0,0.0,2.2103378661239867,0.06976306614932204,0.197804679236111,0.05555555555555555,0.5555555555555556,0.01725025821279002,0.3759681613439424,0.2823719767853394,0.6,0.4,0,,,,,,,,,,,,,,,,,,,,,,,,,,,,,0.5402142332913361,0.609977299440658,0.6797403655899801,0.749503431739302,0.819266497888624,0.889029564037946,0.958792630187268,0.8501771994129681,0.6523725201768573,0.45456784094074665,0.256763161704636,0.058958482468524975,-0.13884619676758558,-0.3223385751887675,-0.47720635198009287,-0.6320741287714182,-0.7869419055627431,-0.9418096823540681,-1.0966774591453934,-1.2515452359367187,,,,,,,,,,,,,,,,,,,,,,,,,4,0.6666666666666666,
omnimath-749,processbench,omnimath,omnimath,Llama-3.1-8B-Instruct,,1,final_answer_correct,True,True,,False,,,,7,1.2480369198473278,-0.10077203417457939,-1.3488089540219073,0.4787879627668284,2.1170586325426397,-0.8690217126953118,1.2480369198473278,0.04166906662453152,0.17257935040214148,-0.45123102787721475,-0.49290009450174627,4.7126762749670785,0.28620870081540445,3,3,0.0,0.8421052631578947,0.7682496785207324,1.3488089540219073,0.2560832261735777,0.6173509760817546,0.9444444444444444,0.1111111111111111,0.11522214609353641,0.15536604514621716,0.21574840755004607,0.45,0.55,0,,,,,,,,,,,,,,,,,,,,,,,,,,,,,1.2480369198473278,0.6306859437655733,0.01333496768381881,-0.6040160083979358,-0.5365494806679825,-0.3321194521756878,-0.1276894236833931,-0.00720761881263339,0.07130007424735868,0.14980776730735074,0.21318288578066086,0.261425429667289,0.30966797355391706,0.20987894107104735,-0.18597324415081956,-0.5818254293726866,-0.8690217126953118,-0.6129384865217347,-0.35685526034815696,-0.10077203417457939,,,,,,,,,,,,,,,,,,,,,,,,,7,0.5238095238095238,
omnimath-751,processbench,omnimath,omnimath,Qwen2.5-7B-Instruct,,1,final_answer_correct,True,True,,False,,,,5,1.4942112737367388,-0.9906953760512613,-2.484906649788,0.6034197702149714,2.484906649788,-0.9906953760512613,1.4942112737367388,0.5559794523387771,-0.29732482010529765,-0.4563519518074075,-1.0123314041461846,3.404946471146182,0.7297931614623957,2,3,0.0,1.0,0.0,2.484906649788,0.11171121074993062,0.33023493008712523,0.5555555555555556,0.0,0.04293948882884621,0.20957688819509293,0.25595335245559736,0.3,0.7,0,,,,,,,,,,,,,,,,,,,,,,,,,,,,,1.4942112737367388,1.1639763436496136,0.8337414135624883,0.5035064834753631,0.17327155338823785,-0.09574491302490434,-0.18110598841609682,-0.2664670638072893,-0.35182813919848177,-0.4371892145896743,-0.42401414691030537,-0.31230293616037474,-0.2005917254104443,-0.08888051466051389,0.022830696089416735,-0.11368158672228384,-0.33293503405452796,-0.5521884813867721,-0.7714419287190166,-0.9906953760512613,,,,,,,,,,,,,,,,,,,,,,,,,5,0.7,
omnimath-754,processbench,omnimath,omnimath,Qwen2.5-Math-7B-Instruct,,1,final_answer_correct,True,True,,False,,,,7,1.116646586872158,0.507723993104696,-0.608922593767462,0.5139083798713924,1.9768860418152632,-0.860239454943105,1.116646586872158,0.04045734681786761,-0.4532949884919442,0.19666662055364123,0.15620927373577362,3.344849489863064,0.18204783073584305,1,2,0.0,0.3157894736842105,1.3679634480478011,0.608922593767462,0.14609163850993057,0.3951527055758295,0.4444444444444444,0.1111111111111111,0.038496571031866975,0.16957404930649203,0.25506723772632645,0.4,0.6,0,,,,,,,,,,,,,,,,,,,,,,,,,,,,,1.116646586872158,0.7214938812963286,0.32634117572049925,-0.06881152985533023,-0.3480730025959498,-0.6041562287695275,-0.860239454943105,-0.8482061046610105,-0.7021144661510801,-0.5560228276411495,-0.4279812145543607,-0.31798962689071353,-0.2079980392270666,-0.11275264031822832,-0.046999618919007155,0.01875340248021401,0.09639897677562444,0.2335073155519814,0.37061565432833865,0.507723993104696,,,,,,,,,,,,,,,,,,,,,,,,,7,0.38095238095238093,
omnimath-759,processbench,omnimath,omnimath,Qwen2.5-Math-72B-Instruct,,1,final_answer_correct,True,True,,False,,,,9,0.5386779596086071,-0.2712624441043887,-0.8099404037129958,0.37423425294859936,1.304215591754818,-0.6901570405847569,0.614058551170061,0.2658363032054133,0.00459016459250824,-0.3272322196219341,-0.5930685228273473,5.1234963407948335,0.1580835331654293,6,3,0.631578947368421,0.7368421052631579,0.4188945964803682,0.8853209952744497,0.6521077958774097,0.6521077958774096,0.5555555555555556,0.7222222222222222,0.2784300895042384,0.15255125045524937,0.15607165261255704,0.5,0.5,0,,,,,,,,,,,,,,,,,,,,,,,,,,,,,0.5386779596086071,0.37248043512041057,0.20628291063221404,0.13966579276716035,0.13279691887599243,0.1635885265439957,0.3073615788895125,0.45113463123502934,-0.018053303870533388,-0.5748070943262507,-0.5271300916154056,0.12497770426200416,0.614058551170061,-0.038049244707347274,-0.6901570405847569,-0.5829142856640892,-0.22255468047739557,-0.04058242989918667,-0.1559224370017877,-0.2712624441043887,,,,,,,,,,,,,,,,,,,,,,,,,9,0.3611111111111111,
omnimath-761,processbench,omnimath,omnimath,Qwen2.5-Math-72B-Instruct,,1,final_answer_correct,True,True,,False,,,,6,1.6397878376215906,0.6589585846098647,-0.980829253011726,0.7196360806333333,2.61096444321309,-0.9711766055914993,1.6397878376215906,0.41168926694456676,-0.7941533394885079,-0.07806741517257625,-0.489756682117143,4.2410996334144535,0.23126767531798664,1,2,0.0,0.5789473684210527,1.630135190201364,0.980829253011726,0.3120062278046689,0.4676284610283532,1.0,0.05555555555555555,0.04331303826850127,0.23971188273659155,0.3969945326787438,0.35,0.65,0,,,,,,,,,,,,,,,,,,,,,,,,,,,,,1.6397878376215906,1.1721593765932377,0.7045309155648845,0.23690245453653125,-0.16275335722203052,-0.2905185719014255,-0.41828378658082044,-0.5460490012602155,-0.6637044213059285,-0.7661951494011188,-0.868685877496309,-0.9711766055914993,-0.935513768021939,-0.8077485533425444,-0.6799833386631494,-0.5522181239837545,-0.2770600988041412,0.03494612900052696,0.34695235680519576,0.6589585846098647,,,,,,,,,,,,,,,,,,,,,,,,,6,0.8,
omnimath-762,processbench,omnimath,omnimath,Llama-3.1-70B-Instruct,,1,final_answer_correct,True,True,,False,,,,5,0.8001603026686639,-0.7579843153778856,-1.5581446180465495,0.6718335836398011,2.0002414105211628,-1.0002429027057012,0.9999985078154618,0.3119621485484667,0.4378781689570427,-0.8877624717842979,-1.1997246203327645,4.1685425715651885,0.3737864232633957,3,3,0.47368421052631576,0.7894736842105263,0.24225858732781558,1.7579828231933474,0.2657350973578762,0.4586384093313829,0.3888888888888889,0.5555555555555556,0.09472241338741434,0.2898961223577051,0.2937807527660662,0.55,0.45,0,,,,,,,,,,,,,,,,,,,,,,,,,,,,,0.8001603026686639,0.6044685219056796,0.40877674114269524,0.21308496037971092,0.017393179616726595,-0.06294188161604268,0.20279321574183345,0.4685283130997096,0.7342634104575858,0.9999985078154618,0.903546851828709,0.4449084424973261,-0.013729966834055807,-0.4723683761654378,-0.9310067854968207,-1.0002429027057012,-0.9396782558737473,-0.8791136090417935,-0.8185489622098395,-0.7579843153778856,,,,,,,,,,,,,,,,,,,,,,,,,5,0.6,
omnimath-768,processbench,omnimath,omnimath,Qwen2.5-Math-7B-Instruct,,1,final_answer_correct,True,True,,False,,,,7,1.297691838590373,0.21065667049090658,-1.0870351680994665,0.6133302981242394,2.0529853157770273,-0.7552934771866541,1.297691838590373,0.49667446732148146,-0.4742998217005222,-0.2907262986773087,-0.7874007659987902,3.4318794974995233,0.3167463102627826,3,2,0.0,0.3684210526315789,0.9659501476775607,1.0870351680994665,0.25789915684571607,0.4973072058455069,0.9444444444444444,0.2777777777777778,0.08456946387072245,0.22931194014886752,0.3086987037847243,0.3,0.7,0,,,,,,,,,,,,,,,,,,,,,,,,,,,,,1.297691838590373,1.1124059052528277,0.9271199719152823,0.7418340385777369,0.29653037815022365,-0.20077682769528316,-0.6980840335407901,-0.7552934771866541,-0.5924540397326964,-0.42961460227873877,-0.3565687830237735,-0.3733165819678008,-0.39006438091182805,-0.4227868868021635,-0.4874588065851154,-0.5521307263680673,-0.563040800046241,-0.3051416432005255,-0.04724248635480943,0.21065667049090658,,,,,,,,,,,,,,,,,,,,,,,,,7,0.5714285714285714,
omnimath-775,processbench,omnimath,omnimath,Llama-3.1-8B-Instruct,,1,final_answer_correct,True,True,,False,,,,5,-0.6749201617252467,-0.4742494662630958,0.20067069546215094,0.5952427528819998,1.934608465286621,-0.6749201617252467,1.2596883035613742,-0.4788598874947145,0.401192065974397,0.4434276951034582,0.9222875825981727,3.6685462351110907,0.054700331575914904,1,2,0.7368421052631579,0.0,0.20067069546215094,1.73393776982447,0.23128679761433918,0.3772125198374856,0.5555555555555556,0.9444444444444444,0.0432900815685673,0.307015908740888,0.20117133774196172,0.5,0.5,0,,,,,,,,,,,,,,,,,,,,,,,,,,,,,-0.6749201617252467,-0.6143555148932929,-0.553790868061339,-0.49322622122938514,-0.43266157439743125,-0.35533620487502826,-0.2277286672812777,-0.10012112968752712,0.027486407906223476,0.15509394549997407,0.33454111310401874,0.5658279107183579,0.7971147083326966,1.028401505947035,1.2596883035613742,1.034600613086845,0.6573880932493603,0.2801755734118754,-0.09703694642561023,-0.4742494662630958,,,,,,,,,,,,,,,,,,,,,,,,,5,0.7,
omnimath-776,processbench,omnimath,omnimath,Qwen2-72B-Instruct,,1,final_answer_correct,True,True,,False,,,,8,0.9127135177575088,0.24289936730422512,-0.6698141504532836,0.4668030352774143,1.5138622276675187,-0.6011487099100098,0.9127135177575088,0.2990935105730487,-0.2000043453350573,-0.2728819549565766,-0.5719754655296253,5.341372213670861,0.12540113732178074,5,4,0.0,0.15789473684210525,0.8440480772142349,0.6698141504532836,0.7337657607301842,0.6349772165859473,0.2222222222222222,0.0,0.21114153117136472,0.18002921252392817,0.22721259117760417,0.35,0.65,0,,,,,,,,,,,,,,,,,,,,,,,,,,,,,0.9127135177575088,0.27773630117156145,-0.35724091541438585,-0.6011487099100098,0.13261705082017428,0.8663828115503585,0.8625945180361335,0.30564068383860177,-0.25131315035892987,-0.30995208218605785,-0.28553853028478526,-0.26732218917132555,-0.2862891127847433,-0.305256036398161,-0.3631455675276464,-0.4729319086785551,-0.5827182498294636,-0.38856336977342143,-0.0728320012345981,0.24289936730422512,,,,,,,,,,,,,,,,,,,,,,,,,8,0.5,
omnimath-777,processbench,omnimath,omnimath,Qwen2.5-Math-7B-Instruct,,1,final_answer_correct,True,True,,False,,,,13,0.5782056307553173,0.28969983502796626,-0.288505795727351,0.27856446470921703,1.2166460818662002,-0.6384404511108829,0.5782056307553173,0.056815049707483634,-0.10450216227179042,0.03150131904876322,-0.02531373065872041,4.651165882369558,0.06202870485031388,5,6,0.0,0.15789473684210525,0.9281402861388491,0.288505795727351,0.5713094936585438,0.40756932181267186,0.16666666666666666,0.0,0.2417344794304852,0.10426755768036164,0.11150765136324006,0.5,0.5,0,,,,,,,,,,,,,,,,,,,,,,,,,,,,,0.5782056307553173,0.17063630894264542,-0.23515010593713953,-0.6384404511108829,-0.0671309574523391,0.43662491287007205,0.1529600098847122,0.05488754995580238,0.04843700006785279,0.029069023819990165,-0.0181638298088622,-0.09326156081870444,-0.3365555262572548,-0.41592779286135684,-0.1368755282640688,0.10190388916338022,0.222926993119494,-0.17771005833133152,-0.11093721642286083,0.28969983502796626,,,,,,,,,,,,,,,,,,,,,,,,,13,0.16666666666666666,
omnimath-778,processbench,omnimath,omnimath,Qwen2.5-72B-Instruct,,1,final_answer_correct,True,True,,False,,,,16,0.8289670241120549,0.059900995634302553,-0.7690660284777524,0.28017389235069506,1.3552132299656063,-0.5262462058535514,0.8289670241120549,0.03514736437694412,-0.1469330232251048,0.12355263464521259,0.08840527026826847,4.130446492813321,0.18619440533024018,7,6,0.0,0.5263157894736842,0.5861472014878539,0.7690660284777524,0.44228473473697455,0.786496981618649,0.7222222222222222,0.0,0.31641386449287967,0.09693967931601959,0.09899886951931205,0.5,0.5,0,,,,,,,,,,,,,,,,,,,,,,,,,,,,,0.8289670241120549,0.04247004249340591,-0.06953393171420802,-0.07714381439793343,-0.21203271984933916,-0.21203271984933902,-0.054662330156032474,0.03909766401810523,0.08568506492152161,0.038138399827778655,-0.5262462058535514,-0.3788400547347377,-0.245739228442547,-0.04062680231230292,0.4016579324246716,-0.16311958307625002,0.16933125459064652,0.25279646935302647,0.020748738944878428,0.059900995634302553,,,,,,,,,,,,,,,,,,,,,,,,,16,0.14166666666666666,
omnimath-779,processbench,omnimath,omnimath,Llama-3.1-70B-Instruct,,1,final_answer_correct,True,True,,False,,,,5,1.530829394812179,-0.07860851762192138,-1.6094379124341003,0.6775835493035054,2.635087339990637,-1.1042579451784578,1.530829394812179,0.3178871490553646,-0.749866905493674,0.058119095654702975,-0.2597680534006616,4.145253942202803,0.38826039004472646,2,3,0.0,0.47368421052631576,1.0256494275565364,1.6094379124341003,0.2918514444462932,0.4241901095878452,0.7222222222222222,0.05555555555555555,0.05935875807291037,0.2011771942030876,0.33493438026008493,0.4,0.6,0,,,,,,,,,,,,,,,,,,,,,,,,,,,,,1.530829394812179,1.1066392852243339,0.6824491756364887,0.25825906604864346,-0.16593104353920163,-0.5205550562858724,-0.6664807785090188,-0.8124065007321651,-0.9583322229553115,-1.1042579451784578,-1.0312950840668849,-0.7394436396205919,-0.4475921951742994,-0.15574075072800708,0.1361106937182861,0.163650069705894,0.10308542287394021,0.042520776041986424,-0.01804387078996747,-0.07860851762192138,,,,,,,,,,,,,,,,,,,,,,,,,5,0.8,
omnimath-783,processbench,omnimath,omnimath,Qwen2.5-7B-Instruct,,1,final_answer_correct,True,True,,False,,,,7,0.15957001802697954,1.2098345225372955,1.050264504510316,0.4413082711832399,1.851455518482942,-0.6416209959456465,1.2098345225372955,0.07711078016973393,-0.45309968727569216,0.19840731433163983,0.1212965341619059,2.6526465324555693,0.39593081538009534,1,2,1.0,0.5263157894736842,1.851455518482942,0.0,0.4920456688568058,0.19141130639062592,1.0,0.3888888888888889,0.06003110565149994,0.13831587308361648,0.21038979627120993,0.4,0.6,0,,,,,,,,,,,,,,,,,,,,,,,,,,,,,0.15957001802697954,0.14527846278862563,0.1309869075502717,0.1166953523119178,0.060420159953065856,-0.0042517598298857096,-0.06892367961283725,-0.21808852380090504,-0.40949983019153097,-0.6009111365821569,-0.6416209959456465,-0.5316294082819992,-0.4216378206183522,-0.34831009550925424,-0.34831009550925457,-0.34831009550925496,-0.26630248403312073,0.225743184823684,0.7177888536804897,1.2098345225372955,,,,,,,,,,,,,,,,,,,,,,,,,7,0.38095238095238093,
omnimath-784,processbench,omnimath,omnimath,Llama-3.1-70B-Instruct,,1,final_answer_correct,True,True,,False,,,,8,-0.12443967437737659,0.7318951083899792,0.8563347827673558,0.42640280027352406,1.4268796412349687,-0.6949845328449894,0.7318951083899792,0.08235906478180764,-0.3513421030934219,0.22805365549864068,0.14569459071683305,3.0755485663862716,0.2784331849370006,2,3,1.0,0.5789473684210527,1.4268796412349687,0.0,0.38907203788132594,0.2671690763660778,0.7777777777777778,0.5,0.0915300581193273,0.16664863873612856,0.19237660549560137,0.45,0.55,0,,,,,,,,,,,,,,,,,,,,,,,,,,,,,-0.12443967437737659,-0.12443967437737659,-0.12443967437737659,-0.05705692020964592,0.17878271937741141,0.41462235896446875,0.41348431847254896,0.23461301792139627,0.055741717370243526,-0.19881339102227352,-0.4659824673883513,-0.6949845328449894,-0.6949845328449894,-0.6949845328449894,-0.5282393737529923,-0.1391673358716664,0.24990470200965875,0.4586541853479168,0.595274646868948,0.7318951083899792,,,,,,,,,,,,,,,,,,,,,,,,,8,0.25,
omnimath-785,processbench,omnimath,omnimath,Qwen2.5-Math-72B-Instruct,,1,final_answer_correct,True,True,,False,,,,7,1.2991684597582336,0.7882855433557633,-0.5108829164024703,0.5758369551046981,1.903715831444234,-0.6045473716860003,1.2991684597582336,0.33758961046116304,-0.5522061239329409,-0.11583406816257467,-0.4534236786237377,3.296548746485997,0.15497508324336268,1,2,0.0,0.7894736842105263,1.3928329150417635,0.5108829164024703,0.43984197317108376,0.38724065855694734,1.0,0.0,0.04594903509600181,0.20049795006158466,0.31036395022547925,0.3,0.7,0,,,,,,,,,,,,,,,,,,,,,,,,,,,,,1.2991684597582336,0.9119278012012862,0.5246871426443389,0.13744648408739168,-0.03752116164888905,-0.17003420482103632,-0.30254724799318355,-0.40099807486855177,-0.48241779359553044,-0.5638375123225091,-0.6045473716859985,-0.6045473716859985,-0.6045473716859985,-0.6045473716859987,-0.6045473716859995,-0.6045473716860003,-0.5312403761574869,-0.09139840298640411,0.34844357018467953,0.7882855433557633,,,,,,,,,,,,,,,,,,,,,,,,,7,0.5238095238095238,
omnimath-787,processbench,omnimath,omnimath,Qwen2-7B-Instruct,,1,final_answer_correct,True,True,,False,,,,10,0.48491789293104093,-0.14615685898652692,-0.6310747519175679,0.45234933297243535,1.4137409440761075,-0.5302816982468934,0.8834592458292141,-0.21211640669193033,0.11485234460403752,0.08375885893196977,0.2958752656239001,4.222509266535751,0.14945491225299712,3,3,0.6842105263157895,0.8947368421052632,0.3841248392603665,1.029616104815741,0.43326160683857945,0.6416268929077776,0.6111111111111112,0.8333333333333334,0.15985498913718785,0.18856943032295453,0.19748419437412607,0.4,0.6,0,,,,,,,,,,,,,,,,,,,,,,,,,,,,,0.48491789293104093,0.09962490459400414,-0.28566808374303265,-0.42243359528120117,-0.5281331722195112,-0.46941118503156115,-0.3637116080932512,-0.3080978301580903,-0.2775269517245039,-0.1987198515101255,-0.08132377387111342,0.17645698341215116,0.6097185902507306,0.8834592458292141,0.8381579988875043,0.6603399417311113,0.01871304882333369,-0.5302816982468934,-0.3382192786167102,-0.14615685898652692,,,,,,,,,,,,,,,,,,,,,,,,,10,0.3333333333333333,
omnimath-788,processbench,omnimath,omnimath,Llama-3.1-70B-Instruct,,1,final_answer_correct,True,True,,False,,,,8,1.0183869703728916,-0.9099256260133475,-1.928312596386239,0.4201008011102162,1.928312596386239,-0.9099256260133475,1.0183869703728916,0.34452499337149084,-0.16796932218998142,-0.22346022211872707,-0.5679852154902179,3.5508845779706513,0.5430513310258819,4,5,0.0,1.0,0.0,1.928312596386239,0.15474082809335787,0.3972249301499239,0.6111111111111112,1.0,0.08886003577538748,0.1477568511670388,0.15300043288912865,0.4,0.6,0,,,,,,,,,,,,,,,,,,,,,,,,,,,,,1.0183869703728916,0.765829471054783,0.5132719717366745,0.27721667963680896,0.08241690558255088,-0.11238286847170725,-0.13306417631156642,-0.023156634490626493,0.08675090733031346,-0.07772007583541501,-0.2879208131655882,-0.44598704114954246,-0.2912462130561846,-0.13650538496282671,-0.013923362748844599,0.06578025162596961,0.14548386600078364,-0.11547576571349996,-0.5127006958634236,-0.9099256260133475,,,,,,,,,,,,,,,,,,,,,,,,,8,0.39285714285714285,
omnimath-789,processbench,omnimath,omnimath,Qwen2-7B-Instruct,,1,final_answer_correct,True,True,,False,,,,4,1.4479285524698082,0.19516558397444037,-1.2527629684953678,0.7121404975731466,2.4822373972969407,-1.0343088448271325,1.4479285524698082,0.5005708507366347,-0.8503760596085727,-0.3125492459846024,-0.8131200967212371,3.7117118260985134,0.3375162262562239,1,2,0.0,0.631578947368421,1.2294744288015729,1.2527629684953678,0.20308593198361735,0.3157859005777246,0.7222222222222222,0.0,0.028826212920074652,0.21384746702731183,0.4300440639278709,0.3,0.7,0,,,,,,,,,,,,,,,,,,,,,,,,,,,,,1.4479285524698082,1.1321426518920836,0.8163567513143591,0.5005708507366345,0.18478495015891006,-0.13100095041881454,-0.44678685099653914,-0.6087852916171161,-0.6938900022591195,-0.7789947129011227,-0.8640994235431259,-0.9492041341851292,-1.0343088448271325,-1.0233500079272624,-0.820264075943645,-0.6171781439600279,-0.414092211976411,-0.2110062799927941,-0.007920348009176736,0.19516558397444037,,,,,,,,,,,,,,,,,,,,,,,,,4,1.0,
omnimath-790,processbench,omnimath,omnimath,Qwen2-7B-Instruct,,1,final_answer_correct,True,True,,False,,,,7,-0.3179779646678014,-0.40845554963391745,-0.09047758496611602,0.4905611863042365,1.7694479070068083,-0.6112888651041938,1.1581590419026144,0.4489170555559751,-0.4100058074934832,0.0820480201203769,-0.36686903543559823,5.227829809202801,0.017306910949328146,3,4,0.15789473684210525,0.5263157894736842,0.20283331547027633,1.566614591536532,0.49204566885680534,0.4106259501298265,0.1111111111111111,0.2222222222222222,0.11921442340670962,0.2236513988428587,0.18541805598487343,0.5,0.5,0,,,,,,,,,,,,,,,,,,,,,,,,,,,,,-0.3179779646678014,0.1740677041890038,0.6661133730458091,1.1581590419026144,0.8979783616038932,0.4873524114740667,0.07672646134424022,-0.1877563929594524,-0.37916769935007827,-0.5705790057407042,-0.6112888651041938,-0.5012972774405466,-0.39130568977689967,-0.22864572208250794,0.03935100567337424,0.3073477334292564,0.48125024044373255,0.18468164375118296,-0.1118869529413673,-0.40845554963391745,,,,,,,,,,,,,,,,,,,,,,,,,7,0.38095238095238093,
omnimath-791,processbench,omnimath,omnimath,Qwen2.5-72B-Instruct,,1,final_answer_correct,True,True,,False,,,,8,1.2009304801763743,0.25156878722967635,-0.9493616929466979,0.5101077122871845,1.8209160535195115,-0.6199855733431371,1.2009304801763743,0.5065414491851012,-0.38048744062280615,-0.3447578805306697,-0.8512993297157709,2.692470414092325,0.35259874648120987,1,2,0.0,0.8421052631578947,0.8715543605728134,0.9493616929466979,0.3210989749478789,0.31662625231753583,0.9444444444444444,0.0,0.06284923104927732,0.18986794657626926,0.2491764077386668,0.4,0.6,0,,,,,,,,,,,,,,,,,,,,,,,,,,,,,1.2009304801763743,0.8843042278588384,0.5676779755413026,0.32616535373405214,0.27243680820251504,0.21870826267097793,0.07556703611164876,-0.13463370121852453,-0.3448344385486977,-0.37486311531015104,-0.37486311531015104,-0.3877642973118872,-0.4780725713240395,-0.5683808453361918,-0.6199855733431363,-0.6199855733431366,-0.6199855733431371,-0.39062916266608144,-0.06953018771820252,0.25156878722967635,,,,,,,,,,,,,,,,,,,,,,,,,8,0.42857142857142855,
omnimath-792,processbench,omnimath,omnimath,Qwen2.5-Math-7B-Instruct,,1,final_answer_correct,True,True,,False,,,,26,0.17307737694883035,0.02354564297787022,-0.14953173397096015,0.14027011571296985,0.5984946522397393,-0.3595873825297311,0.23890726971000822,0.0020411318299696857,0.02038585668761392,-0.0488689221105108,-0.05091005394048048,3.198214471185625,0.04675475497912013,11,8,0.3684210526315789,0.3157894736842105,0.3831330255076013,0.215361626732138,0.5984946522397393,0.3803004761824997,0.3333333333333333,0.2777777777777778,0.3154433329927077,0.04909667417510588,0.05590790482710485,0.6,0.4,0,,,,,,,,,,,,,,,,,,,,,,,,,,,,,0.17307737694883035,0.09874107159458416,0.08471305136140499,-0.13470006472372048,0.13133077650565128,0.020713093652768577,-0.3595873825297311,0.23890726971000822,0.019176121301705838,-0.016199521553461785,-0.1009625392066458,0.018929924111375257,0.10456739790996117,-0.12171765545964545,-0.10161444132897193,-0.011528411044612663,-0.2718480806953079,0.05846736368068048,0.009764393747277056,0.02354564297787022,,,,,,,,,,,,,,,,,,,,,,,,,26,0.06461538461538462,
omnimath-793,processbench,omnimath,omnimath,Qwen2-7B-Instruct,,1,final_answer_correct,True,True,,False,,,,7,1.3740996356895798,-0.8647309424791034,-2.2388305781686832,0.5540398540233019,2.2388305781686832,-0.8647309424791034,1.3740996356895798,0.2510809244942119,0.021920817230818512,-0.4078649606459523,-0.6589458851401642,4.42237824409981,0.5062503600083635,2,3,0.0,1.0,0.0,2.2388305781686832,0.3911552723096292,0.3972635763653547,0.3888888888888889,0.0,0.0766287826057565,0.20415145273754964,0.2309603313275747,0.45,0.55,0,,,,,,,,,,,,,,,,,,,,,,,,,,,,,1.3740996356895798,0.9768360593242251,0.5795724829588704,0.18230890659351573,-0.1420146507862523,-0.4517502043689028,-0.7614857579515533,-0.6039607609393507,-0.21280548862972148,0.17834978367990773,0.3302880750140097,0.2430093853725841,0.15573069573115866,0.0628340303871416,-0.0412985863620591,-0.14543120311125982,-0.26549904472209407,-0.4652430106410969,-0.6649869765601001,-0.8647309424791034,,,,,,,,,,,,,,,,,,,,,,,,,7,0.5238095238095238,
omnimath-795,processbench,omnimath,omnimath,Qwen2.5-Math-72B-Instruct,,1,final_answer_correct,True,True,,False,,,,4,1.3895884136875216,-0.006962447599558136,-1.3965508612870798,0.6347316645659007,2.2014467847122328,-0.8118583710247114,1.3895884136875216,0.4762255111820894,-0.7068324139501188,-0.33737351084430073,-0.8135990220263901,3.0063427081373857,0.4645348175066605,1,1,0.0,0.631578947368421,0.8048959234251533,1.3965508612870798,0.13216442529789718,0.30445430083514413,0.7777777777777778,0.0,0.02425659589628014,0.19516995300430837,0.3770944222264089,0.25,0.75,0,,,,,,,,,,,,,,,,,,,,,,,,,,,,,1.3895884136875216,1.0851341128523775,0.7806798120172335,0.47622551118208944,0.1717712103469453,-0.13268309048819882,-0.4371373913233427,-0.570767595063252,-0.6189857502555439,-0.6672039054478358,-0.7154220606401276,-0.7636402158324196,-0.8118583710247114,-0.7999489993869404,-0.6677845740890433,-0.5356201487911462,-0.40345572349324926,-0.27129129819535236,-0.1391268728974553,-0.006962447599558136,,,,,,,,,,,,,,,,,,,,,,,,,4,0.8333333333333334,
omnimath-796,processbench,omnimath,omnimath,Llama-3.1-70B-Instruct,,1,final_answer_correct,True,True,,False,,,,14,-0.049655208175144495,0.0664844417375106,0.1161396499126551,0.2968162338486777,1.0296952729480304,-0.5216535541598786,0.5080417187881519,0.04769328882333474,0.09373888235334851,-0.136156732037461,-0.18385002086079574,5.2326818064632,0.022195052978226965,7,7,0.6842105263157895,0.5263157894736842,0.5881379958973891,0.44155727705064124,0.4462028003392833,0.6538596801965691,0.2777777777777778,0.16666666666666666,0.3290084055778025,0.1318755996720125,0.12322135937141168,0.5,0.5,0,,,,,,,,,,,,,,,,,,,,,,,,,,,,,-0.049655208175144495,-0.07030283791803577,0.12757436453797866,0.4328321135846872,-0.22102756661188194,-0.16588532199677186,0.2803174783425114,0.4401592186245938,0.36438711330948376,0.08544863189337007,-0.5216535541598786,-0.3241792696610494,0.10396831767876812,0.5080417187881519,0.22829859494319482,-0.09748969768561322,-0.2980218167454988,-0.4139092767631876,-0.3023026377111717,0.0664844417375106,,,,,,,,,,,,,,,,,,,,,,,,,14,0.14285714285714285,
omnimath-800,processbench,omnimath,omnimath,Qwen2.5-72B-Instruct,,1,final_answer_correct,True,True,,False,,,,10,0.49307172375964237,0.15376528590255437,-0.33930643785708803,0.4418409087451714,1.6268347698510597,-0.7205944479222266,0.9062403219288331,0.3754864235792453,-0.38546241392669744,-0.04510143316149882,-0.4205878567407441,5.138779025422423,0.06602861033301506,6,4,0.10526315789473684,0.8947368421052632,0.8743597338247809,0.7524750360262787,0.5995767814253927,0.6859396241172642,0.7222222222222222,0.8333333333333334,0.2742485364425795,0.17969166281157342,0.19671368938163133,0.4,0.6,0,,,,,,,,,,,,,,,,,,,,,,,,,,,,,0.49307172375964237,0.6996560228442377,0.9062403219288331,0.5271559292567631,0.07486295011511024,-0.032125795095495714,-0.040456187754373873,-0.18720452199255716,-0.403161827020393,-0.45487237944613135,-0.3751855297901917,-0.3847957681037878,-0.5060273663793038,-0.3869895047545177,0.21258727667087496,0.5264937457534523,-0.15944587836381185,-0.7205944479222266,-0.28341458100983613,0.15376528590255437,,,,,,,,,,,,,,,,,,,,,,,,,10,0.3111111111111111,
omnimath-803,processbench,omnimath,omnimath,Qwen2-7B-Instruct,,1,final_answer_correct,True,True,,False,,,,4,0.8958797346140274,0.8958797346140274,0.0,0.640983861567664,1.7917594692280547,-0.8958797346140274,0.8958797346140274,0.04715156497968563,-0.8824078589055458,0.18860625991874247,0.14145469493905682,3.583518938456109,0.0,1,2,0.0,0.3684210526315789,1.7917594692280547,0.0,0.2829093898781143,0.282909389878114,0.9444444444444444,0.0,0.0314343766531239,0.18860625991874255,0.4243640848171709,0.4,0.6,0,,,,,,,,,,,,,,,,,,,,,,,,,,,,,0.8958797346140274,0.6129703447359134,0.3300609548577995,0.047151564979685645,-0.23575782489842834,-0.5186672147765422,-0.8015766046546561,-0.8958797346140274,-0.8958797346140274,-0.8958797346140274,-0.8958797346140274,-0.8958797346140274,-0.8958797346140274,-0.8015766046546564,-0.5186672147765422,-0.23575782489842811,0.047151564979685534,0.33006095485779896,0.6129703447359133,0.8958797346140274,,,,,,,,,,,,,,,,,,,,,,,,,4,0.6666666666666666,
omnimath-805,processbench,omnimath,omnimath,Qwen2.5-Math-72B-Instruct,,1,final_answer_correct,True,True,,False,,,,8,-0.4291998766553301,1.0543814994823086,1.4835813761376389,0.43873952582225995,1.8091423515011413,-0.7547608520188327,1.0543814994823086,-0.22998913128053539,-0.06315396589865295,0.25619335382227987,0.48618248510281525,4.552877698701018,0.32585574977358156,5,5,1.0,0.10526315789473684,1.8091423515011413,0.0,0.581436714868946,0.2987637638691738,0.2222222222222222,0.3333333333333333,0.17910767793029814,0.15921121847172387,0.18495329633775584,0.4,0.6,0,,,,,,,,,,,,,,,,,,,,,,,,,,,,,-0.4291998766553301,-0.5919803643370813,-0.7547608520188327,-0.7049078532575277,-0.12347113838858181,0.4579655764803642,0.5364305892132417,0.2376668253440679,-0.06109693852510589,-0.1658965165089297,-0.23836873017852853,-0.2718593992176645,-0.07146080047402481,0.12893779826961488,0.15756616951870583,-0.04283242922493477,-0.24323102796857496,0.056056774256679986,0.5552191368694943,1.0543814994823086,,,,,,,,,,,,,,,,,,,,,,,,,8,0.32142857142857145,
omnimath-806,processbench,omnimath,omnimath,Qwen2.5-72B-Instruct,,1,final_answer_correct,True,True,,False,,,,10,-0.2888108627830935,0.42338451274754607,0.7121953755306396,0.39346767866754895,1.6117049674177184,-0.667617334325804,0.9440876330919143,0.06238094283055543,-0.34747756896541454,0.32080802435343586,0.2584270815228804,5.226182873020216,0.1362744842334729,4,5,0.7894736842105263,0.47368421052631576,1.09100184707335,0.5207031203443683,0.6571715527329738,0.6950865195256996,0.7222222222222222,0.8333333333333334,0.2548462751570198,0.15605000080837536,0.1595914126495453,0.5,0.5,0,,,,,,,,,,,,,,,,,,,,,,,,,,,,,-0.2888108627830935,-0.1435175782145525,0.0017757063539884932,0.09951350429607825,0.1913068664098616,0.25826701165989396,0.3181319520917117,-0.013199050122384481,-0.5401280236594377,-0.667617334325804,-0.4755549146956208,-0.35200247410430646,-0.3140875073115787,-0.06975367853876979,0.587417874194204,0.9440876330919143,0.2490011135662148,-0.32715682923535794,0.04811384175609407,0.42338451274754607,,,,,,,,,,,,,,,,,,,,,,,,,10,0.3111111111111111,
omnimath-809,processbench,omnimath,omnimath,Qwen2.5-Math-72B-Instruct,,1,final_answer_correct,True,True,,False,,,,3,-0.21846895085903295,1.2478681179343942,1.4663370687934272,0.644972572763055,2.234586747314159,-0.986718629379765,1.2478681179343942,-0.47455217703261027,-0.7005672234204512,0.6485872534581426,1.123139430490753,3.0028364258348916,0.48831733096674923,1,1,1.0,0.47368421052631576,2.234586747314159,0.0,0.23971234579050105,0.08536107539119253,0.9444444444444444,0.2222222222222222,0.01805963451009426,0.1945761760374428,0.4112917901585716,0.3,0.7,0,,,,,,,,,,,,,,,,,,,,,,,,,,,,,-0.21846895085903295,-0.30383002625022537,-0.38919110164141785,-0.4745521770326103,-0.5599132524238027,-0.6452743278149953,-0.7306354032061877,-0.8159964785973801,-0.9013575539885725,-0.986718629379765,-0.9095429941801111,-0.6698306483896104,-0.43011830259911,-0.19040595680860972,0.049306388981891214,0.28901873477239204,0.5287310805628922,0.7684434263533926,1.0081557721438936,1.2478681179343942,,,,,,,,,,,,,,,,,,,,,,,,,3,1.0,
omnimath-810,processbench,omnimath,omnimath,Qwen2.5-72B-Instruct,,1,final_answer_correct,True,True,,False,,,,8,0.5224567266914015,0.17509772013626637,-0.3473590065551352,0.5002179209536892,1.7281590415692218,-0.7785566217628488,0.949602419806373,0.5105880785758866,-0.32402376389641185,-0.31706838814110544,-0.8276564667169921,4.1813026334374905,0.08307435194413754,4,2,0.15789473684210525,0.8421052631578947,0.9536543418991151,0.7745046996701067,0.3890720378813267,0.43783032637883956,1.0,0.16666666666666666,0.1627330007658632,0.19440773932383104,0.22423074562834655,0.35,0.65,0,,,,,,,,,,,,,,,,,,,,,,,,,,,,,0.5224567266914015,0.7259135953525846,0.9293704640137678,0.949602419806373,0.5117720934275335,0.07394176704869415,-0.13894051630914855,-0.18311176740124344,-0.22728301849333832,-0.360616133702659,-0.5088095595981839,-0.5975345119066984,-0.3294486226931528,-0.06136273347960719,-0.061768295311452115,-0.42016245853715084,-0.7785566217628488,-0.603046355626387,-0.21397431774506037,0.17509772013626637,,,,,,,,,,,,,,,,,,,,,,,,,8,0.32142857142857145,
omnimath-811,processbench,omnimath,omnimath,Llama-3.1-8B-Instruct,,1,final_answer_correct,True,True,,False,,,,5,-0.5042548587917752,0.4765743942199513,0.9808292530117265,0.7127372449990996,2.5001595754249815,-1.145779447087945,1.3543801283370367,0.5621483229126853,-0.22813993459196125,-0.38117806479510935,-0.9433263877077946,5.981148403861689,0.1639867775857995,2,3,0.2631578947368421,0.7368421052631579,1.6223538413078962,0.8778057341170854,0.40966529453796074,0.3491006477060068,0.1111111111111111,0.2777777777777778,0.08112681562379012,0.3048936199370041,0.3023441034632835,0.45,0.55,0,,,,,,,,,,,,,,,,,,,,,,,,,,,,,-0.5042548587917752,-0.09458956425381454,0.31507573028414615,0.7247410248221069,1.1344063193600675,1.3543801283370367,1.00527948063103,0.6561788329250231,0.3070781852190163,-0.042022462486990486,-0.3198179708675441,-0.5263083399226445,-0.7327987089777446,-0.9392890780328446,-1.145779447087945,-0.9330899708930351,-0.5806738796147889,-0.22825778833654264,0.12415830294170438,0.4765743942199513,,,,,,,,,,,,,,,,,,,,,,,,,5,0.9,
omnimath-813,processbench,omnimath,omnimath,Qwen2-7B-Instruct,,1,final_answer_correct,True,True,,False,,,,4,-0.5771685944646648,1.2896730311149551,1.86684162557962,0.6961489364216122,2.156150556733371,-0.8664775256184161,1.2896730311149551,-0.7218230600415404,-0.27264853628098945,0.8477149164770346,1.5695379765185749,2.4454594878871223,0.7633909434306645,1,1,1.0,0.3157894736842105,2.156150556733371,0.0,0.17678324585516847,0.04821815519229189,0.9444444444444444,0.0,0.012500077835970118,0.2687254638927886,0.3624760476625637,0.4,0.6,0,,,,,,,,,,,,,,,,,,,,,,,,,,,,,-0.5771685944646648,-0.6253867496569567,-0.6736049048492486,-0.7218230600415405,-0.7700412152338323,-0.8182593704261242,-0.8664775256184161,-0.7717506596599095,-0.6055512831260038,-0.4393519065920981,-0.2731525300581924,-0.10695315352428647,0.059246223009619126,0.22897355598394542,0.40575680183911383,0.5825400476942822,0.7593232935494503,0.9361065394046183,1.1128897852597868,1.2896730311149551,,,,,,,,,,,,,,,,,,,,,,,,,4,0.8333333333333334,
omnimath-815,processbench,omnimath,omnimath,Qwen2.5-72B-Instruct,,1,final_answer_correct,True,True,,False,,,,5,1.1203495591935912,-0.2659448019262991,-1.3862943611198904,0.6085116923054162,2.131030939046505,-1.0106813798529137,1.1203495591935912,0.11557425422226553,-0.5554680706511866,0.25089220246220434,0.1353179482399388,4.742571918346074,0.29230855851804294,2,3,0.0,0.47368421052631576,0.7447365779266146,1.3862943611198904,0.3848688659787224,0.3524160912782467,0.5555555555555556,0.05555555555555555,0.07438421143334153,0.22349855289738554,0.30219372790884663,0.45,0.55,0,,,,,,,,,,,,,,,,,,,,,,,,,,,,,1.1203495591935912,0.7679334679153447,0.415517376637098,0.06310128535885129,-0.2893148059193953,-0.5805124335236587,-0.6880546701059724,-0.7955969066882862,-0.9031391432706,-1.0106813798529137,-0.8720180651547098,-0.4871491991759874,-0.10228033319726593,0.2825885327814557,0.667457398760178,0.601103128331518,0.38434114576706396,0.1675791632026099,-0.04918281936184454,-0.2659448019262991,,,,,,,,,,,,,,,,,,,,,,,,,5,0.7,
omnimath-818,processbench,omnimath,omnimath,Qwen2.5-Math-7B-Instruct,,1,final_answer_correct,True,True,,False,,,,11,0.33099414675167854,-0.3471416108403164,-0.678135757591995,0.43924787408345994,1.340768240921087,-0.6773255744408344,0.6634426664802526,0.1260322268123568,0.06569391731698396,-0.2225473461095897,-0.3485795729219465,4.970379957098587,0.136435395974808,4,5,0.42105263157894735,0.6842105263157895,0.330183963600518,1.010584277320569,0.47257089424079224,0.5314384206284608,0.8888888888888888,0.5555555555555556,0.22024250139430906,0.19543451423963262,0.19509456762724026,0.5,0.5,0,,,,,,,,,,,,,,,,,,,,,,,,,,,,,0.33099414675167854,-0.1217433612604854,-0.4839333676702169,-0.031195859658052938,0.33998934397382036,0.3849653300845296,0.46314935546522423,0.6188188058092186,0.6634426664802526,0.5414981426418457,0.21480667040841234,-0.3166317502200485,-0.5847515394599585,-0.6773255744408344,-0.6402959604484845,-0.5477219254676085,-0.1511504030787998,0.32142049116199245,0.02960533201567833,-0.3471416108403164,,,,,,,,,,,,,,,,,,,,,,,,,11,0.23636363636363636,
omnimath-820,processbench,omnimath,omnimath,Qwen2.5-Math-72B-Instruct,,1,final_answer_correct,True,True,,False,,,,6,-0.678211519923627,1.6106433802585163,2.288854900182143,0.604096806332056,2.7739301210982834,-1.1632867408397674,1.6106433802585163,-0.05663982164503239,-0.1142940781412096,-0.013237014887166406,0.04340280675786598,5.194461212414215,0.44063374555806123,2,3,1.0,0.7894736842105263,2.7739301210982834,0.0,0.7441714212933774,0.269606399082734,0.9444444444444444,0.7222222222222222,0.08553452738349573,0.19276319207960266,0.25656116147093727,0.5,0.5,0,,,,,,,,,,,,,,,,,,,,,,,,,,,,,-0.678211519923627,-0.4219742464795497,-0.1657369730354723,0.09050030040860502,0.2895164152762679,0.25964789583827247,0.229779376400277,0.19991085696228156,0.14254832956880953,0.04394479024212261,-0.054658749084564306,-0.15326228841125136,-0.35446754359156585,-0.6240739426742994,-0.8936803417570334,-1.1632867408397674,-0.6218708836216142,0.12230053767176163,0.8664719589651391,1.6106433802585163,,,,,,,,,,,,,,,,,,,,,,,,,6,0.8,
omnimath-824,processbench,omnimath,omnimath,Qwen2.5-Math-7B-Instruct,,1,final_answer_correct,True,True,,False,,,,7,0.5722972165002026,0.35513652332459467,-0.21716069317560793,0.5310538629849423,1.7789717981877988,-0.8776688867978774,0.9013029113899214,0.40302066236190276,-0.18347201342480077,-0.4188477640800923,-0.8218684264419951,4.810482271043303,0.04514322700715616,4,4,0.15789473684210525,0.8421052631578947,1.232805410122472,0.5461663880653267,0.41093513670749093,0.5245088428906024,0.9444444444444444,0.2222222222222222,0.14858025680560782,0.20371262321981504,0.252524925315857,0.4,0.6,0,,,,,,,,,,,,,,,,,,,,,,,,,,,,,0.5722972165002026,0.6819657814634422,0.7916343464266817,0.9013029113899214,0.48249030314162605,-0.04201853974897629,-0.5665273826395786,-0.5257469774853959,-0.2023219483088209,0.12110308086775401,0.1683223012820781,-0.06066428706584959,-0.2896508754137767,-0.4953453878495946,-0.654455748461194,-0.8135661090727935,-0.8776688867978774,-0.4667337500903872,-0.05579861338289627,0.35513652332459467,,,,,,,,,,,,,,,,,,,,,,,,,7,0.5714285714285714,
omnimath-828,processbench,omnimath,omnimath,Qwen2-72B-Instruct,,1,final_answer_correct,True,True,,False,,,,4,-0.09227436598432248,1.1604886025110455,1.252762968495368,0.49950127698455554,1.694595720774407,-0.5341071182633615,1.1604886025110455,-0.3015635644322884,-0.5213657970545315,0.4915692390474636,0.793132803479752,2.1364284730534457,0.5863818912246955,1,1,1.0,0.3684210526315789,1.694595720774407,0.0,0.26756774538543304,0.06976306614932198,1.0,0.1111111111111111,0.018740600640819813,0.15633827793504498,0.2968927827411928,0.25,0.75,0,,,,,,,,,,,,,,,,,,,,,,,,,,,,,-0.09227436598432248,-0.16203743213364444,-0.2318004982829664,-0.3015635644322884,-0.3713266305816103,-0.44108969673093223,-0.5108527628802542,-0.5341071182633615,-0.5341071182633615,-0.5341071182633615,-0.5341071182633614,-0.5341071182633614,-0.5341071182633614,-0.44491786980155085,-0.17735012441611797,0.09021762096931496,0.3577853663547472,0.6253531117401796,0.8929208571256124,1.1604886025110455,,,,,,,,,,,,,,,,,,,,,,,,,4,0.5,
omnimath-829,processbench,omnimath,omnimath,Qwen2-72B-Instruct,,1,final_answer_correct,True,True,,False,,,,5,1.494211273736739,-0.47986975228527073,-1.9740810260220099,0.5404552720329899,2.4300932879549393,-0.9358820142182004,1.494211273736739,0.08388048099617469,-0.12030458634667245,-0.26892585297530847,-0.35280633397148314,3.9210119166534723,0.5034621337511415,2,3,0.0,0.2631578947368421,0.45601226193292965,1.9740810260220099,0.2192534473322445,0.5231382420606316,0.3333333333333333,0.0,0.058167011784239615,0.14810179109323227,0.24152798385849902,0.25,0.75,0,,,,,,,,,,,,,,,,,,,,,,,,,,,,,1.494211273736739,0.9710730316761074,0.4479347896154757,-0.07520345244515592,-0.5983416945057876,-0.9358820142182004,-0.716628566885956,-0.4973751195537115,-0.278121672221467,-0.05886822488922261,0.03758343109753072,0.011233295738792531,-0.015116839619945595,-0.04146697497868373,-0.06781711033742191,-0.1384254507205009,-0.22378652611169325,-0.30914760150288567,-0.3945086768940782,-0.47986975228527073,,,,,,,,,,,,,,,,,,,,,,,,,5,0.7,
omnimath-830,processbench,omnimath,omnimath,Qwen2.5-Math-7B-Instruct,,1,final_answer_correct,True,True,,False,,,,6,0.09554872095490256,1.0144002736907307,0.9188515527358282,0.6385147071205889,2.1932468275697596,-1.1788465538790291,1.0144002736907307,0.4150348763729833,-0.6259454297173231,-0.007083949701660412,-0.42211882607464374,6.1997617089438055,0.14820755955995674,4,2,1.0,0.42105263157894735,2.1932468275697596,0.0,0.46817179419972166,0.6263228997282961,1.0,0.3333333333333333,0.1635151720770659,0.24227309892597662,0.31821697750699374,0.45,0.55,0,,,,,,,,,,,,,,,,,,,,,,,,,,,,,0.09554872095490256,0.3536616822737778,0.611774643592653,0.8698876049115283,0.9511133940209697,0.3247904942926738,-0.3015324054356221,-0.9278553051639182,-1.1788465538790291,-0.8668403260743609,-0.5548340982696928,-0.2428278704650242,-0.2201244053839539,-0.39028944878528343,-0.5604544921866134,-0.7306195355879432,-0.39011510890843315,0.07805668529128751,0.5462284794910091,1.0144002736907307,,,,,,,,,,,,,,,,,,,,,,,,,6,0.6666666666666666,
omnimath-831,processbench,omnimath,omnimath,Qwen2.5-Math-7B-Instruct,,1,final_answer_correct,True,True,,False,,,,8,0.378014763009874,0.8813494700150004,0.5033347070051264,0.49834548290377734,1.5305779370096144,-0.649228466994614,0.8813494700150004,0.38608120649293365,-0.3913980190181583,-0.165888065833683,-0.5519692723266166,2.9879685793602055,0.16845381523821185,2,2,1.0,0.8421052631578947,1.5305779370096144,0.0,0.5638971346877533,0.21020073733017308,0.9444444444444444,0.5,0.07391167375186662,0.19527560146583767,0.24690290559977127,0.5,0.5,0,,,,,,,,,,,,,,,,,,,,,,,,,,,,,0.378014763009874,0.4778433574466767,0.5776719518834794,0.5930884691829251,0.39747479363897853,0.20186111809503188,0.07661399219356957,0.004141778523970477,-0.06833043514562863,-0.2588556690957197,-0.4690564064258928,-0.6492284669946127,-0.6492284669946126,-0.6492284669946125,-0.6492284669946128,-0.6492284669946133,-0.649228466994614,-0.24644479936050584,0.31745233532724737,0.8813494700150004,,,,,,,,,,,,,,,,,,,,,,,,,8,0.39285714285714285,
omnimath-834,processbench,omnimath,omnimath,Qwen2.5-Math-72B-Instruct,,1,final_answer_correct,True,True,,False,,,,7,0.9636588823028727,0.2780243737980663,-0.6856345085048063,0.5165231080172419,1.8624586005598895,-0.8987997182570169,0.9636588823028727,0.46543538082528074,-0.2549645738585218,-0.4633884425315589,-0.9288238233568397,3.6879908675434687,0.1859100342516575,3,2,0.0,0.8421052631578947,1.1768240920550832,0.6856345085048063,0.39227469735169473,0.28919539325300064,1.0,0.3888888888888889,0.09609471375743944,0.1948269300249308,0.26017868034603286,0.5,0.5,0,,,,,,,,,,,,,,,,,,,,,,,,,,,,,0.9636588823028727,0.6923709692712694,0.42108305623966613,0.14979514320806286,0.21327717916441796,0.3437132049183645,0.4741492306723111,0.3248309770882929,0.03563558383529225,-0.2535598094177084,-0.4144834754899947,-0.44713541438156656,-0.4797873532731384,-0.5502525253708296,-0.6963441638807603,-0.8424358023906909,-0.8987997182570169,-0.506525020905323,-0.11425032355362841,0.2780243737980663,,,,,,,,,,,,,,,,,,,,,,,,,7,0.42857142857142855,
omnimath-835,processbench,omnimath,omnimath,Qwen2.5-72B-Instruct,,1,final_answer_correct,True,True,,False,,,,9,0.6692959721266429,-0.29915563704825954,-0.9684516091749025,0.4346324941720669,1.511646591865387,-0.7268740191440956,0.7847725727212914,-0.22242393691773657,0.3712686213773014,-0.21006788572127763,0.01235605119645894,4.633584756550605,0.20900699135928832,4,3,0.47368421052631576,0.15789473684210525,0.427718382095836,1.0839282097695508,0.2970554190152486,0.6347149936453007,0.3333333333333333,0.0,0.13405698212504646,0.17273281056837245,0.18365753672390803,0.4,0.6,0,,,,,,,,,,,,,,,,,,,,,,,,,,,,,0.6692959721266429,0.03458097848134223,-0.6001340151639585,-0.7268740191440956,-0.5488290293251341,-0.3410314322071008,-0.04397601319185224,0.2530794058233964,0.5210065783100972,0.7847725727212914,0.7416034135506909,0.39149910079829475,0.05881818955569283,-0.15189891111835385,-0.362616011792401,-0.2820722553867564,-0.10444154662121469,-0.041696029969936155,-0.17042583350909785,-0.29915563704825954,,,,,,,,,,,,,,,,,,,,,,,,,9,0.3611111111111111,
omnimath-840,processbench,omnimath,omnimath,Qwen2.5-Math-7B-Instruct,,1,final_answer_correct,True,True,,False,,,,7,1.2415943716471631,-0.20223341871948952,-1.4438277903666528,0.5391963691722739,2.115583208780222,-0.873988837133059,1.2415943716471631,0.49429330954381195,-0.2781375116867178,-0.4345257909960263,-0.9288191005398383,3.1901034309123446,0.45259591785515535,3,3,0.0,0.6842105263157895,0.6717554184135694,1.4438277903666528,0.14609163850993068,0.3375029449005568,0.7777777777777778,0.5555555555555556,0.07540947343845758,0.18319793977883736,0.2379011478276623,0.4,0.6,0,,,,,,,,,,,,,,,,,,,,,,,,,,,,,1.2415943716471631,0.9613933626995097,0.6811923537518562,0.40099134480420273,0.21974696512583175,0.05829391130131728,-0.10315914252319719,-0.09317680551450658,0.0025232269107865746,0.09822325933607973,-0.02267819690155176,-0.3601811418021086,-0.6976840867026648,-0.873988837133059,-0.7278971986231284,-0.5818055601131977,-0.4464925749004262,-0.3650728561734474,-0.2836531374464685,-0.20223341871948952,,,,,,,,,,,,,,,,,,,,,,,,,7,0.5238095238095238,
omnimath-841,processbench,omnimath,omnimath,Qwen2.5-7B-Instruct,,1,final_answer_correct,True,True,,False,,,,5,1.5566448032672073,0.1703504421473169,-1.3862943611198904,0.6011706883574116,2.6384841042610354,-1.081839300993828,1.5566448032672073,0.028093069086166236,-0.22899473484256821,-0.29583256178865697,-0.3239256308748232,5.433900343190232,0.25511957775545063,3,4,0.0,0.2631578947368421,1.252189743141145,1.3862943611198904,0.27826438736469894,0.5701158318109916,0.3333333333333333,0.0,0.09474191902560614,0.16175271955707476,0.3208180711084126,0.3,0.7,0,,,,,,,,,,,,,,,,,,,,,,,,,,,,,1.5566448032672073,0.9865289714562158,0.4164131396452242,-0.15370269216576737,-0.7238185239767589,-1.081839300993828,-0.8035749136291293,-0.5253105262644303,-0.24704613889973148,0.031218248464967457,0.07389878616056382,-0.11900452581294277,-0.3119078377864489,-0.5048111497599551,-0.6977144617334617,-0.6012628057467087,-0.40835949377320246,-0.21545618179969628,-0.02255286982618976,0.1703504421473169,,,,,,,,,,,,,,,,,,,,,,,,,5,0.9,
omnimath-842,processbench,omnimath,omnimath,Qwen2-7B-Instruct,,1,final_answer_correct,True,True,,False,,,,5,0.6853992148967591,0.04104219850624623,-0.6443570163905129,0.32958601926387004,1.2650643663104186,-0.5796651514136594,0.6853992148967591,0.2741387398770397,-0.21733974629310676,-0.289295751015511,-0.5634344908925507,1.8857717162303245,0.34169407189889806,1,2,0.0,0.7368421052631579,0.6207073499199056,0.6443570163905129,0.13613203472106394,0.14592572222314643,0.9444444444444444,0.05555555555555555,0.024725219700174716,0.10043905253792891,0.1673481300882057,0.3,0.7,0,,,,,,,,,,,,,,,,,,,,,,,,,,,,,0.6853992148967591,0.5394734926736128,0.39354777045046635,0.24762204822731998,0.10169632600417355,-0.013293255960966536,-0.03547441715208788,-0.05765557834320922,-0.07983673953433056,-0.10201790072545189,-0.1649481113313066,-0.2686273713518949,-0.37230663137248304,-0.4759858913930711,-0.5796651514136594,-0.5034859403780088,-0.36735390565694515,-0.23122187093588153,-0.09508983621481759,0.04104219850624623,,,,,,,,,,,,,,,,,,,,,,,,,5,0.5,
omnimath-845,processbench,omnimath,omnimath,Qwen2.5-Math-72B-Instruct,,1,final_answer_correct,True,True,,False,,,,10,0.2737282835394341,-0.28588750439598865,-0.5596157879354228,0.38880479185545413,1.3631517696657767,-0.5584284151397815,0.8047233545259953,0.2504590717896122,-0.01563489047427478,-0.27289494654714347,-0.5233540183367557,4.793574279270751,0.11674290525869507,5,5,0.21052631578947367,0.8947368421052632,0.27254091074379283,1.090610858921984,0.7296844930802285,0.4013516180781491,0.16666666666666666,0.0,0.24984170194641578,0.15960683480839868,0.15928685531217363,0.5,0.5,0,,,,,,,,,,,,,,,,,,,,,,,,,,,,,0.2737282835394341,-0.127623334538715,-0.5289749526168641,0.07503886144576677,0.8047233545259953,0.7607012264389604,0.49562006373270767,0.31641270591602594,0.18014225054412966,0.11957760371217578,0.11957760371217578,-0.026348118510970672,-0.3546809935130498,-0.4641252851804101,-0.13579241017833016,0.046614742600601916,-0.28171813240147703,-0.5584284151397815,-0.42215795976788506,-0.28588750439598865,,,,,,,,,,,,,,,,,,,,,,,,,10,0.24444444444444444,
omnimath-846,processbench,omnimath,omnimath,Qwen2.5-72B-Instruct,,1,final_answer_correct,True,True,,False,,,,5,1.4934284938725115,-0.29833097535554326,-1.7917594692280547,0.6820332172636112,2.1972245773362196,-0.703796083463708,1.4934284938725115,0.70086770938164,-0.5797868114807393,-0.5081769523588918,-1.2090446617405317,2.6026896854443846,0.6884260844650517,1,1,0.0,0.7368421052631579,0.4054651081081648,1.7917594692280547,0.0853610753911927,0.2696702832551714,0.9444444444444444,0.0,0.019723964369242484,0.24673542286139574,0.35681019430374805,0.3,0.7,0,,,,,,,,,,,,,,,,,,,,,,,,,,,,,1.4934284938725115,1.2237582106173401,0.9540879273621689,0.6844176441069975,0.4147473608518262,0.16426882041707108,-0.028634491556435326,-0.22153780352994173,-0.4144411155034481,-0.6073444274769545,-0.7037960834637078,-0.7037960834637079,-0.7037960834637079,-0.7037960834637079,-0.703796083463708,-0.6397752769203136,-0.5544142015291211,-0.4690531261379286,-0.3836920507467359,-0.29833097535554326,,,,,,,,,,,,,,,,,,,,,,,,,5,0.6,
omnimath-848,processbench,omnimath,omnimath,Llama-3.1-8B-Instruct,,1,final_answer_correct,True,True,,False,,,,5,0.13862943611198897,0.13862943611198897,0.0,0.4471766317724475,1.313331500008317,-0.5545177444479561,0.7588137555603609,-0.26787793293820433,-0.22097323650933598,0.4852030263919617,0.753080959330166,2.6266630000166344,0.0,2,2,0.7368421052631579,0.2631578947368421,0.6931471805599451,0.6201843194483719,0.29185144444629296,0.14592572222314654,0.5555555555555556,0.9444444444444444,0.048641907407715554,0.18459603861228013,0.21013304000133073,0.45,0.55,0,,,,,,,,,,,,,,,,,,,,,,,,,,,,,0.13862943611198897,-0.007296286111157346,-0.15322200833430366,-0.29914773055745,-0.4450734527805963,-0.5545177444479561,-0.5545177444479561,-0.5545177444479561,-0.5545177444479561,-0.5545177444479561,-0.4085920222248099,-0.11674057777851693,0.17511086666777542,0.46696231111406794,0.7588137555603609,0.7223323250045744,0.5764066027814283,0.430480880558282,0.28455515833513545,0.13862943611198897,,,,,,,,,,,,,,,,,,,,,,,,,5,0.3,
omnimath-850,processbench,omnimath,omnimath,Llama-3.1-8B-Instruct,,1,final_answer_correct,True,True,,False,,,,4,1.3895884136875214,-0.8440038078195726,-2.2335922215070942,0.6718438503024265,2.2335922215070942,-0.8440038078195726,1.3895884136875214,0.728064321498905,-0.3130640991813811,-0.7234584198388428,-1.4515227413377478,2.2335922215070942,1.0,0,1,0.0,1.0,0.0,2.2335922215070942,-0.04821815519229178,0.22050803072953884,0.8333333333333334,0.0,0.009571659752069313,0.25482251252461674,0.3266099606651363,0.35,0.65,0,,,,,,,,,,,,,,,,,,,,,,,,,,,,,1.3895884136875214,1.1690803829579826,0.9485723522284437,0.7280643214989049,0.507556290769366,0.2870482600398272,0.06654022931028836,-0.0629266276699615,-0.14687289777556667,-0.23081916788117185,-0.31476543798677703,-0.39871170809238227,-0.48265797819798734,-0.5546948766658213,-0.6029130318581133,-0.6511311870504052,-0.699349342242697,-0.7475674974349888,-0.7957856526272806,-0.8440038078195726,,,,,,,,,,,,,,,,,,,,,,,,,4,0.8333333333333334,
omnimath-852,processbench,omnimath,omnimath,Qwen2-72B-Instruct,,1,final_answer_correct,True,True,,False,,,,6,1.617446536099728,-1.0345141983514383,-2.6519607344511664,0.7446241376856025,2.6519607344511664,-1.0345141983514383,1.617446536099728,0.7997792359494786,-0.23002896544550033,-0.7976581294603915,-1.5974373654098701,2.6519607344511664,1.0,0,1,0.0,1.0,0.0,2.6519607344511664,-0.01947322232263704,0.3194979601201502,0.6666666666666666,0.0,0.039622957538818386,0.30005910694323024,0.3399439511049553,0.45,0.55,0,,,,,,,,,,,,,,,,,,,,,,,,,,,,,1.617446536099728,1.297948575979578,0.9784506158594277,0.6589526557392775,0.39422058792309433,0.34855208932277987,0.3028835907224654,0.2572150921221509,0.14551239509610378,-0.06524159956854259,-0.27599559423318887,-0.4867495888978355,-0.5827351201572765,-0.6022083424799135,-0.6216815648025505,-0.6411547871251876,-0.7270420140658672,-0.8295327421610574,-0.9320234702562479,-1.0345141983514383,,,,,,,,,,,,,,,,,,,,,,,,,6,0.8,
omnimath-853,processbench,omnimath,omnimath,Qwen2.5-7B-Instruct,,1,final_answer_correct,True,True,,False,,,,8,0.28745627475258395,0.3328905173692681,0.04543424261668416,0.5228193696838072,2.1190768695810744,-0.9929891064551613,1.126087763125913,0.10319320112590047,0.24017046132080605,-0.4743870083154971,-0.5775802094413975,5.057365145771238,0.00898377738350066,3,4,0.42105263157894735,0.8421052631578947,1.3258796238244295,0.7931972457566449,0.5119886183341653,0.5421409679183611,0.9444444444444444,0.5,0.15882341275900635,0.1966878315586275,0.2188266521969294,0.45,0.55,0,,,,,,,,,,,,,,,,,,,,,,,,,,,,,0.28745627475258395,0.1354122420158614,-0.016631790720861128,-0.0994323072436194,-0.009124033231467016,0.08118424078068537,0.34348778152812004,0.7347877723270164,1.126087763125913,0.7172955035957316,0.1751545356773705,-0.29801768828275454,-0.3573774484934631,-0.41673720870417175,-0.546362724877033,-0.7696759156660974,-0.9929891064551613,-0.6910867192990624,-0.1790981009648971,0.3328905173692681,,,,,,,,,,,,,,,,,,,,,,,,,8,0.39285714285714285,
omnimath-855,processbench,omnimath,omnimath,Qwen2.5-Math-72B-Instruct,,1,final_answer_correct,True,True,,False,,,,10,0.7446658234590771,-0.013620659271829797,-0.7582864827309068,0.380991548113559,1.3942541254380383,-0.6176155574060385,0.7766385680319997,0.0820341979681224,-0.15170932477429844,0.017160879152184175,-0.06487331881593823,5.161673383193252,0.14690710287867836,8,5,0.8947368421052632,0.7894736842105263,0.6039948981342087,0.7902592273038295,0.7613774554467204,0.4748534659493086,0.8333333333333334,0.5,0.29573782734916865,0.14273036922195992,0.16196839985846626,0.35,0.65,0,,,,,,,,,,,,,,,,,,,,,,,,,,,,,0.7446658234590771,0.36689925698761955,-0.010867309483837961,-0.03632738793951899,-0.017749155393228036,-0.1490982098443154,-0.32328363200893945,-0.12235169055885697,0.26613893269857875,0.17499395084115643,-0.2998595151081522,-0.48544308957373694,-0.30943929968466605,-0.28600456203441205,-0.5677079288617932,-0.6176155574060385,0.14376189804068196,0.7766385680319997,0.381508954380085,-0.013620659271829797,,,,,,,,,,,,,,,,,,,,,,,,,10,0.26666666666666666,
omnimath-856,processbench,omnimath,omnimath,Qwen2.5-7B-Instruct,,1,final_answer_correct,True,True,,False,,,,4,-0.9753138413400334,0.5828307767065162,1.5581446180465495,0.4774836293562591,1.8012107321379898,-0.9753138413400334,0.8258968907979564,-0.07470847527103851,0.10038876584751193,0.14218135600881457,0.21688983127985306,4.159394065578397,0.374608559198845,2,3,0.3157894736842105,0.0,1.5581446180465495,0.2430661140914402,0.30020178868966507,0.23043872254034325,0.2222222222222222,0.5555555555555556,0.05207438900274631,0.22787854114524303,0.17623603264083296,0.55,0.45,0,,,,,,,,,,,,,,,,,,,,,,,,,,,,,-0.9753138413400334,-0.6751120526503684,-0.3749102639607035,-0.07470847527103852,0.22549331341862644,0.5256951021082915,0.8258968907979564,0.772338338667616,0.541899616127273,0.3114608935869301,0.08102217104658704,-0.1494165514937562,-0.379855274034099,-0.47472783296796744,-0.29846806468888676,-0.12220829640980607,0.05405147186927428,0.23031124014835458,0.4065710084274353,0.5828307767065162,,,,,,,,,,,,,,,,,,,,,,,,,4,0.5,
omnimath-857,processbench,omnimath,omnimath,Qwen2.5-Math-7B-Instruct,,1,final_answer_correct,True,True,,False,,,,2,-0.8958797346140274,0.8958797346140274,1.7917594692280547,0.5437783745649122,1.7917594692280547,-0.8958797346140274,0.8958797346140274,-0.6129703447359135,0.047151564979685597,0.660121909715599,1.2730922544515124,1.7917594692280547,1.0,0,1,1.0,0.0,1.7917594692280547,0.0,0.09430312995937151,0.0,0.7777777777777778,0.6111111111111112,1.356939252319636e-16,0.23575782489842823,0.2357578248984283,0.5,0.5,0,,,,,,,,,,,,,,,,,,,,,,,,,,,,,-0.8958797346140274,-0.8015766046546561,-0.7072734746952848,-0.6129703447359135,-0.5186672147765422,-0.42436408481717086,-0.3300609548577996,-0.23575782489842834,-0.14145469493905705,-0.047151564979685645,0.047151564979685645,0.14145469493905705,0.23575782489842811,0.3300609548577994,0.4243640848171707,0.5186672147765422,0.6129703447359133,0.7072734746952846,0.8015766046546561,0.8958797346140274,,,,,,,,,,,,,,,,,,,,,,,,,2,1.0,
omnimath-858,processbench,omnimath,omnimath,Qwen2.5-7B-Instruct,,1,final_answer_correct,True,True,,False,,,,12,0.09706553163460671,0.4268188180070744,0.3297532863724677,0.25811779169299065,0.9106532528522033,-0.48383443484512895,0.4268188180070744,-0.010730913273293572,-0.09216256509589298,0.09022332772709636,0.10095424100038994,5.4610680202259765,0.06038256347497804,10,8,1.0,0.3684210526315789,0.9106532528522033,0.0,0.5678485149015253,0.5678485149015261,0.3888888888888889,0.5,0.4495834433835248,0.10910439516011865,0.11805011427120501,0.6,0.4,0,,,,,,,,,,,,,,,,,,,,,,,,,,,,,0.09706553163460671,0.20035417543465947,0.1474315760206364,-0.3220543386309226,-0.27937380093532654,0.1901121137162326,-0.10865165015294104,-0.48383443484512895,0.08401408005639643,0.2388818568477227,-0.3289666580538034,-0.2366932632397295,0.23279265141182848,-0.15133218784853658,-0.4500959517177117,0.019389962933847205,0.2215799226216322,0.10301473635288788,0.2206324781648482,0.4268188180070744,,,,,,,,,,,,,,,,,,,,,,,,,12,0.13636363636363635,
omnimath-859,processbench,omnimath,omnimath,Qwen2.5-Math-7B-Instruct,,1,final_answer_correct,True,True,,False,,,,6,1.585134262716888,0.1828395602505563,-1.4022947024663317,0.6971961948967698,2.631462588832129,-1.0463283261152405,1.585134262716888,0.6151342257523628,-0.49904394348228925,-0.5386607626234502,-1.153794988375813,3.8606304751979255,0.3632294547419588,1,2,0.0,0.7894736842105263,1.2291678863657969,1.4022947024663317,0.3288594821012728,0.36902492170166634,0.9444444444444444,0.0,0.041147722190796814,0.22657095910379793,0.3475375890963072,0.35,0.65,0,,,,,,,,,,,,,,,,,,,,,,,,,,,,,1.585134262716888,1.2161093410152217,0.8470844193135556,0.4780594976118895,0.1623414146315183,0.05985068653632797,-0.04264004155886236,-0.1451307696540527,-0.2561764168755235,-0.3800544427864151,-0.5039324686973068,-0.6278104946081985,-0.7388561418296693,-0.8413468699248595,-0.94383759802005,-1.0463283261152405,-0.8037388860532613,-0.47487940395198913,-0.14601992185071633,0.1828395602505563,,,,,,,,,,,,,,,,,,,,,,,,,6,0.6666666666666666,
omnimath-866,processbench,omnimath,omnimath,Qwen2.5-72B-Instruct,,1,final_answer_correct,True,True,,False,,,,4,0.6263814842476838,-0.6263814842476838,-1.2527629684953676,0.5557728757348365,1.2527629684953676,-0.6263814842476839,0.6263814842476838,0.6263814842476839,-0.08948306917824056,-0.6263814842476839,-1.2527629684953678,1.2527629684953678,0.9999999999999998,0,1,0.0,0.6842105263157895,1.1102230246251565e-16,1.2527629684953676,1.1102230246251565e-16,0.1978046792361109,0.8333333333333334,0.5555555555555556,0.021978297692901234,0.26373957231481426,0.26373957231481426,0.5,0.5,0,,,,,,,,,,,,,,,,,,,,,,,,,,,,,0.6263814842476838,0.6263814842476838,0.6263814842476838,0.6263814842476838,0.6263814842476838,0.6263814842476838,0.6263814842476838,0.49451169809027673,0.296707018854166,0.09890233961805539,-0.09890233961805528,-0.29670701885416617,-0.4945116980902766,-0.6263814842476839,-0.6263814842476839,-0.6263814842476839,-0.6263814842476838,-0.6263814842476838,-0.6263814842476838,-0.6263814842476838,,,,,,,,,,,,,,,,,,,,,,,,,4,0.3333333333333333,
omnimath-867,processbench,omnimath,omnimath,Llama-3.1-8B-Instruct,,1,final_answer_correct,True,True,,False,,,,3,0.5972531564093516,0.5972531564093515,-1.1102230246251565e-16,0.5417302378162255,1.6974563392686832,-1.1002031828593317,0.5972531564093516,0.03143437665312386,-0.8577094201066627,0.1257375066124949,0.09430312995937103,3.3949126785373664,3.270255024949493e-17,1,2,0.0,0.47368421052631576,1.6974563392686832,1.1102230246251565e-16,0.1886062599187428,0.1886062599187427,0.7222222222222222,0.4444444444444444,0.02095625110208262,0.12573750661249503,0.37721251983748516,0.4,0.6,0,,,,,,,,,,,,,,,,,,,,,,,,,,,,,0.5972531564093516,0.40864689649060904,0.22004063657186645,0.031434376653123874,-0.1571718832656187,-0.3457781431843613,-0.5343844031031039,-0.7229906630218464,-0.911596922940589,-1.1002031828593317,-1.1002031828593317,-0.911596922940589,-0.7229906630218467,-0.5343844031031043,-0.3457781431843615,-0.15717188326561882,0.03143437665312354,0.2200406365718659,0.4086468964906087,0.5972531564093515,,,,,,,,,,,,,,,,,,,,,,,,,3,0.6666666666666666,
omnimath-869,processbench,omnimath,omnimath,Qwen2-7B-Instruct,,1,final_answer_correct,True,True,,False,,,,3,0.0,0.0,0.0,0.0,0.0,0.0,0.0,0.0,0.0,0.0,0.0,0.0,0.0,0,0,0.0,0.0,0.0,0.0,0.0,0.0,0.0,0.0,0.0,0.0,0.0,0.0,0.0,0,,,,,,,,,,,,,,,,,,,,,,,,,,,,,0.0,0.0,0.0,0.0,0.0,0.0,0.0,0.0,0.0,0.0,0.0,0.0,0.0,0.0,0.0,0.0,0.0,0.0,0.0,0.0,,,,,,,,,,,,,,,,,,,,,,,,,3,0.0,
omnimath-870,processbench,omnimath,omnimath,Qwen2.5-7B-Instruct,,1,final_answer_correct,True,True,,False,,,,5,1.1440760160571184,0.8256222849385837,-0.3184537311185347,0.6999236641068857,2.3249324116867975,-1.1808563956296791,1.1440760160571184,0.11302914178676612,-0.8956820951814138,0.3083631777775312,0.19533403599076507,4.3314110922550615,0.07352193646268247,1,2,0.0,0.47368421052631576,2.0064786805682626,0.3184537311185347,0.23128679761433912,0.35889433520808955,0.5555555555555556,0.0,0.03416542007675941,0.22432424892018346,0.40574382927505076,0.4,0.6,0,,,,,,,,,,,,,,,,,,,,,,,,,,,,,1.1440760160571184,0.7851816808490288,0.4262873456409394,0.06739301043284995,-0.2915013247752396,-0.5971535067370936,-0.7430792289602399,-0.8890049511833863,-1.0349306734065327,-1.1808563956296791,-1.138175857934083,-0.9068890603197439,-0.6756022627054052,-0.4443154650910667,-0.21302866747672766,-0.00033919128181744695,0.20615117777328262,0.4126415468283827,0.6191319158834832,0.8256222849385837,,,,,,,,,,,,,,,,,,,,,,,,,5,0.7,
omnimath-872,processbench,omnimath,omnimath,Qwen2-7B-Instruct,,1,final_answer_correct,True,True,,False,,,,5,-0.18733628430437788,-0.47501835675615856,-0.2876820724517807,0.6826238967746723,2.262152423198737,-0.9051873030854141,1.3569651201133228,0.07089224771177773,0.7184935437147362,-0.7175955949351538,-0.7884878426469315,4.236622773945694,0.06790363169007227,2,2,0.47368421052631576,0.7894736842105263,0.4301689463292555,1.8319834768694814,0.28419509830505607,0.5231382420606322,0.3333333333333333,0.5555555555555556,0.09174292538735473,0.3103560894910583,0.24934974097232457,0.5,0.5,0,,,,,,,,,,,,,,,,,,,,,,,,,,,,,-0.18733628430437788,-0.1165000239630699,-0.045663763621761916,0.02517249671954605,0.09600875706085404,0.22018472689309893,0.5043798251981548,0.7885749235032109,1.0727700218082667,1.3569651201133228,1.2374935482355354,0.7143553061749032,0.19121706411427208,-0.3319211779463589,-0.855059420006991,-0.9051873030854141,-0.7976450665031003,-0.6901028299207865,-0.5825605933384725,-0.47501835675615856,,,,,,,,,,,,,,,,,,,,,,,,,5,0.8,
omnimath-873,processbench,omnimath,omnimath,Qwen2.5-Math-7B-Instruct,,1,final_answer_correct,True,True,,False,,,,8,0.070455824902274,1.0911107904509172,1.0206549655486432,0.3951308122387816,1.7526297323666906,-0.6615189419157735,1.0911107904509172,-0.15412861580857304,-0.2655050954002373,0.33042212640663465,0.48455074221520766,2.8388566053407414,0.3595302994975107,3,4,1.0,0.42105263157894735,1.7526297323666906,0.0,0.44025802059503727,0.1414942567258629,0.9444444444444444,0.16666666666666666,0.07340845545526,0.11444611646539324,0.16219127746648648,0.45,0.55,0,,,,,,,,,,,,,,,,,,,,,,,,,,,,,0.070455824902274,0.02783037449615853,-0.014795075909956948,-0.08566875669314312,-0.22716301341900602,-0.36865727014486893,-0.48090239389146866,-0.5712106679036211,-0.6615189419157735,-0.47573224042778217,-0.24392970968976685,-0.03567593575273102,0.031285297378427335,0.0982465305095857,0.09855450949639012,0.009991482957389275,-0.07857154358161139,0.2105947492608428,0.65085276985588,1.0911107904509172,,,,,,,,,,,,,,,,,,,,,,,,,8,0.2857142857142857,
omnimath-877,processbench,omnimath,omnimath,Qwen2-7B-Instruct,,1,final_answer_correct,True,True,,False,,,,5,0.7824046010856291,-0.8270333113484712,-1.6094379124341005,0.8671997600055419,2.2985256227034503,-1.1684776129132413,1.1300480097902088,0.9706347116151643,-0.08007465228189674,-1.0252849388782903,-1.9959196504934547,2.9876133329728,0.5387035513168776,2,1,0.2631578947368421,0.7894736842105263,0.34144430156477,1.9570813211386802,0.08536107539119264,0.2782643873646994,0.9444444444444444,0.7222222222222222,0.0404028291950992,0.4051502916073863,0.4010397525042298,0.5,0.5,0,,,,,,,,,,,,,,,,,,,,,,,,,,,,,0.7824046010856291,0.8677656764768217,0.9531267518680142,1.0384878272592066,1.123848902650399,1.1300480097902088,0.89876121217587,0.6674744145615312,0.4361876169471923,0.20490081933285353,-0.04987477315666522,-0.3281391605213644,-0.606403547886063,-0.8846679352507615,-1.1629323226154609,-1.1684776129132413,-1.0831165375220488,-0.9977554621308564,-0.9123943867396638,-0.8270333113484712,,,,,,,,,,,,,,,,,,,,,,,,,5,0.8,
omnimath-880,processbench,omnimath,omnimath,Qwen2-7B-Instruct,,1,final_answer_correct,True,True,,False,,,,3,0.1651071457433417,0.6506149615250426,0.4855078157817009,0.39820844621925794,1.4147144765296518,-0.7640995150046093,0.6506149615250426,-0.14462840783930858,-0.5729487510443214,0.2647367855267722,0.4093651933660808,2.3439211372776025,0.20713487670733,1,2,1.0,0.47368421052631576,1.4147144765296518,0.0,0.1543512703993084,0.10324518452755016,0.9444444444444444,0.3333333333333333,0.01431091416260339,0.09682656052956325,0.2685575304808021,0.35,0.65,0,,,,,,,,,,,,,,,,,,,,,,,,,,,,,0.1651071457433417,0.0618619612157916,-0.041383223311758505,-0.1446284078393086,-0.2478735923668587,-0.35111877689440885,-0.4543639614219589,-0.557609145949509,-0.6608543304770591,-0.7640995150046093,-0.7385464720687304,-0.5841952016694221,-0.4298439312701142,-0.27549266087080626,-0.12114139047149797,0.033209879927810215,0.18756115032711806,0.341912420726426,0.49626369112573443,0.6506149615250426,,,,,,,,,,,,,,,,,,,,,,,,,3,0.3333333333333333,
omnimath-881,processbench,omnimath,omnimath,Qwen2.5-7B-Instruct,,1,final_answer_correct,True,True,,False,,,,4,1.4479285524698082,-0.5520488178557807,-1.999977370325589,0.7943650346617778,2.510605634177608,-1.0626770817078002,1.4479285524698082,0.8545145147614761,-0.535759469364269,-0.7648105944607888,-1.619325109222265,3.021233898029628,0.6619736961212845,1,1,0.0,0.6842105263157895,0.5106282638520194,1.999977370325589,0.08510471064200331,0.20308593198361719,0.7222222222222222,0.5,0.016303994187396018,0.3020688282991181,0.41994774074833224,0.4,0.6,0,,,,,,,,,,,,,,,,,,,,,,,,,,,,,1.4479285524698082,1.2501238732336974,1.0523191939975869,0.8545145147614761,0.6567098355253654,0.45890515628925466,0.261100477053144,0.059774962652028946,-0.14331096933158816,-0.34639690131520523,-0.5494828332988224,-0.7525687652824395,-0.9556546972660565,-1.0626770817078002,-0.9775723710657969,-0.8924676604237936,-0.8073629497817905,-0.7222582391397874,-0.6371535284977841,-0.5520488178557807,,,,,,,,,,,,,,,,,,,,,,,,,4,1.0,
omnimath-883,processbench,omnimath,omnimath,Qwen2.5-Math-72B-Instruct,,1,final_answer_correct,True,True,,False,,,,5,0.14852164428306458,0.14852164428306486,2.7755575615628914e-16,0.5871798583247282,2.0747018905301253,-0.8763816427106863,1.1983202478194392,-0.26222574776939794,0.549837479365885,-0.4267445210714678,-0.16451877330206988,5.6541285335601685,4.908904254808722e-17,3,4,0.47368421052631576,0.7368421052631579,1.024903286993751,1.0497986035363744,0.4505402449465834,0.5111048917785379,0.3333333333333333,0.7222222222222222,0.13044802042472115,0.22555911975297366,0.25291837001564355,0.4,0.6,0,,,,,,,,,,,,,,,,,,,,,,,,,,,,,0.14852164428306458,-0.03358307939832578,-0.21568780307971613,-0.39779252676110655,-0.5798972504424968,-0.603840731966894,-0.15330048702031074,0.29723975792627266,0.7477800028728558,1.1983202478194392,1.1680379244034627,0.656933032624925,0.14582814084638818,-0.3652767509321484,-0.8763816427106863,-0.8221558377703126,-0.5794864672569685,-0.33681709674362437,-0.09414772623027978,0.14852164428306486,,,,,,,,,,,,,,,,,,,,,,,,,5,0.7,
omnimath-885,processbench,omnimath,omnimath,Qwen2-72B-Instruct,,1,final_answer_correct,True,True,,False,,,,8,1.3546455826533754,-0.5979576245485217,-1.9526032072018973,0.46454447258084663,1.9526032072018982,-0.5979576245485229,1.3546455826533754,0.24391324697307507,0.017723145421892246,-0.4047732601141704,-0.6486865070872455,2.912406263459609,0.6704432797374998,2,3,0.0,0.8947368421052632,1.1102230246251565e-15,1.9526032072018973,0.11989246331802078,0.5091793916389469,0.3888888888888889,0.0,0.08023287307514321,0.14836253174091069,0.17822177243692325,0.4,0.6,0,,,,,,,,,,,,,,,,,,,,,,,,,,,,,1.3546455826533754,0.8454661910144285,0.33628679937548167,-0.06166775560034339,-0.1815602189183642,-0.30145268223638505,-0.2843251874766678,-0.16443272415864707,-0.04454026084062629,-0.008896943159901478,0.012704850247940637,0.041035884683849715,0.10974236528815996,0.17844884589247023,0.08892011566250754,-0.2115888956798187,-0.5120979070221443,-0.5979576245485229,-0.5979576245485223,-0.5979576245485217,,,,,,,,,,,,,,,,,,,,,,,,,8,0.39285714285714285,
omnimath-887,processbench,omnimath,omnimath,Llama-3.1-8B-Instruct,,1,final_answer_correct,True,True,,False,,,,6,1.1597781514111674,0.04612798537851718,-1.11365016603265,0.7133726226399129,2.29927383169039,-1.1394956802792224,1.1597781514111674,-0.34425811443141835,-0.2287440513848366,0.393471302605527,0.7377294170369453,4.672806751422559,0.2383257483724568,2,2,0.0,0.3157894736842105,1.1856236656577397,1.11365016603265,0.41060976713135566,0.6050720609711552,0.5555555555555556,0.0,0.08810005651255866,0.26537626984778423,0.34788563710181536,0.55,0.45,0,,,,,,,,,,,,,,,,,,,,,,,,,,,,,1.1597781514111674,0.5547060904400122,-0.050365970531143,-0.6554380315022981,-1.1394956802792222,-1.1394956802792222,-1.1394956802792224,-1.1394956802792224,-0.9752517734266808,-0.5646420062953256,-0.15403223916397046,0.2565775279673852,0.4573649644192284,0.5182708470847296,0.5791767297502308,0.6400826124157322,0.5246562513550821,0.36514682936289394,0.20563740737070552,0.04612798537851718,,,,,,,,,,,,,,,,,,,,,,,,,6,0.6666666666666666,
omnimath-889,processbench,omnimath,omnimath,Qwen2-72B-Instruct,,1,final_answer_correct,True,True,,False,,,,6,0.6472229392178865,1.5320762334393103,0.8848532942214238,0.6120386886259185,2.3419610467573353,-0.8098848133180252,1.5320762334393103,-0.1929308849546652,-0.4642028578715927,0.2696228886561851,0.4625537736108503,4.651631345444032,0.19022429520088252,3,2,1.0,0.3684210526315789,2.3419610467573353,0.0,0.5714010128694909,0.3231870893413304,1.0,0.0,0.08710827611483021,0.19270666056695634,0.3418166039592911,0.3,0.7,0,,,,,,,,,,,,,,,,,,,,,,,,,,,,,0.6472229392178865,0.32403584987655615,0.0008487605352257566,-0.3223383288061046,-0.5952003010940975,-0.6667618051687401,-0.7383233092433826,-0.8098848133180252,-0.7742448868562484,-0.5778028145898418,-0.3813607423234353,-0.18491867005702856,-0.19048485814745783,-0.33072321980911196,-0.47096158147076633,-0.6111999431324209,-0.18212680516916063,0.38927420770032883,0.9606752205698195,1.5320762334393103,,,,,,,,,,,,,,,,,,,,,,,,,6,0.7333333333333333,
omnimath-890,processbench,omnimath,omnimath,Qwen2.5-72B-Instruct,,1,final_answer_correct,True,True,,False,,,,8,0.2021289804233103,-0.13704006769790383,-0.3391690481212141,0.6073312586318274,1.821086392425057,-0.843570520444632,0.9775158719804251,0.7032056050324927,-0.3885083627972779,-0.38328808986559953,-1.0864936948980923,3.3030037367289005,0.1026850331259713,2,1,0.2631578947368421,0.5789473684210527,0.7065304527467282,1.1145559396783289,0.24620088048009636,0.3711672242702695,0.05555555555555555,0.3333333333333333,0.06054832563840792,0.2689975476242644,0.2738399398016191,0.45,0.55,0,,,,,,,,,,,,,,,,,,,,,,,,,,,,,0.2021289804233103,0.44832986090340654,0.6945307413835029,0.8837794330081783,0.9306476524943017,0.9775158719804251,0.785506695034324,0.41433947076405453,0.04317224649378504,-0.27640071146820455,-0.5873746250454808,-0.843570520444632,-0.7710983067750331,-0.6986260931054342,-0.618509853574741,-0.5282015795625886,-0.43789330555043643,-0.339709132639317,-0.2383746001686104,-0.13704006769790383,,,,,,,,,,,,,,,,,,,,,,,,,8,0.42857142857142855,
omnimath-892,processbench,omnimath,omnimath,Qwen2-7B-Instruct,,1,final_answer_correct,True,True,,False,,,,5,0.4815891217303743,1.5802014103984843,1.09861228866811,0.6664183965823779,2.6598243731088336,-1.0796229627103493,1.5802014103984843,-0.4209553352516924,-0.45847274404946925,0.39299356072407415,0.8139488959757666,5.081374350208067,0.21620376948278275,3,2,1.0,0.2631578947368421,2.6598243731088336,0.0,0.4847547564197998,0.33882903419665267,1.0,0.16666666666666666,0.07913749376267187,0.20183131561696177,0.39173307515514616,0.3,0.7,0,,,,,,,,,,,,,,,,,,,,,,,,,,,,,0.4815891217303743,0.1427600875337217,-0.1960689466629309,-0.5348979808595835,-0.8737270150562362,-1.0796229627103493,-0.886719650736843,-0.6938163387633367,-0.5009130267898304,-0.3080097148163241,-0.2653291771207278,-0.3728714137030418,-0.4804136502853555,-0.5879558868676692,-0.6954981234499831,-0.35881761528071227,0.12593714113908627,0.610691897558885,1.0954466539786845,1.5802014103984843,,,,,,,,,,,,,,,,,,,,,,,,,5,1.0,
omnimath-896,processbench,omnimath,omnimath,Qwen2.5-72B-Instruct,,1,final_answer_correct,True,True,,False,,,,18,0.30582860381509575,0.2693795229493695,-0.036449080865726236,0.19714382612930903,0.7197283678381847,-0.413899764023089,0.30582860381509575,-0.0270389168879005,-0.007464761428328123,0.042036280498094,0.06907519738599449,3.283455571103403,0.01110082962184792,9,8,0.0,0.2631578947368421,0.6832792869724584,0.036449080865726236,0.5008867125660486,0.3509207283828141,0.4444444444444444,0.3888888888888889,0.24580202902419293,0.07736113683410786,0.07682654009535969,0.65,0.35,0,,,,,,,,,,,,,,,,,,,,,,,,,,,,,0.30582860381509575,0.18476355021133486,0.10552447934349284,0.046962206630117714,-0.22786492095823033,-0.413899764023089,-0.19058657323402545,0.03272661755503811,-0.318194110827776,0.18269260173827262,0.020454158986056986,0.025245261875079708,0.027932988255950166,-0.023110847580918435,0.07612540153160213,-0.06297903564027524,-0.2998955496428793,0.012149286292314022,0.25743805749843285,0.2693795229493695,,,,,,,,,,,,,,,,,,,,,,,,,18,0.0915032679738562,
omnimath-897,processbench,omnimath,omnimath,Llama-3.1-70B-Instruct,,1,final_answer_correct,True,True,,False,,,,6,-0.20626029284265174,0.6608473643866205,0.8671076572292722,0.5379532093499035,1.9743852246868738,-0.9853529631279788,0.9890322615588951,0.45151552830320024,-0.28351145584533827,-0.2996825043599898,-0.75119803266319,4.815878106603021,0.18005182814747453,2,3,0.21052631578947367,0.7894736842105263,1.6462003275145993,0.3281848971722746,0.44309408308634946,0.323652314128162,0.9444444444444444,0.2222222222222222,0.09596924357425902,0.21317724779131772,0.24428057373906298,0.45,0.55,0,,,,,,,,,,,,,,,,,,,,,,,,,,,,,-0.20626029284265174,0.12532471169081644,0.4569097162242846,0.7884947207577528,0.9890322615588951,0.6653799474307331,0.3417276333025714,0.01807531917440941,-0.19013791203743677,-0.22519251887480915,-0.26024712571218156,-0.29530173254955394,-0.42199513992508186,-0.6097810809927139,-0.7975670220603464,-0.9853529631279788,-0.6684348848724269,-0.2253408017860783,0.21775328130027116,0.6608473643866205,,,,,,,,,,,,,,,,,,,,,,,,,6,0.6,
omnimath-898,processbench,omnimath,omnimath,Qwen2.5-72B-Instruct,,1,final_answer_correct,True,True,,False,,,,10,0.08330562720151859,0.0019599877475661247,-0.08134563945395246,0.43954550765858635,1.4844974490470881,-0.7249920102809247,0.7595054387661633,0.4037725005544888,-0.276695208751211,-0.15573628034497153,-0.5595087808994603,4.510891111644575,0.018033164055759165,5,2,0.10526315789473684,0.7368421052631579,0.7269519980284909,0.7575454510185972,0.561940043251838,0.4708892794417688,0.8333333333333334,0.3888888888888889,0.22420966862655634,0.1885398930412144,0.19078372501355867,0.55,0.45,0,,,,,,,,,,,,,,,,,,,,,,,,,,,,,0.08330562720151859,0.4214055329838409,0.7595054387661633,0.49653884537991233,0.1584389395975898,0.30870619497741036,0.598506924974986,0.3811809820129987,-0.08970829742877007,-0.31344393678198396,-0.33945666406435404,-0.4077888895659002,-0.5290204878414162,-0.6386291675890513,-0.7249920102809247,-0.6672875449853053,-0.1053475017334673,0.37351292887234605,0.18773645830995608,0.0019599877475661247,,,,,,,,,,,,,,,,,,,,,,,,,10,0.28888888888888886,
omnimath-899,processbench,omnimath,omnimath,Qwen2.5-72B-Instruct,,1,final_answer_correct,True,True,,False,,,,14,0.5465341452670296,0.21063898646556503,-0.3358951588014646,0.24721341392651225,0.9678907483075183,-0.4213566030404888,0.5465341452670296,0.10234835317766985,-0.008868437152725363,-0.1060602983398362,-0.20840865151750604,4.355245138193871,0.07712428305258634,7,8,0.0,0.6842105263157895,0.6319955895060538,0.3358951588014646,0.6071021860532514,0.6415949387000992,1.0,0.8888888888888888,0.3070515070048476,0.09497764430008422,0.09407776319330449,0.6,0.4,0,,,,,,,,,,,,,,,,,,,,,,,,,,,,,0.5465341452670296,0.12841343245284592,-0.05377310859644009,-0.03186614972817535,0.012411327140321303,0.036327853206749604,0.07839097250135808,0.2902511229330685,0.08697409791529004,-0.16600598201711406,0.030355126038014435,0.1096333430765506,0.008069835025601768,-0.4213566030404888,-0.3953321225322553,-0.13671580364312008,0.36155264397928943,-0.28004229472080977,-0.3964631995876864,0.21063898646556503,,,,,,,,,,,,,,,,,,,,,,,,,14,0.16483516483516483,
omnimath-900,processbench,omnimath,omnimath,Qwen2-7B-Instruct,,1,final_answer_correct,True,True,,False,,,,6,1.4719866332158682,0.43621097754731386,-1.0357756556685542,0.6419603724057376,2.343104866525394,-0.8711182333095256,1.4719866332158682,0.4047645122669557,-0.7056355110805674,-0.0841867985757228,-0.4889513108426785,3.650434077382233,0.2837404083218839,1,2,0.0,0.42105263157894735,1.3073292108568395,1.0357756556685542,0.22380157808026246,0.37852559748059067,1.0,0.05555555555555555,0.03516904236114634,0.21327066624971472,0.3438315554071957,0.3,0.7,0,,,,,,,,,,,,,,,,,,,,,,,,,,,,,1.4719866332158682,1.0934610357352776,0.714935438254687,0.3364098407740963,-0.015533384459271118,-0.26114712070374646,-0.5067608569482218,-0.7523745931926972,-0.8711182333095256,-0.7995567292348832,-0.7279952251602406,-0.6564337210855982,-0.5940868930928898,-0.5378831824881376,-0.4816794718833852,-0.42547576127863285,-0.23519375669347295,-0.011392178613211013,0.2124093994670514,0.43621097754731386,,,,,,,,,,,,,,,,,,,,,,,,,6,0.6666666666666666,
omnimath-901,processbench,omnimath,omnimath,Qwen2.5-72B-Instruct,,1,final_answer_correct,True,True,,False,,,,6,-0.23018400583796653,0.7680905168701564,0.9982745227081229,0.3633707943098408,1.5122980302101083,-0.7442075133399519,0.7680905168701564,-0.11445360195871826,-0.1776956148978253,0.21816032065862564,0.3326139226173439,3.6676262543687006,0.27218545551609197,4,5,1.0,0.42105263157894735,1.5122980302101083,0.0,0.33513955132402296,0.2737415913603688,0.5555555555555556,0.2222222222222222,0.10568500581294418,0.12053168781938842,0.15733581752159095,0.4,0.6,0,,,,,,,,,,,,,,,,,,,,,,,,,,,,,-0.23018400583796653,-0.12698960606485934,-0.023795206291752163,0.07939919348135502,0.10720639502776717,-0.16653519633260164,-0.4402767876929704,-0.7140183790533392,-0.7442075133399519,-0.40906796201592943,-0.07392841069190692,0.26121114063211603,0.29861456966921207,0.1375272505150224,-0.023560068639167542,-0.18464738779335754,-0.009505826678016638,0.24969295450470727,0.5088917356874318,0.7680905168701564,,,,,,,,,,,,,,,,,,,,,,,,,6,0.6,
omnimath-903,processbench,omnimath,omnimath,Qwen2-72B-Instruct,,1,final_answer_correct,True,True,,False,,,,5,1.5380572041353537,-0.6591673732008658,-2.1972245773362196,0.7449804836628089,2.19722457733622,-0.659167373200866,1.5380572041353537,0.8441968112923373,-0.5104830033059337,-0.6591673732008659,-1.5033641844932033,2.19722457733622,0.9999999999999998,0,1,0.0,0.7368421052631579,2.220446049250313e-16,2.1972245773362196,1.1102230246251565e-16,0.2312867976143389,0.8333333333333334,0.0,0.012849266534129995,0.29546888395231796,0.37641926311733653,0.35,0.65,0,,,,,,,,,,,,,,,,,,,,,,,,,,,,,1.5380572041353537,1.3067704065210148,1.075483608906676,0.844196811292337,0.6129100136779981,0.38162321606365934,0.15033641844932044,-0.0809503791650184,-0.3122371767793573,-0.5435239743936962,-0.6591673732008658,-0.6591673732008659,-0.6591673732008659,-0.6591673732008659,-0.659167373200866,-0.659167373200866,-0.6591673732008659,-0.6591673732008659,-0.6591673732008658,-0.6591673732008658,,,,,,,,,,,,,,,,,,,,,,,,,5,0.7,
omnimath-907,processbench,omnimath,omnimath,Qwen2.5-Math-72B-Instruct,,1,final_answer_correct,True,True,,False,,,,8,0.35232148093695503,0.9014693944192576,0.5491479134823025,0.40809655624763364,1.6313663328329175,-0.72989693841366,0.9014693944192576,-0.08377117401057098,-0.23896186306049533,0.2103779246989023,0.29414909870947326,3.319093107248264,0.16545119276198325,3,2,1.0,0.7368421052631579,1.6313663328329175,0.0,0.46154425155092493,0.351694994056036,0.7777777777777778,0.6111111111111112,0.09710980926492706,0.1388122814484717,0.18865546701367422,0.3,0.7,0,,,,,,,,,,,,,,,,,,,,,,,,,,,,,0.35232148093695503,0.16340697456267028,-0.02550753181161447,-0.18115281169884617,-0.253625025368445,-0.3260972390380439,-0.3157440656566726,-0.2432718519870737,-0.17079963831747477,-0.10128471374502009,-0.03226267068875607,-0.023343061505678227,-0.3750380555617142,-0.7267330496177501,-0.72989693841366,-0.26835268686273506,0.19319156468818888,0.47674767810182234,0.68910853626054,0.9014693944192576,,,,,,,,,,,,,,,,,,,,,,,,,8,0.2857142857142857,
omnimath-909,processbench,omnimath,omnimath,Llama-3.1-8B-Instruct,,1,final_answer_correct,True,True,,False,,,,5,-0.07860851762192131,0.20907355482985948,0.2876820724517808,0.7671224456618635,2.5655212431494623,-1.1407393757342446,1.4247818674152177,0.7743744827285014,-0.3781522378214954,-0.5023143410079793,-1.2766888237364808,5.418724558750706,0.053090366438205944,2,3,0.2631578947368421,0.7368421052631579,1.349812930564104,1.2157083125853583,0.33882903419665267,0.4241901095878452,0.0,0.3333333333333333,0.08217003876770204,0.321845831922125,0.3338623485070667,0.45,0.55,0,,,,,,,,,,,,,,,,,,,,,,,,,,,,,-0.07860851762192131,0.26022051657473133,0.599049550771384,0.9378785849680367,1.2767076191646893,1.4247818674152177,1.0005917578273726,0.5764016482395274,0.15221153865168224,-0.27197857093616284,-0.557036486841659,-0.7029622090648056,-0.8488879312879518,-0.9948136535110981,-1.1407393757342446,-0.9583322229553117,-0.6664807785090192,-0.3746293340627267,-0.08277788961643373,0.20907355482985948,,,,,,,,,,,,,,,,,,,,,,,,,5,0.8,
