id,subject,failure_type,true_step_index,step_index,target,n_steps,step_pos,remaining_steps,slod_value,slod_centered,slod_from_start,slod_to_end,delta_prev,delta_next,abs_delta_prev,abs_delta_next,curvature,fall_from_peak,rebound_from_trough,is_peak_so_far,is_trough_so_far,reasoning_range,reasoning_monotonicity,reasoning_total_variation,reasoning_direction_changes,reasoning_curvature_abs_mean,reasoning_n_chunks,reasoning_peak_pos,reasoning_trough_pos,fold,prob_responsible
OpenDeepSearch/000,General Assistant,Retrieval Hallucination,6,0,0,9,0.0,8.0,6.8766807290004195,7.146199229396059,0.0,-7.021144868208673,0.0,-11.564070633230507,0.0,11.564070633230507,-11.564070633230507,0.0,0.0,1.0,1.0,11.065461516374555,0.22689657666906698,30.94425209618366,3,1.1725113182609963,9,0.0,0.15789473684210525,4,0.2929665447955693
OpenDeepSearch/000,General Assistant,Retrieval Hallucination,6,1,0,9,0.125,7.0,-4.687389904230088,-4.417871403834448,-11.564070633230507,4.542925765021835,-11.564070633230507,1.8947146440526161,11.564070633230507,1.8947146440526161,13.458785277283123,11.564070633230507,0.0,0.0,1.0,11.065461516374555,0.22689657666906698,30.94425209618366,3,1.1725113182609963,9,0.0,0.15789473684210525,4,0.2220425901514496
OpenDeepSearch/000,General Assistant,Retrieval Hallucination,6,2,0,9,0.25,6.0,-2.7926752601774716,-2.5231567597818323,-9.669355989177891,2.6482111209692185,1.8947146440526161,0.9932973238786396,1.8947146440526161,0.9932973238786396,-0.9014173201739766,9.669355989177891,1.8947146440526161,0.0,0.0,11.065461516374555,0.22689657666906698,30.94425209618366,3,1.1725113182609963,9,0.0,0.15789473684210525,4,0.14795632374108572
OpenDeepSearch/000,General Assistant,Retrieval Hallucination,6,3,0,9,0.375,5.0,-1.799377936298832,-1.529859435903193,-8.676058665299252,1.654913797090579,0.9932973238786396,6.556216628318644,0.9932973238786396,6.556216628318644,5.562919304440005,8.676058665299252,2.8880119679312557,0.0,0.0,11.065461516374555,0.22689657666906698,30.94425209618366,3,1.1725113182609963,9,0.0,0.15789473684210525,4,0.1706418459727697
OpenDeepSearch/000,General Assistant,Retrieval Hallucination,6,4,0,9,0.5,4.0,4.756838692019812,5.0263571924154515,-2.1198420369806072,-4.901302831228065,6.556216628318644,-4.593941526888997,6.556216628318644,4.593941526888997,-11.150158155207642,2.1198420369806072,9.4442285962499,0.0,0.0,11.065461516374555,0.22689657666906698,30.94425209618366,3,1.1725113182609963,9,0.0,0.15789473684210525,4,0.21386759314737463
OpenDeepSearch/000,General Assistant,Retrieval Hallucination,6,5,0,9,0.625,3.0,0.16289716513081487,0.43241566552645394,-6.713783563869605,-0.30736130433906794,-4.593941526888997,-0.08670170916763453,4.593941526888997,0.08670170916763453,4.507239817721363,6.713783563869605,4.850287069360903,0.0,0.0,11.065461516374555,0.22689657666906698,30.94425209618366,3,1.1725113182609963,9,0.0,0.15789473684210525,4,0.13689841556237628
OpenDeepSearch/000,General Assistant,Retrieval Hallucination,6,6,1,9,0.75,2.0,0.07619545596318034,0.3457139563588194,-6.800485273037239,-0.2206595951714334,-0.08670170916763453,-4.950566761723515,0.08670170916763453,4.950566761723515,-4.86386505255588,6.800485273037239,4.763585360193268,0.0,0.0,11.065461516374555,0.22689657666906698,30.94425209618366,3,1.1725113182609963,9,0.0,0.15789473684210525,4,0.38766925912969336
OpenDeepSearch/000,General Assistant,Retrieval Hallucination,6,7,0,9,0.875,1.0,-4.874371305760334,-4.604852805364695,-11.751052034760754,4.729907166552081,-4.950566761723515,4.729907166552081,4.950566761723515,4.729907166552081,9.680473928275596,11.751052034760754,0.0,0.0,1.0,11.065461516374555,0.22689657666906698,30.94425209618366,3,1.1725113182609963,9,0.0,0.15789473684210525,4,0.6662954861351288
OpenDeepSearch/000,General Assistant,Retrieval Hallucination,6,8,0,9,1.0,0.0,-0.14446413920825307,0.125054361187386,-7.021144868208673,0.0,4.729907166552081,0.0,4.729907166552081,0.0,-4.729907166552081,7.021144868208673,4.729907166552081,0.0,0.0,11.065461516374555,0.22689657666906698,30.94425209618366,3,1.1725113182609963,9,0.0,0.15789473684210525,4,0.43326182532769336
OpenDeepSearch/001,Science,Planning Hallucination,0,0,1,3,0.0,2.0,6.402827279356568,7.820493638933148,0.0,-10.64773307285698,0.0,-12.813747843942465,0.0,12.813747843942465,-12.813747843942465,0.0,0.0,1.0,1.0,12.699747066516913,0.7217940305175558,14.75176106017685,1,0.08760095096507631,3,0.0,0.5263157894736842,1,0.8140915972124434
OpenDeepSearch/001,Science,Planning Hallucination,0,1,0,3,0.5,1.0,-6.410920564585897,-4.993254205009317,-12.813747843942465,2.166014771085486,-12.813747843942465,2.166014771085486,12.813747843942465,2.166014771085486,14.979762615027951,12.813747843942465,0.0,0.0,1.0,12.699747066516913,0.7217940305175558,14.75176106017685,1,0.08760095096507631,3,0.0,0.5263157894736842,1,0.6874335662469138
OpenDeepSearch/001,Science,Planning Hallucination,0,2,0,3,1.0,0.0,-4.244905793500411,-2.8272394339238316,-10.64773307285698,0.0,2.166014771085486,0.0,2.166014771085486,0.0,-2.166014771085486,10.64773307285698,2.166014771085486,0.0,0.0,12.699747066516913,0.7217940305175558,14.75176106017685,1,0.08760095096507631,3,0.0,0.5263157894736842,1,0.2360429130435781
OpenDeepSearch/003,World Knowledge,Reasoning Hallucination,10,0,0,12,0.0,11.0,2.5962379490949274,2.3749869004137683,0.0,-0.12026843915638707,0.0,-0.48794865941576404,0.0,0.48794865941576404,-0.48794865941576404,0.0,0.0,1.0,1.0,9.40696116596952,0.004300010447855369,27.969336496931298,3,1.6083822872634757,12,0.631578947368421,0.7894736842105263,0,0.02841176536324413
OpenDeepSearch/003,World Knowledge,Reasoning Hallucination,10,1,0,12,0.09090909090909091,10.0,2.1082892896791634,1.8870382409980042,-0.48794865941576404,0.36768022025937697,-0.48794865941576404,-0.31104336347773653,0.48794865941576404,0.31104336347773653,0.1769052959380275,0.48794865941576404,0.0,0.0,1.0,9.40696116596952,0.004300010447855369,27.969336496931298,3,1.6083822872634757,12,0.631578947368421,0.7894736842105263,0,0.08959252665143577
OpenDeepSearch/003,World Knowledge,Reasoning Hallucination,10,2,0,12,0.18181818181818182,9.0,1.7972459262014269,1.5759948775202677,-0.7989920228935006,0.6787235837371135,-0.31104336347773653,-1.8306888104878318,0.31104336347773653,1.8306888104878318,-1.5196454470100953,0.7989920228935006,0.0,0.0,1.0,9.40696116596952,0.004300010447855369,27.969336496931298,3,1.6083822872634757,12,0.631578947368421,0.7894736842105263,0,0.1520513559422921
OpenDeepSearch/003,World Knowledge,Reasoning Hallucination,10,3,0,12,0.2727272727272727,8.0,-0.03344288428640496,-0.25469393296756415,-2.6296808333813324,2.5094123942249453,-1.8306888104878318,-0.2715008445132092,1.8306888104878318,0.2715008445132092,1.5591879659746226,2.6296808333813324,0.0,0.0,1.0,9.40696116596952,0.004300010447855369,27.969336496931298,3,1.6083822872634757,12,0.631578947368421,0.7894736842105263,0,0.1802405328565145
OpenDeepSearch/003,World Knowledge,Reasoning Hallucination,10,4,0,12,0.36363636363636365,7.0,-0.3049437287996142,-0.5261947774807734,-2.9011816778945416,2.7809132387381545,-0.2715008445132092,-1.4670205348836376,0.2715008445132092,1.4670205348836376,-1.1955196903704284,2.9011816778945416,0.0,0.0,1.0,9.40696116596952,0.004300010447855369,27.969336496931298,3,1.6083822872634757,12,0.631578947368421,0.7894736842105263,0,0.26193894109085797
OpenDeepSearch/003,World Knowledge,Reasoning Hallucination,10,5,0,12,0.45454545454545453,6.0,-1.7719642636832518,-1.993215312364411,-4.368202212778179,4.247933773621792,-1.4670205348836376,-0.3415428464417829,1.4670205348836376,0.3415428464417829,1.1254776884418547,4.368202212778179,0.0,0.0,1.0,9.40696116596952,0.004300010447855369,27.969336496931298,3,1.6083822872634757,12,0.631578947368421,0.7894736842105263,0,0.31116628837740057
OpenDeepSearch/003,World Knowledge,Reasoning Hallucination,10,6,0,12,0.5454545454545454,5.0,-2.1135071101250347,-2.334758158806194,-4.709745059219962,4.589476620063575,-0.3415428464417829,6.985952013422853,0.3415428464417829,6.985952013422853,7.327494859864636,4.709745059219962,0.0,0.0,1.0,9.40696116596952,0.004300010447855369,27.969336496931298,3,1.6083822872634757,12,0.631578947368421,0.7894736842105263,0,0.38976635268000315
OpenDeepSearch/003,World Knowledge,Reasoning Hallucination,10,7,0,12,0.6363636363636364,4.0,4.8724449032978185,4.651193854616659,2.276206954202891,-2.396475393359278,6.985952013422853,-8.945976526115132,6.985952013422853,8.945976526115132,-15.931928539537985,0.0,6.985952013422853,1.0,0.0,9.40696116596952,0.004300010447855369,27.969336496931298,3,1.6083822872634757,12,0.631578947368421,0.7894736842105263,0,0.15315340834241392
OpenDeepSearch/003,World Knowledge,Reasoning Hallucination,10,8,0,12,0.7272727272727273,3.0,-4.073531622817313,-4.2947826714984725,-6.669769571912241,6.549501132755854,-8.945976526115132,-1.2111277054350964,8.945976526115132,1.2111277054350964,7.734848820680035,8.945976526115132,0.0,0.0,1.0,9.40696116596952,0.004300010447855369,27.969336496931298,3,1.6083822872634757,12,0.631578947368421,0.7894736842105263,0,0.6324838041584844
OpenDeepSearch/003,World Knowledge,Reasoning Hallucination,10,9,0,12,0.8181818181818182,2.0,-5.28465932825241,-5.505910376933569,-7.880897277347337,7.76062883819095,-1.2111277054350964,7.671533272178472,1.2111277054350964,7.671533272178472,8.882660977613568,10.157104231550228,0.0,0.0,1.0,9.40696116596952,0.004300010447855369,27.969336496931298,3,1.6083822872634757,12,0.631578947368421,0.7894736842105263,0,0.6383114135955166
OpenDeepSearch/003,World Knowledge,Reasoning Hallucination,10,10,1,12,0.9090909090909091,1.0,2.3868739439260622,2.165622895244903,-0.20936400516886522,0.08909556601247814,7.671533272178472,0.08909556601247814,7.671533272178472,0.08909556601247814,-7.582437706165994,2.4855709593717563,7.671533272178472,0.0,0.0,9.40696116596952,0.004300010447855369,27.969336496931298,3,1.6083822872634757,12,0.631578947368421,0.7894736842105263,0,0.17344588073528447
OpenDeepSearch/003,World Knowledge,Reasoning Hallucination,10,11,0,12,1.0,0.0,2.4759695099385404,2.254718461257381,-0.12026843915638707,0.0,0.08909556601247814,0.0,0.08909556601247814,0.0,-0.08909556601247814,2.396475393359278,7.76062883819095,0.0,0.0,9.40696116596952,0.004300010447855369,27.969336496931298,3,1.6083822872634757,12,0.631578947368421,0.7894736842105263,0,0.21041860344486846
OpenDeepSearch/004,World Knowledge,Retrieval Hallucination,4,0,0,9,0.0,8.0,4.450526531197262,4.784731035541279,0.0,-0.598733993925407,0.0,-4.614165819465619,0.0,4.614165819465619,-4.614165819465619,0.0,0.0,1.0,1.0,9.247108470546358,0.018458675454286342,32.436454902097175,3,1.2699609124126916,9,0.0,0.5263157894736842,3,0.09575356830688007
OpenDeepSearch/004,World Knowledge,Retrieval Hallucination,4,1,0,9,0.125,7.0,-0.1636392882683566,0.1705652160756601,-4.614165819465619,4.015431825540212,-4.614165819465619,-0.2459488826201479,4.614165819465619,0.2459488826201479,4.368216936845471,4.614165819465619,0.0,0.0,1.0,9.247108470546358,0.018458675454286342,32.436454902097175,3,1.2699609124126916,9,0.0,0.5263157894736842,3,0.18210570116831973
OpenDeepSearch/004,World Knowledge,Retrieval Hallucination,4,2,0,9,0.25,6.0,-0.4095881708885045,-0.0753836665444878,-4.860114702085767,4.26138070816036,-0.2459488826201479,-1.6565147018581001,0.2459488826201479,1.6565147018581001,-1.4105658192379522,4.860114702085767,0.0,0.0,1.0,9.247108470546358,0.018458675454286342,32.436454902097175,3,1.2699609124126916,9,0.0,0.5263157894736842,3,0.21972897468163446
OpenDeepSearch/004,World Knowledge,Retrieval Hallucination,4,3,0,9,0.375,5.0,-2.0661028727466046,-1.731898368402588,-6.516629403943867,5.91789541001846,-1.6565147018581001,-3.0839079600294106,1.6565147018581001,3.0839079600294106,-1.4273932581713105,6.516629403943867,0.0,0.0,1.0,9.247108470546358,0.018458675454286342,32.436454902097175,3,1.2699609124126916,9,0.0,0.5263157894736842,3,0.3613737757806908
OpenDeepSearch/004,World Knowledge,Retrieval Hallucination,4,4,1,9,0.5,4.0,-5.150010832776015,-4.815806328431998,-9.600537363973277,9.00180337004787,-3.0839079600294106,1.6787872437778688,3.0839079600294106,1.6787872437778688,4.762695203807279,9.600537363973277,0.0,0.0,1.0,9.247108470546358,0.018458675454286342,32.436454902097175,3,1.2699609124126916,9,0.0,0.5263157894736842,3,0.3489302312762704
OpenDeepSearch/004,World Knowledge,Retrieval Hallucination,4,5,0,9,0.625,3.0,-3.4712235889981464,-3.1370190846541295,-7.921750120195409,7.3230161262700015,1.6787872437778688,8.19375512534491,1.6787872437778688,8.19375512534491,6.514967881567042,7.921750120195409,1.6787872437778688,0.0,0.0,9.247108470546358,0.018458675454286342,32.436454902097175,3,1.2699609124126916,9,0.0,0.5263157894736842,3,0.3979287662273726
OpenDeepSearch/004,World Knowledge,Retrieval Hallucination,4,6,0,9,0.75,2.0,4.722531536346764,5.056736040690781,0.2720050051495022,-0.8707389990749093,8.19375512534491,-9.49465792658117,8.19375512534491,9.49465792658117,-17.68841305192608,0.0,9.87254236912278,1.0,0.0,9.247108470546358,0.018458675454286342,32.436454902097175,3,1.2699609124126916,9,0.0,0.5263157894736842,3,0.3836158766532684
OpenDeepSearch/004,World Knowledge,Retrieval Hallucination,4,7,0,9,0.875,1.0,-4.772126390234405,-4.437921885890388,-9.222652921431667,8.62391892750626,-9.49465792658117,8.62391892750626,9.49465792658117,8.62391892750626,18.11857685408743,9.49465792658117,0.37788444254161035,0.0,0.0,9.247108470546358,0.018458675454286342,32.436454902097175,3,1.2699609124126916,9,0.0,0.5263157894736842,3,0.6845481104487887
OpenDeepSearch/004,World Knowledge,Retrieval Hallucination,4,8,0,9,1.0,0.0,3.851792537271855,4.185997041615872,-0.598733993925407,0.0,8.62391892750626,0.0,8.62391892750626,0.0,-8.62391892750626,0.8707389990749093,9.00180337004787,0.0,0.0,9.247108470546358,0.018458675454286342,32.436454902097175,3,1.2699609124126916,9,0.0,0.5263157894736842,3,0.27168031548743576
OpenDeepSearch/005,Science,Retrieval Hallucination,2,0,0,4,0.0,3.0,0.049958555882852806,0.8126616838515002,0.0,4.297300933614494,0.0,-5.32625653061589,0.0,5.32625653061589,-5.32625653061589,0.0,0.0,1.0,1.0,9.343228173145338,0.2986485871039221,14.389155412676178,1,0.10390568949679868,4,1.0,0.3157894736842105,2,0.6579945680693149
OpenDeepSearch/005,Science,Retrieval Hallucination,2,1,0,4,0.3333333333333333,2.0,-5.276297974733037,-4.51359484676439,-5.32625653061589,9.623557464230384,-5.32625653061589,3.104565392211285,5.32625653061589,3.104565392211285,8.430821922827175,5.32625653061589,0.0,0.0,1.0,9.343228173145338,0.2986485871039221,14.389155412676178,1,0.10390568949679868,4,1.0,0.3157894736842105,2,0.8100216638806843
OpenDeepSearch/005,Science,Retrieval Hallucination,2,2,1,4,0.6666666666666666,1.0,-2.171732582521752,-1.4090294545531048,-2.221691138404605,6.518992072019099,3.104565392211285,6.518992072019099,3.104565392211285,6.518992072019099,3.4144266798078142,2.221691138404605,3.104565392211285,0.0,0.0,9.343228173145338,0.2986485871039221,14.389155412676178,1,0.10390568949679868,4,1.0,0.3157894736842105,2,0.4590128988031453
OpenDeepSearch/005,Science,Retrieval Hallucination,2,3,0,4,1.0,0.0,4.347259489497347,5.109962617465994,4.297300933614494,0.0,6.518992072019099,0.0,6.518992072019099,0.0,-6.518992072019099,0.0,9.623557464230384,1.0,0.0,9.343228173145338,0.2986485871039221,14.389155412676178,1,0.10390568949679868,4,1.0,0.3157894736842105,2,0.050801455273930846
OpenDeepSearch/006,General Assistant,Retrieval Hallucination,5,0,0,7,0.0,6.0,5.045859262977306,4.078368405657324,0.0,-3.1276547059785216,0.0,-4.7441648171241155,0.0,4.7441648171241155,-4.7441648171241155,0.0,0.0,1.0,1.0,7.096860842703805,0.2501185168080292,12.504690759777121,4,0.35708519559324664,7,0.0,0.631578947368421,2,0.2605084996693609
OpenDeepSearch/006,General Assistant,Retrieval Hallucination,5,1,0,7,0.16666666666666666,5.0,0.3016944458531903,-0.6657964114667918,-4.7441648171241155,1.616510111145594,-4.7441648171241155,-0.6337229252571497,4.7441648171241155,0.6337229252571497,4.110441891866966,4.7441648171241155,0.0,0.0,1.0,7.096860842703805,0.2501185168080292,12.504690759777121,4,0.35708519559324664,7,0.0,0.631578947368421,2,0.5110029475813591
OpenDeepSearch/006,General Assistant,Retrieval Hallucination,5,2,0,7,0.3333333333333333,4.0,-0.3320284794039594,-1.2995193367239415,-5.377887742381265,2.2502330364027436,-0.6337229252571497,0.03976322772831864,0.6337229252571497,0.03976322772831864,0.6734861529854683,5.377887742381265,0.0,0.0,1.0,7.096860842703805,0.2501185168080292,12.504690759777121,4,0.35708519559324664,7,0.0,0.631578947368421,2,0.49629713292523403
OpenDeepSearch/006,General Assistant,Retrieval Hallucination,5,3,0,7,0.5,3.0,-0.29226525167564077,-1.2597561089956228,-5.338124514652947,2.210469808674425,0.03976322772831864,-2.227732682197754,0.03976322772831864,2.227732682197754,-2.2674959099260725,5.338124514652947,0.03976322772831864,0.0,0.0,7.096860842703805,0.2501185168080292,12.504690759777121,4,0.35708519559324664,7,0.0,0.631578947368421,2,0.3945183712129455
OpenDeepSearch/006,General Assistant,Retrieval Hallucination,5,4,0,7,0.6666666666666666,2.0,-2.5199979338733947,-3.4874887911933765,-7.5658571968507005,4.438202490872179,-2.227732682197754,5.170967334236984,2.227732682197754,5.170967334236984,7.398700016434738,7.5658571968507005,0.0,0.0,1.0,7.096860842703805,0.2501185168080292,12.504690759777121,4,0.35708519559324664,7,0.0,0.631578947368421,2,0.7179705516960313
OpenDeepSearch/006,General Assistant,Retrieval Hallucination,5,5,1,7,0.8333333333333334,1.0,2.6509694003635893,1.6834785430436072,-2.3948898626137165,-0.7327648433648051,5.170967334236984,-0.7327648433648051,5.170967334236984,0.7327648433648051,-5.903732177601789,2.3948898626137165,5.170967334236984,0.0,0.0,7.096860842703805,0.2501185168080292,12.504690759777121,4,0.35708519559324664,7,0.0,0.631578947368421,2,0.27334157344305754
OpenDeepSearch/006,General Assistant,Retrieval Hallucination,5,6,0,7,1.0,0.0,1.9182045569987842,0.9507136996788021,-3.1276547059785216,0.0,-0.7327648433648051,0.0,0.7327648433648051,0.0,0.7327648433648051,3.1276547059785216,4.438202490872179,0.0,0.0,7.096860842703805,0.2501185168080292,12.504690759777121,4,0.35708519559324664,7,0.0,0.631578947368421,2,0.2777862282615741
OpenDeepSearch/007,Science,Retrieval Hallucination,1,0,0,4,0.0,3.0,4.239361187819458,3.17103963532354,0.0,0.042405099957885994,0.0,-6.375413247914505,0.0,6.375413247914505,-6.375413247914505,0.0,0.0,1.0,1.0,6.4152643631800785,0.0033159751341734537,12.788123626402275,1,0.11200849772991225,4,1.0,0.3684210526315789,2,0.6150155894635981
OpenDeepSearch/007,Science,Retrieval Hallucination,1,1,1,4,0.3333333333333333,2.0,-2.1360520600950466,-3.204373612590965,-6.375413247914505,6.417818347872391,-6.375413247914505,0.024262854576964088,6.375413247914505,0.024262854576964088,6.399676102491469,6.375413247914505,0.0,0.0,1.0,6.4152643631800785,0.0033159751341734537,12.788123626402275,1,0.11200849772991225,4,1.0,0.3684210526315789,2,0.723244119101257
OpenDeepSearch/007,Science,Retrieval Hallucination,1,2,0,4,0.6666666666666666,1.0,-2.1117892055180825,-3.180110758014001,-6.351150393337541,6.393555493295427,0.024262854576964088,6.393555493295427,0.024262854576964088,6.393555493295427,6.369292638718463,6.351150393337541,0.024262854576964088,0.0,0.0,6.4152643631800785,0.0033159751341734537,12.788123626402275,1,0.11200849772991225,4,1.0,0.3684210526315789,2,0.4855222003923335
OpenDeepSearch/007,Science,Retrieval Hallucination,1,3,0,4,1.0,0.0,4.281766287777344,3.213444735281426,0.042405099957885994,0.0,6.393555493295427,0.0,6.393555493295427,0.0,-6.393555493295427,0.0,6.417818347872391,1.0,0.0,6.4152643631800785,0.0033159751341734537,12.788123626402275,1,0.11200849772991225,4,1.0,0.3684210526315789,2,0.05953927072746462
OpenDeepSearch/010,Science,Planning Hallucination,0,0,1,4,0.0,3.0,6.440474349202887,7.50746114658247,0.0,-4.325781590492664,0.0,-10.711018299206504,0.0,10.711018299206504,-10.711018299206504,0.0,0.0,1.0,1.0,14.542305075849216,0.17471673103592086,24.758828561205767,1,0.1875287842574092,4,0.0,0.631578947368421,1,0.5808709929827158
OpenDeepSearch/010,Science,Planning Hallucination,0,1,0,4,0.3333333333333333,2.0,-4.270543950003617,-3.2035571526240343,-10.711018299206504,6.38523670871384,-10.711018299206504,-4.282026397424207,10.711018299206504,4.282026397424207,6.428991901782297,10.711018299206504,0.0,0.0,1.0,14.542305075849216,0.17471673103592086,24.758828561205767,1,0.1875287842574092,4,0.0,0.631578947368421,1,0.6967365690995315
OpenDeepSearch/010,Science,Planning Hallucination,0,2,0,4,0.6666666666666666,1.0,-8.552570347427825,-7.485583550048242,-14.993044696630712,10.667263106138048,-4.282026397424207,10.667263106138048,4.282026397424207,10.667263106138048,14.949289503562255,14.993044696630712,0.0,0.0,1.0,14.542305075849216,0.17471673103592086,24.758828561205767,1,0.1875287842574092,4,0.0,0.631578947368421,1,0.6430053428639942
OpenDeepSearch/010,Science,Planning Hallucination,0,3,0,4,1.0,0.0,2.1146927587102233,3.181679556089806,-4.325781590492664,0.0,10.667263106138048,0.0,10.667263106138048,0.0,-10.667263106138048,4.325781590492664,10.667263106138048,0.0,0.0,14.542305075849216,0.17471673103592086,24.758828561205767,1,0.1875287842574092,4,0.0,0.631578947368421,1,0.16182539336879304
OpenDeepSearch/011,Math,Retrieval Hallucination,2,0,0,5,0.0,4.0,8.041762708155314,8.442484226560147,0.0,-2.060498921311808,0.0,-12.03024643073227,0.0,12.03024643073227,-12.03024643073227,0.0,0.0,1.0,1.0,15.877401264700186,0.06939037697285952,29.694303608088568,1,0.39978174816196865,5,0.0,0.7368421052631579,1,0.45863006055725913
OpenDeepSearch/011,Math,Retrieval Hallucination,2,1,0,5,0.25,3.0,-3.988483722576955,-3.5877622041721224,-12.03024643073227,9.969747509420461,-12.03024643073227,-0.00031474716868729047,12.03024643073227,0.00031474716868729047,12.029931683563582,12.03024643073227,0.0,0.0,1.0,15.877401264700186,0.06939037697285952,29.694303608088568,1,0.39978174816196865,5,0.0,0.7368421052631579,1,0.457445681499079
OpenDeepSearch/011,Math,Retrieval Hallucination,2,2,1,5,0.5,2.0,-3.9887984697456424,-3.5880769513408097,-12.030561177900957,9.970062256589149,-0.00031474716868729047,-4.060553424954744,0.00031474716868729047,4.060553424954744,-4.060238677786057,12.030561177900957,0.0,0.0,1.0,15.877401264700186,0.06939037697285952,29.694303608088568,1,0.39978174816196865,5,0.0,0.7368421052631579,1,0.5872847396711542
OpenDeepSearch/011,Math,Retrieval Hallucination,2,3,0,5,0.75,1.0,-8.049351894700386,-7.648630376295554,-16.0911146028557,14.030615681543892,-4.060553424954744,14.030615681543892,4.060553424954744,14.030615681543892,18.091169106498636,16.0911146028557,0.0,0.0,1.0,15.877401264700186,0.06939037697285952,29.694303608088568,1,0.39978174816196865,5,0.0,0.7368421052631579,1,0.6067384316107629
OpenDeepSearch/011,Math,Retrieval Hallucination,2,4,0,5,1.0,0.0,5.981263786843506,6.381985305248339,-2.060498921311808,0.0,14.030615681543892,0.0,14.030615681543892,0.0,-14.030615681543892,2.060498921311808,14.030615681543892,0.0,0.0,15.877401264700186,0.06939037697285952,29.694303608088568,1,0.39978174816196865,5,0.0,0.7368421052631579,1,0.13771728122250892
OpenDeepSearch/012,Math,Reasoning Hallucination,1,0,0,4,0.0,3.0,4.552268209839195,4.552268209839195,0.0,0.017087797079447853,0.0,-9.100237200567086,0.0,9.100237200567086,-9.100237200567086,0.0,0.0,1.0,1.0,9.140307418706268,0.000935624156369755,18.263527040333088,1,0.1600284950308398,4,1.0,0.631578947368421,4,0.7190467747292587
OpenDeepSearch/012,Math,Reasoning Hallucination,1,1,1,4,0.3333333333333333,2.0,-4.547968990727892,-4.547968990727892,-9.100237200567086,9.117324997646534,-9.100237200567086,-0.025686235302053717,9.100237200567086,0.025686235302053717,9.074550965265033,9.100237200567086,0.0,0.0,1.0,9.140307418706268,0.000935624156369755,18.263527040333088,1,0.1600284950308398,4,1.0,0.631578947368421,4,0.6132230540981458
OpenDeepSearch/012,Math,Reasoning Hallucination,1,2,0,4,0.6666666666666666,1.0,-4.5736552260299455,-4.5736552260299455,-9.12592343586914,9.143011232948588,-0.025686235302053717,9.143011232948588,0.025686235302053717,9.143011232948588,9.168697468250642,9.12592343586914,0.0,0.0,1.0,9.140307418706268,0.000935624156369755,18.263527040333088,1,0.1600284950308398,4,1.0,0.631578947368421,4,0.6854747138461216
OpenDeepSearch/012,Math,Reasoning Hallucination,1,3,0,4,1.0,0.0,4.5693560069186425,4.5693560069186425,0.017087797079447853,0.0,9.143011232948588,0.0,9.143011232948588,0.0,-9.143011232948588,0.0,9.143011232948588,1.0,0.0,9.140307418706268,0.000935624156369755,18.263527040333088,1,0.1600284950308398,4,1.0,0.631578947368421,4,0.10127506906281214
OpenDeepSearch/013,General Assistant,Retrieval Hallucination,2,0,0,4,0.0,3.0,4.251974002537693,4.249861078371059,0.0,-2.1316300195552067,0.0,-10.613069140944805,0.0,10.613069140944805,-10.613069140944805,0.0,0.0,1.0,1.0,10.054486554579288,0.11857314003135248,17.977343089603366,1,0.1860228244161139,4,0.0,0.3157894736842105,1,0.713631792250203
OpenDeepSearch/013,General Assistant,Retrieval Hallucination,2,1,0,4,0.3333333333333333,2.0,-6.361095138407112,-6.363208062573746,-10.613069140944805,8.481439121389599,-10.613069140944805,6.358323987960581,10.613069140944805,6.358323987960581,16.971393128905387,10.613069140944805,0.0,0.0,1.0,10.054486554579288,0.11857314003135248,17.977343089603366,1,0.1860228244161139,4,0.0,0.3157894736842105,1,0.7467300784127835
OpenDeepSearch/013,General Assistant,Retrieval Hallucination,2,2,1,4,0.6666666666666666,1.0,-0.002771150446530868,-0.00488407461316509,-4.254745152984224,2.1231151334290175,6.358323987960581,2.1231151334290175,6.358323987960581,2.1231151334290175,-4.235208854531564,4.254745152984224,6.358323987960581,0.0,0.0,10.054486554579288,0.11857314003135248,17.977343089603366,1,0.1860228244161139,4,0.0,0.3157894736842105,1,0.3387220624810282
OpenDeepSearch/013,General Assistant,Retrieval Hallucination,2,3,0,4,1.0,0.0,2.1203439829824866,2.1182310588158524,-2.1316300195552067,0.0,2.1231151334290175,0.0,2.1231151334290175,0.0,-2.1231151334290175,2.1316300195552067,8.481439121389599,0.0,0.0,10.054486554579288,0.11857314003135248,17.977343089603366,1,0.1860228244161139,4,0.0,0.3157894736842105,1,0.29823282907244086
OpenDeepSearch/015,General Assistant,Reasoning Hallucination,3,0,0,5,0.0,4.0,8.0230314909554,8.827317838133995,0.0,-6.022437944490267,0.0,-12.06155302669017,0.0,12.06155302669017,-12.06155302669017,0.0,0.0,1.0,1.0,13.94915958929152,0.27389415010215384,21.988194863760647,3,0.2848648904154948,5,0.0,0.7368421052631579,3,0.5552413831135022
OpenDeepSearch/015,General Assistant,Reasoning Hallucination,3,1,0,5,0.25,3.0,-4.03852153573477,-3.2342351885561746,-12.06155302669017,6.039115082199903,-12.06155302669017,0.06668621761529892,12.06155302669017,0.06668621761529892,12.128239244305469,12.06155302669017,0.0,0.0,1.0,13.94915958929152,0.27389415010215384,21.988194863760647,3,0.2848648904154948,5,0.0,0.7368421052631579,3,0.5390852874058883
OpenDeepSearch/015,General Assistant,Reasoning Hallucination,3,2,0,5,0.5,2.0,-3.9718353181194708,-3.1675489709408757,-11.994866809074871,5.972428864584604,0.06668621761529892,-2.062864601339797,0.06668621761529892,2.062864601339797,-2.129550818955096,11.994866809074871,0.06668621761529892,0.0,0.0,13.94915958929152,0.27389415010215384,21.988194863760647,3,0.2848648904154948,5,0.0,0.7368421052631579,3,0.5136690345384435
OpenDeepSearch/015,General Assistant,Reasoning Hallucination,3,3,1,5,0.75,1.0,-6.034699919459268,-5.230413572280673,-14.057731410414668,8.0352934659244,-2.062864601339797,8.0352934659244,2.062864601339797,8.0352934659244,10.098158067264198,14.057731410414668,0.0,0.0,1.0,13.94915958929152,0.27389415010215384,21.988194863760647,3,0.2848648904154948,5,0.0,0.7368421052631579,3,0.39782866143374956
OpenDeepSearch/015,General Assistant,Reasoning Hallucination,3,4,0,5,1.0,0.0,2.000593546465133,2.804879893643728,-6.022437944490267,0.0,8.0352934659244,0.0,8.0352934659244,0.0,-8.0352934659244,6.022437944490267,8.0352934659244,0.0,0.0,13.94915958929152,0.27389415010215384,21.988194863760647,3,0.2848648904154948,5,0.0,0.7368421052631579,3,0.17065188061151798
OpenDeepSearch/016,Science,Planning Hallucination,0,0,1,6,0.0,5.0,2.2236836900931074,3.0701912035161985,0.0,1.936098802270731,0.0,-6.474186376655858,0.0,6.474186376655858,-6.474186376655858,0.0,0.0,1.0,1.0,8.534804351124645,0.08457360054213113,22.892472235544055,3,0.4327303403429099,6,1.0,0.7894736842105263,2,0.3550050022693864
OpenDeepSearch/016,Science,Planning Hallucination,0,1,0,6,0.2,4.0,-4.250502686562751,-3.4039951731396596,-6.474186376655858,8.410285178926589,-6.474186376655858,1.6686301636758856,6.474186376655858,1.6686301636758856,8.142816540331744,6.474186376655858,0.0,0.0,1.0,8.534804351124645,0.08457360054213113,22.892472235544055,3,0.4327303403429099,6,1.0,0.7894736842105263,2,0.5504450295509324
OpenDeepSearch/016,Science,Planning Hallucination,0,2,0,6,0.4,3.0,-2.581872522886865,-1.735365009463774,-4.8055562129799725,6.7416550152507035,1.6686301636758856,2.569105837747429,1.6686301636758856,2.569105837747429,0.9004756740715436,4.8055562129799725,1.6686301636758856,0.0,0.0,8.534804351124645,0.08457360054213113,22.892472235544055,3,0.4327303403429099,6,1.0,0.7894736842105263,2,0.23292292910066797
OpenDeepSearch/016,Science,Planning Hallucination,0,3,0,6,0.6,2.0,-0.012766685139435907,0.833740828283655,-2.2364503752325433,4.172549177503274,2.569105837747429,-4.604602683267004,2.569105837747429,4.604602683267004,-7.173708521014433,2.2364503752325433,4.237736001423315,0.0,0.0,8.534804351124645,0.08457360054213113,22.892472235544055,3,0.4327303403429099,6,1.0,0.7894736842105263,2,0.39463627532366735
OpenDeepSearch/016,Science,Planning Hallucination,0,4,0,6,0.8,1.0,-4.61736936840644,-3.7708618549833486,-6.841053058499547,8.777151860770278,-4.604602683267004,8.777151860770278,4.604602683267004,8.777151860770278,13.381754544037282,6.841053058499547,0.0,0.0,1.0,8.534804351124645,0.08457360054213113,22.892472235544055,3,0.4327303403429099,6,1.0,0.7894736842105263,2,0.7127320749286823
OpenDeepSearch/016,Science,Planning Hallucination,0,5,0,6,1.0,0.0,4.1597824923638385,5.006290005786929,1.936098802270731,0.0,8.777151860770278,0.0,8.777151860770278,0.0,-8.777151860770278,0.0,8.777151860770278,1.0,0.0,8.534804351124645,0.08457360054213113,22.892472235544055,3,0.4327303403429099,6,1.0,0.7894736842105263,2,0.03484362758526336
OpenDeepSearch/017,General Assistant,Planning Hallucination,0,0,1,4,0.0,3.0,6.411326309168569,5.880514792946353,0.0,-6.395098662300587,0.0,-8.546130078316228,0.0,8.546130078316228,-8.546130078316228,0.0,0.0,1.0,1.0,8.577177762447295,0.594381075196188,10.759256862594002,1,0.09413913901038859,4,0.0,0.631578947368421,0,0.5799926827123953
OpenDeepSearch/017,General Assistant,Planning Hallucination,0,1,0,4,0.3333333333333333,2.0,-2.134803769147659,-2.665615285369875,-8.546130078316228,2.151031416015641,-8.546130078316228,-0.03470035285236861,8.546130078316228,0.03470035285236861,8.51142972546386,8.546130078316228,0.0,0.0,1.0,8.577177762447295,0.594381075196188,10.759256862594002,1,0.09413913901038859,4,0.0,0.631578947368421,0,0.6943241463050451
OpenDeepSearch/017,General Assistant,Planning Hallucination,0,2,0,4,0.6666666666666666,1.0,-2.1695041220000277,-2.7003156382222437,-8.580830431168597,2.18573176886801,-0.03470035285236861,2.18573176886801,0.03470035285236861,2.18573176886801,2.2204321217203784,8.580830431168597,0.0,0.0,1.0,8.577177762447295,0.594381075196188,10.759256862594002,1,0.09413913901038859,4,0.0,0.631578947368421,0,0.654023601717016
OpenDeepSearch/017,General Assistant,Planning Hallucination,0,3,0,4,1.0,0.0,0.01622764686798206,-0.514583869354234,-6.395098662300587,0.0,2.18573176886801,0.0,2.18573176886801,0.0,-2.18573176886801,6.395098662300587,2.18573176886801,0.0,0.0,8.577177762447295,0.594381075196188,10.759256862594002,1,0.09413913901038859,4,0.0,0.631578947368421,0,0.35252257747412097
OpenDeepSearch/018,Science,Planning Hallucination,0,0,1,5,0.0,4.0,3.979157329594546,4.784950383336985,0.0,0.03212777960062141,0.0,-3.978314240914113,0.0,3.978314240914113,-3.978314240914113,0.0,0.0,1.0,1.0,11.851958512876774,0.001357218048307976,23.671789246152926,1,0.19063314545077553,5,1.0,0.7368421052631579,2,0.17055405592711764
OpenDeepSearch/018,Science,Planning Hallucination,0,1,0,5,0.25,3.0,0.0008430886804333682,0.8066361424228716,-3.978314240914113,4.010442020514734,-3.978314240914113,-3.9650618922881726,3.978314240914113,3.9650618922881726,0.013252348625940158,3.978314240914113,0.0,0.0,1.0,11.851958512876774,0.001357218048307976,23.671789246152926,1,0.19063314545077553,5,1.0,0.7368421052631579,2,0.583414200138673
OpenDeepSearch/018,Science,Planning Hallucination,0,2,0,5,0.5,2.0,-3.9642188036077393,-3.158425749865301,-7.943376133202285,7.975503912802907,-3.9650618922881726,-4.09181318896686,3.9650618922881726,4.09181318896686,-0.12675129667868745,7.943376133202285,0.0,0.0,1.0,11.851958512876774,0.001357218048307976,23.671789246152926,1,0.19063314545077553,5,1.0,0.7368421052631579,2,0.7148996521493826
OpenDeepSearch/018,Science,Planning Hallucination,0,3,0,5,0.75,1.0,-8.0560319925746,-7.250238938832161,-12.035189322169145,12.067317101769767,-4.09181318896686,12.067317101769767,4.09181318896686,12.067317101769767,16.159130290736627,12.035189322169145,0.0,0.0,1.0,11.851958512876774,0.001357218048307976,23.671789246152926,1,0.19063314545077553,5,1.0,0.7368421052631579,2,0.7644876544923922
OpenDeepSearch/018,Science,Planning Hallucination,0,4,0,5,1.0,0.0,4.011285109195168,4.817078162937606,0.03212777960062141,0.0,12.067317101769767,0.0,12.067317101769767,0.0,-12.067317101769767,0.0,12.067317101769767,1.0,0.0,11.851958512876774,0.001357218048307976,23.671789246152926,1,0.19063314545077553,5,1.0,0.7368421052631579,2,0.02205518446903149
OpenDeepSearch/019,General Assistant,Retrieval Hallucination,1,0,0,5,0.0,4.0,10.14511298412923,10.95014911708868,0.0,-6.16144926918134,0.0,-12.168268466694741,0.0,12.168268466694741,-12.168268466694741,0.0,0.0,1.0,1.0,19.828327347907273,0.1839501860251962,33.495205426633206,1,0.2592760559805909,5,0.0,0.5263157894736842,3,0.4312842517334519
OpenDeepSearch/019,General Assistant,Retrieval Hallucination,1,1,1,5,0.25,3.0,-2.0231554825655103,-1.2181193496060612,-12.168268466694741,6.006819197513401,-12.168268466694741,-8.091475794045495,12.168268466694741,8.091475794045495,4.076792672649246,12.168268466694741,0.0,0.0,1.0,19.828327347907273,0.1839501860251962,33.495205426633206,1,0.2592760559805909,5,0.0,0.5263157894736842,3,0.7731725242808241
OpenDeepSearch/019,General Assistant,Retrieval Hallucination,1,2,0,5,0.5,2.0,-10.114631276611005,-9.309595143651556,-20.259744260740234,14.098294991558896,-8.091475794045495,4.098460671913154,8.091475794045495,4.098460671913154,12.189936465958649,20.259744260740234,0.0,0.0,1.0,19.828327347907273,0.1839501860251962,33.495205426633206,1,0.2592760559805909,5,0.0,0.5263157894736842,3,0.48471033387756673
OpenDeepSearch/019,General Assistant,Retrieval Hallucination,1,3,0,5,0.75,1.0,-6.016170604697852,-5.2111344717384025,-16.161283588827082,9.999834319645743,4.098460671913154,9.999834319645743,4.098460671913154,9.999834319645743,5.901373647732589,16.161283588827082,4.098460671913154,0.0,0.0,19.828327347907273,0.1839501860251962,33.495205426633206,1,0.2592760559805909,5,0.0,0.5263157894736842,3,0.30165585186516974
OpenDeepSearch/019,General Assistant,Retrieval Hallucination,1,4,0,5,1.0,0.0,3.983663714947891,4.78869984790734,-6.16144926918134,0.0,9.999834319645743,0.0,9.999834319645743,0.0,-9.999834319645743,6.16144926918134,14.098294991558896,0.0,0.0,19.828327347907273,0.1839501860251962,33.495205426633206,1,0.2592760559805909,5,0.0,0.5263157894736842,3,0.06808516763808253
OpenDeepSearch/020,General Assistant,Reasoning Hallucination,6,0,0,12,0.0,11.0,2.8568803243577925,2.856880324357791,0.0,-0.12798222627174027,0.0,-1.0601942446119779,0.0,1.0601942446119779,-1.0601942446119779,0.0,0.0,1.0,1.0,9.954229271606636,0.0031072710422600787,41.18798280907358,7,3.089767506971718,12,0.2631578947368421,0.3684210526315789,1,0.018425032470851505
OpenDeepSearch/020,General Assistant,Reasoning Hallucination,6,1,0,12,0.09090909090909091,10.0,1.7966860797458146,1.7966860797458135,-1.0601942446119779,0.9322120183402376,-1.0601942446119779,-1.5573364351610302,1.0601942446119779,1.5573364351610302,-0.4971421905490523,1.0601942446119779,0.0,0.0,1.0,9.954229271606636,0.0031072710422600787,41.18798280907358,7,3.089767506971718,12,0.2631578947368421,0.3684210526315789,1,0.09191275721199399
OpenDeepSearch/020,General Assistant,Reasoning Hallucination,6,2,0,12,0.18181818181818182,9.0,0.23934964458478447,0.23934964458478328,-2.617530679773008,2.4895484535012677,-1.5573364351610302,3.9752179346507894,1.5573364351610302,3.9752179346507894,5.53255436981182,2.617530679773008,0.0,0.0,1.0,9.954229271606636,0.0031072710422600787,41.18798280907358,7,3.089767506971718,12,0.2631578947368421,0.3684210526315789,1,0.12347487138896769
OpenDeepSearch/020,General Assistant,Reasoning Hallucination,6,3,0,12,0.2727272727272727,8.0,4.214567579235574,4.214567579235573,1.3576872548777814,-1.4856694811495217,3.9752179346507894,-10.956063518405006,3.9752179346507894,10.956063518405006,-14.931281453055796,0.0,3.9752179346507894,1.0,0.0,9.954229271606636,0.0031072710422600787,41.18798280907358,7,3.089767506971718,12,0.2631578947368421,0.3684210526315789,1,0.06055463455618647
OpenDeepSearch/020,General Assistant,Reasoning Hallucination,6,4,0,12,0.36363636363636365,7.0,-6.7414959391694325,-6.741495939169433,-9.598376263527225,9.470394037255485,-10.956063518405006,11.084414819867543,10.956063518405006,11.084414819867543,22.04047833827255,10.956063518405006,0.0,0.0,1.0,9.954229271606636,0.0031072710422600787,41.18798280907358,7,3.089767506971718,12,0.2631578947368421,0.3684210526315789,1,0.3122154387621052
OpenDeepSearch/020,General Assistant,Reasoning Hallucination,6,5,0,12,0.45454545454545453,6.0,4.342918880698111,4.34291888069811,1.4860385563403185,-1.6140207826120587,11.084414819867543,-10.866215914373068,11.084414819867543,10.866215914373068,-21.95063073424061,0.0,11.084414819867543,1.0,0.0,9.954229271606636,0.0031072710422600787,41.18798280907358,7,3.089767506971718,12,0.2631578947368421,0.3684210526315789,1,0.11808866105492094
OpenDeepSearch/020,General Assistant,Reasoning Hallucination,6,6,1,12,0.5454545454545454,5.0,-6.523297033674957,-6.523297033674958,-9.38017735803275,9.25219513176101,-10.866215914373068,4.152732346483496,10.866215914373068,4.152732346483496,15.018948260856565,10.866215914373068,0.21819890549447507,0.0,0.0,9.954229271606636,0.0031072710422600787,41.18798280907358,7,3.089767506971718,12,0.2631578947368421,0.3684210526315789,1,0.17814943368460825
OpenDeepSearch/020,General Assistant,Reasoning Hallucination,6,7,0,12,0.6363636363636364,4.0,-2.370564687191461,-2.3705646871914623,-5.2274450115492535,5.099462785277513,4.152732346483496,0.09987479789908704,4.152732346483496,0.09987479789908704,-4.052857548584409,6.713483567889572,4.3709312519779715,0.0,0.0,9.954229271606636,0.0031072710422600787,41.18798280907358,7,3.089767506971718,12,0.2631578947368421,0.3684210526315789,1,0.18490759050893682
OpenDeepSearch/020,General Assistant,Reasoning Hallucination,6,8,0,12,0.7272727272727273,3.0,-2.270689889292374,-2.2706898892923753,-5.127570213650166,4.999587987378426,0.09987479789908704,4.384099662655196,0.09987479789908704,4.384099662655196,4.2842248647561085,6.613608769990485,4.4708060498770585,0.0,0.0,9.954229271606636,0.0031072710422600787,41.18798280907358,7,3.089767506971718,12,0.2631578947368421,0.3684210526315789,1,0.3180821336414367
OpenDeepSearch/020,General Assistant,Reasoning Hallucination,6,9,0,12,0.8181818181818182,2.0,2.1134097733628217,2.1134097733628203,-0.7434705509949708,0.6154883247232306,4.384099662655196,-2.500072604105533,4.384099662655196,2.500072604105533,-6.884172266760729,2.2295091073352893,8.854905712532254,0.0,0.0,9.954229271606636,0.0031072710422600787,41.18798280907358,7,3.089767506971718,12,0.2631578947368421,0.3684210526315789,1,0.3895286257709856
OpenDeepSearch/020,General Assistant,Reasoning Hallucination,6,10,0,12,0.9090909090909091,1.0,-0.38666283074271135,-0.3866628307427125,-3.243543155100504,3.1155609288287636,-2.500072604105533,3.1155609288287636,2.500072604105533,3.1155609288287636,5.615633532934297,4.729581711440822,6.354833108426721,0.0,0.0,9.954229271606636,0.0031072710422600787,41.18798280907358,7,3.089767506971718,12,0.2631578947368421,0.3684210526315789,1,0.4499050972658046
OpenDeepSearch/020,General Assistant,Reasoning Hallucination,6,11,0,12,1.0,0.0,2.728898098086052,2.728898098086051,-0.12798222627174027,0.0,3.1155609288287636,0.0,3.1155609288287636,0.0,-3.1155609288287636,1.6140207826120587,9.470394037255485,0.0,0.0,9.954229271606636,0.0031072710422600787,41.18798280907358,7,3.089767506971718,12,0.2631578947368421,0.3684210526315789,1,0.46550279244231957
OpenDeepSearch/021,Science,Reasoning Hallucination,2,0,0,4,0.0,3.0,6.861183758076098,6.861183758076098,0.0,-4.571153497884303,0.0,-9.13802370349189,0.0,9.13802370349189,-9.13802370349189,0.0,0.0,1.0,1.0,13.253220760767999,0.2083926818264462,21.935288023651694,1,0.16054761435557763,4,0.0,0.6842105263157895,0,0.44245603084268836
OpenDeepSearch/021,Science,Reasoning Hallucination,2,1,0,4,0.3333333333333333,2.0,-2.276839945415791,-2.276839945415791,-9.13802370349189,4.566870205607586,-9.13802370349189,-4.597534127436312,9.13802370349189,4.597534127436312,4.5404895760555775,9.13802370349189,0.0,0.0,1.0,13.253220760767999,0.2083926818264462,21.935288023651694,1,0.16054761435557763,4,0.0,0.6842105263157895,0,0.7581150368380092
OpenDeepSearch/021,Science,Reasoning Hallucination,2,2,1,4,0.6666666666666666,1.0,-6.874374072852103,-6.874374072852103,-13.735557830928201,9.164404333043898,-4.597534127436312,9.164404333043898,4.597534127436312,9.164404333043898,13.76193846048021,13.735557830928201,0.0,0.0,1.0,13.253220760767999,0.2083926818264462,21.935288023651694,1,0.16054761435557763,4,0.0,0.6842105263157895,0,0.6927059904941408
OpenDeepSearch/021,Science,Reasoning Hallucination,2,3,0,4,1.0,0.0,2.290030260191795,2.290030260191795,-4.571153497884303,0.0,9.164404333043898,0.0,9.164404333043898,0.0,-9.164404333043898,4.571153497884303,9.164404333043898,0.0,0.0,13.253220760767999,0.2083926818264462,21.935288023651694,1,0.16054761435557763,4,0.0,0.6842105263157895,0,0.13008577479857325
OpenDeepSearch/023,Math,Reasoning Hallucination,1,0,0,3,0.0,2.0,4.89178395364203,4.891783953642026,0.0,-9.793292516941907,0.0,-4.882059343984171,0.0,4.882059343984171,-4.882059343984171,0.0,0.0,1.0,1.0,9.793292516941907,1.0,9.793292516941907,0,0.0001706071869804266,3,0.0,1.0,1,0.6467661292996948
OpenDeepSearch/023,Math,Reasoning Hallucination,1,1,1,3,0.5,1.0,0.009724609657858707,0.009724609657855154,-4.882059343984171,-4.911233172957736,-4.882059343984171,-4.911233172957736,4.882059343984171,4.911233172957736,-0.029173828973565463,4.882059343984171,0.0,0.0,1.0,9.793292516941907,1.0,9.793292516941907,0,0.0001706071869804266,3,0.0,1.0,1,0.7807384513457951
OpenDeepSearch/023,Math,Reasoning Hallucination,1,2,0,3,1.0,0.0,-4.901508563299878,-4.901508563299881,-9.793292516941907,0.0,-4.911233172957736,0.0,4.911233172957736,0.0,4.911233172957736,9.793292516941907,0.0,0.0,1.0,9.793292516941907,1.0,9.793292516941907,0,0.0001706071869804266,3,0.0,1.0,1,0.49750002886802475
OpenDeepSearch/025,Science,Reasoning Hallucination,3,0,0,5,0.0,4.0,4.280149566947841,5.192089371119537,0.0,-0.11412077218452765,0.0,-11.277204299571856,0.0,11.277204299571856,-11.277204299571856,0.0,0.0,1.0,1.0,11.009171316437047,0.0044562014111727295,25.609428671334385,3,0.3992142004442303,5,0.0,0.2631578947368421,4,0.7102236680406736
OpenDeepSearch/025,Science,Reasoning Hallucination,3,1,0,5,0.25,3.0,-6.997054732624015,-6.085114928452319,-11.277204299571856,11.163083527387329,-11.277204299571856,5.092626679561388,11.277204299571856,5.092626679561388,16.369830979133244,11.277204299571856,0.0,0.0,1.0,11.009171316437047,0.0044562014111727295,25.609428671334385,3,0.3992142004442303,5,0.0,0.2631578947368421,4,0.6105841140390469
OpenDeepSearch/025,Science,Reasoning Hallucination,3,2,0,5,0.5,2.0,-1.9044280530626274,-0.9924882488909319,-6.184577620010469,6.070456847825941,5.092626679561388,-2.199966543820363,5.092626679561388,2.199966543820363,-7.2925932233817505,6.184577620010469,5.092626679561388,0.0,0.0,11.009171316437047,0.0044562014111727295,25.609428671334385,3,0.3992142004442303,5,0.0,0.2631578947368421,4,0.42986251847650897
OpenDeepSearch/025,Science,Reasoning Hallucination,3,3,1,5,0.75,1.0,-4.10439459688299,-3.1924547927112945,-8.384544163830832,8.270423391646304,-2.199966543820363,8.270423391646304,2.199966543820363,8.270423391646304,10.470389935466667,8.384544163830832,2.892660135741025,0.0,0.0,11.009171316437047,0.0044562014111727295,25.609428671334385,3,0.3992142004442303,5,0.0,0.2631578947368421,4,0.3604239641252605
OpenDeepSearch/025,Science,Reasoning Hallucination,3,4,0,5,1.0,0.0,4.166028794763314,5.077968598935009,-0.11412077218452765,0.0,8.270423391646304,0.0,8.270423391646304,0.0,-8.270423391646304,0.11412077218452765,11.163083527387329,0.0,0.0,11.009171316437047,0.0044562014111727295,25.609428671334385,3,0.3992142004442303,5,0.0,0.2631578947368421,4,0.16957080790088133
OpenDeepSearch/026,General Assistant,Reasoning Hallucination,2,0,0,6,0.0,5.0,4.929837424781844,5.759218733892006,0.0,-2.9834146718376715,0.0,-4.9311161816622295,0.0,4.9311161816622295,-4.9311161816622295,0.0,0.0,1.0,1.0,12.79577085846685,0.09007540118121785,33.121303182824576,3,0.803573001858437,6,0.0,0.42105263157894735,1,0.23343439306227212
OpenDeepSearch/026,General Assistant,Reasoning Hallucination,2,1,0,6,0.2,4.0,-0.0012787568803851457,0.8281025522297764,-4.9311161816622295,1.947701509824558,-4.9311161816622295,-9.014959421353149,4.9311161816622295,9.014959421353149,-4.0838432396909194,4.9311161816622295,0.0,0.0,1.0,12.79577085846685,0.09007540118121785,33.121303182824576,3,0.803573001858437,6,0.0,0.42105263157894735,1,0.7143049751862217
OpenDeepSearch/026,General Assistant,Reasoning Hallucination,2,2,1,6,0.4,3.0,-9.016238178233534,-8.186856869123373,-13.946075603015379,10.962660931177707,-9.014959421353149,10.927895073211038,9.014959421353149,10.927895073211038,19.942854494564187,13.946075603015379,0.0,0.0,1.0,12.79577085846685,0.09007540118121785,33.121303182824576,3,0.803573001858437,6,0.0,0.42105263157894735,1,0.6413667517118631
OpenDeepSearch/026,General Assistant,Reasoning Hallucination,2,3,0,6,0.6,2.0,1.9116568949775044,2.741038204087666,-3.01818052980434,0.034765857966668534,10.927895073211038,-6.6583448872280755,10.927895073211038,6.6583448872280755,-17.586239960439116,3.01818052980434,10.927895073211038,0.0,0.0,12.79577085846685,0.09007540118121785,33.121303182824576,3,0.803573001858437,6,0.0,0.42105263157894735,1,0.427562298124302
OpenDeepSearch/026,General Assistant,Reasoning Hallucination,2,4,0,6,0.8,1.0,-4.746687992250571,-3.9173066831404095,-9.676525417032416,6.693110745194744,-6.6583448872280755,6.693110745194744,6.6583448872280755,6.693110745194744,13.35145563242282,9.676525417032416,4.269550185982963,0.0,0.0,12.79577085846685,0.09007540118121785,33.121303182824576,3,0.803573001858437,6,0.0,0.42105263157894735,1,0.3680429435837991
OpenDeepSearch/026,General Assistant,Reasoning Hallucination,2,5,0,6,1.0,0.0,1.9464227529441729,2.7758040620543345,-2.9834146718376715,0.0,6.693110745194744,0.0,6.693110745194744,0.0,-6.693110745194744,2.9834146718376715,10.962660931177707,0.0,0.0,12.79577085846685,0.09007540118121785,33.121303182824576,3,0.803573001858437,6,0.0,0.42105263157894735,1,0.26093732976948086
OpenDeepSearch/027,World Knowledge,Retrieval Hallucination,1,0,0,3,0.0,2.0,0.020571118012998824,0.6896442378900574,0.0,3.9492507861522697,0.0,-6.018183499822442,0.0,6.018183499822442,-6.018183499822442,0.0,0.0,1.0,1.0,9.650687785984056,0.25724457306398835,15.352124785815843,1,0.09348314494618301,3,1.0,0.47368421052631576,4,0.7931785474996965
OpenDeepSearch/027,World Knowledge,Retrieval Hallucination,1,1,1,3,0.5,1.0,-5.997612381809443,-5.328539261932384,-6.018183499822442,9.967434285974711,-6.018183499822442,9.967434285974711,6.018183499822442,9.967434285974711,15.985617785797153,6.018183499822442,0.0,0.0,1.0,9.650687785984056,0.25724457306398835,15.352124785815843,1,0.09348314494618301,3,1.0,0.47368421052631576,4,0.8001811517613412
OpenDeepSearch/027,World Knowledge,Retrieval Hallucination,1,2,0,3,1.0,0.0,3.9698219041652685,4.638895024042327,3.9492507861522697,0.0,9.967434285974711,0.0,9.967434285974711,0.0,-9.967434285974711,0.0,9.967434285974711,1.0,0.0,9.650687785984056,0.25724457306398835,15.352124785815843,1,0.09348314494618301,3,1.0,0.47368421052631576,4,0.10500428321630628
OpenDeepSearch/029,Math,Retrieval Hallucination,1,0,0,5,0.0,4.0,6.0396617505626615,5.641735215387024,0.0,-4.06617868612382,0.0,-2.0207568435556134,0.0,2.0207568435556134,-2.0207568435556134,0.0,0.0,1.0,1.0,13.740015591809573,0.17366551218167942,23.413852497495327,1,0.23461780957972256,5,0.0,0.7368421052631579,0,0.13025373713450344
OpenDeepSearch/029,Math,Retrieval Hallucination,1,1,1,5,0.25,3.0,4.018904907007048,3.6209783718314115,-2.0207568435556134,-2.0454218425682065,-2.0207568435556134,-6.045774545045592,2.0207568435556134,6.045774545045592,-4.025017701489979,2.0207568435556134,0.0,0.0,1.0,13.740015591809573,0.17366551218167942,23.413852497495327,1,0.23461780957972256,5,0.0,0.7368421052631579,0,0.5628308150236251
OpenDeepSearch/029,Math,Retrieval Hallucination,1,2,0,5,0.5,2.0,-2.0268696380385443,-2.424796173214181,-8.066531388601206,4.000352702477386,-6.045774545045592,-5.988677770053279,6.045774545045592,5.988677770053279,0.05709677499231347,8.066531388601206,0.0,0.0,1.0,13.740015591809573,0.17366551218167942,23.413852497495327,1,0.23461780957972256,5,0.0,0.7368421052631579,0,0.7621945198251887
OpenDeepSearch/029,Math,Retrieval Hallucination,1,3,0,5,0.75,1.0,-8.015547408091823,-8.41347394326746,-14.055209158654485,9.989030472530665,-5.988677770053279,9.989030472530665,5.988677770053279,9.989030472530665,15.977708242583944,14.055209158654485,0.0,0.0,1.0,13.740015591809573,0.17366551218167942,23.413852497495327,1,0.23461780957972256,5,0.0,0.7368421052631579,0,0.720553972336603
OpenDeepSearch/029,Math,Retrieval Hallucination,1,4,0,5,1.0,0.0,1.9734830644388417,1.575556529263205,-4.06617868612382,0.0,9.989030472530665,0.0,9.989030472530665,0.0,-9.989030472530665,4.06617868612382,9.989030472530665,0.0,0.0,13.740015591809573,0.17366551218167942,23.413852497495327,1,0.23461780957972256,5,0.0,0.7368421052631579,0,0.128859829538027
OpenDeepSearch/030,Math,Reasoning Hallucination,1,0,0,4,0.0,3.0,1.9869645790946961,5.513659996020581,0.0,-1.982110325063264,0.0,-10.101352105724619,0.0,10.101352105724619,-10.101352105724619,0.0,0.0,1.0,1.0,10.087649521258285,0.10894793407830493,18.193188717453307,1,0.15868788889434982,4,0.0,0.3684210526315789,4,0.7549204826082602
OpenDeepSearch/030,Math,Reasoning Hallucination,1,1,1,4,0.3333333333333333,2.0,-8.114387526629923,-4.5876921097040375,-10.101352105724619,8.119241780661355,-10.101352105724619,0.1301745524301765,10.101352105724619,0.1301745524301765,10.231526658154795,10.101352105724619,0.0,0.0,1.0,10.087649521258285,0.10894793407830493,18.193188717453307,1,0.15868788889434982,4,0.0,0.3684210526315789,4,0.6217015074362924
OpenDeepSearch/030,Math,Reasoning Hallucination,1,2,0,4,0.6666666666666666,1.0,-7.984212974199746,-4.457517557273861,-9.971177553294442,7.989067228231178,0.1301745524301765,7.989067228231178,0.1301745524301765,7.989067228231178,7.858892675801002,9.971177553294442,0.1301745524301765,0.0,0.0,10.087649521258285,0.10894793407830493,18.193188717453307,1,0.15868788889434982,4,0.0,0.3684210526315789,4,0.5227063837942441
OpenDeepSearch/030,Math,Reasoning Hallucination,1,3,0,4,1.0,0.0,0.004854254031432248,3.5315496709573173,-1.982110325063264,0.0,7.989067228231178,0.0,7.989067228231178,0.0,-7.989067228231178,1.982110325063264,8.119241780661355,0.0,0.0,10.087649521258285,0.10894793407830493,18.193188717453307,1,0.15868788889434982,4,0.0,0.3684210526315789,4,0.25282441538753897
OpenDeepSearch/031,Math,Reasoning Hallucination,1,0,0,9,0.0,8.0,2.5086820950973134,2.8506737765443764,0.0,3.817186878165714,0.0,-6.850860974912273,0.0,6.850860974912273,-6.850860974912273,0.0,0.0,1.0,1.0,10.164394374289627,0.12175519264619422,31.351327160706767,5,1.1770154800476758,9,1.0,0.5263157894736842,4,0.20516567053623272
OpenDeepSearch/031,Math,Reasoning Hallucination,1,1,1,9,0.125,7.0,-4.342178879814959,-4.000187198367897,-6.850860974912273,10.668047853077987,-6.850860974912273,3.9012804438156365,6.850860974912273,3.9012804438156365,10.75214141872791,6.850860974912273,0.0,0.0,1.0,10.164394374289627,0.12175519264619422,31.351327160706767,5,1.1770154800476758,9,1.0,0.5263157894736842,4,0.27958813297881335
OpenDeepSearch/031,Math,Reasoning Hallucination,1,2,0,9,0.25,6.0,-0.44089843599932266,-0.09890675455225978,-2.949580531096636,6.76676740926235,3.9012804438156365,2.900009127405113,3.9012804438156365,2.900009127405113,-1.0012713164105236,2.949580531096636,3.9012804438156365,0.0,0.0,10.164394374289627,0.12175519264619422,31.351327160706767,5,1.1770154800476758,9,1.0,0.5263157894736842,4,0.15857594776920417
OpenDeepSearch/031,Math,Reasoning Hallucination,1,3,0,9,0.375,5.0,2.4591106914057903,2.8011023728528532,-0.04957140369152313,3.866758281857237,2.900009127405113,-7.228101476324138,2.900009127405113,7.228101476324138,-10.128110603729251,0.04957140369152313,6.8012895712207495,0.0,0.0,10.164394374289627,0.12175519264619422,31.351327160706767,5,1.1770154800476758,9,1.0,0.5263157894736842,4,0.32360547250856186
OpenDeepSearch/031,Math,Reasoning Hallucination,1,4,0,9,0.5,4.0,-4.768990784918348,-4.426999103471285,-7.277672880015661,11.094859758181375,-7.228101476324138,4.419710573485808,7.228101476324138,4.419710573485808,11.647812049809946,7.277672880015661,0.0,0.0,1.0,10.164394374289627,0.12175519264619422,31.351327160706767,5,1.1770154800476758,9,1.0,0.5263157894736842,4,0.4964061130000104
OpenDeepSearch/031,Math,Reasoning Hallucination,1,5,0,9,0.625,3.0,-0.3492802114325393,-0.007288529985476411,-2.8579623065298527,6.675149184695567,4.419710573485808,-1.921538467419662,4.419710573485808,1.921538467419662,-6.3412490409054705,2.8579623065298527,4.419710573485808,0.0,0.0,10.164394374289627,0.12175519264619422,31.351327160706767,5,1.1770154800476758,9,1.0,0.5263157894736842,4,0.3758728292791603
OpenDeepSearch/031,Math,Reasoning Hallucination,1,6,0,9,0.75,2.0,-2.2708186788522013,-1.9288269974051384,-4.779500773949515,8.596687652115229,-1.921538467419662,0.07139877707987452,1.921538467419662,0.07139877707987452,1.9929372444995366,4.779500773949515,2.4981721060661464,0.0,0.0,10.164394374289627,0.12175519264619422,31.351327160706767,5,1.1770154800476758,9,1.0,0.5263157894736842,4,0.31221838826521087
OpenDeepSearch/031,Math,Reasoning Hallucination,1,7,0,9,0.875,1.0,-2.199419901772327,-1.857428220325264,-4.70810199686964,8.525288875035354,0.07139877707987452,8.525288875035354,0.07139877707987452,8.525288875035354,8.45389009795548,4.70810199686964,2.569570883146021,0.0,0.0,10.164394374289627,0.12175519264619422,31.351327160706767,5,1.1770154800476758,9,1.0,0.5263157894736842,4,0.4615365141620974
OpenDeepSearch/031,Math,Reasoning Hallucination,1,8,0,9,1.0,0.0,6.325868973263027,6.66786065471009,3.817186878165714,0.0,8.525288875035354,0.0,8.525288875035354,0.0,-8.525288875035354,0.0,11.094859758181375,1.0,0.0,10.164394374289627,0.12175519264619422,31.351327160706767,5,1.1770154800476758,9,1.0,0.5263157894736842,4,0.104734406664325
OpenDeepSearch/032,Math,Reasoning Hallucination,4,0,0,7,0.0,6.0,4.988150547782553,5.593461742730168,0.0,-0.6953401163494206,0.0,-8.828249480622645,0.0,8.828249480622645,-8.828249480622645,0.0,0.0,1.0,1.0,8.627831038721208,0.029804167668198333,23.330298100938514,3,0.5771932839189828,7,0.0,0.21052631578947367,0,0.4335260663257878
OpenDeepSearch/032,Math,Reasoning Hallucination,4,1,0,7,0.16666666666666666,5.0,-3.8400989328400925,-3.2347877378924776,-8.828249480622645,8.132909364273225,-8.828249480622645,0.7615900792254635,8.828249480622645,0.7615900792254635,9.589839559848109,8.828249480622645,0.0,0.0,1.0,8.627831038721208,0.029804167668198333,23.330298100938514,3,0.5771932839189828,7,0.0,0.21052631578947367,0,0.5851197885421592
OpenDeepSearch/032,Math,Reasoning Hallucination,4,2,0,7,0.3333333333333333,4.0,-3.078508853614629,-2.473197658667014,-8.066659401397182,7.371319285047761,0.7615900792254635,0.24290159161589386,0.7615900792254635,0.24290159161589386,-0.5186884876095696,8.066659401397182,0.7615900792254635,0.0,0.0,8.627831038721208,0.029804167668198333,23.330298100938514,3,0.5771932839189828,7,0.0,0.21052631578947367,0,0.3007071448175028
OpenDeepSearch/032,Math,Reasoning Hallucination,4,3,0,7,0.5,3.0,-2.835607261998735,-2.2302960670511203,-7.823757809781288,7.128417693431867,0.24290159161589386,3.0896919599877357,0.24290159161589386,3.0896919599877357,2.846790368371842,7.823757809781288,1.0044916708413574,0.0,0.0,8.627831038721208,0.029804167668198333,23.330298100938514,3,0.5771932839189828,7,0.0,0.21052631578947367,0,0.352675899267711
OpenDeepSearch/032,Math,Reasoning Hallucination,4,4,1,7,0.6666666666666666,2.0,0.2540846979890006,0.8593958929366156,-4.734065849793552,4.0387257334441315,3.0896919599877357,-4.272093691373534,3.0896919599877357,4.272093691373534,-7.36178565136127,4.734065849793552,4.094183630829093,0.0,0.0,8.627831038721208,0.029804167668198333,23.330298100938514,3,0.5771932839189828,7,0.0,0.21052631578947367,0,0.47220508767117103
OpenDeepSearch/032,Math,Reasoning Hallucination,4,5,0,7,0.8333333333333334,1.0,-4.018008993384534,-3.412697798436919,-9.006159541167087,8.310819424817666,-4.272093691373534,8.310819424817666,4.272093691373534,8.310819424817666,12.5829131161912,9.006159541167087,0.0,0.0,1.0,8.627831038721208,0.029804167668198333,23.330298100938514,3,0.5771932839189828,7,0.0,0.21052631578947367,0,0.7717597566349316
OpenDeepSearch/032,Math,Reasoning Hallucination,4,6,0,7,1.0,0.0,4.292810431433132,4.898121626380747,-0.6953401163494206,0.0,8.310819424817666,0.0,8.310819424817666,0.0,-8.310819424817666,0.6953401163494206,8.310819424817666,0.0,0.0,8.627831038721208,0.029804167668198333,23.330298100938514,3,0.5771932839189828,7,0.0,0.21052631578947367,0,0.2309594566210324
OpenDeepSearch/033,Math,Reasoning Hallucination,1,0,0,3,0.0,2.0,2.28518530656687,2.280799064286723,0.0,-2.261345462020877,0.0,-4.581051730839292,0.0,4.581051730839292,-4.581051730839292,0.0,0.0,1.0,1.0,4.4589619272172705,0.33971589136516084,6.656578392413663,1,0.04035530993951896,3,0.0,0.5263157894736842,2,0.6796739867573731
OpenDeepSearch/033,Math,Reasoning Hallucination,1,1,1,3,0.5,1.0,-2.295866424272422,-2.3002526665525687,-4.581051730839292,2.3197062688184147,-4.581051730839292,2.3197062688184147,4.581051730839292,2.3197062688184147,6.900757999657706,4.581051730839292,0.0,0.0,1.0,4.4589619272172705,0.33971589136516084,6.656578392413663,1,0.04035530993951896,3,0.0,0.5263157894736842,2,0.7871779278968569
OpenDeepSearch/033,Math,Reasoning Hallucination,1,2,0,3,1.0,0.0,0.02383984454599286,0.019453602265845877,-2.261345462020877,0.0,2.3197062688184147,0.0,2.3197062688184147,0.0,-2.3197062688184147,2.261345462020877,2.3197062688184147,0.0,0.0,4.4589619272172705,0.33971589136516084,6.656578392413663,1,0.04035530993951896,3,0.0,0.5263157894736842,2,0.3083414042834297
OpenDeepSearch/034,World Knowledge,Retrieval Hallucination,2,0,0,9,0.0,8.0,2.9673107316731056,2.6382467299034267,0.0,-5.043003600071984,0.0,-0.8573755938847825,0.0,0.8573755938847825,-0.8573755938847825,0.0,0.0,1.0,1.0,7.0404177562539925,0.2537003426960495,19.877795774654704,4,0.7065272926276541,9,0.8421052631578947,0.2631578947368421,3,0.05995344380972169
OpenDeepSearch/034,World Knowledge,Retrieval Hallucination,2,1,0,9,0.125,7.0,2.109935137788323,1.780871136018644,-0.8573755938847825,-4.185628006187201,-0.8573755938847825,-4.597684130983431,0.8573755938847825,4.597684130983431,-3.740308537098649,0.8573755938847825,0.0,0.0,1.0,7.0404177562539925,0.2537003426960495,19.877795774654704,4,0.7065272926276541,9,0.8421052631578947,0.2631578947368421,3,0.2818190799158942
OpenDeepSearch/034,World Knowledge,Retrieval Hallucination,2,2,1,9,0.25,6.0,-2.4877489931951082,-2.816812994964787,-5.455059724868214,0.41205612479623,-4.597684130983431,0.4073579015539437,4.597684130983431,0.4073579015539437,5.005042032537375,5.455059724868214,0.0,0.0,1.0,7.0404177562539925,0.2537003426960495,19.877795774654704,4,0.7065272926276541,9,0.8421052631578947,0.2631578947368421,3,0.25962549985940664
OpenDeepSearch/034,World Knowledge,Retrieval Hallucination,2,3,0,9,0.375,5.0,-2.0803910916411645,-2.4094550934108434,-5.04770182331427,0.0046982232422863035,0.4073579015539437,0.3250974623867151,0.4073579015539437,0.3250974623867151,-0.08226043916722858,5.04770182331427,0.4073579015539437,0.0,0.0,7.0404177562539925,0.2537003426960495,19.877795774654704,4,0.7065272926276541,9,0.8421052631578947,0.2631578947368421,3,0.30401744543626563
OpenDeepSearch/034,World Knowledge,Retrieval Hallucination,2,4,0,9,0.5,4.0,-1.7552936292544494,-2.0843576310241283,-4.722604360927555,-0.3203992391444288,0.3250974623867151,-0.705248178271404,0.3250974623867151,0.705248178271404,-1.030345640658119,4.722604360927555,0.7324553639406588,0.0,0.0,7.0404177562539925,0.2537003426960495,19.877795774654704,4,0.7065272926276541,9,0.8421052631578947,0.2631578947368421,3,0.368735003063044
OpenDeepSearch/034,World Knowledge,Retrieval Hallucination,2,5,0,9,0.625,3.0,-2.4605418075258534,-2.7896058092955323,-5.427852539198959,0.38484893912697515,-0.705248178271404,6.360603719693543,0.705248178271404,6.360603719693543,7.065851897964947,5.427852539198959,0.02720718566925484,0.0,0.0,7.0404177562539925,0.2537003426960495,19.877795774654704,4,0.7065272926276541,9,0.8421052631578947,0.2631578947368421,3,0.44357478068904466
OpenDeepSearch/034,World Knowledge,Retrieval Hallucination,2,6,0,9,0.75,2.0,3.90006191216769,3.570997910398011,0.9327511804945843,-5.975754780566568,6.360603719693543,0.9438747121457567,6.360603719693543,0.9438747121457567,-5.4167290075477865,0.0,6.387810905362798,1.0,0.0,7.0404177562539925,0.2537003426960495,19.877795774654704,4,0.7065272926276541,9,0.8421052631578947,0.2631578947368421,3,0.13248372933000635
OpenDeepSearch/034,World Knowledge,Retrieval Hallucination,2,7,0,9,0.875,1.0,4.8439366243134465,4.514872622543767,1.876625892640341,-6.919629492712325,0.9438747121457567,-6.919629492712325,0.9438747121457567,6.919629492712325,-7.863504204858081,0.0,7.331685617508555,1.0,0.0,7.0404177562539925,0.2537003426960495,19.877795774654704,4,0.7065272926276541,9,0.8421052631578947,0.2631578947368421,3,0.34759474614200175
OpenDeepSearch/034,World Knowledge,Retrieval Hallucination,2,8,0,9,1.0,0.0,-2.0756928683988782,-2.404756870168557,-5.043003600071984,0.0,-6.919629492712325,0.0,6.919629492712325,0.0,6.919629492712325,6.919629492712325,0.41205612479623,0.0,0.0,7.0404177562539925,0.2537003426960495,19.877795774654704,4,0.7065272926276541,9,0.8421052631578947,0.2631578947368421,3,0.6339906098363539
OpenDeepSearch/035,World Knowledge,Retrieval Hallucination,1,0,0,3,0.0,2.0,2.3013121173126407,2.2975870347017904,0.0,-0.021598234148118678,0.0,-6.871162869957253,0.0,6.871162869957253,-6.871162869957253,0.0,0.0,1.0,1.0,6.510659468072561,0.001661438321886468,12.999720701997003,1,0.08023817254834187,3,0.0,0.5263157894736842,0,0.6962174663101958
OpenDeepSearch/035,World Knowledge,Retrieval Hallucination,1,1,1,3,0.5,1.0,-4.569850752644612,-4.573575835255462,-6.871162869957253,6.849564635809134,-6.871162869957253,6.849564635809134,6.871162869957253,6.849564635809134,13.720727505766387,6.871162869957253,0.0,0.0,1.0,6.510659468072561,0.001661438321886468,12.999720701997003,1,0.08023817254834187,3,0.0,0.5263157894736842,0,0.8096655217836362
OpenDeepSearch/035,World Knowledge,Retrieval Hallucination,1,2,0,3,1.0,0.0,2.279713883164522,2.2759888005536717,-0.021598234148118678,0.0,6.849564635809134,0.0,6.849564635809134,0.0,-6.849564635809134,0.021598234148118678,6.849564635809134,0.0,0.0,6.510659468072561,0.001661438321886468,12.999720701997003,1,0.08023817254834187,3,0.0,0.5263157894736842,0,0.26059279116153017
OpenDeepSearch/039,World Knowledge,Retrieval Hallucination,3,0,0,6,0.0,5.0,4.758790002941147,5.150779842613209,0.0,-6.64522877372184,0.0,-6.694672214898784,0.0,6.694672214898784,-6.694672214898784,0.0,0.0,1.0,1.0,9.102298400701297,0.3612937721538815,18.392868313521657,3,0.39215033909323943,6,0.0,0.7894736842105263,0,0.28043154828981504
OpenDeepSearch/039,World Knowledge,Retrieval Hallucination,3,1,0,6,0.2,4.0,-1.9358822119576367,-1.5438923722855744,-6.694672214898784,0.04944344117694399,-6.694672214898784,1.539584659543415,6.694672214898784,1.539584659543415,8.234256874442199,6.694672214898784,0.0,0.0,1.0,9.102298400701297,0.3612937721538815,18.392868313521657,3,0.39215033909323943,6,0.0,0.7894736842105263,0,0.4476636495998924
OpenDeepSearch/039,World Knowledge,Retrieval Hallucination,3,2,0,6,0.4,3.0,-0.3962975524142216,-0.004307712742159353,-5.155087555355369,-1.490141218366471,1.539584659543415,2.18857228492395,1.539584659543415,2.18857228492395,0.6489876253805349,5.155087555355369,1.539584659543415,0.0,0.0,9.102298400701297,0.3612937721538815,18.392868313521657,3,0.39215033909323943,6,0.0,0.7894736842105263,0,0.1910110379530016
OpenDeepSearch/039,World Knowledge,Retrieval Hallucination,3,3,1,6,0.6,2.0,1.7922747325097284,2.1842645721817906,-2.966515270431419,-3.678713503290421,2.18857228492395,-6.476659970840426,2.18857228492395,6.476659970840426,-8.665232255764376,2.966515270431419,3.728156944467365,0.0,0.0,9.102298400701297,0.3612937721538815,18.392868313521657,3,0.39215033909323943,6,0.0,0.7894736842105263,0,0.4093294532611885
OpenDeepSearch/039,World Knowledge,Retrieval Hallucination,3,4,0,6,0.8,1.0,-4.684385238330698,-4.292395398658636,-9.443175241271845,2.7979464675500054,-6.476659970840426,2.7979464675500054,6.476659970840426,2.7979464675500054,9.274606438390432,9.443175241271845,0.0,0.0,1.0,9.102298400701297,0.3612937721538815,18.392868313521657,3,0.39215033909323943,6,0.0,0.7894736842105263,0,0.660423723800633
OpenDeepSearch/039,World Knowledge,Retrieval Hallucination,3,5,0,6,1.0,0.0,-1.8864387707806927,-1.4944489311086304,-6.64522877372184,0.0,2.7979464675500054,0.0,2.7979464675500054,0.0,-2.7979464675500054,6.64522877372184,2.7979464675500054,0.0,0.0,9.102298400701297,0.3612937721538815,18.392868313521657,3,0.39215033909323943,6,0.0,0.7894736842105263,0,0.3013792249668005
OpenDeepSearch/041,World Knowledge,Reasoning Hallucination,2,0,0,4,0.0,3.0,2.1206784295194865,3.728984414303305,0.0,2.1423077819170047,0.0,-8.512946382029668,0.0,8.512946382029668,-8.512946382029668,0.0,0.0,1.0,1.0,10.684201294273258,0.11142708924842593,19.22609480662951,1,0.1684259054477837,4,1.0,0.631578947368421,3,0.723282156368961
OpenDeepSearch/041,World Knowledge,Reasoning Hallucination,2,1,0,4,0.3333333333333333,2.0,-6.392267952510181,-4.783961967726363,-8.512946382029668,10.655254163946672,-8.512946382029668,-0.03235267507088935,8.512946382029668,0.03235267507088935,8.480593706958778,8.512946382029668,0.0,0.0,1.0,10.684201294273258,0.11142708924842593,19.22609480662951,1,0.1684259054477837,4,1.0,0.631578947368421,3,0.7123060664583895
OpenDeepSearch/041,World Knowledge,Reasoning Hallucination,2,2,1,4,0.6666666666666666,1.0,-6.424620627581071,-4.816314642797252,-8.545299057100557,10.687606839017562,-0.03235267507088935,10.687606839017562,0.03235267507088935,10.687606839017562,10.719959514088451,8.545299057100557,0.0,0.0,1.0,10.684201294273258,0.11142708924842593,19.22609480662951,1,0.1684259054477837,4,1.0,0.631578947368421,3,0.5515470697505903
OpenDeepSearch/041,World Knowledge,Reasoning Hallucination,2,3,0,4,1.0,0.0,4.262986211436491,5.87129219622031,2.1423077819170047,0.0,10.687606839017562,0.0,10.687606839017562,0.0,-10.687606839017562,0.0,10.687606839017562,1.0,0.0,10.684201294273258,0.11142708924842593,19.22609480662951,1,0.1684259054477837,4,1.0,0.631578947368421,3,0.08750529327381625
OpenDeepSearch/042,World Knowledge,Retrieval Hallucination,1,0,0,3,0.0,2.0,4.561486700984133,3.8050007440215126,0.0,0.01480119523455059,0.0,-11.429803427299088,0.0,11.429803427299088,-11.429803427299088,0.0,0.0,1.0,1.0,10.843036021096845,0.000682986952591544,21.67127084695914,1,0.13376846812767765,3,1.0,0.47368421052631576,3,0.8469857870053141
OpenDeepSearch/042,World Knowledge,Retrieval Hallucination,1,1,1,3,0.5,1.0,-6.868316726314955,-7.624802683277576,-11.429803427299088,11.444604622533639,-11.429803427299088,11.444604622533639,11.429803427299088,11.444604622533639,22.874408049832727,11.429803427299088,0.0,0.0,1.0,10.843036021096845,0.000682986952591544,21.67127084695914,1,0.13376846812767765,3,1.0,0.47368421052631576,3,0.7693765843099722
OpenDeepSearch/042,World Knowledge,Retrieval Hallucination,1,2,0,3,1.0,0.0,4.576287896218684,3.819801939256063,0.01480119523455059,0.0,11.444604622533639,0.0,11.444604622533639,0.0,-11.444604622533639,0.0,11.444604622533639,1.0,0.0,10.843036021096845,0.000682986952591544,21.67127084695914,1,0.13376846812767765,3,1.0,0.47368421052631576,3,0.07759142882095806
OpenDeepSearch/043,World Knowledge,Retrieval Hallucination,2,0,0,4,0.0,3.0,-0.04728641143011103,0.48777319794776464,0.0,6.482689626076841,0.0,0.07787651749534419,0.0,0.07787651749534419,0.07787651749534419,0.0,0.0,1.0,1.0,14.205172321364294,0.29366377363333135,22.075210523485026,2,0.28290610512853254,4,1.0,0.6842105263157895,3,0.39326347870283307
OpenDeepSearch/043,World Knowledge,Retrieval Hallucination,2,1,0,4,0.3333333333333333,2.0,0.030590106065233158,0.5656497154431088,0.07787651749534419,6.4048131085814966,0.07787651749534419,-8.589535452858588,0.07787651749534419,8.589535452858588,-8.667411970353932,0.0,0.07787651749534419,1.0,0.0,14.205172321364294,0.29366377363333135,22.075210523485026,2,0.28290610512853254,4,1.0,0.6842105263157895,3,0.7801486269308395
OpenDeepSearch/043,World Knowledge,Retrieval Hallucination,2,2,1,4,0.6666666666666666,1.0,-8.558945346793355,-8.02388573741548,-8.511658935363243,14.994348561440084,-8.589535452858588,14.994348561440084,8.589535452858588,14.994348561440084,23.583884014298672,8.589535452858588,0.0,0.0,1.0,14.205172321364294,0.29366377363333135,22.075210523485026,2,0.28290610512853254,4,1.0,0.6842105263157895,3,0.7401107802275251
OpenDeepSearch/043,World Knowledge,Retrieval Hallucination,2,3,0,4,1.0,0.0,6.43540321464673,6.970462824024605,6.482689626076841,0.0,14.994348561440084,0.0,14.994348561440084,0.0,-14.994348561440084,0.0,14.994348561440084,1.0,0.0,14.205172321364294,0.29366377363333135,22.075210523485026,2,0.28290610512853254,4,1.0,0.6842105263157895,3,0.04951927797189931
OpenDeepSearch/045,World Knowledge,Retrieval Hallucination,1,0,0,3,0.0,2.0,-0.02216636444855169,2.268083713236917,0.0,-2.276994530096516,0.0,-4.527256609614234,0.0,4.527256609614234,-4.527256609614234,0.0,0.0,1.0,1.0,4.408821763323829,0.34812975460037177,6.54064899655114,1,0.03963461221714621,3,0.0,0.5263157894736842,4,0.75020359440514
OpenDeepSearch/045,World Knowledge,Retrieval Hallucination,1,1,1,3,0.5,1.0,-4.549422974062786,-2.259172896377317,-4.527256609614234,2.250262079517718,-4.527256609614234,2.250262079517718,4.527256609614234,2.250262079517718,6.777518689131952,4.527256609614234,0.0,0.0,1.0,4.408821763323829,0.34812975460037177,6.54064899655114,1,0.03963461221714621,3,0.0,0.5263157894736842,4,0.7429894061428354
OpenDeepSearch/045,World Knowledge,Retrieval Hallucination,1,2,0,3,1.0,0.0,-2.299160894545068,-0.008910816859599269,-2.276994530096516,0.0,2.250262079517718,0.0,2.250262079517718,0.0,-2.250262079517718,2.276994530096516,2.250262079517718,0.0,0.0,4.408821763323829,0.34812975460037177,6.54064899655114,1,0.03963461221714621,3,0.0,0.5263157894736842,4,0.4246945558374456
OpenDeepSearch/046,World Knowledge,Retrieval Hallucination,1,0,0,3,0.0,2.0,4.89178395364203,4.891783953642026,0.0,-4.882059343984171,0.0,-9.793292516941907,0.0,9.793292516941907,-9.793292516941907,0.0,0.0,1.0,1.0,9.534806560470447,0.3441086053829491,14.187553776956726,1,0.08599137830350702,3,0.0,0.5263157894736842,0,0.7091832587332229
OpenDeepSearch/046,World Knowledge,Retrieval Hallucination,1,1,1,3,0.5,1.0,-4.901508563299878,-4.901508563299881,-9.793292516941907,4.911233172957736,-9.793292516941907,4.911233172957736,9.793292516941907,4.911233172957736,14.704525689899643,9.793292516941907,0.0,0.0,1.0,9.534806560470447,0.3441086053829491,14.187553776956726,1,0.08599137830350702,3,0.0,0.5263157894736842,0,0.7845346826966864
OpenDeepSearch/046,World Knowledge,Retrieval Hallucination,1,2,0,3,1.0,0.0,0.009724609657858707,0.009724609657855154,-4.882059343984171,0.0,4.911233172957736,0.0,4.911233172957736,0.0,-4.911233172957736,4.882059343984171,4.911233172957736,0.0,0.0,9.534806560470447,0.3441086053829491,14.187553776956726,1,0.08599137830350702,3,0.0,0.5263157894736842,0,0.2789695695946979
OpenDeepSearch/047,Math,Reasoning Hallucination,1,0,0,6,0.0,5.0,6.650878743846231,6.600786666492281,0.0,-4.338508822332663,0.0,-13.2814624799366,0.0,13.2814624799366,-13.2814624799366,0.0,0.0,1.0,1.0,12.918620996878362,0.12710108783408358,34.13431699338488,3,0.6983504849369937,6,0.0,0.21052631578947367,4,0.6412746380068083
OpenDeepSearch/047,Math,Reasoning Hallucination,1,1,1,6,0.2,4.0,-6.630583736090369,-6.680675813444319,-13.2814624799366,8.942953657603937,-13.2814624799366,6.89398817810655,13.2814624799366,6.89398817810655,20.17545065804315,13.2814624799366,0.0,0.0,1.0,12.918620996878362,0.12710108783408358,34.13431699338488,3,0.6983504849369937,6,0.0,0.21052631578947367,4,0.5008841246413467
OpenDeepSearch/047,Math,Reasoning Hallucination,1,2,0,6,0.4,3.0,0.2634044420161814,0.21331236466223125,-6.38747430183005,2.0489654794973866,6.89398817810655,2.036358296092086,6.89398817810655,2.036358296092086,-4.857629882014464,6.38747430183005,6.89398817810655,0.0,0.0,12.918620996878362,0.12710108783408358,34.13431699338488,3,0.6983504849369937,6,0.0,0.21052631578947367,4,0.22443270489689662
OpenDeepSearch/047,Math,Reasoning Hallucination,1,3,0,6,0.6,2.0,2.2997627381082673,2.249670660754317,-4.351116005737964,0.01260718340530076,2.036358296092086,-6.8950423833784455,2.036358296092086,6.8950423833784455,-8.931400679470531,4.351116005737964,8.930346474198636,0.0,0.0,12.918620996878362,0.12710108783408358,34.13431699338488,3,0.6983504849369937,6,0.0,0.21052631578947367,4,0.3078574731622545
OpenDeepSearch/047,Math,Reasoning Hallucination,1,4,0,6,0.8,1.0,-4.595279645270178,-4.6453717226241285,-11.24615838911641,6.907649566783746,-6.8950423833784455,6.907649566783746,6.8950423833784455,6.907649566783746,13.802691950162192,11.24615838911641,2.0353040908201905,0.0,0.0,12.918620996878362,0.12710108783408358,34.13431699338488,3,0.6983504849369937,6,0.0,0.21052631578947367,4,0.34770094873187485
OpenDeepSearch/047,Math,Reasoning Hallucination,1,5,0,6,1.0,0.0,2.312369921513568,2.262277844159618,-4.338508822332663,0.0,6.907649566783746,0.0,6.907649566783746,0.0,-6.907649566783746,4.338508822332663,8.942953657603937,0.0,0.0,12.918620996878362,0.12710108783408358,34.13431699338488,3,0.6983504849369937,6,0.0,0.21052631578947367,4,0.20889784277509785
OpenDeepSearch/061,World Knowledge,Retrieval Hallucination,4,0,0,6,0.0,5.0,9.125986950481039,9.571507620888385,0.0,-5.014091267862604,0.0,-11.197826754792601,0.0,11.197826754792601,-11.197826754792601,0.0,0.0,1.0,1.0,17.93804789047947,0.160969028101266,31.1494163008068,3,0.5483102670951092,6,0.0,0.7894736842105263,1,0.3015128821196753
OpenDeepSearch/061,World Knowledge,Retrieval Hallucination,4,1,0,6,0.2,4.0,-2.071839804311562,-1.6263191339042156,-11.197826754792601,6.183735486929997,-11.197826754792601,0.1820274655499574,11.197826754792601,0.1820274655499574,11.379854220342558,11.197826754792601,0.0,0.0,1.0,17.93804789047947,0.160969028101266,31.1494163008068,3,0.5483102670951092,6,0.0,0.7894736842105263,1,0.35003744202098513
OpenDeepSearch/061,World Knowledge,Retrieval Hallucination,4,2,0,6,0.4,3.0,-1.8898123387616046,-1.4442916683542582,-11.015799289242644,6.00170802138004,0.1820274655499574,-0.9136713885617311,0.1820274655499574,0.9136713885617311,-1.0956988541116885,11.015799289242644,0.1820274655499574,0.0,0.0,17.93804789047947,0.160969028101266,31.1494163008068,3,0.5483102670951092,6,0.0,0.7894736842105263,1,0.1892761603671559
OpenDeepSearch/061,World Knowledge,Retrieval Hallucination,4,3,0,6,0.6,2.0,-2.8034837273233357,-2.3579630569159895,-11.929470677804375,6.915379409941771,-0.9136713885617311,-6.342387057823714,0.9136713885617311,6.342387057823714,-5.428715669261983,11.929470677804375,0.0,0.0,1.0,17.93804789047947,0.160969028101266,31.1494163008068,3,0.5483102670951092,6,0.0,0.7894736842105263,1,0.5955576101357278
OpenDeepSearch/061,World Knowledge,Retrieval Hallucination,4,4,1,6,0.8,1.0,-9.14587078514705,-8.700350114739704,-18.27185773562809,13.257766467765485,-6.342387057823714,13.257766467765485,6.342387057823714,13.257766467765485,19.6001535255892,18.27185773562809,0.0,0.0,1.0,17.93804789047947,0.160969028101266,31.1494163008068,3,0.5483102670951092,6,0.0,0.7894736842105263,1,0.5917365275138878
OpenDeepSearch/061,World Knowledge,Retrieval Hallucination,4,5,0,6,1.0,0.0,4.111895682618435,4.557416353025782,-5.014091267862604,0.0,13.257766467765485,0.0,13.257766467765485,0.0,-13.257766467765485,5.014091267862604,13.257766467765485,0.0,0.0,17.93804789047947,0.160969028101266,31.1494163008068,3,0.5483102670951092,6,0.0,0.7894736842105263,1,0.1574541650931825
OpenDeepSearch/063,World Knowledge,Retrieval Hallucination,1,0,0,3,0.0,2.0,6.857443095399709,7.61640396595529,0.0,-11.427782822364016,0.0,-11.421429075501855,0.0,11.421429075501855,-11.421429075501855,0.0,0.0,1.0,1.0,11.427782822364016,1.0,11.427782822364016,0,0.06675482648327326,3,0.0,1.0,1,0.7813595069533907
OpenDeepSearch/063,World Knowledge,Retrieval Hallucination,1,1,1,3,0.5,1.0,-4.563985980102146,-3.805025109546565,-11.421429075501855,-0.006353746862160392,-11.421429075501855,-0.006353746862160392,11.421429075501855,0.006353746862160392,11.415075328639695,11.421429075501855,0.0,0.0,1.0,11.427782822364016,1.0,11.427782822364016,0,0.06675482648327326,3,0.0,1.0,1,0.6502294720022082
OpenDeepSearch/063,World Knowledge,Retrieval Hallucination,1,2,0,3,1.0,0.0,-4.570339726964306,-3.811378856408725,-11.427782822364016,0.0,-0.006353746862160392,0.0,0.006353746862160392,0.0,0.006353746862160392,11.427782822364016,0.0,0.0,1.0,11.427782822364016,1.0,11.427782822364016,0,0.06675482648327326,3,0.0,1.0,1,0.4603538010081096
OpenDeepSearch/067,World Knowledge,Retrieval Hallucination,3,0,0,6,0.0,5.0,2.2552971349134054,2.8855292470630247,0.0,4.994807082111052,0.0,-6.543415752701801,0.0,6.543415752701801,-6.543415752701801,0.0,0.0,1.0,1.0,13.168681199301343,0.15560578263087535,32.099109671005124,3,0.7049402032701604,6,1.0,0.7894736842105263,2,0.2705045583632704
OpenDeepSearch/067,World Knowledge,Retrieval Hallucination,3,1,0,6,0.2,4.0,-4.288118617788395,-3.657886505638776,-6.543415752701801,11.538222834812853,-6.543415752701801,-0.0508221690272741,6.543415752701801,0.0508221690272741,6.492593583674527,6.543415752701801,0.0,0.0,1.0,13.168681199301343,0.15560578263087535,32.099109671005124,3,0.7049402032701604,6,1.0,0.7894736842105263,2,0.4271899750066657
OpenDeepSearch/067,World Knowledge,Retrieval Hallucination,3,2,0,6,0.4,3.0,-4.3389407868156695,-3.7087086746660503,-6.594237921729075,11.589045003840127,-0.0508221690272741,6.019984286762352,0.0508221690272741,6.019984286762352,6.070806455789626,6.594237921729075,0.0,0.0,1.0,13.168681199301343,0.15560578263087535,32.099109671005124,3,0.7049402032701604,6,1.0,0.7894736842105263,2,0.49687453871352505
OpenDeepSearch/067,World Knowledge,Retrieval Hallucination,3,3,1,6,0.6,2.0,1.6810434999466821,2.3112756120963014,-0.5742536349667233,5.569060717077775,6.019984286762352,-8.021821620124879,6.019984286762352,8.021821620124879,-14.04180590688723,0.5742536349667233,6.019984286762352,0.0,0.0,13.168681199301343,0.15560578263087535,32.099109671005124,3,0.7049402032701604,6,1.0,0.7894736842105263,2,0.46233190523775247
OpenDeepSearch/067,World Knowledge,Retrieval Hallucination,3,4,0,6,0.8,1.0,-6.3407781201781965,-5.710546008028577,-8.596075255091602,13.590882337202654,-8.021821620124879,13.590882337202654,8.021821620124879,13.590882337202654,21.612703957327533,8.596075255091602,0.0,0.0,1.0,13.168681199301343,0.15560578263087535,32.099109671005124,3,0.7049402032701604,6,1.0,0.7894736842105263,2,0.7582439497812111
OpenDeepSearch/067,World Knowledge,Retrieval Hallucination,3,5,0,6,1.0,0.0,7.250104217024457,7.880336329174077,4.994807082111052,0.0,13.590882337202654,0.0,13.590882337202654,0.0,-13.590882337202654,0.0,13.590882337202654,1.0,0.0,13.168681199301343,0.15560578263087535,32.099109671005124,3,0.7049402032701604,6,1.0,0.7894736842105263,2,0.015096619230467154
OpenDeepSearch/069,World Knowledge,Retrieval Hallucination,2,0,0,4,0.0,3.0,6.419344412380113,6.956353866998999,0.0,-8.560410476600957,0.0,-10.686689502524843,0.0,10.686689502524843,-10.686689502524843,0.0,0.0,1.0,1.0,10.464755395824353,0.6920802854340751,12.369100315047753,1,0.1305748466453063,4,0.0,0.3684210526315789,2,0.7155157538335565
OpenDeepSearch/069,World Knowledge,Retrieval Hallucination,2,1,0,4,0.3333333333333333,2.0,-4.26734509014473,-3.7303356355258437,-10.686689502524843,2.1262790259238855,-10.686689502524843,2.1083740136546467,10.686689502524843,2.1083740136546467,12.79506351617949,10.686689502524843,0.0,0.0,1.0,10.464755395824353,0.6920802854340751,12.369100315047753,1,0.1305748466453063,4,0.0,0.3684210526315789,2,0.7532148330701927
OpenDeepSearch/069,World Knowledge,Retrieval Hallucination,2,2,1,4,0.6666666666666666,1.0,-2.158971076490083,-1.621961621871197,-8.578315488870196,0.017905012269238796,2.1083740136546467,0.017905012269238796,2.1083740136546467,0.017905012269238796,-2.090469001385408,8.578315488870196,2.1083740136546467,0.0,0.0,10.464755395824353,0.6920802854340751,12.369100315047753,1,0.1305748466453063,4,0.0,0.3684210526315789,2,0.2965048823232123
OpenDeepSearch/069,World Knowledge,Retrieval Hallucination,2,3,0,4,1.0,0.0,-2.141066064220844,-1.6040566096019582,-8.560410476600957,0.0,0.017905012269238796,0.0,0.017905012269238796,0.0,-0.017905012269238796,8.560410476600957,2.1262790259238855,0.0,0.0,10.464755395824353,0.6920802854340751,12.369100315047753,1,0.1305748466453063,4,0.0,0.3684210526315789,2,0.26577145261037566
OpenDeepSearch/070,World Knowledge,Retrieval Hallucination,8,0,0,10,0.0,9.0,4.952280831153015,4.714064151024857,0.0,-2.5137602020311576,0.0,-9.77039619669053,0.0,9.77039619669053,-9.77039619669053,0.0,0.0,1.0,1.0,9.256164817917345,0.07692091626552659,32.6798005545566,5,1.5000355051063263,10,0.0,0.10526315789473684,2,0.2545997022373241
OpenDeepSearch/070,World Knowledge,Retrieval Hallucination,8,1,0,10,0.1111111111111111,8.0,-4.8181153655375155,-5.056332045665673,-9.77039619669053,7.256635994659373,-9.77039619669053,4.485006223415674,9.77039619669053,4.485006223415674,14.255402420106204,9.77039619669053,0.0,0.0,1.0,9.256164817917345,0.07692091626552659,32.6798005545566,5,1.5000355051063263,10,0.0,0.10526315789473684,2,0.4296495115532621
OpenDeepSearch/070,World Knowledge,Retrieval Hallucination,8,2,0,10,0.2222222222222222,7.0,-0.33310914212184173,-0.5713258222499995,-5.285389973274857,2.771629771243699,4.485006223415674,-3.807105822954334,4.485006223415674,3.807105822954334,-8.292112046370008,5.285389973274857,4.485006223415674,0.0,0.0,9.256164817917345,0.07692091626552659,32.6798005545566,5,1.5000355051063263,10,0.0,0.10526315789473684,2,0.20395607440875846
OpenDeepSearch/070,World Knowledge,Retrieval Hallucination,8,3,0,10,0.3333333333333333,6.0,-4.140214965076176,-4.3784316452043335,-9.09249579622919,6.578735594198033,-3.807105822954334,8.73731673118499,3.807105822954334,8.73731673118499,12.544422554139324,9.09249579622919,0.6779004004613398,0.0,0.0,9.256164817917345,0.07692091626552659,32.6798005545566,5,1.5000355051063263,10,0.0,0.10526315789473684,2,0.27922257900962355
OpenDeepSearch/070,World Knowledge,Retrieval Hallucination,8,4,0,10,0.4444444444444444,5.0,4.597101766108814,4.358885085980656,-0.3551790650442008,-2.1585811369869567,8.73731673118499,-4.232280816523669,8.73731673118499,4.232280816523669,-12.96959754770866,0.3551790650442008,9.41521713164633,0.0,0.0,9.256164817917345,0.07692091626552659,32.6798005545566,5,1.5000355051063263,10,0.0,0.10526315789473684,2,0.18200853873822084
OpenDeepSearch/070,World Knowledge,Retrieval Hallucination,8,5,0,10,0.5555555555555556,4.0,0.36482094958514466,0.12660426945698688,-4.58745988156787,2.0736996795367126,-4.232280816523669,-2.9176210485477583,4.232280816523669,2.9176210485477583,1.314659767975911,4.58745988156787,5.18293631512266,0.0,0.0,9.256164817917345,0.07692091626552659,32.6798005545566,5,1.5000355051063263,10,0.0,0.10526315789473684,2,0.2780589690089883
OpenDeepSearch/070,World Knowledge,Retrieval Hallucination,8,6,0,10,0.6666666666666666,3.0,-2.5528000989626136,-2.7910167790907714,-7.5050809301156285,4.991320728084471,-2.9176210485477583,2.719572142340887,2.9176210485477583,2.719572142340887,5.637193190888645,7.5050809301156285,2.265315266574902,0.0,0.0,9.256164817917345,0.07692091626552659,32.6798005545566,5,1.5000355051063263,10,0.0,0.10526315789473684,2,0.28357828444822686
OpenDeepSearch/070,World Knowledge,Retrieval Hallucination,8,7,0,10,0.7777777777777778,2.0,0.16677204337827334,-0.07144463674988444,-4.7855087877747415,2.271748585743584,2.719572142340887,1.5401381102543468,2.719572142340887,1.5401381102543468,-1.1794340320865402,4.7855087877747415,4.984887408915789,0.0,0.0,9.256164817917345,0.07692091626552659,32.6798005545566,5,1.5000355051063263,10,0.0,0.10526315789473684,2,0.2235555769173892
OpenDeepSearch/070,World Knowledge,Retrieval Hallucination,8,8,1,10,0.8888888888888888,1.0,1.70691015363262,1.4686934735044623,-3.2453706775203948,0.7316104754892372,1.5401381102543468,0.7316104754892372,1.5401381102543468,0.7316104754892372,-0.8085276347651096,3.2453706775203948,6.525025519170136,0.0,0.0,9.256164817917345,0.07692091626552659,32.6798005545566,5,1.5000355051063263,10,0.0,0.10526315789473684,2,0.21133748166028737
OpenDeepSearch/070,World Knowledge,Retrieval Hallucination,8,9,0,10,1.0,0.0,2.4385206291218573,2.2003039489936995,-2.5137602020311576,0.0,0.7316104754892372,0.0,0.7316104754892372,0.0,-0.7316104754892372,2.5137602020311576,7.256635994659373,0.0,0.0,9.256164817917345,0.07692091626552659,32.6798005545566,5,1.5000355051063263,10,0.0,0.10526315789473684,2,0.22134485597953935
OpenDeepSearch/074,World Knowledge,Reasoning Hallucination,4,0,0,6,0.0,5.0,8.087368034245241,8.08736803424524,0.0,-4.08488611691935,0.0,-10.09785266808965,0.0,10.09785266808965,-10.09785266808965,0.0,0.0,1.0,1.0,13.758988721003243,0.11197861403295857,36.47916302765676,3,0.7659337907048651,6,0.0,0.7894736842105263,3,0.3435168169702477
OpenDeepSearch/074,World Knowledge,Reasoning Hallucination,4,1,0,6,0.2,4.0,-2.01048463384441,-2.010484633844411,-10.09785266808965,6.012966551170301,-10.09785266808965,-3.9762031768917474,10.09785266808965,3.9762031768917474,6.121649491197903,10.09785266808965,0.0,0.0,1.0,13.758988721003243,0.11197861403295857,36.47916302765676,3,0.7659337907048651,6,0.0,0.7894736842105263,3,0.575370243600038
OpenDeepSearch/074,World Knowledge,Reasoning Hallucination,4,2,0,6,0.4,3.0,-5.986687810736157,-5.986687810736158,-14.074055844981398,9.989169728062048,-3.9762031768917474,7.99213474735804,3.9762031768917474,7.99213474735804,11.968337924249788,14.074055844981398,0.0,0.0,1.0,13.758988721003243,0.11197861403295857,36.47916302765676,3,0.7659337907048651,6,0.0,0.7894736842105263,3,0.3934577270034895
OpenDeepSearch/074,World Knowledge,Reasoning Hallucination,4,3,0,6,0.6,2.0,2.0054469366218832,2.005446936621882,-6.081921097623358,1.997034980704008,7.99213474735804,-8.103571380234325,7.99213474735804,8.103571380234325,-16.095706127592365,6.081921097623358,7.99213474735804,0.0,0.0,13.758988721003243,0.11197861403295857,36.47916302765676,3,0.7659337907048651,6,0.0,0.7894736842105263,3,0.49803152271149537
OpenDeepSearch/074,World Knowledge,Reasoning Hallucination,4,4,1,6,0.8,1.0,-6.098124443612441,-6.098124443612442,-14.185492477857682,10.100606360938333,-8.103571380234325,10.100606360938333,8.103571380234325,10.100606360938333,18.204177741172657,14.185492477857682,0.0,0.0,1.0,13.758988721003243,0.11197861403295857,36.47916302765676,3,0.7659337907048651,6,0.0,0.7894736842105263,3,0.4768615395560422
OpenDeepSearch/074,World Knowledge,Reasoning Hallucination,4,5,0,6,1.0,0.0,4.002481917325891,4.00248191732589,-4.08488611691935,0.0,10.100606360938333,0.0,10.100606360938333,0.0,-10.100606360938333,4.08488611691935,10.100606360938333,0.0,0.0,13.758988721003243,0.11197861403295857,36.47916302765676,3,0.7659337907048651,6,0.0,0.7894736842105263,3,0.13710130982628904
OpenDeepSearch/076,World Knowledge,Planning Hallucination,0,0,1,3,0.0,2.0,-0.00012025232483026116,0.7684545551671947,0.0,2.280544677152946,0.0,-4.58590834265453,0.0,4.58590834265453,-4.58590834265453,0.0,0.0,1.0,1.0,6.625089422825659,0.2078961469564786,10.96963416849837,1,0.06697287346469064,3,1.0,0.47368421052631576,4,0.7690585217655215
OpenDeepSearch/076,World Knowledge,Planning Hallucination,0,1,0,3,0.5,1.0,-4.586028594979361,-3.8174537874873358,-4.58590834265453,6.8664530198074765,-4.58590834265453,6.8664530198074765,4.58590834265453,6.8664530198074765,11.452361362462007,4.58590834265453,0.0,0.0,1.0,6.625089422825659,0.2078961469564786,10.96963416849837,1,0.06697287346469064,3,1.0,0.47368421052631576,4,0.7920929546587049
OpenDeepSearch/076,World Knowledge,Planning Hallucination,0,2,0,3,1.0,0.0,2.280424424828116,3.0489992323201407,2.280544677152946,0.0,6.8664530198074765,0.0,6.8664530198074765,0.0,-6.8664530198074765,0.0,6.8664530198074765,1.0,0.0,6.625089422825659,0.2078961469564786,10.96963416849837,1,0.06697287346469064,3,1.0,0.47368421052631576,4,0.15199169418277012
OpenDeepSearch/078,World Knowledge,Planning Hallucination,0,0,1,4,0.0,3.0,-0.02826343596753844,2.126936034316725,0.0,4.279082287005412,0.0,-8.549977683691736,0.0,8.549977683691736,-8.549977683691736,0.0,0.0,1.0,1.0,12.379061145239689,0.20894935926095803,20.479040003473962,1,0.1497009536077002,4,1.0,0.3157894736842105,3,0.7592798606277136
OpenDeepSearch/078,World Knowledge,Planning Hallucination,0,1,0,4,0.3333333333333333,2.0,-8.578241119659275,-6.423041649375011,-8.549977683691736,12.829059970697148,-8.549977683691736,4.31312894311116,8.549977683691736,4.31312894311116,12.863106626802896,8.549977683691736,0.0,0.0,1.0,12.379061145239689,0.20894935926095803,20.479040003473962,1,0.1497009536077002,4,1.0,0.3157894736842105,3,0.7579093925099436
OpenDeepSearch/078,World Knowledge,Planning Hallucination,0,2,0,4,0.6666666666666666,1.0,-4.265112176548115,-2.1099127062638514,-4.236848740580577,8.515931027585989,4.31312894311116,8.515931027585989,4.31312894311116,8.515931027585989,4.202802084474829,4.236848740580577,4.31312894311116,0.0,0.0,12.379061145239689,0.20894935926095803,20.479040003473962,1,0.1497009536077002,4,1.0,0.3157894736842105,3,0.5181998592469769
OpenDeepSearch/078,World Knowledge,Planning Hallucination,0,3,0,4,1.0,0.0,4.250818851037874,6.406018321322137,4.279082287005412,0.0,8.515931027585989,0.0,8.515931027585989,0.0,-8.515931027585989,0.0,12.829059970697148,1.0,0.0,12.379061145239689,0.20894935926095803,20.479040003473962,1,0.1497009536077002,4,1.0,0.3157894736842105,3,0.064895676307709
OpenDeepSearch/079,World Knowledge,Planning Hallucination,0,0,1,3,0.0,2.0,-0.021218845369755712,2.2699332219362347,0.0,0.01284744842738661,0.0,-6.822647114236091,0.0,6.822647114236091,-6.822647114236091,0.0,0.0,1.0,1.0,6.476407872440525,0.0009928500698805876,12.939968296453664,1,0.07987217354912089,3,1.0,0.47368421052631576,0,0.7067561362870236
OpenDeepSearch/079,World Knowledge,Planning Hallucination,0,1,0,3,0.5,1.0,-6.843865959605846,-4.552713892299856,-6.822647114236091,6.835494562663477,-6.822647114236091,6.835494562663477,6.822647114236091,6.835494562663477,13.658141676899568,6.822647114236091,0.0,0.0,1.0,6.476407872440525,0.0009928500698805876,12.939968296453664,1,0.07987217354912089,3,1.0,0.47368421052631576,0,0.8176911523515825
OpenDeepSearch/079,World Knowledge,Planning Hallucination,0,2,0,3,1.0,0.0,-0.008371396942369103,2.2827806703636213,0.01284744842738661,0.0,6.835494562663477,0.0,6.835494562663477,0.0,-6.835494562663477,0.0,6.835494562663477,1.0,0.0,6.476407872440525,0.0009928500698805876,12.939968296453664,1,0.07987217354912089,3,1.0,0.47368421052631576,0,0.13060380147121226
OpenDeepSearch/080,World Knowledge,Planning Hallucination,0,0,1,4,0.0,3.0,-0.005664018845383367,1.6003719860938235,0.0,4.276989261444289,0.0,-2.1266370043344374,0.0,2.1266370043344374,-2.1266370043344374,0.0,0.0,1.0,1.0,12.15362791224894,0.2135263276692143,20.030266563053594,1,0.20660174432365355,4,1.0,0.6842105263157895,0,0.36778608468984314
OpenDeepSearch/080,World Knowledge,Planning Hallucination,0,1,0,4,0.3333333333333333,2.0,-2.1323010231798207,-0.5262650182406139,-2.1266370043344374,6.403626265778726,-2.1266370043344374,-6.425203197150708,2.1266370043344374,6.425203197150708,-4.298566192816271,2.1266370043344374,0.0,0.0,1.0,12.15362791224894,0.2135263276692143,20.030266563053594,1,0.20660174432365355,4,1.0,0.6842105263157895,0,0.8345946723313398
OpenDeepSearch/080,World Knowledge,Planning Hallucination,0,2,0,4,0.6666666666666666,1.0,-8.557504220330529,-6.951468215391322,-8.551840201485145,12.828829462929434,-6.425203197150708,12.828829462929434,6.425203197150708,12.828829462929434,19.254032660080142,8.551840201485145,0.0,0.0,1.0,12.15362791224894,0.2135263276692143,20.030266563053594,1,0.20660174432365355,4,1.0,0.6842105263157895,0,0.8211744714335463
OpenDeepSearch/080,World Knowledge,Planning Hallucination,0,3,0,4,1.0,0.0,4.2713252425989054,5.877361247538112,4.276989261444289,0.0,12.828829462929434,0.0,12.828829462929434,0.0,-12.828829462929434,0.0,12.828829462929434,1.0,0.0,12.15362791224894,0.2135263276692143,20.030266563053594,1,0.20660174432365355,4,1.0,0.6842105263157895,0,0.04054424963196611
OpenDeepSearch/081,World Knowledge,Retrieval Hallucination,1,0,0,4,0.0,3.0,8.583497866305567,9.11703354415829,0.0,-8.56479727221555,0.0,-10.723679635658968,0.0,10.723679635658968,-10.723679635658968,0.0,0.0,1.0,1.0,16.726243584730057,0.3441378973933535,24.887689897244563,1,0.16963631256317654,4,0.0,0.6842105263157895,1,0.5280345485573638
OpenDeepSearch/081,World Knowledge,Retrieval Hallucination,1,1,1,4,0.3333333333333333,2.0,-2.1401817693534007,-1.6066460915006786,-10.723679635658968,2.1588823634434178,-10.723679635658968,-6.455977633099671,10.723679635658968,6.455977633099671,4.267702002559297,10.723679635658968,0.0,0.0,1.0,16.726243584730057,0.3441378973933535,24.887689897244563,1,0.16963631256317654,4,0.0,0.6842105263157895,1,0.7177192705470965
OpenDeepSearch/081,World Knowledge,Retrieval Hallucination,1,2,0,4,0.6666666666666666,1.0,-8.596159402453072,-8.06262372460035,-17.17965726875864,8.614859996543089,-6.455977633099671,8.614859996543089,6.455977633099671,8.614859996543089,15.07083762964276,17.17965726875864,0.0,0.0,1.0,16.726243584730057,0.3441378973933535,24.887689897244563,1,0.16963631256317654,4,0.0,0.6842105263157895,1,0.5985646408096158
OpenDeepSearch/081,World Knowledge,Retrieval Hallucination,1,3,0,4,1.0,0.0,0.01870059409001712,0.5522362719427392,-8.56479727221555,0.0,8.614859996543089,0.0,8.614859996543089,0.0,-8.614859996543089,8.56479727221555,8.614859996543089,0.0,0.0,16.726243584730057,0.3441378973933535,24.887689897244563,1,0.16963631256317654,4,0.0,0.6842105263157895,1,0.1605829984601407
OpenDeepSearch/082,World Knowledge,Reasoning Hallucination,2,0,0,3,0.0,2.0,2.2568328203922547,3.782170816978578,0.0,-6.819836220566835,0.0,-4.526676230368899,0.0,4.526676230368899,-4.526676230368899,0.0,0.0,1.0,1.0,6.819836220566835,1.0,6.819836220566835,0,0.013061498480532199,3,0.0,1.0,1,0.7050873945284228
OpenDeepSearch/082,World Knowledge,Reasoning Hallucination,2,1,0,3,0.5,1.0,-2.2698434099766445,-0.7445054133903213,-4.526676230368899,-2.2931599901979354,-4.526676230368899,-2.2931599901979354,4.526676230368899,2.2931599901979354,2.233516240170964,4.526676230368899,0.0,0.0,1.0,6.819836220566835,1.0,6.819836220566835,0,0.013061498480532199,3,0.0,1.0,1,0.766433697071784
OpenDeepSearch/082,World Knowledge,Reasoning Hallucination,2,2,1,3,1.0,0.0,-4.56300340017458,-3.0376654035882567,-6.819836220566835,0.0,-2.2931599901979354,0.0,2.2931599901979354,0.0,2.2931599901979354,6.819836220566835,0.0,0.0,1.0,6.819836220566835,1.0,6.819836220566835,0,0.013061498480532199,3,0.0,1.0,1,0.53684333707362
OpenDeepSearch/086,World Knowledge,Retrieval Hallucination,1,0,0,3,0.0,2.0,6.837991063336155,6.072889084392561,0.0,-9.108846195074648,0.0,-9.109821058103037,0.0,9.109821058103037,-9.109821058103037,0.0,0.0,1.0,1.0,9.109769749522595,0.9997972592387576,9.11069330397054,1,0.05327950831071068,3,0.0,0.5263157894736842,3,0.7797218632950623
OpenDeepSearch/086,World Knowledge,Retrieval Hallucination,1,1,1,3,0.5,1.0,-2.2718299947668825,-3.0369319737104754,-9.109821058103037,0.0009748630283894499,-9.109821058103037,0.0009748630283894499,9.109821058103037,0.0009748630283894499,9.110795921131427,9.109821058103037,0.0,0.0,1.0,9.109769749522595,0.9997972592387576,9.11069330397054,1,0.05327950831071068,3,0.0,0.5263157894736842,3,0.67938881702095
OpenDeepSearch/086,World Knowledge,Retrieval Hallucination,1,2,0,3,1.0,0.0,-2.270855131738493,-3.035957110682086,-9.108846195074648,0.0,0.0009748630283894499,0.0,0.0009748630283894499,0.0,-0.0009748630283894499,9.108846195074648,0.0009748630283894499,0.0,0.0,9.109769749522595,0.9997972592387576,9.11069330397054,1,0.05327950831071068,3,0.0,0.5263157894736842,3,0.45399276531457833
OpenDeepSearch/087,World Knowledge,Retrieval Hallucination,3,0,0,5,0.0,4.0,4.258497203551528,4.258497203551528,0.0,-6.373065972375688,0.0,-6.388583518911361,0.0,6.388583518911361,-6.388583518911361,0.0,0.0,1.0,1.0,6.390717765591935,0.46966962963026365,13.56925287545787,3,0.2740062083767946,5,0.0,0.7894736842105263,4,0.5304814550257275
OpenDeepSearch/087,World Knowledge,Retrieval Hallucination,3,1,0,5,0.25,3.0,-2.130086315359833,-2.130086315359833,-6.388583518911361,0.015517546535672722,-6.388583518911361,4.251774469260752,6.388583518911361,4.251774469260752,10.640357988172113,6.388583518911361,0.0,0.0,1.0,6.390717765591935,0.46966962963026365,13.56925287545787,3,0.2740062083767946,5,0.0,0.7894736842105263,4,0.5914973984387347
OpenDeepSearch/087,World Knowledge,Retrieval Hallucination,3,2,0,5,0.5,2.0,2.1216881539009194,2.1216881539009194,-2.1368090496506085,-4.2362569227250795,4.251774469260752,-4.257218427169374,4.251774469260752,4.257218427169374,-8.508992896430126,2.1368090496506085,4.251774469260752,0.0,0.0,6.390717765591935,0.46966962963026365,13.56925287545787,3,0.2740062083767946,5,0.0,0.7894736842105263,4,0.536742306742395
OpenDeepSearch/087,World Knowledge,Retrieval Hallucination,3,3,1,5,0.75,1.0,-2.1355302732684542,-2.1355302732684542,-6.394027476819982,0.02096150444429412,-4.257218427169374,0.02096150444429412,4.257218427169374,0.02096150444429412,4.278179931613668,6.394027476819982,0.0,0.0,1.0,6.390717765591935,0.46966962963026365,13.56925287545787,3,0.2740062083767946,5,0.0,0.7894736842105263,4,0.5807415646121484
OpenDeepSearch/087,World Knowledge,Retrieval Hallucination,3,4,0,5,1.0,0.0,-2.11456876882416,-2.11456876882416,-6.373065972375688,0.0,0.02096150444429412,0.0,0.02096150444429412,0.0,-0.02096150444429412,6.373065972375688,0.02096150444429412,0.0,0.0,6.390717765591935,0.46966962963026365,13.56925287545787,3,0.2740062083767946,5,0.0,0.7894736842105263,4,0.43430352886895396
OpenDeepSearch/088,Science,Planning Hallucination,0,0,1,3,0.0,2.0,-2.280124739283231,-1.5179260012660571,0.0,6.834152300772171,0.0,-2.2803742969739993,0.0,2.2803742969739993,-2.2803742969739993,0.0,0.0,1.0,1.0,8.994506897905433,0.6126613319055347,11.154861495038695,1,0.0666368473375457,3,1.0,0.47368421052631576,2,0.6719659713585218
OpenDeepSearch/088,Science,Planning Hallucination,0,1,0,3,0.5,1.0,-4.56049903625723,-3.7983002982400564,-2.2803742969739993,9.11452659774617,-2.2803742969739993,9.11452659774617,2.2803742969739993,9.11452659774617,11.39490089472017,2.2803742969739993,0.0,0.0,1.0,8.994506897905433,0.6126613319055347,11.154861495038695,1,0.0666368473375457,3,1.0,0.47368421052631576,2,0.8744823242463273
OpenDeepSearch/088,Science,Planning Hallucination,0,2,0,3,1.0,0.0,4.55402756148894,5.316226299506114,6.834152300772171,0.0,9.11452659774617,0.0,9.11452659774617,0.0,-9.11452659774617,0.0,9.11452659774617,1.0,0.0,8.994506897905433,0.6126613319055347,11.154861495038695,1,0.0666368473375457,3,1.0,0.47368421052631576,2,0.058712297399152465
OpenDeepSearch/089,Science,Planning Hallucination,0,0,1,5,0.0,4.0,2.0117628353003205,2.812751263769074,0.0,6.005461036046832,0.0,-8.041636912118804,0.0,8.041636912118804,-8.041636912118804,0.0,0.0,1.0,1.0,14.045530930079424,0.27191748523727516,22.085600824112017,1,0.21126099207553545,5,1.0,0.2631578947368421,0,0.6388607452322252
OpenDeepSearch/089,Science,Planning Hallucination,0,1,0,5,0.25,3.0,-6.0298740768184835,-5.2288856483497295,-8.041636912118804,14.047097948165636,-8.041636912118804,0.02977334363801276,8.041636912118804,0.02977334363801276,8.071410255756817,8.041636912118804,0.0,0.0,1.0,14.045530930079424,0.27191748523727516,22.085600824112017,1,0.21126099207553545,5,1.0,0.2631578947368421,0,0.7599987488267793
OpenDeepSearch/089,Science,Planning Hallucination,0,2,0,5,0.5,2.0,-6.000100733180471,-5.199112304711717,-8.011863568480791,14.017324604527623,0.02977334363801276,3.996146694188184,0.02977334363801276,3.996146694188184,3.966373350550171,8.011863568480791,0.02977334363801276,0.0,0.0,14.045530930079424,0.27191748523727516,22.085600824112017,1,0.21126099207553545,5,1.0,0.2631578947368421,0,0.5377259769822514
OpenDeepSearch/089,Science,Planning Hallucination,0,3,0,5,0.75,1.0,-2.003954038992287,-1.2029656105235333,-4.0157168742926075,10.02117791033944,3.996146694188184,10.02117791033944,3.996146694188184,10.02117791033944,6.025031216151255,4.0157168742926075,4.025920037826197,0.0,0.0,14.045530930079424,0.27191748523727516,22.085600824112017,1,0.21126099207553545,5,1.0,0.2631578947368421,0,0.44574971339020814
OpenDeepSearch/089,Science,Planning Hallucination,0,4,0,5,1.0,0.0,8.017223871347152,8.818212299815906,6.005461036046832,0.0,10.02117791033944,0.0,10.02117791033944,0.0,-10.02117791033944,0.0,14.047097948165636,1.0,0.0,14.045530930079424,0.27191748523727516,22.085600824112017,1,0.21126099207553545,5,1.0,0.2631578947368421,0,0.03612799524458507
OpenDeepSearch/090,Science,Planning Hallucination,0,0,1,4,0.0,3.0,2.3234533406827147,5.766304968883983,0.0,-2.642741457783245,0.0,-9.162645350680002,0.0,9.162645350680002,-9.162645350680002,0.0,0.0,1.0,1.0,11.039076465347138,0.1359755856708608,19.435411472911035,1,0.15596260491201341,4,0.0,0.631578947368421,2,0.5771379023491766
OpenDeepSearch/090,Science,Planning Hallucination,0,1,0,4,0.3333333333333333,2.0,-6.839192009997287,-3.396340381796019,-9.162645350680002,6.519903892896757,-9.162645350680002,-2.097187716392682,9.162645350680002,2.097187716392682,7.06545763428732,9.162645350680002,0.0,0.0,1.0,11.039076465347138,0.1359755856708608,19.435411472911035,1,0.15596260491201341,4,0.0,0.631578947368421,2,0.7464700053905496
OpenDeepSearch/090,Science,Planning Hallucination,0,2,0,4,0.6666666666666666,1.0,-8.93637972638997,-5.493528098188701,-11.259833067072684,8.617091609289439,-2.097187716392682,8.617091609289439,2.097187716392682,8.617091609289439,10.71427932568212,11.259833067072684,0.0,0.0,1.0,11.039076465347138,0.1359755856708608,19.435411472911035,1,0.15596260491201341,4,0.0,0.631578947368421,2,0.7382283674422425
OpenDeepSearch/090,Science,Planning Hallucination,0,3,0,4,1.0,0.0,-0.3192881171005304,3.1235635111007376,-2.642741457783245,0.0,8.617091609289439,0.0,8.617091609289439,0.0,-8.617091609289439,2.642741457783245,8.617091609289439,0.0,0.0,11.039076465347138,0.1359755856708608,19.435411472911035,1,0.15596260491201341,4,0.0,0.631578947368421,2,0.11506827721561784
OpenDeepSearch/091,Science,Planning Hallucination,0,0,1,4,0.0,3.0,3.714152504780891,6.19362378928239,0.0,-6.257620367862213,0.0,-11.062064668022451,0.0,11.062064668022451,-11.062064668022451,0.0,0.0,1.0,1.0,10.682353663098498,0.4142175381078216,15.107086958334785,1,0.14981915796662196,4,0.0,0.3684210526315789,3,0.7460540758982998
OpenDeepSearch/091,Science,Planning Hallucination,0,1,0,4,0.3333333333333333,2.0,-7.34791216324156,-4.868440878740061,-11.062064668022451,4.804444300160238,-11.062064668022451,3.607254546777554,11.062064668022451,3.607254546777554,14.669319214800005,11.062064668022451,0.0,0.0,1.0,10.682353663098498,0.4142175381078216,15.107086958334785,1,0.14981915796662196,4,0.0,0.3684210526315789,3,0.7129467842440017
OpenDeepSearch/091,Science,Planning Hallucination,0,2,0,4,0.6666666666666666,1.0,-3.7406576164640057,-1.2611863319625067,-7.454810121244897,1.197189753382684,3.607254546777554,1.197189753382684,3.607254546777554,1.197189753382684,-2.41006479339487,7.454810121244897,3.607254546777554,0.0,0.0,10.682353663098498,0.4142175381078216,15.107086958334785,1,0.14981915796662196,4,0.0,0.3684210526315789,3,0.4269670032066239
OpenDeepSearch/091,Science,Planning Hallucination,0,3,0,4,1.0,0.0,-2.5434678630813217,-0.06399657857982266,-6.257620367862213,0.0,1.197189753382684,0.0,1.197189753382684,0.0,-1.197189753382684,6.257620367862213,4.804444300160238,0.0,0.0,10.682353663098498,0.4142175381078216,15.107086958334785,1,0.14981915796662196,4,0.0,0.3684210526315789,3,0.29813445021363205
OpenDeepSearch/095,Math,Reasoning Hallucination,2,0,0,4,0.0,3.0,-0.03776171876535983,2.1088329810592628,0.0,2.1584159341643065,0.0,-4.219716698790105,0.0,4.219716698790105,-4.219716698790105,0.0,0.0,1.0,1.0,8.305677150531228,0.14934097685684244,14.452938366898149,1,0.11186108589969931,4,1.0,0.631578947368421,4,0.5862492102911914
OpenDeepSearch/095,Math,Reasoning Hallucination,2,1,0,4,0.3333333333333333,2.0,-4.257478417555465,-2.110883717730842,-4.219716698790105,6.3781326329544115,-4.219716698790105,-2.1543144608211477,4.219716698790105,2.1543144608211477,2.065402237968957,4.219716698790105,0.0,0.0,1.0,8.305677150531228,0.14934097685684244,14.452938366898149,1,0.11186108589969931,4,1.0,0.631578947368421,4,0.740572577969807
OpenDeepSearch/095,Math,Reasoning Hallucination,2,2,1,4,0.6666666666666666,1.0,-6.4117928783766125,-4.26519817855199,-6.374031159611253,8.53244709377556,-2.1543144608211477,8.53244709377556,2.1543144608211477,8.53244709377556,10.686761554596707,6.374031159611253,0.0,0.0,1.0,8.305677150531228,0.14934097685684244,14.452938366898149,1,0.11186108589969931,4,1.0,0.631578947368421,4,0.7286337960783643
OpenDeepSearch/095,Math,Reasoning Hallucination,2,3,0,4,1.0,0.0,2.1206542153989467,4.267248915223569,2.1584159341643065,0.0,8.53244709377556,0.0,8.53244709377556,0.0,-8.53244709377556,0.0,8.53244709377556,1.0,0.0,8.305677150531228,0.14934097685684244,14.452938366898149,1,0.11186108589969931,4,1.0,0.631578947368421,4,0.12154914717644379
OpenDeepSearch/096,Math,Planning Hallucination,0,0,1,6,0.0,5.0,6.317343763295213,7.391422363225868,0.0,0.09699701883594969,0.0,-13.70325261118159,0.0,13.70325261118159,-13.70325261118159,0.0,0.0,1.0,1.0,13.608804576630838,0.003444393532650913,28.16084106431873,3,0.47933527709691265,6,1.0,0.21052631578947367,1,0.5673690272400413
OpenDeepSearch/096,Math,Planning Hallucination,0,1,0,6,0.2,4.0,-7.385908847886377,-6.311830247955721,-13.70325261118159,13.80024963001754,-13.70325261118159,3.6374560143473325,13.70325261118159,3.6374560143473325,17.340708625528922,13.70325261118159,0.0,0.0,1.0,13.608804576630838,0.003444393532650913,28.16084106431873,3,0.47933527709691265,6,1.0,0.21052631578947367,1,0.6014589642904555
OpenDeepSearch/096,Math,Planning Hallucination,0,2,0,6,0.4,3.0,-3.7484528335390443,-2.674374233608389,-10.065796596834257,10.162793615670207,3.6374560143473325,0.002181661672388202,3.6374560143473325,0.002181661672388202,-3.6352743526749443,10.065796596834257,3.6374560143473325,0.0,0.0,13.608804576630838,0.003444393532650913,28.16084106431873,3,0.47933527709691265,6,1.0,0.21052631578947367,1,0.3068504650238882
OpenDeepSearch/096,Math,Planning Hallucination,0,3,0,6,0.6,2.0,-3.746271171866656,-2.6721925719360007,-10.06361493516187,10.160611953997819,0.002181661672388202,-0.5492521198515732,0.002181661672388202,0.5492521198515732,-0.5514337815239614,10.06361493516187,3.6396376760197207,0.0,0.0,13.608804576630838,0.003444393532650913,28.16084106431873,3,0.47933527709691265,6,1.0,0.21052631578947367,1,0.36916363090608917
OpenDeepSearch/096,Math,Planning Hallucination,0,4,0,6,0.8,1.0,-4.295523291718229,-3.221444691787574,-10.612867055013442,10.709864073849392,-0.5492521198515732,10.709864073849392,0.5492521198515732,10.709864073849392,11.259116193700965,10.612867055013442,3.0903855561681475,0.0,0.0,13.608804576630838,0.003444393532650913,28.16084106431873,3,0.47933527709691265,6,1.0,0.21052631578947367,1,0.45520700716416385
OpenDeepSearch/096,Math,Planning Hallucination,0,5,0,6,1.0,0.0,6.414340782131163,7.488419382061818,0.09699701883594969,0.0,10.709864073849392,0.0,10.709864073849392,0.0,-10.709864073849392,0.0,13.80024963001754,1.0,0.0,13.608804576630838,0.003444393532650913,28.16084106431873,3,0.47933527709691265,6,1.0,0.21052631578947367,1,0.08997182429789931
OpenDeepSearch/097,Math,Planning Hallucination,0,0,1,3,0.0,2.0,4.573551057678149,3.0432427608101706,0.0,-2.2607030824114425,0.0,-6.86902520001907,0.0,6.86902520001907,-6.86902520001907,0.0,0.0,1.0,1.0,6.6264819306713,0.20566315955172085,10.99226077893116,1,0.06711899016156005,3,0.0,0.5263157894736842,4,0.7718654649297315
OpenDeepSearch/097,Math,Planning Hallucination,0,1,0,3,0.5,1.0,-2.2954741423409217,-3.8257824392088997,-6.86902520001907,4.608322117607628,-6.86902520001907,4.608322117607628,6.86902520001907,4.608322117607628,11.477347317626698,6.86902520001907,0.0,0.0,1.0,6.6264819306713,0.20566315955172085,10.99226077893116,1,0.06711899016156005,3,0.0,0.5263157894736842,4,0.716014889075647
OpenDeepSearch/097,Math,Planning Hallucination,0,2,0,3,1.0,0.0,2.312847975266706,0.7825396783987284,-2.2607030824114425,0.0,4.608322117607628,0.0,4.608322117607628,0.0,-4.608322117607628,2.2607030824114425,4.608322117607628,0.0,0.0,6.6264819306713,0.20566315955172085,10.99226077893116,1,0.06711899016156005,3,0.0,0.5263157894736842,4,0.32493870493169275
OpenDeepSearch/098,Math,Planning Hallucination,0,0,1,3,0.0,2.0,6.855211066443996,6.085467688128965,0.0,-6.846744620004873,0.0,-11.409658444382021,0.0,11.409658444382021,-11.409658444382021,0.0,0.0,1.0,1.0,11.169505085204277,0.4419459889665052,15.49226555040368,1,0.09340685537286136,3,0.0,0.5263157894736842,0,0.7155429380840047
OpenDeepSearch/098,Math,Planning Hallucination,0,1,0,3,0.5,1.0,-4.5544473779380255,-5.324190756253056,-11.409658444382021,4.562913824377148,-11.409658444382021,4.562913824377148,11.409658444382021,4.562913824377148,15.97257226875917,11.409658444382021,0.0,0.0,1.0,11.169505085204277,0.4419459889665052,15.49226555040368,1,0.09340685537286136,3,0.0,0.5263157894736842,0,0.7718180967294878
OpenDeepSearch/098,Math,Planning Hallucination,0,2,0,3,1.0,0.0,0.008466446439122421,-0.7612769318759085,-6.846744620004873,0.0,4.562913824377148,0.0,4.562913824377148,0.0,-4.562913824377148,6.846744620004873,4.562913824377148,0.0,0.0,11.169505085204277,0.4419459889665052,15.49226555040368,1,0.09340685537286136,3,0.0,0.5263157894736842,0,0.26503775918513045
