id,subject,failure_type,true_step_index,step_index,target,n_steps,step_pos,remaining_steps,slod_value,slod_centered,slod_from_start,slod_to_end,delta_prev,delta_next,abs_delta_prev,abs_delta_next,curvature,fall_from_peak,rebound_from_trough,is_peak_so_far,is_trough_so_far,reasoning_range,reasoning_monotonicity,reasoning_total_variation,reasoning_direction_changes,reasoning_curvature_abs_mean,reasoning_n_chunks,reasoning_peak_pos,reasoning_trough_pos,fold,prob_responsible
Magentic_One/001,Science,Reasoning Hallucination,2,0,0,18,0.0,17.0,2.7742148499324486,3.211112458946925,0.0,-5.292978437930042,0.0,-2.7584535122973826,0.0,2.7584535122973826,-2.7584535122973826,0.0,0.0,1.0,1.0,6.008077937377564,0.12566750781845717,42.11890989018759,10,3.770457622352682,18,0.631578947368421,0.3684210526315789,3,0.48686181192302824
Magentic_One/001,Science,Reasoning Hallucination,2,1,0,18,0.058823529411764705,16.0,0.01576133763506604,0.4526589466495421,-2.7584535122973826,-2.5345249256326596,-2.7584535122973826,-2.4731256287983747,2.7584535122973826,2.4731256287983747,0.28532788349900784,2.7584535122973826,0.0,0.0,1.0,6.008077937377564,0.12566750781845717,42.11890989018759,10,3.770457622352682,18,0.631578947368421,0.3684210526315789,3,0.35552612694504493
Magentic_One/001,Science,Reasoning Hallucination,2,2,1,18,0.11764705882352941,15.0,-2.4573642911633087,-2.0204666821488324,-5.231579141095757,-0.06139929683428491,-2.4731256287983747,4.8954293935144655,2.4731256287983747,4.8954293935144655,7.36855502231284,5.231579141095757,0.0,0.0,1.0,6.008077937377564,0.12566750781845717,42.11890989018759,10,3.770457622352682,18,0.631578947368421,0.3684210526315789,3,0.4864515328582171
Magentic_One/001,Science,Reasoning Hallucination,2,3,0,18,0.17647058823529413,14.0,2.438065102351157,2.874962711365633,-0.3361497475812918,-4.95682869034875,4.8954293935144655,-2.3586105050463253,4.8954293935144655,2.3586105050463253,-7.254039898560791,0.3361497475812918,4.8954293935144655,0.0,0.0,6.008077937377564,0.12566750781845717,42.11890989018759,10,3.770457622352682,18,0.631578947368421,0.3684210526315789,3,0.334290013090212
Magentic_One/001,Science,Reasoning Hallucination,2,4,0,18,0.23529411764705882,13.0,0.07945459730483151,0.5163522063193076,-2.694760252627617,-2.598218185302425,-2.3586105050463253,-0.3455617118838745,2.3586105050463253,0.3455617118838745,2.013048793162451,2.694760252627617,2.53681888846814,0.0,0.0,6.008077937377564,0.12566750781845717,42.11890989018759,10,3.770457622352682,18,0.631578947368421,0.3684210526315789,3,0.3578529878630058
Magentic_One/001,Science,Reasoning Hallucination,2,5,0,18,0.29411764705882354,12.0,-0.266107114579043,0.17079049443543304,-3.0403219645114916,-2.2526564734185506,-0.3455617118838745,-4.802187212855486,0.3455617118838745,4.802187212855486,-4.456625500971612,3.0403219645114916,2.1912571765842657,0.0,0.0,6.008077937377564,0.12566750781845717,42.11890989018759,10,3.770457622352682,18,0.631578947368421,0.3684210526315789,3,0.2438128622460324
Magentic_One/001,Science,Reasoning Hallucination,2,6,0,18,0.35294117647058826,11.0,-5.068294327434529,-4.631396718420053,-7.842509177366978,2.5495307394369355,-4.802187212855486,7.34186644038688,4.802187212855486,7.34186644038688,12.144053653242366,7.842509177366978,0.0,0.0,1.0,6.008077937377564,0.12566750781845717,42.11890989018759,10,3.770457622352682,18,0.631578947368421,0.3684210526315789,3,0.37291696272210456
Magentic_One/001,Science,Reasoning Hallucination,2,7,0,18,0.4117647058823529,10.0,2.273572112952351,2.7104697219668274,-0.5006427369800974,-4.792335700949945,7.34186644038688,-2.533187926903011,7.34186644038688,2.533187926903011,-9.875054367289891,0.5006427369800974,7.34186644038688,0.0,0.0,6.008077937377564,0.12566750781845717,42.11890989018759,10,3.770457622352682,18,0.631578947368421,0.3684210526315789,3,0.29529490232305766
Magentic_One/001,Science,Reasoning Hallucination,2,8,0,18,0.47058823529411764,9.0,-0.2596158139506599,0.17728179506381614,-3.0338306638831085,-2.2591477740469337,-2.533187926903011,-0.20699426486908123,2.533187926903011,0.20699426486908123,2.32619366203393,3.0338306638831085,4.808678513483869,0.0,0.0,6.008077937377564,0.12566750781845717,42.11890989018759,10,3.770457622352682,18,0.631578947368421,0.3684210526315789,3,0.4004650041063724
Magentic_One/001,Science,Reasoning Hallucination,2,9,0,18,0.5294117647058824,8.0,-0.46661007881974115,-0.029712469805265096,-3.2408249287521897,-2.0521535091778524,-0.20699426486908123,-1.870282013534272,0.20699426486908123,1.870282013534272,-1.6632877486651907,3.2408249287521897,4.601684248614788,0.0,0.0,6.008077937377564,0.12566750781845717,42.11890989018759,10,3.770457622352682,18,0.631578947368421,0.3684210526315789,3,0.37881415756935727
Magentic_One/001,Science,Reasoning Hallucination,2,10,0,18,0.5882352941176471,7.0,-2.336892092354013,-1.899994483339537,-5.111106942286462,-0.18187149564358052,-1.870282013534272,7.069012181827034,1.870282013534272,7.069012181827034,8.939294195361306,5.111106942286462,2.731402235080516,0.0,0.0,6.008077937377564,0.12566750781845717,42.11890989018759,10,3.770457622352682,18,0.631578947368421,0.3684210526315789,3,0.4153311343368356
Magentic_One/001,Science,Reasoning Hallucination,2,11,0,18,0.6470588235294118,6.0,4.732120089473021,5.169017698487497,1.9579052395405725,-7.250883677470615,7.069012181827034,-10.974340799796352,7.069012181827034,10.974340799796352,-18.043352981623386,0.0,9.80041441690755,1.0,0.0,6.008077937377564,0.12566750781845717,42.11890989018759,10,3.770457622352682,18,0.631578947368421,0.3684210526315789,3,0.12882516241449432
Magentic_One/001,Science,Reasoning Hallucination,2,12,0,18,0.7058823529411765,5.0,-6.2422207103233305,-5.805323101308854,-9.016435560255779,3.723457122325737,-10.974340799796352,6.009881036575884,10.974340799796352,6.009881036575884,16.984221836372235,10.974340799796352,0.0,0.0,1.0,6.008077937377564,0.12566750781845717,42.11890989018759,10,3.770457622352682,18,0.631578947368421,0.3684210526315789,3,0.11054393594479248
Magentic_One/001,Science,Reasoning Hallucination,2,13,0,18,0.7647058823529411,4.0,-0.2323396737474468,0.20455793526702926,-3.0065545236798954,-2.286423914250147,6.009881036575884,2.6578564396834636,6.009881036575884,2.6578564396834636,-3.35202459689242,4.964459763220468,6.009881036575884,0.0,0.0,6.008077937377564,0.12566750781845717,42.11890989018759,10,3.770457622352682,18,0.631578947368421,0.3684210526315789,3,0.22672848579187085
Magentic_One/001,Science,Reasoning Hallucination,2,14,0,18,0.8235294117647058,3.0,2.425516765936017,2.862414374950493,-0.34869808399643176,-4.94428035393361,2.6578564396834636,-4.912115604765372,2.6578564396834636,4.912115604765372,-7.569972044448836,2.3066033235370043,8.667737476259347,0.0,0.0,6.008077937377564,0.12566750781845717,42.11890989018759,10,3.770457622352682,18,0.631578947368421,0.3684210526315789,3,0.2800630896529214
Magentic_One/001,Science,Reasoning Hallucination,2,15,0,18,0.8823529411764706,2.0,-2.486598838829355,-2.049701229814879,-5.260813688761804,-0.032164749168238416,-4.912115604765372,2.2185435501829147,4.912115604765372,2.2185435501829147,7.130659154948287,7.218718928302376,3.7556218714939753,0.0,0.0,6.008077937377564,0.12566750781845717,42.11890989018759,10,3.770457622352682,18,0.631578947368421,0.3684210526315789,3,0.17377630192984675
Magentic_One/001,Science,Reasoning Hallucination,2,16,0,18,0.9411764705882353,1.0,-0.26805528864644046,0.1688423203680356,-3.042270138578889,-2.250708299351153,2.2185435501829147,-2.250708299351153,2.2185435501829147,2.250708299351153,-4.469251849534068,5.0001753781194616,5.97416542167689,0.0,0.0,6.008077937377564,0.12566750781845717,42.11890989018759,10,3.770457622352682,18,0.631578947368421,0.3684210526315789,3,0.20673310388774538
Magentic_One/001,Science,Reasoning Hallucination,2,17,0,18,1.0,0.0,-2.5187635879975936,-2.0818659789831173,-5.292978437930042,0.0,-2.250708299351153,0.0,2.250708299351153,0.0,2.250708299351153,7.250883677470615,3.723457122325737,0.0,0.0,6.008077937377564,0.12566750781845717,42.11890989018759,10,3.770457622352682,18,0.631578947368421,0.3684210526315789,3,0.16963652520577857
Magentic_One/002,Science,Reasoning Hallucination,10,0,0,14,0.0,13.0,0.11146493286653936,0.099154272278932,0.0,-2.6368760653502044,0.0,2.2727842093140396,0.0,2.2727842093140396,2.2727842093140396,0.0,0.0,1.0,1.0,7.844577916342507,0.06994634842478169,37.69855217225279,9,2.9643620557063803,14,0.8947368421052632,0.631578947368421,1,0.7613109542967295
Magentic_One/002,Science,Reasoning Hallucination,10,1,0,14,0.07692307692307693,12.0,2.384249142180579,2.3719384815929714,2.2727842093140396,-4.909660274664244,2.2727842093140396,-4.904895018078189,2.2727842093140396,4.904895018078189,-7.177679227392229,0.0,2.2727842093140396,1.0,0.0,7.844577916342507,0.06994634842478169,37.69855217225279,9,2.9643620557063803,14,0.8947368421052632,0.631578947368421,1,0.38050554163507594
Magentic_One/002,Science,Reasoning Hallucination,10,2,0,14,0.15384615384615385,11.0,-2.5206458758976105,-2.532956536485218,-2.63211080876415,-0.004765256586054534,-4.904895018078189,4.8009775378088335,4.904895018078189,4.8009775378088335,9.705872555887023,4.904895018078189,0.0,0.0,1.0,7.844577916342507,0.06994634842478169,37.69855217225279,9,2.9643620557063803,14,0.8947368421052632,0.631578947368421,1,0.4416641937599522
Magentic_One/002,Science,Reasoning Hallucination,10,3,0,14,0.23076923076923078,10.0,2.280331661911223,2.2680210013236155,2.1688667290446837,-4.805742794394888,4.8009775378088335,-4.501634466294725,4.8009775378088335,4.501634466294725,-9.302612004103558,0.10391748026935588,4.8009775378088335,0.0,0.0,7.844577916342507,0.06994634842478169,37.69855217225279,9,2.9643620557063803,14,0.8947368421052632,0.631578947368421,1,0.3173561876406627
Magentic_One/002,Science,Reasoning Hallucination,10,4,0,14,0.3076923076923077,9.0,-2.2213028043835017,-2.2336134649711092,-2.332767737250041,-0.3041083281001633,-4.501634466294725,2.223396224141574,4.501634466294725,2.223396224141574,6.725030690436299,4.605551946564081,0.29934307151410877,0.0,0.0,7.844577916342507,0.06994634842478169,37.69855217225279,9,2.9643620557063803,14,0.8947368421052632,0.631578947368421,1,0.255495263008197
Magentic_One/002,Science,Reasoning Hallucination,10,5,0,14,0.38461538461538464,8.0,0.0020934197580722014,-0.010217240829535155,-0.10937151310846716,-2.527504552241737,2.223396224141574,2.15774412954395,2.223396224141574,2.15774412954395,-0.065652094597624,2.3821557224225067,2.5227392956556827,0.0,0.0,7.844577916342507,0.06994634842478169,37.69855217225279,9,2.9643620557063803,14,0.8947368421052632,0.631578947368421,1,0.44463632260368563
Magentic_One/002,Science,Reasoning Hallucination,10,6,0,14,0.46153846153846156,7.0,2.159837549302022,2.1475268887144146,2.0483726164354827,-4.685248681785687,2.15774412954395,-2.4784231121000317,2.15774412954395,2.4784231121000317,-4.636167241643982,0.22441159287855683,4.680483425199633,0.0,0.0,7.844577916342507,0.06994634842478169,37.69855217225279,9,2.9643620557063803,14,0.8947368421052632,0.631578947368421,1,0.2799350752088444
Magentic_One/002,Science,Reasoning Hallucination,10,7,0,14,0.5384615384615384,6.0,-0.31858556279800965,-0.330896223385617,-0.430050495664549,-2.2068255696856554,-2.4784231121000317,-6.226970285357297,2.4784231121000317,6.226970285357297,-3.748547173257265,2.7028347049785886,2.202060313099601,0.0,0.0,7.844577916342507,0.06994634842478169,37.69855217225279,9,2.9643620557063803,14,0.8947368421052632,0.631578947368421,1,0.0745786063002824
Magentic_One/002,Science,Reasoning Hallucination,10,8,0,14,0.6153846153846154,5.0,-6.545555848155306,-6.557866508742913,-6.657020781021846,4.020144715671641,-6.226970285357297,8.715518945131493,6.226970285357297,8.715518945131493,14.942489230488789,8.929804990335885,0.0,0.0,1.0,7.844577916342507,0.06994634842478169,37.69855217225279,9,2.9643620557063803,14,0.8947368421052632,0.631578947368421,1,0.21645572827598086
Magentic_One/002,Science,Reasoning Hallucination,10,9,0,14,0.6923076923076923,4.0,2.1699630969761863,2.1576524363885787,2.058498164109647,-4.695374229459851,8.715518945131493,-2.0347665750063335,8.715518945131493,2.0347665750063335,-10.750285520137826,0.21428604520439265,8.715518945131493,0.0,0.0,7.844577916342507,0.06994634842478169,37.69855217225279,9,2.9643620557063803,14,0.8947368421052632,0.631578947368421,1,0.2632860412576545
Magentic_One/002,Science,Reasoning Hallucination,10,10,1,14,0.7692307692307693,3.0,0.13519652196985277,0.12288586138224541,0.02373158910331341,-2.6606076544535178,-2.0347665750063335,0.1018184155658659,2.0347665750063335,0.1018184155658659,2.1365849905721994,2.249052620210726,6.680752370125159,0.0,0.0,7.844577916342507,0.06994634842478169,37.69855217225279,9,2.9643620557063803,14,0.8947368421052632,0.631578947368421,1,0.1605072050981879
Magentic_One/002,Science,Reasoning Hallucination,10,11,0,14,0.8461538461538461,2.0,0.23701493753571867,0.22470427694811132,0.12555000466917932,-2.7624260700193837,0.1018184155658659,4.586684271908684,0.1018184155658659,4.586684271908684,4.484865856342818,2.1472342046448603,6.782570785691025,0.0,0.0,7.844577916342507,0.06994634842478169,37.69855217225279,9,2.9643620557063803,14,0.8947368421052632,0.631578947368421,1,0.25978378522146767
Magentic_One/002,Science,Reasoning Hallucination,10,12,0,14,0.9230769230769231,1.0,4.823699209444403,4.811388548856796,4.712234276577863,-7.349110341928068,4.586684271908684,-7.349110341928068,4.586684271908684,7.349110341928068,-11.935794613836752,0.0,11.369255057599709,1.0,0.0,7.844577916342507,0.06994634842478169,37.69855217225279,9,2.9643620557063803,14,0.8947368421052632,0.631578947368421,1,0.06756594856161176
Magentic_One/002,Science,Reasoning Hallucination,10,13,0,14,1.0,0.0,-2.525411132483665,-2.5377217930712725,-2.6368760653502044,0.0,-7.349110341928068,0.0,7.349110341928068,0.0,7.349110341928068,7.349110341928068,4.020144715671641,0.0,0.0,7.844577916342507,0.06994634842478169,37.69855217225279,9,2.9643620557063803,14,0.8947368421052632,0.631578947368421,1,0.034423595351867495
Magentic_One/005,World Knowledge,Reasoning Hallucination,8,0,0,10,0.0,9.0,2.7831978351716806,2.5538172934073673,0.0,2.5458125675624608,0.0,-3.0724451020128036,0.0,3.0724451020128036,-3.0724451020128036,0.0,0.0,1.0,1.0,10.597739756897123,0.10164989436147262,25.044911099557183,5,1.281138503589136,10,1.0,0.6842105263157895,0,0.7064358592856553
Magentic_One/005,World Knowledge,Reasoning Hallucination,8,1,0,10,0.1111111111111111,8.0,-0.289247266841123,-0.5186278086054361,-3.0724451020128036,5.618257669575264,-3.0724451020128036,0.3766965829181572,3.0724451020128036,0.3766965829181572,3.449141684930961,3.0724451020128036,0.0,0.0,1.0,10.597739756897123,0.10164989436147262,25.044911099557183,5,1.281138503589136,10,1.0,0.6842105263157895,0,0.6753698178043944
Magentic_One/005,World Knowledge,Reasoning Hallucination,8,2,0,10,0.2222222222222222,7.0,0.08744931607703421,-0.14193122568727895,-2.6957485190946464,5.241561086657107,0.3766965829181572,2.244498464447556,0.3766965829181572,2.244498464447556,1.8678018815293989,2.6957485190946464,0.3766965829181572,0.0,0.0,10.597739756897123,0.10164989436147262,25.044911099557183,5,1.281138503589136,10,1.0,0.6842105263157895,0,0.7496317256179766
Magentic_One/005,World Knowledge,Reasoning Hallucination,8,3,0,10,0.3333333333333333,6.0,2.3319477805245903,2.102567238760277,-0.45125005464709034,2.997062622209551,2.244498464447556,-4.702368775876138,2.244498464447556,4.702368775876138,-6.946867240323694,0.45125005464709034,2.6211950473657133,0.0,0.0,10.597739756897123,0.10164989436147262,25.044911099557183,5,1.281138503589136,10,1.0,0.6842105263157895,0,0.47655595930842226
Magentic_One/005,World Knowledge,Reasoning Hallucination,8,4,0,10,0.4444444444444444,5.0,-2.370420995351548,-2.5998015371158614,-5.153618830523229,7.699431398085689,-4.702368775876138,2.2999090681478513,4.702368775876138,2.2999090681478513,7.00227784402399,5.153618830523229,0.0,0.0,1.0,10.597739756897123,0.10164989436147262,25.044911099557183,5,1.281138503589136,10,1.0,0.6842105263157895,0,0.3993102267158519
Magentic_One/005,World Knowledge,Reasoning Hallucination,8,5,0,10,0.5555555555555556,4.0,-0.0705119272036967,-0.29989246896800986,-2.8537097623753773,5.399522329937838,2.2999090681478513,-5.363315950866351,2.2999090681478513,5.363315950866351,-7.663225019014202,2.8537097623753773,2.2999090681478513,0.0,0.0,10.597739756897123,0.10164989436147262,25.044911099557183,5,1.281138503589136,10,1.0,0.6842105263157895,0,0.26077732814454785
Magentic_One/005,World Knowledge,Reasoning Hallucination,8,6,0,10,0.6666666666666666,3.0,-5.433827878070048,-5.663208419834361,-8.217025713241728,10.76283828080419,-5.363315950866351,1.0456239847447577,5.363315950866351,1.0456239847447577,6.408939935611109,8.217025713241728,0.0,0.0,1.0,10.597739756897123,0.10164989436147262,25.044911099557183,5,1.281138503589136,10,1.0,0.6842105263157895,0,0.2051401871838584
Magentic_One/005,World Knowledge,Reasoning Hallucination,8,7,0,10,0.7777777777777778,2.0,-4.38820389332529,-4.617584435089603,-7.171401728496971,9.717214296059431,1.0456239847447577,8.70261593725268,1.0456239847447577,8.70261593725268,7.656991952507923,7.171401728496971,1.0456239847447577,0.0,0.0,10.597739756897123,0.10164989436147262,25.044911099557183,5,1.281138503589136,10,1.0,0.6842105263157895,0,0.470131653737022
Magentic_One/005,World Knowledge,Reasoning Hallucination,8,8,1,10,0.8888888888888888,1.0,4.3144120439273905,4.085031502163077,1.53121420875571,1.0145983588067509,8.70261593725268,1.0145983588067509,8.70261593725268,1.0145983588067509,-7.68801757844593,0.0,9.748239921997438,1.0,0.0,10.597739756897123,0.10164989436147262,25.044911099557183,5,1.281138503589136,10,1.0,0.6842105263157895,0,0.4222043829986495
Magentic_One/005,World Knowledge,Reasoning Hallucination,8,9,0,10,1.0,0.0,5.329010402734141,5.099629860969828,2.5458125675624608,0.0,1.0145983588067509,0.0,1.0145983588067509,0.0,-1.0145983588067509,0.0,10.76283828080419,1.0,0.0,10.597739756897123,0.10164989436147262,25.044911099557183,5,1.281138503589136,10,1.0,0.6842105263157895,0,0.6092207811417197
Magentic_One/007,Science,Reasoning Hallucination,2,0,0,4,0.0,3.0,2.5424069144407717,2.553103483642797,0.0,-4.4701027155061155,0.0,-5.050146633617182,0.0,5.050146633617182,-5.050146633617182,0.0,0.0,1.0,1.0,4.784349442374172,0.36470405301259745,12.256794731457813,2,0.1538951654387196,4,0.0,0.3157894736842105,3,0.6770499773848417
Magentic_One/007,Science,Reasoning Hallucination,2,1,0,4,0.3333333333333333,2.0,-2.50773971917641,-2.4970431499743846,-5.050146633617182,0.5800439181110661,-5.050146633617182,4.357982048169291,5.050146633617182,4.357982048169291,9.408128681786472,5.050146633617182,0.0,0.0,1.0,4.784349442374172,0.36470405301259745,12.256794731457813,2,0.1538951654387196,4,0.0,0.3157894736842105,3,0.613173297124988
Magentic_One/007,Science,Reasoning Hallucination,2,2,1,4,0.6666666666666666,1.0,1.8502423289928807,1.860938898194906,-0.6921645854478911,-3.7779381300582244,4.357982048169291,-3.7779381300582244,4.357982048169291,3.7779381300582244,-8.135920178227515,0.6921645854478911,4.357982048169291,0.0,0.0,4.784349442374172,0.36470405301259745,12.256794731457813,2,0.1538951654387196,4,0.0,0.3157894736842105,3,0.38927994062058296
Magentic_One/007,Science,Reasoning Hallucination,2,3,0,4,1.0,0.0,-1.9276958010653438,-1.9169992318633184,-4.4701027155061155,0.0,-3.7779381300582244,0.0,3.7779381300582244,0.0,3.7779381300582244,4.4701027155061155,0.5800439181110661,0.0,0.0,4.784349442374172,0.36470405301259745,12.256794731457813,2,0.1538951654387196,4,0.0,0.3157894736842105,3,0.2564697635174864
Magentic_One/008,General Assistant,Retrieval Hallucination,2,0,0,6,0.0,5.0,4.763375889110264,5.3832392326002845,0.0,-4.254484317514844,0.0,-8.514711509627816,0.0,8.514711509627816,-8.514711509627816,0.0,0.0,1.0,1.0,9.718737731948277,0.1961069334015624,21.694716467790876,2,0.4321614088198679,6,0.0,0.42105263157894735,4,0.7372614584066645
Magentic_One/008,General Assistant,Retrieval Hallucination,2,1,0,6,0.2,4.0,-3.751335620517551,-3.1314722770275307,-8.514711509627816,4.260227192112971,-8.514711509627816,-1.2639892252083804,8.514711509627816,1.2639892252083804,7.250722284419435,8.514711509627816,0.0,0.0,1.0,9.718737731948277,0.1961069334015624,21.694716467790876,2,0.4321614088198679,6,0.0,0.42105263157894735,4,0.4311689661235004
Magentic_One/008,General Assistant,Retrieval Hallucination,2,2,1,6,0.4,3.0,-5.015324845725932,-4.395461502235912,-9.778700734836196,5.524216417321352,-1.2639892252083804,0.5696485274352305,1.2639892252083804,0.5696485274352305,1.833637752643611,9.778700734836196,0.0,0.0,1.0,9.718737731948277,0.1961069334015624,21.694716467790876,2,0.4321614088198679,6,0.0,0.42105263157894735,4,0.5793714838710565
Magentic_One/008,General Assistant,Retrieval Hallucination,2,3,0,6,0.6,2.0,-4.445676318290701,-3.8258129748006806,-9.209052207400966,4.954567889886121,0.5696485274352305,8.666565581179078,0.5696485274352305,8.666565581179078,8.096917053743848,9.209052207400966,0.5696485274352305,0.0,0.0,9.718737731948277,0.1961069334015624,21.694716467790876,2,0.4321614088198679,6,0.0,0.42105263157894735,4,0.7890093883737279
Magentic_One/008,General Assistant,Retrieval Hallucination,2,4,0,6,0.8,1.0,4.220889262888377,4.840752606378397,-0.542486626221887,-3.7119976912929573,8.666565581179078,-3.7119976912929573,8.666565581179078,3.7119976912929573,-12.378563272472036,0.542486626221887,9.236214108614309,0.0,0.0,9.718737731948277,0.1961069334015624,21.694716467790876,2,0.4321614088198679,6,0.0,0.42105263157894735,4,0.7122194014474833
Magentic_One/008,General Assistant,Retrieval Hallucination,2,5,0,6,1.0,0.0,0.5088915715954201,1.1287549150854406,-4.254484317514844,0.0,-3.7119976912929573,0.0,3.7119976912929573,0.0,3.7119976912929573,4.254484317514844,5.524216417321352,0.0,0.0,9.718737731948277,0.1961069334015624,21.694716467790876,2,0.4321614088198679,6,0.0,0.42105263157894735,4,0.5306836529922839
Magentic_One/010,Science,Planning Hallucination,0,0,1,8,0.0,7.0,0.2350076809409778,1.1503011687119784,0.0,4.406025054513716,0.0,-0.5394176688341261,0.0,0.5394176688341261,-0.5394176688341261,0.0,0.0,1.0,1.0,11.166988047188983,0.12001599762856564,36.71198124894822,5,1.5596714007595052,8,1.0,0.5789473684210527,2,0.8355607217962948
Magentic_One/010,Science,Planning Hallucination,0,1,0,8,0.14285714285714285,6.0,-0.3044099878931483,0.6108834998778523,-0.5394176688341261,4.945442723347842,-0.5394176688341261,-2.3095957694367506,0.5394176688341261,2.3095957694367506,-1.7701781006026245,0.5394176688341261,0.0,0.0,1.0,11.166988047188983,0.12001599762856564,36.71198124894822,5,1.5596714007595052,8,1.0,0.5789473684210527,2,0.6706271895911095
Magentic_One/010,Science,Planning Hallucination,0,2,0,8,0.2857142857142857,5.0,-2.614005757329899,-1.6987122695588983,-2.8490134382708767,7.255038492784593,-2.3095957694367506,2.343602417511125,2.3095957694367506,2.343602417511125,4.653198186947876,2.8490134382708767,0.0,0.0,1.0,11.166988047188983,0.12001599762856564,36.71198124894822,5,1.5596714007595052,8,1.0,0.5789473684210527,2,0.6561755745945577
Magentic_One/010,Science,Planning Hallucination,0,3,0,8,0.42857142857142855,4.0,-0.27040333981877396,0.6448901479522267,-0.5054110207597518,4.911436075273468,2.343602417511125,-6.849732348656218,2.343602417511125,6.849732348656218,-9.193334766167343,0.5054110207597518,2.343602417511125,0.0,0.0,11.166988047188983,0.12001599762856564,36.71198124894822,5,1.5596714007595052,8,1.0,0.5789473684210527,2,0.29911354468282836
Magentic_One/010,Science,Planning Hallucination,0,4,0,8,0.5714285714285714,3.0,-7.120135688474992,-6.204842200703991,-7.35514336941597,11.761168423929686,-6.849732348656218,11.289427158073266,6.849732348656218,11.289427158073266,18.139159506729484,7.35514336941597,0.0,0.0,1.0,11.166988047188983,0.12001599762856564,36.71198124894822,5,1.5596714007595052,8,1.0,0.5789473684210527,2,0.4400526438645245
Magentic_One/010,Science,Planning Hallucination,0,5,0,8,0.7142857142857143,2.0,4.169291469598274,5.084584957369275,3.9342837886572966,0.4717412658564193,11.289427158073266,-10.228016484243412,11.289427158073266,10.228016484243412,-21.517443642316678,0.0,11.289427158073266,1.0,0.0,11.166988047188983,0.12001599762856564,36.71198124894822,5,1.5596714007595052,8,1.0,0.5789473684210527,2,0.35937245241939664
Magentic_One/010,Science,Planning Hallucination,0,6,0,8,0.8571428571428571,1.0,-6.0587250146451375,-5.143431526874137,-6.293732695586115,10.699757750099831,-10.228016484243412,10.699757750099831,10.228016484243412,10.699757750099831,20.927774234343243,10.228016484243412,1.0614106738298545,0.0,0.0,11.166988047188983,0.12001599762856564,36.71198124894822,5,1.5596714007595052,8,1.0,0.5789473684210527,2,0.0507371608339867
Magentic_One/010,Science,Planning Hallucination,0,7,0,8,1.0,0.0,4.641032735454694,5.556326223225694,4.406025054513716,0.0,10.699757750099831,0.0,10.699757750099831,0.0,-10.699757750099831,0.0,11.761168423929686,1.0,0.0,11.166988047188983,0.12001599762856564,36.71198124894822,5,1.5596714007595052,8,1.0,0.5789473684210527,2,0.5831762889354458
Magentic_One/011,Science,Planning Hallucination,0,0,1,4,0.0,3.0,-0.029953360001865548,-0.02103874461323052,0.0,4.0378382266237836,0.0,0.05552526773180588,0.0,0.05552526773180588,0.05552526773180588,0.0,0.0,1.0,1.0,7.623517966604007,0.35687592676216323,11.314403477023443,2,0.14238631208357247,4,1.0,0.6842105263157895,2,0.8963519101357752
Magentic_One/011,Science,Planning Hallucination,0,1,0,4,0.3333333333333333,2.0,0.025571907729940335,0.03448652311857536,0.05552526773180588,3.9823129588919777,0.05552526773180588,-4.064733783634473,0.05552526773180588,4.064733783634473,-4.120259051366279,0.0,0.05552526773180588,1.0,0.0,7.623517966604007,0.35687592676216323,11.314403477023443,2,0.14238631208357247,4,1.0,0.6842105263157895,2,0.49761473798483014
Magentic_One/011,Science,Planning Hallucination,0,2,0,4,0.6666666666666666,1.0,-4.039161875904533,-4.030247260515898,-4.009208515902667,8.047046742526451,-4.064733783634473,8.047046742526451,4.064733783634473,8.047046742526451,12.111780526160924,4.064733783634473,0.0,0.0,1.0,7.623517966604007,0.35687592676216323,11.314403477023443,2,0.14238631208357247,4,1.0,0.6842105263157895,2,0.5720768234467566
Magentic_One/011,Science,Planning Hallucination,0,3,0,4,1.0,0.0,4.007884866621918,4.016799482010553,4.0378382266237836,0.0,8.047046742526451,0.0,8.047046742526451,0.0,-8.047046742526451,0.0,8.047046742526451,1.0,0.0,7.623517966604007,0.35687592676216323,11.314403477023443,2,0.14238631208357247,4,1.0,0.6842105263157895,2,0.5205348837232074
Magentic_One/012,Math,Planning Hallucination,0,0,1,12,0.0,11.0,2.77398344947866,2.7821996181906408,0.0,1.9398555087928386,0.0,-2.656244438328706,0.0,2.656244438328706,-2.656244438328706,0.0,0.0,1.0,1.0,10.224375326057942,0.05321675749953739,36.451967386583114,7,2.3943620489148225,12,1.0,0.7368421052631579,0,0.6377338280491063
Magentic_One/012,Math,Planning Hallucination,0,1,0,12,0.09090909090909091,10.0,0.11773901114995411,0.12595517986193508,-2.656244438328706,4.5960999471215445,-2.656244438328706,-0.32161338957104846,2.656244438328706,0.32161338957104846,2.3346310487576574,2.656244438328706,0.0,0.0,1.0,10.224375326057942,0.05321675749953739,36.451967386583114,7,2.3943620489148225,12,1.0,0.7368421052631579,0,0.5963589348817868
Magentic_One/012,Math,Planning Hallucination,0,2,0,12,0.18181818181818182,9.0,-0.20387437842109435,-0.19565820970911338,-2.9778578278997543,4.917713336692593,-0.32161338957104846,0.1655758988461642,0.32161338957104846,0.1655758988461642,0.48718928841721265,2.9778578278997543,0.0,0.0,1.0,10.224375326057942,0.05321675749953739,36.451967386583114,7,2.3943620489148225,12,1.0,0.7368421052631579,0,0.6172488489139216
Magentic_One/012,Math,Planning Hallucination,0,3,0,12,0.2727272727272727,8.0,-0.038298479574930155,-0.03008231086294918,-2.81228192905359,4.752137437846429,0.1655758988461642,-2.2925026114889846,0.1655758988461642,2.2925026114889846,-2.458078510335149,2.81228192905359,0.1655758988461642,0.0,0.0,10.224375326057942,0.05321675749953739,36.451967386583114,7,2.3943620489148225,12,1.0,0.7368421052631579,0,0.4882820393790037
Magentic_One/012,Math,Planning Hallucination,0,4,0,12,0.36363636363636365,7.0,-2.3308010910639148,-2.322584922351934,-5.104784540542575,7.044640049335413,-2.2925026114889846,2.545622631266504,2.2925026114889846,2.545622631266504,4.838125242755488,5.104784540542575,0.0,0.0,1.0,10.224375326057942,0.05321675749953739,36.451967386583114,7,2.3943620489148225,12,1.0,0.7368421052631579,0,0.4691537998073534
Magentic_One/012,Math,Planning Hallucination,0,5,0,12,0.45454545454545453,6.0,0.21482154020258903,0.22303770891457,-2.559161909276071,4.4990174180689095,2.545622631266504,1.4072283878717506,2.545622631266504,1.4072283878717506,-1.1383942433947531,2.559161909276071,2.545622631266504,0.0,0.0,10.224375326057942,0.05321675749953739,36.451967386583114,7,2.3943620489148225,12,1.0,0.7368421052631579,0,0.5399188347339839
Magentic_One/012,Math,Planning Hallucination,0,6,0,12,0.5454545454545454,5.0,1.6220499280743397,1.6302660967863207,-1.1519335214043203,3.091789030197159,1.4072283878717506,-1.7369131003518348,1.4072283878717506,1.7369131003518348,-3.1441414882235854,1.1519335214043203,3.9528510191382544,0.0,0.0,10.224375326057942,0.05321675749953739,36.451967386583114,7,2.3943620489148225,12,1.0,0.7368421052631579,0,0.4751589280626589
Magentic_One/012,Math,Planning Hallucination,0,7,0,12,0.6363636363636364,4.0,-0.1148631722774951,-0.10664700356551411,-2.888846621756155,4.828702130548994,-1.7369131003518348,-6.57846200622215,1.7369131003518348,6.57846200622215,-4.841548905870315,2.888846621756155,2.2159379187864197,0.0,0.0,10.224375326057942,0.05321675749953739,36.451967386583114,7,2.3943620489148225,12,1.0,0.7368421052631579,0,0.1536787905574437
Magentic_One/012,Math,Planning Hallucination,0,8,0,12,0.7272727272727273,3.0,-6.693325178499645,-6.685109009787664,-9.467308627978305,11.407164136771144,-6.57846200622215,11.236493701775487,6.57846200622215,11.236493701775487,17.814955707997637,9.467308627978305,0.0,0.0,1.0,10.224375326057942,0.05321675749953739,36.451967386583114,7,2.3943620489148225,12,1.0,0.7368421052631579,0,0.26584866481373876
Magentic_One/012,Math,Planning Hallucination,0,9,0,12,0.8181818181818182,2.0,4.543168523275842,4.551384691987823,1.769185073797182,0.1706704349956567,11.236493701775487,-9.246201658435417,11.236493701775487,9.246201658435417,-20.482695360210904,0.0,11.236493701775487,1.0,0.0,10.224375326057942,0.05321675749953739,36.451967386583114,7,2.3943620489148225,12,1.0,0.7368421052631579,0,0.10692338353360167
Magentic_One/012,Math,Planning Hallucination,0,10,0,12,0.9090909090909091,1.0,-4.7030331351595756,-4.694816966447594,-7.4770165846382355,9.416872093431074,-9.246201658435417,9.416872093431074,9.246201658435417,9.416872093431074,18.66307375186649,9.246201658435417,1.9902920433400695,0.0,0.0,10.224375326057942,0.05321675749953739,36.451967386583114,7,2.3943620489148225,12,1.0,0.7368421052631579,0,0.1746489228620286
Magentic_One/012,Math,Planning Hallucination,0,11,0,12,1.0,0.0,4.713838958271499,4.72205512698348,1.9398555087928386,0.0,9.416872093431074,0.0,9.416872093431074,0.0,-9.416872093431074,0.0,11.407164136771144,1.0,0.0,10.224375326057942,0.05321675749953739,36.451967386583114,7,2.3943620489148225,12,1.0,0.7368421052631579,0,0.3377698710622836
Magentic_One/013,General Assistant,Retrieval Hallucination,2,0,0,12,0.0,11.0,2.774854883604849,3.038812152275821,0.0,3.0341942002903544,0.0,-2.7522946025572104,0.0,2.7522946025572104,-2.7522946025572104,0.0,0.0,1.0,1.0,10.670089770202745,0.06645219163583396,45.65980632991167,7,3.062087700668694,12,1.0,0.8947368421052632,1,0.7327037784491265
Magentic_One/013,General Assistant,Retrieval Hallucination,2,1,0,12,0.09090909090909091,10.0,0.022560281047638853,0.2865175497186107,-2.7522946025572104,5.786488802847565,-2.7522946025572104,-2.6058658524822143,2.7522946025572104,2.6058658524822143,0.14642875007499612,2.7522946025572104,0.0,0.0,1.0,10.670089770202745,0.06645219163583396,45.65980632991167,7,3.062087700668694,12,1.0,0.8947368421052632,1,0.5145382167560655
Magentic_One/013,General Assistant,Retrieval Hallucination,2,2,1,12,0.18181818181818182,9.0,-2.5833055714345754,-2.3193483027636037,-5.358160455039425,8.392354655329779,-2.6058658524822143,4.743678182455316,2.6058658524822143,4.743678182455316,7.34954403493753,5.358160455039425,0.0,0.0,1.0,10.670089770202745,0.06645219163583396,45.65980632991167,7,3.062087700668694,12,1.0,0.8947368421052632,1,0.6629088566798229
Magentic_One/013,General Assistant,Retrieval Hallucination,2,3,0,12,0.2727272727272727,8.0,2.1603726110207404,2.424329879691712,-0.6144822725841088,3.648676472874463,4.743678182455316,-4.7026741461679045,4.743678182455316,4.7026741461679045,-9.44635232862322,0.6144822725841088,4.743678182455316,0.0,0.0,10.670089770202745,0.06645219163583396,45.65980632991167,7,3.062087700668694,12,1.0,0.8947368421052632,1,0.4226368251388374
Magentic_One/013,General Assistant,Retrieval Hallucination,2,4,0,12,0.36363636363636365,7.0,-2.542301535147164,-2.2783442664761924,-5.317156418752013,8.351350619042368,-4.7026741461679045,0.19830467350260506,4.7026741461679045,0.19830467350260506,4.9009788196705095,5.317156418752013,0.04100403628741134,0.0,0.0,10.670089770202745,0.06645219163583396,45.65980632991167,7,3.062087700668694,12,1.0,0.8947368421052632,1,0.305321737128035
Magentic_One/013,General Assistant,Retrieval Hallucination,2,5,0,12,0.45454545454545453,6.0,-2.343996861644559,-2.0800395929735873,-5.118851745249408,8.153045945539763,0.19830467350260506,0.45713746078650175,0.19830467350260506,0.45713746078650175,0.2588327872838967,5.118851745249408,0.2393087097900164,0.0,0.0,10.670089770202745,0.06645219163583396,45.65980632991167,7,3.062087700668694,12,1.0,0.8947368421052632,1,0.4623611661683867
Magentic_One/013,General Assistant,Retrieval Hallucination,2,6,0,12,0.5454545454545454,5.0,-1.8868594008580573,-1.6229021321870853,-4.6617142844629065,7.695908484753261,0.45713746078650175,4.197373677627354,0.45713746078650175,4.197373677627354,3.7402362168408523,4.6617142844629065,0.6964461705765181,0.0,0.0,10.670089770202745,0.06645219163583396,45.65980632991167,7,3.062087700668694,12,1.0,0.8947368421052632,1,0.5119486529209267
Magentic_One/013,General Assistant,Retrieval Hallucination,2,7,0,12,0.6363636363636364,4.0,2.3105142767692968,2.5744715454402685,-0.46434060683555245,3.498534807125907,4.197373677627354,-7.160885054487878,4.197373677627354,7.160885054487878,-11.358258732115232,0.46434060683555245,4.893819848203872,0.0,0.0,10.670089770202745,0.06645219163583396,45.65980632991167,7,3.062087700668694,12,1.0,0.8947368421052632,1,0.17961148522088152
Magentic_One/013,General Assistant,Retrieval Hallucination,2,8,0,12,0.7272727272727273,3.0,-4.850370777718581,-4.586413509047609,-7.62522566132343,10.659419861613785,-7.160885054487878,9.446655825600153,7.160885054487878,9.446655825600153,16.60754088008803,7.62522566132343,0.0,0.0,1.0,10.670089770202745,0.06645219163583396,45.65980632991167,7,3.062087700668694,12,1.0,0.8947368421052632,1,0.29376984727911326
Magentic_One/013,General Assistant,Retrieval Hallucination,2,9,0,12,0.8181818181818182,2.0,4.596285047881572,4.860242316552545,1.8214301642767232,1.2127640360136311,9.446655825600153,-11.230574309349599,9.446655825600153,11.230574309349599,-20.677230134949752,0.0,9.446655825600153,1.0,0.0,10.670089770202745,0.06645219163583396,45.65980632991167,7,3.062087700668694,12,1.0,0.8947368421052632,1,0.09084411593421556
Magentic_One/013,General Assistant,Retrieval Hallucination,2,10,0,12,0.9090909090909091,1.0,-6.634289261468027,-6.3703319927970545,-9.409144145072876,12.44333834536323,-11.230574309349599,12.44333834536323,11.230574309349599,12.44333834536323,23.67391265471283,11.230574309349599,0.0,0.0,1.0,10.670089770202745,0.06645219163583396,45.65980632991167,7,3.062087700668694,12,1.0,0.8947368421052632,1,0.1302557461808475
Magentic_One/013,General Assistant,Retrieval Hallucination,2,11,0,12,1.0,0.0,5.809049083895204,6.073006352566176,3.0341942002903544,0.0,12.44333834536323,0.0,12.44333834536323,0.0,-12.44333834536323,0.0,12.44333834536323,1.0,0.0,10.670089770202745,0.06645219163583396,45.65980632991167,7,3.062087700668694,12,1.0,0.8947368421052632,1,0.43129629979998
Magentic_One/016,World Knowledge,Retrieval Hallucination,2,0,0,4,0.0,3.0,2.1054049972267777,2.63994605039516,0.0,4.327587467888108,0.0,-4.210872127437071,0.0,4.210872127437071,-4.210872127437071,0.0,0.0,1.0,1.0,14.323494650488774,0.1779479403971158,24.319401833089437,1,0.20810938343571975,4,1.0,0.631578947368421,0,0.8291837497769282
Magentic_One/016,World Knowledge,Retrieval Hallucination,2,1,0,4,0.3333333333333333,2.0,-2.105467130210293,-1.5709260770419107,-4.210872127437071,8.538459595325179,-4.210872127437071,-6.465627414594607,4.210872127437071,6.465627414594607,-2.2547552871575363,4.210872127437071,0.0,0.0,1.0,14.323494650488774,0.1779479403971158,24.319401833089437,1,0.20810938343571975,4,1.0,0.631578947368421,0,0.3292871913962889
Magentic_One/016,World Knowledge,Retrieval Hallucination,2,2,1,4,0.6666666666666666,1.0,-8.5710945448049,-8.036553491636518,-10.676499542031678,15.004087009919786,-6.465627414594607,15.004087009919786,6.465627414594607,15.004087009919786,21.469714424514393,10.676499542031678,0.0,0.0,1.0,14.323494650488774,0.1779479403971158,24.319401833089437,1,0.20810938343571975,4,1.0,0.631578947368421,0,0.5495695372903776
Magentic_One/016,World Knowledge,Retrieval Hallucination,2,3,0,4,1.0,0.0,6.432992465114886,6.967533518283268,4.327587467888108,0.0,15.004087009919786,0.0,15.004087009919786,0.0,-15.004087009919786,0.0,15.004087009919786,1.0,0.0,14.323494650488774,0.1779479403971158,24.319401833089437,1,0.20810938343571975,4,1.0,0.631578947368421,0,0.41492886422846703
Magentic_One/017,General Assistant,Reasoning Hallucination,2,0,0,4,0.0,3.0,5.722156974888666,5.940646840088754,0.0,-5.921861138161894,0.0,-3.8033456246730992,0.0,3.8033456246730992,-3.8033456246730992,0.0,0.0,1.0,1.0,13.610247994395912,0.2780394696511147,21.29863485062993,1,0.21737055947700862,4,0.0,0.6842105263157895,1,0.8954675937071394
Magentic_One/017,General Assistant,Reasoning Hallucination,2,1,0,4,0.3333333333333333,2.0,1.9188113502155666,2.137301215415655,-3.8033456246730992,-2.118515513488795,-3.8033456246730992,-10.234034972846924,3.8033456246730992,10.234034972846924,-6.430689348173825,3.8033456246730992,0.0,0.0,1.0,13.610247994395912,0.2780394696511147,21.29863485062993,1,0.21737055947700862,4,0.0,0.6842105263157895,1,0.3112696120107294
Magentic_One/017,General Assistant,Reasoning Hallucination,2,2,1,4,0.6666666666666666,1.0,-8.315223622631358,-8.09673375743127,-14.037380597520023,8.11551945935813,-10.234034972846924,8.11551945935813,10.234034972846924,8.11551945935813,18.349554432205053,14.037380597520023,0.0,0.0,1.0,13.610247994395912,0.2780394696511147,21.29863485062993,1,0.21737055947700862,4,0.0,0.6842105263157895,1,0.40048769742924634
Magentic_One/017,General Assistant,Reasoning Hallucination,2,3,0,4,1.0,0.0,-0.19970416327322837,0.01878570192686002,-5.921861138161894,0.0,8.11551945935813,0.0,8.11551945935813,0.0,-8.11551945935813,5.921861138161894,8.11551945935813,0.0,0.0,13.610247994395912,0.2780394696511147,21.29863485062993,1,0.21737055947700862,4,0.0,0.6842105263157895,1,0.6217322434245828
Magentic_One/018,Math,Reasoning Hallucination,2,0,0,8,0.0,7.0,4.8926479217979555,4.664452178226027,0.0,-2.7217700734066703,0.0,-7.225324082189275,0.0,7.225324082189275,-7.225324082189275,0.0,0.0,1.0,1.0,12.307323332682806,0.0987105750647088,27.573236926463437,4,1.0576475179247984,8,0.7368421052631579,0.5789473684210527,3,0.649372045533168
Magentic_One/018,Math,Reasoning Hallucination,2,1,0,8,0.14285714285714285,6.0,-2.332676160391319,-2.5608719039632475,-7.225324082189275,4.503554008782604,-7.225324082189275,-0.1644033220055796,7.225324082189275,0.1644033220055796,7.060920760183695,7.225324082189275,0.0,0.0,1.0,12.307323332682806,0.0987105750647088,27.573236926463437,4,1.0576475179247984,8,0.7368421052631579,0.5789473684210527,3,0.5099833529862376
Magentic_One/018,Math,Reasoning Hallucination,2,2,1,8,0.2857142857142857,5.0,-2.4970794823968987,-2.725275225968827,-7.389727404194854,4.667957330788184,-0.1644033220055796,0.15238898606014928,0.1644033220055796,0.15238898606014928,0.3167923080657289,7.389727404194854,0.0,0.0,1.0,12.307323332682806,0.0987105750647088,27.573236926463437,4,1.0576475179247984,8,0.7368421052631579,0.5789473684210527,3,0.6580539915103342
Magentic_One/018,Math,Reasoning Hallucination,2,3,0,8,0.42857142857142855,4.0,-2.3446904963367494,-2.572886239908678,-7.237338418134705,4.515568344728035,0.15238898606014928,-4.81493794484809,0.15238898606014928,4.81493794484809,-4.967326930908239,7.237338418134705,0.15238898606014928,0.0,0.0,12.307323332682806,0.0987105750647088,27.573236926463437,4,1.0576475179247984,8,0.7368421052631579,0.5789473684210527,3,0.31276634741590215
Magentic_One/018,Math,Reasoning Hallucination,2,4,0,8,0.5714285714285714,3.0,-7.159628441184839,-7.387824184756768,-12.052276362982795,9.330506289576125,-4.81493794484809,13.63275236648137,4.81493794484809,13.63275236648137,18.44769031132946,12.052276362982795,0.0,0.0,1.0,12.307323332682806,0.0987105750647088,27.573236926463437,4,1.0576475179247984,8,0.7368421052631579,0.5789473684210527,3,0.6560545955107181
Magentic_One/018,Math,Reasoning Hallucination,2,5,0,8,0.7142857142857143,2.0,6.47312392529653,6.244928181724601,1.5804760034985748,-4.302246076905245,13.63275236648137,-3.8501330918970673,13.63275236648137,3.8501330918970673,-17.482885458378437,0.0,13.63275236648137,1.0,0.0,12.307323332682806,0.0987105750647088,27.573236926463437,4,1.0576475179247984,8,0.7368421052631579,0.5789473684210527,3,0.46551334373939707
Magentic_One/018,Math,Reasoning Hallucination,2,6,0,8,0.8571428571428571,1.0,2.622990833399463,2.3947950898275345,-2.2696570883984926,-0.45211298500817776,-3.8501330918970673,-0.45211298500817776,3.8501330918970673,0.45211298500817776,3.3980201068888896,3.8501330918970673,9.782619274584302,0.0,0.0,12.307323332682806,0.0987105750647088,27.573236926463437,4,1.0576475179247984,8,0.7368421052631579,0.5789473684210527,3,0.7043370287679055
Magentic_One/018,Math,Reasoning Hallucination,2,7,0,8,1.0,0.0,2.170877848391285,1.9426821048193568,-2.7217700734066703,0.0,-0.45211298500817776,0.0,0.45211298500817776,0.0,0.45211298500817776,4.302246076905245,9.330506289576125,0.0,0.0,12.307323332682806,0.0987105750647088,27.573236926463437,4,1.0576475179247984,8,0.7368421052631579,0.5789473684210527,3,0.7333251234060428
Magentic_One/019,World Knowledge,Reasoning Hallucination,4,0,0,6,0.0,5.0,6.685319027174717,6.990631445247884,0.0,-4.284862220148256,0.0,-8.520477568069321,0.0,8.520477568069321,-8.520477568069321,0.0,0.0,1.0,1.0,10.537698751224383,0.2533173488773812,16.914997094108827,3,0.25988690670745995,6,0.0,0.7894736842105263,0,0.8236809102945948
Magentic_One/019,World Knowledge,Reasoning Hallucination,4,1,0,6,0.2,4.0,-1.8351585408946036,-1.5298461228214364,-8.520477568069321,4.235615347921065,-8.520477568069321,-0.7828322166752919,8.520477568069321,0.7828322166752919,7.737645351394029,8.520477568069321,0.0,0.0,1.0,10.537698751224383,0.2533173488773812,16.914997094108827,3,0.25988690670745995,6,0.0,0.7894736842105263,0,0.7564936517901291
Magentic_One/019,World Knowledge,Reasoning Hallucination,4,2,0,6,0.4,3.0,-2.6179907575698955,-2.312678339496728,-9.303309784744613,5.018447564596357,-0.7828322166752919,0.07882581414526868,0.7828322166752919,0.07882581414526868,0.8616580308205606,9.303309784744613,0.0,0.0,1.0,10.537698751224383,0.2533173488773812,16.914997094108827,3,0.25988690670745995,6,0.0,0.7894736842105263,0,0.8175698751415298
Magentic_One/019,World Knowledge,Reasoning Hallucination,4,3,0,6,0.6,2.0,-2.539164943424627,-2.2338525253514594,-9.224483970599344,4.939621750451089,0.07882581414526868,-1.3861711573264301,0.07882581414526868,1.3861711573264301,-1.4649969714716988,9.224483970599344,0.07882581414526868,0.0,0.0,10.537698751224383,0.2533173488773812,16.914997094108827,3,0.25988690670745995,6,0.0,0.7894736842105263,0,0.6745133032471703
Magentic_One/019,World Knowledge,Reasoning Hallucination,4,4,1,6,0.8,1.0,-3.925336100751057,-3.6200236826778895,-10.610655127925774,6.325792907777519,-1.3861711573264301,6.325792907777519,1.3861711573264301,6.325792907777519,7.711964065103949,10.610655127925774,0.0,0.0,1.0,10.537698751224383,0.2533173488773812,16.914997094108827,3,0.25988690670745995,6,0.0,0.7894736842105263,0,0.6167921299659572
Magentic_One/019,World Knowledge,Reasoning Hallucination,4,5,0,6,1.0,0.0,2.400456807026462,2.7057692250996292,-4.284862220148256,0.0,6.325792907777519,0.0,6.325792907777519,0.0,-6.325792907777519,4.284862220148256,6.325792907777519,0.0,0.0,10.537698751224383,0.2533173488773812,16.914997094108827,3,0.25988690670745995,6,0.0,0.7894736842105263,0,0.5134852877207567
Magentic_One/020,General Assistant,Reasoning Hallucination,6,0,0,8,0.0,7.0,6.72582058595842,7.025362770268616,0.0,-4.3403199871607505,0.0,-10.332137160129164,0.0,10.332137160129164,-10.332137160129164,0.0,0.0,1.0,1.0,11.816977090763665,0.13922667401821753,31.174485907727913,3,1.0045977504738273,8,0.0,0.2631578947368421,1,0.65970430305626
Magentic_One/020,General Assistant,Reasoning Hallucination,6,1,0,8,0.14285714285714285,6.0,-3.6063165741707444,-3.306774389860548,-10.332137160129164,5.991817172968414,-10.332137160129164,-1.7632474176284703,10.332137160129164,1.7632474176284703,8.568889742500694,10.332137160129164,0.0,0.0,1.0,11.816977090763665,0.13922667401821753,31.174485907727913,3,1.0045977504738273,8,0.0,0.2631578947368421,1,0.37816742330534825
Magentic_One/020,General Assistant,Reasoning Hallucination,6,2,0,8,0.2857142857142857,5.0,-5.369563991799215,-5.070021807489018,-12.095384577757635,7.755064590596884,-1.7632474176284703,7.219459421358248,1.7632474176284703,7.219459421358248,8.982706838986719,12.095384577757635,0.0,0.0,1.0,11.816977090763665,0.13922667401821753,31.174485907727913,3,1.0045977504738273,8,0.0,0.2631578947368421,1,0.8284612365847769
Magentic_One/020,General Assistant,Reasoning Hallucination,6,3,0,8,0.42857142857142855,4.0,1.8498954295590337,2.14943761386923,-4.875925156399386,0.5356051692386359,7.219459421358248,-6.571605433781929,7.219459421358248,6.571605433781929,-13.791064855140178,4.875925156399386,7.219459421358248,0.0,0.0,11.816977090763665,0.13922667401821753,31.174485907727913,3,1.0045977504738273,8,0.0,0.2631578947368421,1,0.5050226800011346
Magentic_One/020,General Assistant,Reasoning Hallucination,6,4,0,8,0.5714285714285714,3.0,-4.721710004222896,-4.4221678199126995,-11.447530590181316,7.107210603020565,-6.571605433781929,4.772952543565701,6.571605433781929,4.772952543565701,11.34455797734763,11.447530590181316,0.647853987576319,0.0,0.0,11.816977090763665,0.13922667401821753,31.174485907727913,3,1.0045977504738273,8,0.0,0.2631578947368421,1,0.4154042501259747
Magentic_One/020,General Assistant,Reasoning Hallucination,6,5,0,8,0.7142857142857143,2.0,0.051242539342805316,0.3507847236530015,-6.674578046615615,2.3342580594548643,4.772952543565701,0.23755140271055097,4.772952543565701,0.23755140271055097,-4.53540114085515,6.674578046615615,5.42080653114202,0.0,0.0,11.816977090763665,0.13922667401821753,31.174485907727913,3,1.0045977504738273,8,0.0,0.2631578947368421,1,0.6496581032645317
Magentic_One/020,General Assistant,Reasoning Hallucination,6,6,1,8,0.8571428571428571,1.0,0.2887939420533563,0.5883361263635525,-6.437026643905064,2.0967066567443133,0.23755140271055097,2.0967066567443133,0.23755140271055097,2.0967066567443133,1.8591552540337624,6.437026643905064,5.658357933852571,0.0,0.0,11.816977090763665,0.13922667401821753,31.174485907727913,3,1.0045977504738273,8,0.0,0.2631578947368421,1,0.5765276624550361
Magentic_One/020,General Assistant,Reasoning Hallucination,6,7,0,8,1.0,0.0,2.3855005987976696,2.685042783107866,-4.3403199871607505,0.0,2.0967066567443133,0.0,2.0967066567443133,0.0,-2.0967066567443133,4.3403199871607505,7.755064590596884,0.0,0.0,11.816977090763665,0.13922667401821753,31.174485907727913,3,1.0045977504738273,8,0.0,0.2631578947368421,1,0.5176047236555062
Magentic_One/021,World Knowledge,Retrieval Hallucination,2,0,0,4,0.0,3.0,4.245083956599206,4.250205730582562,0.0,4.3437067512940395,0.0,-8.499987587761176,0.0,8.499987587761176,-8.499987587761176,0.0,0.0,1.0,1.0,16.730927311041157,0.1491752418652872,29.118147870788277,1,0.22533540723612677,4,1.0,0.631578947368421,4,0.7842826675062803
Magentic_One/021,World Knowledge,Retrieval Hallucination,2,1,0,4,0.3333333333333333,2.0,-4.2549036311619695,-4.249781857178614,-8.499987587761176,12.843694339055215,-8.499987587761176,-4.344554498101935,8.499987587761176,4.344554498101935,4.15543308965924,8.499987587761176,0.0,0.0,1.0,16.730927311041157,0.1491752418652872,29.118147870788277,1,0.22533540723612677,4,1.0,0.631578947368421,4,0.31830068447438
Magentic_One/021,World Knowledge,Retrieval Hallucination,2,2,1,4,0.6666666666666666,1.0,-8.599458129263905,-8.59433635528055,-12.844542085863111,17.18824883715715,-4.344554498101935,17.18824883715715,4.344554498101935,17.18824883715715,21.532803335259086,12.844542085863111,0.0,0.0,1.0,16.730927311041157,0.1491752418652872,29.118147870788277,1,0.22533540723612677,4,1.0,0.631578947368421,4,0.8138719207130882
Magentic_One/021,World Knowledge,Retrieval Hallucination,2,3,0,4,1.0,0.0,8.588790707893246,8.5939124818766,4.3437067512940395,0.0,17.18824883715715,0.0,17.18824883715715,0.0,-17.18824883715715,0.0,17.18824883715715,1.0,0.0,16.730927311041157,0.1491752418652872,29.118147870788277,1,0.22533540723612677,4,1.0,0.631578947368421,4,0.6797510872339518
Magentic_One/022,World Knowledge,Planning Hallucination,0,0,1,8,0.0,7.0,-2.2563026830446447,-1.649986504862781,0.0,6.978716014357136,0.0,2.285739540218678,0.0,2.285739540218678,2.285739540218678,0.0,0.0,1.0,1.0,10.175162724577692,0.4025750854382545,17.335191040846233,3,0.510162797549617,8,0.8947368421052632,0.42105263157894735,4,0.9270220289328608
Magentic_One/022,World Knowledge,Planning Hallucination,0,1,0,8,0.14285714285714285,6.0,0.02943685717403355,0.6357530353558971,2.285739540218678,4.692976474138458,2.285739540218678,-2.8875130033494933,2.285739540218678,2.8875130033494933,-5.1732525435681715,0.0,2.285739540218678,1.0,0.0,10.175162724577692,0.4025750854382545,17.335191040846233,3,0.510162797549617,8,0.8947368421052632,0.42105263157894735,4,0.791291420351762
Magentic_One/022,World Knowledge,Planning Hallucination,0,2,0,8,0.2857142857142857,5.0,-2.85807614617546,-2.2517599679935962,-0.6017734631308151,7.580489477487951,-2.8875130033494933,-1.7416457409753647,2.8875130033494933,1.7416457409753647,1.1458672623741286,2.8875130033494933,0.0,0.0,1.0,10.175162724577692,0.4025750854382545,17.335191040846233,3,0.510162797549617,8,0.8947368421052632,0.42105263157894735,4,0.4927749278314941
Magentic_One/022,World Knowledge,Planning Hallucination,0,3,0,8,0.42857142857142855,4.0,-4.5997218871508245,-3.993405708968961,-2.34341920410618,9.322135218463316,-1.7416457409753647,0.49357325843205757,1.7416457409753647,0.49357325843205757,2.2352189994074223,4.629158744324858,0.0,0.0,1.0,10.175162724577692,0.4025750854382545,17.335191040846233,3,0.510162797549617,8,0.8947368421052632,0.42105263157894735,4,0.473915854651995
Magentic_One/022,World Knowledge,Planning Hallucination,0,4,0,8,0.5714285714285714,3.0,-4.106148628718767,-3.4998324505369034,-1.8498459456741223,8.828561960031259,0.49357325843205757,2.3195215744725033,0.49357325843205757,2.3195215744725033,1.8259483160404457,4.1355854858928005,0.49357325843205757,0.0,0.0,10.175162724577692,0.4025750854382545,17.335191040846233,3,0.510162797549617,8,0.8947368421052632,0.42105263157894735,4,0.5663082066407156
Magentic_One/022,World Knowledge,Planning Hallucination,0,5,0,8,0.7142857142857143,2.0,-1.7866270542462637,-1.1803108760644,0.469675628798381,6.509040385558755,2.3195215744725033,7.79112383964079,2.3195215744725033,7.79112383964079,5.471602265168286,1.8160639114202972,2.813094832904561,0.0,0.0,10.175162724577692,0.4025750854382545,17.335191040846233,3,0.510162797549617,8,0.8947368421052632,0.42105263157894735,4,0.7511680610550308
Magentic_One/022,World Knowledge,Planning Hallucination,0,6,0,8,0.8571428571428571,1.0,6.004496785394526,6.6108129635763895,8.26079946843917,-1.2820834540820343,7.79112383964079,-1.2820834540820343,7.79112383964079,1.2820834540820343,-9.073207293722824,0.0,10.60421867254535,1.0,0.0,10.175162724577692,0.4025750854382545,17.335191040846233,3,0.510162797549617,8,0.8947368421052632,0.42105263157894735,4,0.30377076974491163
Magentic_One/022,World Knowledge,Planning Hallucination,0,7,0,8,1.0,0.0,4.722413331312492,5.328729509494355,6.978716014357136,0.0,-1.2820834540820343,0.0,1.2820834540820343,0.0,1.2820834540820343,1.2820834540820343,9.322135218463316,0.0,0.0,10.175162724577692,0.4025750854382545,17.335191040846233,3,0.510162797549617,8,0.8947368421052632,0.42105263157894735,4,0.34785622532019983
Magentic_One/023,Math,Reasoning Hallucination,2,0,0,4,0.0,3.0,-4.263197052714162,-3.203053524388409,0.0,4.314131402448808,0.0,4.248111576845737,0.0,4.248111576845737,4.248111576845737,0.0,0.0,1.0,1.0,4.314131402448808,1.0000000000000002,4.314131402448807,0,0.03779432261586636,4,1.0,0.0,3,0.7153362253777967
Magentic_One/023,Math,Reasoning Hallucination,2,1,0,4,0.3333333333333333,2.0,-0.01508547586842468,1.0450580524573283,4.248111576845737,0.06601982560307107,4.248111576845737,0.001859541413352872,4.248111576845737,0.001859541413352872,-4.246252035432384,0.0,4.248111576845737,1.0,0.0,4.314131402448808,1.0000000000000002,4.314131402448807,0,0.03779432261586636,4,1.0,0.0,3,0.3053929990229925
Magentic_One/023,Math,Reasoning Hallucination,2,2,1,4,0.6666666666666666,1.0,-0.013225934455071808,1.0469175938706812,4.24997111825909,0.0641602841897182,0.001859541413352872,0.0641602841897182,0.001859541413352872,0.0641602841897182,0.062300742776365325,0.0,4.24997111825909,1.0,0.0,4.314131402448808,1.0000000000000002,4.314131402448807,0,0.03779432261586636,4,1.0,0.0,3,0.3680178155463123
Magentic_One/023,Math,Reasoning Hallucination,2,3,0,4,1.0,0.0,0.05093434973464639,1.1110778780603994,4.314131402448808,0.0,0.0641602841897182,0.0,0.0641602841897182,0.0,-0.0641602841897182,0.0,4.314131402448808,1.0,0.0,4.314131402448808,1.0000000000000002,4.314131402448807,0,0.03779432261586636,4,1.0,0.0,3,0.280104819450345
Magentic_One/024,World Knowledge,Reasoning Hallucination,10,0,0,14,0.0,13.0,2.6061038471880487,2.610252413907687,0.0,-0.6025724083039279,0.0,-5.16824728344487,0.0,5.16824728344487,-5.16824728344487,0.0,0.0,1.0,1.0,6.956849635010949,0.01802641771497634,33.427185469207835,7,2.254215083893968,14,0.21052631578947367,0.47368421052631576,2,0.6472145530784137
Magentic_One/024,World Knowledge,Reasoning Hallucination,10,1,0,14,0.07692307692307693,12.0,-2.5621434362568216,-2.5579948695371835,-5.16824728344487,4.565674875140942,-5.16824728344487,2.419280956777925,5.16824728344487,2.419280956777925,7.587528240222795,5.16824728344487,0.0,0.0,1.0,6.956849635010949,0.01802641771497634,33.427185469207835,7,2.254215083893968,14,0.21052631578947367,0.47368421052631576,2,0.5410347688061218
Magentic_One/024,World Knowledge,Reasoning Hallucination,10,2,0,14,0.15384615384615385,11.0,-0.14286247947889663,-0.13871391275925835,-2.7489663266669453,2.1463939183630174,2.419280956777925,4.797713090366447,2.419280956777925,4.797713090366447,2.3784321335885217,2.7489663266669453,2.419280956777925,0.0,0.0,6.956849635010949,0.01802641771497634,33.427185469207835,7,2.254215083893968,14,0.21052631578947367,0.47368421052631576,2,0.6048989419421278
Magentic_One/024,World Knowledge,Reasoning Hallucination,10,3,0,14,0.23076923076923078,10.0,4.65485061088755,4.658999177607188,2.0487467636995014,-2.6513191720034293,4.797713090366447,-4.575560369294315,4.797713090366447,4.575560369294315,-9.373273459660762,0.0,7.216994047144372,1.0,0.0,6.956849635010949,0.01802641771497634,33.427185469207835,7,2.254215083893968,14,0.21052631578947367,0.47368421052631576,2,0.5762443353072749
Magentic_One/024,World Knowledge,Reasoning Hallucination,10,4,0,14,0.3076923076923077,9.0,0.07929024159323461,0.08343880831287288,-2.526813605594814,1.9242411972908862,-4.575560369294315,-2.216830694644127,4.575560369294315,2.216830694644127,2.3587296746501885,4.575560369294315,2.6414336778500562,0.0,0.0,6.956849635010949,0.01802641771497634,33.427185469207835,7,2.254215083893968,14,0.21052631578947367,0.47368421052631576,2,0.20209983437505152
Magentic_One/024,World Knowledge,Reasoning Hallucination,10,5,0,14,0.38461538461538464,8.0,-2.1375404530508924,-2.133391886331254,-4.743644300238941,4.141071891935013,-2.216830694644127,-2.049044136272741,2.216830694644127,2.049044136272741,0.167786558371386,6.792391063938442,0.42460298320592926,0.0,0.0,6.956849635010949,0.01802641771497634,33.427185469207835,7,2.254215083893968,14,0.21052631578947367,0.47368421052631576,2,0.2164924744999652
Magentic_One/024,World Knowledge,Reasoning Hallucination,10,6,0,14,0.46153846153846156,7.0,-4.186584589323633,-4.182436022603995,-6.792688436511682,6.190116028207754,-2.049044136272741,3.9395200956574215,2.049044136272741,3.9395200956574215,5.988564231930162,8.841435200211183,0.0,0.0,1.0,6.956849635010949,0.01802641771497634,33.427185469207835,7,2.254215083893968,14,0.21052631578947367,0.47368421052631576,2,0.5332573148695593
Magentic_One/024,World Knowledge,Reasoning Hallucination,10,7,0,14,0.5384615384615384,6.0,-0.24706449366621186,-0.24291592694657357,-2.8531683408542605,2.2505959325503326,3.9395200956574215,-2.110493355579827,3.9395200956574215,2.110493355579827,-6.050013451237248,4.901915104553762,3.9395200956574215,0.0,0.0,6.956849635010949,0.01802641771497634,33.427185469207835,7,2.254215083893968,14,0.21052631578947367,0.47368421052631576,2,0.3658303488311185
Magentic_One/024,World Knowledge,Reasoning Hallucination,10,8,0,14,0.6153846153846154,5.0,-2.3575578492460387,-2.3534092825264006,-4.963661696434087,4.3610892881301595,-2.110493355579827,3.803576278504586,2.110493355579827,3.803576278504586,5.914069634084413,7.012408460133589,1.8290267400775946,0.0,0.0,6.956849635010949,0.01802641771497634,33.427185469207835,7,2.254215083893968,14,0.21052631578947367,0.47368421052631576,2,0.28338767057312636
Magentic_One/024,World Knowledge,Reasoning Hallucination,10,9,0,14,0.6923076923076923,4.0,1.4460184292585474,1.4501669959781858,-1.1600854179295013,0.5575130096255734,3.803576278504586,1.3311967480057731,3.803576278504586,1.3311967480057731,-2.472379530498813,3.2088321816290026,5.632603018582181,0.0,0.0,6.956849635010949,0.01802641771497634,33.427185469207835,7,2.254215083893968,14,0.21052631578947367,0.47368421052631576,2,0.44218677817619007
Magentic_One/024,World Knowledge,Reasoning Hallucination,10,10,1,14,0.7692307692307693,3.0,2.7772151772643205,2.7813637439839587,0.17111133007627188,-0.7736837383801998,1.3311967480057731,-0.33126406815002696,1.3311967480057731,0.33126406815002696,-1.6624608161558,1.8776354336232295,6.963799766587954,0.0,0.0,6.956849635010949,0.01802641771497634,33.427185469207835,7,2.254215083893968,14,0.21052631578947367,0.47368421052631576,2,0.4720342502051045
Magentic_One/024,World Knowledge,Reasoning Hallucination,10,11,0,14,0.8461538461538461,2.0,2.4459511091142936,2.4500996758339317,-0.16015273807375507,-0.4424196702301728,-0.33126406815002696,-6.8832385963568505,0.33126406815002696,6.8832385963568505,-6.551974528206824,2.2088995017732564,6.632535698437927,0.0,0.0,6.956849635010949,0.01802641771497634,33.427185469207835,7,2.254215083893968,14,0.21052631578947367,0.47368421052631576,2,0.23750155263826953
Magentic_One/024,World Knowledge,Reasoning Hallucination,10,12,0,14,0.9230769230769231,1.0,-4.437287487242557,-4.433138920522919,-7.043391334430606,6.440818926126678,-6.8832385963568505,6.440818926126678,6.8832385963568505,6.440818926126678,13.324057522483528,9.092138098130107,0.0,0.0,1.0,6.956849635010949,0.01802641771497634,33.427185469207835,7,2.254215083893968,14,0.21052631578947367,0.47368421052631576,2,0.16421160438708388
Magentic_One/024,World Knowledge,Reasoning Hallucination,10,13,0,14,1.0,0.0,2.0035314388841208,2.007680005603759,-0.6025724083039279,0.0,6.440818926126678,0.0,6.440818926126678,0.0,-6.440818926126678,2.6513191720034293,6.440818926126678,0.0,0.0,6.956849635010949,0.01802641771497634,33.427185469207835,7,2.254215083893968,14,0.21052631578947367,0.47368421052631576,2,0.32313172998160583
Magentic_One/025,World Knowledge,Reasoning Hallucination,5,0,0,6,0.0,5.0,6.915577732474016,7.73976210533161,0.0,-1.264927143789901,0.0,-15.244624816115696,0.0,15.244624816115696,-15.244624816115696,0.0,0.0,1.0,1.0,15.064463374763278,0.04285428542520101,29.516934683177436,3,0.45194996984158564,6,0.0,0.21052631578947367,0,0.5231412610335343
Magentic_One/025,World Knowledge,Reasoning Hallucination,5,1,0,6,0.2,4.0,-8.32904708364168,-7.504862710784086,-15.244624816115696,13.979697672325795,-15.244624816115696,3.4230673856959584,15.244624816115696,3.4230673856959584,18.667692201811654,15.244624816115696,0.0,0.0,1.0,15.064463374763278,0.04285428542520101,29.516934683177436,3,0.45194996984158564,6,0.0,0.21052631578947367,0,0.626030844551886
Magentic_One/025,World Knowledge,Reasoning Hallucination,5,2,0,6,0.4,3.0,-4.905979697945721,-4.081795325088128,-11.821557430419737,10.556630286629836,3.4230673856959584,2.9745885841104887,3.4230673856959584,2.9745885841104887,-0.4484788015854697,11.821557430419737,3.4230673856959584,0.0,0.0,15.064463374763278,0.04285428542520101,29.516934683177436,3,0.45194996984158564,6,0.0,0.21052631578947367,0,0.8900253305060323
Magentic_One/025,World Knowledge,Reasoning Hallucination,5,3,0,6,0.6,2.0,-1.9313911138352324,-1.1072067409776394,-8.846968846309249,7.582041702519348,2.9745885841104887,-0.4135255490458256,2.9745885841104887,0.4135255490458256,-3.3881141331563143,8.846968846309249,6.397655969806447,0.0,0.0,15.064463374763278,0.04285428542520101,29.516934683177436,3,0.45194996984158564,6,0.0,0.21052631578947367,0,0.8489562108789888
Magentic_One/025,World Knowledge,Reasoning Hallucination,5,4,0,6,0.8,1.0,-2.344916662881058,-1.520732290023465,-9.260494395355074,7.9955672515651734,-0.4135255490458256,7.9955672515651734,0.4135255490458256,7.9955672515651734,8.409092800610999,9.260494395355074,5.984130420760621,0.0,0.0,15.064463374763278,0.04285428542520101,29.516934683177436,3,0.45194996984158564,6,0.0,0.21052631578947367,0,0.8834397857703742
Magentic_One/025,World Knowledge,Reasoning Hallucination,5,5,1,6,1.0,0.0,5.650650588684115,6.474834961541709,-1.264927143789901,0.0,7.9955672515651734,0.0,7.9955672515651734,0.0,-7.9955672515651734,1.264927143789901,13.979697672325795,0.0,0.0,15.064463374763278,0.04285428542520101,29.516934683177436,3,0.45194996984158564,6,0.0,0.21052631578947367,0,0.7930828548415307
Magentic_One/028,Science,Planning Hallucination,0,0,1,8,0.0,7.0,0.1415239148188121,1.0854042267287252,0.0,2.1483296158692227,0.0,2.0291570129145597,0.0,2.0291570129145597,2.0291570129145597,0.0,0.0,1.0,1.0,6.978176303491518,0.09585465723614038,22.412365531460388,4,0.7390988583190912,8,1.0,0.5789473684210527,4,0.797026256397639
Magentic_One/028,Science,Planning Hallucination,0,1,0,8,0.14285714285714285,6.0,2.170680927733372,3.114561239643285,2.0291570129145597,0.11917260295466292,2.0291570129145597,-2.30692337544442,2.0291570129145597,2.30692337544442,-4.33608038835898,0.0,2.0291570129145597,1.0,0.0,6.978176303491518,0.09585465723614038,22.412365531460388,4,0.7390988583190912,8,1.0,0.5789473684210527,4,0.573803151810823
Magentic_One/028,Science,Planning Hallucination,0,2,0,8,0.2857142857142857,5.0,-0.136242447711048,0.8076378641988651,-0.2777663625298601,2.4260959783990828,-2.30692337544442,-1.5725864079241347,2.30692337544442,1.5725864079241347,0.7343369675202851,2.30692337544442,0.0,0.0,1.0,6.978176303491518,0.09585465723614038,22.412365531460388,4,0.7390988583190912,8,1.0,0.5789473684210527,4,0.2761123117670439
Magentic_One/028,Science,Planning Hallucination,0,3,0,8,0.42857142857142855,4.0,-1.7088288556351827,-0.7649485437252697,-1.8503527704539948,3.9986823863232175,-1.5725864079241347,-3.2231638359114143,1.5725864079241347,3.2231638359114143,-1.6505774279872796,3.8795097833685546,0.0,0.0,1.0,6.978176303491518,0.09585465723614038,22.412365531460388,4,0.7390988583190912,8,1.0,0.5789473684210527,4,0.17798459132705124
Magentic_One/028,Science,Planning Hallucination,0,4,0,8,0.5714285714285714,3.0,-4.931992691546597,-3.988112379636684,-5.073516606365409,7.221846222234632,-3.2231638359114143,4.629728456119132,3.2231638359114143,4.629728456119132,7.852892292030546,7.102673619279969,0.0,0.0,1.0,6.978176303491518,0.09585465723614038,22.412365531460388,4,0.7390988583190912,8,1.0,0.5789473684210527,4,0.20854190714698756
Magentic_One/028,Science,Planning Hallucination,0,5,0,8,0.7142857142857143,2.0,-0.30226423542746517,0.6416160764824479,-0.44378815024627727,2.5921177661155,4.629728456119132,-4.771508402771765,4.629728456119132,4.771508402771765,-9.401236858890897,2.472945163160837,4.629728456119132,0.0,0.0,6.978176303491518,0.09585465723614038,22.412365531460388,4,0.7390988583190912,8,1.0,0.5789473684210527,4,0.20750839219547518
Magentic_One/028,Science,Planning Hallucination,0,6,0,8,0.8571428571428571,1.0,-5.07377263819923,-4.129892326289317,-5.215296553018042,7.363626168887265,-4.771508402771765,7.363626168887265,4.771508402771765,7.363626168887265,12.13513457165903,7.244453565932602,0.0,0.0,1.0,6.978176303491518,0.09585465723614038,22.412365531460388,4,0.7390988583190912,8,1.0,0.5789473684210527,4,0.11392711457167726
Magentic_One/028,Science,Planning Hallucination,0,7,0,8,1.0,0.0,2.2898535306880348,3.233733842597948,2.1483296158692227,0.0,7.363626168887265,0.0,7.363626168887265,0.0,-7.363626168887265,0.0,7.363626168887265,1.0,0.0,6.978176303491518,0.09585465723614038,22.412365531460388,4,0.7390988583190912,8,1.0,0.5789473684210527,4,0.22618992892731532
Magentic_One/031,Math,Reasoning Hallucination,2,0,0,14,0.0,13.0,0.5174039809905366,0.3393876222535648,0.0,4.024233247412269,0.0,8.08730560356507,0.0,8.08730560356507,8.08730560356507,0.0,0.0,1.0,1.0,10.765731024756185,0.07874216139207005,51.10646159907849,10,4.330925430439863,14,0.05263157894736842,0.7894736842105263,4,0.9281225983098604
Magentic_One/031,Math,Reasoning Hallucination,2,1,0,14,0.07692307692307693,12.0,8.604709584555607,8.426693225818635,8.08730560356507,-4.0630723561528015,8.08730560356507,-10.660231873066202,8.08730560356507,10.660231873066202,-18.747537476631273,0.0,8.08730560356507,1.0,0.0,10.765731024756185,0.07874216139207005,51.10646159907849,10,4.330925430439863,14,0.05263157894736842,0.7894736842105263,4,0.2691132674809024
Magentic_One/031,Math,Reasoning Hallucination,2,2,1,14,0.15384615384615385,11.0,-2.055522288510595,-2.2335386472475665,-2.5729262695011315,6.5971595169134005,-10.660231873066202,2.373747047273003,10.660231873066202,2.373747047273003,13.033978920339205,10.660231873066202,0.0,0.0,1.0,10.765731024756185,0.07874216139207005,51.10646159907849,10,4.330925430439863,14,0.05263157894736842,0.7894736842105263,4,0.04232936654906566
Magentic_One/031,Math,Reasoning Hallucination,2,3,0,14,0.23076923076923078,10.0,0.3182247587624083,0.14020840002543647,-0.19917922222812834,4.223412469640397,2.373747047273003,0.15499936814198279,2.373747047273003,0.15499936814198279,-2.2187476791310203,8.286484825793199,2.373747047273003,0.0,0.0,10.765731024756185,0.07874216139207005,51.10646159907849,10,4.330925430439863,14,0.05263157894736842,0.7894736842105263,4,0.1892547874246574
Magentic_One/031,Math,Reasoning Hallucination,2,4,0,14,0.3076923076923077,9.0,0.4732241269043911,0.2952077681674192,-0.044179854086145554,4.068413101498415,0.15499936814198279,-0.8648483770079238,0.15499936814198279,0.8648483770079238,-1.0198477451499066,8.131485457651216,2.528746415414986,0.0,0.0,10.765731024756185,0.07874216139207005,51.10646159907849,10,4.330925430439863,14,0.05263157894736842,0.7894736842105263,4,0.1906364009307913
Magentic_One/031,Math,Reasoning Hallucination,2,5,0,14,0.38461538461538464,8.0,-0.39162425010353275,-0.5696406088405046,-0.9090282310940694,4.9332614785063384,-0.8648483770079238,-4.64281211081768,0.8648483770079238,4.64281211081768,-3.777963733809756,8.99633383465914,1.663898038407062,0.0,0.0,10.765731024756185,0.07874216139207005,51.10646159907849,10,4.330925430439863,14,0.05263157894736842,0.7894736842105263,4,0.07726940578942004
Magentic_One/031,Math,Reasoning Hallucination,2,6,0,14,0.46153846153846156,7.0,-5.034436360921212,-5.2124527196581845,-5.551840341911749,9.576073589324018,-4.64281211081768,7.409461909821125,4.64281211081768,7.409461909821125,12.052274020638805,13.63914594547682,0.0,0.0,1.0,10.765731024756185,0.07874216139207005,51.10646159907849,10,4.330925430439863,14,0.05263157894736842,0.7894736842105263,4,0.06878341440697974
Magentic_One/031,Math,Reasoning Hallucination,2,7,0,14,0.5384615384615384,6.0,2.375025548899913,2.1970091901629414,1.8576215679093764,2.1666116795028927,7.409461909821125,-6.977068331010315,7.409461909821125,6.977068331010315,-14.38653024083144,6.229684035655694,7.409461909821125,0.0,0.0,10.765731024756185,0.07874216139207005,51.10646159907849,10,4.330925430439863,14,0.05263157894736842,0.7894736842105263,4,0.09269082641592302
Magentic_One/031,Math,Reasoning Hallucination,2,8,0,14,0.6153846153846154,5.0,-4.602042782110402,-4.780059140847374,-5.119446763100939,9.143680010513208,-6.977068331010315,6.922298312483921,6.977068331010315,6.922298312483921,13.899366643494236,13.20675236666601,0.4323935788108102,0.0,0.0,10.765731024756185,0.07874216139207005,51.10646159907849,10,4.330925430439863,14,0.05263157894736842,0.7894736842105263,4,0.042553799155078884
Magentic_One/031,Math,Reasoning Hallucination,2,9,0,14,0.6923076923076923,4.0,2.320255530373519,2.142239171636547,1.8028515493829822,2.221381698029287,6.922298312483921,-9.511682593744386,6.922298312483921,9.511682593744386,-16.433980906228307,6.284454054182088,7.354691891294731,0.0,0.0,10.765731024756185,0.07874216139207005,51.10646159907849,10,4.330925430439863,14,0.05263157894736842,0.7894736842105263,4,0.0487598430165419
Magentic_One/031,Math,Reasoning Hallucination,2,10,0,14,0.7692307692307693,3.0,-7.191427063370867,-7.369443422107839,-7.708831044361403,11.733064291773672,-9.511682593744386,9.410774643769038,9.511682593744386,9.410774643769038,18.922457237513424,15.796136647926474,0.0,0.0,1.0,10.765731024756185,0.07874216139207005,51.10646159907849,10,4.330925430439863,14,0.05263157894736842,0.7894736842105263,4,0.017469139447343567
Magentic_One/031,Math,Reasoning Hallucination,2,11,0,14,0.8461538461538461,2.0,2.2193475803981713,2.0413312216611996,1.7019435994076346,2.3222896480046344,9.410774643769038,-1.8218941523513088,9.410774643769038,1.8218941523513088,-11.232668796120347,6.385362004157436,9.410774643769038,0.0,0.0,10.765731024756185,0.07874216139207005,51.10646159907849,10,4.330925430439863,14,0.05263157894736842,0.7894736842105263,4,0.0889907500461926
Magentic_One/031,Math,Reasoning Hallucination,2,12,0,14,0.9230769230769231,1.0,0.39745342804686246,0.21943706930989063,-0.11995055294367418,4.144183800355943,-1.8218941523513088,4.144183800355943,1.8218941523513088,4.144183800355943,5.966077952707252,8.207256156508745,7.588880491417729,0.0,0.0,10.765731024756185,0.07874216139207005,51.10646159907849,10,4.330925430439863,14,0.05263157894736842,0.7894736842105263,4,0.2022322529562863
Magentic_One/031,Math,Reasoning Hallucination,2,13,0,14,1.0,0.0,4.541637228402806,4.363620869665834,4.024233247412269,0.0,4.144183800355943,0.0,4.144183800355943,0.0,-4.144183800355943,4.0630723561528015,11.733064291773672,0.0,0.0,10.765731024756185,0.07874216139207005,51.10646159907849,10,4.330925430439863,14,0.05263157894736842,0.7894736842105263,4,0.25103315087368466
Magentic_One/032,Math,Planning Hallucination,0,0,1,10,0.0,9.0,0.17308700077097328,-0.07157704326599551,0.0,-2.0474611672629806,0.0,2.15409196493993,0.0,2.15409196493993,2.15409196493993,0.0,0.0,1.0,1.0,7.9540238995419354,0.07384352873248491,27.72702229169434,6,1.7044279894754457,10,0.7894736842105263,0.8947368421052632,4,0.8595427007266349
Magentic_One/032,Math,Planning Hallucination,0,1,0,10,0.1111111111111111,8.0,2.327178965710903,2.0825149216739343,2.15409196493993,-4.2015531322029105,2.15409196493993,0.14576294903557496,2.15409196493993,0.14576294903557496,-2.008329015904355,0.0,2.15409196493993,1.0,0.0,7.9540238995419354,0.07384352873248491,27.72702229169434,6,1.7044279894754457,10,0.7894736842105263,0.8947368421052632,4,0.7452937071129133
Magentic_One/032,Math,Planning Hallucination,0,2,0,10,0.2222222222222222,7.0,2.472941914746478,2.2282778707095092,2.299854913975505,-4.3473160812384855,0.14576294903557496,-0.23318128199973742,0.14576294903557496,0.23318128199973742,-0.3789442310353124,0.0,2.299854913975505,1.0,0.0,7.9540238995419354,0.07384352873248491,27.72702229169434,6,1.7044279894754457,10,0.7894736842105263,0.8947368421052632,4,0.7241370136343165
Magentic_One/032,Math,Planning Hallucination,0,3,0,10,0.3333333333333333,6.0,2.2397606327467408,1.995096588709772,2.0666736319757675,-4.114134799238748,-0.23318128199973742,-7.190832182713848,0.23318128199973742,7.190832182713848,-6.9576509007141105,0.23318128199973742,2.0666736319757675,0.0,0.0,7.9540238995419354,0.07384352873248491,27.72702229169434,6,1.7044279894754457,10,0.7894736842105263,0.8947368421052632,4,0.4541348885147449
Magentic_One/032,Math,Planning Hallucination,0,4,0,10,0.4444444444444444,5.0,-4.951071549967107,-5.195735594004076,-5.1241585507380805,3.0766973834751,-7.190832182713848,7.2243402498236335,7.190832182713848,7.2243402498236335,14.415172432537481,7.424013464713585,0.0,0.0,1.0,7.9540238995419354,0.07384352873248491,27.72702229169434,6,1.7044279894754457,10,0.7894736842105263,0.8947368421052632,4,0.3038994456885071
Magentic_One/032,Math,Planning Hallucination,0,5,0,10,0.5555555555555556,4.0,2.2732686998565264,2.0286046558195574,2.100181699085553,-4.147642866348534,7.2243402498236335,-2.1677811204277404,7.2243402498236335,2.1677811204277404,-9.392121370251374,0.19967321488995182,7.2243402498236335,0.0,0.0,7.9540238995419354,0.07384352873248491,27.72702229169434,6,1.7044279894754457,10,0.7894736842105263,0.8947368421052632,4,0.5669604676753753
Magentic_One/032,Math,Planning Hallucination,0,6,0,10,0.6666666666666666,3.0,0.10548757942878595,-0.13917646460818284,-0.06759942134218733,-1.9798617459207932,-2.1677811204277404,4.262326412749978,2.1677811204277404,4.262326412749978,6.430107533177718,2.3674543353176922,5.056559129395893,0.0,0.0,7.9540238995419354,0.07384352873248491,27.72702229169434,6,1.7044279894754457,10,0.7894736842105263,0.8947368421052632,4,0.6701211594130198
Magentic_One/032,Math,Planning Hallucination,0,7,0,10,0.7777777777777778,2.0,4.367813992178764,4.123149948141795,4.194726991407791,-6.242188158670771,4.262326412749978,-9.055266620789133,4.262326412749978,9.055266620789133,-13.317593033539112,0.0,9.318885542145871,1.0,0.0,7.9540238995419354,0.07384352873248491,27.72702229169434,6,1.7044279894754457,10,0.7894736842105263,0.8947368421052632,4,0.31923581944204465
Magentic_One/032,Math,Planning Hallucination,0,8,0,10,0.8888888888888888,1.0,-4.6874526286103695,-4.932116672647338,-4.860539629381343,2.813078462118362,-9.055266620789133,2.813078462118362,9.055266620789133,2.813078462118362,11.868345082907496,9.055266620789133,0.2636189213567377,0.0,0.0,7.9540238995419354,0.07384352873248491,27.72702229169434,6,1.7044279894754457,10,0.7894736842105263,0.8947368421052632,4,0.03199220142441642
Magentic_One/032,Math,Planning Hallucination,0,9,0,10,1.0,0.0,-1.8743741664920073,-2.1190382105289762,-2.0474611672629806,0.0,2.813078462118362,0.0,2.813078462118362,0.0,-2.813078462118362,6.242188158670771,3.0766973834751,0.0,0.0,7.9540238995419354,0.07384352873248491,27.72702229169434,6,1.7044279894754457,10,0.7894736842105263,0.8947368421052632,4,0.0925880859674594
Magentic_One/034,World Knowledge,Retrieval Hallucination,2,0,0,8,0.0,7.0,2.806726401863582,2.789130197906788,0.0,-0.7541727442000905,0.0,-1.1499687572902104,0.0,1.1499687572902104,-1.1499687572902104,0.0,0.0,1.0,1.0,8.494101278652977,0.024447619731100902,30.848514190552216,5,1.2135463776343214,8,0.6842105263157895,0.8421052631578947,2,0.7751150065351303
Magentic_One/034,World Knowledge,Retrieval Hallucination,2,1,0,8,0.14285714285714285,6.0,1.6567576445733714,1.6391614406165775,-1.1499687572902104,0.3957960130901199,-1.1499687572902104,0.5470598710042509,1.1499687572902104,0.5470598710042509,1.6970286282944613,1.1499687572902104,0.0,0.0,1.0,8.494101278652977,0.024447619731100902,30.848514190552216,5,1.2135463776343214,8,0.6842105263157895,0.8421052631578947,2,0.6548282933742859
Magentic_One/034,World Knowledge,Retrieval Hallucination,2,2,1,8,0.2857142857142857,5.0,2.2038175155776223,2.1862213116208284,-0.6029088862859595,-0.151263857914131,0.5470598710042509,-6.651305252902645,0.5470598710042509,6.651305252902645,-7.198365123906896,0.6029088862859595,0.5470598710042509,0.0,0.0,8.494101278652977,0.024447619731100902,30.848514190552216,5,1.2135463776343214,8,0.6842105263157895,0.8421052631578947,2,0.22396980746933337
Magentic_One/034,World Knowledge,Retrieval Hallucination,2,3,0,8,0.42857142857142855,4.0,-4.447487737325023,-4.465083941281817,-7.254214139188605,6.500041394988514,-6.651305252902645,2.3890642347452022,6.651305252902645,2.3890642347452022,9.040369487647848,7.254214139188605,0.0,0.0,1.0,8.494101278652977,0.024447619731100902,30.848514190552216,5,1.2135463776343214,8,0.6842105263157895,0.8421052631578947,2,0.3873686558279443
Magentic_One/034,World Knowledge,Retrieval Hallucination,2,4,0,8,0.5714285714285714,3.0,-2.0584235025798208,-2.0760197065366146,-4.865149904443403,4.110977160243312,2.3890642347452022,6.537678648803322,2.3890642347452022,6.537678648803322,4.14861441405812,4.865149904443403,2.3890642347452022,0.0,0.0,8.494101278652977,0.024447619731100902,30.848514190552216,5,1.2135463776343214,8,0.6842105263157895,0.8421052631578947,2,0.5141459790567172
Magentic_One/034,World Knowledge,Retrieval Hallucination,2,5,0,8,0.7142857142857143,2.0,4.479255146223501,4.461658942266707,1.6725287443599193,-2.42670148856001,6.537678648803322,-11.031684640565874,6.537678648803322,11.031684640565874,-17.569363289369196,0.0,8.926742883548524,1.0,0.0,8.494101278652977,0.024447619731100902,30.848514190552216,5,1.2135463776343214,8,0.6842105263157895,0.8421052631578947,2,0.3039495861241553
Magentic_One/034,World Knowledge,Retrieval Hallucination,2,6,0,8,0.8571428571428571,1.0,-6.552429494342373,-6.570025698299167,-9.359155896205955,8.604983152005865,-11.031684640565874,8.604983152005865,11.031684640565874,8.604983152005865,19.63666779257174,11.031684640565874,0.0,0.0,1.0,8.494101278652977,0.024447619731100902,30.848514190552216,5,1.2135463776343214,8,0.6842105263157895,0.8421052631578947,2,0.11367793397513254
Magentic_One/034,World Knowledge,Retrieval Hallucination,2,7,0,8,1.0,0.0,2.0525536576634913,2.0349574537066975,-0.7541727442000905,0.0,8.604983152005865,0.0,8.604983152005865,0.0,-8.604983152005865,2.42670148856001,8.604983152005865,0.0,0.0,8.494101278652977,0.024447619731100902,30.848514190552216,5,1.2135463776343214,8,0.6842105263157895,0.8421052631578947,2,0.4585350065394872
Magentic_One/035,World Knowledge,Reasoning Hallucination,3,0,0,8,0.0,7.0,4.644526782505412,4.987475654402461,0.0,1.8052521498607454,0.0,-0.5556725684097614,0.0,0.5556725684097614,-0.5556725684097614,0.0,0.0,1.0,1.0,12.701619408593562,0.07136726767273611,25.295239802915866,3,0.885137082928032,8,1.0,0.3157894736842105,0,0.8485265348573539
Magentic_One/035,World Knowledge,Reasoning Hallucination,3,1,0,8,0.14285714285714285,6.0,4.088854214095651,4.4318030859927,-0.5556725684097614,2.360924718270507,-0.5556725684097614,-11.418588861742325,0.5556725684097614,11.418588861742325,-10.862916293332564,0.5556725684097614,0.0,0.0,1.0,12.701619408593562,0.07136726767273611,25.295239802915866,3,0.885137082928032,8,1.0,0.3157894736842105,0,0.29481465886799696
Magentic_One/035,World Knowledge,Reasoning Hallucination,3,2,0,8,0.2857142857142857,5.0,-7.329734647646674,-6.986785775749626,-11.974261430152087,13.779513580012832,-11.418588861742325,5.119997314241537,11.418588861742325,5.119997314241537,16.538586175983863,11.974261430152087,0.0,0.0,1.0,12.701619408593562,0.07136726767273611,25.295239802915866,3,0.885137082928032,8,1.0,0.3157894736842105,0,0.44840404630125347
Magentic_One/035,World Knowledge,Reasoning Hallucination,3,3,1,8,0.42857142857142855,4.0,-2.209737333405137,-1.8667884615080883,-6.854264115910549,8.659516265771295,5.119997314241537,-1.1342151599424,5.119997314241537,1.1342151599424,-6.254212474183937,6.854264115910549,5.119997314241537,0.0,0.0,12.701619408593562,0.07136726767273611,25.295239802915866,3,0.885137082928032,8,1.0,0.3157894736842105,0,0.6594554444616301
Magentic_One/035,World Knowledge,Reasoning Hallucination,3,4,0,8,0.5714285714285714,3.0,-3.343952493347537,-3.0010036214504883,-7.988479275852949,9.793731425713695,-1.1342151599424,0.30618593656389237,1.1342151599424,0.30618593656389237,1.4404010965062923,7.988479275852949,3.9857821542991374,0.0,0.0,12.701619408593562,0.07136726767273611,25.295239802915866,3,0.885137082928032,8,1.0,0.3157894736842105,0,0.664479818518997
Magentic_One/035,World Knowledge,Reasoning Hallucination,3,5,0,8,0.7142857142857143,2.0,-3.0377665567836445,-2.694817684886596,-7.682293339289057,9.487545489149802,0.30618593656389237,1.032206683823027,0.30618593656389237,1.032206683823027,0.7260207472591347,7.682293339289057,4.29196809086303,0.0,0.0,12.701619408593562,0.07136726767273611,25.295239802915866,3,0.885137082928032,8,1.0,0.3157894736842105,0,0.602402841637546
Magentic_One/035,World Knowledge,Reasoning Hallucination,3,6,0,8,0.8571428571428571,1.0,-2.0055598729606174,-1.6626110010635688,-6.65008665546603,8.455338805326775,1.032206683823027,8.455338805326775,1.032206683823027,8.455338805326775,7.423132121503748,6.65008665546603,5.324174774686057,0.0,0.0,12.701619408593562,0.07136726767273611,25.295239802915866,3,0.885137082928032,8,1.0,0.3157894736842105,0,0.6720396182016228
Magentic_One/035,World Knowledge,Reasoning Hallucination,3,7,0,8,1.0,0.0,6.449778932366158,6.792727804263206,1.8052521498607454,0.0,8.455338805326775,0.0,8.455338805326775,0.0,-8.455338805326775,0.0,13.779513580012832,1.0,0.0,12.701619408593562,0.07136726767273611,25.295239802915866,3,0.885137082928032,8,1.0,0.3157894736842105,0,0.5695529760661485
Magentic_One/037,World Knowledge,Retrieval Hallucination,2,0,0,6,0.0,5.0,4.324177948383554,5.230031671580135,0.0,1.3632397424414364,0.0,-6.517228522696598,0.0,6.517228522696598,-6.517228522696598,0.0,0.0,1.0,1.0,13.028719639685992,0.04735873425637453,28.78539225861897,3,0.5567890064167024,6,1.0,0.7894736842105263,1,0.6647343457702943
Magentic_One/037,World Knowledge,Retrieval Hallucination,2,1,0,6,0.2,4.0,-2.1930505743130446,-1.2871968511164629,-6.517228522696598,7.880468265138035,-6.517228522696598,2.5910887237360036,6.517228522696598,2.5910887237360036,9.108317246432602,6.517228522696598,0.0,0.0,1.0,13.028719639685992,0.04735873425637453,28.78539225861897,3,0.5567890064167024,6,1.0,0.7894736842105263,1,0.5397587429715285
Magentic_One/037,World Knowledge,Retrieval Hallucination,2,2,1,6,0.4,3.0,0.398038149422959,1.3038918726195408,-3.9261397989605946,5.289379541402031,2.5910887237360036,-6.647800674987902,2.5910887237360036,6.647800674987902,-9.238889398723906,3.9261397989605946,2.5910887237360036,0.0,0.0,13.028719639685992,0.04735873425637453,28.78539225861897,3,0.5567890064167024,6,1.0,0.7894736842105263,1,0.31462698534745315
Magentic_One/037,World Knowledge,Retrieval Hallucination,2,3,0,6,0.6,2.0,-6.249762525564943,-5.343908802368362,-10.573940473948497,11.937180216389933,-6.647800674987902,-1.1521805023680614,6.647800674987902,1.1521805023680614,5.495620172619841,10.573940473948497,0.0,0.0,1.0,13.028719639685992,0.04735873425637453,28.78539225861897,3,0.5567890064167024,6,1.0,0.7894736842105263,1,0.20953766479589764
Magentic_One/037,World Knowledge,Retrieval Hallucination,2,4,0,6,0.8,1.0,-7.4019430279330045,-6.496089304736423,-11.726120976316558,13.089360718757995,-1.1521805023680614,13.089360718757995,1.1521805023680614,13.089360718757995,14.241541221126056,11.726120976316558,0.0,0.0,1.0,13.028719639685992,0.04735873425637453,28.78539225861897,3,0.5567890064167024,6,1.0,0.7894736842105263,1,0.6378102235561629
Magentic_One/037,World Knowledge,Retrieval Hallucination,2,5,0,6,1.0,0.0,5.68741769082499,6.593271414021571,1.3632397424414364,0.0,13.089360718757995,0.0,13.089360718757995,0.0,-13.089360718757995,0.0,13.089360718757995,1.0,0.0,13.028719639685992,0.04735873425637453,28.78539225861897,3,0.5567890064167024,6,1.0,0.7894736842105263,1,0.5711922479037336
Magentic_One/038,World Knowledge,Reasoning Hallucination,16,0,0,20,0.0,19.0,2.7684430427560827,2.774150864588221,0.0,-0.24760999045506793,0.0,-2.760871196360867,0.0,2.760871196360867,-2.760871196360867,0.0,0.0,1.0,1.0,9.946134558331849,0.003250940752500298,76.16564228819954,11,6.456751835094094,20,0.3157894736842105,0.21052631578947367,4,0.375419687065454
Magentic_One/038,World Knowledge,Reasoning Hallucination,16,1,0,20,0.05263157894736842,18.0,0.007571846395215687,0.01327966822735398,-2.760871196360867,2.513261205905799,-2.760871196360867,-2.497466375562375,2.760871196360867,2.497466375562375,0.2634048207984918,2.760871196360867,0.0,0.0,1.0,9.946134558331849,0.003250940752500298,76.16564228819954,11,6.456751835094094,20,0.3157894736842105,0.21052631578947367,4,0.25057368164123506
Magentic_One/038,World Knowledge,Reasoning Hallucination,16,2,0,20,0.10526315789473684,17.0,-2.4898945291671595,-2.484186707335021,-5.258337571923242,5.010727581468174,-2.497466375562375,4.6525484322008275,2.497466375562375,4.6525484322008275,7.150014807763203,5.258337571923242,0.0,0.0,1.0,9.946134558331849,0.003250940752500298,76.16564228819954,11,6.456751835094094,20,0.3157894736842105,0.21052631578947367,4,0.4014877119294435
Magentic_One/038,World Knowledge,Reasoning Hallucination,16,3,0,20,0.15789473684210525,16.0,2.162653903033668,2.1683617248658065,-0.6057891397224147,0.35817914926734673,4.6525484322008275,-7.222263854145016,4.6525484322008275,7.222263854145016,-11.874812286345843,0.6057891397224147,4.6525484322008275,0.0,0.0,9.946134558331849,0.003250940752500298,76.16564228819954,11,6.456751835094094,20,0.3157894736842105,0.21052631578947367,4,0.37757987021915146
Magentic_One/038,World Knowledge,Reasoning Hallucination,16,4,0,20,0.21052631578947367,15.0,-5.059609951111348,-5.0539021292792095,-7.828052993867431,7.580443003412363,-7.222263854145016,5.02378486806807,7.222263854145016,5.02378486806807,12.246048722213086,7.828052993867431,0.0,0.0,1.0,9.946134558331849,0.003250940752500298,76.16564228819954,11,6.456751835094094,20,0.3157894736842105,0.21052631578947367,4,0.19291668186418476
Magentic_One/038,World Knowledge,Reasoning Hallucination,16,5,0,20,0.2631578947368421,14.0,-0.03582508304327803,-0.030117261211139734,-2.8042681257993607,2.5566581353442928,5.02378486806807,4.922349690263779,5.02378486806807,4.922349690263779,-0.10143517780429079,2.8042681257993607,5.02378486806807,0.0,0.0,9.946134558331849,0.003250940752500298,76.16564228819954,11,6.456751835094094,20,0.3157894736842105,0.21052631578947367,4,0.6516781110647114
Magentic_One/038,World Knowledge,Reasoning Hallucination,16,6,0,20,0.3157894736842105,13.0,4.886524607220501,4.8922324290526396,2.1180815644644184,-2.3656915549194864,4.922349690263779,-9.744112296762246,4.922349690263779,9.744112296762246,-14.666461987026025,0.0,9.946134558331849,1.0,0.0,9.946134558331849,0.003250940752500298,76.16564228819954,11,6.456751835094094,20,0.3157894736842105,0.21052631578947367,4,0.40188752905923214
Magentic_One/038,World Knowledge,Reasoning Hallucination,16,7,0,20,0.3684210526315789,12.0,-4.857587689541745,-4.851879867709607,-7.626030732297828,7.37842074184276,-9.744112296762246,2.210411952432082,9.744112296762246,2.210411952432082,11.954524249194328,9.744112296762246,0.2020222615696028,0.0,0.0,9.946134558331849,0.003250940752500298,76.16564228819954,11,6.456751835094094,20,0.3157894736842105,0.21052631578947367,4,0.04245638420292294
Magentic_One/038,World Knowledge,Reasoning Hallucination,16,8,0,20,0.42105263157894735,11.0,-2.647175737109663,-2.6414679152775244,-5.415618779865746,5.168008789410678,2.210411952432082,4.972128256986707,2.210411952432082,4.972128256986707,2.761716304554625,7.533700344330164,2.412434214001685,0.0,0.0,9.946134558331849,0.003250940752500298,76.16564228819954,11,6.456751835094094,20,0.3157894736842105,0.21052631578947367,4,0.2555215560754176
Magentic_One/038,World Knowledge,Reasoning Hallucination,16,9,0,20,0.47368421052631576,10.0,2.324952519877044,2.3306603417091827,-0.44349052287903845,0.19588053242397052,4.972128256986707,-4.5837571927255425,4.972128256986707,4.5837571927255425,-9.55588544971225,2.561572087343457,7.384562470988392,0.0,0.0,9.946134558331849,0.003250940752500298,76.16564228819954,11,6.456751835094094,20,0.3157894736842105,0.21052631578947367,4,0.24509670326581606
Magentic_One/038,World Knowledge,Reasoning Hallucination,16,10,0,20,0.5263157894736842,9.0,-2.2588046728484983,-2.25309685101636,-5.027247715604581,4.779637725149513,-4.5837571927255425,6.938711441116922,4.5837571927255425,6.938711441116922,11.522468633842465,7.145329280068999,2.8008052782628496,0.0,0.0,9.946134558331849,0.003250940752500298,76.16564228819954,11,6.456751835094094,20,0.3157894736842105,0.21052631578947367,4,0.20816166851799198
Magentic_One/038,World Knowledge,Reasoning Hallucination,16,11,0,20,0.5789473684210527,8.0,4.679906768268424,4.685614590100562,1.9114637255123412,-2.159073715967409,6.938711441116922,-4.631218519993126,6.938711441116922,4.631218519993126,-11.569929961110049,0.2066178389520772,9.739516719379772,0.0,0.0,9.946134558331849,0.003250940752500298,76.16564228819954,11,6.456751835094094,20,0.3157894736842105,0.21052631578947367,4,0.28369569547169976
Magentic_One/038,World Knowledge,Reasoning Hallucination,16,12,0,20,0.631578947368421,7.0,0.0486882482752975,0.05439607010743579,-2.719754794480785,2.4721448040257172,-4.631218519993126,-2.4629028216314204,4.631218519993126,2.4629028216314204,2.168315698361706,4.837836358945204,5.108298199386645,0.0,0.0,9.946134558331849,0.003250940752500298,76.16564228819954,11,6.456751835094094,20,0.3157894736842105,0.21052631578947367,4,0.10893480616153588
Magentic_One/038,World Knowledge,Reasoning Hallucination,16,13,0,20,0.6842105263157895,6.0,-2.414214573356123,-2.4085067515239844,-5.1826576161122055,4.935047625657138,-2.4629028216314204,-0.2794888666845843,2.4629028216314204,0.2794888666845843,2.183413954946836,7.300739180576624,2.645395377755225,0.0,0.0,9.946134558331849,0.003250940752500298,76.16564228819954,11,6.456751835094094,20,0.3157894736842105,0.21052631578947367,4,0.07373459338162995
Magentic_One/038,World Knowledge,Reasoning Hallucination,16,14,0,20,0.7368421052631579,5.0,-2.693703440040707,-2.6879956182085687,-5.46214648279679,5.214536492341722,-0.2794888666845843,2.8167761330956154,0.2794888666845843,2.8167761330956154,3.0962649997801996,7.580228047261208,2.3659065110706408,0.0,0.0,9.946134558331849,0.003250940752500298,76.16564228819954,11,6.456751835094094,20,0.3157894736842105,0.21052631578947367,4,0.11370365398978113
Magentic_One/038,World Knowledge,Reasoning Hallucination,16,15,0,20,0.7894736842105263,4.0,0.1230726930549082,0.1287805148870465,-2.6453703497011745,2.3977603592461065,2.8167761330956154,2.1126683737154615,2.8167761330956154,2.1126683737154615,-0.7041077593801539,4.763451914165593,5.182682644166256,0.0,0.0,9.946134558331849,0.003250940752500298,76.16564228819954,11,6.456751835094094,20,0.3157894736842105,0.21052631578947367,4,0.15292679281440288
Magentic_One/038,World Knowledge,Reasoning Hallucination,16,16,1,20,0.8421052631578947,3.0,2.2357410667703697,2.241448888602508,-0.532701975985713,0.2850919855306451,2.1126683737154615,0.06866718677230566,2.1126683737154615,0.06866718677230566,-2.044001186943156,2.6507835404501314,7.295351017881718,0.0,0.0,9.946134558331849,0.003250940752500298,76.16564228819954,11,6.456751835094094,20,0.3157894736842105,0.21052631578947367,4,0.20650367111074872
Magentic_One/038,World Knowledge,Reasoning Hallucination,16,17,0,20,0.8947368421052632,2.0,2.3044082535426753,2.310116075374814,-0.46403478921340735,0.21642479875833942,0.06866718677230566,-4.02454501546212,0.06866718677230566,4.02454501546212,-4.093212202234426,2.5821163536778258,7.364018204654023,0.0,0.0,9.946134558331849,0.003250940752500298,76.16564228819954,11,6.456751835094094,20,0.3157894736842105,0.21052631578947367,4,0.16120970944791688
Magentic_One/038,World Knowledge,Reasoning Hallucination,16,18,0,20,0.9473684210526315,1.0,-1.720136761919445,-1.7144289400873067,-4.488579804675528,4.24096981422046,-4.02454501546212,4.24096981422046,4.02454501546212,4.24096981422046,8.26551482968258,6.606661369139946,3.339473189191903,0.0,0.0,9.946134558331849,0.003250940752500298,76.16564228819954,11,6.456751835094094,20,0.3157894736842105,0.21052631578947367,4,0.06333613504440931
Magentic_One/038,World Knowledge,Reasoning Hallucination,16,19,0,20,1.0,0.0,2.5208330523010147,2.526540874133153,-0.24760999045506793,0.0,4.24096981422046,0.0,4.24096981422046,0.0,-4.24096981422046,2.3656915549194864,7.580443003412363,0.0,0.0,9.946134558331849,0.003250940752500298,76.16564228819954,11,6.456751835094094,20,0.3157894736842105,0.21052631578947367,4,0.11712096953487182
Magentic_One/041,World Knowledge,Reasoning Hallucination,3,0,0,6,0.0,5.0,2.658085169790546,4.239671857133531,0.0,-0.43619365316923364,0.0,-4.2688397108286935,0.0,4.2688397108286935,-4.2688397108286935,0.0,0.0,1.0,1.0,7.784787940578097,0.028823276026330568,15.13338222798696,1,0.13163394472005402,6,0.0,0.42105263157894735,2,0.7702472504959167
Magentic_One/041,World Knowledge,Reasoning Hallucination,3,1,0,6,0.2,4.0,-1.6107545410381476,-0.029167853695162504,-4.2688397108286935,3.83264605765946,-4.2688397108286935,-3.5169740782220913,4.2688397108286935,3.5169740782220913,0.7518656326066022,4.2688397108286935,0.0,0.0,1.0,7.784787940578097,0.028823276026330568,15.13338222798696,1,0.13163394472005402,6,0.0,0.42105263157894735,2,0.5112861235436351
Magentic_One/041,World Knowledge,Reasoning Hallucination,3,2,0,6,0.4,3.0,-5.127728619260239,-3.546141931917254,-7.785813789050785,7.349620135881551,-3.5169740782220913,0.009745560490529215,3.5169740782220913,0.009745560490529215,3.5267196387126205,7.785813789050785,0.0,0.0,1.0,7.784787940578097,0.028823276026330568,15.13338222798696,1,0.13163394472005402,6,0.0,0.42105263157894735,2,0.6619300565304382
Magentic_One/041,World Knowledge,Reasoning Hallucination,3,3,1,6,0.6,2.0,-5.11798305876971,-3.536396371426725,-7.776068228560256,7.339874575391022,0.009745560490529215,2.6049524673680367,0.009745560490529215,2.6049524673680367,2.5952069068775074,7.776068228560256,0.009745560490529215,0.0,0.0,7.784787940578097,0.028823276026330568,15.13338222798696,1,0.13163394472005402,6,0.0,0.42105263157894735,2,0.5271750565604699
Magentic_One/041,World Knowledge,Reasoning Hallucination,3,4,0,6,0.8,1.0,-2.513030591401673,-0.9314439040586879,-5.171115761192219,4.734922108022985,2.6049524673680367,4.734922108022985,2.6049524673680367,4.734922108022985,2.1299696406549486,5.171115761192219,2.614698027858566,0.0,0.0,7.784787940578097,0.028823276026330568,15.13338222798696,1,0.13163394472005402,6,0.0,0.42105263157894735,2,0.5235756496802255
Magentic_One/041,World Knowledge,Reasoning Hallucination,3,5,0,6,1.0,0.0,2.2218915166213122,3.803478203964297,-0.43619365316923364,0.0,4.734922108022985,0.0,4.734922108022985,0.0,-4.734922108022985,0.43619365316923364,7.349620135881551,0.0,0.0,7.784787940578097,0.028823276026330568,15.13338222798696,1,0.13163394472005402,6,0.0,0.42105263157894735,2,0.5707270877160959
Magentic_One/042,World Knowledge,Reasoning Hallucination,4,0,0,6,0.0,5.0,3.7362787001559887,4.51861713268912,0.0,1.1546375670289137,0.0,-9.430690568254825,0.0,9.430690568254825,-9.430690568254825,0.0,0.0,1.0,1.0,11.60546268931212,0.052349587423406,22.056287811595325,1,0.22587504104420436,6,1.0,0.3684210526315789,1,0.5167843430608209
Magentic_One/042,World Knowledge,Reasoning Hallucination,4,1,0,6,0.2,4.0,-5.694411868098836,-4.912073435565705,-9.430690568254825,10.585328135283739,-9.430690568254825,-1.211409782908703,9.430690568254825,1.211409782908703,8.219280785346122,9.430690568254825,0.0,0.0,1.0,11.60546268931212,0.052349587423406,22.056287811595325,1,0.22587504104420436,6,1.0,0.3684210526315789,1,0.2603254665144117
Magentic_One/042,World Knowledge,Reasoning Hallucination,4,2,0,6,0.4,3.0,-6.905821651007539,-6.123483218474408,-10.642100351163528,11.796737918192441,-1.211409782908703,4.29121072367683,1.211409782908703,4.29121072367683,5.502620506585533,10.642100351163528,0.0,0.0,1.0,11.60546268931212,0.052349587423406,22.056287811595325,1,0.22587504104420436,6,1.0,0.3684210526315789,1,0.6310748195931646
Magentic_One/042,World Knowledge,Reasoning Hallucination,4,3,0,6,0.6,2.0,-2.614610927330709,-1.8322724947975773,-6.350889627486698,7.5055271945156115,4.29121072367683,4.508229811228112,4.29121072367683,4.508229811228112,0.2170190875512823,6.350889627486698,4.29121072367683,0.0,0.0,11.60546268931212,0.052349587423406,22.056287811595325,1,0.22587504104420436,6,1.0,0.3684210526315789,1,0.6144073367842452
Magentic_One/042,World Knowledge,Reasoning Hallucination,4,4,1,6,0.8,1.0,1.8936188838974033,2.675957316430535,-1.8426598162585854,2.997297383287499,4.508229811228112,2.997297383287499,4.508229811228112,2.997297383287499,-1.510932427940613,1.8426598162585854,8.799440534904942,0.0,0.0,11.60546268931212,0.052349587423406,22.056287811595325,1,0.22587504104420436,6,1.0,0.3684210526315789,1,0.5588383304448598
Magentic_One/042,World Knowledge,Reasoning Hallucination,4,5,0,6,1.0,0.0,4.8909162671849025,5.673254699718034,1.1546375670289137,0.0,2.997297383287499,0.0,2.997297383287499,0.0,-2.997297383287499,0.0,11.796737918192441,1.0,0.0,11.60546268931212,0.052349587423406,22.056287811595325,1,0.22587504104420436,6,1.0,0.3684210526315789,1,0.44288274345443585
Magentic_One/043,Math,Reasoning Hallucination,2,0,0,22,0.0,21.0,2.515669402918004,2.5155265328249516,0.0,-2.2876654555760965,0.0,-7.294186435664663,0.0,7.294186435664663,-7.294186435664663,0.0,0.0,1.0,1.0,7.907218057635193,0.031929400415591704,71.64761711150041,12,6.842406794281298,22,0.10526315789473684,0.47368421052631576,3,0.40955913972625396
Magentic_One/043,Math,Reasoning Hallucination,2,1,0,22,0.047619047619047616,20.0,-4.7785170327466595,-4.778659902839712,-7.294186435664663,5.006520980088567,-7.294186435664663,9.667322259507856,7.294186435664663,9.667322259507856,16.96150869517252,7.294186435664663,0.0,0.0,1.0,7.907218057635193,0.031929400415591704,71.64761711150041,12,6.842406794281298,22,0.10526315789473684,0.47368421052631576,3,0.5147446590198195
Magentic_One/043,Math,Reasoning Hallucination,2,2,1,22,0.09523809523809523,19.0,4.888805226761196,4.888662356668144,2.3731358238431923,-4.660801279419289,9.667322259507856,-5.1197623125847755,9.667322259507856,5.1197623125847755,-14.787084572092631,0.0,9.667322259507856,1.0,0.0,7.907218057635193,0.031929400415591704,71.64761711150041,12,6.842406794281298,22,0.10526315789473684,0.47368421052631576,3,0.3163763180426289
Magentic_One/043,Math,Reasoning Hallucination,2,3,0,22,0.14285714285714285,18.0,-0.23095708582357943,-0.23109995591663157,-2.746626488741583,0.45896103316548675,-5.1197623125847755,-2.2284618722766965,5.1197623125847755,2.2284618722766965,2.891300440308079,5.1197623125847755,4.54755994692308,0.0,0.0,7.907218057635193,0.031929400415591704,71.64761711150041,12,6.842406794281298,22,0.10526315789473684,0.47368421052631576,3,0.30580414643607146
Magentic_One/043,Math,Reasoning Hallucination,2,4,0,22,0.19047619047619047,17.0,-2.459418958100276,-2.459561828193328,-4.97508836101828,2.687422905442183,-2.2284618722766965,4.884926640815472,2.2284618722766965,4.884926640815472,7.113388513092168,7.348224184861472,2.3190980746463836,0.0,0.0,7.907218057635193,0.031929400415591704,71.64761711150041,12,6.842406794281298,22,0.10526315789473684,0.47368421052631576,3,0.39814644251322445
Magentic_One/043,Math,Reasoning Hallucination,2,5,0,22,0.23809523809523808,16.0,2.425507682715196,2.425364812622144,-0.09016172020280777,-2.1975037353732887,4.884926640815472,-2.3379201972061026,4.884926640815472,2.3379201972061026,-7.2228468380215745,2.463297544046,7.2040247154618555,0.0,0.0,7.907218057635193,0.031929400415591704,71.64761711150041,12,6.842406794281298,22,0.10526315789473684,0.47368421052631576,3,0.3977833425761698
Magentic_One/043,Math,Reasoning Hallucination,2,6,0,22,0.2857142857142857,15.0,0.08758748550909345,0.08744461541604132,-2.4280819174089103,0.14041646183281387,-2.3379201972061026,-0.1251910993408032,2.3379201972061026,0.1251910993408032,2.2127290978652994,4.801217741252103,4.866104518255753,0.0,0.0,7.907218057635193,0.031929400415591704,71.64761711150041,12,6.842406794281298,22,0.10526315789473684,0.47368421052631576,3,0.4346381389704425
Magentic_One/043,Math,Reasoning Hallucination,2,7,0,22,0.3333333333333333,14.0,-0.03760361383170974,-0.037746483924761876,-2.5532730167497135,0.26560756117361706,-0.1251910993408032,-4.95788022325133,0.1251910993408032,4.95788022325133,-4.8326891239105265,4.926408840592906,4.74091341891495,0.0,0.0,7.907218057635193,0.031929400415591704,71.64761711150041,12,6.842406794281298,22,0.10526315789473684,0.47368421052631576,3,0.3171264807364966
Magentic_One/043,Math,Reasoning Hallucination,2,8,0,22,0.38095238095238093,13.0,-4.9954838370830394,-4.995626707176092,-7.511153240001043,5.223487784424947,-4.95788022325133,9.669221479616706,4.95788022325133,9.669221479616706,14.627101702868035,9.884289063844236,0.0,0.0,1.0,7.907218057635193,0.031929400415591704,71.64761711150041,12,6.842406794281298,22,0.10526315789473684,0.47368421052631576,3,0.3928512906099022
Magentic_One/043,Math,Reasoning Hallucination,2,9,0,22,0.42857142857142855,12.0,4.673737642533666,4.673594772440614,2.1580682396156625,-4.445733695191759,9.669221479616706,-9.257217124726928,9.669221479616706,9.257217124726928,-18.926438604343634,0.2150675842275298,9.669221479616706,0.0,0.0,7.907218057635193,0.031929400415591704,71.64761711150041,12,6.842406794281298,22,0.10526315789473684,0.47368421052631576,3,0.16467668619318693
Magentic_One/043,Math,Reasoning Hallucination,2,10,0,22,0.47619047619047616,11.0,-4.583479482193262,-4.583622352286314,-7.099148885111266,4.811483429535169,-9.257217124726928,2.1986713394815744,9.257217124726928,2.1986713394815744,11.455888464208503,9.472284708954458,0.4120043548897776,0.0,0.0,7.907218057635193,0.031929400415591704,71.64761711150041,12,6.842406794281298,22,0.10526315789473684,0.47368421052631576,3,0.10279278808003188
Magentic_One/043,Math,Reasoning Hallucination,2,11,0,22,0.5238095238095238,10.0,-2.3848081427116874,-2.3849510128047395,-4.900477545629691,2.6128120900535947,2.1986713394815744,0.00020565106242287357,2.1986713394815744,0.00020565106242287357,-2.1984656884191516,7.2736133694728835,2.610675694371352,0.0,0.0,7.907218057635193,0.031929400415591704,71.64761711150041,12,6.842406794281298,22,0.10526315789473684,0.47368421052631576,3,0.23734115805080244
Magentic_One/043,Math,Reasoning Hallucination,2,12,0,22,0.5714285714285714,9.0,-2.3846024916492645,-2.3847453617423167,-4.900271894567268,2.612606438991172,0.00020565106242287357,6.4507516523415305,0.00020565106242287357,6.4507516523415305,6.450546001279108,7.273407718410461,2.610881345433775,0.0,0.0,7.907218057635193,0.031929400415591704,71.64761711150041,12,6.842406794281298,22,0.10526315789473684,0.47368421052631576,3,0.4296952976412339
Magentic_One/043,Math,Reasoning Hallucination,2,13,0,22,0.6190476190476191,8.0,4.066149160692266,4.066006290599214,1.5504797577742622,-3.8381452133503586,6.4507516523415305,-8.47395503769065,6.4507516523415305,8.47395503769065,-14.924706690032181,0.8226560660689302,9.061632997775305,0.0,0.0,7.907218057635193,0.031929400415591704,71.64761711150041,12,6.842406794281298,22,0.10526315789473684,0.47368421052631576,3,0.2095023039296845
Magentic_One/043,Math,Reasoning Hallucination,2,14,0,22,0.6666666666666666,7.0,-4.407805876998385,-4.407948747091437,-6.923475279916389,4.635809824340292,-8.47395503769065,4.5082895979679805,8.47395503769065,4.5082895979679805,12.982244635658631,9.29661110375958,0.5876779600846547,0.0,0.0,7.907218057635193,0.031929400415591704,71.64761711150041,12,6.842406794281298,22,0.10526315789473684,0.47368421052631576,3,0.12104345511974036
Magentic_One/043,Math,Reasoning Hallucination,2,15,0,22,0.7142857142857143,6.0,0.10048372096959568,0.10034085087654354,-2.415185681948408,0.12752022637231164,4.5082895979679805,2.0957441449071723,4.5082895979679805,2.0957441449071723,-2.412545453060808,4.7883215057916,5.095967558052635,0.0,0.0,7.907218057635193,0.031929400415591704,71.64761711150041,12,6.842406794281298,22,0.10526315789473684,0.47368421052631576,3,0.3055343903555356
Magentic_One/043,Math,Reasoning Hallucination,2,16,0,22,0.7619047619047619,5.0,2.196227865876768,2.196084995783716,-0.3194415370412358,-1.9682239185348607,2.0957441449071723,0.656900279671973,2.0957441449071723,0.656900279671973,-1.4388438652351994,2.692577360884428,7.191711702959807,0.0,0.0,7.907218057635193,0.031929400415591704,71.64761711150041,12,6.842406794281298,22,0.10526315789473684,0.47368421052631576,3,0.490330828976973
Magentic_One/043,Math,Reasoning Hallucination,2,17,0,22,0.8095238095238095,4.0,2.853128145548741,2.852985275455689,0.33745874263073716,-2.6251241982068336,0.656900279671973,-0.4011857469305724,0.656900279671973,0.4011857469305724,-1.0580860266025454,2.035677081212455,7.84861198263178,0.0,0.0,7.907218057635193,0.031929400415591704,71.64761711150041,12,6.842406794281298,22,0.10526315789473684,0.47368421052631576,3,0.5532755637074626
Magentic_One/043,Math,Reasoning Hallucination,2,18,0,22,0.8571428571428571,3.0,2.4519423986181685,2.4517995285251164,-0.06372700429983524,-2.223938451276261,-0.4011857469305724,-7.263384851482794,0.4011857469305724,7.263384851482794,-6.8621991045522215,2.4368628281430276,7.447426235701208,0.0,0.0,7.907218057635193,0.031929400415591704,71.64761711150041,12,6.842406794281298,22,0.10526315789473684,0.47368421052631576,3,0.3059583442364028
Magentic_One/043,Math,Reasoning Hallucination,2,19,0,22,0.9047619047619048,2.0,-4.811442452864625,-4.8115853229576775,-7.327111855782629,5.039446400206533,-7.263384851482794,9.401461889429658,7.263384851482794,9.401461889429658,16.664846740912452,9.700247679625821,0.1840413842184141,0.0,0.0,7.907218057635193,0.031929400415591704,71.64761711150041,12,6.842406794281298,22,0.10526315789473684,0.47368421052631576,3,0.15210962922551852
Magentic_One/043,Math,Reasoning Hallucination,2,20,0,22,0.9523809523809523,1.0,4.590019436565033,4.589876566471981,2.074350033647029,-4.3620154892231255,9.401461889429658,-4.3620154892231255,9.401461889429658,4.3620154892231255,-13.763477378652784,0.29878579019616325,9.585503273648072,0.0,0.0,7.907218057635193,0.031929400415591704,71.64761711150041,12,6.842406794281298,22,0.10526315789473684,0.47368421052631576,3,0.20570311125093507
Magentic_One/043,Math,Reasoning Hallucination,2,21,0,22,1.0,0.0,0.22800394734190732,0.22786107724885518,-2.2876654555760965,0.0,-4.3620154892231255,0.0,4.3620154892231255,0.0,4.3620154892231255,4.660801279419289,5.223487784424947,0.0,0.0,7.907218057635193,0.031929400415591704,71.64761711150041,12,6.842406794281298,22,0.10526315789473684,0.47368421052631576,3,0.27742517279492707
Magentic_One/045,Science,Reasoning Hallucination,6,0,0,8,0.0,7.0,2.1790051513424835,3.079644537129542,0.0,-1.875375405667402,0.0,-6.571267489837975,0.0,6.571267489837975,-6.571267489837975,0.0,0.0,1.0,1.0,8.761496250107204,0.083115803076834,22.563403543532694,4,0.657474036820921,8,0.8421052631578947,0.5789473684210527,1,0.5674342901657732
Magentic_One/045,Science,Reasoning Hallucination,6,1,0,8,0.14285714285714285,6.0,-4.392262338495492,-3.4916229527084335,-6.571267489837975,4.695892084170573,-6.571267489837975,2.0831187287851023,6.571267489837975,2.0831187287851023,8.654386218623078,6.571267489837975,0.0,0.0,1.0,8.761496250107204,0.083115803076834,22.563403543532694,4,0.657474036820921,8,0.8421052631578947,0.5789473684210527,1,0.44936419716668796
Magentic_One/045,Science,Reasoning Hallucination,6,2,0,8,0.2857142857142857,5.0,-2.3091436097103895,-1.4085042239233312,-4.488148761052873,2.612773355385471,2.0831187287851023,-1.3362949579158538,2.0831187287851023,1.3362949579158538,-3.419413686700956,4.488148761052873,2.0831187287851023,0.0,0.0,8.761496250107204,0.083115803076834,22.563403543532694,4,0.657474036820921,8,0.8421052631578947,0.5789473684210527,1,0.5067877402685882
Magentic_One/045,Science,Reasoning Hallucination,6,3,0,8,0.42857142857142855,4.0,-3.6454385676262433,-2.744799181839185,-5.824443718968727,3.949068313301325,-1.3362949579158538,-1.6448847991946636,1.3362949579158538,1.6448847991946636,-0.30858984127880973,5.824443718968727,0.7468237708692484,0.0,0.0,8.761496250107204,0.083115803076834,22.563403543532694,4,0.657474036820921,8,0.8421052631578947,0.5789473684210527,1,0.33098324286385555
Magentic_One/045,Science,Reasoning Hallucination,6,4,0,8,0.5714285714285714,3.0,-5.290323366820907,-4.389683981033849,-7.46932851816339,5.5939531124959885,-1.6448847991946636,7.158916875539806,1.6448847991946636,7.158916875539806,8.80380167473447,7.46932851816339,0.0,0.0,1.0,8.761496250107204,0.083115803076834,22.563403543532694,4,0.657474036820921,8,0.8421052631578947,0.5789473684210527,1,0.5593502326051527
Magentic_One/045,Science,Reasoning Hallucination,6,5,0,8,0.7142857142857143,2.0,1.8685935087188987,2.769232894505957,-0.3104116426235848,-1.5649637630438171,7.158916875539806,2.2122308819012027,7.158916875539806,2.2122308819012027,-4.946685993638603,0.3104116426235848,7.158916875539806,0.0,0.0,8.761496250107204,0.083115803076834,22.563403543532694,4,0.657474036820921,8,0.8421052631578947,0.5789473684210527,1,0.5457919914673232
Magentic_One/045,Science,Reasoning Hallucination,6,6,1,8,0.8571428571428571,1.0,4.080824390620101,4.98146377640716,1.9018192392776179,-3.7771946449450198,2.2122308819012027,-3.7771946449450198,2.2122308819012027,3.7771946449450198,-5.989425526846222,0.0,9.371147757441008,1.0,0.0,8.761496250107204,0.083115803076834,22.563403543532694,4,0.657474036820921,8,0.8421052631578947,0.5789473684210527,1,0.24190158024435993
Magentic_One/045,Science,Reasoning Hallucination,6,7,0,8,1.0,0.0,0.3036297456750816,1.2042691314621399,-1.875375405667402,0.0,-3.7771946449450198,0.0,3.7771946449450198,0.0,3.7771946449450198,3.7771946449450198,5.5939531124959885,0.0,0.0,8.761496250107204,0.083115803076834,22.563403543532694,4,0.657474036820921,8,0.8421052631578947,0.5789473684210527,1,0.14725330924521432
Magentic_One/046,Science,Planning Hallucination,0,0,1,4,0.0,3.0,2.3389725375318164,3.5478544833236914,0.0,-2.4026920220093118,0.0,-6.8885123173225935,0.0,6.8885123173225935,-6.8885123173225935,0.0,0.0,1.0,1.0,6.679217714863674,0.2193088987751098,10.955743407718037,1,0.08233363060768585,4,0.0,0.3684210526315789,2,0.7546576877172879
Magentic_One/046,Science,Planning Hallucination,0,1,0,4,0.3333333333333333,2.0,-4.549539779790777,-3.340657833998902,-6.8885123173225935,4.485820295313282,-6.8885123173225935,1.9882987233597333,6.8885123173225935,1.9882987233597333,8.876811040682327,6.8885123173225935,0.0,0.0,1.0,6.679217714863674,0.2193088987751098,10.955743407718037,1,0.08233363060768585,4,0.0,0.3684210526315789,2,0.5608813956322418
Magentic_One/046,Science,Planning Hallucination,0,2,0,4,0.6666666666666666,1.0,-2.5612410564310437,-1.3523591106391688,-4.90021359396286,2.4975215719535484,1.9882987233597333,2.4975215719535484,1.9882987233597333,2.4975215719535484,0.5092228485938151,4.90021359396286,1.9882987233597333,0.0,0.0,6.679217714863674,0.2193088987751098,10.955743407718037,1,0.08233363060768585,4,0.0,0.3684210526315789,2,0.5930759513228258
Magentic_One/046,Science,Planning Hallucination,0,3,0,4,1.0,0.0,-0.06371948447749531,1.1451624613143796,-2.4026920220093118,0.0,2.4975215719535484,0.0,2.4975215719535484,0.0,-2.4975215719535484,2.4026920220093118,4.485820295313282,0.0,0.0,6.679217714863674,0.2193088987751098,10.955743407718037,1,0.08233363060768585,4,0.0,0.3684210526315789,2,0.5311906062322976
Magentic_One/047,Science,Planning Hallucination,0,0,1,8,0.0,7.0,2.893791208649702,2.424906424836547,0.0,-1.0270566171525068,0.0,-0.4722395801826522,0.0,0.4722395801826522,-0.4722395801826522,0.0,0.0,1.0,1.0,11.008926403503228,0.0316338465971489,32.46701642806454,5,1.3713453461409828,8,0.42105263157894735,0.5789473684210527,3,0.8318314693209868
Magentic_One/047,Science,Planning Hallucination,0,1,0,8,0.14285714285714285,6.0,2.42155162846705,1.9526668446538946,-0.4722395801826522,-0.5548170369698546,-0.4722395801826522,-0.38579194119867566,0.4722395801826522,0.38579194119867566,0.08644763898397656,0.4722395801826522,0.0,0.0,1.0,11.008926403503228,0.0316338465971489,32.46701642806454,5,1.3713453461409828,8,0.42105263157894735,0.5789473684210527,3,0.7969020740317843
Magentic_One/047,Science,Planning Hallucination,0,2,0,8,0.2857142857142857,5.0,2.0357596872683743,1.566874903455219,-0.8580315213813279,-0.16902509577117897,-0.38579194119867566,2.2804156616024187,0.38579194119867566,2.2804156616024187,2.6662076028010944,0.8580315213813279,0.0,0.0,1.0,11.008926403503228,0.0316338465971489,32.46701642806454,5,1.3713453461409828,8,0.42105263157894735,0.5789473684210527,3,0.8089280648387521
Magentic_One/047,Science,Planning Hallucination,0,3,0,8,0.42857142857142855,4.0,4.316175348870793,3.8472905650576377,1.4223841402210908,-2.4494407573735977,2.2804156616024187,-11.62497736938142,2.2804156616024187,11.62497736938142,-13.905393030983838,0.0,2.2804156616024187,1.0,0.0,11.008926403503228,0.0316338465971489,32.46701642806454,5,1.3713453461409828,8,0.42105263157894735,0.5789473684210527,3,0.24266646048584556
Magentic_One/047,Science,Planning Hallucination,0,4,0,8,0.5714285714285714,3.0,-7.308802020510626,-7.777686804323782,-10.202593229160328,9.175536612007821,-11.62497736938142,9.424552690083125,11.62497736938142,9.424552690083125,21.049530059464544,11.62497736938142,0.0,0.0,1.0,11.008926403503228,0.0316338465971489,32.46701642806454,5,1.3713453461409828,8,0.42105263157894735,0.5789473684210527,3,0.37445101216422894
Magentic_One/047,Science,Planning Hallucination,0,5,0,8,0.7142857142857143,2.0,2.115750669572499,1.6468658857593437,-0.7780405390772032,-0.24901607807530368,9.424552690083125,-6.705633512882244,9.424552690083125,6.705633512882244,-16.13018620296537,2.200424679298294,9.424552690083125,0.0,0.0,11.008926403503228,0.0316338465971489,32.46701642806454,5,1.3713453461409828,8,0.42105263157894735,0.5789473684210527,3,0.3172135254048908
Magentic_One/047,Science,Planning Hallucination,0,6,0,8,0.8571428571428571,1.0,-4.589882843309745,-5.058767627122901,-7.483674051959447,6.45661743480694,-6.705633512882244,6.45661743480694,6.705633512882244,6.45661743480694,13.162250947689184,8.906058192180538,2.718919177200881,0.0,0.0,11.008926403503228,0.0316338465971489,32.46701642806454,5,1.3713453461409828,8,0.42105263157894735,0.5789473684210527,3,0.3839385983264822
Magentic_One/047,Science,Planning Hallucination,0,7,0,8,1.0,0.0,1.8667345914971953,1.39784980768404,-1.0270566171525068,0.0,6.45661743480694,0.0,6.45661743480694,0.0,-6.45661743480694,2.4494407573735977,9.175536612007821,0.0,0.0,11.008926403503228,0.0316338465971489,32.46701642806454,5,1.3713453461409828,8,0.42105263157894735,0.5789473684210527,3,0.5608172525374546
Magentic_One/051,General Assistant,Reasoning Hallucination,5,0,0,10,0.0,9.0,0.1471706502595893,0.31338137478011985,0.0,7.046604726397838,0.0,2.194280906162124,0.0,2.194280906162124,2.194280906162124,0.0,0.0,1.0,1.0,13.928057530460704,0.19462611225720078,36.20585462389376,4,1.2323671605277418,10,1.0,0.8421052631578947,0,0.8403815678632838
Magentic_One/051,General Assistant,Reasoning Hallucination,5,1,0,10,0.1111111111111111,8.0,2.3414515564217133,2.507662280942244,2.194280906162124,4.852323820235714,2.194280906162124,2.211557048277516,2.194280906162124,2.211557048277516,0.01727614211539219,0.0,2.194280906162124,1.0,0.0,13.928057530460704,0.19462611225720078,36.20585462389376,4,1.2323671605277418,10,1.0,0.8421052631578947,0,0.8247202862347406
Magentic_One/051,General Assistant,Reasoning Hallucination,5,2,0,10,0.2222222222222222,7.0,4.5530086046992295,4.71921932921976,4.40583795443964,2.640766771958198,2.211557048277516,-6.897832152683435,2.211557048277516,6.897832152683435,-9.109389200960951,0.0,4.40583795443964,1.0,0.0,13.928057530460704,0.19462611225720078,36.20585462389376,4,1.2323671605277418,10,1.0,0.8421052631578947,0,0.5241863277875589
Magentic_One/051,General Assistant,Reasoning Hallucination,5,3,0,10,0.3333333333333333,6.0,-2.3448235479842054,-2.178612823463675,-2.4919941982437948,9.538598924641633,-6.897832152683435,2.201144150432217,6.897832152683435,2.201144150432217,9.098976303115652,6.897832152683435,0.0,0.0,1.0,13.928057530460704,0.19462611225720078,36.20585462389376,4,1.2323671605277418,10,1.0,0.8421052631578947,0,0.38071455682146016
Magentic_One/051,General Assistant,Reasoning Hallucination,5,4,0,10,0.4444444444444444,5.0,-0.14367939755198833,0.022531326968542237,-0.29085004781157764,7.337454774209416,2.201144150432217,2.7401849825428535,2.201144150432217,2.7401849825428535,0.5390408321106364,4.696688002251218,2.201144150432217,0.0,0.0,13.928057530460704,0.19462611225720078,36.20585462389376,4,1.2323671605277418,10,1.0,0.8421052631578947,0,0.6000473916427654
Magentic_One/051,General Assistant,Reasoning Hallucination,5,5,1,10,0.5555555555555556,4.0,2.596505584990865,2.762716309511396,2.449334934731276,4.597269791666562,2.7401849825428535,-5.375624294778717,2.7401849825428535,5.375624294778717,-8.11580927732157,1.9565030197083644,4.941329132975071,0.0,0.0,13.928057530460704,0.19462611225720078,36.20585462389376,4,1.2323671605277418,10,1.0,0.8421052631578947,0,0.3394691369802438
Magentic_One/051,General Assistant,Reasoning Hallucination,5,6,0,10,0.6666666666666666,3.0,-2.779118709787852,-2.6129079852673214,-2.9262893600474413,9.97289408644528,-5.375624294778717,-3.0672179801283797,5.375624294778717,3.0672179801283797,2.3084063146503375,7.3321273144870815,0.0,0.0,1.0,13.928057530460704,0.19462611225720078,36.20585462389376,4,1.2323671605277418,10,1.0,0.8421052631578947,0,0.10261610935878665
Magentic_One/051,General Assistant,Reasoning Hallucination,5,7,0,10,0.7777777777777778,2.0,-5.846336689916232,-5.6801259653957015,-5.993507340175821,13.04011206657366,-3.0672179801283797,-1.5337239830776213,3.0672179801283797,1.5337239830776213,1.5334939970507584,10.399345294615461,0.0,0.0,1.0,13.928057530460704,0.19462611225720078,36.20585462389376,4,1.2323671605277418,10,1.0,0.8421052631578947,0,0.12167182534984745
Magentic_One/051,General Assistant,Reasoning Hallucination,5,8,0,10,0.8888888888888888,1.0,-7.380060672993853,-7.213849948473323,-7.527231323253442,14.57383604965128,-1.5337239830776213,14.57383604965128,1.5337239830776213,14.57383604965128,16.1075600327289,11.933069277693082,0.0,0.0,1.0,13.928057530460704,0.19462611225720078,36.20585462389376,4,1.2323671605277418,10,1.0,0.8421052631578947,0,0.363852588788988
Magentic_One/051,General Assistant,Reasoning Hallucination,5,9,0,10,1.0,0.0,7.1937753766574275,7.359986101177958,7.046604726397838,0.0,14.57383604965128,0.0,14.57383604965128,0.0,-14.57383604965128,0.0,14.57383604965128,1.0,0.0,13.928057530460704,0.19462611225720078,36.20585462389376,4,1.2323671605277418,10,1.0,0.8421052631578947,0,0.33542762781440066
Magentic_One/052,General Assistant,Reasoning Hallucination,14,0,0,36,0.0,35.0,2.6530609019480487,2.727415345310332,0.0,-2.5443894038354316,0.0,-5.07948430759177,0.0,5.07948430759177,-5.07948430759177,0.0,0.0,1.0,1.0,7.051485947127233,0.04570334235889806,55.67184526363333,11,5.518285744031971,36,0.42105263157894735,0.7894736842105263,2,0.34209530484223416
Magentic_One/052,General Assistant,Reasoning Hallucination,14,1,0,36,0.02857142857142857,34.0,-2.426423405643721,-2.3520689622814377,-5.07948430759177,2.535094903756338,-5.07948430759177,2.539881550613636,5.07948430759177,2.539881550613636,7.619365858205406,5.07948430759177,0.0,0.0,1.0,7.051485947127233,0.04570334235889806,55.67184526363333,11,5.518285744031971,36,0.42105263157894735,0.7894736842105263,2,0.2664312326778914
Magentic_One/052,General Assistant,Reasoning Hallucination,14,2,0,36,0.05714285714285714,33.0,0.1134581449699148,0.18781258833219835,-2.539602756978134,-0.004786646857297683,2.539881550613636,2.277234531931086,2.539881550613636,2.277234531931086,-0.26264701868255,2.539602756978134,2.539881550613636,0.0,0.0,7.051485947127233,0.04570334235889806,55.67184526363333,11,5.518285744031971,36,0.42105263157894735,0.7894736842105263,2,0.3249244650287091
Magentic_One/052,General Assistant,Reasoning Hallucination,14,3,0,36,0.08571428571428572,32.0,2.3906926769010006,2.465047120263284,-0.26236822504704804,-2.2820211787883835,2.277234531931086,-6.356687903038221,2.277234531931086,6.356687903038221,-8.633922434969307,0.26236822504704804,4.817116082544722,0.0,0.0,7.051485947127233,0.04570334235889806,55.67184526363333,11,5.518285744031971,36,0.42105263157894735,0.7894736842105263,2,0.2133137740109472
Magentic_One/052,General Assistant,Reasoning Hallucination,14,4,0,36,0.11428571428571428,31.0,-3.9659952261372204,-3.891640782774937,-6.619056128085269,4.074666724249838,-6.356687903038221,0.9880789811574786,6.356687903038221,0.9880789811574786,7.3447668841957,6.619056128085269,0.0,0.0,1.0,7.051485947127233,0.04570334235889806,55.67184526363333,11,5.518285744031971,36,0.42105263157894735,0.7894736842105263,2,0.21064928179972112
Magentic_One/052,General Assistant,Reasoning Hallucination,14,5,0,36,0.14285714285714285,30.0,-2.977916244979742,-2.9035618016174585,-5.6309771469277905,3.086587743092359,0.9880789811574786,0.4001754894318168,0.9880789811574786,0.4001754894318168,-0.5879034917256618,5.6309771469277905,0.9880789811574786,0.0,0.0,7.051485947127233,0.04570334235889806,55.67184526363333,11,5.518285744031971,36,0.42105263157894735,0.7894736842105263,2,0.2841471615959432
Magentic_One/052,General Assistant,Reasoning Hallucination,14,6,0,36,0.17142857142857143,29.0,-2.577740755547925,-2.5033863121856417,-5.230801657495974,2.686412253660542,0.4001754894318168,5.176652120030951,0.4001754894318168,5.176652120030951,4.776476630599134,5.230801657495974,1.3882544705892954,0.0,0.0,7.051485947127233,0.04570334235889806,55.67184526363333,11,5.518285744031971,36,0.42105263157894735,0.7894736842105263,2,0.31363787415712124
Magentic_One/052,General Assistant,Reasoning Hallucination,14,7,0,36,0.2,28.0,2.598911364483026,2.6732658078453095,-0.05414953746502249,-2.490239866370409,5.176652120030951,0.3240573664654782,5.176652120030951,0.3240573664654782,-4.852594753565473,0.05414953746502249,6.564906590620247,0.0,0.0,7.051485947127233,0.04570334235889806,55.67184526363333,11,5.518285744031971,36,0.42105263157894735,0.7894736842105263,2,0.41010147118441453
Magentic_One/052,General Assistant,Reasoning Hallucination,14,8,0,36,0.22857142857142856,27.0,2.9229687309485044,2.9973231743107878,0.26990782900045573,-2.8142972328358873,0.3240573664654782,1.2254198745691873,0.3240573664654782,1.2254198745691873,0.9013625081037091,0.0,6.888963957085725,1.0,0.0,7.051485947127233,0.04570334235889806,55.67184526363333,11,5.518285744031971,36,0.42105263157894735,0.7894736842105263,2,0.5552004458447773
Magentic_One/052,General Assistant,Reasoning Hallucination,14,9,0,36,0.2571428571428571,26.0,4.148388605517692,4.222743048879975,1.495327703569643,-4.039717107405075,1.2254198745691873,-6.68446096360973,1.2254198745691873,6.68446096360973,-7.909880838178918,0.0,8.114383831654912,1.0,0.0,7.051485947127233,0.04570334235889806,55.67184526363333,11,5.518285744031971,36,0.42105263157894735,0.7894736842105263,2,0.31958042817344967
Magentic_One/052,General Assistant,Reasoning Hallucination,14,10,0,36,0.2857142857142857,25.0,-2.5360723580920386,-2.461717914729755,-5.189133260040087,2.6447438562046557,-6.68446096360973,-0.19808204446340838,6.68446096360973,0.19808204446340838,6.486378919146322,6.68446096360973,1.4299228680451819,0.0,0.0,7.051485947127233,0.04570334235889806,55.67184526363333,11,5.518285744031971,36,0.42105263157894735,0.7894736842105263,2,0.05914922146947628
Magentic_One/052,General Assistant,Reasoning Hallucination,14,11,0,36,0.3142857142857143,24.0,-2.734154402555447,-2.6597999591931636,-5.387215304503496,2.842825900668064,-0.19808204446340838,2.723515434665284,0.19808204446340838,2.723515434665284,2.9215974791286925,6.882543008073139,1.2318408235817735,0.0,0.0,7.051485947127233,0.04570334235889806,55.67184526363333,11,5.518285744031971,36,0.42105263157894735,0.7894736842105263,2,0.21238473074628866
Magentic_One/052,General Assistant,Reasoning Hallucination,14,12,0,36,0.34285714285714286,23.0,-0.010638967890162832,0.06371547547212073,-2.6636998698382115,0.11931046600277995,2.723515434665284,2.512397185052045,2.723515434665284,2.512397185052045,-0.21111824961323933,4.159027573407855,3.9553562582470576,0.0,0.0,7.051485947127233,0.04570334235889806,55.67184526363333,11,5.518285744031971,36,0.42105263157894735,0.7894736842105263,2,0.2633176725933992
Magentic_One/052,General Assistant,Reasoning Hallucination,14,13,0,36,0.37142857142857144,22.0,2.501758217161882,2.5761126605241653,-0.1513026847861667,-2.393086719049265,2.512397185052045,-4.713959279954189,2.512397185052045,4.713959279954189,-7.2263564650062335,1.6466303883558098,6.467753443299102,0.0,0.0,7.051485947127233,0.04570334235889806,55.67184526363333,11,5.518285744031971,36,0.42105263157894735,0.7894736842105263,2,0.20474006143315415
Magentic_One/052,General Assistant,Reasoning Hallucination,14,14,1,36,0.4,21.0,-2.2122010627923068,-2.1378466194300234,-4.865261964740355,2.320872560904924,-4.713959279954189,7.000332518857164,4.713959279954189,7.000332518857164,11.714291798811352,6.3605896683099985,1.7537941633449137,0.0,0.0,7.051485947127233,0.04570334235889806,55.67184526363333,11,5.518285744031971,36,0.42105263157894735,0.7894736842105263,2,0.09220570116673646
Magentic_One/052,General Assistant,Reasoning Hallucination,14,15,0,36,0.42857142857142855,20.0,4.788131456064857,4.86248589942714,2.1350705541168082,-4.67945995795224,7.000332518857164,-9.68769126999009,7.000332518857164,9.68769126999009,-16.688023788847254,0.0,8.754126682202077,1.0,0.0,7.051485947127233,0.04570334235889806,55.67184526363333,11,5.518285744031971,36,0.42105263157894735,0.7894736842105263,2,0.15710372195013586
Magentic_One/052,General Assistant,Reasoning Hallucination,14,16,0,36,0.45714285714285713,19.0,-4.899559813925233,-4.82520537056295,-7.552620715873282,5.00823131203785,-9.68769126999009,4.911812120057178,9.68769126999009,4.911812120057178,14.599503390047268,9.68769126999009,0.0,0.0,1.0,7.051485947127233,0.04570334235889806,55.67184526363333,11,5.518285744031971,36,0.42105263157894735,0.7894736842105263,2,0.06140727926137246
Magentic_One/052,General Assistant,Reasoning Hallucination,14,17,0,36,0.4857142857142857,18.0,0.012252306131944835,0.08660674949422839,-2.640808595816104,0.09641919198067228,4.911812120057178,5.024536068082085,4.911812120057178,5.024536068082085,0.11272394802490737,4.775879149932912,4.911812120057178,0.0,0.0,7.051485947127233,0.04570334235889806,55.67184526363333,11,5.518285744031971,36,0.42105263157894735,0.7894736842105263,2,0.23891841589850732
Magentic_One/052,General Assistant,Reasoning Hallucination,14,18,0,36,0.5142857142857142,17.0,5.03678837421403,5.111142817576313,2.3837274722659814,-4.928116876101413,5.024536068082085,-7.207968588516458,5.024536068082085,7.207968588516458,-12.232504656598543,0.0,9.936348188139263,1.0,0.0,7.051485947127233,0.04570334235889806,55.67184526363333,11,5.518285744031971,36,0.42105263157894735,0.7894736842105263,2,0.23826746278065705
Magentic_One/052,General Assistant,Reasoning Hallucination,14,19,0,36,0.5428571428571428,16.0,-2.171180214302428,-2.0968257709401446,-4.824241116250477,2.279851712415045,-7.207968588516458,4.786960436647753,7.207968588516458,4.786960436647753,11.994929025164211,7.207968588516458,2.728379599622805,0.0,0.0,7.051485947127233,0.04570334235889806,55.67184526363333,11,5.518285744031971,36,0.42105263157894735,0.7894736842105263,2,0.047434141485395896
Magentic_One/052,General Assistant,Reasoning Hallucination,14,20,0,36,0.5714285714285714,15.0,2.6157802223453253,2.6901346657076086,-0.03728067960272341,-2.507108724232708,4.786960436647753,-0.9915779018737609,4.786960436647753,0.9915779018737609,-5.778538338521514,2.4210081518687048,7.515340036270558,0.0,0.0,7.051485947127233,0.04570334235889806,55.67184526363333,11,5.518285744031971,36,0.42105263157894735,0.7894736842105263,2,0.23879551653975206
Magentic_One/052,General Assistant,Reasoning Hallucination,14,21,0,36,0.6,14.0,1.6242023204715643,1.698556763833848,-1.0288585814764843,-1.5155308223589472,-0.9915779018737609,-4.18711690040886,0.9915779018737609,4.18711690040886,-3.195538998535099,3.4125860537424657,6.523762134396797,0.0,0.0,7.051485947127233,0.04570334235889806,55.67184526363333,11,5.518285744031971,36,0.42105263157894735,0.7894736842105263,2,0.14483760738849938
Magentic_One/052,General Assistant,Reasoning Hallucination,14,22,0,36,0.6285714285714286,13.0,-2.5629145799372957,-2.4885601365750123,-5.215975481885344,2.6715860780499128,-4.18711690040886,2.425703601883164,4.18711690040886,2.425703601883164,6.612820502292024,7.599702954151326,2.3366452339879373,0.0,0.0,7.051485947127233,0.04570334235889806,55.67184526363333,11,5.518285744031971,36,0.42105263157894735,0.7894736842105263,2,0.07133100840439395
Magentic_One/052,General Assistant,Reasoning Hallucination,14,23,0,36,0.6571428571428571,12.0,-0.13721097805413152,-0.06285653469184796,-2.79027188000218,0.24588247616674863,2.425703601883164,-2.257458514940261,2.425703601883164,2.257458514940261,-4.683162116823425,5.1739993522681615,4.7623488358711015,0.0,0.0,7.051485947127233,0.04570334235889806,55.67184526363333,11,5.518285744031971,36,0.42105263157894735,0.7894736842105263,2,0.14574033363793276
Magentic_One/052,General Assistant,Reasoning Hallucination,14,24,0,36,0.6857142857142857,11.0,-2.3946694929943924,-2.320315049632109,-5.047730394942441,2.5033409911070095,-2.257458514940261,4.987660690881597,2.257458514940261,4.987660690881597,7.245119205821858,7.431457867208422,2.5048903209308406,0.0,0.0,7.051485947127233,0.04570334235889806,55.67184526363333,11,5.518285744031971,36,0.42105263157894735,0.7894736842105263,2,0.10462701001766488
Magentic_One/052,General Assistant,Reasoning Hallucination,14,25,0,36,0.7142857142857143,10.0,2.592991197887205,2.6673456412494883,-0.060069704060843776,-2.4843196997745878,4.987660690881597,-0.00821680115390322,4.987660690881597,0.00821680115390322,-4.9958774920355005,2.443797176326825,7.492551011812438,0.0,0.0,7.051485947127233,0.04570334235889806,55.67184526363333,11,5.518285744031971,36,0.42105263157894735,0.7894736842105263,2,0.22007407061879833
Magentic_One/052,General Assistant,Reasoning Hallucination,14,26,0,36,0.7428571428571429,9.0,2.5847743967333017,2.659128840095585,-0.068286505214747,-2.4761028986206846,-0.00821680115390322,-5.052570631281423,0.00821680115390322,5.052570631281423,-5.04435383012752,2.4520139774807284,7.484334210658535,0.0,0.0,7.051485947127233,0.04570334235889806,55.67184526363333,11,5.518285744031971,36,0.42105263157894735,0.7894736842105263,2,0.14831871713772476
Magentic_One/052,General Assistant,Reasoning Hallucination,14,27,0,36,0.7714285714285715,8.0,-2.4677962345481212,-2.393441791185838,-5.12085713649617,2.5764677326607384,-5.052570631281423,-2.59310578900471,5.052570631281423,2.59310578900471,2.459464842276713,7.504584608762151,2.4317635793771117,0.0,0.0,7.051485947127233,0.04570334235889806,55.67184526363333,11,5.518285744031971,36,0.42105263157894735,0.7894736842105263,2,0.033542242839125526
Magentic_One/052,General Assistant,Reasoning Hallucination,14,28,0,36,0.8,7.0,-5.060902023552831,-4.986547580190548,-7.71396292550088,5.169573521665448,-2.59310578900471,9.84678707919554,2.59310578900471,9.84678707919554,12.43989286820025,10.097690397766861,0.0,0.0,1.0,7.051485947127233,0.04570334235889806,55.67184526363333,11,5.518285744031971,36,0.42105263157894735,0.7894736842105263,2,0.16853924262138065
Magentic_One/052,General Assistant,Reasoning Hallucination,14,29,0,36,0.8285714285714286,6.0,4.785885055642709,4.860239499004992,2.13282415369466,-4.6772135575300915,9.84678707919554,-7.008826511111781,9.84678707919554,7.008826511111781,-16.85561359030732,0.2509033185713214,9.84678707919554,0.0,0.0,7.051485947127233,0.04570334235889806,55.67184526363333,11,5.518285744031971,36,0.42105263157894735,0.7894736842105263,2,0.09766918780407012
Magentic_One/052,General Assistant,Reasoning Hallucination,14,30,0,36,0.8571428571428571,5.0,-2.2229414554690727,-2.1485870121067894,-4.876002357417121,2.33161295358169,-7.008826511111781,4.577843531919022,7.008826511111781,4.577843531919022,11.586670043030804,7.259729829683103,2.8379605680837585,0.0,0.0,7.051485947127233,0.04570334235889806,55.67184526363333,11,5.518285744031971,36,0.42105263157894735,0.7894736842105263,2,0.03170733029264996
Magentic_One/052,General Assistant,Reasoning Hallucination,14,31,0,36,0.8857142857142857,4.0,2.3549020764499495,2.429256519812233,-0.29815882549809913,-2.2462305783373324,4.577843531919022,-4.778171592743206,4.577843531919022,4.778171592743206,-9.356015124662228,2.6818862977640805,7.415804100002781,0.0,0.0,7.051485947127233,0.04570334235889806,55.67184526363333,11,5.518285744031971,36,0.42105263157894735,0.7894736842105263,2,0.10513990722424124
Magentic_One/052,General Assistant,Reasoning Hallucination,14,32,0,36,0.9142857142857143,3.0,-2.4232695162932565,-2.348915072930973,-5.076330418241305,2.5319410144058736,-4.778171592743206,2.2730934095955426,4.778171592743206,2.2730934095955426,7.051265002338749,7.4600578905072865,2.6376325072595748,0.0,0.0,7.051485947127233,0.04570334235889806,55.67184526363333,11,5.518285744031971,36,0.42105263157894735,0.7894736842105263,2,0.043634316691587224
Magentic_One/052,General Assistant,Reasoning Hallucination,14,33,0,36,0.9428571428571428,2.0,-0.15017610669771386,-0.0758216633354303,-2.8032370086457625,0.258847604810331,2.2730934095955426,-2.4284385609150263,2.2730934095955426,2.4284385609150263,-4.701531970510569,5.186964480911744,4.910725916855117,0.0,0.0,7.051485947127233,0.04570334235889806,55.67184526363333,11,5.518285744031971,36,0.42105263157894735,0.7894736842105263,2,0.100399784344934
Magentic_One/052,General Assistant,Reasoning Hallucination,14,34,0,36,0.9714285714285714,1.0,-2.57861466761274,-2.504260224250457,-5.231675569560789,2.6872861657253573,-2.4284385609150263,2.6872861657253573,2.4284385609150263,2.6872861657253573,5.115724726640384,7.61540304182677,2.482287355940091,0.0,0.0,7.051485947127233,0.04570334235889806,55.67184526363333,11,5.518285744031971,36,0.42105263157894735,0.7894736842105263,2,0.06496410919693932
Magentic_One/052,General Assistant,Reasoning Hallucination,14,35,0,36,1.0,0.0,0.10867149811261712,0.18302594147490067,-2.5443894038354316,0.0,2.6872861657253573,0.0,2.6872861657253573,0.0,-2.6872861657253573,4.928116876101413,5.169573521665448,0.0,0.0,7.051485947127233,0.04570334235889806,55.67184526363333,11,5.518285744031971,36,0.42105263157894735,0.7894736842105263,2,0.12554307785702076
Magentic_One/054,General Assistant,Reasoning Hallucination,25,0,0,39,0.0,38.0,2.80078509062535,2.8103835624865305,0.0,-0.2977398190489744,0.0,-2.7720087778204316,0.0,2.7720087778204316,-2.7720087778204316,0.0,0.0,1.0,1.0,10.046849139181447,0.004877886531541586,61.03869311508524,13,5.888389367089243,39,0.15789473684210525,0.21052631578947367,1,0.6056236547966799
Magentic_One/054,General Assistant,Reasoning Hallucination,25,1,0,39,0.02631578947368421,37.0,0.028776312804918547,0.03837478466609904,-2.7720087778204316,2.4742689587714572,-2.7720087778204316,-2.607941458629252,2.7720087778204316,2.607941458629252,0.16406731919117945,2.7720087778204316,0.0,0.0,1.0,10.046849139181447,0.004877886531541586,61.03869311508524,13,5.888389367089243,39,0.15789473684210525,0.21052631578947367,1,0.398457005698651
Magentic_One/054,General Assistant,Reasoning Hallucination,25,2,0,39,0.05263157894736842,36.0,-2.5791651458243336,-2.5695666739631533,-5.379950236449684,5.0822104174007094,-2.607941458629252,2.319949704403548,2.607941458629252,2.319949704403548,4.9278911630328,5.379950236449684,0.0,0.0,1.0,10.046849139181447,0.004877886531541586,61.03869311508524,13,5.888389367089243,39,0.15789473684210525,0.21052631578947367,1,0.5259992102885126
Magentic_One/054,General Assistant,Reasoning Hallucination,25,3,0,39,0.07894736842105263,35.0,-0.25921544142078545,-0.24961696955960497,-3.0600005320461356,2.7622607129971612,2.319949704403548,-2.3084776070585313,2.319949704403548,2.3084776070585313,-4.6284273114620795,3.0600005320461356,2.319949704403548,0.0,0.0,10.046849139181447,0.004877886531541586,61.03869311508524,13,5.888389367089243,39,0.15789473684210525,0.21052631578947367,1,0.41764889956074513
Magentic_One/054,General Assistant,Reasoning Hallucination,25,4,0,39,0.10526315789473684,34.0,-2.567693048479317,-2.5580945766181364,-5.368478139104667,5.070738320055693,-2.3084776070585313,2.7136202781315113,2.3084776070585313,2.7136202781315113,5.022097885190043,5.368478139104667,0.011472097345016863,0.0,0.0,10.046849139181447,0.004877886531541586,61.03869311508524,13,5.888389367089243,39,0.15789473684210525,0.21052631578947367,1,0.4189712188080473
Magentic_One/054,General Assistant,Reasoning Hallucination,25,5,0,39,0.13157894736842105,33.0,0.1459272296521945,0.155525701513375,-2.6548578609731557,2.3571180419241813,2.7136202781315113,5.012870363823836,2.7136202781315113,5.012870363823836,2.299250085692325,2.6548578609731557,2.725092375476528,0.0,0.0,10.046849139181447,0.004877886531541586,61.03869311508524,13,5.888389367089243,39,0.15789473684210525,0.21052631578947367,1,0.6215775770847595
Magentic_One/054,General Assistant,Reasoning Hallucination,25,6,0,39,0.15789473684210525,32.0,5.158797593476031,5.168396065337212,2.3580125028506806,-2.655752321899655,5.012870363823836,-5.122300626796182,5.012870363823836,5.122300626796182,-10.135170990620018,0.0,7.7379627393003645,1.0,0.0,10.046849139181447,0.004877886531541586,61.03869311508524,13,5.888389367089243,39,0.15789473684210525,0.21052631578947367,1,0.33999584697749863
Magentic_One/054,General Assistant,Reasoning Hallucination,25,7,0,39,0.18421052631578946,31.0,0.0364969666798487,0.04609543854102919,-2.7642881239455015,2.466548304896527,-5.122300626796182,-4.924548512385265,5.122300626796182,4.924548512385265,0.19775211441091756,5.122300626796182,2.6156621125041823,0.0,0.0,10.046849139181447,0.004877886531541586,61.03869311508524,13,5.888389367089243,39,0.15789473684210525,0.21052631578947367,1,0.09592739609090215
Magentic_One/054,General Assistant,Reasoning Hallucination,25,8,0,39,0.21052631578947367,30.0,-4.888051545705416,-4.878453073844235,-7.688836636330766,7.391096817281792,-4.924548512385265,9.66029930157794,4.924548512385265,9.66029930157794,14.584847813963204,10.046849139181447,0.0,0.0,1.0,10.046849139181447,0.004877886531541586,61.03869311508524,13,5.888389367089243,39,0.15789473684210525,0.21052631578947367,1,0.41693530220420216
Magentic_One/054,General Assistant,Reasoning Hallucination,25,9,0,39,0.23684210526315788,29.0,4.772247755872524,4.781846227733705,1.9714626652471736,-2.269202484296148,9.66029930157794,-7.255845115704695,9.66029930157794,7.255845115704695,-16.916144417282634,0.38654983760350703,9.66029930157794,0.0,0.0,10.046849139181447,0.004877886531541586,61.03869311508524,13,5.888389367089243,39,0.15789473684210525,0.21052631578947367,1,0.22294086717157285
Magentic_One/054,General Assistant,Reasoning Hallucination,25,10,0,39,0.2631578947368421,28.0,-2.483597359832171,-2.4739988879709904,-5.284382450457521,4.986642631408547,-7.255845115704695,-0.3211793129598455,7.255845115704695,0.3211793129598455,6.934665802744849,7.642394953308202,2.404454185873245,0.0,0.0,10.046849139181447,0.004877886531541586,61.03869311508524,13,5.888389367089243,39,0.15789473684210525,0.21052631578947367,1,0.11510224251523074
Magentic_One/054,General Assistant,Reasoning Hallucination,25,11,0,39,0.2894736842105263,27.0,-2.8047766727920163,-2.795178200930836,-5.6055617634173664,5.307821944368392,-0.3211793129598455,0.4959208657769949,0.3211793129598455,0.4959208657769949,0.8171001787368404,7.963574266268047,2.0832748729133996,0.0,0.0,10.046849139181447,0.004877886531541586,61.03869311508524,13,5.888389367089243,39,0.15789473684210525,0.21052631578947367,1,0.303359831870063
Magentic_One/054,General Assistant,Reasoning Hallucination,25,12,0,39,0.3157894736842105,26.0,-2.3088558070150214,-2.299257335153841,-5.1096408976403715,4.811901078591397,0.4959208657769949,7.20152511676628,0.4959208657769949,7.20152511676628,6.7056042509892855,7.467653400491052,2.5791957386903945,0.0,0.0,10.046849139181447,0.004877886531541586,61.03869311508524,13,5.888389367089243,39,0.15789473684210525,0.21052631578947367,1,0.45281175816830743
Magentic_One/054,General Assistant,Reasoning Hallucination,25,13,0,39,0.34210526315789475,25.0,4.892669309751259,4.90226778161244,2.091884219125909,-2.3896240381748832,7.20152511676628,-7.433517783481047,7.20152511676628,7.433517783481047,-14.635042900247328,0.2661282837247718,9.780720855456675,0.0,0.0,10.046849139181447,0.004877886531541586,61.03869311508524,13,5.888389367089243,39,0.15789473684210525,0.21052631578947367,1,0.16097658342573812
Magentic_One/054,General Assistant,Reasoning Hallucination,25,14,0,39,0.3684210526315789,24.0,-2.5408484737297883,-2.531250001868608,-5.3416335643551385,5.043893745306164,-7.433517783481047,-2.2625151938142523,7.433517783481047,2.2625151938142523,5.171002589666795,7.699646067205819,2.3472030719756276,0.0,0.0,10.046849139181447,0.004877886531541586,61.03869311508524,13,5.888389367089243,39,0.15789473684210525,0.21052631578947367,1,0.06208618956568236
Magentic_One/054,General Assistant,Reasoning Hallucination,25,15,0,39,0.39473684210526316,23.0,-4.8033636675440405,-4.79376519568286,-7.604148758169391,7.306408939120416,-2.2625151938142523,7.117200655312203,2.2625151938142523,7.117200655312203,9.379715849126455,9.962161261020071,0.08468787816137535,0.0,0.0,10.046849139181447,0.004877886531541586,61.03869311508524,13,5.888389367089243,39,0.15789473684210525,0.21052631578947367,1,0.28180831423031527
Magentic_One/054,General Assistant,Reasoning Hallucination,25,16,0,39,0.42105263157894735,22.0,2.3138369877681626,2.323435459629343,-0.4869481028571876,0.1892082838082132,7.117200655312203,2.280097460370392,7.117200655312203,2.280097460370392,-4.837103194941811,2.8449606057078682,7.2018885334735785,0.0,0.0,10.046849139181447,0.004877886531541586,61.03869311508524,13,5.888389367089243,39,0.15789473684210525,0.21052631578947367,1,0.4284571809839197
Magentic_One/054,General Assistant,Reasoning Hallucination,25,17,0,39,0.4473684210526316,21.0,4.593934448138555,4.6035329199997355,1.7931493575132045,-2.090889176562179,2.280097460370392,-9.399957166071381,2.280097460370392,9.399957166071381,-11.680054626441773,0.5648631453374762,9.48198599384397,0.0,0.0,10.046849139181447,0.004877886531541586,61.03869311508524,13,5.888389367089243,39,0.15789473684210525,0.21052631578947367,1,0.07175691044839
Magentic_One/054,General Assistant,Reasoning Hallucination,25,18,0,39,0.47368421052631576,20.0,-4.8060227179328265,-4.796424246071646,-7.606807808558177,7.309067989509202,-9.399957166071381,6.926080943723655,9.399957166071381,6.926080943723655,16.326038109795036,9.964820311408857,0.08202882777258935,0.0,0.0,10.046849139181447,0.004877886531541586,61.03869311508524,13,5.888389367089243,39,0.15789473684210525,0.21052631578947367,1,0.0866181494847913
Magentic_One/054,General Assistant,Reasoning Hallucination,25,19,0,39,0.5,19.0,2.120058225790828,2.1296566976520084,-0.6807268648345222,0.38298704578554776,6.926080943723655,-6.626494408568838,6.926080943723655,6.626494408568838,-13.552575352292493,3.038739367685203,7.008109771496244,0.0,0.0,10.046849139181447,0.004877886531541586,61.03869311508524,13,5.888389367089243,39,0.15789473684210525,0.21052631578947367,1,0.11558745695228251
Magentic_One/054,General Assistant,Reasoning Hallucination,25,20,0,39,0.5263157894736842,18.0,-4.50643618277801,-4.49683771091683,-7.307221273403361,7.009481454354386,-6.626494408568838,8.845614260447377,6.626494408568838,8.845614260447377,15.472108669016215,9.665233776254041,0.3816153629274055,0.0,0.0,10.046849139181447,0.004877886531541586,61.03869311508524,13,5.888389367089243,39,0.15789473684210525,0.21052631578947367,1,0.1392961979612293
Magentic_One/054,General Assistant,Reasoning Hallucination,25,21,0,39,0.5526315789473685,17.0,4.3391780776693665,4.348776549530547,1.5383929870440163,-1.8361328060929907,8.845614260447377,-3.9462777671332674,8.845614260447377,3.9462777671332674,-12.791892027580644,0.8196195158066644,9.227229623374782,0.0,0.0,10.046849139181447,0.004877886531541586,61.03869311508524,13,5.888389367089243,39,0.15789473684210525,0.21052631578947367,1,0.19787811035713382
Magentic_One/054,General Assistant,Reasoning Hallucination,25,22,0,39,0.5789473684210527,16.0,0.3929003105360991,0.4024987823972796,-2.407884780089251,2.1101449610402767,-3.9462777671332674,-0.46691707368208313,3.9462777671332674,0.46691707368208313,3.4793606934511843,4.765897282939932,5.280951856241515,0.0,0.0,10.046849139181447,0.004877886531541586,61.03869311508524,13,5.888389367089243,39,0.15789473684210525,0.21052631578947367,1,0.10946680162595719
Magentic_One/054,General Assistant,Reasoning Hallucination,25,23,0,39,0.6052631578947368,15.0,-0.07401676314598404,-0.06441829128480354,-2.8748018537713342,2.57706203472236,-0.46691707368208313,-2.2336195402307553,0.46691707368208313,2.2336195402307553,-1.7667024665486721,5.232814356622015,4.814034782559432,0.0,0.0,10.046849139181447,0.004877886531541586,61.03869311508524,13,5.888389367089243,39,0.15789473684210525,0.21052631578947367,1,0.12466141866791618
Magentic_One/054,General Assistant,Reasoning Hallucination,25,24,0,39,0.631578947368421,14.0,-2.3076363033767393,-2.298037831515559,-5.1084213940020895,4.810681574953115,-2.2336195402307553,7.3410608407359135,2.2336195402307553,7.3410608407359135,9.574680380966669,7.46643389685277,2.5804152423286766,0.0,0.0,10.046849139181447,0.004877886531541586,61.03869311508524,13,5.888389367089243,39,0.15789473684210525,0.21052631578947367,1,0.20843091122534077
Magentic_One/054,General Assistant,Reasoning Hallucination,25,25,1,39,0.6578947368421053,13.0,5.033424537359174,5.043023009220355,2.232639446733824,-2.5303792657827984,7.3410608407359135,-5.022046263763748,7.3410608407359135,5.022046263763748,-12.363107104499662,0.12537305611685667,9.92147608306459,0.0,0.0,10.046849139181447,0.004877886531541586,61.03869311508524,13,5.888389367089243,39,0.15789473684210525,0.21052631578947367,1,0.12976769791701373
Magentic_One/054,General Assistant,Reasoning Hallucination,25,26,0,39,0.6842105263157895,12.0,0.01137827359542598,0.020976745456606473,-2.789406817029924,2.49166699798095,-5.022046263763748,-5.021188717135427,5.022046263763748,5.021188717135427,0.0008575466283211597,5.147419319880605,4.899429819300842,0.0,0.0,10.046849139181447,0.004877886531541586,61.03869311508524,13,5.888389367089243,39,0.15789473684210525,0.21052631578947367,1,0.030200517854645902
Magentic_One/054,General Assistant,Reasoning Hallucination,25,27,0,39,0.7105263157894737,11.0,-5.009810443540001,-5.00021197167882,-7.810595534165351,7.512855715116377,-5.021188717135427,7.357367856575049,5.021188717135427,7.357367856575049,12.378556573710476,10.168608037016032,0.0,0.0,1.0,10.046849139181447,0.004877886531541586,61.03869311508524,13,5.888389367089243,39,0.15789473684210525,0.21052631578947367,1,0.14712997549010554
Magentic_One/054,General Assistant,Reasoning Hallucination,25,28,0,39,0.7368421052631579,10.0,2.347557413035048,2.3571558848962284,-0.45322767759030214,0.15548785854132774,7.357367856575049,-1.9702036887509635,7.357367856575049,1.9702036887509635,-9.327571545326013,2.811240180440983,7.357367856575049,0.0,0.0,10.046849139181447,0.004877886531541586,61.03869311508524,13,5.888389367089243,39,0.15789473684210525,0.21052631578947367,1,0.1640117061093715
Magentic_One/054,General Assistant,Reasoning Hallucination,25,29,0,39,0.7631578947368421,9.0,0.37735372428408454,0.38695219614526505,-2.4234313663412657,2.1256915472922913,-1.9702036887509635,-0.7518256860986554,1.9702036887509635,0.7518256860986554,1.2183780026523081,4.781443869191946,5.387164167824086,0.0,0.0,10.046849139181447,0.004877886531541586,61.03869311508524,13,5.888389367089243,39,0.15789473684210525,0.21052631578947367,1,0.09458929248168191
Magentic_One/054,General Assistant,Reasoning Hallucination,25,30,0,39,0.7894736842105263,8.0,-0.3744719618145709,-0.36487348995339036,-3.175257052439921,2.8775172333909467,-0.7518256860986554,-2.0740904359411942,0.7518256860986554,2.0740904359411942,-1.3222647498425388,5.533269555290602,4.63533848172543,0.0,0.0,10.046849139181447,0.004877886531541586,61.03869311508524,13,5.888389367089243,39,0.15789473684210525,0.21052631578947367,1,0.08143526324799001
Magentic_One/054,General Assistant,Reasoning Hallucination,25,31,0,39,0.8157894736842105,7.0,-2.448562397755765,-2.4389639258945848,-5.249347488381115,4.951607669332141,-2.0740904359411942,4.7907344582665985,2.0740904359411942,4.7907344582665985,6.864824894207793,7.607359991231796,2.561248045784236,0.0,0.0,10.046849139181447,0.004877886531541586,61.03869311508524,13,5.888389367089243,39,0.15789473684210525,0.21052631578947367,1,0.12098691178885713
Magentic_One/054,General Assistant,Reasoning Hallucination,25,32,0,39,0.8421052631578947,6.0,2.3421720605108334,2.3517705323720137,-0.4586130301145168,0.16087321106554242,4.7907344582665985,-4.553445577174013,4.7907344582665985,4.553445577174013,-9.344180035440612,2.8166255329651975,7.351982504050834,0.0,0.0,10.046849139181447,0.004877886531541586,61.03869311508524,13,5.888389367089243,39,0.15789473684210525,0.21052631578947367,1,0.07390878668726167
Magentic_One/054,General Assistant,Reasoning Hallucination,25,33,0,39,0.868421052631579,5.0,-2.21127351666318,-2.2016750448019997,-5.01205860728853,4.714318788239556,-4.553445577174013,7.022371497386825,4.553445577174013,7.022371497386825,11.575817074560838,7.370071110139211,2.798536926876821,0.0,0.0,10.046849139181447,0.004877886531541586,61.03869311508524,13,5.888389367089243,39,0.15789473684210525,0.21052631578947367,1,0.08961507167457874
Magentic_One/054,General Assistant,Reasoning Hallucination,25,34,0,39,0.8947368421052632,4.0,4.811097980723645,4.8206964525848255,2.0103128900982945,-2.308052709147269,7.022371497386825,-9.587582036655611,7.022371497386825,9.587582036655611,-16.609953534042436,0.34769961275238614,9.820908424263646,0.0,0.0,10.046849139181447,0.004877886531541586,61.03869311508524,13,5.888389367089243,39,0.15789473684210525,0.21052631578947367,1,0.03175762168511815
Magentic_One/054,General Assistant,Reasoning Hallucination,25,35,0,39,0.9210526315789473,3.0,-4.776484055931967,-4.766885584070786,-7.577269146557317,7.279529327508342,-9.587582036655611,7.120583306397851,9.587582036655611,7.120583306397851,16.708165343053462,9.935281649407997,0.23332638760803448,0.0,0.0,10.046849139181447,0.004877886531541586,61.03869311508524,13,5.888389367089243,39,0.15789473684210525,0.21052631578947367,1,0.031172259726603622
Magentic_One/054,General Assistant,Reasoning Hallucination,25,36,0,39,0.9473684210526315,2.0,2.3440992504658844,2.3536977223270648,-0.4566858401594658,0.1589460211104914,7.120583306397851,-2.3338949680855983,7.120583306397851,2.3338949680855983,-9.45447827448345,2.8146983430101464,7.3539096940058855,0.0,0.0,10.046849139181447,0.004877886531541586,61.03869311508524,13,5.888389367089243,39,0.15789473684210525,0.21052631578947367,1,0.09834415629541278
Magentic_One/054,General Assistant,Reasoning Hallucination,25,37,0,39,0.9736842105263158,1.0,0.010204282380286145,0.019802754241466637,-2.790580808245064,2.4928409891960897,-2.3338949680855983,2.4928409891960897,2.3338949680855983,2.4928409891960897,4.826735957281688,5.148593311095745,5.020014725920287,0.0,0.0,10.046849139181447,0.004877886531541586,61.03869311508524,13,5.888389367089243,39,0.15789473684210525,0.21052631578947367,1,0.0780080554543591
Magentic_One/054,General Assistant,Reasoning Hallucination,25,38,0,39,1.0,0.0,2.503045271576376,2.512643743437556,-0.2977398190489744,0.0,2.4928409891960897,0.0,2.4928409891960897,0.0,-2.4928409891960897,2.655752321899655,7.512855715116377,0.0,0.0,10.046849139181447,0.004877886531541586,61.03869311508524,13,5.888389367089243,39,0.15789473684210525,0.21052631578947367,1,0.10982373303433894
Magentic_One/058,General Assistant,Planning Hallucination,0,0,1,10,0.0,9.0,2.723931010137804,2.7435763320177244,0.0,1.7420571994186282,0.0,-2.7902600648426414,0.0,2.7902600648426414,-2.7902600648426414,0.0,0.0,1.0,1.0,10.34468918486822,0.049128961035712536,35.45886505013412,5,1.581576988705619,10,1.0,0.8947368421052632,3,0.7335086616494737
Magentic_One/058,General Assistant,Planning Hallucination,0,1,0,10,0.1111111111111111,8.0,-0.06632905470483763,-0.046683732824917,-2.7902600648426414,4.53231726426127,-2.7902600648426414,1.5828668111931101,2.7902600648426414,1.5828668111931101,4.373126876035752,2.7902600648426414,0.0,0.0,1.0,10.34468918486822,0.049128961035712536,35.45886505013412,5,1.581576988705619,10,1.0,0.8947368421052632,3,0.70809466071453
Magentic_One/058,General Assistant,Planning Hallucination,0,2,0,10,0.2222222222222222,7.0,1.5165377564882725,1.5361830783681931,-1.2073932536495313,2.9494504530681596,1.5828668111931101,3.4986640606986548,1.5828668111931101,3.4986640606986548,1.9157972495055446,1.2073932536495313,1.5828668111931101,0.0,0.0,10.34468918486822,0.049128961035712536,35.45886505013412,5,1.581576988705619,10,1.0,0.8947368421052632,3,0.6846111941941214
Magentic_One/058,General Assistant,Planning Hallucination,0,3,0,10,0.3333333333333333,6.0,5.015201817186927,5.034847139066848,2.2912708070491234,-0.5492136076304952,3.4986640606986548,-9.228012226695906,3.4986640606986548,9.228012226695906,-12.726676287394561,0.0,5.081530871891765,1.0,0.0,10.34468918486822,0.049128961035712536,35.45886505013412,5,1.581576988705619,10,1.0,0.8947368421052632,3,0.3270659088863878
Magentic_One/058,General Assistant,Planning Hallucination,0,4,0,10,0.4444444444444444,5.0,-4.212810409508979,-4.193165087629058,-6.936741419646783,8.678798619065411,-9.228012226695906,5.625697421075632,9.228012226695906,5.625697421075632,14.853709647771538,9.228012226695906,0.0,0.0,1.0,10.34468918486822,0.049128961035712536,35.45886505013412,5,1.581576988705619,10,1.0,0.8947368421052632,3,0.35694970468983217
Magentic_One/058,General Assistant,Planning Hallucination,0,5,0,10,0.5555555555555556,4.0,1.412887011566653,1.4325323334465736,-1.3110439985711508,3.053101197989779,5.625697421075632,-1.2907328389522092,5.625697421075632,1.2907328389522092,-6.916430260027841,3.6023148056202743,5.625697421075632,0.0,0.0,10.34468918486822,0.049128961035712536,35.45886505013412,5,1.581576988705619,10,1.0,0.8947368421052632,3,0.3999371888723756
Magentic_One/058,General Assistant,Planning Hallucination,0,6,0,10,0.6666666666666666,3.0,0.12215417261444372,0.14179949449436435,-2.60177683752336,4.343834036941988,-1.2907328389522092,-4.8427619747236825,1.2907328389522092,4.8427619747236825,-3.5520291357714733,4.8930476445724835,4.334964582123423,0.0,0.0,10.34468918486822,0.049128961035712536,35.45886505013412,5,1.581576988705619,10,1.0,0.8947368421052632,3,0.35082580738330976
Magentic_One/058,General Assistant,Planning Hallucination,0,7,0,10,0.7777777777777778,2.0,-4.720607802109239,-4.700962480229318,-7.444538812247043,9.18659601166567,-4.8427619747236825,-1.7327981279174445,4.8427619747236825,1.7327981279174445,3.109963846806238,9.735809619296166,0.0,0.0,1.0,10.34468918486822,0.049128961035712536,35.45886505013412,5,1.581576988705619,10,1.0,0.8947368421052632,3,0.22083448119097546
Magentic_One/058,General Assistant,Planning Hallucination,0,8,0,10,0.8888888888888888,1.0,-6.453405930026683,-6.433760608146763,-9.177336940164487,10.919394139583115,-1.7327981279174445,10.919394139583115,1.7327981279174445,10.919394139583115,12.65219226750056,11.46860774721361,0.0,0.0,1.0,10.34468918486822,0.049128961035712536,35.45886505013412,5,1.581576988705619,10,1.0,0.8947368421052632,3,0.5039281762727138
Magentic_One/058,General Assistant,Planning Hallucination,0,9,0,10,1.0,0.0,4.465988209556432,4.485633531436353,1.7420571994186282,0.0,10.919394139583115,0.0,10.919394139583115,0.0,-10.919394139583115,0.5492136076304952,10.919394139583115,0.0,0.0,10.34468918486822,0.049128961035712536,35.45886505013412,5,1.581576988705619,10,1.0,0.8947368421052632,3,0.4290648135064698
Magentic_One/059,General Assistant,Reasoning Hallucination,5,0,0,6,0.0,5.0,5.219005984474631,6.360926121919648,0.0,-3.162800753917711,0.0,-7.146462294995725,0.0,7.146462294995725,-7.146462294995725,0.0,0.0,1.0,1.0,12.366157931360103,0.13894793076586215,22.762489059641137,3,0.4239948514156731,6,0.0,0.7894736842105263,0,0.8394463371515533
Magentic_One/059,General Assistant,Reasoning Hallucination,5,1,0,6,0.2,4.0,-1.9274563105210945,-0.7855361730760777,-7.146462294995725,3.983661541078014,-7.146462294995725,-0.833555946768108,7.146462294995725,0.833555946768108,6.312906348227617,7.146462294995725,0.0,0.0,1.0,12.366157931360103,0.13894793076586215,22.762489059641137,3,0.4239948514156731,6,0.0,0.7894736842105263,0,0.7613284751932312
Magentic_One/059,General Assistant,Reasoning Hallucination,5,2,0,6,0.4,3.0,-2.7610122572892024,-1.6190921198441857,-7.980018241763833,4.817217487846122,-0.833555946768108,0.7555501688644739,0.833555946768108,0.7555501688644739,1.5891061156325819,7.980018241763833,0.0,0.0,1.0,12.366157931360103,0.13894793076586215,22.762489059641137,3,0.4239948514156731,6,0.0,0.7894736842105263,0,0.8050402743760174
Magentic_One/059,General Assistant,Reasoning Hallucination,5,3,0,6,0.6,2.0,-2.0054620884247285,-0.8635419509797118,-7.224468072899359,4.061667318981648,0.7555501688644739,-5.427339295041897,0.7555501688644739,5.427339295041897,-6.1828894639063705,7.224468072899359,0.7555501688644739,0.0,0.0,12.366157931360103,0.13894793076586215,22.762489059641137,3,0.4239948514156731,6,0.0,0.7894736842105263,0,0.47459195156467265
Magentic_One/059,General Assistant,Reasoning Hallucination,5,4,0,6,0.8,1.0,-7.432801383466625,-6.290881246021608,-12.651807367941256,9.489006614023545,-5.427339295041897,9.489006614023545,5.427339295041897,9.489006614023545,14.916345909065441,12.651807367941256,0.0,0.0,1.0,12.366157931360103,0.13894793076586215,22.762489059641137,3,0.4239948514156731,6,0.0,0.7894736842105263,0,0.5244579405147726
Magentic_One/059,General Assistant,Reasoning Hallucination,5,5,1,6,1.0,0.0,2.0562052305569196,3.1981253680019366,-3.162800753917711,0.0,9.489006614023545,0.0,9.489006614023545,0.0,-9.489006614023545,3.162800753917711,9.489006614023545,0.0,0.0,12.366157931360103,0.13894793076586215,22.762489059641137,3,0.4239948514156731,6,0.0,0.7894736842105263,0,0.5472116151602155
Magentic_One/061,General Assistant,Planning Hallucination,0,0,1,43,0.0,42.0,-0.1143370681089948,-0.16753934058438255,0.0,4.804391245644464,0.0,-2.354511514113188,0.0,2.354511514113188,-2.354511514113188,0.0,0.0,1.0,1.0,7.379238866699074,0.1297804051022308,37.019388573027975,14,3.3378658167775557,43,1.0,0.8421052631578947,0,0.044161692593193656
Magentic_One/061,General Assistant,Planning Hallucination,0,1,0,43,0.023809523809523808,41.0,-2.468848582222183,-2.5220508546975706,-2.354511514113188,7.158902759757652,-2.354511514113188,4.706492662475789,2.354511514113188,4.706492662475789,7.061004176588977,2.354511514113188,0.0,0.0,1.0,7.379238866699074,0.1297804051022308,37.019388573027975,14,3.3378658167775557,43,1.0,0.8421052631578947,0,0.07650048276317324
Magentic_One/061,General Assistant,Planning Hallucination,0,2,0,43,0.047619047619047616,40.0,2.237644080253606,2.184441807778218,2.3519811483626007,2.452410097281863,4.706492662475789,0.5631449882840549,4.706492662475789,0.5631449882840549,-4.143347674191734,0.0,4.706492662475789,1.0,0.0,7.379238866699074,0.1297804051022308,37.019388573027975,14,3.3378658167775557,43,1.0,0.8421052631578947,0,0.10973044994697641
Magentic_One/061,General Assistant,Planning Hallucination,0,3,0,43,0.07142857142857142,39.0,2.800789068537661,2.747586796062273,2.9151261366466557,1.889265108997808,0.5631449882840549,-2.4878648846182507,0.5631449882840549,2.4878648846182507,-3.0510098729023056,0.0,5.269637650759844,1.0,0.0,7.379238866699074,0.1297804051022308,37.019388573027975,14,3.3378658167775557,43,1.0,0.8421052631578947,0,0.12578149155835872
Magentic_One/061,General Assistant,Planning Hallucination,0,4,0,43,0.09523809523809523,38.0,0.3129241839194101,0.25972191144402235,0.4272612520284049,4.377129993616059,-2.4878648846182507,2.4423798646168926,2.4878648846182507,2.4423798646168926,4.930244749235143,2.4878648846182507,2.781772766141593,0.0,0.0,7.379238866699074,0.1297804051022308,37.019388573027975,14,3.3378658167775557,43,1.0,0.8421052631578947,0,0.11671043465418597
Magentic_One/061,General Assistant,Planning Hallucination,0,5,0,43,0.11904761904761904,37.0,2.7553040485363027,2.702101776060915,2.8696411166452975,1.9347501289991662,2.4423798646168926,-0.5284426222986909,2.4423798646168926,0.5284426222986909,-2.9708224869155835,0.04548502000135812,5.224152630758486,0.0,0.0,7.379238866699074,0.1297804051022308,37.019388573027975,14,3.3378658167775557,43,1.0,0.8421052631578947,0,0.1427904333900376
Magentic_One/061,General Assistant,Planning Hallucination,0,6,0,43,0.14285714285714285,36.0,2.226861426237612,2.173659153762224,2.3411984943466067,2.463192751297857,-0.5284426222986909,-4.683525952166292,0.5284426222986909,4.683525952166292,-4.155083329867601,0.573927642300049,4.695710008459795,0.0,0.0,7.379238866699074,0.1297804051022308,37.019388573027975,14,3.3378658167775557,43,1.0,0.8421052631578947,0,0.08197888578947772
Magentic_One/061,General Assistant,Planning Hallucination,0,7,0,43,0.16666666666666666,35.0,-2.45666452592868,-2.509866798404068,-2.3423274578196853,7.146718703464149,-4.683525952166292,2.5345451334578435,4.683525952166292,2.5345451334578435,7.2180710856241355,5.257453594466341,0.01218405629350272,0.0,0.0,7.379238866699074,0.1297804051022308,37.019388573027975,14,3.3378658167775557,43,1.0,0.8421052631578947,0,0.05328693462161155
Magentic_One/061,General Assistant,Planning Hallucination,0,8,0,43,0.19047619047619047,34.0,0.07788060752916337,0.02467833505377561,0.19221767563815817,4.612173570006306,2.5345451334578435,3.7567761285912162,2.5345451334578435,3.7567761285912162,1.2222309951333727,2.7229084610084975,2.546729189751346,0.0,0.0,7.379238866699074,0.1297804051022308,37.019388573027975,14,3.3378658167775557,43,1.0,0.8421052631578947,0,0.1264465852724923
Magentic_One/061,General Assistant,Planning Hallucination,0,9,0,43,0.21428571428571427,33.0,3.8346567361203796,3.781454463644992,3.9489938042293744,0.8553974414150893,3.7567761285912162,-6.133459972614517,3.7567761285912162,6.133459972614517,-9.890236101205733,0.0,6.3035053183425624,1.0,0.0,7.379238866699074,0.1297804051022308,37.019388573027975,14,3.3378658167775557,43,1.0,0.8421052631578947,0,0.058505859541826875
Magentic_One/061,General Assistant,Planning Hallucination,0,10,0,43,0.23809523809523808,32.0,-2.2988032364941375,-2.3520055089695253,-2.1844661683851427,6.9888574140296065,-6.133459972614517,4.70677375027276,6.133459972614517,4.70677375027276,10.840233722887277,6.133459972614517,0.1700453457280453,0.0,0.0,7.379238866699074,0.1297804051022308,37.019388573027975,14,3.3378658167775557,43,1.0,0.8421052631578947,0,0.05566297564887275
Magentic_One/061,General Assistant,Planning Hallucination,0,11,0,43,0.2619047619047619,31.0,2.407970513778622,2.3547682413032343,2.522307581887617,2.282083663756847,4.70677375027276,-4.990760286309026,4.70677375027276,4.990760286309026,-9.697534036581786,1.4266862223417576,4.876819096000805,0.0,0.0,7.379238866699074,0.1297804051022308,37.019388573027975,14,3.3378658167775557,43,1.0,0.8421052631578947,0,0.04866663312030647
Magentic_One/061,General Assistant,Planning Hallucination,0,12,0,43,0.2857142857142857,30.0,-2.582789772530404,-2.635992045005792,-2.4684527044214093,7.272843950065873,-4.990760286309026,0.015157749409883792,4.990760286309026,0.015157749409883792,5.00591803571891,6.417446508650784,0.0,0.0,1.0,7.379238866699074,0.1297804051022308,37.019388573027975,14,3.3378658167775557,43,1.0,0.8421052631578947,0,0.03678123049675962
Magentic_One/061,General Assistant,Planning Hallucination,0,13,0,43,0.30952380952380953,29.0,-2.5676320231205203,-2.620834295595908,-2.4532949550115255,7.257686200655989,0.015157749409883792,4.9027932115842745,0.015157749409883792,4.9027932115842745,4.887635462174391,6.4022887592409,0.015157749409883792,0.0,0.0,7.379238866699074,0.1297804051022308,37.019388573027975,14,3.3378658167775557,43,1.0,0.8421052631578947,0,0.11477062054837632
Magentic_One/061,General Assistant,Planning Hallucination,0,14,0,43,0.3333333333333333,28.0,2.335161188463754,2.2819589159883664,2.449498256572749,2.3548929890717147,4.9027932115842745,-4.754359541455354,4.9027932115842745,4.754359541455354,-9.657152753039629,1.4994955476566254,4.917950960994158,0.0,0.0,7.379238866699074,0.1297804051022308,37.019388573027975,14,3.3378658167775557,43,1.0,0.8421052631578947,0,0.051842928656853846
Magentic_One/061,General Assistant,Planning Hallucination,0,15,0,43,0.35714285714285715,27.0,-2.4191983529916,-2.472400625466988,-2.3048612848826053,7.109252530527069,-4.754359541455354,2.5690544391588617,4.754359541455354,2.5690544391588617,7.323413980614216,6.25385508911198,0.16359141953880396,0.0,0.0,7.379238866699074,0.1297804051022308,37.019388573027975,14,3.3378658167775557,43,1.0,0.8421052631578947,0,0.05804565303249884
Magentic_One/061,General Assistant,Planning Hallucination,0,16,0,43,0.38095238095238093,26.0,0.14985608616726154,0.09665381369187379,0.26419315427625634,4.540198091368207,2.5690544391588617,4.7776343690979495,2.5690544391588617,4.7776343690979495,2.208579929939088,3.684800649953118,2.7326458586976656,0.0,0.0,7.379238866699074,0.1297804051022308,37.019388573027975,14,3.3378658167775557,43,1.0,0.8421052631578947,0,0.14916310685787626
Magentic_One/061,General Assistant,Planning Hallucination,0,17,0,43,0.40476190476190477,25.0,4.927490455265211,4.874288182789823,5.041827523374206,-0.23743627772974207,4.7776343690979495,-9.802303355069402,4.7776343690979495,9.802303355069402,-14.579937724167351,0.0,7.510280227795615,1.0,0.0,7.379238866699074,0.1297804051022308,37.019388573027975,14,3.3378658167775557,43,1.0,0.8421052631578947,0,0.0366484884384151
Magentic_One/061,General Assistant,Planning Hallucination,0,18,0,43,0.42857142857142855,24.0,-4.874812899804191,-4.928015172279578,-4.760475831695196,9.56486707733966,-9.802303355069402,4.834594571477439,9.802303355069402,4.834594571477439,14.63689792654684,9.802303355069402,0.0,0.0,1.0,7.379238866699074,0.1297804051022308,37.019388573027975,14,3.3378658167775557,43,1.0,0.8421052631578947,0,0.03186625913242793
Magentic_One/061,General Assistant,Planning Hallucination,0,19,0,43,0.4523809523809524,23.0,-0.04021832832675187,-0.09342060080213963,0.07411873978224293,4.730272505862221,4.834594571477439,0.06338833117538556,4.834594571477439,0.06338833117538556,-4.771206240302053,4.967708783591963,4.834594571477439,0.0,0.0,7.379238866699074,0.1297804051022308,37.019388573027975,14,3.3378658167775557,43,1.0,0.8421052631578947,0,0.11774515947535796
Magentic_One/061,General Assistant,Planning Hallucination,0,20,0,43,0.47619047619047616,22.0,0.023170002848633686,-0.030032269626754073,0.13750707095762849,4.666884174686835,0.06338833117538556,0.29193966979659436,0.06338833117538556,0.29193966979659436,0.2285513386212088,4.904320452416577,4.897982902652824,0.0,0.0,7.379238866699074,0.1297804051022308,37.019388573027975,14,3.3378658167775557,43,1.0,0.8421052631578947,0,0.2095808896514396
Magentic_One/061,General Assistant,Planning Hallucination,0,21,0,43,0.5,21.0,0.31510967264522804,0.26190740016984027,0.42944674075422284,4.374944504890241,0.29193966979659436,-2.8798031300250564,0.29193966979659436,2.8798031300250564,-3.1717427998216507,4.612380782619983,5.189922572449419,0.0,0.0,7.379238866699074,0.1297804051022308,37.019388573027975,14,3.3378658167775557,43,1.0,0.8421052631578947,0,0.1365748386405428
Magentic_One/061,General Assistant,Planning Hallucination,0,22,0,43,0.5238095238095238,20.0,-2.5646934573798283,-2.617895729855216,-2.4503563892708335,7.254747634915297,-2.8798031300250564,2.6055547971037036,2.8798031300250564,2.6055547971037036,5.48535792712876,7.492183912645039,2.3101194424243623,0.0,0.0,7.379238866699074,0.1297804051022308,37.019388573027975,14,3.3378658167775557,43,1.0,0.8421052631578947,0,0.1160937865437485
Magentic_One/061,General Assistant,Planning Hallucination,0,23,0,43,0.5476190476190477,19.0,0.04086133972387529,-0.01234093275151247,0.1551984078328701,4.649192837811594,2.6055547971037036,2.5658302560930153,2.6055547971037036,2.5658302560930153,-0.03972454101068834,4.886629115541336,4.915674239528066,0.0,0.0,7.379238866699074,0.1297804051022308,37.019388573027975,14,3.3378658167775557,43,1.0,0.8421052631578947,0,0.19488397853056058
Magentic_One/061,General Assistant,Planning Hallucination,0,24,0,43,0.5714285714285714,18.0,2.6066915958168906,2.553489323341503,2.7210286639258854,2.0833625817185784,2.5658302560930153,-2.4460797261840383,2.5658302560930153,2.4460797261840383,-5.011909982277054,2.3207988594483204,7.481504495621081,0.0,0.0,7.379238866699074,0.1297804051022308,37.019388573027975,14,3.3378658167775557,43,1.0,0.8421052631578947,0,0.1811280716182152
Magentic_One/061,General Assistant,Planning Hallucination,0,25,0,43,0.5952380952380952,17.0,0.16061186963285223,0.10740959715746448,0.27494893774184703,4.529442307902617,-2.4460797261840383,-0.13400694809652336,2.4460797261840383,0.13400694809652336,2.312072778087515,4.766878585632359,5.035424769437043,0.0,0.0,7.379238866699074,0.1297804051022308,37.019388573027975,14,3.3378658167775557,43,1.0,0.8421052631578947,0,0.17091051863414594
Magentic_One/061,General Assistant,Planning Hallucination,0,26,0,43,0.6190476190476191,16.0,0.026604921536328874,-0.026597350939058885,0.14094198964532367,4.66344925599914,-0.13400694809652336,-0.13621386566128635,0.13400694809652336,0.13621386566128635,-0.002206917564762989,4.900885533728882,4.9014178213405195,0.0,0.0,7.379238866699074,0.1297804051022308,37.019388573027975,14,3.3378658167775557,43,1.0,0.8421052631578947,0,0.2129986180533825
Magentic_One/061,General Assistant,Planning Hallucination,0,27,0,43,0.6428571428571429,15.0,-0.10960894412495747,-0.16281121660034523,0.004728123984037325,4.799663121660426,-0.13621386566128635,-2.4698443746139915,0.13621386566128635,2.4698443746139915,-2.333630508952705,5.0370993993901685,4.765203955679233,0.0,0.0,7.379238866699074,0.1297804051022308,37.019388573027975,14,3.3378658167775557,43,1.0,0.8421052631578947,0,0.1465989847285587
Magentic_One/061,General Assistant,Planning Hallucination,0,28,0,43,0.6666666666666666,14.0,-2.579453318738949,-2.632655591214337,-2.465116250629954,7.269507496274418,-2.4698443746139915,2.334162735834717,2.4698443746139915,2.334162735834717,4.804007110448708,7.50694377400416,2.2953595810652416,0.0,0.0,7.379238866699074,0.1297804051022308,37.019388573027975,14,3.3378658167775557,43,1.0,0.8421052631578947,0,0.12713394082183935
Magentic_One/061,General Assistant,Planning Hallucination,0,29,0,43,0.6904761904761905,13.0,-0.24529058290423222,-0.29849285537962,-0.13095351479523742,4.935344760439701,2.334162735834717,-2.308151934781101,2.334162735834717,2.308151934781101,-4.642314670615818,5.172781038169443,4.629522316899958,0.0,0.0,7.379238866699074,0.1297804051022308,37.019388573027975,14,3.3378658167775557,43,1.0,0.8421052631578947,0,0.11603605165870341
Magentic_One/061,General Assistant,Planning Hallucination,0,30,0,43,0.7142857142857143,12.0,-2.5534425176853333,-2.606644790160721,-2.4391054495763385,7.243496695220802,-2.308151934781101,2.7030982720726655,2.308151934781101,2.7030982720726655,5.0112502068537665,7.480932972950544,2.3213703821188574,0.0,0.0,7.379238866699074,0.1297804051022308,37.019388573027975,14,3.3378658167775557,43,1.0,0.8421052631578947,0,0.1369900397110993
Magentic_One/061,General Assistant,Planning Hallucination,0,31,0,43,0.7380952380952381,11.0,0.14965575438733225,0.0964534819119445,0.26399282249632705,4.540398423148137,2.7030982720726655,4.909780208120587,2.7030982720726655,4.909780208120587,2.2066819360479215,4.777834700877879,5.024468654191523,0.0,0.0,7.379238866699074,0.1297804051022308,37.019388573027975,14,3.3378658167775557,43,1.0,0.8421052631578947,0,0.25176580050635883
Magentic_One/061,General Assistant,Planning Hallucination,0,32,0,43,0.7619047619047619,10.0,5.059435962507919,5.0062336900325315,5.173773030616914,-0.36938178497245033,4.909780208120587,-7.373258085743323,4.909780208120587,7.373258085743323,-12.28303829386391,0.0,9.93424886231211,1.0,0.0,7.379238866699074,0.1297804051022308,37.019388573027975,14,3.3378658167775557,43,1.0,0.8421052631578947,0,0.10874981559124168
Magentic_One/061,General Assistant,Planning Hallucination,0,33,0,43,0.7857142857142857,9.0,-2.313822123235404,-2.367024395710792,-2.1994850551264093,7.003876300770873,-7.373258085743323,2.01776444642557,7.373258085743323,2.01776444642557,9.391022532168893,7.373258085743323,2.5609907765687865,0.0,0.0,7.379238866699074,0.1297804051022308,37.019388573027975,14,3.3378658167775557,43,1.0,0.8421052631578947,0,0.0795618595955016
Magentic_One/061,General Assistant,Planning Hallucination,0,34,0,43,0.8095238095238095,8.0,-0.2960576768098342,-0.34925994928522197,-0.1817206087008394,4.986111854345303,2.01776444642557,-3.9704141174200807,2.01776444642557,3.9704141174200807,-5.988178563845651,5.3554936393177535,4.5787552229943564,0.0,0.0,7.379238866699074,0.1297804051022308,37.019388573027975,14,3.3378658167775557,43,1.0,0.8421052631578947,0,0.0953631368815917
Magentic_One/061,General Assistant,Planning Hallucination,0,35,0,43,0.8333333333333334,7.0,-4.266471794229915,-4.319674066705303,-4.15213472612092,8.956525971765384,-3.9704141174200807,4.281207856608546,3.9704141174200807,4.281207856608546,8.251621974028627,9.325907756737834,0.6083411055742758,0.0,0.0,7.379238866699074,0.1297804051022308,37.019388573027975,14,3.3378658167775557,43,1.0,0.8421052631578947,0,0.09682393746532794
Magentic_One/061,General Assistant,Planning Hallucination,0,36,0,43,0.8571428571428571,6.0,0.014736062378631232,-0.03846621009675653,0.12907313048762603,4.675318115156838,4.281207856608546,4.587511329292944,4.281207856608546,4.587511329292944,0.30630347268439806,5.044699900129288,4.889548962182822,0.0,0.0,7.379238866699074,0.1297804051022308,37.019388573027975,14,3.3378658167775557,43,1.0,0.8421052631578947,0,0.21434586542720743
Magentic_One/061,General Assistant,Planning Hallucination,0,37,0,43,0.8809523809523809,5.0,4.602247391671575,4.549045119196188,4.71658445978057,0.08780678586389357,4.587511329292944,-6.793290518402522,4.587511329292944,6.793290518402522,-11.380801847695466,0.4571885708363439,9.477060291475766,0.0,0.0,7.379238866699074,0.1297804051022308,37.019388573027975,14,3.3378658167775557,43,1.0,0.8421052631578947,0,0.12195949294328177
Magentic_One/061,General Assistant,Planning Hallucination,0,38,0,43,0.9047619047619048,4.0,-2.1910431267309463,-2.244245399206334,-2.0767060586219515,6.881097304266415,-6.793290518402522,4.662439790953378,6.793290518402522,4.662439790953378,11.4557303093559,7.2504790892388655,2.6837697730732444,0.0,0.0,7.379238866699074,0.1297804051022308,37.019388573027975,14,3.3378658167775557,43,1.0,0.8421052631578947,0,0.11477230634549954
Magentic_One/061,General Assistant,Planning Hallucination,0,39,0,43,0.9285714285714286,3.0,2.471396664222432,2.4181943917470443,2.585733732331427,2.218657513313037,4.662439790953378,-2.570054675421236,4.662439790953378,2.570054675421236,-7.2324944663746145,2.588039298285487,7.346209564026623,0.0,0.0,7.379238866699074,0.1297804051022308,37.019388573027975,14,3.3378658167775557,43,1.0,0.8421052631578947,0,0.16125349949889986
Magentic_One/061,General Assistant,Planning Hallucination,0,40,0,43,0.9523809523809523,2.0,-0.09865801119880402,-0.15186028367419177,0.01567905691019078,4.788712188734273,-2.570054675421236,-4.798911739510007,2.570054675421236,4.798911739510007,-2.2288570640887713,5.158093973706723,4.776154888605387,0.0,0.0,7.379238866699074,0.1297804051022308,37.019388573027975,14,3.3378658167775557,43,1.0,0.8421052631578947,0,0.08846940466625264
Magentic_One/061,General Assistant,Planning Hallucination,0,41,0,43,0.9761904761904762,1.0,-4.897569750708811,-4.950772023184199,-4.783232682599817,9.58762392824428,-4.798911739510007,9.58762392824428,4.798911739510007,9.58762392824428,14.386535667754288,9.95700571321673,0.0,0.0,1.0,7.379238866699074,0.1297804051022308,37.019388573027975,14,3.3378658167775557,43,1.0,0.8421052631578947,0,0.11324085589478337
Magentic_One/061,General Assistant,Planning Hallucination,0,42,0,43,1.0,0.0,4.690054177535469,4.636851905060081,4.804391245644464,0.0,9.58762392824428,0.0,9.58762392824428,0.0,-9.58762392824428,0.36938178497245033,9.58762392824428,0.0,0.0,7.379238866699074,0.1297804051022308,37.019388573027975,14,3.3378658167775557,43,1.0,0.8421052631578947,0,0.21756747965102805
Magentic_One/069,World Knowledge,Retrieval Hallucination,6,0,0,12,0.0,11.0,0.16034967769346764,0.1639022420236905,0.0,0.2377816642389483,0.0,2.166295875005698,0.0,2.166295875005698,2.166295875005698,0.0,0.0,1.0,1.0,10.026256417340509,0.00618695243003728,38.432761028601526,7,2.2033827925129192,12,0.8947368421052632,0.7368421052631579,2,0.8035132089454093
Magentic_One/069,World Knowledge,Retrieval Hallucination,6,1,0,12,0.09090909090909091,10.0,2.3266455526991656,2.3301981170293886,2.166295875005698,-1.9285142107667497,2.166295875005698,-7.00080187184167,2.166295875005698,7.00080187184167,-9.167097746847368,0.0,2.166295875005698,1.0,0.0,10.026256417340509,0.00618695243003728,38.432761028601526,7,2.2033827925129192,12,0.8947368421052632,0.7368421052631579,2,0.299418525875506
Magentic_One/069,World Knowledge,Retrieval Hallucination,6,2,0,12,0.18181818181818182,9.0,-4.674156319142504,-4.670603754812282,-4.834505996835972,5.07228766107492,-7.00080187184167,2.2021249702419965,7.00080187184167,2.2021249702419965,9.202926842083667,7.00080187184167,0.0,0.0,1.0,10.026256417340509,0.00618695243003728,38.432761028601526,7,2.2033827925129192,12,0.8947368421052632,0.7368421052631579,2,0.3372054042145084
Magentic_One/069,World Knowledge,Retrieval Hallucination,6,3,0,12,0.2727272727272727,8.0,-2.472031348900508,-2.468478784570285,-2.6323810265939755,2.870162690832924,2.2021249702419965,2.123495114046321,2.2021249702419965,2.123495114046321,-0.07862985619567553,4.7986769015996735,2.2021249702419965,0.0,0.0,10.026256417340509,0.00618695243003728,38.432761028601526,7,2.2033827925129192,12,0.8947368421052632,0.7368421052631579,2,0.4746798807995149
Magentic_One/069,World Knowledge,Retrieval Hallucination,6,4,0,12,0.36363636363636365,7.0,-0.34853623485418694,-0.3449836705239641,-0.5088859125476546,0.7466675767866029,2.123495114046321,0.7016306578339737,2.123495114046321,0.7016306578339737,-1.4218644562123472,2.6751817875533526,4.3256200842883175,0.0,0.0,10.026256417340509,0.00618695243003728,38.432761028601526,7,2.2033827925129192,12,0.8947368421052632,0.7368421052631579,2,0.511560155149948
Magentic_One/069,World Knowledge,Retrieval Hallucination,6,5,0,12,0.45454545454545453,6.0,0.35309442297978677,0.3566469873100096,0.19274474528631913,0.04503691895262918,0.7016306578339737,-2.752065877419831,0.7016306578339737,2.752065877419831,-3.4536965352538047,1.9735511297193788,5.027250742122291,0.0,0.0,10.026256417340509,0.00618695243003728,38.432761028601526,7,2.2033827925129192,12,0.8947368421052632,0.7368421052631579,2,0.42346141684791877
Magentic_One/069,World Knowledge,Retrieval Hallucination,6,6,1,12,0.5454545454545454,5.0,-2.3989714544400442,-2.3954188901098212,-2.559321132133512,2.79710279637246,-2.752065877419831,4.814260714616545,2.752065877419831,4.814260714616545,7.566326592036376,4.72561700713921,2.27518486470246,0.0,0.0,10.026256417340509,0.00618695243003728,38.432761028601526,7,2.2033827925129192,12,0.8947368421052632,0.7368421052631579,2,0.2698197549019828
Magentic_One/069,World Knowledge,Retrieval Hallucination,6,7,0,12,0.6363636363636364,4.0,2.4152892601765004,2.4188418245067234,2.2549395824830327,-2.0171579182440844,4.814260714616545,-7.2181524315846985,4.814260714616545,7.2181524315846985,-12.032413146201243,0.0,7.089445579319005,1.0,0.0,10.026256417340509,0.00618695243003728,38.432761028601526,7,2.2033827925129192,12,0.8947368421052632,0.7368421052631579,2,0.3285526043009173
Magentic_One/069,World Knowledge,Retrieval Hallucination,6,8,0,12,0.7272727272727273,3.0,-4.802863171408198,-4.799310607077976,-4.963212849101666,5.200994513340614,-7.2181524315846985,7.1466286384277,7.2181524315846985,7.1466286384277,14.364781070012398,7.2181524315846985,0.0,0.0,1.0,10.026256417340509,0.00618695243003728,38.432761028601526,7,2.2033827925129192,12,0.8947368421052632,0.7368421052631579,2,0.17956864973597528
Magentic_One/069,World Knowledge,Retrieval Hallucination,6,9,0,12,0.8181818181818182,2.0,2.3437654670195016,2.3473180313497246,2.183415789326034,-1.9456341250870857,7.1466286384277,4.312886567262428,7.1466286384277,4.312886567262428,-2.833742071165272,0.07152379315699875,7.1466286384277,0.0,0.0,10.026256417340509,0.00618695243003728,38.432761028601526,7,2.2033827925129192,12,0.8947368421052632,0.7368421052631579,2,0.3935679418391008
Magentic_One/069,World Knowledge,Retrieval Hallucination,6,10,0,12,0.9090909090909091,1.0,6.6566520342819295,6.660204598612152,6.496302356588462,-6.258520692349514,4.312886567262428,-6.258520692349514,4.312886567262428,6.258520692349514,-10.571407259611941,0.0,11.459515205690128,1.0,0.0,10.026256417340509,0.00618695243003728,38.432761028601526,7,2.2033827925129192,12,0.8947368421052632,0.7368421052631579,2,0.2852696062428461
Magentic_One/069,World Knowledge,Retrieval Hallucination,6,11,0,12,1.0,0.0,0.39813134193241595,0.4016839062626388,0.2377816642389483,0.0,-6.258520692349514,0.0,6.258520692349514,0.0,6.258520692349514,6.258520692349514,5.200994513340614,0.0,0.0,10.026256417340509,0.00618695243003728,38.432761028601526,7,2.2033827925129192,12,0.8947368421052632,0.7368421052631579,2,0.05948064914441734
Magentic_One/071,World Knowledge,Retrieval Hallucination,2,0,0,4,0.0,3.0,4.281702919725831,4.814959949883931,0.0,-0.003441789259781558,0.0,-6.408952622132606,0.0,6.408952622132606,-6.408952622132606,0.0,0.0,1.0,1.0,12.171445198728414,0.00014140785665220173,24.339448608197042,1,0.16940382902432014,4,0.0,0.6842105263157895,4,0.8332346264332892
Magentic_One/071,World Knowledge,Retrieval Hallucination,2,1,0,4,0.3333333333333333,2.0,-2.1272497024067754,-1.5939926722486755,-6.408952622132606,6.4055108328728245,-6.408952622132606,-6.438492766010729,6.408952622132606,6.438492766010729,-0.02954014387812265,6.408952622132606,0.0,0.0,1.0,12.171445198728414,0.00014140785665220173,24.339448608197042,1,0.16940382902432014,4,0.0,0.6842105263157895,4,0.3717148473169687
Magentic_One/071,World Knowledge,Retrieval Hallucination,2,2,1,4,0.6666666666666666,1.0,-8.565742468417504,-8.032485438259403,-12.847445388143335,12.844003598883553,-6.438492766010729,12.844003598883553,6.438492766010729,12.844003598883553,19.282496364894282,12.847445388143335,0.0,0.0,1.0,12.171445198728414,0.00014140785665220173,24.339448608197042,1,0.16940382902432014,4,0.0,0.6842105263157895,4,0.6621585063853496
Magentic_One/071,World Knowledge,Retrieval Hallucination,2,3,0,4,1.0,0.0,4.278261130466049,4.811518160624149,-0.003441789259781558,0.0,12.844003598883553,0.0,12.844003598883553,0.0,-12.844003598883553,0.003441789259781558,12.844003598883553,0.0,0.0,12.171445198728414,0.00014140785665220173,24.339448608197042,1,0.16940382902432014,4,0.0,0.6842105263157895,4,0.8263120045733489
Magentic_One/073,Science,Planning Hallucination,0,0,1,6,0.0,5.0,2.909393191479463,3.653463586849688,0.0,-0.9493843348797562,0.0,-2.7658889532546027,0.0,2.7658889532546027,-2.7658889532546027,0.0,0.0,1.0,1.0,11.465299356858015,0.03203095715137089,29.639586803266155,3,0.6743325367344846,6,0.0,0.7894736842105263,4,0.8823566943862632
Magentic_One/073,Science,Planning Hallucination,0,1,0,6,0.2,4.0,0.14350423822486036,0.8875746335950853,-2.7658889532546027,1.8165046183748466,-2.7658889532546027,-2.681465158788072,2.7658889532546027,2.681465158788072,0.08442379446653092,2.7658889532546027,0.0,0.0,1.0,11.465299356858015,0.03203095715137089,29.639586803266155,3,0.6743325367344846,6,0.0,0.7894736842105263,4,0.7225787538526565
Magentic_One/073,Science,Planning Hallucination,0,2,0,6,0.4,3.0,-2.5379609205632114,-1.7938905251929866,-5.4473541120426745,4.497969777162918,-2.681465158788072,4.752878441673417,2.681465158788072,4.752878441673417,7.434343600461489,5.4473541120426745,0.0,0.0,1.0,11.465299356858015,0.03203095715137089,29.639586803266155,3,0.6743325367344846,6,0.0,0.7894736842105263,4,0.7692923539368496
Magentic_One/073,Science,Planning Hallucination,0,3,0,6,0.6,2.0,2.2149175211102055,2.9589879164804302,-0.6944756703692576,-0.25490866451049854,4.752878441673417,-11.36920278018258,4.752878441673417,11.36920278018258,-16.122081221855996,0.6944756703692576,4.752878441673417,0.0,0.0,11.465299356858015,0.03203095715137089,29.639586803266155,3,0.6743325367344846,6,0.0,0.7894736842105263,4,0.5577378974705924
Magentic_One/073,Science,Planning Hallucination,0,4,0,6,0.8,1.0,-9.154285259072374,-8.41021486370215,-12.063678450551837,11.114294115672081,-11.36920278018258,11.114294115672081,11.36920278018258,11.114294115672081,22.48349689585466,12.063678450551837,0.0,0.0,1.0,11.465299356858015,0.03203095715137089,29.639586803266155,3,0.6743325367344846,6,0.0,0.7894736842105263,4,0.34793658890058604
Magentic_One/073,Science,Planning Hallucination,0,5,0,6,1.0,0.0,1.960008856599707,2.7040792519699317,-0.9493843348797562,0.0,11.114294115672081,0.0,11.114294115672081,0.0,-11.114294115672081,0.9493843348797562,11.114294115672081,0.0,0.0,11.465299356858015,0.03203095715137089,29.639586803266155,3,0.6743325367344846,6,0.0,0.7894736842105263,4,0.7800912689420672
Magentic_One/074,Science,Planning Hallucination,2,0,0,14,0.0,13.0,2.6670242208313972,2.480602856707678,0.0,1.592909253016586,0.0,-5.045194914363417,0.0,5.045194914363417,-5.045194914363417,0.0,0.0,1.0,1.0,9.41788441086672,0.03428884940332963,46.45560526921342,9,4.07285878764705,14,0.8421052631578947,0.7894736842105263,3,0.6394227895297868
Magentic_One/074,Science,Planning Hallucination,2,1,0,14,0.07692307692307693,12.0,-2.37817069353202,-2.5645920576557395,-5.045194914363417,6.638104167380003,-5.045194914363417,2.2085758479185387,5.045194914363417,2.2085758479185387,7.253770762281956,5.045194914363417,0.0,0.0,1.0,9.41788441086672,0.03428884940332963,46.45560526921342,9,4.07285878764705,14,0.8421052631578947,0.7894736842105263,3,0.6033765613042326
Magentic_One/074,Science,Planning Hallucination,2,2,1,14,0.15384615384615385,11.0,-0.16959484561348148,-0.3560162097372009,-2.8366190664448787,4.429528319461465,2.2085758479185387,0.7040003592509159,2.2085758479185387,0.7040003592509159,-1.5045754886676228,2.8366190664448787,2.2085758479185387,0.0,0.0,9.41788441086672,0.03428884940332963,46.45560526921342,9,4.07285878764705,14,0.8421052631578947,0.7894736842105263,3,0.5880886336101215
Magentic_One/074,Science,Planning Hallucination,2,3,0,14,0.23076923076923078,10.0,0.5344055136374344,0.347984149513715,-2.132618707193963,3.725527960210549,0.7040003592509159,-0.6650211320285244,0.7040003592509159,0.6650211320285244,-1.3690214912794403,2.132618707193963,2.9125762071694545,0.0,0.0,9.41788441086672,0.03428884940332963,46.45560526921342,9,4.07285878764705,14,0.8421052631578947,0.7894736842105263,3,0.6352622140101066
Magentic_One/074,Science,Planning Hallucination,2,4,0,14,0.3076923076923077,9.0,-0.13061561839109004,-0.31703698251480944,-2.7976398392224873,4.390549092239073,-0.6650211320285244,-2.1307968480682433,0.6650211320285244,2.1307968480682433,-1.465775716039719,2.7976398392224873,2.24755507514093,0.0,0.0,9.41788441086672,0.03428884940332963,46.45560526921342,9,4.07285878764705,14,0.8421052631578947,0.7894736842105263,3,0.5343029290660626
Magentic_One/074,Science,Planning Hallucination,2,5,0,14,0.38461538461538464,8.0,-2.2614124664593334,-2.4478338305830527,-4.928436687290731,6.521345940307317,-2.1307968480682433,-0.35457390442760683,2.1307968480682433,0.35457390442760683,1.7762229436406365,4.928436687290731,0.1167582270726868,0.0,0.0,9.41788441086672,0.03428884940332963,46.45560526921342,9,4.07285878764705,14,0.8421052631578947,0.7894736842105263,3,0.3948148066815084
Magentic_One/074,Science,Planning Hallucination,2,6,0,14,0.46153846153846156,7.0,-2.61598637088694,-2.8024077350106595,-5.283010591718337,6.8759198447349235,-0.35457390442760683,4.785762997421504,0.35457390442760683,4.785762997421504,5.1403369018491105,5.283010591718337,0.0,0.0,1.0,9.41788441086672,0.03428884940332963,46.45560526921342,9,4.07285878764705,14,0.8421052631578947,0.7894736842105263,3,0.6799247171795705
Magentic_One/074,Science,Planning Hallucination,2,7,0,14,0.5384615384615384,6.0,2.1697766265345635,1.9833552624108441,-0.49724759429683374,2.0901568473134198,4.785762997421504,-6.7884049657066114,4.785762997421504,6.7884049657066114,-11.574167963128115,0.49724759429683374,4.785762997421504,0.0,0.0,9.41788441086672,0.03428884940332963,46.45560526921342,9,4.07285878764705,14,0.8421052631578947,0.7894736842105263,3,0.3225330880253168
Magentic_One/074,Science,Planning Hallucination,2,8,0,14,0.6153846153846154,5.0,-4.618628339172048,-4.805049703295768,-7.285652560003445,8.878561813020031,-6.7884049657066114,9.191767799587488,6.7884049657066114,9.191767799587488,15.9801727652941,7.285652560003445,0.0,0.0,1.0,9.41788441086672,0.03428884940332963,46.45560526921342,9,4.07285878764705,14,0.8421052631578947,0.7894736842105263,3,0.5349923876441074
Magentic_One/074,Science,Planning Hallucination,2,9,0,14,0.6923076923076923,4.0,4.57313946041544,4.3867180962917205,1.906115239584043,-0.313205986567457,9.191767799587488,-11.42451848159439,9.191767799587488,11.42451848159439,-20.61628628118188,0.0,9.191767799587488,1.0,0.0,9.41788441086672,0.03428884940332963,46.45560526921342,9,4.07285878764705,14,0.8421052631578947,0.7894736842105263,3,0.17204689138918694
Magentic_One/074,Science,Planning Hallucination,2,10,0,14,0.7692307692307693,3.0,-6.85137902117895,-7.03780038530267,-9.518403242010347,11.111312495026933,-11.42451848159439,13.76460029280523,11.42451848159439,13.76460029280523,25.18911877439962,11.42451848159439,0.0,0.0,1.0,9.41788441086672,0.03428884940332963,46.45560526921342,9,4.07285878764705,14,0.8421052631578947,0.7894736842105263,3,0.34230880770518984
Magentic_One/074,Science,Planning Hallucination,2,11,0,14,0.8461538461538461,2.0,6.913221271626281,6.726799907502561,4.246197050794883,-2.6532877977782974,13.76460029280523,-6.395035385553445,13.76460029280523,6.395035385553445,-20.159635678358676,0.0,13.76460029280523,1.0,0.0,9.41788441086672,0.03428884940332963,46.45560526921342,9,4.07285878764705,14,0.8421052631578947,0.7894736842105263,3,0.24101489994901457
Magentic_One/074,Science,Planning Hallucination,2,12,0,14,0.9230769230769231,1.0,0.5181858860728354,0.33176452194911604,-2.148838334758562,3.741747587775148,-6.395035385553445,3.741747587775148,6.395035385553445,3.741747587775148,10.136782973328593,6.395035385553445,7.369564907251785,0.0,0.0,9.41788441086672,0.03428884940332963,46.45560526921342,9,4.07285878764705,14,0.8421052631578947,0.7894736842105263,3,0.4372093387677426
Magentic_One/074,Science,Planning Hallucination,2,13,0,14,1.0,0.0,4.259933473847983,4.0735121097242635,1.592909253016586,0.0,3.741747587775148,0.0,3.741747587775148,0.0,-3.741747587775148,2.6532877977782974,11.111312495026933,0.0,0.0,9.41788441086672,0.03428884940332963,46.45560526921342,9,4.07285878764705,14,0.8421052631578947,0.7894736842105263,3,0.6095585023940269
Magentic_One/075,Science,Reasoning Hallucination,2,0,0,6,0.0,5.0,2.5680412584728742,2.9723623615501396,0.0,-4.865497037672252,0.0,-4.914775345396851,0.0,4.914775345396851,-4.914775345396851,0.0,0.0,1.0,1.0,4.865497037672252,0.2899293179273717,16.7816662090416,4,0.3979451814580353,6,0.0,1.0,1,0.7826800257221493
Magentic_One/075,Science,Reasoning Hallucination,2,1,0,6,0.2,4.0,-2.346734086923977,-1.9424129838467117,-4.914775345396851,0.04927830772459885,-4.914775345396851,2.060233092875631,4.914775345396851,2.060233092875631,6.975008438272482,4.914775345396851,0.0,0.0,1.0,4.865497037672252,0.2899293179273717,16.7816662090416,4,0.3979451814580353,6,0.0,1.0,1,0.6835779594512174
Magentic_One/075,Science,Reasoning Hallucination,2,2,1,6,0.4,3.0,-0.28650099404834606,0.11782010902891926,-2.8545422525212203,-2.010954785151032,2.060233092875631,-2.0920113116335237,2.060233092875631,2.0920113116335237,-4.152244404509155,2.8545422525212203,2.060233092875631,0.0,0.0,4.865497037672252,0.2899293179273717,16.7816662090416,4,0.3979451814580353,6,0.0,1.0,1,0.6149817126133318
Magentic_One/075,Science,Reasoning Hallucination,2,3,0,6,0.6,2.0,-2.3785123056818698,-1.9741912026046045,-4.946553564154744,0.08105652648249162,-2.0920113116335237,4.693747594598975,2.0920113116335237,4.693747594598975,6.785758906232498,4.946553564154744,0.0,0.0,1.0,4.865497037672252,0.2899293179273717,16.7816662090416,4,0.3979451814580353,6,0.0,1.0,1,0.6820518185767123
Magentic_One/075,Science,Reasoning Hallucination,2,4,0,6,0.8,1.0,2.315235288917105,2.71955639199437,-0.2528059695557694,-4.612691068116483,4.693747594598975,-4.612691068116483,4.693747594598975,4.612691068116483,-9.306438662715458,0.2528059695557694,4.693747594598975,0.0,0.0,4.865497037672252,0.2899293179273717,16.7816662090416,4,0.3979451814580353,6,0.0,1.0,1,0.3818056815498441
Magentic_One/075,Science,Reasoning Hallucination,2,5,0,6,1.0,0.0,-2.297455779199378,-1.8931346761221128,-4.865497037672252,0.0,-4.612691068116483,0.0,4.612691068116483,0.0,4.612691068116483,4.865497037672252,0.08105652648249162,0.0,0.0,4.865497037672252,0.2899293179273717,16.7816662090416,4,0.3979451814580353,6,0.0,1.0,1,0.23297015018849143
Magentic_One/076,Science,Reasoning Hallucination,2,0,0,6,0.0,5.0,1.9426600376559549,2.787720312167441,0.0,-0.050101345060138414,0.0,-8.404520802222791,0.0,8.404520802222791,-8.404520802222791,0.0,0.0,1.0,1.0,8.06522892269893,0.0022087507914748906,22.683113574204224,3,0.6062666396148368,6,0.0,0.21052631578947367,3,0.620727548812593
Magentic_One/076,Science,Reasoning Hallucination,2,1,0,6,0.2,4.0,-6.461860764566836,-5.61680049005535,-8.404520802222791,8.354419457162653,-8.404520802222791,6.446545710953352,8.404520802222791,6.446545710953352,14.851066513176143,8.404520802222791,0.0,0.0,1.0,8.06522892269893,0.0022087507914748906,22.683113574204224,3,0.6062666396148368,6,0.0,0.21052631578947367,3,0.593577939941007
Magentic_One/076,Science,Reasoning Hallucination,2,2,1,6,0.4,3.0,-0.015315053613484508,0.8297452208980017,-1.9579750912694394,1.907873746209301,6.446545710953352,-4.1817461467821175,6.446545710953352,4.1817461467821175,-10.62829185773547,1.9579750912694394,6.446545710953352,0.0,0.0,8.06522892269893,0.0022087507914748906,22.683113574204224,3,0.6062666396148368,6,0.0,0.21052631578947367,3,0.49648406219804786
Magentic_One/076,Science,Reasoning Hallucination,2,3,0,6,0.6,2.0,-4.197061200395602,-3.352000925884116,-6.139721238051557,6.0896198929914185,-4.1817461467821175,5.965717841650836,4.1817461467821175,5.965717841650836,10.147463988432953,6.139721238051557,2.264799564171234,0.0,0.0,8.06522892269893,0.0022087507914748906,22.683113574204224,3,0.6062666396148368,6,0.0,0.21052631578947367,3,0.5749871969748949
Magentic_One/076,Science,Reasoning Hallucination,2,4,0,6,0.8,1.0,1.7686566412552338,2.61371691576672,-0.17400339640072104,0.12390205134058263,5.965717841650836,0.12390205134058263,5.965717841650836,0.12390205134058263,-5.841815790310253,0.17400339640072104,8.23051740582207,0.0,0.0,8.06522892269893,0.0022087507914748906,22.683113574204224,3,0.6062666396148368,6,0.0,0.21052631578947367,3,0.6636483442722616
Magentic_One/076,Science,Reasoning Hallucination,2,5,0,6,1.0,0.0,1.8925586925958164,2.7376189671073026,-0.050101345060138414,0.0,0.12390205134058263,0.0,0.12390205134058263,0.0,-0.12390205134058263,0.050101345060138414,8.354419457162653,0.0,0.0,8.06522892269893,0.0022087507914748906,22.683113574204224,3,0.6062666396148368,6,0.0,0.21052631578947367,3,0.8012260834634154
Magentic_One/078,Science,Planning Hallucination,0,0,1,6,0.0,5.0,0.4877589717932018,2.0294267694615815,0.0,1.880771682754581,0.0,-0.4722587926074766,0.0,0.4722587926074766,-0.4722587926074766,0.0,0.0,1.0,1.0,9.094738417872575,0.1153231764944686,16.30870515299057,1,0.27774999322218713,6,1.0,0.7894736842105263,3,0.8135111827379817
Magentic_One/078,Science,Planning Hallucination,0,1,0,6,0.2,4.0,0.015500179185725216,1.557167976854105,-0.4722587926074766,2.3530304753620577,-0.4722587926074766,-0.22194343735261413,0.4722587926074766,0.22194343735261413,0.2503153552548625,0.4722587926074766,0.0,0.0,1.0,9.094738417872575,0.1153231764944686,16.30870515299057,1,0.27774999322218713,6,1.0,0.7894736842105263,3,0.7672894494569743
Magentic_One/078,Science,Planning Hallucination,0,2,0,6,0.4,3.0,-0.2064432581668889,1.3352245395014908,-0.6942022299600907,2.574973912714672,-0.22194343735261413,-4.89228688874433,0.22194343735261413,4.89228688874433,-4.670343451391716,0.6942022299600907,0.0,0.0,1.0,9.094738417872575,0.1153231764944686,16.30870515299057,1,0.27774999322218713,6,1.0,0.7894736842105263,3,0.5814557028923328
Magentic_One/078,Science,Planning Hallucination,0,3,0,6,0.6,2.0,-5.098730146911219,-3.5570623492428393,-5.586489118704421,7.467260801459002,-4.89228688874433,-1.7178930395476613,4.89228688874433,1.7178930395476613,3.174393849196669,5.586489118704421,0.0,0.0,1.0,9.094738417872575,0.1153231764944686,16.30870515299057,1,0.27774999322218713,6,1.0,0.7894736842105263,3,0.4051966878711664
Magentic_One/078,Science,Planning Hallucination,0,4,0,6,0.8,1.0,-6.81662318645888,-5.2749553887905005,-7.304382158252082,9.185153841006663,-1.7178930395476613,9.185153841006663,1.7178930395476613,9.185153841006663,10.903046880554324,7.304382158252082,0.0,0.0,1.0,9.094738417872575,0.1153231764944686,16.30870515299057,1,0.27774999322218713,6,1.0,0.7894736842105263,3,0.653271348979469
Magentic_One/078,Science,Planning Hallucination,0,5,0,6,1.0,0.0,2.368530654547783,3.9101984522161626,1.880771682754581,0.0,9.185153841006663,0.0,9.185153841006663,0.0,-9.185153841006663,0.0,9.185153841006663,1.0,0.0,9.094738417872575,0.1153231764944686,16.30870515299057,1,0.27774999322218713,6,1.0,0.7894736842105263,3,0.45303733719595496
Magentic_One/079,Science,Planning Hallucination,0,0,1,6,0.0,5.0,2.7380951351857945,2.7465134560075093,0.0,-4.453371350199205,0.0,1.307624180014134,0.0,1.307624180014134,1.307624180014134,0.0,0.0,1.0,1.0,9.026391147951221,0.3274679593093889,13.599410945703237,2,0.21100202071944954,6,0.21052631578947367,0.7894736842105263,2,0.9045187467308212
Magentic_One/079,Science,Planning Hallucination,0,1,0,6,0.2,4.0,4.0457193151999284,4.054137636021643,1.307624180014134,-5.760995530213339,1.307624180014134,-1.5915045607078326,1.307624180014134,1.5915045607078326,-2.8991287407219666,0.0,1.307624180014134,1.0,0.0,9.026391147951221,0.3274679593093889,13.599410945703237,2,0.21100202071944954,6,0.21052631578947367,0.7894736842105263,2,0.6380735548210352
Magentic_One/079,Science,Planning Hallucination,0,2,0,6,0.4,3.0,2.454214754492096,2.4626330753138106,-0.2838803806936987,-4.169490969505507,-1.5915045607078326,-4.81271258292281,1.5915045607078326,4.81271258292281,-3.2212080222149773,1.5915045607078326,0.0,0.0,1.0,9.026391147951221,0.3274679593093889,13.599410945703237,2,0.21100202071944954,6,0.21052631578947367,0.7894736842105263,2,0.509707330487381
Magentic_One/079,Science,Planning Hallucination,0,3,0,6,0.6,2.0,-2.358497828430714,-2.3500795076089993,-5.096592963616509,0.6432216134173032,-4.81271258292281,-2.8562672579332684,4.81271258292281,2.8562672579332684,1.9564453249895415,6.4042171436306425,0.0,0.0,1.0,9.026391147951221,0.3274679593093889,13.599410945703237,2,0.21100202071944954,6,0.21052631578947367,0.7894736842105263,2,0.4234833338886475
Magentic_One/079,Science,Planning Hallucination,0,4,0,6,0.8,1.0,-5.2147650863639825,-5.206346765542268,-7.952860221549777,3.4994888713505716,-2.8562672579332684,3.4994888713505716,2.8562672579332684,3.4994888713505716,6.35575612928384,9.260484401563911,0.0,0.0,1.0,9.026391147951221,0.3274679593093889,13.599410945703237,2,0.21100202071944954,6,0.21052631578947367,0.7894736842105263,2,0.6247902315143331
Magentic_One/079,Science,Planning Hallucination,0,5,0,6,1.0,0.0,-1.7152762150134109,-1.706857894191696,-4.453371350199205,0.0,3.4994888713505716,0.0,3.4994888713505716,0.0,-3.4994888713505716,5.760995530213339,3.4994888713505716,0.0,0.0,9.026391147951221,0.3274679593093889,13.599410945703237,2,0.21100202071944954,6,0.21052631578947367,0.7894736842105263,2,0.5105191043224206
Magentic_One/084,Science,Planning Hallucination,0,0,1,4,0.0,3.0,-4.759756892009964,-3.515231421509057,0.0,4.782661531527001,0.0,4.7448731065213785,0.0,4.7448731065213785,4.7448731065213785,0.0,0.0,1.0,1.0,4.782661531527001,0.9314095616747778,5.1348641116881435,2,0.047518488659014105,4,1.0,0.0,3,0.750230495191445
Magentic_One/084,Science,Planning Hallucination,0,1,0,4,0.3333333333333333,2.0,-0.014883785488585488,1.2296416850123215,4.7448731065213785,0.03778842500562263,4.7448731065213785,-0.2114820585335302,4.7448731065213785,0.2114820585335302,-4.956355165054909,0.0,4.7448731065213785,1.0,0.0,4.782661531527001,0.9314095616747778,5.1348641116881435,2,0.047518488659014105,4,1.0,0.0,3,0.31963132058544874
Magentic_One/084,Science,Planning Hallucination,0,2,0,4,0.6666666666666666,1.0,-0.22636584402211568,1.0181596264787913,4.533391047987848,0.24927048353915282,-0.2114820585335302,0.24927048353915282,0.2114820585335302,0.24927048353915282,0.460752542072683,0.2114820585335302,4.533391047987848,0.0,0.0,4.782661531527001,0.9314095616747778,5.1348641116881435,2,0.047518488659014105,4,1.0,0.0,3,0.3951103447186137
Magentic_One/084,Science,Planning Hallucination,0,3,0,4,1.0,0.0,0.02290463951703714,1.2674301100179441,4.782661531527001,0.0,0.24927048353915282,0.0,0.24927048353915282,0.0,-0.24927048353915282,0.0,4.782661531527001,1.0,0.0,4.782661531527001,0.9314095616747778,5.1348641116881435,2,0.047518488659014105,4,1.0,0.0,3,0.3096931265267415
Magentic_One/087,Math,Planning Hallucination,2,0,0,10,0.0,9.0,5.135757987337872,5.63481911852984,0.0,-0.4485077207010981,0.0,-5.517664099440736,0.0,5.517664099440736,-5.517664099440736,0.0,0.0,1.0,1.0,11.748629129562872,0.009316861100554862,48.13935893864377,7,2.424309557466471,10,0.0,0.5789473684210527,3,0.7807324225643197
Magentic_One/087,Math,Planning Hallucination,2,1,0,10,0.1111111111111111,8.0,-0.3819061121028646,0.11715501908910364,-5.517664099440736,5.069156378739638,-5.517664099440736,0.46947174613889686,5.517664099440736,0.46947174613889686,5.987135845579633,5.517664099440736,0.0,0.0,1.0,11.748629129562872,0.009316861100554862,48.13935893864377,7,2.424309557466471,10,0.0,0.5789473684210527,3,0.7094084908265175
Magentic_One/087,Math,Planning Hallucination,2,2,1,10,0.2222222222222222,7.0,0.08756563403603224,0.5866267652280005,-5.04819235330184,4.5996846326007415,0.46947174613889686,-2.4058433891096414,0.46947174613889686,2.4058433891096414,-2.875315135248538,5.04819235330184,0.46947174613889686,0.0,0.0,11.748629129562872,0.009316861100554862,48.13935893864377,7,2.424309557466471,10,0.0,0.5789473684210527,3,0.5982823415622311
Magentic_One/087,Math,Planning Hallucination,2,3,0,10,0.3333333333333333,6.0,-2.318277755073609,-1.819216623881641,-7.454035742411481,7.005528021710383,-2.4058433891096414,9.048648235921927,2.4058433891096414,9.048648235921927,11.454491625031569,7.454035742411481,0.0,0.0,1.0,11.748629129562872,0.009316861100554862,48.13935893864377,7,2.424309557466471,10,0.0,0.5789473684210527,3,0.8300786266607415
Magentic_One/087,Math,Planning Hallucination,2,4,0,10,0.4444444444444444,5.0,6.730370480848318,7.229431612040287,1.5946124935104464,-2.0431202142115445,9.048648235921927,-13.7978513676963,9.048648235921927,13.7978513676963,-22.846499603618227,0.0,9.048648235921927,1.0,0.0,11.748629129562872,0.009316861100554862,48.13935893864377,7,2.424309557466471,10,0.0,0.5789473684210527,3,0.28826286767706155
Magentic_One/087,Math,Planning Hallucination,2,5,0,10,0.5555555555555556,4.0,-7.0674808868479815,-6.568419755656013,-12.203238874185853,11.754731153484755,-13.7978513676963,2.159396286959165,13.7978513676963,2.159396286959165,15.957247654655465,13.7978513676963,0.0,0.0,1.0,11.748629129562872,0.009316861100554862,48.13935893864377,7,2.424309557466471,10,0.0,0.5789473684210527,3,0.23264830254249094
Magentic_One/087,Math,Planning Hallucination,2,6,0,10,0.6666666666666666,3.0,-4.9080845998888165,-4.409023468696848,-10.043842587226688,9.59533486652559,2.159396286959165,4.878317622680392,2.159396286959165,4.878317622680392,2.7189213357212267,11.638455080737135,2.159396286959165,0.0,0.0,11.748629129562872,0.009316861100554862,48.13935893864377,7,2.424309557466471,10,0.0,0.5789473684210527,3,0.5003355280509663
Magentic_One/087,Math,Planning Hallucination,2,7,0,10,0.7777777777777778,2.0,-0.029766977208424805,0.46929415398354346,-5.165524964546297,4.7170172438451985,4.878317622680392,-6.896272372448557,4.878317622680392,6.896272372448557,-11.774589995128949,6.760137458056743,7.037713909639557,0.0,0.0,11.748629129562872,0.009316861100554862,48.13935893864377,7,2.424309557466471,10,0.0,0.5789473684210527,3,0.35332089844108416
Magentic_One/087,Math,Planning Hallucination,2,8,0,10,0.8888888888888888,1.0,-6.926039349656982,-6.426978218465013,-12.061797336994854,11.613289616293756,-6.896272372448557,11.613289616293756,6.896272372448557,11.613289616293756,18.509561988742313,13.6564098305053,0.1414415371909996,0.0,0.0,11.748629129562872,0.009316861100554862,48.13935893864377,7,2.424309557466471,10,0.0,0.5789473684210527,3,0.3608935448567778
Magentic_One/087,Math,Planning Hallucination,2,9,0,10,1.0,0.0,4.687250266636774,5.186311397828742,-0.4485077207010981,0.0,11.613289616293756,0.0,11.613289616293756,0.0,-11.613289616293756,2.0431202142115445,11.754731153484755,0.0,0.0,11.748629129562872,0.009316861100554862,48.13935893864377,7,2.424309557466471,10,0.0,0.5789473684210527,3,0.5829945586326862
Magentic_One/088,Math,Planning Hallucination,0,0,1,6,0.0,5.0,7.201287329906332,6.781628944985024,0.0,-5.314670607212538,0.0,-9.232978833353656,0.0,9.232978833353656,-9.232978833353656,0.0,0.0,1.0,1.0,11.152480148021425,0.2978486997577433,17.843524620168733,3,0.3146133063436658,6,0.0,0.3684210526315789,0,0.7911348691438257
Magentic_One/088,Math,Planning Hallucination,0,1,0,6,0.2,4.0,-2.0316915034473233,-2.451349888368632,-9.232978833353656,3.918308226141118,-9.232978833353656,-2.279407811167978,9.232978833353656,2.279407811167978,6.9535710221856775,9.232978833353656,0.0,0.0,1.0,11.152480148021425,0.2978486997577433,17.843524620168733,3,0.3146133063436658,6,0.0,0.3684210526315789,0,0.6645179153346945
Magentic_One/088,Math,Planning Hallucination,0,2,0,6,0.4,3.0,-4.311099314615301,-4.73075769953661,-11.512386644521634,6.197716037309096,-2.279407811167978,4.4677089137009744,2.279407811167978,4.4677089137009744,6.7471167248689525,11.512386644521634,0.0,0.0,1.0,11.152480148021425,0.2978486997577433,17.843524620168733,3,0.3146133063436658,6,0.0,0.3684210526315789,0,0.834576572969478
Magentic_One/088,Math,Planning Hallucination,0,3,0,6,0.6,2.0,0.15660959908567307,-0.26304878583563546,-7.044677730820659,1.7300071236081216,4.4677089137009744,-0.5403821231809971,4.4677089137009744,0.5403821231809971,-5.0080910368819715,7.044677730820659,4.4677089137009744,0.0,0.0,11.152480148021425,0.2978486997577433,17.843524620168733,3,0.3146133063436658,6,0.0,0.3684210526315789,0,0.7690466276241867
Magentic_One/088,Math,Planning Hallucination,0,4,0,6,0.8,1.0,-0.38377252409532403,-0.8034309090166325,-7.585059854001656,2.2703892467891187,-0.5403821231809971,2.2703892467891187,0.5403821231809971,2.2703892467891187,2.810771369970116,7.585059854001656,3.9273267905199774,0.0,0.0,11.152480148021425,0.2978486997577433,17.843524620168733,3,0.3146133063436658,6,0.0,0.3684210526315789,0,0.762173921410328
Magentic_One/088,Math,Planning Hallucination,0,5,0,6,1.0,0.0,1.8866167226937947,1.4669583377724862,-5.314670607212538,0.0,2.2703892467891187,0.0,2.2703892467891187,0.0,-2.2703892467891187,5.314670607212538,6.197716037309096,0.0,0.0,11.152480148021425,0.2978486997577433,17.843524620168733,3,0.3146133063436658,6,0.0,0.3684210526315789,0,0.6190838942567548
Magentic_One/089,Math,Reasoning Hallucination,1,0,0,10,0.0,9.0,5.151563728236283,5.175548615635798,0.0,-3.1376423831144677,0.0,-5.354949174466373,0.0,5.354949174466373,-5.354949174466373,0.0,0.0,1.0,1.0,10.319524128100099,0.08468493452947824,37.050774149471366,5,2.222194967905701,10,0.7894736842105263,0.6842105263157895,2,0.5562038746042677
Magentic_One/089,Math,Reasoning Hallucination,1,1,1,10,0.1111111111111111,8.0,-0.20338544623009014,-0.1794005588305751,-5.354949174466373,2.2173067913519056,-5.354949174466373,-1.8528341651814806,5.354949174466373,1.8528341651814806,3.5021150092848927,5.354949174466373,0.0,0.0,1.0,10.319524128100099,0.08468493452947824,37.050774149471366,5,2.222194967905701,10,0.7894736842105263,0.6842105263157895,2,0.3617094913387208
Magentic_One/089,Math,Reasoning Hallucination,1,2,0,10,0.2222222222222222,7.0,-2.0562196114115707,-2.0322347240120555,-7.207783339647854,4.070140956533386,-1.8528341651814806,-0.006493092450373439,1.8528341651814806,0.006493092450373439,1.8463410727311071,7.207783339647854,0.0,0.0,1.0,10.319524128100099,0.08468493452947824,37.050774149471366,5,2.222194967905701,10,0.7894736842105263,0.6842105263157895,2,0.6099492593329441
Magentic_One/089,Math,Reasoning Hallucination,1,3,0,10,0.3333333333333333,6.0,-2.062712703861944,-2.038727816462429,-7.214276432098227,4.07663404898376,-0.006493092450373439,-3.128430435890234,0.006493092450373439,3.128430435890234,-3.1219373434398605,7.214276432098227,0.0,0.0,1.0,10.319524128100099,0.08468493452947824,37.050774149471366,5,2.222194967905701,10,0.7894736842105263,0.6842105263157895,2,0.5656736472037018
Magentic_One/089,Math,Reasoning Hallucination,1,4,0,10,0.4444444444444444,5.0,-5.191143139752178,-5.167158252352663,-10.342706867988461,7.2050644848739935,-3.128430435890234,7.356876705007522,3.128430435890234,7.356876705007522,10.485307140897756,10.342706867988461,0.0,0.0,1.0,10.319524128100099,0.08468493452947824,37.050774149471366,5,2.222194967905701,10,0.7894736842105263,0.6842105263157895,2,0.5590066475382095
Magentic_One/089,Math,Reasoning Hallucination,1,5,0,10,0.5555555555555556,4.0,2.165733565255344,2.1897184526548594,-2.985830162980939,-0.1518122201335288,7.356876705007522,-8.779345172306904,7.356876705007522,8.779345172306904,-16.136221877314426,2.985830162980939,7.356876705007522,0.0,0.0,10.319524128100099,0.08468493452947824,37.050774149471366,5,2.222194967905701,10,0.7894736842105263,0.6842105263157895,2,0.2984993740009255
Magentic_One/089,Math,Reasoning Hallucination,1,6,0,10,0.6666666666666666,3.0,-6.61361160705156,-6.589626719652045,-11.765175335287843,8.627532952173375,-8.779345172306904,13.042041834524845,8.779345172306904,13.042041834524845,21.82138700683175,11.765175335287843,0.0,0.0,1.0,10.319524128100099,0.08468493452947824,37.050774149471366,5,2.222194967905701,10,0.7894736842105263,0.6842105263157895,2,0.24160171722469329
Magentic_One/089,Math,Reasoning Hallucination,1,7,0,10,0.7777777777777778,2.0,6.428430227473285,6.4524151148728,1.276866499237002,-4.41450888235147,13.042041834524845,-6.3008554592478205,13.042041834524845,6.3008554592478205,-19.342897293772666,0.0,13.042041834524845,1.0,0.0,10.319524128100099,0.08468493452947824,37.050774149471366,5,2.222194967905701,10,0.7894736842105263,0.6842105263157895,2,0.5088381094571149
Magentic_One/089,Math,Reasoning Hallucination,1,8,0,10,0.8888888888888888,1.0,0.12757476822546465,0.1515596556249797,-5.0239889600108185,1.8863465768963508,-6.3008554592478205,1.8863465768963508,6.3008554592478205,1.8863465768963508,8.187202036144171,6.3008554592478205,6.7411863752770245,0.0,0.0,10.319524128100099,0.08468493452947824,37.050774149471366,5,2.222194967905701,10,0.7894736842105263,0.6842105263157895,2,0.19678985417705924
Magentic_One/089,Math,Reasoning Hallucination,1,9,0,10,1.0,0.0,2.0139213451218154,2.0379062325213306,-3.1376423831144677,0.0,1.8863465768963508,0.0,1.8863465768963508,0.0,-1.8863465768963508,4.41450888235147,8.627532952173375,0.0,0.0,10.319524128100099,0.08468493452947824,37.050774149471366,5,2.222194967905701,10,0.7894736842105263,0.6842105263157895,2,0.49449527442293356
Magentic_One/090,Math,Planning Hallucination,0,0,1,12,0.0,11.0,2.5978296653781854,2.357279630321564,0.0,-4.277897857750325,0.0,-7.121402602392287,0.0,7.121402602392287,-7.121402602392287,0.0,0.0,1.0,1.0,11.605321158631913,0.0939723999575224,45.52291800234994,6,2.4806163534396073,12,0.2631578947368421,0.7368421052631579,4,0.7358826573073838
Magentic_One/090,Math,Planning Hallucination,0,1,0,12,0.09090909090909091,10.0,-4.523572937014102,-4.764122972070723,-7.121402602392287,2.8435047446419617,-7.121402602392287,8.943639720540244,7.121402602392287,8.943639720540244,16.06504232293253,7.121402602392287,0.0,0.0,1.0,11.605321158631913,0.0939723999575224,45.52291800234994,6,2.4806163534396073,12,0.2631578947368421,0.7368421052631579,4,0.8184978192768059
Magentic_One/090,Math,Planning Hallucination,0,2,0,12,0.18181818181818182,9.0,4.420066783526142,4.179516748469521,1.8222371181479566,-6.100134975898282,8.943639720540244,0.6884322543048533,8.943639720540244,0.6884322543048533,-8.25520746623539,0.0,8.943639720540244,1.0,0.0,11.605321158631913,0.0939723999575224,45.52291800234994,6,2.4806163534396073,12,0.2631578947368421,0.7368421052631579,4,0.9175357167157658
Magentic_One/090,Math,Planning Hallucination,0,3,0,12,0.2727272727272727,8.0,5.108499037830995,4.867949002774374,2.51066937245281,-6.788567230203135,0.6884322543048533,-0.33975772418554584,0.6884322543048533,0.33975772418554584,-1.0281899784903992,0.0,9.632071974845097,1.0,0.0,11.605321158631913,0.0939723999575224,45.52291800234994,6,2.4806163534396073,12,0.2631578947368421,0.7368421052631579,4,0.9577270110827814
Magentic_One/090,Math,Planning Hallucination,0,4,0,12,0.36363636363636365,7.0,4.7687413136454495,4.528191278588828,2.170911648267264,-6.448809506017589,-0.33975772418554584,-7.189783258821702,0.33975772418554584,7.189783258821702,-6.850025534636156,0.33975772418554584,9.292314250659551,0.0,0.0,11.605321158631913,0.0939723999575224,45.52291800234994,6,2.4806163534396073,12,0.2631578947368421,0.7368421052631579,4,0.8877910219603253
Magentic_One/090,Math,Planning Hallucination,0,5,0,12,0.45454545454545453,6.0,-2.4210419451762526,-2.661591980232874,-5.018871610554438,0.7409737528041127,-7.189783258821702,0.049541024664232935,7.189783258821702,0.049541024664232935,7.239324283485935,7.529540983007248,2.102530991837849,0.0,0.0,11.605321158631913,0.0939723999575224,45.52291800234994,6,2.4806163534396073,12,0.2631578947368421,0.7368421052631579,4,0.31277538679724365
Magentic_One/090,Math,Planning Hallucination,0,6,0,12,0.5454545454545454,5.0,-2.3715009205120197,-2.612050955568641,-4.969330585890205,0.6914327281398798,0.049541024664232935,2.1353868399545526,0.049541024664232935,2.1353868399545526,2.0858458152903196,7.479999958343015,2.152072016502082,0.0,0.0,11.605321158631913,0.0939723999575224,45.52291800234994,6,2.4806163534396073,12,0.2631578947368421,0.7368421052631579,4,0.5647443850301342
Magentic_One/090,Math,Planning Hallucination,0,7,0,12,0.6363636363636364,4.0,-0.23611408055746708,-0.4766641156140885,-2.8339437459356525,-1.4439541118146728,2.1353868399545526,-7.106296439345908,2.1353868399545526,7.106296439345908,-9.24168327930046,5.344613118388462,4.2874588564566345,0.0,0.0,11.605321158631913,0.0939723999575224,45.52291800234994,6,2.4806163534396073,12,0.2631578947368421,0.7368421052631579,4,0.34200352425590846
Magentic_One/090,Math,Planning Hallucination,0,8,0,12,0.7272727272727273,3.0,-7.342410519903375,-7.582960554959996,-9.94024018528156,5.662342327531235,-7.106296439345908,7.3446575371685405,7.106296439345908,7.3446575371685405,14.450953976514448,12.45090955773437,0.0,0.0,1.0,11.605321158631913,0.0939723999575224,45.52291800234994,6,2.4806163534396073,12,0.2631578947368421,0.7368421052631579,4,0.1660244980886474
Magentic_One/090,Math,Planning Hallucination,0,9,0,12,0.8181818181818182,2.0,0.0022470172651658515,-0.23830301779145557,-2.5955826481130195,-1.6823152096373057,7.3446575371685405,4.561678181303709,7.3446575371685405,4.561678181303709,-2.782979355864832,5.1062520205658295,7.3446575371685405,0.0,0.0,11.605321158631913,0.0939723999575224,45.52291800234994,6,2.4806163534396073,12,0.2631578947368421,0.7368421052631579,4,0.5988069594669275
Magentic_One/090,Math,Planning Hallucination,0,10,0,12,0.9090909090909091,1.0,4.5639251985688745,4.323375163512253,1.966095533190689,-6.243993390941014,4.561678181303709,-6.243993390941014,4.561678181303709,6.243993390941014,-10.805671572244723,0.5445738392621209,11.90633571847225,0.0,0.0,11.605321158631913,0.0939723999575224,45.52291800234994,6,2.4806163534396073,12,0.2631578947368421,0.7368421052631579,4,0.6734461492848561
Magentic_One/090,Math,Planning Hallucination,0,11,0,12,1.0,0.0,-1.68006819237214,-1.9206182274287613,-4.277897857750325,0.0,-6.243993390941014,0.0,6.243993390941014,0.0,6.243993390941014,6.788567230203135,5.662342327531235,0.0,0.0,11.605321158631913,0.0939723999575224,45.52291800234994,6,2.4806163534396073,12,0.2631578947368421,0.7368421052631579,4,0.228612875150059
Magentic_One/091,Math,Planning Hallucination,0,0,1,8,0.0,7.0,2.434441657991254,2.22753746828477,0.0,-2.4276701898663404,0.0,-2.4431399752104355,0.0,2.4431399752104355,-2.4431399752104355,0.0,0.0,1.0,1.0,8.04368358250579,0.10880235364118221,22.312662443613313,4,0.7539777410083786,8,0.7368421052631579,0.5789473684210527,1,0.7666512930279569
Magentic_One/091,Math,Planning Hallucination,0,1,0,8,0.14285714285714285,6.0,-0.008698317219181462,-0.21560250692566552,-2.4431399752104355,0.015469785344095044,-2.4431399752104355,-2.434897557113544,2.4431399752104355,2.434897557113544,0.008242418096891413,2.4431399752104355,0.0,0.0,1.0,8.04368358250579,0.10880235364118221,22.312662443613313,4,0.7539777410083786,8,0.7368421052631579,0.5789473684210527,1,0.5490062877889649
Magentic_One/091,Math,Planning Hallucination,0,2,0,8,0.2857142857142857,5.0,-2.4435958743327255,-2.6505000640392096,-4.8780375323239795,2.450367342457639,-2.434897557113544,2.4101183896848255,2.434897557113544,2.4101183896848255,4.8450159467983696,4.8780375323239795,0.0,0.0,1.0,8.04368358250579,0.10880235364118221,22.312662443613313,4,0.7539777410083786,8,0.7368421052631579,0.5789473684210527,1,0.6158319809183072
Magentic_One/091,Math,Planning Hallucination,0,3,0,8,0.42857142857142855,4.0,-0.03347748464790001,-0.24038167435438407,-2.467919142639154,0.040248952772813595,2.4101183896848255,-4.7778675912363155,2.4101183896848255,4.7778675912363155,-7.187985980921141,2.467919142639154,2.4101183896848255,0.0,0.0,8.04368358250579,0.10880235364118221,22.312662443613313,4,0.7539777410083786,8,0.7368421052631579,0.5789473684210527,1,0.3341552021237998
Magentic_One/091,Math,Planning Hallucination,0,4,0,8,0.5714285714285714,3.0,-4.811345075884216,-5.0182492655907,-7.24578673387547,4.818116544009129,-4.7778675912363155,8.702375515120469,4.7778675912363155,8.702375515120469,13.480243106356784,7.24578673387547,0.0,0.0,1.0,8.04368358250579,0.10880235364118221,22.312662443613313,4,0.7539777410083786,8,0.7368421052631579,0.5789473684210527,1,0.48620527737785474
Magentic_One/091,Math,Planning Hallucination,0,5,0,8,0.7142857142857143,2.0,3.8910304392362534,3.6841262495297693,1.4565887812449994,-3.8842589711113398,8.702375515120469,-1.2709237348527793,8.702375515120469,1.2709237348527793,-9.973299249973248,0.0,8.702375515120469,1.0,0.0,8.04368358250579,0.10880235364118221,22.312662443613313,4,0.7539777410083786,8,0.7368421052631579,0.5789473684210527,1,0.5107316004760666
Magentic_One/091,Math,Planning Hallucination,0,6,0,8,0.8571428571428571,1.0,2.620106704383474,2.41320251467699,0.18566504639222003,-2.6133352362585605,-1.2709237348527793,-2.6133352362585605,1.2709237348527793,2.6133352362585605,-1.3424115014057811,1.2709237348527793,7.43145178026769,0.0,0.0,8.04368358250579,0.10880235364118221,22.312662443613313,4,0.7539777410083786,8,0.7368421052631579,0.5789473684210527,1,0.20460222898548697
Magentic_One/091,Math,Planning Hallucination,0,7,0,8,1.0,0.0,0.006771468124913582,-0.20013272158157047,-2.4276701898663404,0.0,-2.6133352362585605,0.0,2.6133352362585605,0.0,2.6133352362585605,3.8842589711113398,4.818116544009129,0.0,0.0,8.04368358250579,0.10880235364118221,22.312662443613313,4,0.7539777410083786,8,0.7368421052631579,0.5789473684210527,1,0.18704085305271015
Magentic_One/092,Math,Planning Hallucination,2,0,0,6,0.0,5.0,2.7700635567893137,2.3936655116589804,0.0,-6.876772308714809,0.0,0.9863498684327183,0.0,0.9863498684327183,0.9863498684327183,0.0,0.0,1.0,1.0,7.655469573266956,0.4497368133938047,15.290659123102015,3,0.3736395154828349,6,0.15789473684210525,1.0,2,0.9166606277398204
Magentic_One/092,Math,Planning Hallucination,2,1,0,6,0.2,4.0,3.756413425222032,3.3800153800916988,0.9863498684327183,-7.8631221771475275,0.9863498684327183,-6.002584689070687,0.9863498684327183,6.002584689070687,-6.988934557503406,0.0,0.9863498684327183,1.0,0.0,7.655469573266956,0.4497368133938047,15.290659123102015,3,0.3736395154828349,6,0.15789473684210525,1.0,2,0.5373978922925445
Magentic_One/092,Math,Planning Hallucination,2,2,1,6,0.4,3.0,-2.2461712638486553,-2.6225693089789885,-5.016234820637969,-1.8605374880768402,-6.002584689070687,4.127752292132847,6.002584689070687,4.127752292132847,10.130336981203534,6.002584689070687,0.0,0.0,1.0,7.655469573266956,0.4497368133938047,15.290659123102015,3,0.3736395154828349,6,0.15789473684210525,1.0,2,0.6016434842694656
Magentic_One/092,Math,Planning Hallucination,2,3,0,6,0.6,2.0,1.8815810282841916,1.5051829831538583,-0.8884825285051221,-5.988289780209687,4.127752292132847,-1.6783707520235787,4.127752292132847,1.6783707520235787,-5.8061230441564255,1.8748323969378404,4.127752292132847,0.0,0.0,7.655469573266956,0.4497368133938047,15.290659123102015,3,0.3736395154828349,6,0.15789473684210525,1.0,2,0.6174475844533708
Magentic_One/092,Math,Planning Hallucination,2,4,0,6,0.8,1.0,0.20321027626061294,-0.17318776886972032,-2.5668532805287008,-4.309919028186108,-1.6783707520235787,-4.309919028186108,1.6783707520235787,4.309919028186108,-2.6315482761625297,3.553203148961419,2.4493815401092682,0.0,0.0,7.655469573266956,0.4497368133938047,15.290659123102015,3,0.3736395154828349,6,0.15789473684210525,1.0,2,0.34544995884304935
Magentic_One/092,Math,Planning Hallucination,2,5,0,6,1.0,0.0,-4.1067087519254954,-4.483106797055829,-6.876772308714809,0.0,-4.309919028186108,0.0,4.309919028186108,0.0,4.309919028186108,7.8631221771475275,0.0,0.0,1.0,7.655469573266956,0.4497368133938047,15.290659123102015,3,0.3736395154828349,6,0.15789473684210525,1.0,2,0.47046045585956053
Magentic_One/093,Math,Reasoning Hallucination,17,0,0,18,0.0,17.0,0.17359402421282155,0.18191390606004354,0.0,2.197820483797379,0.0,2.4052070566209984,0.0,2.4052070566209984,2.4052070566209984,0.0,0.0,1.0,1.0,8.861377631525205,0.03340718547524674,65.78885507807499,16,6.518925545722592,18,0.3157894736842105,0.47368421052631576,4,0.581630584012159
Magentic_One/093,Math,Reasoning Hallucination,17,1,0,18,0.058823529411764705,16.0,2.57880108083382,2.587120962681042,2.4052070566209984,-0.20738657282361928,2.4052070566209984,-4.132819199776403,2.4052070566209984,4.132819199776403,-6.538026256397401,0.0,2.4052070566209984,1.0,0.0,8.861377631525205,0.03340718547524674,65.78885507807499,16,6.518925545722592,18,0.3157894736842105,0.47368421052631576,4,0.31135058061352994
Magentic_One/093,Math,Reasoning Hallucination,17,2,0,18,0.11764705882352941,15.0,-1.554018118942583,-1.545698237095361,-1.7276121431554046,3.9254326269527837,-4.132819199776403,3.8190169824905276,4.132819199776403,3.8190169824905276,7.951836182266931,4.132819199776403,0.0,0.0,1.0,8.861377631525205,0.03340718547524674,65.78885507807499,16,6.518925545722592,18,0.3157894736842105,0.47368421052631576,4,0.21516590969190935
Magentic_One/093,Math,Reasoning Hallucination,17,3,0,18,0.17647058823529413,14.0,2.2649988635479446,2.2733187453951667,2.091404839335123,0.10641564446225615,3.8190169824905276,-6.987348282730462,3.8190169824905276,6.987348282730462,-10.80636526522099,0.31380221728587543,3.8190169824905276,0.0,0.0,8.861377631525205,0.03340718547524674,65.78885507807499,16,6.518925545722592,18,0.3157894736842105,0.47368421052631576,4,0.2306591715311235
Magentic_One/093,Math,Reasoning Hallucination,17,4,0,18,0.23529411764705882,13.0,-4.7223494191825175,-4.714029537335295,-4.895943443395339,7.093763927192718,-6.987348282730462,11.010191414972969,6.987348282730462,11.010191414972969,17.99753969770343,7.3011505000163375,0.0,0.0,1.0,8.861377631525205,0.03340718547524674,65.78885507807499,16,6.518925545722592,18,0.3157894736842105,0.47368421052631576,4,0.23349546585936415
Magentic_One/093,Math,Reasoning Hallucination,17,5,0,18,0.29411764705882354,12.0,6.287841995790451,6.296161877637673,6.11424797157763,-3.9164274877802505,11.010191414972969,-5.7022675111455285,11.010191414972969,5.7022675111455285,-16.712458926118497,0.0,11.010191414972969,1.0,0.0,8.861377631525205,0.03340718547524674,65.78885507807499,16,6.518925545722592,18,0.3157894736842105,0.47368421052631576,4,0.18754641626450091
Magentic_One/093,Math,Reasoning Hallucination,17,6,0,18,0.35294117647058826,11.0,0.5855744846449227,0.5938943664921447,0.4119804604321011,1.785840023365278,-5.7022675111455285,3.6304565607880974,5.7022675111455285,3.6304565607880974,9.332724071933626,5.7022675111455285,5.30792390382744,0.0,0.0,8.861377631525205,0.03340718547524674,65.78885507807499,16,6.518925545722592,18,0.3157894736842105,0.47368421052631576,4,0.15523035983922726
Magentic_One/093,Math,Reasoning Hallucination,17,7,0,18,0.4117647058823529,10.0,4.21603104543302,4.224350927280242,4.0424370212201985,-1.8446165374228194,3.6304565607880974,-9.16710002817397,3.6304565607880974,9.16710002817397,-12.797556588962067,2.071810950357431,8.938380464615538,0.0,0.0,8.861377631525205,0.03340718547524674,65.78885507807499,16,6.518925545722592,18,0.3157894736842105,0.47368421052631576,4,0.13719710032113858
Magentic_One/093,Math,Reasoning Hallucination,17,8,0,18,0.47058823529411764,9.0,-4.951068982740949,-4.942749100893727,-5.124663006953771,7.32248349075115,-9.16710002817397,5.257261015099079,9.16710002817397,5.257261015099079,14.424361043273048,11.2389109785314,0.0,0.0,1.0,8.861377631525205,0.03340718547524674,65.78885507807499,16,6.518925545722592,18,0.3157894736842105,0.47368421052631576,4,0.01333629291541961
Magentic_One/093,Math,Reasoning Hallucination,17,9,0,18,0.5294117647058824,8.0,0.30619203235812975,0.31451191420535174,0.1325980081453082,2.065222475652071,5.257261015099079,-5.211273589001223,5.257261015099079,5.211273589001223,-10.468534604100302,5.9816499634323215,5.257261015099079,0.0,0.0,8.861377631525205,0.03340718547524674,65.78885507807499,16,6.518925545722592,18,0.3157894736842105,0.47368421052631576,4,0.03861333750473188
Magentic_One/093,Math,Reasoning Hallucination,17,10,0,18,0.5882352941176471,7.0,-4.905081556643093,-4.896761674795871,-5.078675580855915,7.276496064653294,-5.211273589001223,4.434747565173893,5.211273589001223,4.434747565173893,9.646021154175116,11.192923552433545,0.04598742609785589,0.0,0.0,8.861377631525205,0.03340718547524674,65.78885507807499,16,6.518925545722592,18,0.3157894736842105,0.47368421052631576,4,0.018385539926301715
Magentic_One/093,Math,Reasoning Hallucination,17,11,0,18,0.6470588235294118,6.0,-0.4703339914692002,-0.4620141096219782,-0.6439280156820217,2.841748499479401,4.434747565173893,-4.028682129162004,4.434747565173893,4.028682129162004,-8.463429694335897,6.758175987259651,4.480734991271749,0.0,0.0,8.861377631525205,0.03340718547524674,65.78885507807499,16,6.518925545722592,18,0.3157894736842105,0.47368421052631576,4,0.027065113380700737
Magentic_One/093,Math,Reasoning Hallucination,17,12,0,18,0.7058823529411765,5.0,-4.499016120631204,-4.490696238783982,-4.672610144844025,6.8704306286414045,-4.028682129162004,11.284353499150608,4.028682129162004,11.284353499150608,15.313035628312612,10.786858116421655,0.4520528621097455,0.0,0.0,8.861377631525205,0.03340718547524674,65.78885507807499,16,6.518925545722592,18,0.3157894736842105,0.47368421052631576,4,0.04355824940358902
Magentic_One/093,Math,Reasoning Hallucination,17,13,0,18,0.7647058823529411,4.0,6.785337378519404,6.7936572603666265,6.611743354306583,-4.413922870509204,11.284353499150608,-11.333340533616276,11.284353499150608,11.333340533616276,-22.617694032766885,0.0,11.736406361260354,1.0,0.0,8.861377631525205,0.03340718547524674,65.78885507807499,16,6.518925545722592,18,0.3157894736842105,0.47368421052631576,4,0.03041111814240144
Magentic_One/093,Math,Reasoning Hallucination,17,14,0,18,0.8235294117647058,3.0,-4.548003155096872,-4.53968327324965,-4.721597179309693,6.9194176631070725,-11.333340533616276,9.25071958604472,11.333340533616276,9.25071958604472,20.584060119660997,11.333340533616276,0.4030658276440775,0.0,0.0,8.861377631525205,0.03340718547524674,65.78885507807499,16,6.518925545722592,18,0.3157894736842105,0.47368421052631576,4,0.007021488267160644
Magentic_One/093,Math,Reasoning Hallucination,17,15,0,18,0.8823529411764706,2.0,4.702716430947849,4.711036312795071,4.529122406735027,-2.331301922937648,9.25071958604472,-9.47510480378999,9.25071958604472,9.47510480378999,-18.72582438983471,2.082620947571556,9.653785413688798,0.0,0.0,8.861377631525205,0.03340718547524674,65.78885507807499,16,6.518925545722592,18,0.3157894736842105,0.47368421052631576,4,0.01820769359530667
Magentic_One/093,Math,Reasoning Hallucination,17,16,0,18,0.9411764705882353,1.0,-4.772388372842141,-4.7640684909949185,-4.945982397054962,7.143802880852341,-9.47510480378999,7.143802880852341,9.47510480378999,7.143802880852341,16.61890768464233,11.557725751361545,0.17868060989880874,0.0,0.0,8.861377631525205,0.03340718547524674,65.78885507807499,16,6.518925545722592,18,0.3157894736842105,0.47368421052631576,4,0.004501408280083407
Magentic_One/093,Math,Reasoning Hallucination,17,17,1,18,1.0,0.0,2.3714145080102007,2.379734389857423,2.197820483797379,0.0,7.143802880852341,0.0,7.143802880852341,0.0,-7.143802880852341,4.413922870509204,7.32248349075115,0.0,0.0,8.861377631525205,0.03340718547524674,65.78885507807499,16,6.518925545722592,18,0.3157894736842105,0.47368421052631576,4,0.02207779062009511
