id,dataset,run_slug,subject,generator,model,target,target_label,is_correct,final_answer_correct,rubric_score,has_answer_chunks,error_step_index,error_step_position,exit_status,reasoning_n_chunks,reasoning_start,reasoning_end,reasoning_end_minus_start,reasoning_std,reasoning_range,reasoning_min,reasoning_max,reasoning_early_mean,reasoning_mid_mean,reasoning_late_mean,reasoning_late_minus_early,reasoning_total_variation,reasoning_monotonicity,reasoning_direction_changes,reasoning_zero_crossings,reasoning_peak_pos,reasoning_trough_pos,reasoning_rebound_from_trough,reasoning_fall_from_peak,reasoning_max_rise,reasoning_max_drop,reasoning_max_rise_pos,reasoning_max_drop_pos,reasoning_curvature_abs_mean,reasoning_positive_mass,reasoning_negative_mass,reasoning_time_positive,reasoning_time_negative,answer_n_chunks,answer_start,answer_end,answer_end_minus_start,answer_std,answer_range,answer_min,answer_max,answer_early_mean,answer_mid_mean,answer_late_mean,answer_late_minus_early,answer_total_variation,answer_monotonicity,answer_direction_changes,answer_zero_crossings,answer_peak_pos,answer_trough_pos,answer_rebound_from_trough,answer_fall_from_peak,answer_max_rise,answer_max_drop,answer_max_rise_pos,answer_max_drop_pos,answer_curvature_abs_mean,answer_positive_mass,answer_negative_mass,answer_time_positive,answer_time_negative,reasoning_traj_t00,reasoning_traj_t01,reasoning_traj_t02,reasoning_traj_t03,reasoning_traj_t04,reasoning_traj_t05,reasoning_traj_t06,reasoning_traj_t07,reasoning_traj_t08,reasoning_traj_t09,reasoning_traj_t10,reasoning_traj_t11,reasoning_traj_t12,reasoning_traj_t13,reasoning_traj_t14,reasoning_traj_t15,reasoning_traj_t16,reasoning_traj_t17,reasoning_traj_t18,reasoning_traj_t19,answer_traj_t00,answer_traj_t01,answer_traj_t02,answer_traj_t03,answer_traj_t04,answer_traj_t05,answer_traj_t06,answer_traj_t07,answer_traj_t08,answer_traj_t09,answer_traj_t10,answer_traj_t11,answer_traj_t12,answer_traj_t13,answer_traj_t14,answer_traj_t15,answer_traj_t16,answer_traj_t17,answer_traj_t18,answer_traj_t19,answer_minus_reasoning_mean,answer_start_minus_reasoning_end,answer_end_minus_reasoning_end,answer_range_minus_reasoning_range,total_n_chunks,reasoning_pair_density,answer_pair_density
d9a6df63-9cdc-41c0-980b-ddc78275bf91,frontierscience,R1-Distill-32B-cloudjudge_reasoning-auto,biology,,deepseek-ai/DeepSeek-R1-Distill-Qwen-32B,0,is_correct,False,,0.175,True,,,,11,-0.38843754863350133,-0.4294265038856263,-0.04098895525212498,2.2633924566764354,7.219621597472205,-3.163650739763343,4.0559708577088625,-0.9604133404353635,0.6397147203216068,0.4315423587305495,1.391955699165913,27.753724414283,0.0014768812516935813,5,4,0.6842105263157895,0.47368421052631576,2.7342242358777167,4.485397361594488,3.907799189829272,3.8658249681418293,0.5555555555555556,0.4444444444444444,1.5024798257521297,0.9901218652881655,0.9729036747088153,0.5,0.5,11,-2.0968899793450753,0.2092536304523982,2.3061436097974735,2.2200686600551967,8.97328361183316,-4.2049599652317236,4.768323646601438,0.5277922573624209,-0.43848609871038224,0.028275190266841815,-0.499517067095579,38.132938888936536,0.06047641952051464,6.0,7.0,0.10526315789473684,0.5263157894736842,4.414213595684122,4.55907001614904,3.8308476996378107,3.89880219415352,0.6666666666666666,0.4444444444444444,2.176441279025593,0.8898595587654841,0.850119846157218,0.55,0.45,-0.38843754863350133,-1.7327292307757682,-2.9172251248336485,-2.663558926132046,-1.9528000686460751,0.5863294239773738,2.345528091996121,2.2848881692705545,0.7021742283784862,-3.163650739763343,-3.1426636289196273,0.7651355609096449,2.9761485946666704,4.0559708577088625,3.507774611240855,2.2618561464113243,0.31663162120341615,-1.8034194190990882,-1.2641623034875842,-0.4294265038856263,-2.0968899793450753,1.7163936249754816,4.768323646601438,0.9680714239759753,-1.8162130570990678,-0.5366265719724193,0.691486714400614,1.7994958703485446,0.9047804862558995,-2.9940217078976206,-4.2049599652317236,-2.728034285746402,0.16124460583040756,3.9920923054682182,2.4757221523442388,-1.3323127948205409,-1.2033040896456568,-0.09003447138585496,0.1103267146564666,0.2092536304523982,-0.45661200765004073,-2.1240754831094897,0.18206812668798378,0.6152909133825837,22,0.23636363636363636,0.2
111d5872-2705-42c0-8df4-0fb386ba7084,frontierscience,R1-Distill-32B-cloudjudge_reasoning-auto,biology,,deepseek-ai/DeepSeek-R1-Distill-Qwen-32B,0,is_correct,False,,,True,,,,31,2.688138835668716,2.377513790432313,-0.310625045236403,2.20917188849448,7.1883114845919565,-4.5001726489232405,2.688138835668716,-0.1642075484896131,0.04992511199505139,-0.07854751157053223,0.08566003691908088,57.778051477514914,0.00537617723846722,14,12,0.0,0.631578947368421,6.8776864393555535,0.310625045236403,7.064204186761078,5.510796634888294,0.6666666666666666,0.0,5.384946898572851,0.9615632671512341,1.0251263733954903,0.55,0.45,2,-3.7004755496269084,3.7004755496269084,7.400951099253817,2.2461034687432178,7.400951099253817,-3.7004755496269084,3.7004755496269084,-2.5319043234289373,0.19476187103299486,2.726666194461932,5.2585705178908695,7.400951099253817,1.0,0.0,1.0,1.0,0.0,7.400951099253817,0.0,0.3895237420659914,0.0,0.7777777777777778,0.6666666666666666,5.921189464667501e-16,0.9738093551649758,0.973809355164976,0.5,0.5,2.688138835668716,-2.822657799219578,0.8704329246126115,0.328546028695472,-0.9259766939649551,-2.573357792780211,1.285421657560653,0.8926297127481065,1.5558538687001895,-1.1611206376716923,2.409189831041486,-1.4109358797673273,-4.5001726489232405,2.5640315378378378,-2.5858581220303627,1.647084018955658,-3.0387389527822077,-1.483708940770231,2.6124231367716373,2.377513790432313,-3.7004755496269084,-3.310951807560918,-2.921428065494928,-2.5319043234289373,-2.1423805813629473,-1.7528568392969568,-1.3633330972309663,-0.9738093551649762,-0.5842856130989857,-0.19476187103299525,0.1947618710329948,0.5842856130989853,0.9738093551649758,1.3633330972309654,1.752856839296956,2.1423805813629473,2.531904323428937,2.9214280654949265,3.310951807560918,3.7004755496269084,-1.2747381352314922,-7.352727475290713,0.048223623963103535,-2.559560523241185,33,0.08602150537634409,1.0
f040ed81-6802-4359-beff-42e319c1b0f1,frontierscience,R1-Distill-32B-cloudjudge_reasoning-auto,chemistry,,deepseek-ai/DeepSeek-R1-Distill-Qwen-32B,1,is_correct,True,,,True,,,,157,-0.10407732105121613,0.04381623452369422,0.14789355557491035,1.2871627066692926,5.845245844170005,-4.033929351356677,1.811316492813329,-0.39577548480285213,-0.21260469504133914,-0.033359142521489436,0.3624163422813627,27.296169426378597,0.005418106594546131,13,11,0.5263157894736842,0.47368421052631576,4.077745585880371,1.7675002582896346,5.845245844170005,3.0765373173023796,0.5,0.7222222222222222,2.585335910238585,0.3386956430871545,0.5616364487890683,0.55,0.45,8,4.825448234378035,-0.19710005405646536,-5.0225482884345,2.438827849937347,8.808517779536503,-3.9830695451584686,4.825448234378035,0.19940095165358804,-0.3949932578268958,-0.3663140136795528,-0.5657149653331408,29.682584811928795,0.16920858881589199,4.0,5.0,0.0,0.7368421052631579,3.785969491102003,5.0225482884345,2.672217384364642,3.5228668868440423,0.5,0.6111111111111112,1.1287064232726167,0.9399729350263873,1.118324446290911,0.45,0.55,-0.10407732105121613,0.87326123325846,-0.7094419779493841,-0.6830171309992177,-0.39466206610910204,0.014192752549019194,-1.7666838833185243,0.13307386865215776,-1.6065797608339145,-4.033929351356677,1.811316492813329,0.8722743046049588,0.19289943962134348,1.142712141209428,-1.9338251760929515,0.29846197023412807,0.8601728522484228,-0.0005123080703789695,0.5317315720281488,0.04381623452369422,4.825448234378035,2.9751591955434176,1.1248701567087998,-0.4917364268366982,-1.5241368721593942,-2.55653731748209,-2.9572603085769535,-2.884225209000942,-2.811190109424931,-0.510284480030093,2.161932904334549,3.949138249955091,0.42627136311104863,-3.0965955237329936,-3.9830695451584686,-1.3543530793591878,1.274363386440088,1.4405501580566331,0.6217250520000839,-0.19710005405646536,0.3384447979652453,5.120076797819586,0.09752850938508573,-0.37054594448317957,165,0.013555446676465785,0.25
b7337452-ab08-43e5-9f3b-419107415280,frontierscience,R1-Distill-32B-cloudjudge_reasoning-auto,chemistry,,deepseek-ai/DeepSeek-R1-Distill-Qwen-32B,1,is_correct,True,,,True,,,,192,-2.509510636228461,0.1179730752769017,2.627483711505363,2.1793097460705195,7.097972600324938,-2.5542576949452913,4.543714905379646,1.1887800795401449,-1.2533201708272996,1.1622057580731628,-0.02657432146698202,34.584632896562546,0.07597257774468137,11,7,0.10526315789473684,0.05263157894736842,2.672230770222193,4.425741830102744,7.097972600324938,2.455958723195731,0.05555555555555555,0.1111111111111111,3.333005126368736,1.0871703724374076,0.7610976769659626,0.55,0.45,2,1.2204693676025418,-1.2204693676025418,-2.4409387352050835,0.7407968093028734,2.4409387352050835,-1.2204693676025418,1.2204693676025418,0.835057988359634,-0.06423522987381794,-0.8992932182334518,-1.7343512065930857,2.4409387352050835,1.0,0.0,1.0,0.0,1.0,0.0,2.4409387352050835,-0.12847045974763582,0.12847045974763605,0.05555555555555555,0.0,9.868649107779169e-17,0.32117614936908995,0.3211761493690899,0.5,0.5,-2.509510636228461,-2.5542576949452913,4.543714905379646,2.0877561821839152,3.9203494469126836,1.878076098737202,0.9553322547413206,-1.1058529299505553,-1.5280765182002296,1.0214150936756305,-1.350125102083948,-1.1075024028577736,-2.1802733920611925,-2.5228259443130283,3.879050189609513,1.9467101095472943,1.3119269420143338,0.08110315066970836,-0.3635289186787727,0.1179730752769017,1.2204693676025418,1.0919989078549057,0.9635284481072699,0.8350579883596339,0.7065875286119979,0.5781170688643619,0.44964660911672594,0.32117614936909,0.19270568962145407,0.06423522987381802,-0.06423522987381802,-0.19270568962145407,-0.3211761493690899,-0.4496466091167257,-0.5781170688643618,-0.7065875286119978,-0.8350579883596336,-0.9635284481072697,-1.0919989078549057,-1.2204693676025418,1.3803454488577667,2.4828417411834067,0.04190300597832319,-7.876919048530979,194,0.010962041884816753,1.0
36c373f1-468f-4bba-a8d9-5a73a3be5876,frontierscience,R1-Distill-32B-cloudjudge_reasoning-auto,chemistry,,deepseek-ai/DeepSeek-R1-Distill-Qwen-32B,1,is_correct,True,,,True,,,,8,3.4017431210493663,-4.471349729894817,-7.873092850944182,2.438735064299836,9.402358265851188,-4.471349729894817,4.93100853595637,0.40072727278968445,1.3095743797149797,-1.826305024597681,-2.2270322973873657,21.997370796044777,0.3579106304995231,2,3,0.5789473684210527,1.0,0.0,9.402358265851188,2.6150896347212274,1.6216592402175567,0.5,0.6111111111111112,0.5069876117008575,1.0494582014689158,0.9987441304715876,0.5,0.5,5,4.108988659615408,1.9341433439356712,-2.1748453156797365,2.827956151683597,9.597417129751939,-5.488428470136531,4.108988659615408,1.9332200650527545,-3.861389647474034,0.39418363454160094,-1.5390364305111535,17.019988943824142,0.12778182893408394,1.0,2.0,0.0,0.5263157894736842,7.422571814072203,2.1748453156797365,1.0665704478021798,1.464378831895039,0.5555555555555556,0.3333333333333333,0.21028617361472604,0.9257710336708194,1.482375297155787,0.5,0.5,3.4017431210493663,2.367174513771362,1.3326059064933578,0.3013181680298413,-0.7217673983974562,-1.7448529648247533,-2.1311304365939256,-2.0398018373695037,-1.9484732381450818,0.3060791057908876,2.921168740512115,4.93100853595637,3.3093492957388135,1.6876900555212568,0.4310265865149456,-0.3389758542097032,-1.1089782949343505,-2.155918660076503,-3.31363419498566,-4.471349729894817,4.108988659615408,3.440588048636125,2.772187437656842,2.103786826677559,1.435386215698276,0.5679910494900543,-0.8963877824049843,-2.360766614300023,-3.825145446195062,-5.2895242780901,-5.488428470136531,-4.4218580223343515,-3.355287574532174,-2.2887171267299964,-1.2221466789278166,-0.49924394946470146,0.10910287388539108,0.7174496972354837,1.3257965205855773,1.9341433439356712,1.4826788260242347,10.063017215534458,7.888171899854722,0.496678482056474,13,0.35714285714285715,0.5
91a30120-36ab-425f-961f-3dee779b0021,frontierscience,R1-Distill-32B-cloudjudge_reasoning-auto,chemistry,,deepseek-ai/DeepSeek-R1-Distill-Qwen-32B,0,is_correct,False,,0.3,True,,,,261,-0.12670642219071054,2.683541059419352,2.8102474816100624,2.268364054531463,8.790045262909942,-3.880338292943745,4.909706969966196,-0.9909708391103097,-0.7112592692889628,1.7911509176012637,2.7821217567115735,36.68943612049943,0.07659554844016524,7,5,0.8421052631578947,0.631578947368421,6.563879352363097,2.226165910546844,4.0680845768175535,5.8484505617732525,0.4444444444444444,0.5,2.4959353447608574,0.8698721473247751,0.9283074099841413,0.4,0.6,9,2.5790635278379304,2.7653021935190045,0.18623866568107417,2.0505937164642636,7.00997676995158,-4.244674576432575,2.7653021935190045,-0.4822533379314346,0.6389460173856133,-0.7454521349327791,-0.26319879700134446,26.381531620686733,0.0070594334081436555,5.0,4.0,1.0,0.7368421052631579,7.00997676995158,0.0,2.1139853196707103,3.142336698822959,0.4444444444444444,0.7222222222222222,1.0714567093022573,0.8117651300982791,0.9805583327691503,0.45,0.55,-0.12670642219071054,-0.900361261920527,-2.528342352619192,-2.4403090889161057,-1.3730588793887946,-0.336530401273917,0.7685125325370792,0.4697536057492022,0.18086270213821098,4.2489472789557645,-1.599503282817488,-2.4559700671122,-3.880338292943745,-1.9425668289924838,-0.07114530475603542,1.4392974072844056,4.909706969966196,2.6968213904452925,-0.9113160167516274,2.683541059419352,2.5790635278379304,0.4555499194428605,-1.6679636889522094,-1.882878394145442,-0.9526337574175718,-0.4877853486287141,-1.419125623656896,-2.350465898685078,-0.6171462783517305,1.4968390413189798,2.5283494290305186,2.4773848847828837,2.039998821213336,-1.1023378776096164,-4.244674576432575,-3.4779500639062775,-1.4082051475968953,0.34010912537371174,1.5527056594463582,2.7653021935190045,0.005047787756245091,-0.09942974382517633,0.08680892185589784,-4.058041510476166,270,0.007957559681697613,0.2222222222222222
16318af5-cfa6-4b2c-bf25-9eb3ac468b48,frontierscience,R1-Distill-32B-cloudjudge_reasoning-auto,physics,,deepseek-ai/DeepSeek-R1-Distill-Qwen-32B,0,is_correct,False,,,True,,,,310,-0.11716280847334418,-4.916243919835599,-4.799081111362256,2.4600917187646867,9.211664884235429,-4.916243919835599,4.2954209643998285,0.9537335720254513,-1.5464856418161563,-1.0075834561214023,-1.9613170281468535,54.60561850869372,0.08788621468683112,11,8,0.21052631578947367,1.0,0.0,9.211664884235429,4.99465343688855,6.356795832964524,0.16666666666666666,0.3888888888888889,4.859250003509905,0.7781206227111095,1.2878588839742773,0.3,0.7,4,4.1040124772267355,-3.0891999689568266,-7.193212446183562,2.648279862268365,8.851897409033683,-4.747884931806947,4.1040124772267355,-0.32193622729010574,0.113636752574126,-0.20207715154622852,0.11985907574387722,24.36877189545467,0.29518157406714696,2.0,3.0,0.0,0.3157894736842105,1.6586849628501206,7.193212446183562,1.4943949755636776,1.4753162348389477,0.5555555555555556,0.2777777777777778,0.31216418405169727,1.075956588216202,1.2094845498306634,0.5,0.5,-0.11716280847334418,2.4161179731406026,1.492308905817584,-0.6992324724887213,4.2954209643998285,1.7302869553207847,-2.4416045135385773,2.2258344946794,-4.130961338285124,-1.6484508565408795,-1.0210087949491553,-4.219133516406547,-1.680222620302509,-0.3514568609082811,3.4024431608639887,-2.0205164578345745,-1.8907956256362641,-0.04415020649581411,-0.5762376877901503,-4.916243919835599,4.1040124772267355,2.6286962423877887,1.1533800075488414,-0.32193622729010585,-1.7972524621290527,-3.2725686969679995,-4.747884931806947,-4.243393693044145,-2.748998717480469,-1.2546037419167928,0.23979123364688348,1.734186209210561,3.228581184774235,3.8398947928286087,2.6850456658643687,1.5301965389001286,0.3753474119358913,-0.7795017150283465,-1.9343508419925861,-3.0891999689568266,0.5671077854286267,9.587364182490962,2.3941517363074,-0.6179974940716129,314,0.006660402964818874,0.5
845a3693-c660-4446-bae5-6c38bc75e6fd,frontierscience,R1-Distill-32B-cloudjudge_reasoning-auto,chemistry,,deepseek-ai/DeepSeek-R1-Distill-Qwen-32B,0,is_correct,False,,0.025,True,,,,11,3.254974378321503,4.640416263953863,1.3854418856323605,2.533538009678408,8.806906040686732,-4.166489776732869,4.640416263953863,1.141759853047234,-2.324240447290681,0.8254981920717164,-0.31626166097551756,39.33674734352087,0.03522004179790315,9,4,1.0,0.6842105263157895,8.806906040686732,0.0,5.13841017347708,4.949256231279088,0.7777777777777778,0.8888888888888888,2.5112047586064885,0.9950687330406278,1.1612874834043194,0.4,0.6,22,-0.1286215370485562,-2.874544614609786,-2.7459230775612298,2.140839803295575,7.136371429606057,-2.927095257990694,4.209276171615363,-0.3669343449377081,0.8074930723212247,-0.5073225402559628,-0.1403881953182547,49.091816331587005,0.0559344363837365,12.0,10.0,0.5263157894736842,0.7368421052631579,0.0525506433809082,7.083820786225148,4.908096799174693,4.5187499882722815,0.4444444444444444,1.0,4.141960831579461,0.920742259412221,0.9187434669047791,0.4,0.6,3.254974378321503,1.9127007613288713,0.8094444426360513,1.8573438086415368,2.195303529383196,-0.30649533093045944,-1.730952618050059,-0.6416129010501812,-0.7996931127067662,-2.828903217348052,-3.2445029754007355,-2.046492386864812,-2.54198876093135,-4.166489776732869,-1.0569529600393879,4.081457213437693,1.1497342631098455,-3.799521968169243,-0.062143659862472944,4.640416263953863,-0.1286215370485562,-2.525666857760746,-0.6000794693871199,-1.1470187730892518,0.1137472236504089,-1.2945589438887524,3.013657942960061,-0.6856870405733906,-2.737154129134662,2.170942670040031,4.209276171615363,2.2384174145225515,1.7461590585249143,-1.2895026387462347,-2.927095257990694,-1.2827339864874117,3.278439333268596,-0.8822060893789763,1.6442053736624955,-2.874544614609786,0.6466372425092115,-4.122400558493208,-6.868323636054438,-1.985804328479027,33,0.23636363636363636,0.09956709956709957
84bba88d-2aee-4fcb-baab-4c6eea17b0d8,frontierscience,R1-Distill-32B-cloudjudge_reasoning-auto,physics,,deepseek-ai/DeepSeek-R1-Distill-Qwen-32B,0,is_correct,False,,,True,,,,41,2.708806835365845,-2.2818120985265686,-4.990618933892414,2.092851109165193,7.264975816485647,-4.430809662912752,2.8341661535728946,0.4658360599631949,-0.08931812432328022,-0.1532289993777091,-0.619065059340904,48.44048980069107,0.10302577357137326,10,11,0.42105263157894735,0.631578947368421,2.1489975643861836,5.115978252099463,5.194068291226741,4.104454018587669,0.1111111111111111,1.0,4.065373495114686,0.9401319189770252,0.8543193413163678,0.6,0.4,4,1.9923769681141765,-3.421209399964609,-5.413586368078786,1.8804346366703326,5.485089821261646,-3.421209399964609,2.0638804212970365,2.0281286947056065,0.5001494131751002,-2.3229769013650206,-4.351105596070627,5.556593274444506,0.9742635641475818,1.0,1.0,0.3157894736842105,1.0,0.0,5.485089821261646,0.01191724219714363,0.43929299943983624,0.05555555555555555,1.0,0.0250672356464992,0.9418742268429059,0.7538699594941646,0.6,0.4,2.708806835365845,0.3105412320230378,-2.5221379655729272,2.671930325653814,-1.0778889025807086,1.3915956053374652,-0.22199471048416175,1.8462401405843607,2.8341661535728946,0.46390363581279237,0.1656662943046921,-2.1668418969960475,-4.430809662912752,0.6624484653710982,1.2718348319736996,-2.6497143358311996,-1.7351872534229926,2.6528629394797067,1.8226419200610997,-2.2818120985265686,1.9923769681141765,2.0042942103113197,2.0162114525084633,2.0281286947056065,2.0400459369027497,2.051963179099893,2.0638804212970365,1.7829188102180067,1.3555177725008907,0.9281167347837744,0.5007156970666584,0.07331465934954173,-0.35408637836757384,-0.7854514033255962,-1.224744402765432,-1.6640374022052677,-2.1033304016451027,-2.5426234010849376,-2.981916400524773,-3.421209399964609,0.687270789578174,4.961459856218919,-0.4521265118598663,-4.592812829571976,45,0.06097560975609756,0.5
dcfa830a-3f87-43eb-9ec7-6649fcdd0473,frontierscience,R1-Distill-32B-cloudjudge_reasoning-auto,biology,,deepseek-ai/DeepSeek-R1-Distill-Qwen-32B,0,is_correct,False,,0.05,True,,,,9,2.2540298486994974,-0.15401822030331913,-2.4080480690028168,2.497283765821319,9.285752150151861,-4.089324742698841,5.196427407453021,-1.3298108991062112,1.1946069048192258,-0.11321805788735555,1.2165928412188556,30.0611811196123,0.08010490537352091,4,5,0.47368421052631576,0.10526315789473684,3.9353065223955213,5.35044562775634,2.705767811110621,3.7629976347047016,0.4444444444444444,0.5555555555555556,1.3781017827663555,0.9532067411429244,1.0344935565095759,0.45,0.55,8,-4.622342183407811,0.6070552661191386,5.2293974495269495,2.4955076048397395,9.053508043582006,-4.622342183407811,4.431165860174196,0.7026746636951474,-1.5554735088578464,1.5025708355735412,0.7998961718783938,31.463083066020843,0.16620740690140876,5.0,3.0,0.15789473684210525,0.0,5.2293974495269495,3.8241105940550573,3.507552192555236,1.6501504728432113,0.0,0.9444444444444444,1.1033795858620075,1.1212211490054407,0.9689294941403229,0.45,0.55,2.2540298486994974,-0.9176474469996716,-4.089324742698841,-4.011952888945396,-1.985151545520384,-0.4031386116808631,-0.15549090659781895,0.09215679848522518,2.4906595963423994,5.196427407453021,4.667812495655987,0.9048148609512854,-2.409208738047592,-2.5804140871057433,-2.751619436163895,-1.2319045061279936,0.8514505169392561,1.7891949389889856,0.817588359342833,-0.15401822030331913,-4.622342183407811,-1.1147899908525751,2.392762201702661,4.431165860174196,2.796698183436477,1.1622305066987573,-0.12700193188567288,-1.1573079418551369,-2.1876139518246007,-1.6049712176976039,-0.7535036928878631,-0.23675332757539785,-1.7283059192465737,-3.2198585109177493,-2.626141214655474,0.7479359321847348,4.122013079024937,3.907356211805561,2.25720573896235,0.6070552661191386,-0.5675416870740266,-5.035865650178518,0.19353179934843112,-2.1196377372072703,17,0.2777777777777778,0.32142857142857145
1510d6bd-6785-456d-8988-b9382a3aef9c,frontierscience,R1-Distill-32B-cloudjudge_reasoning-auto,biology,,deepseek-ai/DeepSeek-R1-Distill-Qwen-32B,0,is_correct,False,,,True,,,,154,2.7722917733861596,2.192476811270465,-0.5798149621156945,1.8272573351572083,6.131909496142972,-3.3596177227568127,2.7722917733861596,-0.2207362637043715,0.9995397197526538,0.2560369626950272,0.4767732263993987,38.07276431800604,0.015229126975723123,13,8,0.0,0.21052631578947367,5.552094534027278,0.5798149621156945,4.190425791955125,5.260959242626554,0.05555555555555555,0.0,3.219285649606368,0.9545207789275242,0.6051284805021174,0.55,0.45,7,-4.571683100870115,0.3667826835382572,4.938465784408372,1.692385845899702,7.1354093053829635,-4.571683100870115,2.5637262045128484,-0.08590341442713274,0.062194279433093795,0.7653624850951258,0.8512658995222586,17.325357424355555,0.2850426495366843,3.0,3.0,0.6842105263157895,0.0,4.938465784408372,2.196943520974591,2.2869621024231765,0.7677412109498376,0.1111111111111111,0.3888888888888889,0.4642368207438639,0.7709350510049335,0.5496245027243095,0.7,0.3,2.7722917733861596,-2.4886674692403945,1.70175832271473,-0.07280502396978679,-3.3596177227568127,-0.028233444866313448,-0.06988028119818247,0.6308263648620467,1.2293857383569984,-1.1736763122107758,2.5507730643131974,1.1562894063087379,1.8932742533142153,0.709905523324156,-2.913463356377231,-1.8725991683094525,-0.12362683111339916,2.3057292590335017,1.9477050616662792,2.192476811270465,-4.571683100870115,-2.284720998446939,0.002241103976237113,2.2892032063994137,2.0571128321883743,1.3212119626504912,0.5853110931126082,-0.17181667069991152,-0.9395578816497492,-1.7072990925995866,-1.3174123102198876,0.23010246548935287,1.7776172411985898,2.5637262045128484,1.8270235430371455,1.0903208815614422,0.47063255944782645,0.4360159341446368,0.401399308841447,0.3667826835382572,-0.36888002993884095,-7.133039942079421,-2.194574157671049,-2.9407153898972744,161,0.01383583736524913,0.2857142857142857
bc8a05ac-9db5-47b4-8618-84aa4a46466a,frontierscience,R1-Distill-32B-cloudjudge_reasoning-auto,physics,,deepseek-ai/DeepSeek-R1-Distill-Qwen-32B,1,is_correct,True,,,True,,,,364,-2.4982631448398895,-0.21648468678049723,2.2817784580593923,1.856166835329022,7.05127473748568,-2.8753717232628038,4.175903014222876,-0.40455360477567964,0.48589489071163483,-0.1315200557795935,0.2730335489960861,36.195566715130774,0.06304027440757114,11,10,0.5263157894736842,0.10526315789473684,2.6588870364823065,4.392387701003373,4.789831966476091,4.390790222836861,0.1111111111111111,0.6111111111111112,3.373213692182106,0.7271457024152471,0.7381322690715408,0.5,0.5,8,-2.3468132585039623,-2.6710342479960065,-0.32422098949204425,1.786526872780229,6.816613656332223,-2.6710342479960065,4.145579408336216,0.5129554039450595,0.38285139303697274,-0.3632697339325062,-0.8762251378775656,28.227739216073836,0.01148589998689735,5.0,6.0,0.15789473684210525,1.0,0.0,6.816613656332223,2.672306666448206,2.663538997317331,0.0,0.2222222222222222,1.0329551919578381,0.8489477249818556,0.6443962662178963,0.55,0.45,-2.4982631448398895,-0.06745519856549331,-2.8753717232628038,1.9144602432132871,1.1526991036427665,-1.4808751286078023,1.0229306149901782,-2.1641900480856817,-2.0443696409409062,2.173216619018626,4.175903014222876,3.2894966773436325,-1.1012935454932282,-0.927498841083875,0.12679023459345684,0.23582707574568174,0.0014206426059323873,-1.3868434237706393,0.4501698229285045,-0.21648468678049723,-2.3468132585039623,0.32549340794424353,2.9978000743924493,4.145579408336216,1.482040411018886,-1.1814985862984448,-1.831913629273972,-0.9724857064931471,-0.11305778371232211,0.7810038859802233,1.680837846824722,2.199927816132476,0.4345538362197776,-1.3308201436929208,-1.60513563199069,0.10862686853144732,1.8223893690535808,1.0007015752030892,-0.8351663363964583,-2.6710342479960065,0.008070978566374211,-2.122257593157091,-2.446478582649135,-4.192955841520977,372,0.005645869282232919,0.25
3a998a27-4c4b-47c6-bd2c-dd1c9deb3d63,frontierscience,R1-Distill-32B-cloudjudge_reasoning-auto,physics,,deepseek-ai/DeepSeek-R1-Distill-Qwen-32B,0,is_correct,False,,,True,,,,313,-0.13856539954758917,0.1349085442489567,0.2734739437965459,1.66400611314721,6.856011231423905,-2.4270082222072804,4.429003009216625,0.8545537314113191,-0.15937410455905235,0.9953738799653892,0.1408201485540701,42.6569583554186,0.006411004308323057,15,11,0.631578947368421,0.3684210526315789,2.5619167664562372,4.294094464967668,4.653872507393272,6.790530059872543,0.7222222222222222,0.6666666666666666,4.110590853945954,0.9606738463819783,0.41874881299406824,0.55,0.45,5,4.404504144448451,-0.6449120057097296,-5.04941615015818,2.445602308953245,9.079946750134972,-4.675442605686522,4.404504144448451,-0.7859135670989915,1.281046658445216,-1.7319160175868678,-0.9460024504878762,25.19663568103391,0.2004004111532633,3.0,3.0,0.0,0.2631578947368421,4.030530599976792,5.04941615015818,1.9900323194131073,2.0163062799975258,0.2777777777777778,0.0,0.5262723786744113,0.8906551869660506,1.2369334102709324,0.4,0.6,-0.13856539954758917,2.1318635025881885,-0.8441671493233791,1.371482467060662,2.6411421540691413,-0.27599766334096926,1.0961182083731784,-2.4270082222072804,-1.011522703656385,-0.6283390399794726,-0.6681725040076982,1.5519477793767635,4.429003009216625,-2.3615270506559187,2.292345456737353,-0.019676527162671764,1.7244833603793763,0.39834873180582264,1.441833713783498,0.1349085442489567,4.404504144448451,2.388197864450925,0.3718915844533992,-1.6444146955441266,-3.6607209755416523,-4.675442605686522,-2.6854102862734144,-0.6953779668603071,1.2946543525527998,3.284686671965906,3.5274873457204783,2.0230563738165097,0.5186254019125442,-0.9858055699914212,-2.4902365418953902,-2.515591819740596,-2.0479218662328798,-1.580251912725164,-1.1125819592174468,-0.6449120057097296,0.5314546518418346,4.801050252041328,-0.24836589811685172,-0.7140608275608145,318,0.006594576882116818,0.4
20fcf049-b356-45cf-83d8-833f280ee107,frontierscience,R1-Distill-32B-cloudjudge_reasoning-auto,physics,,deepseek-ai/DeepSeek-R1-Distill-Qwen-32B,0,is_correct,False,,,True,,,,338,-0.007948774246898448,2.560676514635322,2.5686252888822203,2.138247632173413,7.658951771277363,-3.252560422831629,4.406391348445734,1.0507174905112862,0.6922824204412951,1.0291450237027289,-0.02157246680855729,55.84539661088808,0.0459952913716333,13,13,0.21052631578947367,0.15789473684210525,5.813236937466951,1.845714833810412,7.658951771277363,6.085251467615638,0.16666666666666666,0.1111111111111111,5.486221425995613,1.478126475895371,0.5593329999511487,0.6,0.4,12,0.11986493934014733,-2.2970856700032125,-2.4169506093433597,2.4383028507337023,8.100065928667323,-3.4629848574134803,4.637081071253842,-0.6895106838136927,0.7631467164533603,0.13124648374856251,0.8207571675622553,51.32375656594711,0.047092238975877825,8.0,9.0,0.3684210526315789,0.2631578947368421,1.1658991874102678,6.934166741257055,5.550578395110637,5.409535863758358,0.1111111111111111,0.2222222222222222,3.99431992028298,1.1092987825814742,1.0441522260330218,0.55,0.45,-0.007948774246898448,2.427947034935033,2.832691044784009,-3.252560422831629,4.406391348445734,-1.631621932639919,2.5801241351326745,2.1654059318538312,-0.5269580294058844,0.3513511126560642,-1.6384436298233505,2.3282009611662646,3.2687976563259706,-1.1023770596838298,-1.6402889993058176,1.9037905814252825,-1.386461151085645,0.9575710647709625,3.779582131776269,2.560676514635322,0.11986493934014733,-2.6648838810545876,-3.1763616426751304,2.3742167524355073,1.9465510063448779,-3.4629848574134803,0.037022896326817545,4.637081071253842,0.43865764138440877,-2.2520887901693354,-2.3044004746706066,-0.4397633233249725,2.5202731627903128,2.742267727909873,1.937454118499084,-2.25587741185022,-2.0295984694988887,3.5002130400932208,1.9323732952513915,-2.2970856700032125,-0.2394412253438786,-2.680252800639053,-5.097203409982413,-1.544755500055171,350,0.006092743139079592,0.16666666666666666
84b13a21-19c8-47a2-8661-a1b59f1062f5,frontierscience,R1-Distill-32B-cloudjudge_reasoning-auto,chemistry,,deepseek-ai/DeepSeek-R1-Distill-Qwen-32B,0,is_correct,False,,,True,,,,383,-2.652578398141049,0.09754329300234578,2.750121691143395,1.922138698369852,7.005281050592531,-3.878876364556721,3.1264046860358103,-0.17678845368436816,1.3507883482068543,-0.6042295606866132,-0.427441107002245,39.348304385989266,0.06989174588480183,10,7,0.3684210526315789,0.9473684210526315,3.9764196575590667,3.0288613930334645,5.136485287350904,5.352757169047126,0.6666666666666666,0.9444444444444444,3.5070459085487307,0.8971931655978386,0.6675620707209523,0.7,0.3,5,2.3719294028311153,-2.599905425768553,-4.971834828599668,2.2806219217028714,7.056635871412139,-4.470671123288817,2.5859647481233217,-1.5362839437715146,1.5227420003220984,0.0857915726454624,1.622075516416977,19.085106571423943,0.2605086227835886,2.0,3.0,0.7368421052631579,0.2631578947368421,1.8707656975202638,5.185870173891875,1.5478295488005465,1.5220121922779093,0.2777777777777778,0.16666666666666666,0.31725013730767926,1.0146012404763751,0.993603448890032,0.55,0.45,-2.652578398141049,-1.972527548190004,0.6149345682871221,1.77877535789897,0.6502848626514997,0.26531339806743537,0.07827858363544883,3.1264046860358103,2.6647959377150183,2.461889296992315,0.24305141871585745,1.0914488274570735,-2.634278508409499,2.5022067789414053,-0.07843057313741619,-2.1345500219843565,0.8950554980660632,1.4738808044904053,-3.878876364556721,0.09754329300234578,2.3719294028311153,0.8499172105532062,-0.6720949817247028,-2.1941071740026117,-3.716119366280521,-4.470671123288817,-2.9228415744882703,-1.3750120256877238,0.1728175231128226,1.7206470719133682,2.504717724292495,2.525029480250202,2.5453412362079084,2.565652992165615,2.5859647481233217,1.771419300868332,0.6785881192091119,-0.4142430624501081,-1.5070742441093308,-2.599905425768553,-0.04122927055079169,2.233156839277978,-2.7386779893216904,-3.644578895467582,388,0.005358631908465818,0.4
0744af3b-0249-4cbb-978a-a8595f8f9672,frontierscience,R1-Distill-32B-cloudjudge_reasoning-auto,chemistry,,deepseek-ai/DeepSeek-R1-Distill-Qwen-32B,0,is_correct,False,,0.08,True,,,,10,2.815934860044808,0.4169053884900887,-2.3990294715547194,2.4413193030711393,8.401094916606617,-4.247442492968764,4.153652423637852,0.524469227342118,0.4345760652493255,-1.402468652631674,-1.9269378799737922,31.77816786951331,0.07549300769652775,5,6,0.42105263157894735,0.10526315789473684,4.664347881458853,3.736747035147763,3.341438738720565,4.249239896822484,0.16666666666666666,0.5,1.5388414014559804,1.0292256795494312,1.1143004229319282,0.45,0.55,6,4.500490364466748,2.123207137273798,-2.3772832271929505,2.5828882512547366,9.344862483424386,-4.844372118957638,4.500490364466748,-0.8761729696422209,1.1417197379717285,-1.8204724143252522,-0.9442994446830313,29.776840100269485,0.07983665221654718,3.0,4.0,0.0,0.7894736842105263,6.967579256231437,2.3772832271929505,1.93161365261737,2.5503008705375696,1.0,0.0,0.6639501597880195,0.8938182263970162,1.3470185817792644,0.5,0.5,2.815934860044808,-0.7157538164619779,-4.247442492968764,-1.6696845781623493,1.6717541605582156,2.71495652744171,3.1015199309431836,3.599685608721346,4.153652423637852,2.0391710653660304,-2.2100688314564536,-3.504834394615064,-1.1065070406938213,0.07093362578538992,-1.19339908261947,-2.198411131761228,-2.2958008734821385,-2.235039273774895,-0.9090669426424032,0.4169053884900887,4.500490364466748,1.9501894939291788,-0.6001113766083908,-3.15041224714596,-4.816286731987632,-2.9444556740457077,-1.0726246161037833,0.799206441838141,1.9159124483191992,1.8999308776089545,1.88394930689871,1.8679677361884655,0.7439172367607041,-1.1188458818120741,-2.9816090003848563,-4.844372118957638,-3.6716338205783052,-1.7400201679609406,0.191593484656428,2.123207137273798,0.7153325394706047,4.798917515447265,2.421634288254314,0.6777028642909038,16,0.28888888888888886,0.3333333333333333
0a1877af-e331-40b9-b9a3-c1a06dd51ec5,frontierscience,R1-Distill-32B-cloudjudge_reasoning-auto,biology,,deepseek-ai/DeepSeek-R1-Distill-Qwen-32B,0,is_correct,False,,0.05,True,,,,15,0.04056762604483996,2.4585004991405515,2.4179328730957117,2.2947446495475425,7.503357491865461,-2.641459184552743,4.8618983073127175,0.21614030876856752,-0.25468331301722563,0.15747594047633773,-0.05866436829222979,39.851252336378785,0.06067394953328649,8,6,0.21052631578947367,0.7894736842105263,5.099959683693294,2.403397808172166,4.776079265490919,6.291244034466224,0.3333333333333333,0.2222222222222222,2.9065937458172346,0.9691205719407433,0.9353678412848723,0.4,0.6,21,-2.1728181427256974,-0.13658732325694176,2.0362308194687557,2.42223950957378,8.325982716578501,-4.137579112118524,4.188403604459976,0.21788375047403571,0.0384850088920078,-0.31935482861111236,-0.537238579085148,69.17512982594461,0.029435879984500635,12.0,12.0,0.05263157894736842,0.10526315789473684,4.000991788861582,4.324990927716918,7.117345602308741,8.325982716578501,0.8333333333333334,0.05555555555555555,6.868657932454612,1.043474079960927,1.0495514627661455,0.45,0.55,0.04056762604483996,-1.7432380383585386,-1.1096024949595595,1.3155412592245643,4.8618983073127175,-1.4293457271535068,-0.4228387707305439,4.353240494760375,0.8012386703225625,-1.4548542416533143,-2.3043111758412413,-1.803442771147456,-0.3445292874291883,-1.030124880132317,-2.0415400405179,-2.641459184552743,-2.382070213221136,1.4057956178219393,4.145628964187315,2.4585004991405515,-2.1728181427256974,4.188403604459976,-4.137579112118524,2.341720957256944,0.8947828899483832,-2.3598592359904464,2.7705352924876143,-0.1092817416663939,-1.402816387554969,-1.4059091208395877,2.6500638317000615,2.0590872004205143,-3.200162083443141,1.6784133636275707,1.162003357935646,-3.992874500926912,3.124471101381829,-1.7194572990053238,-0.3536843077949716,-0.13658732325694176,0.3135954899342311,-4.317723151932018,-2.2814923324632623,0.48323213872758686,36,0.1523809523809524,0.10952380952380952
bf7d23f3-0cf6-4d36-868f-1e3a89f688ea,frontierscience,R1-Distill-32B-cloudjudge_reasoning-auto,physics,,deepseek-ai/DeepSeek-R1-Distill-Qwen-32B,0,is_correct,False,,0.08,True,,,,213,-0.10268978137921099,-2.2987370948508916,-2.1960473134716807,2.1572609713991278,8.02943860577223,-3.380123463994427,4.6493151417778025,1.0466350139535228,2.037437466963327,0.03678378417634098,-1.0098512297771818,44.940884630662936,0.048865244454341,12,8,0.631578947368421,0.05263157894736842,1.0813863691435355,6.948052236628694,5.082821628903638,5.637850617060674,0.05555555555555555,0.7222222222222222,4.283478522830105,1.5011694104816196,0.4107089069078196,0.65,0.35,15,-0.28410536797865854,-0.29731466439181725,-0.013209296413158711,2.1186041651672234,9.521449057000387,-3.6054419638429867,5.9160070931574005,0.2797931206003845,-0.7903160441487224,0.8765762831105643,0.5967831625101798,47.209709651841905,0.0002798004162824447,9.0,10.0,0.7894736842105263,0.3684210526315789,3.3081272994511695,6.213321757549218,7.238584332084962,4.982423407521634,0.7777777777777778,0.4444444444444444,4.143876501688018,0.810407627719876,0.7261177660286248,0.35,0.65,-0.10268978137921099,-3.380123463994427,1.7026981649092106,-0.22768549577765018,0.8773100109273742,4.032099234141905,4.424836428847459,0.12406599113858258,2.474832867611261,-0.6069974467231898,2.1865529793905982,1.10331832533865,4.6493151417778025,4.330974410209585,-1.3068762068510893,1.6398847791901723,1.5113381930573722,0.966161683092416,-0.29106864857993386,-2.2987370948508916,-0.28410536797865854,1.5184546813948774,0.9365463432398484,-0.3747383202309031,-0.1977021476457304,1.3314233958613089,-0.9713267404380508,-3.6054419638429867,3.36911451821985,-1.6133088893017842,-2.4766698103649603,1.7670889472313773,-0.017789031550501377,-2.9552060794320507,-1.3225772389275616,5.9160070931574005,1.3695175752928543,-0.11715337185407104,-0.2890216946134193,-0.29731466439181725,0.31722587471251806,2.331857601584751,2.3186483051715925,0.6351712030731171,228,0.009611125874745328,0.1523809523809524
adadda00-bef8-417d-97d6-cfd9dec33cba,frontierscience,R1-Distill-32B-cloudjudge_reasoning-auto,chemistry,,deepseek-ai/DeepSeek-R1-Distill-Qwen-32B,1,is_correct,True,,,True,,,,268,0.007891240204057126,-4.7785299287664555,-4.786421168970513,2.135706335825079,8.528614019476631,-4.7785299287664555,3.7500840907101756,0.34767990653227593,-0.0702947386102467,-1.6035700015300403,-1.9512499080623162,42.06843853713421,0.11377701040045718,11,7,0.15789473684210525,1.0,0.0,8.528614019476631,4.346400220947946,5.035096907403435,0.1111111111111111,0.16666666666666666,4.069099169015987,0.7125281893539929,1.0965143810402949,0.45,0.55,8,2.0578306013331606,-2.8155497535988707,-4.873380354932031,1.7991615327745818,6.650136487351121,-2.8155497535988707,3.8345867337522503,1.133775557364418,-1.536872839327496,0.5410500618944517,-0.5927254954699662,23.949645132502415,0.2034844494759672,6.0,3.0,0.8421052631578947,1.0,0.0,6.650136487351121,2.667809157787235,2.730872301422755,0.7777777777777778,0.9444444444444444,0.962442021429947,0.7791994030257418,0.7579684331444837,0.5,0.5,0.007891240204057126,2.3274508315680444,-0.5963161302377709,3.7500840907101756,-1.2850128166932602,-1.872181866151882,0.10184399632656849,0.6932900111971723,2.328081063184753,-2.302419079499823,-0.055880691670370464,-1.7248823311549573,-1.8777437524525116,2.4474916101240103,1.4621059599709576,1.1323249837941196,-3.1799527717637357,-2.2804276726787003,-1.9769405797364277,-4.7785299287664555,2.0578306013331606,1.2763425818837524,0.4948545624343441,0.17138574529837217,0.9929649339459916,1.8145441225936112,1.1285063540616933,-0.6882441323548778,-2.5049946187714487,-2.05999079960334,-1.238027929504451,-0.644587802202993,-1.4222841316861186,-2.199980461169244,-1.5010315818222137,1.1667775759650212,3.8345867337522503,2.6461948492466387,-0.08467745217611622,-2.8155497535988707,0.3054937576672058,7.141854287766822,2.268473932834791,-3.55737638277704,276,0.00774218793672089,0.25
07fd78cd-81de-4a62-9952-369093ec303f,frontierscience,R1-Distill-32B-cloudjudge_reasoning-auto,physics,,deepseek-ai/DeepSeek-R1-Distill-Qwen-32B,0,is_correct,False,,0.0,True,,,,333,-2.5290430085745537,2.5668798047901977,5.095922813364751,1.864621445289862,6.572139752641622,-3.9023621621617433,2.6697775904798786,-0.26663401416236526,-0.17293897589875248,-0.45482838947059095,-0.1881943753082257,39.78067343446475,0.1281004662165875,12,7,0.2631578947368421,0.6842105263157895,6.469241966951941,0.10289778568968089,3.779058452804483,3.7662634986799675,1.0,0.05555555555555555,3.452372395580903,0.6690800301261057,0.9593790934886742,0.45,0.55,12,2.56665262721283,-0.013955252341533905,-2.580607879554364,1.8587243986065431,8.425838179646696,-4.413174492376288,4.012663687270409,0.17341574560238993,-0.0865364189350242,-0.23152601493814498,-0.4049417605405349,35.54746950927912,0.07259610642272965,7.0,5.0,0.2631578947368421,0.3684210526315789,4.399219240034754,4.026618939611943,4.192663309781059,4.658010150299603,0.2222222222222222,0.3333333333333333,2.348124373454808,0.6427043989644933,0.6817544391123588,0.45,0.55,-2.5290430085745537,1.207721770313539,-2.5585417283664285,-1.8466580441677372,-0.12315250035051392,2.6697775904798786,1.3134578215292585,0.8070889588902441,0.1734775310372932,1.8425316634963405,1.7202123883362266,-0.9474777404433061,-0.9040434704463225,-3.9023621621617433,-0.4765469920626768,-2.0944348972353524,1.0804530736491376,-2.593142677950567,-1.2121786480142849,2.5668798047901977,2.56665262721283,-0.3987029225872245,-2.541364363007986,-2.4901748450839643,-0.17999962251065016,4.012663687270409,0.24483565792331508,-4.413174492376288,-0.2830250985828018,1.877822570422964,0.5923922210502013,0.12871192144390387,0.13460307884701483,1.3569148666498358,1.9394913484693892,-0.9041303303156756,-1.8415815271007774,-0.49162814548591793,-0.07735218285435447,-0.013955252341533905,0.0011687712620150048,0.0009415936846473016,-2.579666285869717,-1.4904120345192808,345,0.006186909801367633,0.16666666666666666
4ee82eb3-a457-42c5-9c62-5730d41f67a6,frontierscience,R1-Distill-32B-cloudjudge_reasoning-auto,biology,,deepseek-ai/DeepSeek-R1-Distill-Qwen-32B,0,is_correct,False,,,True,,,,8,3.341707745144177,5.974482782360177,2.6327750372159997,2.4531475157451137,9.81025701230203,-3.8357742299418534,5.974482782360177,-0.9264210669249937,-0.5739140849663548,0.5133716460956227,1.4397927130206165,35.02860168397559,0.07516072325605867,5,6,1.0,0.5789473684210527,9.81025701230203,0.0,3.4643748421522633,2.5674929745122586,0.9444444444444444,0.0,1.1635563194941871,0.8381392970148974,1.2092451063481828,0.4,0.6,2,0.6899157587726403,-0.6899157587726403,-1.3798315175452807,0.418762982794488,1.3798315175452807,-0.6899157587726403,0.6899157587726403,0.4720476244233855,-0.036311355724875774,-0.5083589801482612,-0.9804066045716466,1.3798315175452807,1.0,0.0,1.0,0.0,1.0,0.0,1.3798315175452807,-0.07262271144975152,0.07262271144975174,0.3888888888888889,0.5555555555555556,9.868649107779169e-17,0.18155677862437908,0.18155677862437902,0.5,0.5,3.341707745144177,0.7742147706319185,-1.79327820388034,-3.4202406864746098,-2.695876939273907,-1.971513192073204,-0.7199609625489906,0.9269826287178558,2.5739262199847017,0.6315962803506476,-1.9089459144335574,-3.8357742299418534,-2.0803192697947104,-0.3248643096475674,0.02976757290055887,-1.4833646480166696,-2.9964968689338947,-0.9542669019443495,2.510107940207914,5.974482782360177,0.6899157587726403,0.6172930473228887,0.5446703358731371,0.4720476244233855,0.3994249129736339,0.3268022015238823,0.25417949007413065,0.18155677862437902,0.1089340671746275,0.03631135572487587,-0.03631135572487576,-0.1089340671746275,-0.18155677862437902,-0.25417949007413054,-0.3268022015238823,-0.3994249129736338,-0.4720476244233853,-0.5446703358731371,-0.6172930473228886,-0.6899157587726403,4.08424644691914,-1.2003205766683962,-2.580152094213677,-8.681204774777772,10,0.39285714285714285,1.0
27c865e6-1c87-489b-b7ea-b197fe3356ba,frontierscience,R1-Distill-32B-cloudjudge_reasoning-auto,physics,,deepseek-ai/DeepSeek-R1-Distill-Qwen-32B,1,is_correct,True,,,True,,,,205,-0.1199536355285662,-2.1896758462178587,-2.0697222106892923,1.8768648561664,6.698640697995197,-2.5550091695975405,4.143631528397656,0.5052898511816565,0.5038744014205013,0.9496247844421478,0.44433493326049134,43.5618468700994,0.04751226955232556,10,8,0.15789473684210525,0.21052631578947367,0.36533332337968183,6.333307374615515,3.2669288341566616,6.698640697995197,0.3888888888888889,0.16666666666666666,3.738261406220353,1.0918283123204742,0.45373338857707457,0.6,0.4,5,4.4319189556564575,-2.996097425219374,-7.428016380875832,2.5274623452227494,7.428016380875832,-2.996097425219374,4.4319189556564575,0.11987986366928347,-1.158709402693741,0.7711453958329385,0.651265532163655,21.315530878249255,0.34847907018142865,2.0,3.0,0.0,1.0,0.0,7.428016380875832,1.5431045885916284,1.5585920727770715,0.5555555555555556,1.0,0.3440377715618517,1.0563079943021205,1.1885547142107988,0.45,0.55,-0.1199536355285662,-0.41905589711838065,1.1088688548220094,4.143631528397656,-2.5550091695975405,-0.759229745631679,2.1377770229280957,0.6314566103945115,3.898385444551173,0.4958559471421431,0.11211493913632263,-0.020208320527894043,-1.7366655974032863,0.14618178665053957,3.3514968525881557,2.486524678130287,1.463644713669599,-1.2748695595162867,1.8606278679989905,-2.1896758462178587,4.4319189556564575,2.8840403175034623,1.3361616793504676,-0.21171695880252717,-1.7595955969555224,-2.9206112755580715,-2.9210380755092826,-2.9214648754604933,-2.921891675411704,-2.9223184753629146,-2.1509795810427077,-0.6078749924510793,0.9352295961405455,2.4783341847321703,4.021438773323799,3.238270865888904,1.6796787931118362,0.12108672033476786,-1.4375053524423027,-2.996097425219374,0.4949610900455927,7.116555891919909,-0.31146048895592315,-2.8996792718623325,210,0.010234337637494022,0.4
af50243e-3a60-4460-9536-f9a02c4f8eb8,frontierscience,R1-Distill-32B-cloudjudge_reasoning-auto,physics,,deepseek-ai/DeepSeek-R1-Distill-Qwen-32B,0,is_correct,False,,0.0625,True,,,,14,0.37052175128048603,4.68883196786316,4.318310216582674,2.283311323021182,8.68583916657765,-3.997007198714492,4.68883196786316,-0.2914919169246116,0.6925940153274173,-0.8155883980106181,-0.5240964810860065,34.45164586915955,0.12534409046762965,8,4,1.0,0.6842105263157895,8.68583916657765,0.0,4.6087528685658015,3.1760666424997526,1.0,0.6666666666666666,2.377860213460499,0.8830336543036573,0.9873244392658609,0.5,0.5,13,0.1615141922161139,-0.20671653341442892,-0.3682307256305428,1.2691740828883373,4.699683513212518,-2.6943706780451944,2.0053128351673233,0.7615361313624514,-0.7570255364693946,-0.08822904081984217,-0.8497651721822935,19.64923176590666,0.01874020979636767,7.0,5.0,0.8421052631578947,0.5789473684210527,2.4876541446307656,2.212029368581752,2.362172452092486,1.69289647013813,0.8333333333333334,0.1111111111111111,1.4683862001294021,0.4695542935597782,0.49444429759316105,0.4,0.6,0.37052175128048603,1.971202012317629,0.8839323930933636,-2.128672466563827,-0.5978157287273189,-0.9419863545070876,-1.5976250253655264,2.479068618274339,3.4422919895602373,2.684608034545737,0.8031148768320935,0.2570223430087439,-0.8209405562147392,-3.997007198714492,-2.01592788324757,-1.191965312258867,-3.7196501747529167,-2.7348980849648727,0.0800790992973579,4.68883196786316,0.1615141922161139,1.5583553146282136,1.6678057734777183,-0.025090696660411638,-0.185554846423309,0.3082617899236745,1.8454613923751606,1.323282505465936,-0.11220137199196513,-0.267458454001397,-1.128181556019139,-2.6943706780451944,-1.4691877453835416,-0.9510614553104613,-2.3545706421759247,-0.35685961692516255,2.0053128351673233,0.5210920679414253,-0.13763235551228548,-0.20671653341442892,0.45876487887574846,-4.068552896771298,-4.43678362240184,-3.9763990629693424,27,0.21978021978021978,0.15384615384615385
1567b1bb-e3e5-44e5-abb8-b58e2626f468,frontierscience,R1-Distill-32B-cloudjudge_reasoning-auto,chemistry,,deepseek-ai/DeepSeek-R1-Distill-Qwen-32B,0,is_correct,False,,0.05,True,,,,11,2.5837948007998826,4.4381230107605205,1.854328209960638,2.7788125253021474,9.140283576080382,-4.702160565319862,4.4381230107605205,-0.13964884220764098,-1.1474828219903443,1.0088874460162172,1.1485362882238581,47.264598790929185,0.03923291971995989,5,6,1.0,0.10526315789473684,9.140283576080382,0.0,4.781945104504773,4.749919156842433,1.0,0.8888888888888888,1.8804582834355361,1.1153602098605895,1.2631900585250193,0.5,0.5,8,4.681010490867411,-0.09530498982324431,-4.776315480690656,2.594080927404039,8.2268108807016,-3.545800389834187,4.681010490867411,2.7851099341978696,-2.450455207478488,-1.0431402986991924,-3.8282502328970622,18.84318595750299,0.25347706547410154,3.0,1.0,0.0,0.6842105263157895,3.4504954000109427,4.776315480690656,1.7914699191976133,2.781127278675798,0.2222222222222222,0.3333333333333333,0.745323315428222,1.0037398704577962,1.1995528057157707,0.4,0.6,2.5837948007998826,-1.3850357329715788,-4.702160565319862,-2.153934084859534,0.18983251521706745,1.7157595937587606,2.7742015779217777,2.7418450085345434,1.7320431590239225,-0.7439266106717848,-2.838709964766505,-4.55230690326024,-3.572972883787794,-0.7983515590045522,1.6341754753989326,3.920090671068232,0.5773383847281512,-4.172580772114282,-0.34382209374425265,4.4381230107605205,4.681010490867411,2.9884101357623125,1.2958097806572138,0.59865807535289,2.390127994550503,4.181597913748116,3.3601551484466374,0.5790278697708393,-2.2020994089049584,-2.733464233432487,-2.889868648935304,-3.05872096406415,-3.3022606769491687,-3.545800389834187,-3.1526429403447347,-1.910555941022656,-0.6684689417005796,-0.25614432292821204,-0.17572465637572818,-0.09530498982324431,0.19246638779258518,0.43535386789947594,-4.34096161279118,-1.0415320131026782,19,0.23636363636363636,0.32142857142857145
a1e4e236-3b97-4c36-9cc3-a1711073631e,frontierscience,R1-Distill-32B-cloudjudge_reasoning-auto,biology,,deepseek-ai/DeepSeek-R1-Distill-Qwen-32B,0,is_correct,False,,0.05,True,,,,10,-0.6586541261738074,1.8507558804746655,2.509410006648473,2.113617938226916,7.517091517588682,-4.320621188762388,3.1964703288262943,-0.9521848117684727,0.021646409916586378,0.9810578061692304,1.9332426179377031,30.281745392645835,0.08286873738981713,6,7,0.5789473684210527,0.21052631578947367,6.171377069237053,1.3457144483516288,4.321354253039474,3.2713960143871015,0.5,0.3888888888888889,1.845196882904843,0.8473124056297474,0.8786835044271385,0.6,0.4,9,-1.3612948182774738,3.412723383890929,4.774018202168403,2.2705916238288846,9.415781064008893,-5.151019532409162,4.2647615315997305,-0.09622258496536354,-1.819303838287104,1.9387513337179676,2.034973918683331,33.38179072722533,0.14301264546227102,6.0,5.0,0.7368421052631579,0.631578947368421,8.563742916300091,0.8520381477088015,4.707890532004451,2.966700544786596,0.7222222222222222,0.8333333333333334,1.6766734571893014,0.85102410243405,0.9398329504570235,0.4,0.6,-0.6586541261738074,0.41570062666460383,1.4900553795030151,-1.1811833142196213,-4.320621188762388,-2.697330602768905,0.28673954337779417,-0.8995010841647071,-4.170897098551809,-3.224098519924147,1.0972557331153272,3.1964703288262943,2.5180103528766162,1.63428515723853,0.3400295222236245,-0.421384153977382,0.6821490256702359,1.6729457482579382,1.7618508143663019,1.8507558804746655,-1.3612948182774738,0.48917077261314024,2.3396363635037543,1.74712986201396,-0.31115989490408014,-1.8327582050128814,-1.7442821746939638,-1.655806144375046,-0.922150536823821,-0.0963264182394088,-0.9583809884129929,-3.508314247344579,-5.151019532409162,-0.4431290004047206,4.2647615315997305,3.216708756010896,0.2500082112242996,-0.8120370482423434,1.300343167824293,3.412723383890929,-1.5198631661899578,-4.731913864942097,0.04210433722630569,2.0583810348716653,19,0.2,0.2777777777777778
a74ccc5b-fd37-49fa-b784-871dbcc41e9e,frontierscience,R1-Distill-32B-cloudjudge_reasoning-auto,chemistry,,deepseek-ai/DeepSeek-R1-Distill-Qwen-32B,0,is_correct,False,,,True,,,,113,0.059647125861779136,-2.3550311052729858,-2.414678231134765,1.9294779140204579,6.9985173177230315,-4.249779658914872,2.7487376588081593,-0.8482423435323637,-0.49639645616447403,0.14147979597016738,0.9897221395025311,44.092143126631456,0.054764365256637075,12,9,0.5789473684210527,0.5263157894736842,1.8947485536418864,5.1037687640811455,6.9985173177230315,3.631144755175376,0.5555555555555556,0.0,3.8816284391913047,0.6054657328353732,1.0336453739382163,0.4,0.6,6,5.406568867774182,-1.0301322715116659,-6.436701139285848,2.522430363279666,10.704709301257399,-5.298140433483217,5.406568867774182,1.6743816275836314,-2.396540715067523,-0.1556157269076123,-1.8299973544912438,21.6005924034238,0.29798725049159297,4.0,5.0,0.0,0.5789473684210527,4.268008161971552,6.436701139285848,1.9061040950893098,1.908657652307853,0.7222222222222222,0.5555555555555556,0.6002373671728384,0.7688277674094625,1.0682681661011082,0.5,0.5,0.059647125861779136,-3.5714976293135967,1.441176654577972,-1.4900700072138822,1.3485561510283917,-1.287570191043415,-2.4379385086237955,-1.7507783499509735,-0.6195087115693028,-2.0119577473992374,-4.249779658914872,2.7487376588081593,0.6329895154687684,1.77552210040614,2.5548683427451313,-0.7007889557494948,-0.12834925410239517,1.5478171078111216,-0.06963735961037296,-2.3550311052729858,5.406568867774182,3.802808441214493,2.199048014654804,0.5952875880951147,-0.5888251564412629,-0.0943471728843911,0.4001308106724806,0.8946087942293524,0.4278325234403372,-1.4808251288675136,-3.3894827811753645,-5.298140433483217,-4.91794103735278,-3.011836942263475,-1.1057328471741652,0.8003712479151437,0.715965890418339,0.1339331697750048,-0.4480995508683303,-1.0301322715116659,1.2140942356214637,8.975694208668632,2.5389930693827836,1.3007902352234382,119,0.018963337547408345,0.3333333333333333
0ea11f5b-df09-4330-92cc-302a63c22008,frontierscience,R1-Distill-32B-cloudjudge_reasoning-auto,physics,,deepseek-ai/DeepSeek-R1-Distill-Qwen-32B,1,is_correct,True,,,True,,,,91,-2.637426148566246,2.579889011677113,5.217315160243359,2.152556074651384,7.43699190528794,-3.0177424939089996,4.4192494113789405,0.4102697568718852,0.63975087845513,0.6650822349304624,0.25481247805857715,52.171539110915155,0.10000309074937393,14,9,0.42105263157894735,0.9473684210526315,5.597631505586113,1.8393603997018273,6.154171543768132,6.071206911661812,0.6111111111111112,0.4444444444444444,4.723781439350156,1.2354976494694936,0.6684657566258994,0.65,0.35,7,2.567461829711062,0.12368070731991462,-2.4437811223911474,2.1632331331013983,7.6687369458762085,-4.0377027606001885,3.6310341852760195,-0.9929897862081507,0.10403737373327537,0.5649808782327969,1.5579706644409477,27.3046633595969,0.08950050363950815,4.0,4.0,0.47368421052631576,0.6842105263157895,4.161383467920103,3.507353477956105,2.286912876095304,3.019971426840015,0.3888888888888889,0.5555555555555556,0.9688755170641576,0.8587858535358068,1.0004249344321743,0.55,0.45,-2.637426148566246,1.8015782577349415,1.045770369456552,3.292971452243902,0.18913035794207644,-1.766542378490682,0.9464063877826523,0.511814325389258,4.4192494113789405,-1.6519575002828715,-1.3210191985518782,-2.0172346240269556,4.136936919741176,0.4004668155382407,-0.9573927886903568,2.3477036544521126,2.0159882317595392,1.022047794293366,-3.0177424939089996,2.579889011677113,2.567461829711062,0.9496217267925768,-0.6682183761259082,-2.2860584790443927,-2.532462089560803,-2.504578401596798,-2.4766947136327926,-0.9427915669145883,1.3441213091807156,3.6310341852760195,3.2645049099036694,0.24453348306365452,-2.775437943776354,-4.0377027606001885,-1.7845543573916576,0.46859404581687336,2.2292420831658677,1.5273882912172176,0.825534499268566,0.12368070731991462,0.001835308578791749,-0.010591873387259199,-2.4543729957784066,-2.3618445485144797,98,0.02442002442002442,0.2857142857142857
85b4f862-d881-4a79-8c5d-3e927b486b71,frontierscience,R1-Distill-32B-cloudjudge_reasoning-auto,chemistry,,deepseek-ai/DeepSeek-R1-Distill-Qwen-32B,0,is_correct,False,,,True,,,,79,0.14669380883943708,-2.1850258151433515,-2.3317196239827886,2.2384280618716277,8.241156673421226,-3.468668073197364,4.772488600223863,0.48035440128957363,-0.7167437275213929,-0.9155763530091212,-1.395930754298695,49.66763210145743,0.04694646242083217,13,7,0.47368421052631576,0.8947368421052632,1.2836422580540123,6.957514415367214,7.20370961655942,6.981059733159564,0.4444444444444444,0.5,4.412616499699442,0.790508160674866,1.147917330758739,0.4,0.6,7,4.560439563351818,2.4269471315613704,-2.133492431790448,1.819814642526763,7.227569868427475,-2.6671303050756565,4.560439563351818,0.03368094324850974,-1.3106163933550188,0.2639007102272098,0.23021976697870006,15.960051747545865,0.1336770372388366,3.0,2.0,0.0,0.6842105263157895,5.094077436637027,2.133492431790448,0.8750031194332835,2.291643385967305,0.9444444444444444,0.0,0.33839061848904084,0.5742533888560296,0.9420105833251448,0.25,0.75,0.14669380883943708,2.3457682909942847,1.6151541027744811,-0.8633279823352689,-0.8550207720663172,-2.303946114097163,3.2771594749175614,-0.532497943047078,-2.431221016335558,4.772488600223863,-2.2085711329357016,-1.4579115429162286,-3.3781875878547014,0.21869453021565377,2.6085764961815348,0.8256279093505023,-1.7436362287323535,-3.468668073197364,-1.5303324065136952,-2.1850258151433515,4.560439563351818,2.2687961773845133,-0.022847208582791545,-2.3144905945500964,-2.1156490161855466,-1.418710444954625,-0.7217718737237038,-0.49528837330941555,-0.5040324083034442,-0.5127764432974729,-0.8997753320295623,-1.6650290744997143,-2.4302828169698647,-2.6671303050756565,-1.8471652844527273,-1.0272002638297977,-0.19806222673847756,0.6769408926948037,1.5519440121280872,2.4269471315613704,0.38661544985482915,7.132080828349999,4.998588396559551,-3.882673914139506,86,0.027913015254787406,0.2857142857142857
4842f95d-b84a-4ff4-8165-64fc7bfcf00d,frontierscience,R1-Distill-32B-cloudjudge_reasoning-auto,chemistry,,deepseek-ai/DeepSeek-R1-Distill-Qwen-32B,0,is_correct,False,,,True,,,,163,0.1661643202781828,-4.88220879400008,-5.048373114278263,2.371178461268525,9.035001686425957,-4.88220879400008,4.152792892425877,0.9019188136127256,0.11782132075774245,-2.5230456126575223,-3.4249644262702477,48.93778410703673,0.10315900497734963,14,9,0.6842105263157895,1.0,0.0,9.035001686425957,5.850643200489502,5.670352426222895,0.6666666666666666,0.7222222222222222,4.960003014993841,0.8545444240333502,1.254549060800943,0.4,0.6,5,1.8414120141649328,-0.49116318569402184,-2.3325751998589546,0.6812402879732233,2.3325751998589546,-0.49116318569402184,1.8414120141649328,0.5339973011847844,-0.4688663917900548,-0.4905361398770256,-1.02453344106181,2.332575199858955,0.9999999999999998,0.0,1.0,0.0,1.0,0.0,2.3325751998589546,-0.00021855664086734006,0.4677144176569521,0.9444444444444444,0.0,0.025971992278671398,0.22796807753590093,0.35233310121085326,0.2,0.8,0.1661643202781828,-1.3480807444146423,2.2482325807812527,-1.011882387173729,2.326425942074933,1.6663254008474042,2.2662465828956773,-1.6980297225803225,-2.667598557664261,2.384915539002666,1.87978522236101,-1.529265820177148,-1.6978503080636247,4.152792892425877,-1.517559533797018,-1.5796212371464469,-1.404119392277446,-4.5431341182925555,-1.211630600431585,-4.88220879400008,1.8414120141649328,1.3736975965079807,0.9059831788510286,0.43826876119407654,-0.029445656462875558,-0.38547677746400194,-0.40645800849765024,-0.42743923953129853,-0.4484204705649469,-0.4694017015985952,-0.48096944601378594,-0.48312370381051906,-0.48527796160725223,-0.48743221940398535,-0.4895864772007185,-0.4902889591305523,-0.4905075157714197,-0.4907260724122871,-0.49094462905315445,-0.49116318569402184,0.5082615450727591,7.231882353237772,4.8993071533788175,-7.859694208914206,168,0.013027342270696053,0.4
8b695bb3-ea3c-4372-9222-9f0b79a68b6c,frontierscience,R1-Distill-32B-cloudjudge_reasoning-auto,biology,,deepseek-ai/DeepSeek-R1-Distill-Qwen-32B,0,is_correct,False,,,True,,,,11,-0.17728795496785887,-0.16314551175895853,0.014142443208900346,2.5137352425365176,8.294765135264385,-3.486502034133917,4.808263101130469,1.1072738198556713,0.6982666037099516,-2.082573759652747,-3.1898475795084185,32.528181695448964,0.00043477509260466974,5,4,0.3157894736842105,0.7894736842105263,3.3233565223749584,4.9714086128894275,4.625095102818407,3.288882830492177,0.5555555555555556,0.4444444444444444,1.5399664748018906,1.073850148566794,1.06668312821465,0.45,0.55,2,-0.005615940196534552,0.005615940196534552,0.011231880393069105,0.003408746412866449,0.011231880393069105,-0.005615940196534552,0.005615940196534552,-0.0038424853976289047,0.0002955757998176078,0.0041380611974465124,0.007980546595075418,0.011231880393069105,1.0,0.0,1.0,1.0,0.0,0.011231880393069105,0.0,0.0005911515996352172,0.0,0.5555555555555556,0.8333333333333334,8.1917497476682555e-19,0.0014778789990880403,0.0014778789990880401,0.5,0.5,-0.17728795496785887,-1.4302237590344733,-2.309541155519933,0.1737071162250028,2.4982182941801785,4.187781096976314,4.808263101130469,2.9342232417866545,0.4942461939834968,-2.79463663650868,-2.126530500345571,2.498564602472836,3.0353646537948915,0.8466346707860342,-1.3238445576531563,-3.486502034133917,-3.3732456886647433,-2.6910108877080843,-1.4576938779976223,-0.16314551175895853,-0.005615940196534552,-0.005024788596899336,-0.004433636997264121,-0.0038424853976289043,-0.0032513337979936884,-0.0026601821983584725,-0.0020690305987232562,-0.00147787899908804,-0.0008867273994528245,-0.00029557579981760815,0.0002955757998176073,0.0008867273994528245,0.00147787899908804,0.0020690305987232554,0.0026601821983584725,0.003251333797993689,0.0038424853976289034,0.00443363699726412,0.005024788596899336,0.005615940196534552,-0.04971759128398258,0.10781198027844141,0.11904386067151052,-9.798321230295311,13,0.36363636363636365,1.0
0b946e4d-8fc8-4f65-85dc-8fb7fd227a96,frontierscience,R1-Distill-32B-cloudjudge_reasoning-auto,biology,,deepseek-ai/DeepSeek-R1-Distill-Qwen-32B,0,is_correct,False,,0.3,True,,,,11,0.5250007035971123,3.060370004812726,2.5353693012156135,2.020817546386293,7.150245246442703,-4.005142520664344,3.1451027257783584,0.08777230302925851,-0.35280667990309134,0.05760181102579994,-0.030170492003458567,39.20688476145818,0.06466643082308789,8,6,0.42105263157894735,0.8947368421052632,7.06551252547707,0.08473272096563234,5.005597420374723,5.053745392952884,0.3333333333333333,0.4444444444444444,2.907828534782126,0.8008946634537473,0.8763761520518489,0.45,0.55,11,2.3218032356155627,2.2948515959884555,-0.026951639627107227,2.9460405515397436,10.200266882865542,-5.044275886782843,5.155990996082698,0.6730107243713396,-1.2413033459650573,0.3390322808695829,-0.33397844350175665,46.61230270709121,0.0005782087144775842,8.0,6.0,0.10526315789473684,0.6842105263157895,7.339127482771299,2.8611394000942427,4.992212720209467,5.778335593668766,0.7777777777777778,0.1111111111111111,2.7248089705136427,1.2424093985487699,1.339602131845696,0.45,0.55,0.5250007035971123,0.5696842834554906,0.7091424235184541,1.7015716054226855,1.7755624070830693,-1.8242003122319481,-2.8423549896400537,2.1632424307346696,3.1451027257783584,-1.9086426671745258,-3.227726970998381,-0.8121501856931967,-0.4289103303419354,-1.4005617616266282,-0.020179712789046178,2.368216684672382,-0.19901002909266774,-4.005142520664344,-0.8586435607842509,3.060370004812726,2.3218032356155627,4.117603930265042,5.155990996082698,-0.6223445975860677,-4.7176763667394495,-2.0809928378312823,0.5366907107928747,3.1100409720876767,3.0854343690140835,-0.8361075306121153,-2.7609264611001096,-2.689022422449896,-3.5542664619121958,-5.044275886782843,-1.9967298100974293,2.9954829101120373,1.230289251016969,-2.224256002904238,-0.2654442588982966,2.2948515959884555,0.88472204830083,0.14615527910366666,0.11920363947655943,1.6229870230831374,22,0.2,0.21818181818181817
0949d931-d0ad-4146-86e7-ef725919e3de,frontierscience,R1-Distill-32B-cloudjudge_reasoning-auto,chemistry,,deepseek-ai/DeepSeek-R1-Distill-Qwen-32B,0,is_correct,False,,,True,,,,74,-2.466062924916291,0.03532221720432378,2.501385142120615,1.690251301508104,7.797837694463144,-3.624255017864118,4.173582676599026,-1.2677374293464614,-0.27890424555195076,0.04747714412814096,1.3152145734746024,42.64712299984281,0.05865308058716727,14,11,0.631578947368421,0.5789473684210527,3.6595772350684417,4.1382604593947026,7.797837694463144,6.212223742392027,0.6111111111111112,0.6666666666666666,4.293735066939032,0.40714592052608334,0.9342273635020852,0.3,0.7,2,3.756162078957976,-3.756162078957976,-7.512324157915952,2.279903910069034,7.512324157915952,-3.756162078957976,3.756162078957976,2.570005632971246,-0.1976927409977878,-2.767698373969034,-5.33770400694028,7.512324157915952,1.0,0.0,1.0,0.0,1.0,0.0,7.512324157915952,-0.395385481995576,0.3953854819955769,0.1111111111111111,0.16666666666666666,2.9605947323337506e-16,0.9884637049889411,0.988463704988941,0.5,0.5,-2.466062924916291,1.1996233575503643,-2.586393530300291,-1.181518123726719,-1.5426653365187142,-0.4906430490824177,-1.8065023984311608,-0.12408829919769238,0.3333366968841105,-1.6864918498255461,1.0142271403335652,-3.624255017864118,4.173582676599026,-2.0386410657930005,-0.6617354343879571,-0.03355425135404311,1.3868263219502748,-0.08951127902369338,-0.3524847096200592,0.03532221720432378,3.756162078957976,3.3607765969623995,2.965391114966823,2.570005632971247,2.17462015097567,1.779234668980094,1.3838491869845178,0.9884637049889413,0.5930782229933649,0.19769274099778844,-0.197692740997788,-0.5930782229933644,-0.9884637049889404,-1.3838491869845164,-1.7792346689800933,-2.17462015097567,-2.570005632971246,-2.965391114966822,-3.360776596962399,-3.756162078957976,1.2900822075106655,5.010922069264318,-2.501402088651634,-2.816932483965701,76,0.030729359496482783,1.0
2d0a5720-a17d-4886-877d-ee910ea9626a,frontierscience,R1-Distill-32B-cloudjudge_reasoning-auto,chemistry,,deepseek-ai/DeepSeek-R1-Distill-Qwen-32B,0,is_correct,False,,0.0,True,,,,57,2.7256926795908445,2.4177778309185616,-0.3079148486722829,1.7872908151291618,5.234224904183993,-2.3927530635570724,2.841471840626921,0.5449266151223132,1.8939498311032141,-0.6088859003263621,-1.1538125154486754,39.299171971397605,0.007835148508889372,15,8,0.5789473684210527,0.7368421052631579,4.810530894475634,0.42369400970835924,4.4906454058413345,4.83145015075816,1.0,0.7222222222222222,3.9364164188050808,1.211238405818761,0.5402974197377353,0.65,0.35,5,-1.8111033005814314,0.507215105035607,2.3183184056170383,1.170739526695025,4.412293671702615,-1.8111033005814314,2.6011903711211843,0.7081709073667154,-0.7330998876505068,0.42940036159515826,-0.27877054577155713,10.920470341855056,0.212291076578596,2.0,3.0,0.2631578947368421,0.0,2.3183184056170383,2.0939752660855775,0.9820936193976295,1.0106040817444963,0.1111111111111111,0.4444444444444444,0.2203654825647562,0.5376846855267693,0.4175897201475487,0.6,0.4,2.7256926795908445,1.8834968684854525,2.1735021461082518,-1.7479242844625604,0.398428040340264,-0.6174390289981595,-1.0012701152079,2.5928918841991484,0.8931541545447574,2.6589539173947814,1.0382654972554426,2.841471840626921,0.794214436500361,2.438697087201087,-2.3927530635570724,1.368221733209352,-1.251695067454003,-1.7219992601522376,-2.0728675749227734,2.4177778309185616,-1.8111033005814314,-0.8290096811838021,0.15308393821382715,1.1351775576114567,2.1172711770090857,2.6011903711211843,1.5905862893766884,0.5799822076321925,-0.43062187411230335,-1.4412259558567997,-1.699885596997826,-1.2066007975353807,-0.7133159980729367,-0.22003119861049258,0.2732536008519526,0.41404432245199196,0.43733701809789566,0.4606297137437994,0.4839224093897032,0.507215105035607,-0.5712977269972617,-4.8001788584972545,-2.481860452880216,-5.4931244604622975,62,0.041353383458646614,0.4
e5e3780b-d0a6-4a42-b468-2b196bfe4663,frontierscience,R1-Distill-32B-cloudjudge_reasoning-auto,physics,,deepseek-ai/DeepSeek-R1-Distill-Qwen-32B,0,is_correct,False,,0.06000000000000001,True,,,,149,0.2633179961482546,-4.674966770418676,-4.93828476656693,2.371304361666864,9.193942442645081,-4.674966770418676,4.518975672226405,1.0731808592600502,0.13707087090197437,-2.538576872844609,-3.6117577321046594,45.76606163174756,0.10790276878754367,12,7,0.2631578947368421,1.0,0.0,9.193942442645081,4.336427846876456,6.575144187050807,0.2222222222222222,0.7222222222222222,3.98750434921018,0.7852214446906151,1.1232064009872889,0.6,0.4,7,0.18794703029889925,-2.1810599383665283,-2.3690069686654276,2.3453439324107226,7.06060916553294,-2.1810599383665283,4.879549227166412,-0.1602664208966981,2.281301270873151,-2.124871727065927,-1.964605306169229,15.56361418585213,0.15221444970146703,2.0,3.0,0.47368421052631576,1.0,0.0,7.06060916553294,1.3470236004026033,2.247586888785612,0.2777777777777778,0.5555555555555556,0.4346917382734574,1.0450587639318865,0.940158084559906,0.4,0.6,0.2633179961482546,-2.7904967628398216,1.2261956758854138,1.7746493535898347,0.18254782534994995,4.518975672226405,2.3370762544603148,0.296978390311911,1.7432766176033567,-1.9174846642336771,-2.4423393677125693,1.101934564350475,0.1357478650131514,2.0413826909811728,-4.5337614960696335,-2.2361529285931034,0.08234598789205916,-0.6596772791404151,-3.2092487507378857,-4.674966770418676,0.18794703029889925,-0.4472867736097135,-1.0825205775183262,-1.7177543814269391,-0.7011070150762053,0.6459165853263977,1.992940185729001,3.0513483461890045,3.965448786677708,4.879549227166412,4.212806003017961,1.9652191142323487,-0.2823677745532587,-1.8228948066181172,-1.9493021252414748,-2.0757094438648322,-2.1810494582780984,-2.1810529516409085,-2.181056445003718,-2.1810599383665283,2.292367562552876,7.155281363270451,4.786274394605023,-2.6630461965785486,156,0.013422818791946308,0.2857142857142857
1e2f4cbe-4a38-4dd3-9378-14df40f7599f,frontierscience,R1-Distill-32B-cloudjudge_reasoning-auto,physics,,deepseek-ai/DeepSeek-R1-Distill-Qwen-32B,0,is_correct,False,,,True,,,,333,-2.668178611553544,-0.00245913133550673,2.665719480218037,1.9482743811818986,7.873011350872719,-3.702633813772924,4.170377537099795,-0.6481418686288605,0.6874706196481072,-0.12151389105257697,0.5266279775762835,43.36677257614387,0.06146916917871941,11,8,0.10526315789473684,0.3157894736842105,3.7001746824374173,4.172836668435302,4.0108503716741115,5.780782569298067,0.0,0.1111111111111111,3.4276617044081505,0.7586109644577496,0.7813000689167863,0.45,0.55,6,2.581812246766299,-0.09597808642804218,-2.6777903331943413,2.210298056450856,7.909313636392697,-4.126150914029783,3.7831627223629134,0.1878645590481465,0.17054210508435722,-0.9850857412141903,-1.172950300262337,22.194209294389687,0.12065265753221677,3.0,3.0,0.5789473684210527,0.3684210526315789,4.030172827601741,3.8791408087909556,2.5491239708068845,1.8743572892551934,0.5555555555555556,0.7222222222222222,0.6253363052053263,0.8307833035424125,1.0008666934602932,0.4,0.6,-2.668178611553544,1.342671760120567,4.170377537099795,-1.6104050321982712,-0.27155338821625197,-1.7972715318813939,-3.702633813772924,-1.5787246684828427,0.6061692865742108,1.4192982153238267,0.45150609987770896,0.6363462998483163,3.434850604384231,-0.1571514999887007,-1.0734769454188917,1.8413505792659686,-2.5490852705970997,-0.21506148489029903,1.2696489066603667,-0.00245913133550673,2.581812246766299,1.8800084175753295,1.1782045883843602,0.4764007591933903,-0.3376115922762847,-1.6004580328607843,-2.8633044734452837,-4.126150914029783,-3.8642091900577333,-1.315085219250852,1.234038751556029,3.7831627223629134,3.678197937132558,1.8038406478773692,-0.07051664137782421,-1.9448739306330172,-1.8515838512091072,-1.2663819296154197,-0.681180008021731,-0.09597808642804218,-0.029584850724865323,2.5546865273769406,-0.12310380581740077,-0.6935132708477738,339,0.006186909801367633,0.3333333333333333
bb0539ef-d9fd-4215-bf16-b0eca44a8778,frontierscience,R1-Distill-32B-cloudjudge_reasoning-auto,physics,,deepseek-ai/DeepSeek-R1-Distill-Qwen-32B,1,is_correct,True,,,True,,,,357,2.783443492473245,0.2309927326886042,-2.552450759784641,1.7559317049085006,6.790445008863262,-4.007001516390018,2.783443492473245,0.5109298027634568,-0.41582096073095454,-0.5779943661624617,-1.0889241689259186,43.54350907571379,0.05861839833226164,13,8,0.0,0.5789473684210527,4.237994249078622,2.552450759784641,6.007864480517999,5.253319298849052,0.6111111111111112,0.3333333333333333,4.000258721465143,0.6059314352725645,0.7460416504099273,0.45,0.55,7,4.560803164483446,-0.49773898202575395,-5.0585421465092,2.5359840959467217,9.091492764668644,-4.530689600185197,4.560803164483446,0.17100031520070738,0.021329262113524754,-0.9372027844907609,-1.1082030996914682,39.480165825607436,0.12812869552913966,5.0,5.0,0.0,0.15789473684210525,4.032950618159443,5.0585421465092,2.9917515146067877,3.0304975882228815,0.5555555555555556,0.0,1.4472210280603983,0.9833322703920215,1.1971777536792687,0.4,0.6,2.783443492473245,-0.7222124825380023,-1.3384970856387381,-1.3449327623441265,2.262598786140213,0.0446881083320054,1.8914205629196008,-3.3618987359294508,0.039094889958264656,2.3371986019747957,0.5283285668365805,-4.007001516390018,2.0008629641279816,-0.44733149569483643,-0.7442080618343152,-0.12388145096755947,-1.364355433733825,-0.1739427119732322,-1.2925712711544426,0.2309927326886042,4.560803164483446,1.5303055762605648,-1.5001920119623167,-4.530689600185197,-2.574546369059392,0.3789250259361516,3.332396420931695,2.345050176412156,-0.6127048878649246,-3.5704599521420066,-3.5534617269771576,-0.5617102123703699,2.430041302236412,3.672550135500564,1.4165736060794414,-0.8394029233416811,-2.6024547128154083,-1.900882802552191,-1.1993108922889726,-0.49773898202575395,0.38027472318689126,4.7100851549817335,-0.3484569915274669,-0.5751217433505822,364,0.005759607213671985,0.2857142857142857
69bd11e8-5f96-45dc-8123-b9d800101430,frontierscience,R1-Distill-32B-cloudjudge_reasoning-auto,physics,,deepseek-ai/DeepSeek-R1-Distill-Qwen-32B,1,is_correct,True,,,True,,,,421,2.79458206198608,-2.3374842592982863,-5.132066321284366,1.5350350221101976,5.493948651340185,-2.3374842592982863,3.156464392041899,-0.09234307848797976,0.5580082213548417,-1.347027858745583,-1.2546847802576033,30.20960897238524,0.1698819182325602,10,9,0.42105263157894735,1.0,0.0,5.493948651340185,2.5051641817764043,5.115716679738372,0.5555555555555556,0.4444444444444444,2.6207196720957127,0.5242025390237155,0.7653280966439887,0.35,0.65,2,3.706248345179926,-3.706248345179926,-7.412496690359852,2.24960742274645,7.412496690359852,-3.706248345179926,3.706248345179926,2.5358541309125813,-0.19506570237789056,-2.730919833290472,-5.266773964203053,7.412496690359852,1.0,0.0,1.0,0.0,1.0,0.0,7.412496690359852,-0.3901314047557811,0.3901314047557829,0.6111111111111112,0.7222222222222222,4.194175870806147e-16,0.9753285118894542,0.975328511889454,0.5,0.5,2.79458206198608,-0.1399485436550234,-0.7409828784806545,-0.8151697909923996,0.7835860244064303,-1.2804250784423385,-1.2480433442379528,0.793342490373512,3.156464392041899,-1.959252287696473,0.012844906300881441,2.5180090880772856,-1.0405728569014332,0.42522181728822117,-1.2275139585106403,-0.8923879928429317,-0.8404326091163248,-0.6674439688066831,-2.116904363898633,-2.3374842592982863,3.706248345179926,3.3161169404241444,2.925985535668363,2.535854130912581,2.1457227261567993,1.7555913214010177,1.3654599166452361,0.9753285118894541,0.5851971071336726,0.195065702377891,-0.19506570237789056,-0.5851971071336726,-0.9753285118894537,-1.3654599166452348,-1.7555913214010177,-2.1457227261567997,-2.535854130912581,-2.925985535668362,-3.316116940424144,-3.706248345179926,1.196201169914431,7.239933774392643,-0.17256291596720885,-2.9686570119554574,423,0.004863703200995362,1.0
ee749fc0-8faa-45f7-881b-b5703b1a4b01,frontierscience,R1-Distill-32B-cloudjudge_reasoning-auto,chemistry,,deepseek-ai/DeepSeek-R1-Distill-Qwen-32B,0,is_correct,False,,,True,,,,194,2.664512831895551,2.4649300851048332,-0.19958274679071764,2.040610541794124,6.877057769351668,-2.626753022924242,4.250304746427426,0.05380475226740211,-1.0555295187104092,2.158117031266945,2.1043122789995428,27.08717864640368,0.007368162974670524,10,4,0.9473684210526315,0.5789473684210527,5.091683108029075,1.7853746613225931,3.997908906695828,2.5227458150773225,0.6666666666666666,0.8333333333333334,2.2750488940786338,1.051574462533183,0.7547430214081523,0.45,0.55,5,2.682684327155924,0.12638659067775962,-2.5562977364781645,2.148243686365808,7.192885393643559,-4.510201066487634,2.682684327155924,0.8242017138125781,-2.5926027939084975,1.2007005397243715,0.3764988259117934,15.535500200931821,0.16454557004381729,2.0,2.0,0.0,0.47368421052631576,4.636587657165394,2.5562977364781645,1.5484154550374676,1.0358642677542331,0.5555555555555556,0.4444444444444444,0.28024150562828753,0.7567144192998145,1.015444635416075,0.6,0.4,2.664512831895551,1.6989477630371836,1.395537636116533,-0.12242763291242298,-2.0781729359963697,-0.7298279182429019,-2.4519364780257575,-1.8638739843329688,-2.118378208698773,-0.010791354767537648,-0.6883286598822407,-2.626753022924242,-2.039245153531465,1.958663753164363,1.9848108319392928,2.1576207362289566,-0.365125078848366,2.4561608667495247,4.250304746427426,2.4649300851048332,2.682684327155924,2.095218589116331,1.507752851076737,0.9202871130371435,0.33282137499754993,-0.36674399547070335,-1.402608263224936,-2.4384725309791686,-3.4743367987334013,-4.510201066487634,-4.253925472846019,-2.7055100178085514,-1.1570945627710874,0.3913208922663767,1.9397363473038443,1.9794001657391935,1.5161467719738355,1.0528933782084775,0.5896399844431186,0.12638659067775962,-0.006210966180622348,0.2115432758704685,-2.344754460607696,-3.2854207632397596,199,0.010843437850542172,0.4
2db1b6e6-c019-4ce3-9b53-2292f7b2c38c,frontierscience,R1-Distill-32B-cloudjudge_reasoning-auto,physics,,deepseek-ai/DeepSeek-R1-Distill-Qwen-32B,0,is_correct,False,,0.13999999999999999,True,,,,38,-2.6026574863856635,-2.294265552181941,0.3083919342037227,2.6929571189301265,11.289144060385091,-7.23974311269099,4.0494009476941,0.59874674254083,-0.0778085335188955,-0.8238201983882091,-1.4225669409290391,59.28833410746143,0.005201561805476865,12,12,0.7894736842105263,0.9473684210526315,4.945477560509049,6.343666499876042,5.250738001791668,7.289424328584737,0.0,0.9444444444444444,5.317307260862702,1.0400057846764401,1.1048234710352254,0.55,0.45,23,4.818518236276742,-0.10446342297167555,-4.922981659248418,1.8961197801334277,7.977376240360311,-3.158858004083569,4.818518236276742,0.6656629546596766,-0.06657384422963873,-0.5126343229325868,-1.1782972775922635,45.27290963690346,0.10874012071968821,10.0,11.0,0.0,0.42105263157894735,3.0543945811118935,4.922981659248418,5.60788661378851,6.387190782037755,0.4444444444444444,0.0,3.8758212507580834,0.7651645370500189,0.7092736452792817,0.45,0.55,-2.6026574863856635,2.6480805154060048,3.6096685549173713,-1.1152865939318382,1.831993862364926,0.5475273125092555,-0.7280989670942448,1.0078335392143662,-2.9135351013732214,1.0947139247995494,2.7561899870766133,-1.5141442821581312,-1.0143434026691778,0.03862560047773288,3.1664002331751333,4.0494009476941,-2.674394922219304,0.04968121589374718,-7.23974311269099,-2.294265552181941,4.818518236276742,-1.5686725457610127,1.5317657638382731,-2.5619226321145914,-0.4873826380634396,0.5782929720910506,2.3490415263507134,-0.7432575811537634,-3.158858004083569,2.449028609704942,1.041785462633763,-1.8979471116839846,1.8359397851461425,0.007291929828998843,-0.17149732059249426,-2.1301615550145385,-1.2805162993133443,0.6916264551297511,-0.08079379483321918,-0.10446342297167555,0.1415003946514825,7.254284183110165,2.3313025238617477,-2.743481659821903,61,0.06401137980085349,0.08695652173913043
30a44280-a888-42bf-913a-208aa47c8772,frontierscience,R1-Distill-32B-cloudjudge_reasoning-auto,biology,,deepseek-ai/DeepSeek-R1-Distill-Qwen-32B,0,is_correct,False,,0.0,True,,,,9,0.2847583143627601,-1.9741903796984717,-2.2589486940612318,1.0568399633710044,4.117232657235086,-1.9741903796984717,2.1430422775366145,0.2664944191068383,-0.6494410776438156,0.6210998590424174,0.3546054399355791,10.178750862708085,0.22192788924005868,2,3,0.8421052631578947,1.0,0.0,4.117232657235086,1.0567153437116583,1.9962477753494519,0.5555555555555556,1.0,0.44465863432886404,0.40870837319590364,0.3564097459711205,0.75,0.25,16,4.706777046693852,2.56581691268135,-2.140960134012502,2.33295195895827,10.835783206697165,-6.129006160003314,4.706777046693852,1.5155125374983116,-2.2189084787942783,0.8023084344846003,-0.7132041030137113,38.876094806991546,0.05507137855902821,11.0,4.0,0.0,0.42105263157894735,8.694823072684663,2.140960134012502,5.394520910592931,5.6911946875623745,0.4444444444444444,0.0,3.154361170277218,0.8584069663018614,0.8639030154100695,0.5,0.5,0.2847583143627601,0.2841910465492045,0.2836237787356489,0.2799165291113026,0.2743252904004818,0.2565289033429891,0.20211707124548067,0.14770523914797223,-0.7727187710947612,-1.8168588067868128,-1.8105711527770114,-0.7538558090653531,0.18263726905280303,0.2775744880164535,0.37251170698010416,1.144872982784845,2.1430422775366145,2.018305171000432,0.022057395650980194,-1.9741903796984717,4.706777046693852,-0.9844176408685223,0.28519385481917237,2.0433368720035894,1.3401894970216346,0.12980387661008175,3.087704256208374,-2.552407756663178,-6.129006160003314,-0.7344852494103832,-0.5137136366208805,-3.0582820962262476,-2.328550091579409,-0.21591436105653544,-0.2802093500677563,-0.481073965705164,1.2929341111142123,1.2968721029827086,0.4195107959022514,2.56581691268135,0.542607066263828,7.223574492656152,5.082614358643649,8.20614923171754,25,0.2222222222222222,0.19166666666666668
90ddb7c3-4bf1-43b6-820a-c89f3858781a,frontierscience,R1-Distill-32B-cloudjudge_reasoning-auto,biology,,deepseek-ai/DeepSeek-R1-Distill-Qwen-32B,0,is_correct,False,,,True,,,,84,2.6192115539279737,4.7686597711487675,2.149448217220794,1.8343375604552246,6.772785459238218,-2.00412568808945,4.7686597711487675,0.9516777302343989,0.042267952972618685,0.9779549761928624,0.02627724595846348,37.81045175856823,0.05684799089272207,11,8,1.0,0.15789473684210525,6.772785459238218,0.0,5.324147264145716,3.563850225596499,1.0,0.2777777777777778,3.1787273580173996,1.0198413734531466,0.37857389147283194,0.5,0.5,2,-3.6520894523265426,3.6520894523265426,7.304178904653085,2.21673422159436,7.304178904653085,-3.6520894523265426,3.6520894523265426,-2.4987980463286874,0.19221523433297552,2.6910132806616622,5.18981132699035,7.304178904653085,1.0,0.0,1.0,1.0,0.0,7.304178904653085,0.0,0.3844304686659523,0.0,0.16666666666666666,0.1111111111111111,2.9605947323337506e-16,0.9610761716648796,0.9610761716648797,0.5,0.5,2.6192115539279737,-0.9332812329540165,-0.15881024026336224,-2.00412568808945,2.4709116231059274,4.11584416075511,0.5519939351586103,0.2595403084841066,0.11735794841140201,-1.048782459509526,2.652924086279925,0.29787451034297646,-1.403606083297268,-0.5794326399032852,2.5425095714481376,-0.3662835888019256,-0.2689244965176587,-0.25274390712319844,-0.5554874929969484,4.7686597711487675,-3.6520894523265426,-3.2676589836605907,-2.883228514994639,-2.4987980463286874,-2.114367577662735,-1.7299371089967834,-1.3455066403308318,-0.9610761716648799,-0.576645702998928,-0.19221523433297616,0.19221523433297572,0.5766457029989276,0.961076171664879,1.3455066403308305,1.7299371089967828,2.114367577662735,2.4987980463286865,2.883228514994638,3.2676589836605903,3.6520894523265426,-1.1573553770415985,-9.578104600516909,-2.2739256958638236,-2.805409456536612,86,0.02667814113597246,1.0
cc251e69-6a32-4ed7-9315-beee80404866,frontierscience,R1-Distill-32B-cloudjudge_reasoning-auto,chemistry,,deepseek-ai/DeepSeek-R1-Distill-Qwen-32B,0,is_correct,False,,,True,,,,312,-0.16029771634961676,2.197989601230124,2.358287317579741,1.9879171747009265,7.283081196560686,-3.6245162959614916,3.6585649005991945,0.12187143454804479,-0.5595268579024203,0.34358682645677535,0.22171539190873057,44.11506922115966,0.053457636114250855,10,9,0.15789473684210525,0.631578947368421,5.822505897191616,1.4605752993690704,5.53877591505495,3.6721063997851555,0.1111111111111111,0.05555555555555555,3.508042525027934,0.7891783693603523,0.839281719597351,0.4,0.6,6,-4.374237122984439,-2.2272253635602213,2.1470117594242173,2.132634375639577,9.214135922529106,-4.374237122984439,4.8398987995446685,0.9346618567716767,-0.20612260517755984,0.655634247264418,-0.2790276095072587,25.052360745613367,0.08570097569747617,3.0,4.0,0.21052631578947367,0.0,2.1470117594242173,7.067124163104889,2.5233755636711983,1.8734560971072343,0.1111111111111111,0.2222222222222222,0.4933490737465648,1.1141093876359798,0.6624303753987134,0.6,0.4,-0.16029771634961676,1.7918953853293993,-1.8802110144557562,3.6585649005991945,1.160836401851507,-0.1897846144539755,-3.5279033006844394,-0.5072349310554625,2.5626548069587685,1.7479620857119391,-0.9154947257077601,-0.3724717668708608,-3.6245162959614916,-2.8075871783920743,-0.27736730964640494,1.1554465225025863,-2.1341757664614227,-0.38858977190775823,1.5082176830235277,2.197989601230124,-4.374237122984439,-1.8508615593132407,0.6725140043579572,3.1958895680291555,4.8398987995446685,2.9664427024374342,1.0929866053302,-0.7804694917770343,-1.6580967331502736,-1.0419806909225167,-0.42586464869475993,0.19025139353299747,0.8184904414933185,1.454811493275349,2.0911325450573814,2.7274535968394136,1.7848350344050765,0.44748156841664555,-0.8898718975717879,-2.2272253635602213,-0.4369395913578062,-7.009166315572369,-4.862154556148152,-0.6166767229422057,318,0.006616373979718032,0.3333333333333333
422512ca-5a0c-4a23-b987-7fa2eb2024e6,frontierscience,R1-Distill-32B-cloudjudge_reasoning-auto,physics,,deepseek-ai/DeepSeek-R1-Distill-Qwen-32B,1,is_correct,True,,,True,,,,118,2.628948801762871,4.641548095737897,2.012599293975026,2.121516297685089,9.310244239515328,-4.6686961437774315,4.641548095737897,1.069147605519478,-1.6990273104456741,-0.288205814863942,-1.3573534203834199,36.177167237109174,0.05563175471380129,9,6,1.0,0.3684210526315789,9.310244239515328,0.0,7.123689469003975,7.109002471056005,1.0,0.3333333333333333,2.564352250936365,0.6832403189089382,0.9901599600922892,0.35,0.65,2,-3.657575211240271,3.657575211240271,7.315150422480542,2.2200639509655096,7.315150422480542,-3.657575211240271,3.657575211240271,-2.502551460322291,0.19250395848632987,2.69505541880862,5.197606879130911,7.315150422480542,1.0,0.0,1.0,1.0,0.0,7.315150422480542,0.0,0.38500791697266035,0.0,0.05555555555555555,0.6666666666666666,4.194175870806147e-16,0.9625197924316502,0.9625197924316502,0.5,0.5,2.628948801762871,-0.36703092597719755,-0.026717134503322568,0.22804050889628424,1.3308853516385017,1.2496003095406345,2.440306327278574,-4.6686961437774315,-1.3415194975756015,1.1454769833240002,-1.5350402227849305,-3.421124080989853,-1.9195625044091034,-0.15272570690679838,-0.35317595511396604,-0.5319233427979806,-1.1749173428663884,-1.8286249708771356,-2.482141373266078,4.641548095737897,-3.657575211240271,-3.272567294267611,-2.887559377294951,-2.502551460322291,-2.1175435433496306,-1.7325356263769707,-1.3475277094043103,-0.9625197924316504,-0.5775118754589905,-0.19250395848633017,0.19250395848632973,0.5775118754589901,0.9625197924316504,1.3475277094043099,1.7325356263769702,2.1175435433496306,2.50255146032229,2.8875593772949504,3.2725672942676107,3.657575211240271,-1.154207443044647,-9.453330750022815,-2.1381803275422726,-2.8931123758088937,120,0.01839779805881501,1.0
516da073-8d2a-4db5-a739-c752655ec14c,frontierscience,R1-Distill-32B-cloudjudge_reasoning-auto,physics,,deepseek-ai/DeepSeek-R1-Distill-Qwen-32B,1,is_correct,True,,,True,,,,113,2.67966269647622,-4.883956378285587,-7.563619074761807,2.438611066156498,9.28969322415243,-4.883956378285587,4.405736845866842,1.2968716451126678,0.7630750294856775,-1.9974414282917818,-3.2943130734044495,42.76802557821423,0.1768521920875082,12,7,0.5263157894736842,1.0,0.0,9.28969322415243,6.569173194348027,6.318481319242268,0.5,0.4444444444444444,4.297469243261956,1.1022809459065441,0.980532038284658,0.55,0.45,9,4.6591465378180335,-0.39250813455118005,-5.051654672369214,1.6217173834760568,7.131256415543923,-2.4721098777258894,4.6591465378180335,1.0534074354779164,-0.9402986901065722,-0.5799978608789781,-1.6334052963568944,17.04615787908404,0.2963515126518739,3.0,3.0,0.0,0.631578947368421,2.0796017431747096,5.051654672369214,2.0159990818115867,2.016898800246638,0.7222222222222222,0.8333333333333334,0.7200542859700511,0.5096976613537472,0.6441089587374701,0.25,0.75,2.67966269647622,0.7415428696114814,0.665362749101436,1.6825009083740907,0.752618319090578,1.3516891951174037,1.2047247780174652,-1.2719836630272083,4.155044970761085,-2.163436348481184,4.405736845866842,3.749714474859933,-2.159300052856022,-1.3742510207237046,-1.201354641796167,0.6570211108543478,-2.8672091720468256,-1.9954115410096747,-1.6937379474667844,-4.883956378285587,4.6591465378180335,2.6942836616708226,0.7294207855236112,-0.06618384011534605,-0.16023351544935094,-0.23427744481696205,-0.2483041362853917,-0.2623308277538213,-0.3060208727931826,-0.3539485397712484,-0.8718486658270292,-1.859721250960527,-2.4721098777258894,-0.4561107959143067,1.55988828589728,0.5512139561651976,-1.4656848440814403,-2.3577615742854237,-1.375134854418302,-0.39250813455118005,0.26717343229562834,9.810276348399249,4.758621676030035,-2.705599401233375,122,0.019279393173198482,0.2222222222222222
710c1336-0995-4d45-bfea-48ff475f255f,frontierscience,R1-Distill-32B-cloudjudge_reasoning-auto,physics,,deepseek-ai/DeepSeek-R1-Distill-Qwen-32B,0,is_correct,False,,,True,,,,97,2.496325121997017,8.323925278771712e-05,-2.496241882744229,2.2619928388934145,7.543901752258595,-4.785985636956791,2.757916115301805,-0.03564582919847054,-0.6882654614974033,-2.0299775190299556,-1.9943316898314851,51.207923507337966,0.048747180353574074,13,8,0.6842105263157895,0.05263157894736842,4.786068876209578,2.757832876049017,4.609687068903942,7.282310758953807,0.05555555555555555,0.0,4.618766997461929,0.49898169936798425,1.3613439068205266,0.35,0.65,5,2.3784911960292936,2.6935536657692856,0.31506246973999197,1.4664197942864674,5.033531291901932,-2.339977626132646,2.6935536657692856,-0.35660381467060376,-1.0395725833819534,0.07166570857929593,0.4282695232498997,13.467959931443751,0.023393481369395314,3.0,2.0,1.0,0.2631578947368421,5.033531291901932,0.0,1.0744034906734288,1.0183497620080395,0.9444444444444444,0.16666666666666666,0.22062686589091243,0.44689374136756665,0.9140557681121729,0.3,0.7,2.496325121997017,-4.785985636956791,-0.1762985680528482,0.342588576640514,2.5144351896393724,-0.6219555568591391,-0.018629930797419356,-1.8471513749240247,-1.15661770780678,-2.4479512781019,-2.6480456453934975,1.5334855053462548,-1.0094938449036812,2.757916115301805,0.33480023918193424,-3.344135683041556,-0.09612864561332086,-4.509954959064098,-4.564529304895482,8.323925278771712e-05,2.3784911960292936,1.3601414340212543,0.34179167201321503,-0.676558089994824,-1.6949078520028635,-2.339977626132646,-1.865207436627656,-1.3904372471226663,-0.9156670576176766,-0.4408968681126866,-0.4357592619464337,-0.9002542391189192,-1.3647492162914034,-1.829244193463888,-2.2937391706363734,-1.6040602969244242,-0.5296568062509981,0.5447466844224285,1.6191501750958572,2.6935536657692856,-0.048129168501389916,2.330278788275116,2.645341258015108,-6.771699828697894,102,0.022336769759450172,0.4
328c6a47-15d7-470e-99f5-73e468634614,frontierscience,R1-Distill-32B-cloudjudge_reasoning-auto,physics,,deepseek-ai/DeepSeek-R1-Distill-Qwen-32B,0,is_correct,False,,,True,,,,245,-0.11419969099585528,0.009451048224439953,0.12365073922029524,2.1252598629876314,8.179790240856162,-4.620868884258624,3.5589213565975384,-0.10486738927801285,-0.6211773795797664,0.40560791234406085,0.5104753016220737,38.55968085148164,0.0032067365831308227,9,7,0.10526315789473684,0.6842105263157895,4.630319932483064,3.5494703083730985,4.401052657308025,4.838975870640738,0.3333333333333333,0.1111111111111111,3.338935080877448,0.7432794905554354,0.8757127859524401,0.45,0.55,4,4.283389474370371,-3.1579524942376933,-7.441341968608064,2.6712463821113386,9.063602922408966,-4.780213448038595,4.283389474370371,-0.24841198683411214,0.056704654006880705,-0.26995415561940383,-0.021542168785291693,24.548255901577658,0.30313118774885456,2.0,3.0,0.0,0.3157894736842105,1.622260953800902,7.441341968608064,1.4908510906299943,1.510600487068161,0.5555555555555556,0.0,0.3137501113208596,1.0750409730321744,1.2231247862075265,0.5,0.5,-0.11419969099585528,0.3228010716350216,3.5589213565975384,-1.280054514043199,-0.5860296176418189,-0.4348222100437482,-2.2006881204540285,2.200364536853997,0.5326406464401634,-0.749141210846088,1.5190012132962218,0.6407542004669219,-3.8709921590109566,-4.620868884258624,-2.5465023214711606,-0.7379144372027215,-0.37304255308059897,3.5332484780491655,2.548407259545241,0.009451048224439953,4.283389474370371,2.77278898730221,1.262188500234049,-0.24841198683411214,-1.7590124739022732,-3.2696129609704343,-4.780213448038595,-4.289846216641321,-2.798995126011328,-1.3081440353813356,0.18270705524865694,1.6735581458786513,3.164409236508642,3.773243518446201,2.6180441829988848,1.462844847551568,0.30764551210425406,-0.84755382334306,-2.0027531587903766,-3.1579524942376933,0.6363857282522619,4.910324154398193,-2.5310178142098714,-0.7859908900286463,249,0.008497825359652057,0.5
af36a1cb-5949-4385-93a0-1f875500c34a,frontierscience,R1-Distill-32B-cloudjudge_reasoning-auto,biology,,deepseek-ai/DeepSeek-R1-Distill-Qwen-32B,0,is_correct,False,,,True,,,,19,-0.2708353041093212,2.2592641668741122,2.5300994709834335,1.4595606899689109,6.701355097213452,-2.563325647635499,4.138029449577953,-0.12365669867675985,-0.2736887122008153,0.4635696460238376,0.5872263447005974,29.550138963339144,0.08562056084143484,9,5,0.15789473684210525,0.05263157894736842,4.822589814509611,1.8787652827038408,4.419491202962151,5.028858759954769,0.1111111111111111,0.16666666666666666,2.2694533725429613,0.5001464552775148,0.5001464552775148,0.35,0.65,4,-1.852227665820803,3.2841887103406924,5.136416376161495,1.3381941487058788,5.136416376161495,-1.852227665820803,3.2841887103406924,-0.7914202442139953,-0.8352140877062803,1.2696869642052813,2.0611072084192763,8.849102076955017,0.5804449232807292,2.0,3.0,1.0,0.0,5.136416376161495,0.0,0.8058006984541652,0.34839006029760133,1.0,0.5555555555555556,0.10312129405101716,0.43936591865193436,0.6277818455624464,0.35,0.65,-0.2708353041093212,-2.563325647635499,-0.28146175338419743,4.138029449577953,-0.8908293103768159,-0.8097538046508945,-0.18742052015854402,-0.1497766301663711,-0.11663228382530602,-1.2427829141270463,-0.32441639396424593,1.0555372238409162,-0.10796139343943155,-1.0297885937242226,-2.0279445559884,0.3907409433275991,2.0040622682765328,0.025024035710679588,0.1302710179425016,2.2592641668741122,-1.852227665820803,-1.498625191951867,-1.145022718082931,-0.791420244213995,-0.4378177703450592,-0.08421529647612314,0.2693871773928129,0.15499462848405768,-0.19339543181354324,-0.5417854921111441,-0.8901755524087451,-1.2385656127063465,-1.586955673003947,-1.5506154803842938,-0.744814781930129,0.060985916524036066,0.8667866149781993,1.6725873134323623,2.478388011886527,3.2841887103406924,-0.754344437204741,-4.865836269899656,0.27058010626183915,-2.479921578701422,23,0.16374269005847952,0.5
60ff38cc-fb55-4c3c-b75c-f59dde5de0c3,frontierscience,R1-Distill-32B-cloudjudge_reasoning-auto,physics,,deepseek-ai/DeepSeek-R1-Distill-Qwen-32B,0,is_correct,False,,0.12,True,,,,15,0.4926187575080886,3.0644567728664196,2.571838015358331,2.0432976315262654,7.515577753981397,-4.334233113179212,3.181344640802185,0.3383595954455923,-1.1601649394941014,0.977244484883764,0.6388848894381718,37.023562166411715,0.0694648992389916,9,10,0.15789473684210525,0.631578947368421,7.398689886045632,0.11688786793576522,3.5027550622295105,4.856905543803193,1.0,0.2222222222222222,2.7312733512262932,0.8520075047774881,0.8464660297293369,0.55,0.45,8,0.7747726528873962,-1.1397955005806715,-1.9145681534680676,2.4185016710326526,9.642261505655704,-5.301411600871136,4.340849904784567,0.7251434459687632,-1.1813963043061786,0.5381943786857676,-0.18694906728299565,32.73346943313815,0.05848961893204727,5.0,5.0,0.7368421052631579,0.5789473684210527,4.161616100290464,5.480645405365238,4.124688197250415,2.7290596313155473,0.6111111111111112,0.16666666666666666,1.53950876418323,0.9972215477476768,0.9954517345600417,0.45,0.55,0.4926187575080886,-1.210090775192497,0.5578104265759292,3.181344640802185,3.123668699410496,-1.7332368443926969,-2.0435977365923588,0.25459754347553326,-1.4007206500492195,1.2755115177977072,1.1451168039485597,-2.2840119275227946,-4.334233113179212,-2.7774147509292835,-0.7077165073655857,0.7620902251024544,2.5948490515668006,0.5880856564955859,-0.4382982893630909,3.0644567728664196,0.7747726528873962,1.9761416028199112,3.1775105527524263,3.255899908042638,0.5268402767270906,-2.2022193545884567,-2.432941516859664,-0.7899105773476158,0.8531203621644323,-1.1158951973644395,-3.6869185067334644,-5.301411600871136,-1.1767234036207208,2.947964793629694,4.340849904784567,2.091330901145379,-0.15818810249380455,-0.8900887869670192,-1.0149421437738453,-1.1397955005806715,1.7803271280231971,-0.5093569919558263,-2.423925145423894,3.224192544088595,23,0.17142857142857143,0.25
c330f0d8-a6ff-4ddd-940c-4d263df8bea6,frontierscience,R1-Distill-32B-cloudjudge_reasoning-auto,chemistry,,deepseek-ai/DeepSeek-R1-Distill-Qwen-32B,0,is_correct,False,,0.05,True,,,,26,-2.551967388851013,-0.3380615991104978,2.213905789740515,2.3973526771448275,8.858437659371836,-4.087038587024402,4.7713990723474335,0.13458533013608287,-0.7772963730469253,0.6811986315863797,0.5466133014502969,68.76522748029114,0.03219513511207455,14,14,0.8421052631578947,0.15789473684210525,3.7489769879139043,5.109460671457931,7.691748096557371,6.4649462514171585,0.16666666666666666,0.2222222222222222,7.099640422067677,0.9749918868471237,0.9955811623900047,0.4,0.6,10,-6.332823220527553,-0.048452694712326404,6.284370525815227,2.51375075154911,9.799543635100742,-6.332823220527553,3.4667204145731887,-0.7338142472743174,-0.043572120907196484,1.4667118080749129,2.20052605534923,24.935110518484827,0.25202898223196224,3.0,4.0,0.7894736842105263,0.0,6.284370525815227,3.515173109285515,4.0650928984853225,2.3831236644159035,0.0,0.3888888888888889,1.2285200212566658,1.0383539280052303,0.8704256144462865,0.65,0.35,-2.551967388851013,1.8181646035426353,1.2738227708259426,-4.087038587024402,3.604709509532969,-2.8602367418841896,3.744643144810638,-1.2816635823848272,-0.13574489845598725,1.6637314525079292,-0.9350851822782486,-1.5738877172033754,0.6607510107233185,-3.8391756942372863,1.9626161726516114,-0.45798773414777116,4.7713990723474335,-0.90111829994556,-0.9496558222769371,-0.3380615991104978,-6.332823220527553,-2.2677303220422305,1.797362576443092,1.337527479443478,0.312076383008248,0.03808682015160749,-0.02119944739686476,-1.6297106461902913,-4.012834310606195,-3.095761647450268,0.46146807776312215,2.490460478687727,2.6091562242513393,2.872216977194192,3.4240077448955275,3.4667204145731887,1.727659741168011,0.16970799325415795,0.06062764927091577,-0.048452694712326404,0.010033681390411076,-5.984727940026644,0.2996425857885825,0.09375729420537127,36,0.08615384615384615,0.2222222222222222
676e50c1-cea4-4361-81e1-d4409a23422c,frontierscience,R1-Distill-32B-cloudjudge_reasoning-auto,biology,,deepseek-ai/DeepSeek-R1-Distill-Qwen-32B,0,is_correct,False,,0.0,True,,,,15,0.3667488733478509,2.5897601474492533,2.2230112741014025,1.9665169815531651,6.890722333519678,-3.458825290517752,3.4318970430019258,0.12923509113839257,0.35577214569452215,-0.5511073937592746,-0.6803424848976672,51.91616017028303,0.04281925448280478,12,10,0.3684210526315789,0.42105263157894735,6.048585437967006,0.8421368955526725,5.006707070693994,6.890722333519678,0.4444444444444444,0.3888888888888889,4.773835460750767,0.8388786755573653,0.8344583607936276,0.45,0.55,7,2.239179723333439,-0.28187985685781725,-2.521059580191256,2.102527563606509,7.504495097657978,-4.184935778447826,3.3195593192101525,1.0055493876648671,-2.4432285268963905,1.333906387616494,0.3283569999516269,21.053279664766833,0.11974664376925129,4.0,5.0,0.8421052631578947,0.5263157894736842,3.9030559215900085,3.6014391760679696,1.9166996797042586,1.999627253168872,0.7777777777777778,0.3888888888888889,0.6202443957842873,0.7987758890423635,0.9017916714884485,0.6,0.4,0.3667488733478509,2.046234553091977,0.38499392298163526,-1.163050170543743,2.2117947299689376,-2.3580841343107193,-0.5839921365671907,3.4318970430019258,-3.458825290517752,1.5478817801762421,2.448151999383083,-1.5309068425584518,1.7501104617463998,-1.6979041313697922,-3.338025819037303,-0.3319153592022368,-0.07156631257083423,-1.1810597165013532,-0.9738373026931735,2.5897601474492533,2.239179723333439,1.4448568430336568,0.6505339627338744,-0.14378891756590795,0.2808833743487682,0.9493547007063362,1.617826027063904,0.5075649670705125,-1.4920622860983594,-3.4916895392672314,-4.184935778447826,-3.5718010036401378,-2.958666228832451,-1.9110098190592426,0.005689860645015532,1.9223895403492741,3.3195593192101525,2.1190795938541642,0.9185998684981738,-0.28187985685781725,0.760881459134086,0.4103010350182714,-2.1107585451729847,-1.7484238068675886,22,0.13333333333333333,0.3333333333333333
953ba4b1-94ae-42ac-9621-408386bc382b,frontierscience,R1-Distill-32B-cloudjudge_reasoning-auto,physics,,deepseek-ai/DeepSeek-R1-Distill-Qwen-32B,1,is_correct,True,,,True,,,,32,-2.7383059664250124,2.266798173332668,5.00510413975768,2.41518611412125,10.197070101713742,-4.646015126700702,5.551054975013039,-0.11520585515453477,-0.6707080339176272,0.014292007365953522,0.12949786252048828,57.72503079841141,0.08670595875880278,12,9,0.631578947368421,0.5789473684210527,6.91281330003337,3.284256801680371,10.197070101713742,6.102680646471638,0.6111111111111112,0.6666666666666666,5.393178163204869,0.8786641331990657,1.1494463921645361,0.3,0.7,2,0.47506113049325904,-0.47506113049325904,-0.9501222609865181,0.2883511696688727,0.9501222609865181,-0.47506113049325904,0.47506113049325904,0.3250418261269667,-0.025003217394382025,-0.3500450435213487,-0.6750868696483154,0.9501222609865181,1.0,0.0,1.0,0.0,1.0,0.0,0.9501222609865181,-0.05000643478876399,0.05000643478876421,0.8333333333333334,0.7777777777777778,4.3175339846533866e-17,0.1250160869719103,0.12501608697191025,0.5,0.5,-2.7383059664250124,3.891377422388751,-1.011143543024104,2.3534422081764683,-1.2687902016640025,-1.203865363453702,-0.8291555420801417,-0.9985619621556379,-1.7121450624856043,-0.21756298349407555,-2.1201004061418116,-4.646015126700702,5.551054975013039,-0.5516256714585996,-0.8727895019338856,-2.4950535416119886,1.356763081895427,2.153846803174959,-2.323812970661459,2.266798173332668,0.47506113049325904,0.42505469570449494,0.37504826091573085,0.32504182612696675,0.27503539133820265,0.2250289565494385,0.1750225217606744,0.1250160869719103,0.0750096521831462,0.025003217394382105,-0.02500321739438205,-0.07500965218314615,-0.12501608697191025,-0.17502252176067434,-0.22502895654943844,-0.27503539133820265,-0.32504182612696664,-0.37504826091573074,-0.42505469570449483,-0.47506113049325904,-2.5683996845293278,-4.360136727368737,-5.310258988355255,-12.030755067212517,34,0.08064516129032258,1.0
6646019d-bda1-4b1c-83ac-7953e853effd,frontierscience,R1-Distill-32B-cloudjudge_reasoning-auto,physics,,deepseek-ai/DeepSeek-R1-Distill-Qwen-32B,1,is_correct,True,,,True,,,,440,-2.5102825595762526,0.016117164615505955,2.5263997241917586,2.2739268010665543,8.95312847364379,-3.3133155272599737,5.639812946383817,0.6735508554240458,0.08192996002808485,-0.057063485573023154,-0.7306143409970689,54.40877750860531,0.04643367926787516,14,11,0.47368421052631576,0.42105263157894735,3.3294326918754797,5.623695781768311,8.95312847364379,8.227811725633835,0.4444444444444444,0.5,5.577087045454195,1.0587854062120514,0.8114861664757129,0.5,0.5,5,4.507066906226702,-0.5174526036429399,-5.024519509869641,1.6186076087349002,7.226963945123217,-2.7198970388965154,4.507066906226702,0.300185101493231,-0.9013802350149082,-0.5234872616846368,-0.8236723631778677,9.429408380376792,0.5328562839982613,1.0,1.0,0.0,0.2631578947368421,2.2024444352535753,5.024519509869641,0.46532307667325634,1.5459567819561117,0.2777777777777778,0.0,0.13747220170384022,0.4441665186405885,0.8116309938785665,0.15,0.85,-2.5102825595762526,0.27602998352443386,2.155565730712723,2.6149597961146163,2.518467767718378,-1.2812231713208762,0.9413384407952987,1.1202446712183969,-3.3133155272599737,5.639812946383817,-2.5879987792500185,-1.2627851708476974,-2.224467544129348,3.202019124081418,-1.3453671455897638,-0.2604352864552637,-1.044945796585183,2.6911524990764457,-0.39890234849988015,0.016117164615505955,4.507066906226702,2.96111012427059,1.4151533423144782,-0.13080343964163355,-1.6767602215977453,-2.7198970388965154,-2.254573962223259,-1.7892508855500031,-1.323927808876747,-0.8586047322034909,-0.6155747840547793,-0.5948379644306122,-0.5741011448064453,-0.5533643251822783,-0.5326275055581113,-0.5258658221769438,-0.5237625175434428,-0.5216592129099419,-0.5195559082764408,-0.5174526036429399,0.5208697679280517,5.011819509539247,-0.01270000033039409,-3.768248398893512,445,0.0046489956512735554,0.4
fbec81f3-a103-43e1-b4a8-bb2487cc24e8,frontierscience,R1-Distill-32B-cloudjudge_reasoning-auto,chemistry,,deepseek-ai/DeepSeek-R1-Distill-Qwen-32B,1,is_correct,True,,,True,,,,165,2.790614239233452,2.581517518605217,-0.20909672062823503,1.889282956241638,7.287381675089437,-2.654293792168351,4.633087882921085,0.3778652661705824,0.1440904734688941,1.1118045214577272,0.7339392552871449,40.23631032695141,0.005196717067970722,11,8,0.5789473684210527,0.5263157894736842,5.235811310773568,2.0515703643158685,7.287381675089437,7.028041590946245,0.5555555555555556,0.6111111111111112,3.7714378984308397,1.0079598551346654,0.4917339898235302,0.65,0.35,15,2.596065782586762,-2.649115055696094,-5.245180838282856,2.150602700986406,8.120607203359516,-4.424065571731803,3.6965416316277118,0.19111759970888617,-0.28001351718468,-0.06539189614029632,-0.2565094958491825,58.20780599455137,0.0901112960480565,12.0,13.0,0.5789473684210527,0.21052631578947367,1.7749505160357089,6.345656687323806,6.196539993688192,6.891468238029983,0.2222222222222222,0.6111111111111112,5.448301788972732,0.9087805627746464,0.959511702733263,0.5,0.5,2.790614239233452,0.5564775181405675,-0.4677120059581419,-0.3313411945958591,-1.1548797239733455,0.6120904461037997,0.6398075842436044,0.3852436120514997,0.10770423065653081,-2.49416029332397,-2.654293792168351,4.633087882921085,-2.394953708025159,3.4260053821706227,1.1299000210410837,0.014437535647209343,2.069788856913352,1.2125222749652798,-0.3373390784257775,2.581517518605217,2.596065782586762,-1.0304157145407546,-0.16869514787838646,0.7496481788523814,-4.424065571731803,1.7724744219563888,1.8428112487176151,-1.522583244383923,1.766645449765516,-2.210654468029073,-1.3100485302966582,3.6965416316277118,-3.194926606402271,0.8149311474259378,2.553493650147407,-2.202010301033381,-0.47771941467292023,1.287516512902419,1.095483231510791,-2.649115055696094,-0.0031408952204933695,0.011407368761052084,-5.233773469521804,-0.6194389631700723,180,0.012860310421286032,0.13333333333333333
50f7d1e4-51bd-4013-a570-a02988ca3aa2,frontierscience,R1-Distill-32B-cloudjudge_reasoning-auto,chemistry,,deepseek-ai/DeepSeek-R1-Distill-Qwen-32B,1,is_correct,True,,,True,,,,286,2.521359889303748,-2.4361809988584766,-4.9575408881622245,2.9238437042262695,9.677524538515765,-4.75884980542962,4.918674733086144,2.739123580333434,0.09932287303233411,-0.7468324522217706,-3.4859560325552046,52.38067979540234,0.0946444549312124,11,7,0.5263157894736842,0.47368421052631576,2.322668806571144,7.354855731944621,9.677524538515765,9.47594155360676,0.5,0.3888888888888889,5.000767322596819,1.6020095011519966,0.8326029781405092,0.65,0.35,12,2.3725805804765887,-2.9992830521687335,-5.371863632645322,2.1713271048468403,8.624856887745102,-4.520072058525935,4.104784829219167,0.6038115220302883,-0.04836072425356016,-0.6313606283449856,-1.235172150375274,46.066035627061694,0.11661224065674966,9.0,9.0,0.631578947368421,0.3684210526315789,1.5207890063572016,7.1040678813879,5.493119609915655,5.414016031606392,0.6111111111111112,0.5,3.532193477344045,0.9456025611922503,0.9406029704738913,0.55,0.45,2.521359889303748,4.146962533470743,2.5856659028549482,2.572505759865893,4.916920274374396,-0.015569058317142118,2.4460197607814487,4.803799426938157,-4.672142126668602,-4.75884980542962,4.918674733086144,0.027630221754110725,0.2505247506535844,0.1256229108925645,-0.007271337276959226,-2.3238671421366823,-2.4381790941227,2.583585648151317,0.14091821091287735,-2.4361809988584766,2.3725805804765887,2.378420497051832,1.6055256297634255,-1.2439953278280491,-1.1016586740797407,1.5338926557850563,-1.318084706957094,-4.520072058525935,0.9723489074315941,2.498792783365891,-2.915223248240501,-1.3883347806964883,4.104784829219167,0.9091784976713515,-1.9244024828537702,0.781057289881899,1.6000826948145686,0.15538685838363353,-1.401005078127511,-2.9992830521687335,0.21310762174891124,5.021869201083977,-0.34999443156134546,-1.9515265595861422,298,0.007238375659428291,0.16666666666666666
94c55a69-1e8d-4934-ae59-2cf0401e1b01,frontierscience,R1-Distill-32B-cloudjudge_reasoning-auto,physics,,deepseek-ai/DeepSeek-R1-Distill-Qwen-32B,0,is_correct,False,,,True,,,,257,-2.6667908801181133,-2.5694626444601942,0.09732823565791904,2.6300163471304367,8.832653975708723,-4.653433507811562,4.179220467897162,-0.28670188526103335,-0.09433236512675422,0.7015321913521793,0.9882340766132126,65.19094573775565,0.0014929716781444224,12,10,0.21052631578947367,0.10526315789473684,2.083970863351368,6.748683112357356,6.902589357022877,7.09493285258676,0.1111111111111111,0.05555555555555555,5.697327224758081,1.2016556795574977,1.1245580097875698,0.55,0.45,4,-2.4516813597471874,-0.11853524919999714,2.3331461105471902,2.104541919170201,6.966186431513596,-2.4516813597471874,4.514505071766409,1.0314118560096106,0.7851160353272922,-0.99199455351271,-2.0234064095223205,15.791831413181022,0.14774385880283494,2.0,2.0,0.3157894736842105,0.0,2.3331461105471902,4.633040320966406,1.161031071918933,1.1420233025049882,0.16666666666666666,0.5,0.21080341103633313,1.040018014173318,0.701831618259215,0.4,0.6,-2.6667908801181133,2.4414993447751976,-4.653433507811562,2.2491558492113146,4.179220467897162,-0.37164884714372715,-3.1849156236375045,0.8568063142658788,3.3585985646816114,0.049340548591866415,-2.392773160831731,1.4089748604103107,-1.8222100720158638,-2.1190636109893517,2.7063338793894123,4.012398985741654,0.3428580003280586,2.4279267758574927,-2.710861848743349,-2.5694626444601942,-2.4516813597471874,-1.2906502878282546,-0.1296192159093219,1.0314118560096106,2.1924429279285436,3.353473999847476,4.514505071766409,4.140166560736062,2.998143258231074,1.8561199557260863,0.7140966532210982,-0.42792664928389,-1.5699499517888773,-2.2148375795505078,-1.8654538578254225,-1.5160701361003373,-1.1666864143752524,-0.8173026926501679,-0.4679189709250826,-0.11853524919999714,-0.005642957660358928,0.11213832705264792,2.445284437599838,-2.8536281077866263,261,0.008086089494163425,0.5
eeb31abb-41cb-4fe6-9864-f98fdcef338d,frontierscience,R1-Distill-32B-cloudjudge_reasoning-auto,biology,,deepseek-ai/DeepSeek-R1-Distill-Qwen-32B,0,is_correct,False,,,True,,,,8,0.11301454400504651,0.5510421779088932,0.4380276339038467,2.9947956051869102,12.560145609093276,-5.605952824219067,6.954192784874209,-0.5129005241992826,2.0355701929471994,-1.8311321683689321,-1.3182316441696496,41.35810464562383,0.01059109544929775,5,6,0.42105263157894735,0.8421052631578947,6.15699500212796,6.4031506069653155,2.9218028613482954,4.091720288045278,0.6111111111111112,0.7777777777777778,1.7133441295960026,1.1412931852445243,1.1576984516934328,0.4,0.6,2,-1.5979179591096084,1.5979179591096084,3.195835918219217,0.9698994149779036,3.195835918219217,-1.5979179591096084,1.5979179591096084,-1.0933122878118373,0.084100945216295,1.1774132330281322,2.2707255208399695,3.195835918219217,1.0,0.0,1.0,1.0,0.0,3.195835918219217,0.0,0.1682018904325906,0.0,0.5555555555555556,0.6111111111111112,1.8503717077085943e-16,0.4205047260814759,0.42050472608147593,0.5,0.5,0.11301454400504651,-0.7398421898736541,-1.5926989237523548,-1.943272630065076,-1.0381387674628482,-0.13300490486062033,1.743639202614529,4.34891599374437,6.954192784874209,3.8760907238943796,-0.1492411457703966,-3.182125196719017,-0.2603223353707218,2.661480525977573,2.5774877518714803,-1.5142325361737976,-5.605952824219067,-4.847105779037032,-2.148031800564069,0.5510421779088932,-1.5979179591096084,-1.429716068677018,-1.2615141782444277,-1.0933122878118375,-0.925110397379247,-0.7569085069466567,-0.5887066165140664,-0.42050472608147604,-0.25230283564888567,-0.0841009452162953,0.08410094521629508,0.25230283564888567,0.4205047260814756,0.5887066165140658,0.7569085069466563,0.9251103973792469,1.093312287811837,1.2615141782444272,1.4297160686770178,1.5979179591096084,1.3009146525656763,-0.8480454844528253,2.3477904337663915,-10.9055550290484,10,0.42857142857142855,1.0
19962a30-eaf9-4b7e-86c7-17c02cdb01bd,frontierscience,R1-Distill-32B-cloudjudge_reasoning-auto,physics,,deepseek-ai/DeepSeek-R1-Distill-Qwen-32B,1,is_correct,True,,,True,,,,127,-2.5201487418457806,2.4504741302170134,4.970622872062794,1.9439066929367745,7.526090276942954,-3.516147518522692,4.009942758420262,0.35691807461060154,-1.3073958606724878,-0.19852340927694825,-0.5554414838875498,46.81811193078909,0.10616880235176579,12,11,0.15789473684210525,0.5263157894736842,5.9666216487397055,1.5594686282032488,5.133758139013409,5.364733677248749,0.1111111111111111,0.16666666666666666,4.298121853013484,0.612126559600472,1.0043508075052165,0.4,0.6,4,2.4753986646784645,-2.5112025197791086,-4.986601184457573,2.512301277558839,8.787244521242847,-4.37760474649745,4.409639774745397,-0.9511030409094928,0.64529304857819,0.3724817696061022,1.323584810515595,22.561090226943268,0.22102660528800128,2.0,3.0,0.6842105263157895,0.3157894736842105,1.8664022267183418,6.920842294524506,1.5082828691936125,1.1534737157540853,0.5555555555555556,0.7222222222222222,0.2951225938520725,1.0779194893463366,1.073208455780462,0.5,0.5,-2.5201487418457806,1.967356753959764,-1.1238153805931472,4.009942758420262,-1.3547909188284863,0.4660586659787352,1.0538233851828633,-0.30622534152235037,-0.2550896739956403,-0.05162086203679417,-3.516147518522692,0.5034174636181206,-3.033091083340323,-2.4930140089077355,1.673822383956192,0.11763565067648907,-2.4329324034557396,-1.9959979025708088,-1.0041423144848358,2.4504741302170134,2.4753986646784645,1.3332314294824787,0.19106419428649302,-0.9511030409094929,-2.0932702761054784,-3.2354375113014644,-4.37760474649745,-3.7528052454337053,-2.2445223762400945,-0.7362395070464833,0.7720433621471274,2.28032623134074,3.788609100534349,4.409639774745397,3.2561660589913117,2.102692343237227,0.9492186274831442,-0.20425508827093797,-1.3577288040250233,-2.5112025197791086,-0.023822400409901415,0.0011021340515497968,-4.985499050406023,-0.7624732026541139,131,0.0169978752655918,0.5
7c94f50a-0896-450f-8d55-00c98aca5158,frontierscience,R1-Distill-32B-cloudjudge_reasoning-auto,chemistry,,deepseek-ai/DeepSeek-R1-Distill-Qwen-32B,0,is_correct,False,,0.22000000000000003,True,,,,7,-0.12637216210099972,-2.344512241949005,-2.2181400798480055,1.90346637079242,6.588425019671838,-2.344512241949005,4.243912777722834,0.15659078316626202,0.20739172290598887,0.008842234854305575,-0.14774854831195644,23.171228403505683,0.09572820401323276,4,4,0.3157894736842105,1.0,0.0,6.588425019671838,2.3195121237928977,1.6078975227953092,0.2777777777777778,0.3888888888888889,0.7239424675100907,0.8449958600687232,0.7149493124871438,0.4,0.6,22,-4.702767858995552,-0.1658895579813141,4.536878301014237,2.670814367891971,8.972615279786854,-4.702767858995552,4.269847420791303,-1.3514619273333934,0.39674634266097425,1.0506519544492114,2.402113881782605,58.46266831937955,0.07760299745864192,12.0,10.0,0.5263157894736842,0.0,4.536878301014237,4.435736978772617,6.269487608922672,7.920689027078728,0.5,0.5555555555555556,5.719954398377703,1.1894115160921312,1.2083663843927144,0.55,0.45,-0.12637216210099972,-0.821635133971329,-1.5168981058416582,-2.2121610777119876,-0.3951114698629614,1.9244006539299359,4.243912777722834,3.9451518037902593,2.33725428099495,0.729356758199641,-0.45046656320751666,-1.2022156832265236,-1.9539648032455292,-1.9533737329633598,-0.44810228207883274,1.057169168805694,2.0665055031484902,0.5961662547826603,-0.8741729935831728,-2.344512241949005,-4.702767858995552,-3.3696113523800997,2.522127328157019,0.30190608672104036,-2.7372355525988876,0.9784846732186742,-2.453136815455949,-3.118018989545271,1.5718512104185605,-1.99964018813137,4.269847420791303,-3.6508416062874254,2.577370867995619,3.126655683385404,3.0492237024112754,2.4798480444919933,0.9464543570407082,1.9644609472110286,-1.9701857664784215,-0.1658895579813141,0.024314463632902298,-2.333941153413644,2.2029371476005934,2.488446219144304,29,0.2857142857142857,0.12554112554112554
7e32b7a6-9340-4a41-8c1f-89a0a91a6d3f,frontierscience,R1-Distill-32B-cloudjudge_reasoning-auto,biology,,deepseek-ai/DeepSeek-R1-Distill-Qwen-32B,0,is_correct,False,,0.15,True,,,,20,2.649896933925393,4.553426168769579,1.9035292348441857,3.2831149824019574,10.20023156327284,-5.320524908645116,4.879706654627724,0.584414229534272,-0.5763278153561057,-0.009434149874527323,-0.5938483794087993,83.4423347189322,0.022812511673553335,11,10,0.21052631578947367,0.5263157894736842,9.873951077414695,0.3262804858581454,9.814482151068951,8.920156053529634,0.16666666666666666,0.8333333333333334,7.656661245880081,1.3079038587097176,1.3079038587097176,0.4,0.6,10,-3.9767382033728738,2.849547645862701,6.826285849235575,2.247823677323143,6.826285849235575,-3.9767382033728738,2.849547645862701,-0.40585361524206365,0.3313955470638343,0.18574411090180742,0.5915977261438711,27.850017850672163,0.24510885004947391,4.0,5.0,1.0,0.0,6.826285849235575,0.0,3.3654166750988708,3.4932603857521993,0.5,0.3888888888888889,1.2343455484214885,0.988040356640653,0.9583774472324912,0.55,0.45,2.649896933925393,-0.06065796013945235,2.195135287223489,-4.934775496441227,4.879706654627724,2.094270467979487,-2.73267628043551,-2.6425564996488307,4.859244518255973,-0.17586692546564553,-5.320524908645116,-0.4322275028340039,-0.18493898513507379,-0.13742440402004252,0.09354532260726511,4.832851820805444,-4.087304232724191,-0.6162476649423825,-4.8328763137628785,4.553426168769579,-3.9767382033728738,-3.150806053138938,-2.3248739029050016,-0.2997744618680851,1.8752208905192043,2.455606682084615,2.580389741986632,0.29314383811917155,-3.2001165476330278,-2.8830007884679656,0.4824158866309052,2.462616024590805,2.7112954911269846,2.453414925079967,1.1824142938665485,-0.06766348525227397,-1.2445112820400095,-2.0200642199716476,0.4147417129455264,2.849547645862701,-0.33737735711181804,-8.86754172925427,-2.0412558800186957,-2.570473042043286,30,0.11052631578947368,0.24444444444444444
1875e781-bd89-4528-8bc3-94b7b436402f,frontierscience,R1-Distill-32B-cloudjudge_reasoning-auto,chemistry,,deepseek-ai/DeepSeek-R1-Distill-Qwen-32B,0,is_correct,False,,0.1,True,,,,241,-2.650673232039298,2.7034480749187195,5.354121306958017,2.022442371923344,9.19919154322268,-4.40496208491013,4.79422945831255,-0.8272860185697708,-0.040852944583225186,1.1421459676402292,1.96943198621,45.53606983401267,0.11757978513461464,14,13,0.42105263157894735,0.5789473684210527,7.10841015982885,2.0907813833938307,5.545895400451833,6.479476413714162,0.6111111111111112,0.4444444444444444,4.645343897952616,0.7873116482605054,0.7485164950719851,0.4,0.6,9,0.42892870766754104,3.0844485980335494,2.6555198903660084,1.5759227131923688,5.492731488312867,-2.4082828902793176,3.0844485980335494,-0.8491029302925696,0.2164111529343158,0.3225567224366654,1.171659652729235,16.74749056584056,0.15856225623332526,3.0,4.0,1.0,0.2631578947368421,5.492731488312867,0.0,2.1145207835160136,1.0867481932927923,0.4444444444444444,0.16666666666666666,0.5335055460081544,0.5950474191318851,0.7197225244762742,0.5,0.5,-2.650673232039298,-1.8939460682609184,-0.7964510780822631,-0.7750819468231107,-1.2384064542422317,1.6073813555864866,-0.0438247061270607,-0.03775488253970595,4.79422945831255,-1.6852469554016114,0.07920593586354521,-4.40496208491013,1.1409333155417036,-0.17237539894892834,2.1501628587382697,-0.19653069808623336,2.2777205926134743,-1.0750763959782113,0.9931513736353564,2.7034480749187195,0.42892870766754104,0.3157151530460367,0.2025015984245323,-0.5191711053665269,-1.6059192986593191,-2.4082828902793176,-2.357492676880933,-2.3067024634825484,-0.4501480012312391,1.6643727822847745,2.2077880144775315,1.180097695347028,0.1466419372007378,-0.9271718940560736,-2.000985725312887,-1.4533486035278278,-0.3652278307288117,0.7521530647594636,1.9183008313965064,3.0844485980335494,-0.30508733828829726,-2.579606705539476,0.07591318482653264,-4.834098126401422,250,0.008644536652835409,0.2222222222222222
8f121749-9809-45f1-bcb8-7118ccb5d4cc,frontierscience,R1-Distill-32B-cloudjudge_reasoning-auto,chemistry,,deepseek-ai/DeepSeek-R1-Distill-Qwen-32B,0,is_correct,False,,,True,,,,240,2.6623077051175565,-2.442720671157452,-5.105028376275008,1.6120118616786339,5.105028376275008,-2.442720671157452,2.6623077051175565,1.3065770458350714,0.21022359933388782,-0.34412863621507533,-1.6507056820501467,34.51283269678009,0.14791681752484165,14,11,0.0,1.0,0.0,5.105028376275008,4.112808368493676,3.414198622115265,0.5,0.3888888888888889,3.15313093778784,0.9189097206419887,0.49126808569737557,0.55,0.45,10,2.3220745105805594,-0.27049290393070924,-2.5925674145112687,1.9261136704228816,7.303634423199928,-3.9107075508023277,3.3929268723976005,0.8327703714782909,-0.3282804607335653,-0.7685348613644464,-1.6013052328427373,28.395618679151518,0.09130167029657889,6.0,5.0,0.6842105263157895,0.5263157894736842,3.6402146468716183,3.66341977632831,4.589121534109173,3.3727744061409046,0.6111111111111112,0.7222222222222222,1.760169244616058,0.7550340714042523,0.8090230610529325,0.5,0.5,2.6623077051175565,-0.7344028686763702,1.0639211652675382,-0.5362144854383046,1.7331765165728406,2.4908749001075563,2.4663763878946834,2.583272717139672,-0.830925904975593,-1.9333145661004183,2.179493802393257,-1.0596599487061527,0.3939942972699595,0.13870479831649005,2.1963566191836694,-0.030181938702972033,-0.5901788575859857,-1.667762472604264,0.4697155035765519,-2.442720671157452,2.3220745105805594,2.3283716791646647,2.3346688477487705,0.2715603770230608,-2.050223798616375,-0.8145650281606418,1.4375060126079977,1.3765555856848293,0.15909442491575732,-1.6422523266318652,-3.9107075508023277,-3.1313508824040626,1.4577706517051112,3.3929268723976005,0.020152466256695867,-2.368059964658322,-1.3103054822827784,-0.3648378877374736,-0.3176653958340914,-0.27049290393070924,0.26856517604935115,5.0333603577873625,2.4407929432760938,-0.6565067176312169,250,0.008682008368200838,0.2
b90fc8dc-2fca-4ff7-9c9f-a2e6a0ac7812,frontierscience,R1-Distill-32B-cloudjudge_reasoning-auto,physics,,deepseek-ai/DeepSeek-R1-Distill-Qwen-32B,0,is_correct,False,,,True,,,,147,-0.13735159669995833,-4.639006073113404,-4.501654476413446,2.1621868454093214,9.312271815197953,-4.639006073113404,4.673265742084548,-0.027743981678973358,0.7141542711168795,-1.6694117404544013,-1.641667758775428,44.55831242275296,0.10102838800768296,10,6,0.15789473684210525,1.0,0.0,9.312271815197953,3.713604792320858,7.052173369275513,0.1111111111111111,0.16666666666666666,3.8664649534069997,0.7315158517056821,0.9920957725387355,0.4,0.6,10,4.562540345655956,-2.740738154072601,-7.303278499728556,2.1271426430315468,7.346838455574444,-2.7842981099184883,4.562540345655956,-0.2400127030126458,-0.12151828389309197,0.26197894160201646,0.5019916446146623,34.575084008687476,0.21122952291000954,6.0,7.0,0.0,0.21052631578947367,0.043559955845887455,7.303278499728556,3.3723670290216887,3.5169590346364985,0.8333333333333334,1.0,1.645649699607734,0.8793039160654157,0.927246079001819,0.5,0.5,-0.13735159669995833,-0.8525070064187459,0.9596609497636905,4.673265742084548,-2.378907627190965,-0.44285688259742173,-2.0155114506939613,1.1675249317036918,1.235667997650755,3.750732108043259,0.435452459570163,-2.4284197516042174,-1.2409584221321341,2.079080574586639,0.32893227071089637,-2.394515148485976,-0.10175355334113201,-1.5663087827628828,-1.6438191557339104,-4.639006073113404,4.562540345655956,1.125794157920177,-2.310952029815602,-2.7358646667896536,-2.7842981099184883,-0.95290044358741,1.4155918254465,1.4367180340235315,0.28416121237212266,-0.8732688548644,-2.0345975185690137,-1.6692192504211227,0.604542682542399,1.4010357076648394,-0.7570090828948963,-1.6860734691031924,1.686293559918496,4.293179915200395,0.7762208805638977,-2.740738154072601,0.24027259124293257,9.441819010012292,2.138540510283736,-2.81647026164368,157,0.01453732177802628,0.2
57390923-7cfd-4adf-8d0b-33c5791f6e51,frontierscience,R1-Distill-32B-cloudjudge_reasoning-auto,chemistry,,deepseek-ai/DeepSeek-R1-Distill-Qwen-32B,0,is_correct,False,,,True,,,,379,2.5225263588011217,4.670347141864317,2.1478207830631955,1.9524581830350327,6.872774602867446,-2.2024274610031296,4.670347141864317,0.7481428316964057,1.1679560736952599,2.1718311926595315,1.423688360963126,45.46676053156586,0.047239362513457374,16,8,1.0,0.47368421052631576,6.872774602867446,0.0,4.567209816623582,6.481009752970582,1.0,0.4444444444444444,4.661586185346758,1.6288605653335118,0.3066765906485694,0.65,0.35,3,-3.8707837494839317,-1.7216919769590162,2.1490917725249155,2.618808654916565,9.078303281010987,-3.8707837494839317,5.207519531527056,-0.8823860202438644,4.072204910369464,0.20308899762044885,1.0854750178643133,16.007514789497062,0.13425517956947253,1.0,2.0,0.5263157894736842,0.0,2.1490917725249155,6.9292115084860715,0.996132576413356,0.769912389831787,0.2222222222222222,0.5555555555555556,0.09811360923584195,1.7954472258719583,0.6180839150418641,0.65,0.35,2.5225263588011217,3.656589473646349,-0.6630480633813263,1.708107524113232,-0.885130702367884,-1.0916535687630544,-0.010391200173596854,-0.06491855726311006,4.278582291967453,-2.2024274610031296,2.2076833032605223,-1.2159622600192863,2.997492695999773,2.1752425029245974,2.630568034240065,3.404805169077437,0.8825794757195213,1.3395500098151127,0.10313732524073511,4.670347141864317,-3.8707837494839317,-2.874651173070576,-1.8785185966572204,-0.8823860202438647,0.11374655616949081,1.1098791325828468,2.1060117089962023,3.1021442854095578,4.098276861822914,5.094409438236269,5.207519531527056,4.437607141695269,3.6676947518634844,2.8977823620316996,2.127869972199913,1.357957582368127,0.5880451925363417,-0.18186719729544265,-0.9517795871272297,-1.7216919769590162,-0.8149705362283621,-9.356101427576611,-7.207009655051696,-0.8552041084057933,382,0.005416649216121511,0.6666666666666666
70c1246f-0a17-4f59-84a2-3699aa395d4d,frontierscience,R1-Distill-32B-cloudjudge_reasoning-auto,physics,,deepseek-ai/DeepSeek-R1-Distill-Qwen-32B,0,is_correct,False,,0.02,True,,,,182,0.031893198899581206,-4.882466934558604,-4.914360133458185,2.198110176947254,8.877017890903186,-4.882466934558604,3.9945509563445816,0.6061989251200732,0.7693289802140205,-0.8608824857174192,-1.4670814108374923,53.251404126922466,0.09228601975912253,14,13,0.42105263157894735,1.0,0.0,8.877017890903186,5.016432851749916,7.689207212762376,0.9444444444444444,0.8888888888888888,5.4013796097921,0.9222783036341042,0.699108282482397,0.6,0.4,26,-0.22716761243140085,2.66906517672512,2.896232789156521,2.2555253920567186,8.341658250109157,-4.2800458322811075,4.06161241782805,-0.03887081075818731,-0.40472340264838647,0.40237667576641706,0.4412474865246044,63.69560469856401,0.04546990020524627,14.0,13.0,0.5263157894736842,0.15789473684210525,6.949111009006227,1.3925472411029296,7.356098168017772,6.400671898624273,0.5,0.1111111111111111,6.393860067848519,0.9039467949761502,0.9384917669385258,0.6,0.4,0.031893198899581206,-0.0391501967463217,2.549736658331707,0.5374511405594364,-0.6122370098384884,-0.9259580582429086,2.7016567428775065,-0.011266565648801574,3.9945509563445816,-1.0927734920129608,1.0810949437411923,1.1716817360709895,-1.7955419590163282,2.03755724201947,0.23422024150819754,0.645626014984181,3.0664357791788492,-4.6227714335835275,0.39366141816638844,-4.882466934558604,-0.22716761243140085,0.877893807480618,2.1206260663431657,-4.2800458322811075,2.1202433566563346,0.7115841949074424,-1.5952296559823633,0.6439842422145323,0.07815324655253963,-3.2944857501897227,4.06161241782805,-1.198551792922411,1.1444811675227249,-4.2682573495444185,1.2972854189651017,0.03532791170191483,2.318678892625459,-2.091531923330265,-1.8145654220888288,2.66906517672512,0.124488777531677,4.77978809965888,7.676020888815401,-0.23571535073441297,208,0.011535425900066783,0.07692307692307693
783fc5fc-cf8a-44be-9c48-3b8f86e96720,frontierscience,R1-Distill-32B-cloudjudge_reasoning-auto,chemistry,,deepseek-ai/DeepSeek-R1-Distill-Qwen-32B,0,is_correct,False,,0.04,True,,,,13,-2.364549584058705,-1.9599544811590568,0.4045951028996484,1.951183541546348,7.55599390594086,-3.7264551436366435,3.8295387623042165,-0.11669332007832978,0.9327518294804847,-0.8475389326635954,-0.7308456125852656,33.466627678125434,0.012089509190796094,7,8,0.10526315789473684,0.2631578947368421,1.7665006624775867,5.789493243463273,4.744702140871966,3.1706264947214784,0.0,0.16666666666666666,2.1716976431974113,0.8159353876446854,0.78457658915301,0.55,0.45,15,6.576747106731778,2.5190796319746576,-4.057667474757121,2.3241244938145793,9.544401722936108,-2.967654616204329,6.576747106731778,-0.17638720786748743,0.22494249533705407,-0.09435821287609736,0.08202899499139008,40.30784799513052,0.10066693402355086,9.0,8.0,0.0,0.21052631578947367,5.486734248178987,4.057667474757121,4.812686994344978,4.743090596619467,0.7777777777777778,0.0,2.822687784463657,0.9460226141608326,0.9573357274093134,0.5,0.5,-2.364549584058705,2.3801525568132607,3.8295387623042165,0.6654826582617561,-2.5051438364597223,-3.7264551436366435,0.9041213462275293,1.4747163371018621,0.018468961838258816,-1.4031461964985166,-0.571819828752119,2.5124480650774594,2.7646134455683438,1.7339820220281053,-1.347315279876462,-1.1110677881880968,0.009906956205130955,0.02527664146778843,-0.7020796444308756,-1.9599544811590568,6.576747106731778,1.833656510112311,-0.9046171605330472,-2.265562422653683,-2.967654616204329,-2.8364612290356517,-0.6708186434897905,1.8635787067643594,0.3316135151792077,1.5218702262955492,0.566998434005958,-1.9999219561657249,1.3538589895071405,-2.0634004482271115,-2.794620787405344,2.018066206939634,0.33498295570605197,-1.4180526541091665,-1.225604630362417,2.5190796319746576,0.2745477530670151,8.81124934095785,4.753581866200729,1.616099567978356,28,0.19230769230769232,0.17142857142857143
3182a1e3-e9ad-4d4b-8ef8-de88a9f811b8,frontierscience,R1-Distill-32B-cloudjudge_reasoning-auto,physics,,deepseek-ai/DeepSeek-R1-Distill-Qwen-32B,0,is_correct,False,,0.0,True,,,,11,2.374077628902251,0.2655106690794666,-2.1085669598227845,2.097520687342852,9.236475748782912,-4.909126056106664,4.327349692676249,-0.9530421824074052,0.22283919590351112,0.6666692177295069,1.6197114001369122,37.761880467540564,0.055838505225799626,6,6,0.8947368421052632,0.10526315789473684,5.17463672518613,4.061839023596782,4.500585572619528,3.9658530438807387,0.8888888888888888,0.0,2.0384457492652652,0.7735189559783804,0.829089235935891,0.5,0.5,19,2.650828025812417,2.7466996346394845,0.09587160882706769,2.1100580465074437,8.199974902918012,-4.550568019563728,3.649406883354284,0.16766896154124242,-0.22629909804005072,0.06840182591527892,-0.0992671356259635,50.00901997331722,0.0019170863351895494,11.0,10.0,0.2631578947368421,0.10526315789473684,7.297267654203212,0.9027072487147993,4.710544845323755,5.680954590789755,1.0,0.2777777777777778,3.9786977716404692,0.8825073312801628,0.8825073312801619,0.5,0.5,2.374077628902251,-1.5917754149784877,-4.909126056106664,-2.389955072461763,-0.3384103559172204,-0.15737070777411755,0.34126470148416665,1.580956886677878,1.2888047645200806,-1.3011138186649878,-1.9450814629178939,-0.6430981682386339,0.6478812961827045,1.93152487376543,0.07281499990583384,-3.1326177817147753,-0.17323587994327916,4.327349692676249,2.640193606373547,0.2655106690794666,2.650828025812417,0.08510642978617433,-4.550568019563728,-0.8382467618489597,2.2087038806839803,3.649406883354284,-2.031547707435471,-0.27407130064749907,1.1729114898418938,1.3794732261237463,-1.009151876525248,-0.7446282027242122,1.2445512869456792,-3.353178309294715,-0.9063500838097686,-1.9785591530693698,0.4606512011696813,2.0518145672459163,-1.96384521068427,2.7466996346394845,-0.2052896824140961,2.180027674318854,2.2758992831459217,-0.11838594116007783,30,0.2,0.11695906432748537
f7b49518-6e84-44e3-9480-4cf91d149702,frontierscience,R1-Distill-32B-cloudjudge_reasoning-auto,biology,,deepseek-ai/DeepSeek-R1-Distill-Qwen-32B,0,is_correct,False,,,True,,,,100,-0.12577810953598673,0.143780914475996,0.26955902401198273,1.3356354826678327,4.736233344362255,-2.130748340641945,2.6054850037203097,0.17772126809197353,-0.28204123798430153,1.2958492357808769,1.1181279676889033,27.69366464353936,0.009733598910856603,12,9,0.8947368421052632,0.47368421052631576,2.274529255117941,2.461704089244314,2.6480863942346597,2.8680360876420257,0.5,0.7777777777777778,2.3151956446863493,0.7392171189723165,0.38697433770036826,0.55,0.45,2,2.5466454364659175,-2.5466454364659175,-5.093290872931835,1.5457551527618907,5.093290872931835,-2.5466454364659175,2.5466454364659175,1.7424416144240489,-0.13403397034031128,-1.8764755847643604,-3.6189171991884095,5.093290872931835,1.0,0.0,1.0,0.0,1.0,0.0,5.093290872931835,-0.26806794068062256,0.26806794068062345,0.1111111111111111,0.7777777777777778,2.9605947323337506e-16,0.6701698517015573,0.6701698517015572,0.5,0.5,-0.12577810953598673,-1.404482922727386,-1.1572598226967654,0.6575103658632697,2.272198499206791,-0.12966270942071054,1.131523575954603,-1.4567184705443266,-0.9335394108208543,-2.130748340641945,0.5173380535927148,0.9109312467190058,-0.005364388019423849,1.123812643824718,2.4721035080420593,-0.3959325795999663,0.9187814229087334,2.6054850037203097,2.0308771451381284,0.143780914475996,2.5466454364659175,2.2785774957852944,2.0105095551046714,1.7424416144240489,1.4743736737434259,1.206305733062803,0.9382377923821803,0.6701698517015573,0.4021019110209343,0.13403397034031173,-0.13403397034031128,-0.4021019110209343,-0.6701698517015569,-0.9382377923821799,-1.2063057330628029,-1.4743736737434263,-1.7424416144240489,-2.0105095551046714,-2.278577495785294,-2.5466454364659175,-0.09697832712022851,2.305886194869693,-2.787404678062142,-5.1173554975897915,102,0.02202020202020202,1.0
1b340ded-5f04-4f7f-b8ca-d0887b292332,frontierscience,R1-Distill-32B-cloudjudge_reasoning-auto,biology,,deepseek-ai/DeepSeek-R1-Distill-Qwen-32B,0,is_correct,False,,0.125,True,,,,16,2.6302568106060646,2.413464655508045,-0.21679215509801963,2.0183440319410852,7.5688748750196595,-3.5946324354851416,3.9742424395345175,-0.19236252227836698,0.08370201234010019,0.2773964415499604,0.4697589638283274,44.063714760222275,0.004919970008831957,9,10,0.2631578947368421,0.21052631578947367,6.008097090993187,1.5607777840264725,7.5688748750196595,6.461390664527989,0.2222222222222222,0.2777777777777778,3.5740326878401234,0.85817378502744,0.8129860310408453,0.5,0.5,11,2.9894802863333485,2.7467031275943317,-0.24277715873901684,1.820573237195942,7.276916641178176,-4.287436354844828,2.9894802863333485,-0.031567565828941976,-0.35090693878386026,0.04368106843931082,0.07524863426825279,28.322376546420188,0.00857192045099417,7.0,4.0,0.0,0.8947368421052632,7.034139482439159,0.24277715873901684,3.901858428864608,3.793915324035771,1.0,0.8888888888888888,1.4403846567089633,0.7066429939779355,0.8274047500606232,0.45,0.55,2.6302568106060646,0.5210050137015938,-0.2521684148145966,-2.1380928444975353,-3.5946324354851416,3.9742424395345175,-2.4871482249934713,-1.2203203291668672,1.4929368738922226,0.04021832905523177,-0.03342394765891431,1.5585676299412479,0.02497526932869354,-1.277039739010913,2.160927095006911,2.346881583974274,-0.8592517264530346,-2.74512377256338,-1.6525191861730528,2.413464655508045,2.9894802863333485,1.4919839141137807,0.009467638333566425,-1.3382277694924678,-2.1638041751398873,-0.900904572072843,-0.308968282878091,-1.2826130593853633,-1.8752278117340422,-1.8962975278448282,-0.8459391157407781,1.275847424578113,1.5569504326770902,0.6109310859627866,1.142988525385198,2.3085074445804965,-0.49352103080905696,-4.287436354844828,-1.1551553012702764,2.7467031275943317,-0.40214919107234753,0.17386643975295613,-0.06891071898606071,-1.9309333347764692,27,0.125,0.2909090909090909
f44b0903-1c29-44a5-9f9b-b6ccdd164e1c,frontierscience,R1-Distill-32B-cloudjudge_reasoning-auto,chemistry,,deepseek-ai/DeepSeek-R1-Distill-Qwen-32B,0,is_correct,False,,,True,,,,222,-0.012484334401669468,2.1986383265686094,2.211122660970279,1.8613505084323418,6.396039876326981,-2.134289725317455,4.261750151009526,1.156807194285156,0.7670799475333825,0.12427338584361351,-1.0325338084415425,44.456038779125834,0.04973728478049878,13,9,0.42105263157894735,0.631578947368421,4.332928051886064,2.0631118244409166,5.293869856004317,5.985792149417131,0.5,0.4444444444444444,4.27350200622048,1.1319811517465233,0.4213386363569507,0.6,0.4,2,-3.7123404530163757,3.7123404530163757,7.424680906032751,2.253305191954731,7.424680906032751,-3.7123404530163757,3.7123404530163757,-2.5400224152217312,0.1953863396324405,2.7354087548541712,5.275431170075903,7.424680906032751,1.0,0.0,1.0,1.0,0.0,7.424680906032751,0.0,0.3907726792648827,0.0,0.7777777777777778,0.6666666666666666,5.921189464667501e-16,0.976931698162204,0.9769316981622043,0.5,0.5,-0.012484334401669468,-0.5877841112119597,-0.8363477132888062,4.238135487640101,1.4712330627763779,1.2026144588245864,2.6222835096574624,0.7813639760448723,4.261750151009526,-1.7240419984076047,3.569827857596712,0.12209119045888912,-2.134289725317455,0.49285818134873866,-0.37890047343872224,1.197097944444807,0.4817288885597834,-1.6633877861989677,-1.089536584873829,2.1986383265686094,-3.7123404530163757,-3.321567773751494,-2.9307950944866126,-2.540022415221731,-2.1492497359568494,-1.7584770566919676,-1.3677043774270858,-0.9769316981622045,-0.5861590188973227,-0.1953863396324409,0.19538633963244045,0.5861590188973222,0.976931698162204,1.367704377427085,1.7584770566919667,2.1492497359568494,2.5400224152217303,2.9307950944866112,3.321567773751494,3.7123404530163757,-1.2085661661526836,-7.119544945737669,0.3051359602950825,-3.840196014711754,224,0.009416656475480005,1.0
70929247-a356-4a12-8534-49fd885f0c3e,frontierscience,R1-Distill-32B-cloudjudge_reasoning-auto,physics,,deepseek-ai/DeepSeek-R1-Distill-Qwen-32B,0,is_correct,False,,,True,,,,314,-2.491684027118238,-2.4439052802310948,0.04777874688714334,2.323771617999142,8.43120798422165,-4.085503066054352,4.345704918167299,1.199235648577854,-0.3241799700514063,0.017313658916676394,-1.1819219896611775,61.94267784123909,0.0007713380911558535,15,12,0.3157894736842105,0.42105263157894735,1.6415977858232575,6.789610198398394,5.9988691472506375,6.993576609665875,0.2777777777777778,0.3333333333333333,6.019211632989732,1.1036387762206863,0.7921751910614268,0.55,0.45,5,4.4398357774758965,-3.26265837486197,-7.7024941523378665,1.9214406949024017,7.7024941523378665,-3.26265837486197,4.4398357774758965,0.4807632930979978,0.7625532209742732,-1.8119500479219246,-2.2927133410199225,16.014115415657542,0.4809815561093607,2.0,3.0,0.0,1.0,0.0,7.7024941523378665,0.9819063703346047,1.4967367664690872,0.4444444444444444,0.05555555555555555,0.22454226431076188,0.7313772054919875,0.8398014399432701,0.45,0.55,-2.491684027118238,-0.06566256148880933,4.185091852187398,0.261266260748402,3.8130973266322634,-1.6531642290833384,4.345704918167299,-2.647871691498576,-4.085503066054352,1.7305707556865508,0.5714329663800619,1.2711305939760016,-1.5756302423176232,2.4666108934680926,-0.06826894164624475,2.2073967224198165,-0.8118137817902582,0.09821306410373427,1.1222601706441053,-2.4439052802310948,4.4398357774758965,2.94309901100681,1.4463622445377227,-0.05037452193136449,-1.5471112884004512,-2.4241872706686163,-1.442280900334012,-0.46037452999940776,0.5215318403351961,1.5034382106698008,1.7316233609912226,1.2060872912994611,0.6805512216077005,0.15501515191594017,-0.3705209177758213,-0.9378133730403213,-1.5190246234957328,-2.1002358739511444,-2.6814471244065574,-3.26265837486197,0.4822100171507246,7.3659510748577155,-0.336543077480151,-2.5918913704088915,319,0.00657292281394355,0.4
b36273bb-c098-4037-90cc-cfd05cbe5bb9,frontierscience,R1-Distill-32B-cloudjudge_reasoning-auto,chemistry,,deepseek-ai/DeepSeek-R1-Distill-Qwen-32B,0,is_correct,False,,,True,,,,153,2.6553239643053663,2.442971859391931,-0.21235210491343537,2.9077494842897114,9.320625748818678,-4.690983252721357,4.629642496097321,0.3476974275985481,-0.24600980854880042,0.3618443684946279,0.014146940896079818,68.02123508668318,0.0031218501787393816,9,10,0.8421052631578947,0.7894736842105263,7.133955112113288,2.18667063670539,9.320625748818678,7.1110051463293225,0.8333333333333334,0.8888888888888888,6.088830308909607,1.3699481774993503,1.22580420028355,0.5,0.5,3,-4.084304906006828,0.9357718512842155,5.020076757291044,2.0880868449000554,7.1163768447589995,-4.084304906006828,3.032071938752171,-1.8002508131448995,2.3928960554626175,1.5180774311364253,3.318328244281325,9.212676932226955,0.5449096711217848,1.0,1.0,0.5263157894736842,0.0,5.020076757291044,2.0963000874679554,0.76135136428731,0.23292223194088413,0.3888888888888889,0.5555555555555556,0.055237422012677624,1.3171270127386951,0.6542779485865664,0.7,0.3,2.6553239643053663,2.568955012266019,2.342559801962916,-2.5651528931183103,-4.66645240121822,-0.24617749028181382,2.344825999273879,2.4551654554990163,-2.492517756164756,-4.689566441391947,2.9629774221514635,-0.2321050516996134,-2.30567090020869,2.5796486119729236,2.4168929270661677,-4.690983252721357,4.629642496097321,-2.4813626502320014,-0.1460951686342941,2.442971859391931,-4.084304906006828,-3.3229535417195186,-2.561602177432209,-1.8002508131448995,-1.03889944885759,-0.27754808457028046,0.4838032797170291,1.2451546440043382,2.006506008291648,2.7678573725789573,3.032071938752171,2.7991497068112867,2.566227474870403,2.3333052429295194,2.1003830109886352,1.867460779047751,1.6345385471068674,1.4016163151659837,1.1686940832250996,0.9357718512842155,-0.8256919787817171,-7.352968744180476,-2.3328919868894324,-4.474741098123154,156,0.01393188854489164,0.6666666666666666
fcbd76ad-1b45-4f40-ad9d-d2bc5016f02c,frontierscience,R1-Distill-32B-cloudjudge_reasoning-auto,biology,,deepseek-ai/DeepSeek-R1-Distill-Qwen-32B,0,is_correct,False,,,True,,,,16,0.17130723529527314,0.38637840321032924,0.2150711679150561,2.4869530105435937,10.757854602146944,-4.146186186871779,6.611668415275165,-0.9758347721108235,-0.7020173924116896,2.0565253296237436,3.032360101734567,49.08940146975942,0.004381213897006801,10,8,0.7894736842105263,0.2631578947368421,4.532564590082108,6.225290012064836,5.046513452504192,6.656577305084479,0.4444444444444444,0.8333333333333334,4.284802527755381,0.9615262816875116,0.9318169403832682,0.45,0.55,2,-1.3025607957262046,1.3025607957262046,2.6051215914524093,0.7906244163198238,2.6051215914524093,-1.3025607957262046,1.3025607957262046,-0.89122580760214,0.06855583135401068,0.9597816389561507,1.8510074465582906,2.6051215914524093,1.0,0.0,1.0,1.0,0.0,2.6051215914524093,0.0,0.13711166270802178,0.0,0.5555555555555556,0.6111111111111112,1.356939252319636e-16,0.3427791567700538,0.3427791567700539,0.5,0.5,0.17130723529527314,0.08415473680748264,-1.2548777082268596,-1.4615945059211648,-0.8372797702098888,-4.146186186871779,0.6136327943511715,-1.3557493782573466,-2.400662555577755,2.6458508969264374,2.658563663253714,-2.184543016449211,-3.313579869868785,-0.9640014869088815,2.448296830267451,6.611668415275165,-0.044908889809313735,-0.67295543956438,3.6106726583632103,0.38637840321032924,-1.3025607957262046,-1.165449133018183,-1.0283374703101615,-0.89122580760214,-0.7541141448941185,-0.617002482186097,-0.47989081947807544,-0.3427791567700539,-0.20566749406203244,-0.06855583135401089,0.06855583135401067,0.20566749406203244,0.3427791567700538,0.4798908194780751,0.6170024821860969,0.7541141448941184,0.8912258076021398,1.028337470310161,1.1654491330181829,1.3025607957262046,1.6874848696885354,-0.001454329247998487,2.603667262204411,-9.568261427322305,18,0.20833333333333334,1.0
4225f097-0cee-4e43-b5b9-6efbab4c3447,frontierscience,R1-Distill-32B-cloudjudge_reasoning-auto,physics,,deepseek-ai/DeepSeek-R1-Distill-Qwen-32B,0,is_correct,False,,,True,,,,169,2.541091619066457,-2.3954158782742137,-4.936507497340671,1.861972355576212,7.423623874279109,-4.882532255212651,2.541091619066457,-1.0699070636014227,0.7382701995670792,-0.5659728256766609,0.5039342379247619,47.12459750846557,0.104754369444829,14,9,0.0,0.3157894736842105,2.4871163769384377,4.936507497340671,4.713493914584538,5.109773923259713,0.3333333333333333,0.0,4.156686383819588,0.5959089937549711,0.8817737438699895,0.45,0.55,6,4.6431273648133,-0.5587210772954265,-5.2018484421087265,1.8131592921473865,7.515467536704854,-2.8723401718915538,4.6431273648133,1.4762274449995396,-0.6761667851937341,-1.8649353616634812,-3.3411628066630206,9.82908663130098,0.5292300940296228,1.0,1.0,0.0,0.7894736842105263,2.3136190945961275,5.2018484421087265,0.642926765843429,1.2605894573704965,0.9444444444444444,0.0,0.17339459841039995,0.5504486357515112,0.8299080133185234,0.2,0.8,2.541091619066457,-2.568682304193256,-0.10976118407093259,-1.27270933778837,-0.35808296020178787,-0.8386730228094181,-4.882532255212651,-0.16903834062811374,2.2771765752972497,1.033629672981706,-1.4381701642467974,1.0341021263049286,0.21408863048288876,2.216102896777692,-2.718794953696217,0.90416642546266,-0.8836144762780327,0.11789566366563653,1.5799262650602022,-2.3954158782742137,4.6431273648133,3.3825379074428037,2.1219484500723076,0.8613589927018115,-0.1601149554417909,-0.2251268666778146,-0.29013877791383824,-0.3551506891498619,-0.4096457574746215,-0.44836556143248496,-0.4870853653903484,-0.525805169348212,-0.9298009377580554,-1.5773140158025538,-2.2248270938470536,-2.8723401718915538,-2.487501374825712,-1.8445746089822845,-1.2016478431388555,-0.5587210772954265,0.4189191195605449,7.457462362648059,2.255613920539332,-2.5748304040301555,175,0.012538743307974077,0.3333333333333333
09d32726-331e-4c45-98f4-b01a913bb623,frontierscience,R1-Distill-32B-cloudjudge_reasoning-auto,chemistry,,deepseek-ai/DeepSeek-R1-Distill-Qwen-32B,0,is_correct,False,,0.025,True,,,,36,-2.5991592629128135,-0.183312790724102,2.4158464721887114,2.0798267738099123,6.026063816640338,-2.73535499389372,3.290708822746618,-0.6467529058513816,0.6733436209083392,1.0013570180533424,1.648109923904724,47.456987627315755,0.05090602233670169,9,10,0.21052631578947367,0.5789473684210527,2.5520422031696177,3.47402161347072,4.359509900484258,4.869990096935423,0.6111111111111112,0.8333333333333334,4.062238670056043,1.060369208370423,0.750655352684485,0.5,0.5,7,-0.31834935809278264,2.0850865528733484,2.403435910966131,2.307817677588234,8.854378498700786,-5.031851203545801,3.822527295154986,0.1887879189814313,1.3352902941643403,-2.08804514249122,-2.2768330614726513,28.209330025299526,0.08520003519440592,4.0,5.0,0.5263157894736842,0.8421052631578947,7.11693775641915,1.7374407422816374,2.372312585473052,1.5895621941292974,0.9444444444444444,0.5555555555555556,0.7671917377625617,0.8924325318134635,0.9854186999598091,0.5,0.5,-2.5991592629128135,0.6354126523607773,-2.57412218361568,-0.05687590823786737,3.290708822746618,-1.47516071155593,-1.7480737497447758,2.5339307232889894,2.2317475755976695,-0.5417561584929453,-0.5708141785285066,-2.73535499389372,1.624154906590538,2.17149747179635,3.045918431135598,2.3415129809520634,-2.52847711598336,0.08724148886995176,3.2452591140699036,-0.183312790724102,-0.31834935809278264,0.4334029612917387,1.18515528067626,1.9369076000607817,0.8345935910278104,-0.6385336836886597,-2.111660958405129,-1.0827009042516194,1.1973028143368811,3.4773065329253816,3.822527295154986,2.2329651010256883,0.6434029068963945,-0.9437716869373286,-2.5261710801799118,-4.108570473422495,-5.031851203545801,-2.6595386180727547,-0.2872260325997029,2.0850865528733484,0.4713612297974248,0.33632466242874415,2.739760573394875,0.07257553380340553,43,0.07142857142857142,0.2857142857142857
079657b3-e215-4944-8a67-8bb5347e4f15,frontierscience,R1-Distill-32B-cloudjudge_reasoning-auto,chemistry,,deepseek-ai/DeepSeek-R1-Distill-Qwen-32B,0,is_correct,False,,,True,,,,464,-0.0011597037224750917,-2.4567197132322427,-2.4555600095097674,1.7970890043260814,6.980594012883454,-4.513697344866618,2.4668966680168363,-1.0576894192022674,-0.34621008335747117,-0.2579266250455314,0.799762794156736,43.11625295680953,0.056952073547985586,12,8,0.8421052631578947,0.5789473684210527,2.0569776316343757,4.923616381249079,5.945389384864943,6.250743056628323,0.6111111111111112,0.5555555555555556,3.9897042602172283,0.4474850917968774,1.0162279052064453,0.4,0.6,7,-2.4572491498966587,0.13767681017107844,2.5949259600677372,2.013249825246153,8.187354699857888,-3.7935701375802386,4.39378456227765,0.22347517070569634,-0.7109553645195541,0.9756694085241642,0.7521942378184678,30.061172990406433,0.08632151383100947,5.0,5.0,0.15789473684210525,0.3157894736842105,3.9312469477513172,4.256107752106572,2.283677904058103,3.0239885943062026,0.0,0.2777777777777778,1.0791835385404072,0.8800260475451402,0.7579432928227412,0.55,0.45,-0.0011597037224750917,-0.49051987160397736,-0.6402404944579443,0.3844616057479428,-1.0287287149023072,-3.77071284677786,-1.8569259086992518,1.471260591419165,-2.586597046968098,-0.8254984415122391,1.7370457117617053,-4.513697344866618,1.4316920399983248,0.8623239066654627,0.385698984369558,0.210322327958552,2.4668966680168363,-1.8459112344899147,-0.307846782895977,-2.4567197132322427,-2.4572491498966587,-0.17357124583855565,2.1101066582195473,4.39378456227765,2.254407051032166,-0.769581543274036,-3.7935701375802386,-3.323154366154358,-1.1055364118624351,1.1120815424294879,1.5002239532842316,0.058890820701789526,-1.382442311880649,-1.8367507781549453,-0.31700991181294746,1.2027309545290503,2.346470894043362,1.6102061994192685,0.8739415047951735,0.13767681017107844,0.00041530946802605307,-0.00011412719639025681,2.594811832871347,-2.5130004771495074,471,0.004403440828182021,0.2857142857142857
4c2bdcf2-82c0-4190-b2fc-9696d2ef499a,frontierscience,R1-Distill-32B-cloudjudge_reasoning-auto,biology,,deepseek-ai/DeepSeek-R1-Distill-Qwen-32B,0,is_correct,False,,0.0,True,,,,15,2.6776345255939207,0.5813374037741184,-2.096297121819802,2.0832371011279593,8.217756670353012,-4.350172113726982,3.8675845566260305,0.2513409509585286,-0.8775504090557834,0.4899630172295768,0.2386220662710482,49.92392429449471,0.04198983055606805,12,10,0.9473684210526315,0.3684210526315789,4.931509517501101,3.286247152851912,4.574828400919735,5.4700731856808416,0.2222222222222222,0.0,4.136403198859494,0.8469547647390001,0.9191391699041663,0.5,0.5,8,2.3882199028644866,-2.8673773376735507,-5.255597240538037,2.293531210873465,7.7829242068955224,-4.293465513141552,3.4894586937539707,1.4185061852145255,-1.361845974779057,-0.013227145064475717,-1.4317333302790012,24.124876871619758,0.21784970213550248,4.0,3.0,0.8421052631578947,0.6842105263157895,1.426088175468001,6.356836031427521,3.342354676351224,2.693819030141849,0.7777777777777778,0.9444444444444444,0.8982114113012043,0.958268035803483,0.9424051056704119,0.65,0.35,2.6776345255939207,-2.792438660086921,-1.3688715908025024,1.445585886108475,-1.8372309720325655,2.7375974288871694,0.8971100390421238,-4.350172113726982,-2.7847224498644767,0.6219421164073253,0.7496418745096725,-1.7367980040390265,1.60692804893204,-0.249672335609036,-1.4967526482806934,-0.23652061526662524,-1.5296040083744995,1.7537334148991295,3.8675845566260305,0.5813374037741184,2.3882199028644866,2.2715482558749445,2.1548766088854023,1.8272025891990364,0.9720226377706118,0.11684268634218697,0.1988306155650093,0.983694455276267,1.7685582949875247,0.3267412355373225,-1.4861893071064562,-3.1236854882904868,-3.708575500716019,-4.293465513141552,-3.1952506589484715,0.1471040174027527,3.4894586937539707,2.5202607226101468,-0.1735583075317022,-2.8673773376735507,0.5119055162734429,2.318788015363811,-2.936809225174226,-0.715174930378474,23,0.1619047619047619,0.2857142857142857
7fbca2d0-9e5c-48f8-953c-acab7e25598c,frontierscience,R1-Distill-32B-cloudjudge_reasoning-auto,physics,,deepseek-ai/DeepSeek-R1-Distill-Qwen-32B,0,is_correct,False,,0.0,True,,,,126,-2.5422015446286332,5.034432958423024,7.5766345030516575,2.3782523481916757,9.03334724366763,-3.9989142852446045,5.034432958423024,0.6782304430676197,-0.5688944047902967,-0.8759767156027704,-1.55420715867039,46.27825250291763,0.16371911412545204,12,5,1.0,0.631578947368421,9.03334724366763,0.0,6.894705148937641,3.790680019735901,1.0,0.1111111111111111,3.9794564122399083,0.8657255100113177,1.0902509112950858,0.35,0.65,55,-2.2595509814062833,0.1949720370891814,2.4545230184954647,2.0858803005679016,8.113240905002536,-4.266500294328594,3.846740610673942,-0.46332183084325174,0.06746605116363973,0.8544580415350008,1.3177798723782526,51.59299887125271,0.047574730529244526,12.0,9.0,0.3684210526315789,0.3157894736842105,4.4614723314177755,3.6517685735847607,8.113240905002536,7.629402684192611,0.3333333333333333,0.2777777777777778,4.673666284942335,0.8912623890240206,0.7734744994513846,0.55,0.45,-2.5422015446286332,1.430148336852448,3.1769121924716206,-0.6137678272642806,-0.841099614962292,3.8904037856801965,0.2472177733242784,2.430576768833719,1.1048183846410682,-1.023841398090027,-0.48162740905772106,-0.8654771246978694,-3.9989142852446045,-1.1477957699166428,-3.8147811200332633,-0.7045271082890179,-1.1552649379978246,-2.7554478952049255,-1.8602721905146162,5.034432958423024,-2.2595509814062833,0.3517645220556318,-1.6914984588979785,0.3558217779007826,0.9038082289096625,3.3629023898640167,-4.266500294328594,3.846740610673942,1.8566275733628974,-1.8837720640809401,-0.2808248421585984,-1.0663137895507313,-1.7854525865333037,-0.21474254356778788,3.3400390567706584,0.25065380438793117,2.5512121612166094,0.8107056182491006,-2.0208344285034756,0.1949720370891814,-0.05762969130460061,-7.351613631133908,-4.8970906126384435,-0.5568706735856637,181,0.017142857142857144,0.03636363636363636
d1cec1fb-13bb-475a-b2f1-956db5ef3b77,frontierscience,R1-Distill-32B-cloudjudge_reasoning-auto,physics,,deepseek-ai/DeepSeek-R1-Distill-Qwen-32B,1,is_correct,True,,,True,,,,238,-2.503820614062779,-4.6643583487304205,-2.1605377346676415,2.0865678104370304,7.860861120014779,-4.6643583487304205,3.196502771284359,-1.371057331422944,-1.402870460202651,-0.7602517742264975,0.6108055571964465,43.004690985048434,0.0502395828264131,13,4,0.3157894736842105,1.0,0.0,7.860861120014779,4.342062346403191,4.73459754337251,0.8333333333333334,1.0,3.633447316369029,0.41739433046644886,1.6163445898033562,0.2,0.8,4,4.089755868824847,-0.4630844831449732,-4.55284035196982,2.3140495198582,8.976314217858661,-4.886558349033814,4.089755868824847,-0.39840124010448374,-1.3197674729975055,0.4138848206892183,0.812286060793702,17.609240742151627,0.2585483621148745,2.0,3.0,0.0,0.3157894736842105,4.423473865888841,4.55284035196982,1.1279705619183948,1.4960523696431105,0.5555555555555556,0.0,0.2279322897229767,0.6744016612224961,1.151595264601427,0.45,0.55,-2.503820614062779,-1.1359934524775002,-4.3779965448029525,-1.7256628472399416,-2.3974287558607306,-0.6530018768010613,3.196502771284359,-0.933915270357333,-2.5249181792874187,-0.4928420874001149,-1.0018125919914587,-0.6948233128094206,-3.4265411078639794,-0.745240671708831,-3.245912325041254,-1.8026238096319296,2.5394385367712613,2.5417061066312683,0.07023919464208905,-4.6643583487304205,4.089755868824847,2.5937034991817365,1.0976511295386264,-0.39840124010448363,-1.8944536097475941,-3.3905059793907046,-4.886558349033814,-4.633262097635923,-3.5052915357175283,-2.3773209737991343,-1.24935041188074,-0.12137984996234508,1.006590711956048,1.6416418460570863,1.2908541245234095,0.9400664029897328,0.5892786814560567,0.23849095992238056,-0.1122967616112962,-0.4630844831449732,0.6009555959877929,9.35506981354306,4.802229461573241,-2.3190624835443785,242,0.008757933553168102,0.5
a2d2c8a2-86ef-49a6-9e56-804cbb89c848,frontierscience,R1-Distill-32B-cloudjudge_reasoning-auto,chemistry,,deepseek-ai/DeepSeek-R1-Distill-Qwen-32B,0,is_correct,False,,,True,,,,108,-2.5092507734057365,2.3269841805523788,4.836234953958115,1.6831729881529203,6.906571385427746,-2.5092507734057365,4.39732061202201,0.9148644964948713,2.3610823914270607,0.5661945648773182,-0.3486699316175531,30.42523565213381,0.15895472459944401,12,5,0.5789473684210527,0.0,4.836234953958115,2.070336431469631,3.897715773548498,4.524567416094751,0.0,0.7777777777777778,2.5805444970761204,1.623382237921063,0.30694245768519157,0.75,0.25,3,-2.4241063343995344,0.04579433063439116,2.4699006650339257,1.3134968786354417,4.679654250105164,-2.4241063343995344,2.2555479157056304,-0.9075531749791098,1.772732696896165,0.6596147709319579,1.5671679459110677,6.889407835176404,0.3585069608483533,1.0,1.0,0.5263157894736842,0.0,2.4699006650339257,2.209753585071239,0.5055177198068082,0.2455281761190269,0.0,0.7222222222222222,0.041724771995879845,0.853964987647036,0.3532677236964795,0.75,0.25,-2.5092507734057365,1.3884650001427614,2.308195616976271,-0.5603797620585738,2.522075699263959,2.0050775186318113,1.249868175913606,2.2031573921780288,2.426621027537321,1.638884430503726,2.476329705513219,4.39732061202201,1.8730479250182412,1.512215647216878,3.4077558504244587,-1.1168115656702917,-0.7480492919000281,-1.2043577606692013,0.7316459765265928,2.3269841805523788,-2.4241063343995344,-1.9185886145927262,-1.413070894785918,-0.9075531749791099,-0.40203545517230177,0.10348226463450638,0.6089999844413145,1.1145177042481227,1.6200354240549308,2.125553143861739,2.2555479157056304,2.0100197395866037,1.7644915634675773,1.518963387348551,1.2734352112295242,1.0279070351104975,0.7823788589914711,0.5368506828724449,0.291322506753418,0.04579433063439116,0.08672056927382375,-4.664369945678089,-2.1944692806441637,-5.415448704176377,111,0.020249221183800622,0.6666666666666666
cb11faa6-e12a-4621-9fa7-f6f4b11a9300,frontierscience,R1-Distill-32B-cloudjudge_reasoning-auto,physics,,deepseek-ai/DeepSeek-R1-Distill-Qwen-32B,0,is_correct,False,,,True,,,,232,-2.4947077435558365,-2.4351920138765246,0.059515729679311846,2.5389640155582858,8.979646239907625,-4.680699143817816,4.298947096089809,0.8257809026913014,-0.6689141232410394,-0.14996382083550852,-0.97574472352681,54.2552221494966,0.0010969585474246196,10,10,0.05263157894736842,0.6842105263157895,2.2455071299412914,6.734139109966334,7.159315774117539,6.755612901966526,0.7222222222222222,0.6666666666666666,5.049224542790023,1.1380348719268272,1.1281206453698878,0.45,0.55,6,4.619119378373394,-3.1687072379730417,-7.787826616346436,2.702737137765585,9.123996816937147,-4.504877438563752,4.619119378373394,0.6865562606071152,0.026128322326715407,-1.1622610980755137,-1.8488173586826289,24.29344731455885,0.3205731370894924,2.0,3.0,0.0,0.3684210526315789,1.3361702005907103,7.787826616346436,2.5750904491431426,1.3153101261188316,0.5555555555555556,0.0,0.45779516508792767,1.1206145621535073,1.2198532875493209,0.45,0.55,-2.4947077435558365,4.298947096089809,2.7311626611574065,-0.3002872727083039,1.2057405634394351,2.793377322624827,-2.453766308208227,1.9844626775357088,-2.2110958821069557,-0.7215519606641796,-0.6713454670638344,-0.4570828447189088,2.07491375814871,-4.680699143817816,2.478616630299723,2.6050004588463356,2.588476270394586,-2.4413809808552163,-3.695303289821954,-2.4351920138765246,4.619119378373394,3.303809252254563,1.9884991261357312,0.6731890000168996,-0.6369227469835147,-1.9262409775102605,-3.215559208037006,-4.504877438563752,-4.248432197222547,-1.6733417480794075,0.901748701063732,3.4768391502068745,3.747932910542454,2.4830288783396517,1.2181248461368468,-0.0467791860659581,-0.9037488862889441,-1.6587350035169757,-2.4137211207450084,-3.1687072379730417,0.40053533704881794,7.454846729298737,-0.3329798870476992,-0.32935604740596247,238,0.008993879683534855,0.3333333333333333
62dc1c65-0200-41d8-91fd-aa3c606e46cc,frontierscience,R1-Distill-32B-cloudjudge_reasoning-auto,physics,,deepseek-ai/DeepSeek-R1-Distill-Qwen-32B,0,is_correct,False,,,True,,,,208,2.660854624103922,2.463409145776864,-0.19744547832705805,2.1768858673360363,8.760790672410588,-4.64096590103464,4.1198247713759475,1.3578262302597752,-0.44604415985816787,0.5548039312188667,-0.8030222990409085,42.70402008681576,0.004623580588564224,10,10,0.05263157894736842,0.47368421052631576,7.104375046811504,1.6564156255990836,4.41840889314324,5.857575049504802,0.8333333333333334,0.4444444444444444,3.4690290915453583,1.1658508910245668,0.6802859870183443,0.6,0.4,12,0.04126276269856741,-2.7349612559205148,-2.7762240186190823,2.330724805205414,7.87871776720808,-4.381444582326951,3.4972731848811294,-0.08267628437627929,-0.011023792630423681,0.1715147084565296,0.2541909928328089,54.24428236763226,0.051180030363451985,9.0,9.0,0.7368421052631579,0.631578947368421,1.6464833264064365,6.232234440801644,5.478147129980853,5.491116523241421,0.8888888888888888,0.6111111111111112,4.220491591797124,0.9867434726906434,0.9680840871060304,0.55,0.45,2.660854624103922,4.1198247713759475,3.3481886028837646,-1.7042921088387368,0.44726515890113205,1.1595829085314244,-0.5266403451390289,-0.31373251992517526,1.2166091484701615,-4.64096590103464,-2.081919617723625,0.44698577860084754,1.67360628355367,0.5771077090515861,-1.2221636909006448,-2.5080309627239896,1.91037793041925,3.293205758822766,-0.6079745940810454,2.463409145776864,0.04126276269856741,1.227078526803658,2.115429590468243,2.2105414529581453,-0.07728187559689603,-4.350884530022725,-1.7448799179429475,1.7796846526892593,-0.7981673389445318,-0.9559580956765561,3.1213583086695347,1.1096719409144695,-4.381444582326951,0.04768856626180984,3.4972731848811294,-1.9252229336857782,-2.392881212003713,3.0852659179771402,1.4996145494909139,-2.7349612559205148,0.21544435972806086,-2.2067020233502355,-4.982926041969318,-0.5008532943857062,220,0.010033444816053512,0.16666666666666666
0eb69a4c-0774-46b6-87dd-6686f639b7fa,frontierscience,R1-Distill-32B-cloudjudge_reasoning-auto,chemistry,,deepseek-ai/DeepSeek-R1-Distill-Qwen-32B,0,is_correct,False,,0.3,True,,,,10,-2.855640286819185,3.8666699125394213,6.722310199358606,3.29461723564354,14.765896804737514,-8.853049953619038,5.912846851118475,1.2471561389124954,0.7656862585352163,-2.4370029396293718,-3.6841590785418674,51.276093941278354,0.131100278563672,6,7,0.10526315789473684,0.8947368421052632,12.71971986615846,2.046176938579054,6.35985993307923,4.260407371385815,0.9444444444444444,0.16666666666666666,2.311390083275722,1.217134657500798,1.2437407002829104,0.5,0.5,3,-5.159147034206853,1.505247679270667,6.66439471347752,2.6147255162556533,8.699959458844855,-5.159147034206853,3.540812424638001,-2.376079753424841,2.7990433826584744,2.0706823307615934,4.446762084186434,10.735524204212188,0.6207796272177077,1.0,1.0,0.5263157894736842,0.0,6.66439471347752,2.035564745367334,0.9276890935940045,0.22617386059637123,0.0,0.7777777777777778,0.06410349745502131,1.621219259526803,0.851977290066553,0.7,0.3,-2.855640286819185,1.528603282149645,5.912846851118475,2.6129562508831747,-1.647451120502641,-0.047670819929974684,3.226448815487973,2.8831710076102874,0.7311944780847837,-0.4180863564117191,-0.7652106348850205,-0.25853610743093314,1.3153869274323893,1.8718844953467266,0.39353112936308454,-1.6829731391275058,-5.853005566392382,-8.853049953619038,-2.4931900205398083,3.8666699125394213,-5.159147034206853,-4.231457940612849,-3.303768847018845,-2.376079753424841,-1.448390659830837,-0.5207015662368324,0.40698752735717125,1.3346766209511758,2.2623657145451794,3.190054808139184,3.540812424638001,3.3146385640416307,3.0884647034452604,2.86229084284889,2.6361169822525197,2.4099431216561484,2.1837692610597785,1.9575954004634084,1.7314215398670376,1.505247679270667,-1.797109447429563,-10.822926394175838,-4.158531680698317,-7.1466396935998056,13,0.35555555555555557,0.6666666666666666
3f380f88-7221-4320-a168-348d9a77db2e,frontierscience,R1-Distill-32B-cloudjudge_reasoning-auto,physics,,deepseek-ai/DeepSeek-R1-Distill-Qwen-32B,0,is_correct,False,,0.0125,True,,,,17,2.451288057454572,4.72377260444325,2.2724845469886783,2.291290481936312,8.576164414198713,-3.852391809755462,4.72377260444325,0.621413732060294,-1.7066908626119823,1.271301146984036,0.649887414923742,38.45361334970606,0.05909677528408521,9,6,1.0,0.3684210526315789,8.576164414198713,0.0,5.30799099630023,5.8248801220985005,0.6666666666666666,0.3333333333333333,2.9057570420716603,0.9678685136786183,0.9663251652764983,0.5,0.5,14,-4.520061722559984,0.1360490410276109,4.656110763587595,2.1759121490813897,9.007526655161051,-4.520061722559984,4.487464932601066,0.14362613647595612,-0.7164401353076525,0.7543078506114705,0.6106817141355144,43.600025794344944,0.10679146809567958,7.0,7.0,0.3157894736842105,0.0,4.656110763587595,4.351415891573455,6.545993833198505,3.4792908304303696,0.0,0.3333333333333333,2.7766547250995917,0.8317826974750944,0.8059752418827468,0.55,0.45,2.451288057454572,-1.9314833050529807,-2.7788923056736023,-0.23264517702996734,2.283984253913463,2.585156288467535,1.9724883123430388,-3.852391809755462,-1.5267456756671995,-0.3914841021465663,-1.4681386320890033,-3.2680038717756403,-3.3740314715751176,1.933959524725112,0.5437529902908456,1.5473950813802773,1.0367751828941918,-0.5026869547644247,0.27879797766007597,4.72377260444325,-4.520061722559984,2.0259321106385206,3.2380950316558406,-0.1206127402481606,-3.467508016201516,-0.6379266405540731,4.487464932601066,1.0081741021706963,-1.9925643746969244,-3.108337517766733,1.3501406687669366,-0.11209727961160354,-1.868805996127839,-0.29159054988809974,1.5637344940719085,2.087654393286352,0.40042145066199053,0.19345977193991898,0.14452795268104268,0.1360490410276109,-0.32172597036153416,-9.565560297364769,-4.909449533777174,0.4976610342219203,31,0.14705882352941177,0.15384615384615385
b93b8a19-eaca-4495-946f-ba4b73e481c8,frontierscience,R1-Distill-32B-cloudjudge_reasoning-auto,biology,,deepseek-ai/DeepSeek-R1-Distill-Qwen-32B,0,is_correct,False,,0.01,True,,,,7,1.6357235471094276,3.153307897982944,1.5175843508735163,2.3598883157043256,7.196282549469499,-3.519227286099161,3.6770552633703386,-1.9638316974638406,0.16540486179756092,1.2579836863312963,3.221815383795137,20.48641574560006,0.07407759218200252,3,4,0.6842105263157895,0.21052631578947367,6.672535184082105,0.5237473653873947,1.6883663658472645,1.6344053309562605,0.5555555555555556,0.0,0.5269470683892565,0.8998721654045513,1.1519264519883605,0.5,0.5,7,-4.571796263248134,0.8995750520768878,5.4713713153250225,2.34998368871437,9.308231690164096,-4.571796263248134,4.736435426915962,-2.1133117801291466,1.9309835313670458,0.8569656255156523,2.970277405644799,21.05659321599085,0.259841241135339,4.0,3.0,0.5263157894736842,0.0,5.4713713153250225,3.8368603748390746,3.007076532927173,1.4670595879714052,0.4444444444444444,0.2777777777777778,0.7517083179856735,1.051392033579623,0.8581172329916626,0.65,0.35,1.6357235471094276,0.0013182161531670733,-1.6330871148030934,-3.2674924457593537,-3.519227286099161,-3.4944280283156774,-3.4696287705321933,-2.9716472142353494,-2.2370745086818253,-1.5025018031283013,-0.29103226742790844,1.397334098419356,3.0857004642666164,3.6770552633703386,2.0743869289869727,0.4717185946036073,-0.6524096007843438,0.6161628988047504,1.8847353983938473,3.153307897982944,-4.571796263248134,-2.940943417075512,-1.31009057090289,0.32076227526973167,-0.6299785736776683,-2.097038161649073,-3.5640977496204784,-2.0483999236594976,0.9586766092676751,3.965753142194848,4.736435426915962,3.2707234634310103,1.8050114999460618,0.8286845014732598,0.8311274330247542,0.8335703645762487,0.8389729256695675,0.8591736344720076,0.8793743432744476,0.8995750520768878,-1.9188518211319356,-9.643955982363014,-4.172584667037992,2.289916296156381,14,0.38095238095238093,0.47619047619047616
239c543b-7543-445a-b492-89c994b9ba7c,frontierscience,R1-Distill-32B-cloudjudge_reasoning-auto,physics,,deepseek-ai/DeepSeek-R1-Distill-Qwen-32B,1,is_correct,True,,,True,,,,298,-2.5191288162209755,0.1444338415400086,2.663562657760984,2.31641990145859,7.964600155610917,-3.7939160088038215,4.170684146807095,0.15596989098375408,0.3035919865254159,-1.1904129959356144,-1.3463828869193686,40.87436165721845,0.0651646300949778,12,5,0.42105263157894735,0.8421052631578947,3.93834985034383,4.026250305267086,5.21389369105751,3.631622100721282,0.7222222222222222,0.5,3.633983329796831,0.9079749521820247,1.1042521938344996,0.45,0.55,2,3.7624623994094417,-3.7624623994094417,-7.524924798818883,2.2837280595412977,7.524924798818883,-3.7624623994094417,3.7624623994094417,2.5743163785433016,-0.19802433681102313,-2.772340715354325,-5.346657093897626,7.524924798818883,1.0,0.0,1.0,0.0,1.0,0.0,7.524924798818883,-0.39604867362204565,0.39604867362204743,0.6111111111111112,0.5555555555555556,4.934324553889585e-16,0.9901216840551162,0.9901216840551161,0.5,0.5,-2.5191288162209755,-1.6149174147563183,-1.4672581749506415,2.5881204031786944,0.18982953596580154,0.47691206248242196,3.438231641187296,2.5950829649596674,4.170684146807095,2.5964309113630923,-1.0351911893581895,-2.4575633128789374,-0.4901794603137235,-3.2541201549010936,1.9597735361564166,-1.0171729653936978,-3.7939160088038215,-1.8587570610290116,-2.5768393180835814,0.1444338415400086,3.7624623994094417,3.366413725787395,2.9703650521653486,2.574316378543302,2.1782677049212555,1.7822190312992094,1.386170357677163,0.9901216840551164,0.5940730104330698,0.19802433681102327,-0.19802433681102283,-0.5940730104330703,-0.9901216840551159,-1.3861703576771625,-1.782219031299209,-2.1782677049212555,-2.574316378543302,-2.9703650521653477,-3.366413725787395,-3.7624623994094417,1.2698439447131058,4.887872502582539,-2.6370522962363445,-2.6687978953632943,300,0.006937382776308951,1.0
ae667a28-9659-4f33-a51e-7a19f133e111,frontierscience,R1-Distill-32B-cloudjudge_reasoning-auto,physics,,deepseek-ai/DeepSeek-R1-Distill-Qwen-32B,0,is_correct,False,,,True,,,,394,0.14062019457799868,4.891534233398801,4.750914038820802,2.162112631014867,7.592987456238607,-2.701453222839806,4.891534233398801,-0.8007607115620938,0.2884238177813045,0.8087635232406573,1.609524234802751,37.614262768184744,0.12630618518567022,13,6,1.0,0.631578947368421,7.592987456238607,0.0,7.475615442279585,4.630463343149284,1.0,0.5555555555555556,3.222455353953238,0.8971942321645281,0.8338830880156072,0.5,0.5,6,0.4306969460122018,0.5559427958233492,0.12524584981114734,2.334227349565482,8.067390401870922,-3.977267394660779,4.090123007210143,-1.4874014437805552,0.05832803149480771,1.4422292153182459,2.929630659098801,27.558921055047733,0.0045446572295400915,4.0,4.0,0.42105263157894735,0.21052631578947367,4.533210190484128,3.5341802113867935,2.517368858747307,2.487843724048469,0.2222222222222222,0.5555555555555556,0.8693620175709905,0.9704392016354235,1.0379461313399614,0.55,0.45,0.14062019457799868,0.08824583261847874,1.6533617191303625,-1.9721491320651066,-1.8079835939442523,-2.206915509076756,-1.5005044921753816,-0.7165062944487675,-0.9633945851206442,4.158305971260649,3.2007701983054044,-1.4296931448438794,-2.701453222839806,0.4709378021561752,0.3411852568626714,0.46454743753216365,2.53437599744786,-0.7949805769167684,-2.5840812088807836,4.891534233398801,0.4306969460122018,-0.8617867677831774,-2.154270481578557,-3.446754195373936,-3.977267394660779,-1.4598985359134722,1.0574703228338347,3.574839181581141,4.090123007210143,1.6022792831616757,-0.8855644408867915,-3.3734081649352605,-3.2402405645250028,-1.3597320811422509,0.5207764022405046,2.4012848856232605,2.309714206199505,1.7251237360741205,1.1405332659487348,0.5559427958233492,-0.44054584334776364,-4.901383130734363,-4.776137280923216,-0.8113422559804064,400,0.0052053060539130214,0.3333333333333333
222e24bf-14d4-4660-a5dd-01b2b3528cfa,frontierscience,R1-Distill-32B-cloudjudge_reasoning-auto,physics,,deepseek-ai/DeepSeek-R1-Distill-Qwen-32B,0,is_correct,False,,0.075,True,,,,125,0.13923868316367902,2.319023972468319,2.1797852893046397,2.609952639833407,7.9715898343412945,-3.3313870005286352,4.640202833812659,0.5639841126209317,-1.4391035745906515,0.7164150132763698,0.15243090065543807,63.36779358693767,0.03439894567757161,13,12,0.8947368421052632,0.42105263157894735,5.650410972996954,2.3211788613443405,7.373556183009993,7.767109144794832,0.2777777777777778,0.2222222222222222,6.333073690764775,1.075744890915598,1.1671121986220891,0.5,0.5,33,-4.724980842642924,0.2126592600160578,4.937640102658982,2.1782731897940875,7.965587063913574,-4.724980842642924,3.2406062212706503,-0.9576863198685016,0.3518544512474263,0.11168728957893305,1.0693736094474346,48.4554672965613,0.10190057754348367,12.0,11.0,0.5263157894736842,0.0,4.937640102658982,3.0279469612545924,4.816913672308156,7.509390617591568,0.05555555555555555,0.1111111111111111,4.134683132471151,0.816216252134342,0.9947512192780383,0.45,0.55,0.13923868316367902,-2.520293858087041,2.3662286812368696,-1.4162948758006328,4.513224088137773,-3.253885056657059,4.119671126352934,2.7103517452195405,-3.3313870005286352,-2.6951956985691954,-2.1907444903808106,-2.900009921929893,-1.818199873164864,0.1514602172192979,0.1874171545343959,0.3680793161664959,-1.589517996367317,4.640202833812659,-1.6267152009563346,2.319023972468319,-4.724980842642924,-1.6402789567610245,3.1766347155471317,-4.332755902044436,-2.1538749112255697,0.7617867538548126,2.209664904192499,2.1730047832329404,-1.0874154980798434,1.1737183683160068,3.2406062212706503,-1.029280963002781,-0.6377568147811792,-1.3698949382238093,1.1084234678619735,-1.8246686623784125,2.2678265683947667,-0.34461832568474904,-0.7494985707360382,0.2126592600160578,-0.08737448566806894,-7.131379300779312,-2.19373919812033,-0.8161477020804284,158,0.01729032258064516,0.06060606060606061
6681ea07-9b3a-4a71-9b31-a88212189f27,frontierscience,R1-Distill-32B-cloudjudge_reasoning-auto,chemistry,,deepseek-ai/DeepSeek-R1-Distill-Qwen-32B,1,is_correct,True,,,True,,,,268,0.14292112568441523,-4.779865862681268,-4.922786988365683,2.345446846901003,9.316969894153335,-4.779865862681268,4.537104031472068,-0.42309742535859013,-0.43940949805203683,-1.3477337456669403,-0.9246363203083501,49.96303751952535,0.09852857697936956,12,7,0.8947368421052632,1.0,0.0,9.316969894153335,7.8748824098723675,7.206001165605864,0.8888888888888888,0.9444444444444444,5.018083887040023,0.6440558176410107,1.350253364534812,0.4,0.6,3,1.5210794197562705,-0.8102749151156653,-2.3313543348719357,0.7775149158335976,2.3313543348719357,-0.8102749151156653,1.5210794197562705,0.8162739699467308,-0.5717411305656357,-0.7840984913064389,-1.6003724612531698,2.331354334871936,0.9999999999999998,0.0,1.0,0.0,1.0,0.0,2.3313543348719357,-0.01047056952369052,0.23493514993651332,0.5555555555555556,0.05555555555555555,0.012470254467379156,0.2856958894813558,0.4353389430899042,0.35,0.65,0.14292112568441523,0.011069657120706648,-4.263908751721239,1.118671055188224,-3.3710195526309024,1.7214402753632174,1.6791442134854477,1.8535413109725571,1.8172246835335768,-1.3367033354586009,-2.564868869201392,-0.14639744861101484,-1.3064388939705385,-1.3922239336288453,-1.7071499164923714,-0.12981521376597327,-3.3377783784002997,4.537104031472068,-2.6688971341337964,-4.779865862681268,1.5210794197562705,1.2861442698197574,1.051209119883244,0.816273969946731,0.5813388200102177,0.34640367007370454,0.11146852013719144,-0.12346662979932188,-0.358401779735835,-0.5933369296723483,-0.7160397894024503,-0.7265103589261408,-0.7369809284498313,-0.747451497973522,-0.7579220674972125,-0.7683926370209031,-0.7788632065445936,-0.7893337760682841,-0.7998043455919748,-0.8102749151156653,0.8308559706415231,7.131801253079061,4.800446918207125,-7.998059171199436,271,0.00774218793672089,0.6666666666666666
11c1fcc0-bcad-4507-951b-550e19f1e2aa,frontierscience,R1-Distill-32B-cloudjudge_reasoning-auto,physics,,deepseek-ai/DeepSeek-R1-Distill-Qwen-32B,0,is_correct,False,,,True,,,,306,2.79008653684779,-5.008863994882558,-7.798950531730348,2.0748394206139653,8.792848549423883,-5.008863994882558,3.783984554541325,0.19011627454461877,0.6981521274382586,0.14100378844191278,-0.04911248610270599,42.043221082995004,0.18549840689739036,8,9,0.8947368421052632,1.0,0.0,8.792848549423883,6.024399233560463,7.21889406284318,0.16666666666666666,1.0,3.2418564203745266,0.9874769034468306,0.6342818262202496,0.55,0.45,10,-0.25918508354150377,-0.3929245004090383,-0.13373941686753454,1.9769703979818292,7.302544477395976,-2.8149076845201555,4.487636792875821,0.06704182612601071,0.1145300196609219,-0.15463122500137516,-0.2216730511273859,29.45281800451706,0.004540802066784356,6.0,6.0,0.10526315789473684,0.3157894736842105,2.421983184111117,4.88056129328486,2.3734109382086626,3.531224768517084,0.0,0.16666666666666666,1.610339632174333,0.866274950012244,0.8491141714872301,0.45,0.55,2.79008653684779,-0.08507780944261954,-0.5873451695494456,-3.1963358466663525,2.8280633868941107,1.3403173430711217,-1.758894519342273,0.9799782234593044,1.2378378356307322,0.149091045242701,-0.30301894703061816,-1.068976543371651,1.1948691386153873,2.6972841395219547,-0.550758449663932,-0.12636524445554226,0.5379957971515634,3.783984554541325,2.2100300679606213,-5.008863994882558,-0.25918508354150377,2.1142258546671586,4.487636792875821,1.6124826584393763,-1.9187421100777078,-2.7522176449609144,-2.8149076845201555,-1.2883022324428632,1.032950965452696,0.8427501493586613,-1.3566138779270487,-1.544235739408083,0.7828201063667315,2.332340766226359,2.3267910542556067,1.7935006526024684,-0.5868821629389958,-2.581206762209182,-1.4870656313091102,-0.3929245004090383,0.2723457780980488,5.022024689439103,4.888285272571569,-4.839344727393932,316,0.006750241080038573,0.2
5c97845c-c039-48d8-abcf-703afc476b98,frontierscience,R1-Distill-32B-cloudjudge_reasoning-auto,physics,,deepseek-ai/DeepSeek-R1-Distill-Qwen-32B,0,is_correct,False,,,True,,,,108,-2.75663705844261,-2.54834758907155,0.20828946937105997,2.2355848421962183,7.937397407120308,-3.435519587549388,4.50187781957092,0.2956500155899303,-0.5836332760259106,-0.7877223277162143,-1.0833723433061446,57.47186889483721,0.003624198644943856,15,14,0.15789473684210525,0.6842105263157895,0.8871719984778381,7.05022540864247,7.264696842351558,5.812348864799328,0.3888888888888889,0.16666666666666666,5.864959719758068,0.7737509520291724,1.1108617914966297,0.35,0.65,2,1.1555138322702785,-1.1555138322702785,-2.311027664540557,0.7013702947192062,2.311027664540557,-1.1555138322702785,1.1555138322702785,0.7906147273428221,-0.06081651748790936,-0.8514312448307315,-1.6420459721735536,2.311027664540557,1.0,0.0,1.0,0.0,1.0,0.0,2.311027664540557,-0.12163303497581834,0.12163303497581923,0.8888888888888888,0.9444444444444444,1.4802973661668753e-16,0.30408258743954697,0.30408258743954697,0.5,0.5,-2.75663705844261,1.6461177770156936,-0.4459134979452324,4.50187781957092,-1.3104710452284083,-2.226419622628694,2.660995736787843,-2.8243533974750576,4.4403434448765005,-0.8896983498262625,-0.8716548482369442,-1.5442347465537656,1.0396845525835425,-3.435519587549388,1.0519697037079583,-0.11393872933662363,0.13403000604098866,-1.2551845658062586,-1.9948627918318005,-2.54834758907155,1.1555138322702785,1.0338807972944597,0.9122477623186409,0.7906147273428221,0.6689816923670033,0.5473486573911845,0.42571562241536576,0.30408258743954697,0.18244955246372818,0.060816517487909394,-0.060816517487909394,-0.18244955246372818,-0.30408258743954697,-0.42571562241536554,-0.5473486573911845,-0.6689816923670033,-0.7906147273428221,-0.9122477623186405,-1.0338807972944597,-1.1555138322702785,1.3099924317480096,5.013853853089838,2.702826188549281,-7.89177666947235,110,0.020249221183800622,1.0
9557097c-9285-46d9-b1fc-51a256d87913,frontierscience,R1-Distill-32B-cloudjudge_reasoning-auto,physics,,deepseek-ai/DeepSeek-R1-Distill-Qwen-32B,0,is_correct,False,,0.05,True,,,,11,0.11965202913227622,0.1085801037858125,-0.011071925346463729,1.8656901026537822,6.744105512245068,-4.123822211691903,2.620283300553165,-0.05260502535791568,1.1923812756426098,-1.345755248694817,-1.2931502233369012,26.936039491488234,0.0004110450368905365,6,6,0.3684210526315789,0.21052631578947367,4.2324023154777155,2.511703196767353,3.876243643519161,3.806109094937878,0.2222222222222222,0.1111111111111111,1.5904875699032117,0.7457415498737957,0.7505464368825978,0.6,0.4,25,5.02463839355934,2.6272523208621488,-2.3973860726971914,2.4014705270739785,9.471677185677086,-4.447038792117746,5.02463839355934,0.5779633980457005,-0.10057953043365073,-0.3286183236776936,-0.9065817217233941,64.11566340360697,0.037391581798127675,13.0,12.0,0.0,0.7894736842105263,7.074291112979894,2.3973860726971914,6.922933298367548,6.69822667147848,0.8333333333333334,0.0,5.538778897560906,0.9917459112044087,0.9232470546434994,0.55,0.45,0.11965202913227622,1.284327982213307,1.9519254304924476,-1.8541836644454306,-4.123822211691903,-0.2475785681727416,2.501443824966634,2.620283300553165,2.107888623373448,0.6486427170443565,-0.026592779866296934,0.08218213264148881,0.8519322995890296,2.062332636163077,0.575639917520872,-2.0669498247854574,-2.6368595849817176,-2.6885993496504597,-1.3663427540579505,0.1085801037858125,5.02463839355934,-1.6735882779191398,1.2600333406713988,-3.4903565395058402,0.23593256476475497,1.879274754552854,0.809809550196535,-1.2124446346366788,0.09557680143591454,1.2519389168690696,-1.2028028526109285,4.050270221297383,-0.7953653094659681,-2.891229855924347,-0.17755058922589315,-4.447038792117746,2.475894506249802,0.12429685362897303,-2.5745642414634466,2.6272523208621488,0.0085026684755858,4.924560958249113,2.527174885551922,2.4701003427307633,36,0.18181818181818182,0.11
a6176b58-f026-4fbc-9301-28190a36879c,frontierscience,R1-Distill-32B-cloudjudge_reasoning-auto,chemistry,,deepseek-ai/DeepSeek-R1-Distill-Qwen-32B,0,is_correct,False,,0.15,True,,,,26,-2.551025801568049,-4.8191399439362685,-2.2681141423682196,2.5632951668219808,8.33456625539155,-4.8191399439362685,3.5154263114552826,0.16495585816486144,-0.2873652999451952,-0.455371709876206,-0.6203275680410675,60.874761509071924,0.037258694508892846,11,10,0.9473684210526315,1.0,0.0,8.33456625539155,7.772099613257609,8.33456625539155,0.6111111111111112,1.0,5.03909194996954,0.971319973161562,1.1507747907475407,0.6,0.4,11,-0.3361163013243682,-0.11744432744370445,0.21867197388066376,2.0229973574551874,7.200709812035881,-4.756072084228476,2.4446377278074047,0.08701360903956504,0.8665859406066445,-1.080703991866678,-1.167717600906243,32.13472723378032,0.006804849230236932,7.0,6.0,0.10526315789473684,0.7894736842105263,4.638627756784772,2.562082055251109,3.8715449472311616,3.875059198405709,0.8888888888888888,0.2222222222222222,1.9766566833163377,0.8169090064580612,0.8073603616418913,0.6,0.4,-2.551025801568049,2.7066532066852727,1.171885254271042,-0.02038524777707032,-1.8746454967581285,1.1909533274665554,0.5312557648344078,2.1105058338845417,1.062648403952329,0.43042005444500675,-3.059062660678948,-4.355967640429335,3.4161319728282735,-1.616233063618234,1.4949780843154297,1.7780008333078068,-4.7190359601847796,0.017540415785293306,3.5154263114552826,-4.8191399439362685,-0.3361163013243682,1.1337501148443945,2.4446377278074047,2.3247161119186424,1.453766979526492,-2.4212922188792168,-3.9903671506163936,-0.17881212679363667,1.665803839389495,0.5600112191131799,0.6207286711733211,1.8479561955699229,1.4859524894568659,0.06446129633736408,-2.171315600328481,-4.756072084228476,-2.1757874232235497,1.695757524007612,1.0406379600165292,-0.11744432744370445,0.32493714227224835,4.807960784884148,5.026632758764812,-3.250124146408993,37,0.10461538461538461,0.18181818181818182
163a8ed3-8fc0-492f-bd91-37ef359bec8a,frontierscience,R1-Distill-32B-cloudjudge_reasoning-auto,biology,,deepseek-ai/DeepSeek-R1-Distill-Qwen-32B,0,is_correct,False,,0.2,True,,,,14,0.6988488331406693,0.5646864563790182,-0.1341623767616511,1.6055168906508686,6.455984594226955,-3.823628325778269,2.6323562684486856,0.25386681007351636,-0.7384746354651167,0.43668177354925275,0.1828149634757364,32.733545757058664,0.0040986203498201935,8,8,0.3684210526315789,0.631578947368421,4.388314782157288,2.0676698120696675,4.476448389734298,2.8069225120585592,0.5,0.3888888888888889,2.372053747424357,0.6217685315549893,0.6603767383772736,0.55,0.45,13,-5.7097036244480766,-0.8052003147561222,4.904503309691954,2.9290383851542274,10.847932996881216,-5.7097036244480766,5.138229372433139,1.3335380462450306,-1.5005243278428846,0.5292461640527538,-0.8042918821922768,43.61445959218144,0.11245131443910315,8.0,6.0,0.3157894736842105,0.0,4.904503309691954,5.943429687189262,4.704143012841281,4.738530188798109,0.0,0.8888888888888888,2.816633366840557,1.324080524932661,1.2237518742760838,0.5,0.5,0.6988488331406693,0.6903044660675106,0.6409980511602458,0.43423331763480166,-1.2427644615865654,-0.6687035435081172,1.2241510076060695,2.6323562684486856,-0.1745662436098736,-2.7417801793234897,1.734668210410808,-1.0354668652428307,-3.823628325778269,-1.7609053131608472,-0.11923458072911686,0.15380279759296767,-1.640485254606364,1.3311150302576569,2.330206192401355,0.5646864563790182,-5.7097036244480766,-1.0055606116067954,1.6916158483369146,1.5790391342240242,3.0701981354115597,4.570948069364448,5.138229372433139,1.9180759606713589,-2.772533905568066,-2.807273839494021,-1.448139229749529,1.3048699236654158,-2.608474618014862,-4.09019458641049,0.5033988999623107,2.9990315853574576,3.706203569226591,-1.032326619571518,-2.1956301359021966,-0.8052003147561222,1.3842097049368056,-4.890180375890289,0.014322933801665272,3.433652979729338,27,0.15384615384615385,0.19230769230769232
3d762ba1-3958-453b-b34e-fe24c2822994,frontierscience,R1-Distill-32B-cloudjudge_reasoning-auto,chemistry,,deepseek-ai/DeepSeek-R1-Distill-Qwen-32B,0,is_correct,False,,,True,,,,351,-0.017310330369876854,2.5676168963347092,2.584927226704586,1.8470003495839529,7.678542309357613,-3.633168409033053,4.0453739003245595,-1.3884729816811938,0.9092387667004941,-0.5608455015708697,0.8276274801103242,38.37265002816598,0.06736379230538467,12,9,0.5263157894736842,0.2631578947368421,6.200785305367763,1.4777570039898502,4.670442432604887,4.269608338828112,0.6666666666666666,0.7222222222222222,3.336822113202597,0.5945410486216713,0.9305266743361773,0.45,0.55,8,2.5925351327579786,-0.015315267654463227,-2.607850400412442,1.264194275490075,4.796241983822737,-2.203706851064759,2.5925351327579786,0.6008474816578601,-0.3088863739088425,-0.679843825210368,-1.2806913068682282,14.537692446303227,0.17938544305052959,3.0,3.0,0.0,0.7368421052631579,2.188391583410296,2.607850400412442,1.7595540667713023,1.8046955558455595,0.16666666666666666,0.0,0.5817094856998904,0.42227277637099203,0.5240395362219463,0.35,0.65,-0.017310330369876854,0.14129400273939405,-2.1950336618037407,-1.127435378823663,-1.715769079926024,-3.633168409033053,-1.1718880145513932,0.2613598116107725,0.197797463758703,0.5477408277542515,4.0453739003245595,1.0649707768789836,-2.211506923014349,2.458935509590537,-1.8106728292375753,-1.7592622918649168,-1.1124691555813948,0.6057317834415179,-1.8560174125175597,2.5676168963347092,2.5925351327579786,0.7878395769124191,-1.0168559789331404,-1.8031944997453104,-0.0436404329740081,1.7159136337972942,1.9733349397897875,1.104156675198173,0.23497841060655889,0.03669715835762841,-0.04976792516752124,-0.2537402861803083,-1.1627563121189122,-2.0717723380575164,-2.203706851064759,-1.299532680163521,-0.39535850926228466,-0.10499467285996586,-0.06015497025721454,-0.015315267654463227,-0.0019843817588570864,0.022933854664412223,-2.5849165457480296,-5.173638559107285,359,0.005860805860805861,0.25
f10254b9-f0a1-407f-8af9-3169e23eee5e,frontierscience,R1-Distill-32B-cloudjudge_reasoning-auto,physics,,deepseek-ai/DeepSeek-R1-Distill-Qwen-32B,0,is_correct,False,,,True,,,,200,-0.15123409081072867,-0.027039059747604757,0.1241950310631239,1.8098760294097684,7.855432244841163,-3.4141357011672886,4.441296543673874,0.43003905255677616,-0.7681374798386168,1.4155963336721544,0.9855572811153783,41.56060154665303,0.0029882876195550545,13,8,0.8947368421052632,0.5789473684210527,3.3870966414196837,4.468335603421479,4.3045039803898195,4.529474754685168,0.6111111111111112,0.5555555555555556,4.357527378785721,0.8474425848424951,0.5410981342894929,0.6,0.4,3,2.339944461940938,2.5374259060401414,0.19748144409920343,2.21278755636066,7.034937598762167,-4.497511692722026,2.5374259060401414,0.06079241038661668,-3.4969750758484657,0.5861637286661355,0.5253713182795189,13.872393753425133,0.014235570847348873,1.0,2.0,1.0,0.47368421052631576,7.034937598762167,0.0,0.7805048709496032,0.7597173505181072,0.5555555555555556,0.0,0.08556790119265112,0.5134074071559029,1.5402222214677095,0.4,0.6,-0.15123409081072867,-0.04678669791278556,2.2259934669252543,1.1666824142451793,-1.5865815082968835,0.7944736804801709,0.6077261032672265,-2.6187126729423147,-0.03761604414558692,-2.939856910766667,1.1153390535178795,-3.4141357011672886,0.8903682792225305,1.62765163741113,1.1888019513083297,1.9679353023818615,0.8143942840620566,4.441296543673874,0.10818898035441027,-0.027039059747604757,2.339944461940938,1.5802271114228308,0.8205097609047238,0.06079241038661687,-0.6989249401314903,-1.458642290649597,-2.2183596411677042,-2.9780769916858114,-3.7377943422039186,-4.497511692722026,-4.487117932506279,-3.7066130615566757,-2.9261081906070743,-2.1456033196574733,-1.3650984487078701,-0.5845935777582669,0.19591129319133405,0.9764161641409359,1.7569210350905387,2.5374259060401414,-0.02336959735371055,2.343613924334832,2.5410953684340356,-2.7945849543512153,203,0.01050251256281407,0.6666666666666666
f3ba1aae-2fc3-4d9b-a5a3-42bb91de4d7d,frontierscience,R1-Distill-32B-cloudjudge_reasoning-auto,physics,,deepseek-ai/DeepSeek-R1-Distill-Qwen-32B,0,is_correct,False,,,True,,,,161,2.660303957624123,0.021239526861638523,-2.6390644307624846,1.837361386115625,7.0404159789768315,-4.279131538468569,2.761284440508263,-0.08822301476681156,-1.9388379272640772,0.19153010403269136,0.27975311879950293,39.0554819005551,0.06757218967319861,14,6,0.8947368421052632,0.3684210526315789,4.300371065330207,2.7400449136466247,3.2477702373730444,4.842240649304415,0.05555555555555555,0.0,3.6660901065568345,0.46571217685758404,1.1177244753585875,0.4,0.6,4,4.2833143007365,-3.1579236766581174,-7.441237977394618,2.671236334783531,9.063514210504412,-4.780199909767911,4.2833143007365,-0.24844280451570558,0.056728512058571594,-0.26992570444842245,-0.021482899932716876,24.54818071022074,0.3031278800345651,2.0,3.0,0.0,0.3157894736842105,1.622276233109794,7.441237977394618,1.4908525784144118,1.5105857017507356,0.5555555555555556,0.0,0.3137494470813025,1.075041357849095,1.2231190715436187,0.5,0.5,2.660303957624123,-2.1819366916802916,1.0658335456927528,0.43267357489933733,0.9429806828408918,-2.4382185095426245,-1.0991976632018696,-4.279131538468569,-1.0920727213647368,-3.4727198112394255,-1.4666326833668246,1.041974120129009,-1.9503191402787001,-2.352963716259292,-1.672216045822137,-0.026985673973073165,-0.32209531197420826,2.761284440508263,0.3879536885956649,0.021239526861638523,4.2833143007365,2.772728598985765,1.2621428972350297,-0.24844280451570544,-1.759028506266441,-3.2696142080171766,-4.780199909767911,-4.289826758075217,-2.798974179660807,-1.308121601246397,0.18273097716801345,1.6735835555824252,3.1644361339968343,3.7732714566451495,2.618072267761271,1.4628730788773927,0.3076738899935165,-0.8475252988903597,-2.0027244877742385,-3.1579236766581174,0.6491513286275705,4.911226102502432,-2.5300118748921854,-0.6497082067661708,165,0.013198757763975156,0.5
677d66f3-b5f3-432d-bb04-2a8807d5491f,frontierscience,R1-Distill-32B-cloudjudge_reasoning-auto,chemistry,,deepseek-ai/DeepSeek-R1-Distill-Qwen-32B,0,is_correct,False,,,True,,,,171,-2.5124649371499403,-2.576105533338489,-0.06364059618854867,2.1094951981079877,7.303188834530255,-2.79294497316487,4.510243861365385,-0.09053883046635978,0.2200240795144623,-0.41567826324119,-0.3251394327748302,51.359230134971526,0.0012391267552356575,13,12,0.10526315789473684,0.21052631578947367,0.21683943982638088,7.086349394703874,6.4600758605478665,4.842757496711623,0.8333333333333334,0.1111111111111111,4.458780714856019,0.8152647218697403,0.8946483636752613,0.4,0.6,2,-0.060349431648461405,0.060349431648461405,0.12069886329692281,0.03663071568624673,0.12069886329692281,-0.060349431648461405,0.060349431648461405,-0.041291716391052544,0.0031762858762348087,0.044468002267287345,0.0857597186583399,0.12069886329692281,1.0,0.0,1.0,1.0,0.0,0.12069886329692281,0.0,0.00635257175246963,0.0,0.5555555555555556,0.1111111111111111,5.011423375044109e-18,0.01588142938117405,0.015881429381174053,0.5,0.5,-2.5124649371499403,1.9543435411721761,4.510243861365385,-0.33251363534623746,-2.79294497316487,-0.6941698211967109,-0.7662658489443213,1.8818374043905686,-0.4937210818212665,1.3610787166557587,0.010482678750640614,-2.731084261149512,1.5618648338978232,-0.050289734122776805,1.2200930773781147,-2.6547255367635287,3.805350323784338,-0.179891157129207,-2.108790753378368,-2.576105533338489,-0.060349431648461405,-0.05399685989599178,-0.04764428814352216,-0.041291716391052544,-0.03493914463858292,-0.0285865728861133,-0.022234001133643676,-0.015881429381174053,-0.009528857628704437,-0.003176285876234815,0.003176285876234808,0.009528857628704437,0.015881429381174053,0.02223400113364367,0.0285865728861133,0.034939144638582914,0.04129171639105253,0.047644288143522145,0.053996859895991775,0.060349431648461405,-0.07175126512106975,2.4440048365689577,2.5647036998658805,-13.315505460670344,173,0.01238390092879257,1.0
bc82c611-4407-4da9-8444-48dbf08d0bbf,frontierscience,R1-Distill-32B-cloudjudge_reasoning-auto,physics,,deepseek-ai/DeepSeek-R1-Distill-Qwen-32B,0,is_correct,False,,0.025,True,,,,25,-2.777234149549662,2.4263393952883603,5.203573544838022,2.90735307196655,10.02464757420615,-5.5124316538347,4.51221592037145,-0.27235917594107323,-0.33770290982641316,0.6022596661808911,0.8746188421219643,82.20580989149656,0.0632993404201749,12,11,0.7894736842105263,0.5789473684210527,7.93877104912306,2.0858765250830893,8.86442230874244,7.774169744005702,0.6111111111111112,0.5555555555555556,7.907579711613319,1.1769181295624829,1.2097619597268359,0.4,0.6,20,0.38139724484714177,0.27494988454330593,-0.10644736030383584,2.9255991620541404,10.19832313358446,-4.902375442379599,5.29594769120486,-0.8206635140131,0.2000616959741303,0.7240354543787975,1.5446989683918975,69.71530174263293,0.0015268866037015255,8.0,8.0,0.3684210526315789,0.631578947368421,5.1773253269229045,5.020997806661555,9.774479886526919,7.240627059696639,0.5,0.2222222222222222,6.2528033750242376,1.051605899160044,1.051605899160044,0.7,0.3,-2.777234149549662,3.5014406391041444,-0.1537798064887418,-0.46912001006747994,-4.673365956416388,3.068175618454757,-0.4026305666241418,-4.142904750152039,4.06310072449212,0.3533615484600825,2.261738090171003,-5.5124316538347,3.3519906549077416,-2.738774982829101,-1.0390758234550088,4.51221592037145,-1.028340731055897,-0.9686985887419963,-0.2888821753215618,2.4263393952883603,0.38139724484714177,0.014286891693496506,-4.77713511452062,2.6843345508757417,2.6632247493141556,-4.5774023103824835,-2.1333506099191317,5.29594769120486,0.2717203225699961,-4.628796512414054,5.145683374112865,0.23131043230983506,-4.902375442379599,-0.0130579935849916,0.2330851888070512,0.2679233396262809,0.37873987149940047,2.7927521952743235,0.3967622465224231,0.27494988454330593,-0.5357487682190661,-2.5806909186602844,-2.6871382789641203,-1.587467627168536,45,0.10333333333333333,0.10526315789473684
d3acd2cb-8477-4630-b8bb-b4bc22670dc8,frontierscience,R1-Distill-32B-cloudjudge_reasoning-auto,physics,,deepseek-ai/DeepSeek-R1-Distill-Qwen-32B,0,is_correct,False,,0.0,True,,,,99,-2.491544216242743,-2.3163966252922448,0.17514759095049826,1.932247112698158,6.541314356718258,-4.232968552433627,2.308345804284631,0.15969149930623652,0.5455535772681197,-1.7694072685892188,-1.9290987678954554,41.852845652485335,0.0041848430667007115,14,10,0.5789473684210527,0.9473684210526315,1.9165719271413826,4.624742429576876,4.501661749860219,4.980614539590632,0.7777777777777778,0.9444444444444444,3.8869243683758055,0.6526952191667618,0.9366816229425025,0.55,0.45,10,4.561957919835736,-2.8792677542501526,-7.441225674085889,2.6610167086726304,8.956721241799436,-4.3947633219636995,4.561957919835736,0.9218396558024756,-1.4491516186527558,0.46759288950202976,-0.45424676630044586,48.97029748128054,0.1519538589066236,6.0,7.0,0.0,0.10526315789473684,1.5154955677135469,7.441225674085889,4.531729408560089,4.478360620899718,0.5,0.0,2.5297408574520364,1.129425286189188,1.1737066063361774,0.5,0.5,-2.491544216242743,0.21875725660316753,1.7438927289951414,-0.1623411788869502,-1.2334890941495305,0.9249294399087331,2.117635558915837,1.7227131457486453,2.2994116362729113,-1.0893669966444177,-1.8574671270921943,2.308345804284631,0.1499629031711618,0.2852756751361008,-3.966327502718319,0.5353342471418994,-1.3837311653900253,0.7476459871570047,-4.232968552433627,-2.3163966252922448,4.561957919835736,0.0835972989360183,-4.3947633219636995,-0.8646365685850812,3.6665511065783285,2.86358840870626,0.536582747109767,-1.7903904579897731,-4.117347434840838,-2.6339230864634837,1.8978063220966055,2.427453795215552,-2.0455011509669374,-3.8821593176204163,-0.4462239252158495,2.235277661331477,2.276260927378492,2.0394295365955255,-0.41991910882731354,-2.8792677542501526,0.2652242457424442,7.143578790870425,-0.29764688321546373,-1.1057575152639956,109,0.022263450834879406,0.2
ff4a744b-45ac-46d9-b0ba-6461a71e278a,frontierscience,R1-Distill-32B-cloudjudge_reasoning-auto,chemistry,,deepseek-ai/DeepSeek-R1-Distill-Qwen-32B,1,is_correct,True,,,True,,,,262,0.11501263615437367,5.040684219172279,4.925671583017905,1.9250288086961302,8.961701223661617,-3.9210170044893387,5.040684219172279,1.459656536041623,1.267932802401999,1.0627968933827054,-0.3968596426589175,37.42076746558409,0.13162935761667768,8,4,1.0,0.5789473684210527,8.961701223661617,0.0,7.066414788593197,4.568211302813117,0.6111111111111112,0.5555555555555556,3.093617872279374,1.5404534327762742,0.2669580963061951,0.9,0.1,11,-2.0956204697172667,0.34582114682510356,2.4414416165423702,1.7775046839294035,7.412831517790346,-3.5599812171668317,3.852850300623515,-0.21263282542230502,0.2600174055182843,0.06751092482782135,0.2801437502501264,29.46511966622005,0.08285870358576324,5.0,5.0,0.6842105263157895,0.7894736842105263,3.9058023639919353,3.5070291537984115,3.8121460120614956,5.033220777299308,0.6666666666666666,0.7777777777777778,1.952126714966707,0.7251540121352342,0.688316131653295,0.65,0.35,0.11501263615437367,0.7342153874906256,1.408646686266183,2.4467613626924116,4.364497834677168,0.8389490106222901,0.30951283438830934,2.680180920973073,2.6510454137552286,1.176731089780402,0.6471942983237782,-3.9210170044893387,3.1453977841038583,2.495997114366992,0.13224139759665537,0.09900351486998525,1.1268258246633858,-1.4181449216345627,1.3961713256284907,5.040684219172279,-2.0956204697172667,-0.9329314424276767,0.11925365470899169,0.1769033804693652,0.23564260457604344,0.2987398220679406,0.7095826723664675,1.931831999213802,1.6101024537420794,-1.0275954002082375,-2.3201651144179958,-2.2676066888871924,0.040704288562019464,3.852850300623515,1.4732395601324755,-3.5599812171668317,-1.5624223002406996,2.192831540241799,1.5155768191750816,0.34582114682510356,-0.22958009887921407,-7.36588478776876,-4.92444317122639,-0.7815911338308545,273,0.007926062414085578,0.18181818181818182
1ca773ca-3f07-4426-8086-d1f3591cdf5f,frontierscience,R1-Distill-32B-cloudjudge_reasoning-auto,biology,,deepseek-ai/DeepSeek-R1-Distill-Qwen-32B,0,is_correct,False,,0.12999999999999998,True,,,,26,-2.3381922137337097,0.2637417412533297,2.6019339549870395,2.2071392772977787,8.297907510152934,-4.663743165568922,3.6341643445840113,-0.09638049429344335,-0.8106878939818553,1.0767194658472647,1.1730999601407082,54.0561917656963,0.04813387458489463,13,9,0.05263157894736842,0.5789473684210527,4.927484906822252,3.3704226033306814,6.049785964577659,5.127403387037946,0.4444444444444444,0.05555555555555555,4.607977089993881,0.9157589904666976,0.9102170866088727,0.5,0.5,16,4.832639873048109,2.495557977244253,-2.337081895803856,2.3262954267781333,8.931861761749452,-4.099221888701344,4.832639873048109,0.630345730995356,-0.6419110027822726,0.08927110522920552,-0.5410746257661504,46.33193923748306,0.05044213417929052,9.0,8.0,0.0,0.7894736842105263,6.594779865945597,2.337081895803856,5.446890841271969,5.727663853129549,0.16666666666666666,0.7777777777777778,3.4029247136933267,0.8936519827328485,0.8709184962895078,0.55,0.45,-2.3381922137337097,3.6341643445840113,-1.4932390424539341,-2.4183368284945113,2.775036168376867,1.3091219773970457,-2.1432178657298726,-0.025555981965375403,-2.9566725749736618,3.093113389603997,-0.20182929999784516,-4.663743165568922,-1.4254201286412522,0.5052925036700733,-0.5381346306183672,0.7042890075416333,2.9175686966788077,1.3708527599769709,1.7419992202512145,0.2637417412533297,4.832639873048109,0.7744687356550175,-3.144184580293313,-1.5975479999247422,3.8493428413472275,0.1449940722247165,-0.44729282508952284,-3.16099522263941,-3.9031916862598717,-0.17540199434719655,1.9595498872796955,0.5885216314534383,-0.18574553500710037,0.38388590004453593,1.6284419644282049,-4.099221888701344,-0.7047881935276541,0.9739145411051854,0.24172223082658773,2.495557977244253,0.485966382246115,5.054864514040894,2.717782618237038,-1.7999328824039047,42,0.10153846153846154,0.125
f398c3ad-6cff-45b1-a21d-5ce963db75aa,frontierscience,R1-Distill-32B-cloudjudge_reasoning-auto,physics,,deepseek-ai/DeepSeek-R1-Distill-Qwen-32B,1,is_correct,True,,,True,,,,389,-0.15103410207103052,-2.332603421500061,-2.1815693194290304,2.1359686815174492,8.592022082067476,-4.1720380248891695,4.419984057178306,-0.6441867836442104,0.2456398017454453,0.1911000653532573,0.8352868489974677,50.89392788321175,0.0428650216276323,11,10,0.631578947368421,0.2631578947368421,1.8394346033891087,6.752587478678366,5.525889737767212,5.881273247042964,0.8333333333333334,0.2222222222222222,4.502826384484809,0.8335011509154693,0.91566257497406,0.55,0.45,2,-0.049120312675945854,0.049120312675945854,0.09824062535189171,0.029814898979218254,0.09824062535189171,-0.049120312675945854,0.049120312675945854,-0.03360863498880506,0.002585279614523462,0.03619391460332852,0.06980254959213358,0.09824062535189171,1.0,0.0,1.0,1.0,0.0,0.09824062535189171,0.0,0.005170559229046939,0.0,0.5555555555555556,0.6666666666666666,5.011423375044109e-18,0.01292639807261733,0.01292639807261733,0.5,0.5,-0.15103410207103052,1.3990526748901337,-1.686190646285111,-1.8452151267023422,1.7092352221537945,-4.1720380248891695,0.23688251739425148,0.14713525343808387,-0.9925621792405919,-1.908529576451674,-2.6513645316565437,1.486487465608918,4.419984057178306,1.2183281233416188,0.08317239890075434,-2.573713890684675,2.9521758470825366,0.38604308556620487,2.6315263727547835,-2.332603421500061,-0.049120312675945854,-0.04394975344689892,-0.03877919421785199,-0.03360863498880506,-0.028438075759758128,-0.023267516530711196,-0.018096957301664263,-0.012926398072617334,-0.007755838843570402,-0.0025852796145234697,0.0025852796145234627,0.007755838843570402,0.012926398072617327,0.018096957301664246,0.023267516530711185,0.028438075759758125,0.03360863498880505,0.038779194217851976,0.043949753446898915,0.049120312675945854,-0.06380803720097517,2.21967507162314,2.3179156969750316,-10.221657513475847,391,0.005273898179312538,1.0
2c46387b-36e6-43cb-9e73-dbf1341bfafd,frontierscience,R1-Distill-32B-cloudjudge_reasoning-auto,physics,,deepseek-ai/DeepSeek-R1-Distill-Qwen-32B,0,is_correct,False,,,True,,,,360,2.797075673617515,0.11384183720882932,-2.683233836408686,2.0674175891314728,7.646366782509153,-3.9532545541996367,3.6931122283095164,0.568448602155198,-1.389264784510529,-0.7876777334688415,-1.3561263356240394,39.34337781716992,0.06820039318631382,12,10,0.05263157894736842,0.5263157894736842,4.067096391408466,3.579270391100687,4.564091856429949,4.810438806622235,0.6111111111111112,0.2222222222222222,4.097647101814996,0.5848608668813571,1.1084498507463754,0.35,0.65,11,0.2478156976799607,0.3845860262934938,0.1367703286135331,1.845388546054576,6.308924366644284,-4.035614560047465,2.2733098065968194,-0.7395399124295494,0.9012247114631354,-0.23301133388819925,0.5065285785413501,32.65373381804067,0.004188505038219234,8.0,6.0,0.6842105263157895,0.21052631578947367,4.420200586340959,1.8887237803033257,3.81895057608508,3.8174411549235443,0.2222222222222222,0.7777777777777778,2.4122263123961085,0.7140026650381704,0.7273163855428753,0.55,0.45,2.797075673617515,3.6931122283095164,-0.7579010804565451,-0.9158954929529548,2.228688285432302,-2.581750521189934,-0.4841888776735135,-2.2701722903987944,-0.0708846376121533,0.23928938686671195,-3.9532545541996367,-3.805041251317637,0.7590506051123111,-0.6238407500245056,-1.1197490196785949,-2.90510387352256,-2.5961965205025406,1.8661593210799556,-0.08501814539813904,0.11384183720882932,0.2478156976799607,0.11786897590698017,-0.2517315790347953,-2.778216632495731,-4.035614560047465,-0.21666398396238495,1.739762694946589,-0.6496997195553744,-1.0680011045589286,1.4704390546851416,2.1496087089023383,0.9695078580926564,1.1634083760792953,2.2733098065968194,-0.06592857269439012,-3.8833697276179344,-1.5971018308905007,2.215093328749684,1.5486527728304518,0.3845860262934938,-0.2694457139104549,-0.13547185343932355,0.0012984751742095568,-3.9197477373144665,371,0.005710306406685237,0.18181818181818182
f8b3f2c7-7747-42d9-85bb-f8b370cc50e9,frontierscience,R1-Distill-32B-cloudjudge_reasoning-auto,chemistry,,deepseek-ai/DeepSeek-R1-Distill-Qwen-32B,0,is_correct,False,,0.1,True,,,,249,0.13517482905520373,0.2614478867112502,0.12627305765604646,1.9603015671151758,7.441731010669232,-3.2374934140160634,4.204237596653168,0.9839697517866928,-0.0964297333861415,0.9763703614284349,-0.0075993903582578515,48.58713550374527,0.0025988989955234728,13,10,0.05263157894736842,0.7894736842105263,3.4989413007273136,3.9427897099419176,5.07598199069699,5.883699846250323,0.2222222222222222,0.7777777777777778,4.432356786445065,1.096862305561317,0.4933121906925937,0.6,0.4,9,4.769261106940048,-0.44665041599438937,-5.215911522934437,2.1473864958615,9.387536641435524,-4.618275534495476,4.769261106940048,0.8710202855467392,-1.4004012203307137,0.12083188004053862,-0.7501884055062006,37.25166170093506,0.14001822428242205,7.0,7.0,0.0,0.631578947368421,4.171625118501087,5.215911522934437,4.036239017698959,3.0032326248324828,0.7222222222222222,0.8333333333333334,1.9645983038664139,0.7919396204753426,0.9409733836375722,0.4,0.6,0.13517482905520373,4.204237596653168,1.5555333364984207,1.585828718853326,-2.7882722871792165,2.287709703517774,-0.09242363489182583,-0.016620105584549696,2.468444535171345,-1.281363791905373,-1.412965143600482,-0.10730680836894413,0.6046018088904321,-0.9297986283054187,2.6462064322342593,-3.2374934140160634,0.03012992695175601,3.789430542940976,2.368500793748431,0.2614478867112502,4.769261106940048,1.8067148661627783,-1.1558313746144915,-1.1300332088815812,0.6887716007574385,1.5549599734016333,-0.43670096493865085,-2.428361903278935,-0.9918308787277677,0.9344418548078939,0.4196027198318182,-2.536348283656003,-4.618275534495476,-0.582036516796526,3.454202500902433,2.2108377867028097,-0.792394838129673,-2.3184523634938357,-1.3825513897441124,-0.44665041599438937,0.33354844959605123,4.841361669824849,-0.3745498531095883,-0.3525348994072175,258,0.008323617048840524,0.2222222222222222
dbe975d5-c431-4d73-8f7c-f8bba77ea458,frontierscience,R1-Distill-32B-cloudjudge_reasoning-auto,physics,,deepseek-ai/DeepSeek-R1-Distill-Qwen-32B,0,is_correct,False,,,True,,,,113,-0.11535834376938395,-2.177089414310072,-2.061731070540688,2.092251734341477,6.359295895166481,-3.642499366482671,2.7167965286838096,-0.33415178412752017,-0.023884430065548776,-1.2448860444128902,-0.9107342602853701,47.292658709921696,0.04359516099923031,13,10,0.5263157894736842,0.42105263157894735,1.4654099521725987,4.893885942993881,5.009599586885383,5.018103707569566,0.5,0.6111111111111112,4.572722658814239,0.7118590494011405,1.2106375376925818,0.45,0.55,8,4.728881360165454,-0.4307981601623023,-5.159679520327757,2.63194659558123,9.215024970363434,-4.4861436101979795,4.728881360165454,-0.34908972255912973,0.08160009730305326,-0.2589568741860505,0.09013284837307922,40.721551535546276,0.12670635881405004,5.0,5.0,0.0,0.5789473684210527,4.055345450035677,5.159679520327757,3.5279098221775573,3.442459261398558,0.3888888888888889,0.5,1.6031108377426317,1.040806259576536,1.212114690671978,0.45,0.55,-0.11535834376938395,0.21225206635890137,2.642379683206846,-1.700492853781725,-1.392564364800398,-2.629858603550397,0.6445799274435156,1.2248896026272502,-3.642499366482671,-2.2928030582015726,2.7167965286838096,2.591171069205036,-2.426932638364529,1.662186852073835,0.2873909773221204,-2.9543756629543787,-2.422026339870964,-2.458750107765544,2.2555342811014962,-2.177089414310072,4.728881360165454,2.878318870211605,1.027756380257756,-0.8122581983843815,-2.6259029987472395,-4.439547799110098,-3.200875672307005,0.3270341498705509,3.8549439720481082,1.4082517225889952,-2.0342075388095626,-4.4861436101979795,-0.9949405415255725,2.4962625271468335,3.363282968649363,0.7313932405920545,-1.9004964874652481,-2.067815817766012,-1.2493069889641573,-0.4307981601623023,0.3282434778742609,7.234214252349787,2.0745347320220304,-0.002479284886678812,121,0.019279393173198482,0.25
0f13c295-7991-43dc-a79f-d8f3d3fc0d57,frontierscience,R1-Distill-32B-cloudjudge_reasoning-auto,chemistry,,deepseek-ai/DeepSeek-R1-Distill-Qwen-32B,0,is_correct,False,,0.4,True,,,,252,2.6601080988525583,0.022425334618323384,-2.637682764234235,2.144167219150683,7.664457392902246,-4.591380916143959,3.0730764767582874,-0.3385329295983662,0.4049868266651951,-0.7048586921012189,-0.3663257625028527,54.59002697530476,0.04831803372120443,11,12,0.6842105263157895,0.47368421052631576,4.613806250762282,3.050651142139964,7.088736060334927,5.595773166349611,0.5,0.7222222222222222,4.606655040672797,0.7489211272129429,0.9371198708699184,0.45,0.55,10,4.910395828086619,-2.8878140508222834,-7.798209878908903,2.0870882312595236,7.798209878908903,-2.8878140508222834,4.910395828086619,0.5372242249362772,-1.2296631245667378,0.6304259287562107,0.09320170381993353,24.891656593163972,0.31328609446791644,4.0,5.0,0.0,1.0,0.0,7.798209878908903,2.431501037525472,2.463640739216693,0.7222222222222222,1.0,1.1511172535260776,0.8342347867235823,0.8874606229673802,0.45,0.55,2.6601080988525583,-1.452387654649844,2.846163812859564,-0.027686494472896145,-1.0575904902979314,-4.306519688948823,-1.0318180905311904,2.3784432276751266,-0.7687426504893451,-4.591380916143959,2.497355144190968,-0.07013639175858932,0.31629289642387715,3.0730764767582874,-2.522696689591324,-1.5907823223084157,0.2916268127457524,0.8929307401344015,-1.322656028206051,0.022425334618323384,4.910395828086619,2.5897902667210677,0.2691847053555163,-0.13890630305400747,-0.30793299234402827,-1.219268861789343,-2.3426930684218843,-1.2093690629685123,1.0523290485278163,0.7684529508154876,-1.5518825142637676,-2.8359354750852015,-2.824635305584353,-2.0066015134086337,0.4248995241168383,2.315765765092631,2.314410218144567,2.0394674276111022,-0.42417331160559035,-2.8878140508222834,0.2557337202930286,5.143704213761325,-2.6545056651475782,-2.4860666695550364,262,0.008252703471826979,0.2
b188cad8-92b9-4c72-98a2-b78e04b764f1,frontierscience,R1-Distill-32B-cloudjudge_reasoning-auto,chemistry,,deepseek-ai/DeepSeek-R1-Distill-Qwen-32B,1,is_correct,True,,,True,,,,39,2.865694725754003,-2.1355258745092387,-5.001220600263242,2.9818278133557135,10.09478381823076,-4.97204397913685,5.122739839093909,0.0936503004745378,0.4176139765210517,-1.1114660052841279,-1.2051163057586656,75.82047211091513,0.0659613487099781,13,13,0.47368421052631576,0.9473684210526315,2.8365181046276113,7.258265713603148,6.856539790632546,7.502867732172287,0.05555555555555555,0.5,6.574221743009307,1.1656930027225454,1.320190307359327,0.5,0.5,7,4.6961131473067095,-0.22856783806409958,-4.924680985370809,2.188142335030273,9.207100802056122,-4.510987654749412,4.6961131473067095,0.6192602733986864,-1.4520060430409554,0.18775685243482085,-0.4315034209638655,24.96919839664278,0.1972302397193878,4.0,5.0,0.0,0.6842105263157895,4.282419816685312,4.924680985370809,2.291572837431385,2.248884857346021,0.7222222222222222,0.5555555555555556,0.7927004460767141,0.7444553232086968,0.9795892868530448,0.5,0.5,2.865694725754003,-2.3446209402531375,4.511918850379408,0.038460394804945675,-2.538076438947564,0.48420087068223594,-2.3620253590981273,-2.4803401292954073,2.3152554599723656,5.122739839093909,-2.3801278930783782,-4.7157132919679166,0.0754248645852077,4.986058986337581,-0.15990723501772763,2.5841477528603667,-2.315425005882198,0.3299583099808804,-4.97204397913685,-2.1355258745092387,4.6961131473067095,3.145460262468032,1.5948073776293552,0.04415449279067829,-0.8965377156455661,-1.715237788801324,-2.533937861957081,-1.8271618160171013,-0.35764771052925237,1.1118663949585965,0.7221810190295135,-1.5267038383165075,-3.775588695662524,-4.510987654749412,-2.219414817318027,0.07215802011335803,1.865466793970896,1.1674552499592317,0.469443705947566,-0.22856783806409958,0.4253242412430365,7.256963263058985,2.3322822776881758,-0.12382540369751283,46,0.06477732793522267,0.2857142857142857
1a5d24e0-9af4-4b36-98d1-2845df696d90,frontierscience,R1-Distill-32B-cloudjudge_reasoning-auto,physics,,deepseek-ai/DeepSeek-R1-Distill-Qwen-32B,0,is_correct,False,,0.065,True,,,,36,0.30450963648382373,0.40202916099215574,0.09751952450833201,1.5076030502543438,6.04371712007046,-3.4104654749439316,2.6332516451265287,-0.19402341460954056,0.6207153991070641,0.586212395910953,0.7802358105204935,37.47628829867332,0.00260216603445716,13,8,0.3684210526315789,0.15789473684210525,3.8124946359360874,2.231222484134373,5.800751501964866,3.984988277280196,0.16666666666666666,0.3888888888888889,3.559493992707831,0.7717508215802774,0.4465449082328584,0.7,0.3,18,1.954721813900945,2.326495782052951,0.3717739681520058,2.1536940582180986,7.818729230264178,-3.5951483872061454,4.223580843058032,0.2994151851484453,0.4415078921278236,-0.8473991767038435,-1.1468143618522888,53.21454602752374,0.006986322272855923,14.0,10.0,0.5263157894736842,0.10526315789473684,5.921644169259096,1.8970850610050816,6.507898552610284,5.7175207645996124,0.5,0.05555555555555555,5.306458625629129,0.9648732584276439,0.9597699343921027,0.4,0.6,0.30450963648382373,0.560200136710225,-0.9220220451776393,-3.4104654749439316,2.390286027020934,-0.5859521140767326,0.3052799317165371,2.6332516451265287,-1.3517366321536675,1.6986367020544078,0.1321418407074717,0.9207498763991324,0.27509719372506836,0.03686716789050648,1.3669450146253568,-1.7668517925513245,-0.8938701057538729,1.8336749571430135,2.575347141010389,0.40202916099215574,1.954721813900945,2.122372377393467,-3.5951483872061454,1.3582125056767609,-1.0649511570640398,-0.5155190134826224,1.8362181568207516,-2.1197816885858396,-0.8836301669073933,-2.284317709552251,4.223580843058032,-1.3211597227677538,2.4589105066560286,3.0169531829939418,-1.094993386016586,-2.633513562197054,-0.5018520857738888,-0.9498728192373707,-2.230658989051112,2.326495782052951,0.4804580587129866,2.0331507116217757,2.4049246797737815,-0.21080630436105707,54,0.05873015873015873,0.12418300653594772
e2aee1ae-6baa-4d30-a409-e0fc9c90f1fb,frontierscience,R1-Distill-32B-cloudjudge_reasoning-auto,chemistry,,deepseek-ai/DeepSeek-R1-Distill-Qwen-32B,0,is_correct,False,,0.0,True,,,,32,-2.36183178712838,-1.5236862616717406,0.8381455254566392,1.5511668871817517,5.158618875170335,-2.36183178712838,2.7967870880419556,-0.6400447348414077,0.23930491751240343,0.10059086417284772,0.7406355990142554,42.469916585492356,0.01973504053791686,13,14,0.5263157894736842,0.0,0.8381455254566392,4.320473349713696,3.5859151538215537,3.9075792156247897,0.2777777777777778,0.9444444444444444,4.186337875312736,0.6195109723923385,0.7295926492056357,0.5,0.5,9,-0.5532130577293893,2.059676390463886,2.6128894481932754,2.089659236162824,7.074026265713174,-3.1131757309915984,3.9608505347215752,0.0676225261833104,1.0617091016789058,-1.4708866674959868,-1.5385091936792972,25.71532272080422,0.10160826976825744,4.0,5.0,0.631578947368421,0.8421052631578947,5.172852121455485,1.901174144257689,2.1904558601542017,3.1073247714502714,0.9444444444444444,0.7222222222222222,0.8756256887230704,0.8635334025662192,0.9095333330632398,0.5,0.5,-2.36183178712838,-1.1070913042210462,1.1100500222090042,-2.2834715914255796,1.2096986693955332,-2.31679115327047,1.2691240005510838,-1.7080283854927822,0.5649486761946683,-0.6531986728457286,2.7967870880419556,0.0502635147896604,-0.24727083672975025,0.8716330386288009,1.236479879664219,-1.1896270341138957,0.5745112999603994,2.706723258411447,-1.2008559572133426,-1.5236862616717406,-0.5532130577293893,0.5229018398156832,1.5990167373607558,1.3273561900389996,0.2470303757971457,-0.8204317235895002,-1.8493026784105218,-2.8781736332315435,-1.2045491728640347,0.8551460611018364,2.403787878730685,3.441376280022511,3.9608505347215752,0.85352576327131,-2.2537990081789614,-3.066006856734417,-3.1131757309915984,-2.3212353298445167,-0.13077946969031506,2.059676390463886,0.7476264746478803,1.7180996785902316,4.330989126783507,-2.357078003332699,41,0.07862903225806452,0.2222222222222222
824508b0-030f-4ed6-a642-c1dcf2ab15d7,frontierscience,R1-Distill-32B-cloudjudge_reasoning-auto,biology,,deepseek-ai/DeepSeek-R1-Distill-Qwen-32B,0,is_correct,False,,0.16999999999999998,True,,,,9,0.1035949996212098,0.44042945646247644,0.33683445684126667,2.033409993007213,6.892243610773144,-2.84431262345812,4.0479309873150235,-0.15966713430299212,-1.038180450421836,1.2953006322296468,1.4549677665326388,25.077863792121114,0.013431545032439816,5,4,0.8947368421052632,0.3684210526315789,3.284742079920597,3.607501530852547,2.9434809801645954,1.9689034360165567,0.8333333333333334,0.16666666666666666,1.144944361312918,0.8386178612692096,0.8692743262540056,0.55,0.45,26,4.475334890034036,0.02210195868878765,-4.453232931345248,2.11560880701769,7.989677897512349,-3.5143430074783137,4.475334890034036,-0.023233515724543574,-0.15125417018752804,0.39085536008670013,0.4140888758112437,51.83778604246479,0.08590708190541203,13.0,12.0,0.0,0.631578947368421,3.5364449661671014,4.453232931345248,5.518181519080734,6.154806348889217,0.3333333333333333,0.6111111111111112,4.661819705726345,0.8826915527356585,0.8265056347788736,0.45,0.55,0.1035949996212098,1.0917474047821094,2.0798998099430093,1.219892314367999,-0.7490111216485578,-2.294424690305103,-2.5693686568816116,-2.84431262345812,-2.7908067578568905,-2.690379487658841,-1.6017844032356199,0.4749784954127767,2.0522209877684823,0.13282063607535965,-1.7865797156177665,-0.05881906841759976,2.8846619117469956,4.0479309873150235,2.24418022188875,0.44042945646247644,4.475334890034036,-1.4643537115394287,-0.17524235251289344,2.6527688185226297,-2.317310015842235,-1.2471752704695886,-2.086656968264325,3.4315245508164094,-0.9676008335394157,0.4529809124890939,-1.3196002179865782,2.6404633414109027,-3.5143430074783137,-1.7822039370247946,0.4757203053472674,3.194487509054586,0.3084487683494564,-0.7803664005232449,-0.8752599803966514,0.02210195868878765,-0.07409923249718253,3.9608062010743765,-0.49242673027087136,2.618768466866232,35,0.2222222222222222,0.10153846153846154
4525a8e7-9e13-47c9-8b87-c0a97ebd355e,frontierscience,R1-Distill-32B-cloudjudge_reasoning-auto,biology,,deepseek-ai/DeepSeek-R1-Distill-Qwen-32B,0,is_correct,False,,0.2,True,,,,10,0.6751801452977955,-3.6940031112806073,-4.369183256578403,2.266433117631668,7.97803934432323,-3.6940031112806073,4.284036233042623,1.5842980965581641,0.9685496956674255,-2.7135133921594328,-4.297811488717597,22.58484597185529,0.19345641152581589,5,5,0.21052631578947367,1.0,0.0,7.97803934432323,2.2903911936080013,2.8552586825198136,0.6111111111111112,0.2777777777777778,1.5180843753192397,0.9685325169033586,0.8890898072722321,0.55,0.45,9,-3.082215259282096,1.71754162499848,4.799756884280576,2.6224611603799524,10.263789478710924,-4.535666370944757,5.728123107766168,-0.6278271675130798,1.845808512432262,-1.197687979554393,-0.5698608120413133,42.627076264938495,0.11259878239006645,6.0,7.0,0.3684210526315789,0.8947368421052632,6.253207995943237,4.010581482767687,4.925359213203888,3.9543814822489622,0.2777777777777778,0.16666666666666666,2.030774192192465,1.0767236235778062,1.0097365467224102,0.55,0.45,0.6751801452977955,0.7543318942396458,0.833483643181496,2.4619290824656646,4.284036233042623,2.46819218009987,-0.3870665024199438,0.0400915901267187,2.10845807020662,1.787267659174736,-0.4455682647465742,-0.6680810253215248,1.6223101682864762,2.3353696719455277,-0.10623420429333619,-2.179365019781856,-2.962840122644186,-3.661090892877539,-3.6775470020790735,-3.6940031112806073,-3.082215259282096,-0.08434740341649416,2.9135204524491076,1.5662324719931071,-2.388149010255855,-4.122595318641608,0.8027638945622799,5.728123107766168,3.8901322169560957,1.0859484541440256,-0.09197698253672021,0.35635590691386265,0.7941254365247378,1.1579514472576657,1.5217774579905945,-0.6991218806497319,-3.781596335747805,-4.535666370944757,-1.4090623729731382,1.71754162499848,1.4510536962666865,2.0628415482651974,6.862598432545774,3.6689838351493194,19,0.26666666666666666,0.25
f12a8706-3ddd-4255-9234-0655babceb8e,frontierscience,R1-Distill-32B-cloudjudge_reasoning-auto,chemistry,,deepseek-ai/DeepSeek-R1-Distill-Qwen-32B,0,is_correct,False,,,True,,,,242,-2.530260558749301,2.6060333362572696,5.13629389500657,1.8859931699510013,5.2062980184497345,-2.600264682192465,2.6060333362572696,-0.719653783485924,0.27513721644217365,-0.06731430828162692,0.6523394752042971,38.588497659650315,0.13310427216702156,8,9,1.0,0.8947368421052632,5.2062980184497345,0.0,4.275771061627488,4.665428550451891,0.9444444444444444,0.1111111111111111,3.270008192603451,0.7998121890726699,0.9755872800224706,0.45,0.55,7,2.7155833249847396,-2.4900265678007742,-5.205609892785514,2.2534062152056307,7.3352440964536605,-2.6986054590042063,4.636638637449455,0.1517717793039736,-1.6461070640812046,1.7038198046639688,1.552048025359995,19.876098085692835,0.26190300884722456,2.0,3.0,0.8421052631578947,0.3684210526315789,0.2085788912034321,7.126665205250228,1.5507878533817698,2.375555068416745,0.7777777777777778,1.0,0.3520091697696363,0.9602399132086743,0.9721113214815148,0.45,0.55,-2.530260558749301,-1.7477626928763461,2.436406934131473,-2.229021616320418,1.720867269440229,-0.1317104546881678,-2.5560953653389378,1.1764881091250774,-1.407493422275362,-1.9667142113932499,-0.8438472212697787,1.022247823905262,2.040243694380022,1.9050357426232443,1.4134144921558005,-1.1908685660847564,-2.3077068092606328,-2.600264682192465,1.6755063794350225,2.6060333362572696,2.7155833249847396,1.8616470757839636,1.0077108265831878,0.15377457738241151,-0.7022858515985259,-1.5587711165354958,-2.4152563814724664,-2.6986054590042063,-2.695386442833332,-2.692167426662457,-2.246511466200125,-1.3584185614463342,-0.4703256566925451,0.6386655642705692,2.1894534176523384,3.740241271034108,4.636638637449455,2.261083569032715,-0.11447149938402923,-2.4900265678007742,-0.011244562366084846,0.09830542636138517,-5.107304466424129,-2.9059935044595164,249,0.008607386577963718,0.2857142857142857
078d0957-0a51-46be-b820-da8f749b30b5,frontierscience,R1-Distill-32B-cloudjudge_reasoning-auto,chemistry,,deepseek-ai/DeepSeek-R1-Distill-Qwen-32B,1,is_correct,True,,,True,,,,24,2.7600862969139346,-1.9119955280488536,-4.672081824962788,2.233954241367542,6.244364050998682,-3.032574931329254,3.2117891196694277,0.32692251171606673,-0.46436343415986286,0.19191742704673467,-0.13500508466933206,60.51311499603637,0.07720775612474769,14,13,0.6842105263157895,0.15789473684210525,1.1205794032804004,5.123784647718281,5.554473432119864,6.086787719399849,0.05555555555555555,0.1111111111111111,5.981797828865149,1.0269897649192388,1.017518859660547,0.5,0.5,5,6.054000045566072,-3.4505230407232452,-9.504523086289318,3.0601093996682414,11.532967332008022,-5.47896728644195,6.054000045566072,-0.6413674602970201,-0.38169827156013136,0.39426357164475534,1.0356310319417754,28.06252923850182,0.3386908929523395,2.0,3.0,0.0,0.2631578947368421,2.028444245718705,9.504523086289318,1.0522702817086733,2.4811368278896104,0.5555555555555556,0.16666666666666666,0.3426385264271674,1.1888388815331192,1.4286328161896955,0.45,0.55,2.7600862969139346,-2.5002606440492694,3.0542127880705947,-3.032574931329254,-0.7083053436157343,2.4405324526462713,0.27476696337592443,2.5496739536308253,-2.023821071873637,0.007432488345493926,-2.470439068924597,-2.2702449895778747,-2.254934470388678,3.2117891196694277,-1.594131431478206,2.5145553507620013,2.774110167857886,-1.5836697139248361,0.9526357171124165,-1.9119955280488536,6.054000045566072,3.5728632176764625,1.091726389786853,-1.3894104381027557,-3.870547265992366,-5.47896728644195,-4.469236884571456,-3.459506482700961,-2.4497760808304667,-1.4400456789599723,-0.4090453371703886,0.6432249445382848,1.695495226246956,2.7477655079556276,3.800035789664301,2.8767412968049353,1.2949252124228914,-0.28689087195915164,-1.8687069563411987,-3.4505230407232452,1.1755533789387793,9.141548952553705,-0.36297413373561227,0.3550731019086335,29,0.11594202898550725,0.4
6e9aca19-46c4-46ea-9643-86b138e8f2f5,frontierscience,R1-Distill-32B-cloudjudge_reasoning-auto,physics,,deepseek-ai/DeepSeek-R1-Distill-Qwen-32B,1,is_correct,True,,,True,,,,67,0.04069066426029319,-4.870409479000709,-4.911100143261002,1.5290459696524574,7.58017650261222,-4.870409479000709,2.7097670236115117,-0.07832603735840855,-0.36390070177175066,-1.2098788492212884,-1.13155281186288,29.439483397093436,0.16682018760376333,13,9,0.10526315789473684,1.0,0.0,7.58017650261222,3.205822595597109,4.981751814985169,0.3333333333333333,1.0,2.6672300438814065,0.2930796266799723,0.8108226401419145,0.4,0.6,2,1.1058044091561072,-1.1058044091561072,-2.2116088183122145,0.6711978192660927,2.2116088183122145,-1.1058044091561072,1.1058044091561072,0.7566030167910208,-0.058200232060847644,-0.8148032488518684,-1.571406265642889,2.2116088183122145,1.0,0.0,1.0,0.0,1.0,0.0,2.2116088183122145,-0.11640046412169536,0.1164004641216958,0.4444444444444444,0.7777777777777778,1.295260195396016e-16,0.2910011603042387,0.29100116030423867,0.5,0.5,0.04069066426029319,0.9059963916425752,2.7097670236115117,-1.3745644434049142,-0.3478248752270452,-0.04867938323281877,-2.433667639158462,0.7721549564386468,0.5318930679480738,-1.1237750681306957,-1.79875506917389,-1.367563947107116,0.7696333612002104,-0.3308922135774838,-0.24382539273954063,-2.0564011477970796,0.0201147325136741,-0.22009414428853608,0.11134233598446056,-4.870409479000709,1.1058044091561072,0.9894039450344118,0.8730034809127163,0.7566030167910207,0.6402025526693252,0.5238020885476298,0.4074016244259343,0.29100116030423884,0.17460069618254326,0.0582002320608479,-0.05820023206084768,-0.17460069618254326,-0.2910011603042386,-0.407401624425934,-0.5238020885476296,-0.6402025526693254,-0.7566030167910207,-0.8730034809127161,-0.9894039450344114,-1.1058044091561072,1.2681335906681466,7.244347478824963,5.032738660512749,-7.723269644598808,69,0.034373586612392586,1.0
319ae242-19fc-4542-b75a-d32b325ea923,frontierscience,R1-Distill-32B-cloudjudge_reasoning-auto,chemistry,,deepseek-ai/DeepSeek-R1-Distill-Qwen-32B,0,is_correct,False,,,True,,,,115,0.036381646868300706,-2.321778902312146,-2.3581605491804467,2.474466787801306,7.710963826007131,-2.6776902284797677,5.033273597527363,1.4535228319528233,0.32248816544942305,0.4047858664988757,-1.0487369654539476,67.2935222482771,0.035042905622923046,13,11,0.3157894736842105,0.3684210526315789,0.35591132616762167,7.355052499839509,7.202452265981556,7.710963826007131,0.7222222222222222,0.3333333333333333,6.460893682001583,1.4841752369760473,0.7411356279355985,0.65,0.35,5,4.405292836836112,-0.35589668400014957,-4.761189520836261,2.1333912026151896,7.4511635351283925,-3.0458706982922807,4.405292836836112,0.08835173813250671,-1.8364822108119119,0.796249890500897,0.7078981523683903,14.235767826983688,0.334452597057076,2.0,3.0,0.0,0.47368421052631576,2.6899740142921313,4.761189520836261,1.0553116305005898,1.5478845199173552,0.5555555555555556,0.0,0.23028134509672274,0.7170863901021323,1.090057088389655,0.45,0.55,0.036381646868300706,2.583425134668766,2.5779091468599846,0.02249729533439738,-2.5457728750420214,2.4669458774529724,5.033273597527363,-2.6776902284797677,2.489604571891719,2.2193071327799254,2.353660909507604,-2.1873449134700413,2.4774558146035526,-2.4175761286870303,4.784876137294526,-2.5571752761431332,-0.11537423457782747,0.022653432850810347,2.615514041881025,-2.321778902312146,4.405292836836112,2.8574083169187565,1.3095237970014013,-0.2383607229159539,-1.786245242833309,-2.952965224860794,-2.9761915932186658,-2.9994179615765373,-3.022644329934409,-3.0458706982922807,-2.5298280672209223,-1.4745164367203325,-0.4192048062197449,0.636106824280843,1.6914184547814326,1.5903290392897285,1.1037726084672594,0.6172161776447904,0.1306597468223205,-0.35589668400014957,0.5137599896897316,7.240831728837989,2.479642208001728,-2.8021609463708295,120,0.018916857360793286,0.4
896bb6e5-d69d-4e9c-9f57-e86b485fd2cf,frontierscience,R1-Distill-32B-cloudjudge_reasoning-auto,chemistry,,deepseek-ai/DeepSeek-R1-Distill-Qwen-32B,0,is_correct,False,,0.05,True,,,,143,-2.6313699043329506,0.1435364796804657,2.7749063840134163,1.6191167451217445,6.46567904392802,-4.390420972605847,2.0752580713221724,-2.152120427815207,0.051821371813448626,0.20868442003777912,2.360804847852986,29.08609300792085,0.09540320122258228,16,7,0.8947368421052632,0.10526315789473684,4.533957452286313,1.9317215916417068,4.203876796479369,3.2392300298421777,0.8888888888888888,0.05555555555555555,2.973821241865202,0.33931508842451097,1.0118144320137925,0.45,0.55,7,2.612941257323434,0.15685890049424497,-2.4560823568291887,1.6463172777561108,5.287253259491135,-2.674312002167701,2.612941257323434,0.8222543257534763,-2.051834894869373,0.9485808117198317,0.12632648596635532,12.492756081966649,0.19660052119120094,2.0,2.0,0.0,0.5263157894736842,2.8311709026619463,2.4560823568291887,1.590506554598726,0.8146345078869872,0.7222222222222222,0.3888888888888889,0.34203491031828864,0.5995088675439294,0.7452878232185437,0.5,0.5,-2.6313699043329506,-1.1511909427636697,-4.390420972605847,-2.9030751607285015,-2.1045753798418776,-2.188493570879904,0.30428293644630416,-0.8531411706359868,-0.11996994437531722,-1.1421959514378948,0.8010696663479855,-0.6232369175167041,1.774396009143659,0.5258279111683986,0.9045187093233718,0.1289367743438143,-2.128618725157197,2.0752580713221724,0.12847521071404738,0.1435364796804657,2.612941257323434,1.8330859911229402,1.0532307249224464,0.27337545872195257,0.07566444543368088,-0.005617717272146161,-0.08689987997797322,-0.6570836061379068,-1.471718114024894,-2.2863526219118806,-2.674312002167701,-2.635596254792354,-2.596880507417007,-2.040901157633869,-0.4503946030351429,1.1401119515635831,2.344024860401029,1.614969540432102,0.8859142204631736,0.15685890049424497,-0.015664291144802,2.453740486498166,-0.002341870331022733,-4.7974336078797855,150,0.014970944548409337,0.2857142857142857
44a8a9e1-5336-4f37-bfbf-c76fbc7ad1dc,frontierscience,R1-Distill-32B-cloudjudge_reasoning-auto,biology,,deepseek-ai/DeepSeek-R1-Distill-Qwen-32B,0,is_correct,False,,0.0,True,,,,21,0.5345110260922941,-4.622324673018883,-5.156835699111177,2.407059475982681,9.808980651667133,-4.622324673018883,5.18665597864825,-0.33461504732044783,0.0535859522185605,0.2920092631721441,0.6266243104925919,61.078083132756284,0.08443021513793311,13,13,0.7894736842105263,1.0,0.0,9.808980651667133,5.024321523357941,7.950813273412608,0.2777777777777778,0.8333333333333334,5.614265553572874,0.9390683832508927,0.9498257875849102,0.6,0.4,11,-0.6966613419681251,-0.7971231257766838,-0.10046178380855864,2.1590728318411085,7.906802420008038,-2.6550877582015553,5.251714661806483,-0.3856210459113125,-0.13095589487802037,0.7075000777801733,1.093121123691486,39.34675422837245,0.002553241958039754,7.0,6.0,0.7894736842105263,0.10526315789473684,1.8579646324248715,6.048837787583167,3.719554187439903,4.644491995835086,0.1111111111111111,0.8888888888888888,2.7601485773035876,0.9298808216972041,0.8984327276394188,0.35,0.65,0.5345110260922941,2.347952194836185,-4.092018627123528,0.09292763638640034,-2.20546327273626,-2.0222679060280835,3.0020536173298575,-0.06798647936190849,1.8902474506701856,0.3534682517258062,-2.2977019496835673,1.0255730395815208,-0.9245955489816131,0.39609690157949995,1.2871356344550995,5.18665597864825,-2.7641572947643587,0.06694428090154414,2.5978016528112136,-4.622324673018883,-0.6966613419681251,-1.9231780972193986,-2.6550877582015553,1.0644664292383479,3.3304810416211255,-0.21766264622461762,-1.601704948624964,2.0638226483473114,2.73672162909663,-1.0793223144885022,-2.395544803788886,-1.211945838804516,-0.6167090015980342,-0.41371358291014637,1.9549325329180882,5.251714661806483,2.1954774909160992,-2.4490145049189866,-1.9109865882639598,-0.7971231257766838,1.0736276601675232,4.999290991218281,4.898829207409722,-2.037423004674718,32,0.11904761904761904,0.18181818181818182
2f43ac4a-f7e3-46c9-aaee-2f112ff662cb,frontierscience,R1-Distill-32B-cloudjudge_reasoning-auto,biology,,deepseek-ai/DeepSeek-R1-Distill-Qwen-32B,0,is_correct,False,,0.275,True,,,,111,2.6825534298778266,-4.2012535478348045,-6.883806977712631,1.999425697830115,8.281314943405047,-4.2012535478348045,4.080061395570242,0.3540229298962622,0.4154592108201433,0.10657558875443662,-0.2474473411418256,45.03402209827599,0.15285792067806794,12,13,0.47368421052631576,1.0,0.0,8.281314943405047,7.637647355159875,6.184189038872317,0.4444444444444444,0.5,4.188336823338407,0.9116131902084401,0.6103217643313672,0.6,0.4,15,-0.12487953306600161,2.619989600817155,2.7448691338831566,1.902839411533106,6.965461773599751,-3.825147375240789,3.140314398358962,0.10797624576671692,0.1680924308008798,-0.5479710943381099,-0.6559473401048268,40.59920913372414,0.06760893112085535,8.0,9.0,0.3684210526315789,0.42105263157894735,6.445136976057944,0.5203247975418068,5.053919945530252,6.965461773599751,0.4444444444444444,0.3888888888888889,3.1228762484666497,0.7189618075894338,0.786729099092208,0.5,0.5,2.6825534298778266,-0.4134707064728542,0.7743952558355405,-1.485940744781853,-0.388403577685057,0.14842328905065638,1.160603563449576,0.16599501292770924,-3.557585959589633,4.080061395570242,-2.1041276433020752,1.8083557952672833,2.5372557104358324,-0.021739835568355608,2.2620726271681946,1.846686776406853,-0.03391327139271198,0.12192010146428031,0.6439408467148087,-4.2012535478348045,-0.12487953306600161,1.487537269036324,1.0648524297284099,-0.09426500600002982,-0.26793387526555956,-1.8065050595287189,0.49702749546259417,3.140314398358962,-3.825147375240789,1.228772570289463,2.9890225006813878,-0.3132099211957975,-2.2089346467276085,0.165829489440541,0.616032012017008,-2.7948952849037414,-2.85367673832969,-1.4451345415862225,0.5698583859568321,2.619989600817155,0.19777153129596312,4.274145546064766,7.019014679947922,-0.6243738599823203,126,0.018837018837018837,0.13333333333333333
aeaa8d2c-fcb9-423f-b1c0-ac9c122999e6,frontierscience,R1-Distill-32B-cloudjudge_reasoning-auto,physics,,deepseek-ai/DeepSeek-R1-Distill-Qwen-32B,1,is_correct,True,,,True,,,,125,-2.519548252544984,-4.7889505189673764,-2.2694022664223925,2.132452156292797,9.660991835750734,-4.7889505189673764,4.872041316783357,0.600131490025779,0.7639721813213114,-0.11620002111725751,-0.7163315111430365,50.993416137860045,0.04450382889208859,13,12,0.10526315789473684,1.0,0.0,9.660991835750734,5.083203581972619,6.277030639197415,0.4444444444444444,1.0,4.559533594056643,1.0558236441491453,0.6132473655128411,0.6,0.4,2,1.110833945861522,-1.110833945861522,-2.221667891723044,0.6742506322596395,2.221667891723044,-1.110833945861522,1.110833945861522,0.7600442787473572,-0.05846494451902743,-0.8185092232663845,-1.5785535020137418,2.221667891723044,1.0,0.0,1.0,0.0,1.0,0.0,2.221667891723044,-0.11692988903805479,0.11692988903805501,0.6111111111111112,0.1111111111111111,8.018277400070575e-17,0.2923247225951374,0.2923247225951373,0.5,0.5,-2.519548252544984,-0.13143267512342988,4.872041316783357,1.0523977246815066,0.10320037628725146,1.338623873575096,-0.5143619334783448,1.7224438160612756,-1.3824170197269638,3.7007865622456544,-0.04442380409531801,0.20723370448514244,1.603280117624838,-0.45909810734544787,1.5489334443831215,-2.4247149989749555,1.144917761458907,2.33453406516672,1.488080120230038,-4.7889505189673764,1.110833945861522,0.993904056823467,0.8769741677854122,0.7600442787473571,0.6431143897093022,0.5261845006712472,0.4092546116331923,0.2923247225951374,0.17539483355708252,0.058464944519027506,-0.058464944519027506,-0.17539483355708252,-0.2923247225951373,-0.4092546116331921,-0.5261845006712471,-0.6431143897093021,-0.7600442787473569,-0.8769741677854119,-0.9939040568234669,-1.110833945861522,1.2439054810425876,7.143689945871486,4.922022054148442,-9.533836242821504,127,0.01729032258064516,1.0
f4681d73-b08d-450c-89d3-85b9d1250419,frontierscience,R1-Distill-32B-cloudjudge_reasoning-auto,physics,,deepseek-ai/DeepSeek-R1-Distill-Qwen-32B,0,is_correct,False,,,True,,,,315,-0.11293686626694857,-4.789984043214488,-4.677047176947539,2.227579868781589,8.873145591728285,-4.789984043214488,4.083161548513797,-0.5781614597644438,-0.22465416655668458,0.3110583618956637,0.8892198216601075,48.946807289747184,0.09555367215804561,12,10,0.7894736842105263,1.0,0.0,8.873145591728285,5.068647081590354,5.507048246484082,0.16666666666666666,0.2222222222222222,3.914260096104233,0.7872161446512724,0.9748841052949683,0.4,0.6,5,4.326647898944381,-2.9659748088384843,-7.292622707782865,2.5098103963313085,7.292622707782865,-2.9659748088384843,4.326647898944381,0.08653474260204819,-1.1313409178739469,0.8011900276969847,0.7146552850949365,21.202430502432488,0.34395220429781415,2.0,3.0,0.0,1.0,0.0,7.292622707782865,1.5433706235472604,1.55856485932879,0.5555555555555556,1.0,0.3426424687562347,1.0533156495663805,1.1786408026024497,0.45,0.55,-0.11293686626694857,-1.3985805795892103,0.027596426155830384,-1.1782285887318014,3.8904184928585526,-1.6166297536255296,-3.6587693491519993,-1.4935609147081386,2.090824678251219,0.642337566184439,-2.5647908959499865,-1.401843615217666,-0.04509214757985776,1.1995461631231983,-0.9281015388699678,4.083161548513797,1.3477881113670753,2.4626499065713356,-0.30916381299376905,-4.789984043214488,4.326647898944381,2.8043895677554724,1.2821312365665642,-0.24012709462234394,-1.7623854258112521,-2.9035382802383696,-2.9013747043801144,-2.899211128521859,-2.897047552663604,-2.8948839768053487,-2.1221168771025924,-0.578746253555332,0.9646243699919252,2.5079949935391825,4.051365617086443,3.2682846284766676,1.7097197691478812,0.15115490981909474,-1.4074099495096943,-2.9659748088384843,0.4581958049268485,9.574827747085717,2.282205039302852,-2.917948530708099,320,0.006551410373066424,0.4
218df0c2-18db-495f-8c53-eb6758feaff2,frontierscience,R1-Distill-32B-cloudjudge_reasoning-auto,physics,,deepseek-ai/DeepSeek-R1-Distill-Qwen-32B,0,is_correct,False,,,True,,,,251,2.7859451257282197,-4.79385923594885,-7.57980436167707,1.8770863361288763,7.57980436167707,-4.79385923594885,2.7859451257282197,1.109819834542044,-0.09313955053058952,-0.8517776711290139,-1.961597505671058,35.20040678289085,0.21533286272592825,10,9,0.0,1.0,0.0,7.57980436167707,3.7844200036744238,4.242667130553968,0.3888888888888889,1.0,2.671151563656963,0.8048249212194009,0.7045201231540957,0.55,0.45,5,4.309506615287629,-0.32849034074061406,-4.637996956028243,2.112283968795524,7.330415157655398,-3.0209085423677693,4.309506615287629,0.058014243369316584,-1.8115802053949648,0.8235851170198752,0.7655708736505586,14.11710684807862,0.3285373558435231,2.0,3.0,0.0,0.47368421052631576,2.6924182016271554,4.637996956028243,1.0555534265211786,1.5245712914598908,0.7222222222222222,0.16666666666666666,0.22901165248437477,0.714394999573966,1.0810675511769805,0.45,0.55,2.7859451257282197,1.1338754943587865,-0.7958908692424942,0.0029854836493107273,2.163311469947934,2.685382620124746,-0.20687048277219455,-2.0656408985358574,1.7187791051385664,0.387496525755723,1.4832727753843764,1.8786646251044226,-2.112291608575401,-1.9422573779859567,0.13884234234964254,-0.5380370741810845,-1.0843628104451957,1.7179428568462871,-0.5511921053948825,-4.79385923594885,4.309506615287629,2.7849353238277383,1.260364032367848,-0.2642072590920419,-1.7887785505519327,-2.937424755806904,-2.9582957024471206,-2.979166649087337,-3.000037595727553,-3.0209085423677693,-2.5035673024272898,-1.4480138759061114,-0.3924604493849353,0.6630929771362406,1.7186464036574192,1.617636060125346,1.1311044599088564,0.644572859692367,0.15804125947587644,-0.32849034074061406,0.4727691681575802,9.576135019394059,4.938138063365816,-2.9519434110032243,256,0.008286852589641434,0.4
f88cc0c0-2ca6-4cb0-bd1e-a37ddcf11294,frontierscience,R1-Distill-32B-cloudjudge_reasoning-auto,physics,,deepseek-ai/DeepSeek-R1-Distill-Qwen-32B,0,is_correct,False,,,True,,,,257,2.797462063504349,-2.323563963647099,-5.121026027151448,2.119888394464408,6.384120508693126,-2.5798166815960935,3.804303827097032,0.6814129666868494,1.2922739762345614,-0.1344721716994063,-0.8158851383862556,41.04429665686566,0.12476827340869615,10,7,0.6842105263157895,0.2631578947368421,0.2562527179489944,6.127867790744132,4.607632277524971,4.666467619424218,0.2777777777777778,0.5,3.4509034293044762,1.3711823561604493,0.7207335776477775,0.6,0.4,9,4.63914151636453,-0.25869972650744644,-4.897841242871976,1.8378255826932492,7.492230696728068,-2.8530891803635376,4.63914151636453,0.4019885450925467,-1.1745778782348932,0.48325081701766814,0.08126227192512142,21.905563626771887,0.22358891678487008,4.0,5.0,0.0,0.5263157894736842,2.594389453856091,4.897841242871976,2.11459858190572,3.044537131993684,0.7222222222222222,0.0,0.8577867302787962,0.6563938147809363,0.7818248362754571,0.4,0.6,2.797462063504349,2.4391561579491845,2.334837111801697,-1.875933080200332,-0.37363040057973684,-2.5798166815960935,2.0278155959288773,1.7817795458575927,3.368282420334789,2.1749092744577645,-2.4915583449664536,-1.2861295836291713,1.6943306944903753,3.804303827097032,1.4672992055307654,-1.7088689992352877,-1.7751704991013746,2.194164812069483,1.339306414187075,-2.323563963647099,4.63914151636453,1.5946043843708462,-1.4499327476228379,-1.978386395293818,-0.9971899523711751,-0.006581245086081877,1.0122642552863628,2.0311097556588074,0.3120203870675762,-1.7982025342327534,-2.8530891803635376,-2.852639551324774,-2.587921303177643,-0.473322721271928,1.641275860633792,1.437208243315132,0.4602518929216788,-0.1674543366689493,-0.21307703158819785,-0.25869972650744644,0.2816120204191031,7.244317500430732,2.3464762575587557,-4.532635141074461,266,0.008086089494163425,0.2222222222222222
8fac71ae-1f4a-4edd-9f0d-88a443912a04,frontierscience,R1-Distill-32B-cloudjudge_reasoning-auto,physics,,deepseek-ai/DeepSeek-R1-Distill-Qwen-32B,0,is_correct,False,,0.2,True,,,,12,0.28324421061777905,2.63170550512155,2.348461294503771,2.6134136989354344,8.421376951526515,-4.58222946932896,3.839147482197555,-1.0696926580603454,0.04815699831176686,0.9840177058921817,2.0537103639525274,44.645818675285504,0.052602043465356005,6,6,0.7368421052631579,0.631578947368421,7.21393497445051,1.2074419770760048,4.874562050527472,5.445677941214537,0.6666666666666666,0.7777777777777778,2.763465712933767,1.087142696267439,1.149474865411787,0.55,0.45,9,-4.811971858165135,2.499310438600469,7.311282296765604,2.227131635030475,7.82032425070669,-4.811971858165135,3.008352392541555,-0.9150556784411042,-0.0894299137853846,1.3759301774060162,2.2909858558471203,23.489199283824693,0.3112614529095657,4.0,3.0,0.10526315789473684,0.0,7.311282296765604,0.509041953941086,3.910162125353345,3.0568417403790358,0.0,0.16666666666666666,0.8523514067722958,0.9853253966337856,0.9241163006912518,0.55,0.45,0.28324421061777905,1.615116740606506,1.775193527548748,-1.1895183336329715,-3.1920326741825042,-4.3927157475385465,-2.3871363298414296,0.35609692414164973,3.3508407830884575,3.8161300344700395,-0.1451262773875479,-2.750945587999784,-4.58222946932896,0.29233258119851246,3.839147482197555,-1.6065304590169829,-2.743262429307017,1.2907407655123668,2.492305370845618,2.63170550512155,-4.811971858165135,-0.90180973281179,3.008352392541555,2.5641371018121637,-0.4927046385668721,-2.8187894648837086,-2.9526035490139426,-3.086417633144176,-2.208323690482336,-1.1856714582787697,-0.0240339884783054,1.276588718919059,2.391891735810085,2.2099569191567516,2.0280221025034177,1.3576268799608036,0.524411522121764,0.39770326796627226,1.4485068532833707,2.499310438600469,0.45623335265928255,-6.987444010627403,0.3238382861382014,-0.7186616496083928,21,0.21212121212121213,0.3055555555555556
b818c26a-1311-482d-8c4e-bde09ef34a05,frontierscience,R1-Distill-32B-cloudjudge_reasoning-auto,chemistry,,deepseek-ai/DeepSeek-R1-Distill-Qwen-32B,0,is_correct,False,,0.0,True,,,,23,-2.415678130626585,0.37077530233918665,2.7864534329657715,1.8752487835995197,7.049608039672594,-2.602344952306672,4.447263087365922,0.13494745113223658,-0.04779342287149697,-0.08843294918033222,-0.22338040031256878,46.91468228261103,0.059394059543670254,12,11,0.6842105263157895,0.47368421052631576,2.973120254645859,4.076487785026735,6.713455861940057,3.9538473979567863,0.6666666666666666,0.7222222222222222,4.22130532015018,0.6979837237479811,0.6940096986108218,0.6,0.4,5,3.8815912791858684,-0.748378994057316,-4.629970273243185,2.787763736754474,9.546881260108822,-5.665289980922953,3.8815912791858684,-1.6478573177231222,-0.5313026317120856,1.5804021341700285,3.228259451893151,23.114942761747105,0.2003020436159296,2.0,3.0,0.0,0.2631578947368421,4.916910986865637,4.629970273243185,1.027210843212406,2.063905264698888,0.5555555555555556,0.0,0.28239100568452663,1.0249196411731467,1.3135049832244607,0.5,0.5,-2.415678130626585,2.602695477173126,0.20962490022002722,-2.3936373088036844,3.4282811737273042,-0.5182685371900675,0.03161458342553525,0.31885817867362415,-0.6802229530287258,-2.602344952306672,1.5118682793129756,-1.0637828255434685,-2.2661927745741344,4.447263087365922,0.4934156894091357,0.2768511553108973,0.11689424122493466,0.15153240677695173,-1.9400664901430993,0.37077530233918665,3.8815912791858684,1.8176860144869806,-0.24621925021190716,-2.310124514910795,-4.374029779609683,-5.665289980922953,-4.638614992079367,-3.6119400032357802,-2.5852650143921942,-1.5585900255486083,-0.5316471095206119,0.4955637336917942,1.5227745769041985,2.5499854201166023,3.577196263329008,3.1104656107337796,2.1457544595360067,1.181043308338234,0.21633215714045884,-0.748378994057316,1.2881995475487897,4.799015524395472,0.16904525115228708,-0.25390913982949215,28,0.1225296442687747,0.4
cfcfcb2d-4ec8-42df-9b19-b6c840d5dea4,frontierscience,R1-Distill-32B-cloudjudge_reasoning-auto,biology,,deepseek-ai/DeepSeek-R1-Distill-Qwen-32B,0,is_correct,False,,0.1,True,,,,16,2.502102631058385,-4.951085970190746,-7.453188601249131,2.301227219037963,9.112416693740688,-4.951085970190746,4.161330723549941,-0.24820239148385145,0.17373644900536464,0.06528767195896101,0.3134900634428125,55.52986901559131,0.13421945222230713,12,9,0.7894736842105263,1.0,0.0,9.112416693740688,4.167711799747526,7.570042558297066,0.5555555555555556,1.0,4.793328057203059,0.9020135803999996,0.9084903586797817,0.6,0.4,19,-0.11734053873799921,2.5282483435504832,2.6455888822884823,2.3106261356739886,8.262005182607917,-4.382177610813345,3.8798275717945714,0.9376917816467951,-0.7930980458945628,-0.16869269171093695,-1.1063844733577322,58.682188083532914,0.04508333735822086,12.0,11.0,0.8947368421052632,0.9473684210526315,6.910425954363829,1.3515792282440882,6.910425954363829,8.262005182607917,1.0,0.9444444444444444,4.62110210057961,0.9487626325704331,0.9487626325704326,0.55,0.45,2.502102631058385,-3.2645748205003384,0.7339860839520886,2.1536915056572137,-1.9876461320911176,-0.3509788713353532,-1.5239971371278382,0.18709511543322654,2.2273663146364595,1.6437392544197902,-4.166309806105054,0.0014019936424718438,1.2238726538838713,0.09898961712678711,0.4877391265334348,4.161330723549941,-1.1605630139750707,-0.7646514222701124,2.6189565881063195,-4.951085970190746,-0.11734053873799921,2.4123483182422394,0.28897118772950003,-2.008007596806101,2.848192370384187,1.3626744793322234,1.7770042513835156,-0.746817301178599,-2.7340650069526946,-2.2415183784252726,0.3524672373876945,2.5819465611218257,-0.17247226439237107,-2.5912271688225217,0.18455083835368669,-3.98162678527975,0.7590214921287324,3.8798275717945714,-4.382177610813345,2.5282483435504832,-0.02489365690995237,4.808851774542795,7.454440656831277,0.08876036672813115,35,0.14166666666666666,0.11695906432748537
8be6ce44-a0c8-4636-80ca-2667dcc9d2af,frontierscience,R1-Distill-32B-cloudjudge_reasoning-auto,chemistry,,deepseek-ai/DeepSeek-R1-Distill-Qwen-32B,0,is_correct,False,,,True,,,,197,2.7542435557471916,2.4345944660603718,-0.3196490896868198,2.289047795808456,7.413159442308018,-4.16449017873357,3.248669263574448,0.368749976151531,-0.48014588327386765,-0.6361062824852708,-1.0048562586368017,51.165007826270624,0.0062474160225320305,13,10,0.10526315789473684,0.47368421052631576,6.599084644793942,0.8140747975140763,5.171817038610763,5.982129549767291,0.3333333333333333,0.2222222222222222,4.696917564369726,0.8928778629045979,1.1226983151429972,0.45,0.55,2,-1.1606992233045794,1.1606992233045794,2.321398446609159,0.7045177077024125,2.321398446609159,-1.1606992233045794,1.1606992233045794,-0.7941626264715543,0.061089432805504114,0.8552520592770584,1.6494146857486127,2.321398446609159,1.0,0.0,1.0,1.0,0.0,2.321398446609159,0.0,0.12217886561100855,0.0,0.5555555555555556,0.6666666666666666,1.356939252319636e-16,0.3054471640275208,0.3054471640275209,0.5,0.5,2.7542435557471916,-1.781763554134689,3.248669263574448,2.286321109960482,2.964795935407576,-3.017333614359715,-3.8736828631345768,1.2981341754761866,-1.3836944033000496,-4.16449017873357,0.7645954352430075,0.15559782177651194,-1.9817695282253454,1.950605494846185,-0.400149717128115,-0.4043055044412469,-1.8424143747533428,-1.1004386779931035,-2.5039238866561884,2.4345944660603718,-1.1606992233045794,-1.038520357693571,-0.9163414920825628,-0.7941626264715543,-0.671983760860546,-0.5498048952495377,-0.42762602963852925,-0.3054471640275209,-0.1832682984165126,-0.06108943280550427,0.06108943280550405,0.1832682984165126,0.3054471640275209,0.427626029638529,0.5498048952495376,0.6719837608605459,0.7941626264715542,0.9163414920825623,1.0385203576935709,1.1606992233045794,-1.3173893876639151,-4.912683077028866,-2.5912846304197075,-9.838911979136022,199,0.010670257950896095,1.0
1440c195-fba2-48dc-a03d-7b9420891daf,frontierscience,R1-Distill-32B-cloudjudge_reasoning-auto,chemistry,,deepseek-ai/DeepSeek-R1-Distill-Qwen-32B,0,is_correct,False,,,True,,,,119,-0.0968150684170871,-1.9611835497337367,-1.8643684813166495,2.0819911947212346,6.8881843984156585,-2.6674682290948946,4.220716169320764,-0.1358138134420656,-0.40786403416507494,0.38504456245293595,0.5208583758950016,48.860395439378244,0.03815704855745174,15,12,0.7368421052631579,0.2631578947368421,0.7062846793611579,6.181899719054501,6.21716070785377,5.710986801953313,0.7222222222222222,0.8333333333333334,5.1157016296256845,0.8542577045220261,0.9290315824486445,0.4,0.6,7,4.557965771434254,-0.49159893846158603,-5.04956470989584,1.6995048108295228,7.265163582488707,-2.7071978110544532,4.557965771434254,0.0761030526094318,0.450042745075162,-1.327234453960565,-1.4033375065699967,17.166978062633447,0.29414406492934186,3.0,3.0,0.0,0.8421052631578947,2.2155988725928673,5.04956470989584,0.7385329575309563,2.281926094910155,0.9444444444444444,0.0,0.49396223308404363,0.5437015946778642,0.7577209016764257,0.3,0.7,-0.0968150684170871,1.3936009759020507,1.899712826426283,-0.6737897557212675,0.5021999072826935,-2.6674682290948946,-1.3081373504722371,-2.556522847827178,2.6091037246135618,-1.666607789960239,2.4240802718018615,-1.8706749655066195,0.20201790625609384,-1.9964445385330056,4.220716169320764,3.833722308837217,-1.877264493116096,-1.4484553962159246,-0.4572676643746063,-1.9611835497337367,4.557965771434254,2.2760396765240984,-0.0058864183860567465,-2.2878125132962115,-2.0625554322458357,-1.335861716003354,-0.6091679997608721,-0.33879235395106655,-0.2965757433575992,-0.25435913276413186,0.12445839612202625,0.8398768433008765,1.5552952904797255,1.5203959156963034,-0.015139103011668542,-1.55067412171964,-2.7071978110544532,-1.9686648535234985,-1.2301318959925422,-0.49159893846158603,0.38209551819710436,6.901244839365095,1.8516801294692549,-3.920809798557034,126,0.01780373166215639,0.2857142857142857
4195adea-9fa5-4f25-91ef-ebd6c57cfb88,frontierscience,R1-Distill-32B-cloudjudge_reasoning-auto,physics,,deepseek-ai/DeepSeek-R1-Distill-Qwen-32B,0,is_correct,False,,,True,,,,268,0.0008669557521703584,-2.2091141854903342,-2.2099811412425048,1.8616742550591032,6.029090680642306,-2.620569156980661,3.408521523661645,0.6945307784861099,0.07317779353022676,0.3766183316281149,-0.31791244685799497,43.66425201381303,0.05061305391292138,11,9,0.8421052631578947,0.15789473684210525,0.41145497149032684,5.61763570915198,4.584269771763744,4.887260256673553,0.16666666666666666,0.6666666666666666,3.7386420435865872,1.0025476586801392,0.6208641589859869,0.55,0.45,5,2.2715746701506943,0.06163135302064689,-2.2099433171300475,1.8388693038231059,6.762531021880987,-4.490956351730293,2.2715746701506943,-1.5911047497184383,0.864005388087695,0.13194740601659535,1.7230521557350336,15.483695379547246,0.14272712443369368,2.0,2.0,0.0,0.2631578947368421,4.552587704750939,2.2099433171300475,1.5267840960135932,1.5040477991335552,0.3333333333333333,0.1111111111111111,0.3039746041520646,0.5658105926792188,0.7807111474450005,0.7,0.3,0.0008669557521703584,1.9491301853967025,1.5821772743180604,-2.620569156980661,1.963700614783083,-0.5431977294429412,2.5296073055763553,2.1139699644490335,-0.5173982765038314,-1.481335957927493,-0.05237765187766952,-0.841640872077865,3.0891438026614826,-1.79811645401207,-2.3535328954068717,1.1314439241326042,3.408521523661645,2.1828744543740375,0.0995171684976087,-2.2091141854903342,2.2715746701506943,0.7675268710171397,-0.7365209281164149,-2.24056872724997,-3.744616526383524,-4.490956351730293,-2.9641722557167,-1.4373881597031066,0.08939593631048659,1.6161800323240794,2.145919679478308,1.6786148777731698,1.2113100760680326,0.7440052743628953,0.2767004726577573,0.14436223235607898,0.12367951252222098,0.10299679268836298,0.08231407285450493,0.06163135302064689,-0.04963247510044326,4.431056380540586,2.221113063410538,-2.9412571941784833,273,0.00774218793672089,0.4
790baca4-d2d8-4acb-8494-91adf77e026b,frontierscience,R1-Distill-32B-cloudjudge_reasoning-auto,physics,,deepseek-ai/DeepSeek-R1-Distill-Qwen-32B,0,is_correct,False,,0.0,True,,,,132,2.8274270374032815,-2.5438240542833066,-5.371251091686588,1.8914871149527905,6.365911722337421,-2.5438240542833066,3.822087668054114,0.8862746842732586,0.30641190864063234,-0.6737979484164519,-1.5600726326897105,42.71816659511616,0.1257369292693537,11,11,0.05263157894736842,1.0,0.0,6.365911722337421,5.093896426789021,4.981316661244669,0.8333333333333334,0.05555555555555555,3.923621021095115,0.9264670571935424,0.711166134198616,0.5,0.5,8,2.259930427612558,-0.32218634717405825,-2.5821167747866163,1.4349745595016152,5.14100305685829,-2.782564005079597,2.3584390517786926,1.4578704998196041,-1.393137571898334,-0.35990831039418114,-1.8177788102137853,7.699889338929964,0.3353446603098126,2.0,1.0,0.10526315789473684,0.5789473684210527,2.4603776579055388,2.680625398952751,0.9040515080661384,0.9499883696893663,0.6666666666666666,0.16666666666666666,0.29904496088577937,0.5222087737185271,0.6075247420643369,0.3,0.7,2.8274270374032815,3.822087668054114,-1.1592289931905553,-2.5422329506810746,1.5110709070414166,1.1158044781798482,0.6289946431057798,-1.7763883808736207,-0.8964488851705483,1.9789248101387125,-0.2613069733129878,-0.45269204738942315,1.7179176940758947,1.8348771430163993,-0.10082628000289384,-2.496194463188824,2.597701963600197,-1.9941796558790854,0.49453479925520216,-2.5438240542833066,2.259930427612558,2.3091847396956253,2.3584390517786926,2.1221954547839217,1.1722070850945554,0.22221871540518912,-0.23908197563331401,-0.33386690768367,-0.4286518397340259,-1.222041494693165,-2.131865270137101,-2.782564005079597,-1.8785124970134588,-0.9744609889473204,-0.43841043358979725,-0.39302781517709595,-0.34764519676439476,-0.33139126404847435,-0.3267888056112663,-0.32218634717405825,0.3432973488621873,5.147051830758052,2.5649350559714357,-5.0127506387434835,140,0.016308119361554477,0.25
af50243e-3a60-4460-9536-f9a02c4f8eb8,frontierscience,R1-Distill-32B-cloudjudge_reasoning-auto,physics,,deepseek-ai/DeepSeek-R1-Distill-Qwen-32B,0,is_correct,False,,0.0,True,,,,14,0.37052175128048603,4.68883196786316,4.318310216582674,2.283311323021182,8.68583916657765,-3.997007198714492,4.68883196786316,-0.2914919169246116,0.6925940153274173,-0.8155883980106181,-0.5240964810860065,34.45164586915955,0.12534409046762965,8,4,1.0,0.6842105263157895,8.68583916657765,0.0,4.6087528685658015,3.1760666424997526,1.0,0.6666666666666666,2.377860213460499,0.8830336543036573,0.9873244392658609,0.5,0.5,13,0.1615141922161139,-0.20671653341442892,-0.3682307256305428,1.2691740828883373,4.699683513212518,-2.6943706780451944,2.0053128351673233,0.7615361313624514,-0.7570255364693946,-0.08822904081984217,-0.8497651721822935,19.64923176590666,0.01874020979636767,7.0,5.0,0.8421052631578947,0.5789473684210527,2.4876541446307656,2.212029368581752,2.362172452092486,1.69289647013813,0.8333333333333334,0.1111111111111111,1.4683862001294021,0.4695542935597782,0.49444429759316105,0.4,0.6,0.37052175128048603,1.971202012317629,0.8839323930933636,-2.128672466563827,-0.5978157287273189,-0.9419863545070876,-1.5976250253655264,2.479068618274339,3.4422919895602373,2.684608034545737,0.8031148768320935,0.2570223430087439,-0.8209405562147392,-3.997007198714492,-2.01592788324757,-1.191965312258867,-3.7196501747529167,-2.7348980849648727,0.0800790992973579,4.68883196786316,0.1615141922161139,1.5583553146282136,1.6678057734777183,-0.025090696660411638,-0.185554846423309,0.3082617899236745,1.8454613923751606,1.323282505465936,-0.11220137199196513,-0.267458454001397,-1.128181556019139,-2.6943706780451944,-1.4691877453835416,-0.9510614553104613,-2.3545706421759247,-0.35685961692516255,2.0053128351673233,0.5210920679414253,-0.13763235551228548,-0.20671653341442892,0.45876487887574846,-4.068552896771298,-4.43678362240184,-3.9763990629693424,27,0.21978021978021978,0.15384615384615385
431c9b49-2795-4750-ae7b-ae9f1450cb4e,frontierscience,R1-Distill-32B-cloudjudge_reasoning-auto,chemistry,,deepseek-ai/DeepSeek-R1-Distill-Qwen-32B,0,is_correct,False,,0.05,True,,,,10,0.9826332829458242,-4.17348460404721,-5.156117886993034,2.7798209075577107,9.050673606625125,-4.17348460404721,4.877189002577916,0.6085838585399229,0.20656508058066955,-0.6711078569475851,-1.279691715487508,48.64825784705778,0.10598771909166883,7,5,0.8947368421052632,1.0,0.0,9.050673606625125,4.5892145161080595,4.525336803312563,0.8333333333333334,1.0,2.617231038909592,1.2435634531977064,1.1595936815897747,0.5,0.5,12,-0.5271794064825691,-0.38985935739283517,0.13732004908973394,2.222040376109317,8.441506794447617,-3.2607424466993398,5.180764347748277,-0.133158870290274,0.3578292692646095,-0.23531901290219018,-0.10216014261191617,34.20286097748835,0.004014870252524059,7.0,6.0,0.631578947368421,0.3157894736842105,2.8708830893065045,5.570623705141112,3.5102380002087084,4.017090974278374,0.6111111111111112,0.6666666666666666,1.8003574736342596,0.902875818488291,0.8948368827179307,0.45,0.55,0.9826332829458242,2.9011743200152345,4.819715357084645,1.2724401374146042,-2.958062114347867,-2.364707015042896,-0.39310695829008324,-1.0350117353703039,-2.983668929367041,-1.3673165904794717,3.1010433747155437,4.19466271263267,1.069856266452427,-1.5336095345191378,-3.0943940450733436,-3.2885121052581434,1.3007024108499161,4.877189002577916,0.3518521992653536,-4.17348460404721,-0.5271794064825691,2.4383057513439303,3.801718762609764,0.8929393830471484,-1.3210647173651984,-2.956089418485653,-3.2607424466993398,-3.1170654265863367,-1.4464694185548006,-0.42123625804944254,-0.5253880807149025,1.6705263475395689,5.180764347748277,1.1636733734699032,-2.5327529323620066,-1.3988901916655272,0.014330519341636871,1.762780794721627,1.132477089943964,-0.38985935739283517,1.2888117371399264,4.935116934704567,5.072436983794301,-1.1229884467092006,22,0.2222222222222222,0.21212121212121213
9c098058-e720-4a0b-8fc5-62fb27aade25,frontierscience,R1-Distill-32B-cloudjudge_reasoning-auto,biology,,deepseek-ai/DeepSeek-R1-Distill-Qwen-32B,0,is_correct,False,,0.0,True,,,,36,-2.549467799163831,-0.15891669860259483,2.390551100561236,2.1346654367681546,7.301683031832898,-3.4888931441999382,3.8127898876329596,0.17577474387199982,1.59577684838835,-0.06342753702414171,-0.23920228089614154,52.86892729066073,0.045216561467543256,11,10,0.3684210526315789,0.7368421052631579,3.3299764455973433,3.9717065862355545,6.614790551684218,5.515598043186344,0.7777777777777778,0.7222222222222222,4.336640045746347,1.2519335246763614,0.6509187284924816,0.6,0.4,18,2.667487796572674,2.8918904482144203,0.22440265164174633,1.9754431231974665,7.699789679958136,-3.7916016423392382,3.9081880376188978,-0.4062903614955511,0.7146541308088307,-0.35932693638428886,0.046963425111262225,49.08075403849109,0.0045721109228631825,11.0,12.0,0.42105263157894735,0.8947368421052632,6.683492090553658,1.0162975894044775,4.203328895419051,5.799202066467896,0.3888888888888889,0.4444444444444444,4.150418720903897,0.8199450898351517,0.8198158514907904,0.5,0.5,-2.549467799163831,0.7333276924776042,-1.7718110053314966,-0.03885835946331717,2.2537986084389665,0.6686427289400108,1.934791341206062,3.8127898876329596,0.6790452493075341,-1.8451846881672962,0.6876108890473134,2.174254748044844,3.6352169538666903,2.026704898986406,-3.4888931441999382,3.12589740748428,-1.3898382252277846,-1.7754046496933733,3.306590088094561,-0.15891669860259483,2.667487796572674,0.38396654180402745,-1.8142189272221598,-2.506208761402847,-0.9311155370082909,0.15375154511718597,-0.7976951883294474,-0.2951408578001531,3.9081880376188978,-1.8910140288489987,1.9401245997062642,-1.0552205671101995,1.4508829217873387,0.9447588103086655,-2.5310913590743773,-0.7830101606800968,1.7349092455171995,-3.7916016423392382,0.32294185005635956,2.8918904482144203,-0.1604998427740944,2.6659046524011742,2.8903073040429206,-0.32010752195440517,54,0.05555555555555555,0.13071895424836602
1dba0086-bca8-4b25-8843-e6e428f9284d,frontierscience,R1-Distill-32B-cloudjudge_reasoning-auto,physics,,deepseek-ai/DeepSeek-R1-Distill-Qwen-32B,0,is_correct,False,,,True,,,,18,2.82880300124706,-1.834137600789916,-4.662940602036976,2.664067736109143,9.849238005629786,-6.255870410564377,3.5933675950654083,1.5573322692797933,0.19560709517719127,-2.0835235206119544,-3.6408557898917477,57.00784925136005,0.08179471183831287,13,9,0.10526315789473684,0.5263157894736842,4.421732809774461,5.427505195855324,9.366916884256446,8.130994944144424,0.5555555555555556,0.5,5.10659775519304,1.1500222550646706,1.1615505336883123,0.55,0.45,3,4.11620528550023,-0.9579353442419022,-5.074140629742132,2.103093423988532,7.158668142705061,-3.0424628572048316,4.11620528550023,1.819002582313317,-2.4013103127388553,-1.5369707645093824,-3.355973346822699,9.243195655667991,0.548959561039978,1.0,1.0,0.0,0.5263157894736842,2.0845275129629295,5.074140629742132,0.23161416810699276,0.7657342343956381,0.7222222222222222,0.3333333333333333,0.055408244583479774,0.6605609098533407,1.3254598448550938,0.3,0.7,2.82880300124706,-1.515910235276956,3.5933675950654083,1.681168005097995,3.063347085946497,1.75228684413969,-0.5017364112611409,1.7575815075046068,0.7447423613288404,1.8751245335800473,-6.255870410564377,3.1110464736920687,1.5031475051487524,-1.3665223044496,-3.7486949171127746,-1.421890517619926,1.0898301885424475,-3.9199929333319603,-2.6662553433595955,-1.834137600789916,4.11620528550023,3.350471051104592,2.584736816708954,1.819002582313317,1.0532683479176792,0.2875341135220415,-0.47820012087359576,-1.243934355269234,-2.009668589664871,-2.7754028240605084,-3.0424628572048316,-2.8108486890978392,-2.5792345209908474,-2.3476203528838555,-2.1160061847768628,-1.8843920166698707,-1.6527778485628788,-1.421163680455887,-1.1895495123488944,-0.9579353442419022,0.982222511042471,6.932565397332617,1.8584247675904848,-4.673201040671174,21,0.17647058823529413,0.6666666666666666
22f5a060-b2ba-4d68-8ad1-cbcbd58a788e,frontierscience,R1-Distill-32B-cloudjudge_reasoning-auto,chemistry,,deepseek-ai/DeepSeek-R1-Distill-Qwen-32B,0,is_correct,False,,,True,,,,81,-2.5604406961081305,2.410684066031053,4.971124762139183,1.8723748045361859,5.829914492219263,-3.4192304261882103,2.410684066031053,-1.728748219591568,-0.742747183862014,-0.15876540302412812,1.5699828165674399,45.31851497279962,0.109693019842395,14,7,1.0,0.9473684210526315,5.829914492219263,0.0,5.829914492219263,3.3912932860415963,1.0,0.05555555555555555,3.9955766275227638,0.47407336719642473,1.386726379312417,0.35,0.65,2,1.3798740224855948,-1.3798740224855948,-2.7597480449711895,0.8375517651092262,2.7597480449711895,-1.3798740224855948,1.3798740224855948,0.9441243311743543,-0.07262494855187332,-1.0167492797262276,-1.960873610900582,2.7597480449711895,1.0,0.0,1.0,0.0,1.0,0.0,2.7597480449711895,-0.14524989710374658,0.14524989710374703,0.6111111111111112,0.5555555555555556,1.1102230246251565e-16,0.36312474275936707,0.363124742759367,0.5,0.5,-2.5604406961081305,1.4070088308010806,-1.9842844552405157,-0.9930727827055323,-3.1466845252774838,-2.0084359781067747,-2.8153279305036203,-0.28665165479219995,-2.576098588878786,-2.3647352484604203,0.5856874313713075,1.8021175627983994,0.17023889572575124,-2.52978868479815,2.252850866906654,0.8528796902942493,-2.289120132365171,-0.760656482823344,-3.4192304261882103,2.410684066031053,1.3798740224855948,1.234624125381848,1.0893742282781012,0.9441243311743543,0.7988744340706075,0.6536245369668607,0.5083746398631139,0.3631247427593671,0.21787484565562032,0.07262494855187351,-0.07262494855187329,-0.21787484565562032,-0.3631247427593669,-0.5083746398631137,-0.6536245369668605,-0.7988744340706075,-0.9441243311743541,-1.0893742282781007,-1.2346241253818477,-1.3798740224855948,-1.4554255372130345,-2.4862355807584926,-5.245983625729682,-7.345025306392287,83,0.027777777777777776,1.0
f9fdb988-7a10-4510-a8ab-d011e663be3f,frontierscience,R1-Distill-32B-cloudjudge_reasoning-auto,physics,,deepseek-ai/DeepSeek-R1-Distill-Qwen-32B,0,is_correct,False,,,True,,,,329,-0.12833829854377973,0.019265858470491466,0.1476041570142712,1.487672983168186,5.6784704296324975,-2.327436528997615,3.3510339006348824,-0.8081583956197492,0.6691900049716313,0.4004168804970465,1.2085752761167958,31.880914636160462,0.004629859547594452,9,9,0.8421052631578947,0.7894736842105263,2.3467023874681066,3.331768042164391,5.6784704296324975,2.890810520830305,0.8333333333333334,0.4444444444444444,2.6339843440600283,0.6167167847728299,0.5452306573505574,0.6,0.4,11,4.788586153818581,-0.23478474227608714,-5.023370896094669,1.6927453347121841,7.228656197485305,-2.4400700436667244,4.788586153818581,0.08159333873179811,-0.13926912320063556,-0.2522765961226722,-0.33386993485447036,21.730654606170567,0.2311651897807187,5.0,3.0,0.0,0.10526315789473684,2.2052853013906373,5.023370896094669,3.812186139975291,3.8654990698163476,0.4444444444444444,0.0,1.449592177096678,0.5625684401197801,0.6584379435206749,0.2,0.8,-0.12833829854377973,0.11828958785481548,-1.2148621168811196,-1.8988880518542997,-1.9388230775349944,0.9016119409705056,-1.4960987533493733,0.1553141854114709,2.3061320685695876,-0.5846784522607176,-1.3154878675892476,0.5598310910472026,2.131007372542567,1.432211637080556,0.007021571106560209,-2.327436528997615,3.3510339006348824,1.2059734911361033,0.14664299063185646,0.019265858470491466,4.788586153818581,0.9230870840022338,-2.4400700436667244,-1.282149692009172,-0.3559245941016781,-0.35648051119442015,-0.7058950257262334,-1.8693129342825507,-1.0424892234262289,2.769696916549062,2.7699986480257257,-1.0415840289962501,-1.8649695654407137,-0.6962236748334933,-0.30892133158016005,-0.25652336576421286,-0.24173978242397054,-0.2363597947026545,-0.23533055998894806,-0.23478474227608714,0.24136785009458842,5.010688145442678,-0.012682750651990204,-2.934527612201066,340,0.006264363555489658,0.18181818181818182
1c77dfab-266d-40d4-b3a0-2c27f0b32139,frontierscience,R1-Distill-32B-cloudjudge_reasoning-auto,physics,,deepseek-ai/DeepSeek-R1-Distill-Qwen-32B,0,is_correct,False,,0.0,True,,,,15,2.497765916150905,-4.957891661234252,-7.455657577385157,2.3300363065301375,7.515927438847728,-4.957891661234252,2.558035777613476,-0.1186825706047272,-0.03105748867112628,0.10538245551284427,0.22406502611757145,40.69381363595173,0.18321353815800429,8,7,0.6842105263157895,1.0,0.0,7.515927438847728,4.67109407392499,5.3226490813657845,0.2222222222222222,1.0,2.7759194064390003,0.8871491172491293,0.9079434013418247,0.65,0.35,19,5.005341146215898,0.24283022439303537,-4.762510921822862,2.6781526078189084,10.737379216734286,-5.7320380705183895,5.005341146215898,0.2567897911352471,-0.5291888052837243,0.3177988498398881,0.06100905870464102,57.13278268221676,0.08335863751487199,8.0,8.0,0.0,0.3157894736842105,5.974868294911425,4.762510921822862,5.804790520669851,6.832383344831058,0.1111111111111111,0.2777777777777778,3.9000516712850564,1.0494021668445,1.0494021668445004,0.55,0.45,2.497765916150905,-1.1821191531971453,-0.345540373141894,0.545118682477902,-4.701888030495526,-0.03079395657053663,2.3866789205432046,2.066106530384502,0.0015528999683493971,-3.4708582370367043,-3.469776615160435,0.0071560787271574,2.0903811448057703,2.558035777613476,1.7931194669862385,0.18178645926930748,1.2943573607356051,1.9561656871886342,0.364757420131532,-4.957891661234252,5.005341146215898,0.3551174901572578,-4.370868170030502,1.4339223506393486,4.005708517170449,1.100345274312668,-5.7320380705183895,-3.049680559516206,0.15637144052462232,1.471398256164602,1.2546971873197565,-0.15027497205394297,-0.9903489559497675,-2.396484033475134,-0.13179051127987318,3.5298629054479935,-2.2463273828455095,-1.9202306812206849,2.4324485445443673,0.24283022439303537,-0.2752005196679962,9.688032287782153,4.925521365959291,5.507958323595325,34,0.13333333333333333,0.14619883040935672
ea576eec-eb50-4d75-9849-ccd4c83a15fe,frontierscience,R1-Distill-32B-cloudjudge_reasoning-auto,chemistry,,deepseek-ai/DeepSeek-R1-Distill-Qwen-32B,0,is_correct,False,,,True,,,,54,2.8545079619824416,-2.524832213961951,-5.379340175944392,2.5591329509136895,8.990079620120891,-4.093593569086775,4.896486051034115,-0.029585198300300024,1.6295234465659654,0.4553151821046433,0.4849003804049433,63.52449557587852,0.08468135208596654,16,13,0.5789473684210527,0.05263157894736842,1.5687613551248245,7.421318264996065,5.943997689876223,6.9481015310692165,0.4444444444444444,0.0,6.128782911873706,1.5009542500886357,0.8043813085642595,0.55,0.45,5,-0.42361478958497545,1.9456389694312102,2.3692537590161855,2.777345982587257,9.619269168614668,-5.301349656087488,4.31791951252718,2.2840162534676223,-1.0579296403955996,-1.8977225073087485,-4.181738760776371,21.60779209624552,0.10964811899628824,2.0,3.0,0.2631578947368421,0.7368421052631579,7.246988625518698,2.3722805430959695,1.5813180234921065,1.0805274265280729,0.9444444444444444,0.3333333333333333,0.26652558271752536,1.0977445185821322,1.2379309561995486,0.5,0.5,2.8545079619824416,-4.093593569086775,1.1937596203863174,-2.388815716457255,1.6128594122894915,2.507084216512229,-1.8928983137285493,-0.40286823083473966,-1.665621239267475,4.278376450608748,4.078113694960567,4.896486051034115,1.0799700332663367,-0.8577926338057944,4.262512773059476,-1.25131890042125,1.661424737263552,-1.0098853537214014,1.593990050409434,-2.524832213961951,-0.42361478958497545,0.631472822782219,1.6865604351494135,2.7416480475166076,3.7967356598838022,4.31791951252718,3.237392085999107,2.1568646594710343,1.076337232942962,-0.004190193585110968,-1.0729978789867403,-2.130085823261928,-3.187173767537114,-4.2442617118123,-5.301349656087488,-4.379633124537207,-2.7983151010451044,-1.2169970775530023,0.36432094593910413,1.9456389694312102,0.6110364480852558,2.712253872462231,5.081507631478416,-0.03838717350686949,59,0.0440251572327044,0.4
eec8840a-2d00-4e70-b043-0da51bd1b288,frontierscience,R1-Distill-32B-cloudjudge_reasoning-auto,chemistry,,deepseek-ai/DeepSeek-R1-Distill-Qwen-32B,1,is_correct,True,,,True,,,,46,0.022529103100230114,2.7202892119610995,2.6977601088608694,2.571234634021166,9.058225409430914,-4.348553820065215,4.7096715893656995,1.1928304603738964,-0.368632023108189,-1.1605884659602375,-2.353418926334134,64.31721965588783,0.04194460089062489,12,10,0.2631578947368421,0.7368421052631579,7.068843032026314,1.9893823774046,5.769242988029949,7.69483685756211,0.7777777777777778,0.4444444444444444,6.150237919991998,1.02664417133365,1.0863512580787236,0.45,0.55,7,2.5685793176920275,2.6270352790763742,0.05845596138434672,2.193439458420906,6.253292164107806,-2.540388677146779,3.7129034869610265,-0.9976377084366613,0.8413938641711213,-0.7292268477899236,0.2684108606467377,22.78009566761823,0.0025660981515297815,3.0,4.0,0.5263157894736842,0.21052631578947367,5.167423956223153,1.0858682078846522,2.3181672827444526,2.318107556678375,0.3888888888888889,0.5555555555555556,0.6962918944025099,0.8672902077746235,1.1407436076045396,0.4,0.6,0.022529103100230114,3.3348637054660077,-0.8078026851739744,-0.06906649135794161,0.33257131306384835,4.7096715893656995,0.8270466881534061,-0.9554241323002453,4.264945773711532,-3.4298910838505776,-2.5723335051310565,-1.9797685544905679,-0.8082295335828502,2.900276873886442,-4.348553820065215,1.4206891679647338,-3.6840809140545643,-1.0591722069464968,-2.0127022346209826,2.7202892119610995,2.5685793176920275,0.9471590245373418,-0.6742612686173439,-2.2956815617720294,-2.540388677146779,-2.509753156965542,-2.479117636784304,-0.9234609415609227,1.39470634118353,3.7128736239279827,3.7129034869610265,1.3947959302826516,-0.9233116263957184,-2.4787497652007016,-2.508849068258905,-2.538948371317108,-2.2908171026581368,-0.6515329754133024,0.9877511518315361,2.6270352790763742,0.020458739769651745,-0.13125115449942015,-0.07279519311507343,-2.9137240403093863,53,0.05314009661835749,0.2857142857142857
a466aab3-82ae-4890-94dc-7fd11df89c0f,frontierscience,R1-Distill-32B-cloudjudge_reasoning-auto,biology,,deepseek-ai/DeepSeek-R1-Distill-Qwen-32B,0,is_correct,False,,0.2,True,,,,12,2.8415666699942546,5.1253790250492886,2.283812355055034,2.5049445581466014,10.242232095256668,-5.11685307020738,5.1253790250492886,0.7333932669834536,-1.232517097497912,0.1660934696684658,-0.5672997973149878,46.09895005321194,0.04954152648636972,9,8,1.0,0.7368421052631579,10.242232095256668,0.0,4.918966614892007,4.2853813436272725,0.7777777777777778,0.0,3.29718172451865,0.9786495609278969,1.1035148607074174,0.5,0.5,12,-5.128158556483949,-0.49366339205983617,4.634495164424113,2.121226087886271,7.328317828631336,-5.128158556483949,2.200159272147387,0.689610655126408,-0.0550181167076342,-0.4162137401363762,-1.1058243952627842,27.121656756938936,0.17087802585062953,6.0,6.0,0.21052631578947367,0.0,4.634495164424113,2.6938226642072234,4.210659393592629,4.272211088312637,0.5,0.3888888888888889,1.8422831857497945,0.9424544683287468,0.8452112019230889,0.6,0.4,2.8415666699942546,-1.443814673633018,-3.4011399820027783,0.8496841369808275,2.8199492946771914,2.889748651300853,0.5777587715668462,-1.7642857682204287,0.8859880611433479,1.1915327675169607,-2.606198491342236,-2.6093874586919847,-0.44426654517919895,-3.2810022477118443,-5.11685307020738,-0.1978864553153734,1.331858504478902,-1.2054625218441073,1.0595253358494656,5.1253790250492886,-5.128158556483949,-0.9212993328070542,2.1489019450653175,2.1880153674589624,2.200159272147387,2.189828578748128,2.1498273117560633,1.7190856420999476,-2.553125446212689,-3.7406563592870565,0.4700030343055728,1.7968417906019913,1.4757830398720073,0.44694148166678693,-0.18676006557547792,1.276170699879446,0.7875312029733266,-2.042992608766053,-1.8375682772696627,-0.49366339205983617,0.6807315185547829,-9.572806062978454,-4.938310898554342,-3.6589902360965816,24,0.18181818181818182,0.24242424242424243
441c416a-8f5e-431c-9675-faeac34ff290,frontierscience,R1-Distill-32B-cloudjudge_reasoning-auto,chemistry,,deepseek-ai/DeepSeek-R1-Distill-Qwen-32B,0,is_correct,False,,,True,,,,130,0.13723056152971888,0.14195931192968156,0.004728750399962678,2.2822219813896827,7.275874518971804,-4.652378752400861,2.623495766570943,-1.214451348845029,0.587007006128502,-1.8086485138163348,-0.5941971649713058,47.52198597313033,9.950658212466936e-05,11,12,0.631578947368421,0.7368421052631579,4.794338064330542,2.4815364546412613,5.3165782444807785,5.58573129414518,0.2777777777777778,0.6666666666666666,4.109163642398325,0.6331391309926234,1.3953392050883084,0.45,0.55,2,0.0005239208896199443,-0.0005239208896199443,-0.0010478417792398886,0.00031800791864197985,0.0010478417792398886,-0.0005239208896199443,0.0005239208896199443,0.00035847218763469883,-2.757478366420758e-05,-0.0003860469712989063,-0.0007445191589336051,0.0010478417792398886,1.0,0.0,1.0,0.0,1.0,0.0,0.0010478417792398886,-5.5149567328415146e-05,5.514956732841536e-05,0.1111111111111111,0.9444444444444444,6.926847213101833e-20,0.00013787391832103797,0.00013787391832103795,0.5,0.5,0.13723056152971888,-3.2652532819241267,-1.4500553581752018,1.0879540206313298,-1.5821024384416869,-4.372755595008008,0.9438226494727706,-1.1560878254251743,1.7162491396108228,2.564330309221104,2.1011345819878384,-0.7778374014917819,2.623495766570943,-2.962235527574237,-4.652378752400861,-3.644895632508486,-3.2123061200254983,1.3466062788982596,-0.8308761687911062,0.14195931192968156,0.0005239208896199443,0.0004687713222915291,0.0004136217549631139,0.0003584721876346988,0.0003033226203062836,0.0002481730529778684,0.00019302348564945317,0.00013787391832103803,8.272435099262283e-05,2.7574783664207573e-05,-2.7574783664207573e-05,-8.272435099262283e-05,-0.00013787391832103797,-0.00019302348564945312,-0.00024817305297786826,-0.0003033226203062835,-0.00035847218763469866,-0.0004136217549631138,-0.0004687713222915292,-0.0005239208896199443,-3.987795317474781e-05,-0.14147526899323637,-0.14252311077247626,-10.184349949830406,132,0.01657722122838402,1.0
e1b0b588-915d-46ad-990e-ba5aa554053e,frontierscience,R1-Distill-32B-cloudjudge_reasoning-auto,physics,,deepseek-ai/DeepSeek-R1-Distill-Qwen-32B,0,is_correct,False,,,True,,,,45,0.09330369172504492,4.993860215733137,4.900556524008092,2.5541007092479897,10.070339508354198,-5.076479292621061,4.993860215733137,0.6449365411228405,-2.4611112963813686,1.1919121783996498,0.5469756372768093,33.70072895697797,0.14541396212123767,10,6,1.0,0.47368421052631576,10.070339508354198,0.0,4.5801511150085545,5.068417197279664,0.8888888888888888,0.3888888888888889,3.001866776999387,0.9340450564375832,1.212132567258173,0.55,0.45,3,2.333599423696519,-0.0025874452388023883,-2.3361868689353216,1.272897617892451,4.542062742511135,-2.208463318814616,2.333599423696519,0.8605642440688658,-1.7352503607818464,-0.6153307434543064,-1.4758949875231722,6.74793861608695,0.3462074867376385,1.0,1.0,0.0,0.5263157894736842,2.2058758735758137,2.3361868689353216,0.24509731928620182,0.4910117265425513,0.5555555555555556,0.16666666666666666,0.04089494699048649,0.33789399265285425,0.8286333565386894,0.25,0.75,0.09330369172504492,0.13258392213756265,-1.342743235964818,1.9546909514619542,0.5860910069754652,0.7034052207342478,2.387224230790427,2.6269511441197873,-2.4414660531598766,-5.076479292621061,-3.2810129213632493,-2.566244128730131,-2.754638050138815,-3.734889772776235,-0.780062199948043,0.4189673426478855,-2.265115690461233,2.3150354245473217,2.468787977878831,4.993860215733137,2.333599423696519,1.842587697153968,1.351575970611417,0.8605642440688659,0.3695525175263146,-0.12145920901623652,-0.6124709355587874,-1.1034826621013387,-1.59449438864389,-2.0855061151864414,-2.208463318814616,-1.9633659995284143,-1.7182686802422131,-1.473171360956012,-1.2280740416698102,-0.9829767223836083,-0.7378794030974072,-0.4927820838112058,-0.2476847645250042,-0.0025874452388023883,-0.1811848589615677,-2.8414456509981854,-5.177632519933507,-6.841692849608549,48,0.05353535353535353,0.6666666666666666
4adee97f-5a2a-42f4-9152-ca7bbd9b4148,frontierscience,R1-Distill-32B-cloudjudge_reasoning-auto,chemistry,,deepseek-ai/DeepSeek-R1-Distill-Qwen-32B,0,is_correct,False,,0.0,True,,,,198,2.694762760834503,2.380068464746812,-0.3146942960876906,1.5851905257334646,5.478539780734609,-2.4549312010640465,3.0236085796705625,1.2060022578204215,-0.7239956368800389,0.9639343881711181,-0.24206786964930338,38.12892850115809,0.008253426163762572,14,12,0.10526315789473684,0.5789473684210527,4.834999665810859,0.6435401149237503,3.6386832059761565,3.6374976146401465,0.6111111111111112,0.1111111111111111,3.6381588079988543,0.9444295629141788,0.4865469291337094,0.6,0.4,9,-0.22438623768836885,1.9654702624222673,2.1898565001106363,1.9494923908630264,7.419038404499714,-4.2784724959107425,3.1405659085889712,1.3042932094556103,-0.5582027245155539,-1.0009485159640346,-2.305241725419645,28.554598529821295,0.07669015194955855,6.0,5.0,0.10526315789473684,0.8947368421052632,6.243942758333009,1.175095646166704,3.1219713791665056,3.0393457580358594,0.9444444444444444,0.8333333333333334,1.2301175763297538,0.7640777447050521,0.803230629765243,0.55,0.45,2.694762760834503,0.7287644118885808,3.0236085796705625,-0.6138890349695838,1.4930412382595009,-0.3011292557179477,1.4168571047773355,-1.0873575959054584,-2.198526919882836,-0.7929070405421437,0.9334270136592866,-2.4549312010640465,1.18375200491211,-0.6514257193371846,1.1748722938327536,1.2553379801712274,-1.6307718152549882,0.12491575878373258,2.479183646747171,2.380068464746812,-0.22438623768836885,1.4580898354503011,3.1405659085889712,2.7315111931860643,1.0675380046582106,0.03916103584056191,0.917572726153531,1.7959844164665002,0.1003522098976759,-1.9630005533685484,-2.4828014046655182,-1.459050343993229,-0.4405048723185579,0.5416014763727998,1.5237078250641591,-0.5102749062898981,-3.5496206643257575,-4.2784724959107425,-1.156501116744237,1.9654702624222673,0.5784985456145509,-2.02595615682063,0.16390034329000613,-0.9721987350043477,207,0.01051120340460442,0.2222222222222222
5ef8b29d-7665-45e6-a26a-bd4a27f450ad,frontierscience,R1-Distill-32B-cloudjudge_reasoning-auto,chemistry,,deepseek-ai/DeepSeek-R1-Distill-Qwen-32B,1,is_correct,True,,,True,,,,199,-2.6528436835291043,5.0326229980231805,7.685466681552285,2.574885975938318,9.229985991567936,-4.197362993544756,5.0326229980231805,-0.5532797000282847,0.5204744255070924,0.5127259373835904,1.0660056374118752,55.97136083964679,0.137310699012134,13,9,1.0,0.10526315789473684,9.229985991567936,0.0,6.048891416956388,5.532258539179268,0.5,0.3888888888888889,5.463331795251476,1.1952417319188158,1.052905796786156,0.45,0.55,13,0.3180791004502115,-2.4618557146548357,-2.7799348151050474,1.6694766835154542,5.253701091727776,-2.4618557146548357,2.7918453770729403,-0.009910703581851405,-0.027899811465109288,-0.005715754960350668,0.004194948621500738,32.689050500078885,0.08504177308846395,8.0,9.0,0.3157894736842105,1.0,0.0,5.253701091727776,3.024314914099362,3.1464946153539635,0.7222222222222222,1.0,2.2519776368005417,0.7208087933837424,0.7357572001382838,0.6,0.4,-2.6528436835291043,-3.0625280648574216,-4.197362993544756,1.6971451427351933,0.8594657534858285,2.454229963542196,1.0289359819700703,4.519978858755613,-1.012279680423655,-2.8108078457350247,3.238083571221363,-1.498658329139059,2.3300988190654226,-1.1230944151950135,-1.8665232624991237,2.74427354957745,-1.3270301622170542,-1.1100863716767153,-0.3969011269061946,5.0326229980231805,0.3180791004502115,-1.4515103701716334,-2.454545932055327,-2.384406021705609,0.33509456330785614,2.7760683580286023,2.7918453770729403,0.7342747741667215,-1.851274525113481,1.1588224362205426,1.8875284323584758,0.3348434633003117,-1.2166652054801859,-1.2428280557081495,1.7814868583912125,0.3205031197679684,-1.6520581778764543,1.2929904839108772,0.6846389006991278,-2.4618557146548357,-0.21760979387864854,-4.932153691451617,-7.712088506556665,-5.443398550593457,212,0.010557839703568347,0.15384615384615385
b75893ef-5c56-4d43-9ae1-8c9caaf32ee2,frontierscience,R1-Distill-32B-cloudjudge_reasoning-auto,chemistry,,deepseek-ai/DeepSeek-R1-Distill-Qwen-32B,0,is_correct,False,,,True,,,,152,2.5340508764980805,-0.1092186347861293,-2.6432695112842097,1.994320088045367,6.868255185739527,-2.478490769886629,4.389764415852898,0.9678877988836102,0.7772597813069249,-0.11776166848103549,-1.0856494673646457,49.79660875222776,0.05308131572646415,12,11,0.05263157894736842,0.9473684210526315,2.3692721351004997,4.498983050639028,5.224584823013424,6.446530936014644,0.8333333333333334,0.05555555555555555,4.957614067418094,1.1755907824435723,0.6001176299211957,0.6,0.4,8,0.11239110180411638,-2.5185303981653653,-2.6309214999694817,2.460458634814064,8.260738665534664,-3.856819435736932,4.403919229797731,-0.4223770551850561,0.5736583583604103,0.1833125639806598,0.6056896191657158,37.25506143801266,0.07061916954148569,5.0,5.0,0.42105263157894735,0.6842105263157895,1.3382890375715668,6.922449627963097,3.5651056182108825,2.6873404673116372,0.3333333333333333,0.9444444444444444,1.4790871869090347,1.0787385790230306,0.9707963537174586,0.6,0.4,2.5340508764980805,4.389764415852898,-2.0567665201617453,2.579604980300749,-0.7295539625794794,1.9540848093927683,-1.8959700071179986,2.2443296081922357,2.712803467846406,-1.4252501617356699,0.12151980487162328,0.37587173754533443,0.6384787985603293,0.7730652138682153,-1.240199595980045,-2.066902946176218,3.1576818768372057,2.0305600591056026,-2.478490769886629,-0.1092186347861293,0.11239110180411638,0.939241683355943,1.7660922649077697,1.6072056084023032,-1.016024143246396,-3.6392538948950954,-2.7262920066240337,0.8388136115868488,4.403919229797731,3.365698802683472,1.560257368015023,-0.24523423330320215,-2.051026834520067,-3.856819435736932,-3.362746127858083,0.1978150588150509,3.7583762454881775,2.856150536457908,0.1688100691462706,-2.5185303981653653,-0.008810375646245252,0.21279936094400043,-2.4181221390254812,-0.4110180097060052,160,0.014029278494248867,0.25
c982b5bc-0fb8-4f12-94fa-f05715209ead,frontierscience,R1-Distill-32B-cloudjudge_reasoning-auto,chemistry,,deepseek-ai/DeepSeek-R1-Distill-Qwen-32B,0,is_correct,False,,,False,,,,621,2.640841319532802,-0.013477227149694756,-2.6543185466824966,1.7147776475560161,6.261779045530312,-3.2276119865043063,3.0341670590260055,0.15460352864835686,0.7424299306396958,-1.375116862450689,-1.529720391099046,44.02282108004949,0.060294149297156145,15,11,0.3684210526315789,0.9473684210526315,3.2141347593546117,3.0476442861757,4.45569937754902,5.2283322038510445,0.3333333333333333,0.0,4.218862144005109,0.6170566124098029,0.7156299603941914,0.4,0.6,0,,,,,,,,,,,,,,,,,,,,,,,,,,,,,2.640841319532802,-2.5874908843182425,0.412797174558982,-0.3569272926597562,2.43635292872824,-0.0418162267805127,-1.4215323185230142,3.0341670590260055,0.23481207345087246,0.8143544366761608,-1.6288521129657139,2.100086259091256,-0.02527919793245205,0.6677209971317405,-0.7988753291483759,-1.0249314344774678,-2.702586558296242,-0.4832186391280491,-3.2276119865043063,-0.013477227149694756,,,,,,,,,,,,,,,,,,,,,,,,,621,0.0032725572697522207,
fec1882e-053d-458a-a628-106fbb843235,frontierscience,R1-Distill-32B-cloudjudge_reasoning-auto,chemistry,,deepseek-ai/DeepSeek-R1-Distill-Qwen-32B,0,is_correct,False,,0.13,False,,,,290,0.01551604365338711,-2.512196210815071,-2.527712254468458,1.9005277284620807,7.108380858328411,-2.512196210815071,4.596184647513341,0.9601513021887794,0.4222341624902145,0.28640689089238003,-0.6737444112963994,40.22365376102671,0.06284143826132463,10,9,0.5263157894736842,1.0,0.0,7.108380858328411,6.334597004223719,4.0999955539968225,0.5,0.2777777777777778,3.5920201479219136,1.0412190541369317,0.47146207423156994,0.65,0.35,0,,,,,,,,,,,,,,,,,,,,,,,,,,,,,0.01551604365338711,-0.07507628145384881,-0.6619773325940921,1.6342605327754227,0.8696566769438219,4.519337514996794,0.4193419609999711,0.01398510547323116,-1.7129049627509025,-1.7384123567103775,4.596184647513341,2.4882267840876353,1.0958081238931676,-1.7872482040745927,0.2432879556594565,2.5441898500313114,-0.9414261362325144,1.0899950314165952,1.2945908552945027,-2.512196210815071,,,,,,,,,,,,,,,,,,,,,,,,,290,0.007135186731893569,
e2bef5ee-c2ee-4704-b52a-63bb2e7aea7a,frontierscience,R1-Distill-32B-cloudjudge_reasoning-auto,physics,,deepseek-ai/DeepSeek-R1-Distill-Qwen-32B,0,is_correct,False,,,False,,,,463,2.5306481482686527,2.5027909796945798,-0.027857168574072944,2.085709631345271,7.812566590658945,-4.0112888791748595,3.8012777114840857,1.1153961604287062,-1.0024905085953424,0.2439225791604691,-0.871473581268237,55.26446258472852,0.0005040701975770383,15,12,0.3157894736842105,0.3684210526315789,6.514079858869439,1.298486731789506,5.302800136396449,7.812566590658945,0.3888888888888889,0.3333333333333333,5.326147299767147,0.9382595524897035,0.8255658005998855,0.6,0.4,0,,,,,,,,,,,,,,,,,,,,,,,,,,,,,2.5306481482686527,0.5398111753078142,2.2560826979588855,-2.2491789567748426,1.8145542160047778,-0.8854218692484297,3.8012777114840857,-4.0112888791748595,1.2915112572215894,-1.688089644657568,-3.2741341923179315,0.3218149599254865,0.06902566286997353,0.2737272759659112,-1.1165803839781163,1.513760960113549,1.8501860049787644,-0.708031924319211,-2.5785901615267512,2.5027909796945798,,,,,,,,,,,,,,,,,,,,,,,,,463,0.004413153441231195,
