id,dataset,run_slug,subject,generator,model,target,target_label,is_correct,final_answer_correct,rubric_score,has_answer_chunks,error_step_index,error_step_position,exit_status,reasoning_n_chunks,reasoning_start,reasoning_end,reasoning_end_minus_start,reasoning_std,reasoning_range,reasoning_min,reasoning_max,reasoning_early_mean,reasoning_mid_mean,reasoning_late_mean,reasoning_late_minus_early,reasoning_total_variation,reasoning_monotonicity,reasoning_direction_changes,reasoning_zero_crossings,reasoning_peak_pos,reasoning_trough_pos,reasoning_rebound_from_trough,reasoning_fall_from_peak,reasoning_max_rise,reasoning_max_drop,reasoning_max_rise_pos,reasoning_max_drop_pos,reasoning_curvature_abs_mean,reasoning_positive_mass,reasoning_negative_mass,reasoning_time_positive,reasoning_time_negative,answer_n_chunks,answer_start,answer_end,answer_end_minus_start,answer_std,answer_range,answer_min,answer_max,answer_early_mean,answer_mid_mean,answer_late_mean,answer_late_minus_early,answer_total_variation,answer_monotonicity,answer_direction_changes,answer_zero_crossings,answer_peak_pos,answer_trough_pos,answer_rebound_from_trough,answer_fall_from_peak,answer_max_rise,answer_max_drop,answer_max_rise_pos,answer_max_drop_pos,answer_curvature_abs_mean,answer_positive_mass,answer_negative_mass,answer_time_positive,answer_time_negative,reasoning_traj_t00,reasoning_traj_t01,reasoning_traj_t02,reasoning_traj_t03,reasoning_traj_t04,reasoning_traj_t05,reasoning_traj_t06,reasoning_traj_t07,reasoning_traj_t08,reasoning_traj_t09,reasoning_traj_t10,reasoning_traj_t11,reasoning_traj_t12,reasoning_traj_t13,reasoning_traj_t14,reasoning_traj_t15,reasoning_traj_t16,reasoning_traj_t17,reasoning_traj_t18,reasoning_traj_t19,answer_traj_t00,answer_traj_t01,answer_traj_t02,answer_traj_t03,answer_traj_t04,answer_traj_t05,answer_traj_t06,answer_traj_t07,answer_traj_t08,answer_traj_t09,answer_traj_t10,answer_traj_t11,answer_traj_t12,answer_traj_t13,answer_traj_t14,answer_traj_t15,answer_traj_t16,answer_traj_t17,answer_traj_t18,answer_traj_t19,answer_minus_reasoning_mean,answer_start_minus_reasoning_end,answer_end_minus_reasoning_end,answer_range_minus_reasoning_range,total_n_chunks,reasoning_pair_density,answer_pair_density
eeb31abb-41cb-4fe6-9864-f98fdcef338d,frontierscience,deepseek/deepseek-v3.2_reasoning-auto_s2,biology,,deepseek/deepseek-v3.2,1,is_correct,True,,,True,,,,6,0.5849054284866314,-3.635641493859215,-4.2205469223458465,4.1493929205971805,15.097106119531638,-5.924633346261866,9.17247277326977,-0.32949446146720296,4.644610653289596,-4.338520314146409,-4.009025852679207,29.310533989726803,0.1439942009867554,3,3,0.5789473684210527,0.8421052631578947,2.2889918524026514,12.808114267128985,2.5277803855957774,4.399635816072985,0.5555555555555556,0.7777777777777778,0.8378434998785038,1.6609366059829553,1.4522020330890408,0.45,0.55,2,-1.7859268489912168,1.7859268489912168,3.5718536979824336,1.084016482920757,3.5718536979824336,-1.7859268489912168,1.7859268489912168,-1.2219499493097798,0.09399614994690607,1.315946099256686,2.537896048566466,3.5718536979824336,1.0,0.0,1.0,1.0,0.0,3.5718536979824336,0.0,0.1879922998938126,0.0,0.5555555555555556,0.6111111111111112,2.0970879354030734e-16,0.4699807497345307,0.4699807497345308,0.5,0.5,0.5849054284866314,0.12155211814530764,-0.3418011921960161,-0.8051545025373398,-1.083528908018055,-0.6219876940563346,-0.16044648009461415,0.30109473386710617,1.589131616482446,4.1169120020782195,6.644692387673993,9.17247277326977,7.543803437864305,3.144167621791329,-1.2554681942816543,-5.6551040103546395,-5.924633346261866,-5.16163606212765,-4.398638777993432,-3.635641493859215,-1.7859268489912168,-1.5979345490974044,-1.4099422492035922,-1.22194994930978,-1.0339576494159677,-0.8459653495221554,-0.6579730496283431,-0.46998074973453074,-0.2819884498407186,-0.0939961499469062,0.09399614994690597,0.2819884498407186,0.4699807497345305,0.6579730496283429,0.8459653495221553,1.0339576494159677,1.2219499493097796,1.409942249203592,1.5979345490974044,1.7859268489912168,2.2699488885505548,4.119663533418553,7.6915172314009865,-13.146762403094886,8,0.9333333333333333,1.0
90ddb7c3-4bf1-43b6-820a-c89f3858781a,frontierscience,deepseek/deepseek-v3.2_reasoning-auto_s2,biology,,deepseek/deepseek-v3.2,1,is_correct,True,,,True,,,,25,0.2428033771239015,6.8624645949090235,6.619661217785122,2.846716108440255,10.655678891278598,-3.793214296369573,6.8624645949090235,0.954838181785086,-0.39342756165886644,-0.21253109492069808,-1.167369276705784,58.358984461494785,0.11343002759331376,12,10,1.0,0.8421052631578947,10.655678891278598,0.0,9.182526899000496,5.194381754135699,1.0,0.3888888888888889,5.227861590589923,1.190982157315854,1.0582477687478864,0.5,0.5,2,-2.3630446788856396,2.3630446788856396,4.726089357771279,1.4343137196448625,4.726089357771279,-2.3630446788856396,2.3630446788856396,-1.6168200434480693,0.12437077257292824,1.7411908160209972,3.3580108594690667,4.726089357771279,1.0,0.0,1.0,1.0,0.0,4.726089357771279,0.0,0.24874154514585722,0.0,0.5555555555555556,0.6111111111111112,2.220446049250313e-16,0.621853862864642,0.6218538628646421,0.5,0.5,0.2428033771239015,0.5430015451459667,-3.1985321358726457,1.9064832167121397,5.291721025467939,3.0370132117931705,-1.13862296787487,2.7167044916425214,-2.4776772624931773,-0.6401329650176684,-0.6763093382009582,-3.7669150714362227,2.6169633190299018,-0.5266261051364611,0.162671998089297,0.43981636640321886,-3.793214296369573,-2.6268629284646803,-2.320062304091473,6.8624645949090235,-2.3630446788856396,-2.114303133739783,-1.865561588593926,-1.6168200434480693,-1.3680784983022125,-1.1193369531563557,-0.870595408010499,-0.6218538628646422,-0.3731123177187854,-0.12437077257292861,0.12437077257292817,0.3731123177187854,0.6218538628646417,0.8705954080104985,1.1193369531563553,1.3680784983022125,1.6168200434480688,1.8655615885939252,2.1143031337397824,2.3630446788856396,0.4094350400690338,-8.81607423372563,-4.08998487595435,-7.133155798317993,27,0.14666666666666667,1.0
8f121749-9809-45f1-bcb8-7118ccb5d4cc,frontierscience,deepseek/deepseek-v3.2_reasoning-auto_s2,chemistry,,deepseek/deepseek-v3.2,1,is_correct,True,,,True,,,,39,-2.514517695248871,-4.79900119183659,-2.2844834965877188,2.578365782861341,9.868857107555794,-5.107107023174075,4.761750084381719,0.385008388626018,1.358617545152432,-1.2616321171178926,-1.6466405057439106,63.07972786901193,0.0362158109072943,13,12,0.6842105263157895,0.7894736842105263,0.30810583133748537,9.560751276218308,7.621469680551126,5.030782363858734,0.6666666666666666,0.7777777777777778,5.233696753889616,1.0782727556921055,0.8464933140050157,0.5,0.5,2,1.111268572865031,-1.111268572865031,-2.222537145730062,0.6745144408450765,2.222537145730062,-1.111268572865031,1.111268572865031,0.760341655118179,-0.05848781962447528,-0.8188294747426542,-1.5791711298608333,2.222537145730062,1.0,0.0,1.0,0.0,1.0,0.0,2.222537145730062,-0.11697563924895049,0.11697563924895094,0.16666666666666666,0.5555555555555556,1.295260195396016e-16,0.29243909812237656,0.2924390981223765,0.5,0.5,-2.514517695248871,-0.011708217678416004,2.309087686966555,-0.1695679142012254,0.5214171084500718,0.25838771431882024,2.3019600377751908,2.3127381409606635,-0.7072362511546133,4.52412401022678,-0.41079070004932716,1.8894571278712091,-2.859719596169407,4.761750084381719,-0.07632465931534127,-5.107107023174075,0.11803664121468516,2.5684965616764104,-0.273893031272445,-4.79900119183659,1.111268572865031,0.9942929336160803,0.8773172943671297,0.760341655118179,0.6433660158692285,0.5263903766202779,0.40941473737132716,0.29243909812237656,0.17546345887342596,0.05848781962447536,-0.058487819624475135,-0.17546345887342607,-0.29243909812237656,-0.40941473737132705,-0.5263903766202778,-0.6433660158692285,-0.760341655118179,-0.8773172943671295,-0.9942929336160802,-1.111268572865031,1.2246987939309515,7.134968558632572,4.91243141290251,-9.67731730053568,41,0.07827260458839407,1.0
50f7d1e4-51bd-4013-a570-a02988ca3aa2,frontierscience,deepseek/deepseek-v3.2_reasoning-auto_s2,chemistry,,deepseek/deepseek-v3.2,1,is_correct,True,,,True,,,,27,-2.580343441884142,4.565247812549541,7.145591254433683,2.9599571825237923,9.327850902442604,-4.762603089893063,4.565247812549541,0.19006295773461052,0.4627949089657751,-0.7201758419690143,-0.9102387997036248,76.70275248344072,0.0931595154421132,14,15,1.0,0.8421052631578947,9.327850902442604,0.0,8.378863353042902,6.783738562651118,1.0,0.9444444444444444,7.520897886558419,1.3054961376723395,1.2930486369179088,0.55,0.45,6,5.281644865947261,0.05088852410922229,-5.230756341838038,2.3805370047570142,9.906318456133274,-4.624673590186014,5.281644865947261,0.7195249748520582,-2.5423809415938834,0.9104734687297729,0.19094849387771462,20.678587095731384,0.2529552100258246,4.0,2.0,0.0,0.5789473684210527,4.675562114295237,5.230756341838038,1.9384226481686149,1.9206254907523261,0.7777777777777778,0.1111111111111111,0.5364589282375722,0.781089169194572,1.145946716935279,0.4,0.6,-2.580343441884142,2.7391646227421833,2.3145521472418187,-3.7504955114540404,1.903630185549138,3.3618268821738067,-2.6578941802264904,0.6226739522468829,-2.7093225615251395,0.6791381874541056,-0.3608013745271621,4.405231907389705,-0.5970749585807784,1.1997192103028116,1.3486148236390387,-4.628822079773998,-4.762603089893063,2.9701230221577566,-3.8136155404933616,4.565247812549541,5.281644865947261,3.361019375194935,1.4403938844426092,-0.48023160630971695,-1.9342850932769082,-1.5220505651035605,-1.1098160369302126,-0.6975815087568651,-0.9413505328332266,-2.1691248852841554,-3.396899237735084,-4.624673590186014,-3.952729742265224,-2.014307094096614,-0.0758844459279997,1.8625382022406152,1.7872050039237881,1.2084328439856005,0.6296606840474115,0.05088852410922229,0.12566208596214135,0.8420591393598613,-4.388697202478177,0.6555029343381165,33,0.1282051282051282,0.3333333333333333
11c1fcc0-bcad-4507-951b-550e19f1e2aa,frontierscience,deepseek/deepseek-v3.2_reasoning-auto_s2,physics,,deepseek/deepseek-v3.2,1,is_correct,True,,,True,,,,50,0.17270430447619348,-2.1984746781497164,-2.37117898262591,1.8716285455408448,7.321580776169473,-4.203022747819917,3.118558028349556,-0.9436824811605943,-0.2736009605943722,-0.9178526385152921,0.025829842645302192,47.28271856178246,0.050148956209605085,12,11,0.15789473684210525,0.10526315789473684,2.0045480696702005,5.317032706499273,7.321580776169473,4.84838768796417,0.1111111111111111,0.16666666666666666,4.246927775943231,0.42600370711419533,1.1274087032830213,0.4,0.6,2,3.711715997897848,-3.711715997897848,-7.423431995795696,2.252926162073574,7.423431995795696,-3.711715997897848,3.711715997897848,2.5395951564564223,-0.19535347357357072,-2.734948630029993,-5.274543786486415,7.423431995795696,1.0,0.0,1.0,0.0,1.0,0.0,7.423431995795696,-0.39070694714714094,0.3907069471471427,0.6111111111111112,0.7777777777777778,5.427757009278544e-16,0.9767673678678548,0.9767673678678547,0.5,0.5,0.17270430447619348,-1.1550492517322628,-4.203022747819917,3.118558028349556,-1.7298296596146139,-4.000955363426886,1.19181732164377,0.027208093935483152,-1.4213966911051148,-0.3839883042296013,-2.775081356115336,-0.22849718001540031,2.7053043957975227,0.16124431757184166,-0.8847042881808005,0.059378631589686925,-1.3956802208594317,1.083859048919853,-2.1714943244113436,-2.1984746781497164,3.711715997897848,3.321009050750706,2.930302103603564,2.5395951564564223,2.1488882093092805,1.7581812621621384,1.3674743150149968,0.976767367867855,0.5860604207207132,0.1953534735735709,-0.1953534735735709,-0.5860604207207132,-0.9767673678678541,-1.367474315014996,-1.7581812621621378,-2.1488882093092805,-2.5395951564564214,-2.9303021036035632,-3.321009050750706,-3.711715997897848,1.2217358395632751,7.131926515610839,-0.2915054801848562,-2.6715531483455344,52,0.0563265306122449,1.0
b90fc8dc-2fca-4ff7-9c9f-a2e6a0ac7812,frontierscience,deepseek/deepseek-v3.2_reasoning-auto_s2,physics,,deepseek/deepseek-v3.2,1,is_correct,True,,,True,,,,35,2.671050960234214,-2.410081396663128,-5.081132356897342,2.3767480143634385,7.128009868735167,-4.218107100443097,2.9099027682920697,1.1994357659655834,-0.5496066716998126,-0.20026506300591773,-1.3997008289715012,56.6900278373184,0.0896300910537301,13,9,0.42105263157894735,0.47368421052631576,1.8080257037799692,5.319984164955198,6.968362079015417,7.128009868735167,0.5,0.4444444444444444,5.599283863894774,1.154027168910456,0.9866665048192115,0.55,0.45,4,3.9449035442881657,1.320020999556795,-2.6248825447313706,2.9663200225532873,9.680264575402015,-5.735361031113849,3.9449035442881657,2.48477130755984,-3.075733523235533,-1.6197215132226397,-4.10449282078248,16.73564660607266,0.15684380810114093,1.0,2.0,0.0,0.6842105263157895,7.0553820306706445,2.6248825447313706,1.175897005111775,1.1036413981774613,0.7222222222222222,0.5555555555555556,0.16091494754947758,0.9492092685220935,1.6419624979753782,0.5,0.5,2.671050960234214,2.8302249922857223,1.1256288117730966,2.684309390318671,0.5971292799843668,-4.114979247665353,2.602686174828365,-0.7819361968903111,2.9099027682920697,-4.218107100443097,2.7502549785723196,-2.180026323787522,-0.5342000035955126,-1.793134824046634,-2.216534078211142,-1.4843309250815326,0.9450249541956834,1.117964803205835,2.8463662645187777,-2.410081396663128,3.9449035442881657,3.4581927987120573,2.971482053135949,2.48477130755984,1.9980605619837317,1.5113498164076233,1.024639070831515,0.12664122352117146,-0.9770001746562893,-2.0806415728337497,-3.1842829710112106,-4.287924369188672,-5.3915657673661315,-5.735361031113849,-4.5594640260020745,-3.3835670208902995,-2.207670015778527,-1.0317730106667549,0.1441239944450201,1.320020999556795,1.3259083237126001,7.680893264663894,5.056010719932523,-1.6211972653839517,39,0.08571428571428572,0.5
cb11faa6-e12a-4621-9fa7-f6f4b11a9300,frontierscience,deepseek/deepseek-v3.2_reasoning-auto_s2,physics,,deepseek/deepseek-v3.2,1,is_correct,True,,,True,,,,17,3.047524102886536,0.5806345433131544,-2.4668895595733815,2.8313217165980253,13.323930398869496,-6.387761855117371,6.9361685437521245,-1.1467549820121625,-0.39329266202876845,1.7322584429030012,2.879013424915164,50.20690465189079,0.049134468190730786,8,8,0.9473684210526315,0.2631578947368421,6.968396398430525,6.35553400043897,6.066252846532384,6.35553400043897,0.9444444444444444,1.0,3.850839818029799,0.9748689731182948,0.9942081156617203,0.65,0.35,3,4.365732018145643,-3.623974702046823,-7.989706720192466,2.4480079180317555,7.989706720192466,-3.623974702046823,4.365732018145643,2.7528406494368656,-0.7428706557000818,-2.865496442586822,-5.618337092023688,7.989706720192466,1.0,0.0,1.0,0.0,1.0,0.0,7.989706720192466,-0.3033913037839999,0.5376304562362595,0.6111111111111112,0.1111111111111111,0.013013286247347988,0.9968445869402729,1.1530040219084452,0.45,0.55,3.047524102886536,1.9461161296007397,-0.479603031471755,0.038392828001616586,-1.5943714343733468,-6.387761855117371,-4.597581613611558,0.9394934098714165,-2.6772767171861513,-1.7560024663393152,0.06970505142478661,0.1288878259951972,0.17749287321499535,0.36465138881769144,4.0197459656233585,0.3786511026445396,-2.39156519513491,0.8699156972197399,6.9361685437521245,0.5806345433131544,4.365732018145643,3.8281015619093837,3.2904711056731246,2.752840649436865,2.215210193200606,1.6775797369643466,1.1399492807280875,0.6023188244918285,0.06468836825556945,-0.47294208798069004,-0.8934529679908197,-1.1968442717748204,-1.5002355755588204,-1.8036268793428205,-2.1070181831268213,-2.4104094869108215,-2.7138007906948216,-3.0171920944788218,-3.3205833982628223,-3.623974702046823,0.9786406407293723,4.7637381155618606,-3.225968604630605,-6.910983117769497,20,0.2647058823529412,0.6666666666666666
19962a30-eaf9-4b7e-86c7-17c02cdb01bd,frontierscience,deepseek/deepseek-v3.2_reasoning-auto_s2,physics,,deepseek/deepseek-v3.2,1,is_correct,True,,,True,,,,47,-0.10125813478960703,-2.3779102367130105,-2.2766521019234034,2.3862116119412695,8.04822693296843,-4.203522115976629,3.8447048169918,1.3196142033879223,1.5739147510682945,-1.4889861855195419,-2.808600388907464,45.777976368101555,0.04973247580052036,9,10,0.10526315789473684,0.7894736842105263,1.8256118792636182,6.222615053704811,5.946982116701456,5.442703582043357,0.8888888888888888,0.6111111111111112,3.8093735386245666,1.3302283866056004,0.7641891082017872,0.6,0.4,3,4.092277789624755,-0.9403284473872778,-5.032606237012033,2.091921332404181,7.1278260321332745,-3.0355482425085194,4.092277789624755,1.8046271164051029,-2.395678827167076,-1.5223339460320675,-3.3269610624371704,9.223045827254516,0.5456555601339911,1.0,1.0,0.0,0.5263157894736842,2.0952197951212415,5.032606237012033,0.23280219945791603,0.7625502244065512,1.0,0.2777777777777778,0.05529735688135956,0.6557706685825135,1.3193389511588243,0.3,0.7,-0.10125813478960703,2.8306700121404815,3.8447048169918,-0.9160582251432547,2.618609102321446,0.5389568119581265,0.42167504023646263,-0.05967705893142122,1.567508391706299,2.89019845931093,3.7718555179396405,3.275754432748993,-2.166949149294364,1.738712663997986,-1.8407404741889288,-4.203522115976629,-3.6176667689985282,2.329315347702927,0.7766071350569166,-2.3779102367130105,4.092277789624755,3.3297275652182043,2.5671773408116536,1.8046271164051029,1.0420768919985526,0.27952666759200184,-0.48302355681454934,-1.2455737812210996,-2.00812400562765,-2.770674230034201,-3.0355482425085194,-2.8027460430506035,-2.569943843592688,-2.3371416441347725,-2.1043394446768566,-1.8715372452189407,-1.6387350457610252,-1.4059328463031098,-1.1731306468451939,-0.9403284473872778,0.8379207174219099,7.308108743759675,2.2755025067476424,-5.002645773396424,50,0.06105457909343201,0.6666666666666666
85b4f862-d881-4a79-8c5d-3e927b486b71,frontierscience,deepseek/deepseek-v3.2_reasoning-auto_s2,chemistry,,deepseek/deepseek-v3.2,0,is_correct,False,,,True,,,,59,-2.6507577550784123,0.21899537061978397,2.869753125698196,2.4474194190557594,9.25780415894771,-5.402428630620089,3.8553755283276203,0.028247799688041347,-0.5035826272808712,-1.982889564843405,-2.0111373645314465,50.299079340518254,0.05705379031433834,11,9,0.631578947368421,0.7368421052631579,5.621424001239873,3.6363801577078365,5.747746908359545,6.25735079136183,0.05555555555555555,0.6666666666666666,4.565113887390875,0.7178051820351364,1.4790392411456483,0.35,0.65,2,3.78159898918506,-3.78159898918506,-7.56319797837012,2.29534352898529,7.56319797837012,-3.78159898918506,3.78159898918506,2.587409834705568,-0.19903152574658195,-2.7864413604521494,-5.373851195157718,7.56319797837012,1.0,0.0,1.0,0.0,1.0,0.0,7.56319797837012,-0.3980630514931631,0.3980630514931649,0.6111111111111112,0.5555555555555556,4.934324553889585e-16,0.9951576287329106,0.9951576287329104,0.5,0.5,-2.6507577550784123,-2.101791638828113,3.6459552695314317,2.173539337962128,-1.4600778691144691,1.7130695662573556,-1.1222023129136314,-1.6731694417434002,-1.446250961877992,0.1416238222439117,-0.1907046281102991,-1.8099774467717307,3.8553755283276203,-2.4019752630342093,-5.402428630620089,-2.561607897784009,-4.186044055443316,-2.5737969215933,2.6075447457604977,0.21899537061978397,3.78159898918506,3.383535937691896,2.9854728861987314,2.5874098347055674,2.189346783212403,1.791283731719239,1.393220680226075,0.9951576287329105,0.5970945772397465,0.19903152574658245,-0.199031525746582,-0.5970945772397469,-0.99515762873291,-1.393220680226074,-1.791283731719239,-2.189346783212403,-2.587409834705567,-2.985472886198731,-3.383535937691895,-3.78159898918506,1.251615590724534,4.81421920928981,-2.74897876908031,-6.069103359556202,61,0.04558737580362361,1.0
94c55a69-1e8d-4934-ae59-2cf0401e1b01,frontierscience,deepseek/deepseek-v3.2_reasoning-auto_s2,physics,,deepseek/deepseek-v3.2,1,is_correct,True,,,True,,,,41,-2.4438564505003804,0.3542671403652273,2.7981235908656075,2.0034187115314688,8.632464008875878,-4.440291893366206,4.192172115509673,-0.32934899013318386,-0.17133490747392838,-0.14896701168678897,0.1803819784463949,49.410259506037654,0.05663041681705178,13,11,0.9473684210526315,0.47368421052631576,4.794559033731433,3.837904975144446,6.578072159323396,6.115157802562485,0.5,0.4444444444444444,4.5654142734873036,0.7203569571532229,0.9402864248217491,0.45,0.55,3,3.9080256689426065,1.6963069378795197,-2.211718731063087,2.628805594485097,9.128114089201489,-5.220088420258882,3.9080256689426065,0.9041230555432173,-4.082366763234841,-0.2249139949367036,-1.129037050479921,16.04450944733989,0.13784894691372318,1.0,2.0,0.0,0.5263157894736842,6.916395358138402,2.211718731063087,0.7684883731264902,1.0013008711331297,0.5555555555555556,0.0,0.09832162468109039,0.6203876571615368,1.800247153334616,0.35,0.65,-2.4438564505003804,1.056528335929134,-0.34328295444759954,-1.8798352937079643,1.4223308039039835,1.4271482060826686,-1.544475578192129,-0.04443364563533134,1.6748659091962788,-4.440291893366206,2.13778026595719,0.9230124307505561,-0.4586648578369467,-0.9916125613830389,1.2190339353697495,-3.013596350431456,-1.7813421290540836,-1.8643367818798438,4.192172115509673,0.3542671403652273,3.9080256689426065,2.906724797809477,1.905423926676347,0.9041230555432174,-0.09717781558991234,-1.098478686723042,-2.0997795578561718,-3.1010804289893015,-4.102381300122431,-5.10368217125556,-5.220088420258882,-4.451600047132392,-3.683111674005904,-2.914623300879416,-2.146134927752926,-1.3776465546264367,-0.6091581814999483,0.15933019162654016,0.9278185647530295,1.6963069378795197,0.9174890958793862,4.471247624456765,2.2595288933936786,-0.7703383386162983,44,0.07195121951219512,0.6666666666666666
70929247-a356-4a12-8534-49fd885f0c3e,frontierscience,deepseek/deepseek-v3.2_reasoning-auto_s2,physics,,deepseek/deepseek-v3.2,1,is_correct,True,,,True,,,,48,-2.4520662850872683,-4.603119851775594,-2.1510535666883253,2.525963821967367,9.073732129972576,-4.603119851775594,4.470612278196983,0.6691623434568451,0.4481383961640582,-0.807915834793303,-1.477078178250148,49.16327128178823,0.04375326357676996,9,10,0.10526315789473684,1.0,0.0,9.073732129972576,4.315368506240771,6.718015639076453,0.16666666666666666,0.1111111111111111,3.9291973951028276,1.1502742231806775,1.0015937147513525,0.5,0.5,2,3.657028015265727,-3.657028015265727,-7.314056030531454,2.219731815606142,7.314056030531454,-3.657028015265727,3.657028015265727,2.5021770630765503,-0.19247515869819587,-2.694652221774746,-5.1968292848512965,7.314056030531454,1.0,0.0,1.0,0.0,1.0,0.0,7.314056030531454,-0.38495031739639174,0.3849503173963935,0.6111111111111112,0.7222222222222222,4.194175870806147e-16,0.9623757934909808,0.9623757934909806,0.5,0.5,-2.4520662850872683,1.4049263533495173,4.470612278196983,-2.24740336087947,2.0679651453613013,1.557211337704816,-0.11710906444796326,2.6542753236933034,4.193071675726232,-1.033768204078953,-3.1594554499569028,0.6548989468393487,0.21582039423207708,-0.38787391330669835,2.031050270762195,3.755652737747779,-1.5379556036033832,-1.990368114020521,-2.5027544478702946,-4.603119851775594,3.657028015265727,3.2720776978693347,2.8871273804729425,2.50217706307655,2.1172267456801577,1.7322764282837655,1.3473261108873733,0.9623757934909807,0.5774254760945885,0.1924751586981963,-0.19247515869819587,-0.5774254760945885,-0.9623757934909802,-1.347326110887372,-1.7322764282837655,-2.117226745680158,-2.50217706307655,-2.8871273804729416,-3.2720776978693342,-3.657028015265727,1.2042372004431718,9.464385067484493,2.150329036953039,-2.998826054853737,50,0.05939716312056738,1.0
fcbd76ad-1b45-4f40-ad9d-d2bc5016f02c,frontierscience,deepseek/deepseek-v3.2_reasoning-auto_s2,biology,,deepseek/deepseek-v3.2,0,is_correct,False,,,True,,,,14,0.42892193991318706,0.21455985728716953,-0.21436208262601752,2.2065040503762394,8.022345733586368,-3.913132558252634,4.109213175333735,-0.5317046720507254,0.5713182935395545,0.1726448754569371,0.7043495475076624,46.03432231203148,0.004656570833671035,9,8,0.47368421052631576,0.9473684210526315,4.127692415539803,3.894653318046565,4.127692415539803,6.178215691864825,1.0,0.8888888888888888,3.5580903312644687,0.9244077326187036,0.8587495024605319,0.6,0.4,2,-1.5028840049813645,1.5028840049813645,3.005768009962729,0.9122159926303749,3.005768009962729,-1.5028840049813645,1.5028840049813645,-1.028289056039881,0.07909915815691385,1.1073882141967948,2.135677270236676,3.005768009962729,1.0,0.0,1.0,1.0,0.0,3.005768009962729,0.0,0.15819831631382808,0.0,0.5555555555555556,0.6111111111111112,1.603655480014115e-16,0.39549579078456953,0.39549579078456965,0.5,0.5,0.42892193991318706,0.2887596810170906,-1.3565563350684475,-3.895511827845952,-1.6765595384070484,0.6073981452222147,1.881615230813879,-2.6211970153306385,0.393938631940709,4.109213175333735,-0.979416543706054,-0.6400743962894684,1.1588425250349017,2.577921677793698,1.3682616292154561,1.373048301247601,4.085673857554427,-2.0925418343103974,-3.913132558252634,0.21455985728716953,-1.5028840049813645,-1.3446856886675367,-1.1864873723537088,-1.028289056039881,-0.8700907397260532,-0.7118924234122254,-0.5536941070983975,-0.39549579078456976,-0.2372974744707419,-0.07909915815691404,0.07909915815691382,0.2372974744707419,0.39549579078456953,0.5536941070983974,0.711892423412225,0.8700907397260531,1.0282890560398807,1.1864873723537084,1.3446856886675365,1.5028840049813645,4.224585511192319,2.5071416489237848,5.512909658886514,-8.0959656967281,16,0.32967032967032966,1.0
cc251e69-6a32-4ed7-9315-beee80404866,frontierscience,deepseek/deepseek-v3.2_reasoning-auto_s2,chemistry,,deepseek/deepseek-v3.2,1,is_correct,True,,,True,,,,162,-2.541945215303572,2.304630270646348,4.84657548594992,2.0321406843521976,7.42369791651732,-4.891035914738587,2.532662001778733,-1.2917842768262147,-0.8605573447129082,-0.3281461987166614,0.9636380781095533,52.20419501204782,0.09283881275884849,14,11,0.21052631578947367,0.10526315789473684,7.195666185384935,0.22803173113238495,4.032019391484609,5.080603976298181,0.4444444444444444,0.2222222222222222,4.883873030998834,0.5063632843109944,1.358126711464686,0.35,0.65,2,0.048539188390069654,-0.048539188390069654,-0.09707837678013931,0.02946216991594717,0.09707837678013931,-0.048539188390069654,0.048539188390069654,0.03321102363531082,-0.002554694125793136,-0.03576571776110395,-0.06897674139641477,0.09707837678013931,1.0,0.0,1.0,0.0,1.0,0.0,0.09707837678013931,-0.005109388251586272,0.005109388251586286,0.6111111111111112,0.5555555555555556,3.469446951953614e-18,0.0127734706289657,0.012773470628965698,0.5,0.5,-2.541945215303572,0.04206890636925342,-4.891035914738587,-1.488451549545446,2.532662001778733,-2.547941974519448,-0.14784619182443642,-0.7049286939977277,-3.956415288071315,0.07560410341329443,-1.9538709297605832,1.3668554927504335,1.6271784541789218,-2.4783245515033814,-1.892440146157563,-1.9815364051073434,-1.1236062542571332,2.178266457082905,-1.4541911145071822,2.304630270646348,0.048539188390069654,0.043429800138483375,0.038320411886897096,0.03321102363531082,0.028101635383724538,0.02299224713213826,0.01788285888055198,0.012773470628965701,0.007664082377379422,0.002554694125793143,-0.002554694125793136,-0.007664082377379422,-0.012773470628965694,-0.017882858880551966,-0.022992247132138252,-0.028101635383724538,-0.03321102363531081,-0.03832041188689708,-0.04342980013848337,-0.048539188390069654,0.047926891502217045,-2.2081641907540615,-2.3052425675342008,-10.074409747371735,164,0.013879303734376198,1.0
ee749fc0-8faa-45f7-881b-b5703b1a4b01,frontierscience,deepseek/deepseek-v3.2_reasoning-auto_s2,chemistry,,deepseek/deepseek-v3.2,1,is_correct,True,,,True,,,,38,-2.4873949036473504,-2.5381475559098035,-0.05075265226245307,2.8609715892363803,10.364610877534496,-6.115570450152589,4.249040427381908,-0.45552170960050653,-0.24410293661189192,2.103836690381679,2.5593583999821856,53.08107663469404,0.0009561345677242894,12,4,0.9473684210526315,0.631578947368421,3.5774228942427855,6.787187983291711,7.743837446405733,6.787187983291711,0.16666666666666666,1.0,4.847288945658306,1.3832687090933597,0.9969863281531952,0.65,0.35,2,3.7015973551296426,-3.7015973551296426,-7.403194710259285,2.2467843788579196,7.403194710259285,-3.7015973551296426,3.7015973551296426,2.532671874562387,-0.1948209134278756,-2.7274927879902626,-5.26016466255265,7.403194710259285,1.0,0.0,1.0,0.0,1.0,0.0,7.403194710259285,-0.3896418268557511,0.3896418268557529,0.6666666666666666,0.7777777777777778,5.921189464667501e-16,0.9741045671393798,0.9741045671393795,0.5,0.5,-2.4873949036473504,-3.9789352950149732,-0.08013595970488582,-3.829054560165211,3.914782886240522,2.329573812931476,0.9425120521568757,3.1326629334145775,0.40875634696960406,0.1399561113723351,0.2486546376986195,-0.910487838469094,-6.115570450152589,1.3873077028833034,2.65364936664191,3.3689725226530025,1.1599075982715061,3.7295977832515543,4.249040427381908,-2.5381475559098035,3.7015973551296426,3.3119555282738906,2.922313701418139,2.532671874562387,2.1430300477066355,1.7533882208508835,1.3637463939951315,0.97410456713938,0.584462740283628,0.194820913427876,-0.19482091342787555,-0.5844627402836275,-0.9741045671393795,-1.3637463939951306,-1.7533882208508826,-2.1430300477066355,-2.5326718745623866,-2.9223137014181377,-3.3119555282738906,-3.7015973551296426,1.2242185689792593,7.463963480018705,0.06076876975942014,-5.766282034558575,40,0.08108108108108109,1.0
8b695bb3-ea3c-4372-9222-9f0b79a68b6c,frontierscience,deepseek/deepseek-v3.2_reasoning-auto_s2,biology,,deepseek/deepseek-v3.2,0,is_correct,False,,,True,,,,71,-2.7736399075120732,-4.898719684399744,-2.1250797768876706,2.005144239603864,8.430330588018723,-4.898719684399744,3.53161090361898,-0.37511504319466465,0.749922330411004,-1.1084490162308247,-0.7333339730361601,48.87946551879439,0.04347592090733003,15,12,0.5263157894736842,1.0,0.0,8.430330588018723,5.089118093926272,6.741958068826552,0.5,1.0,4.350472752997877,0.7176727030265309,0.9190248573700593,0.45,0.55,2,3.6459709221005454,-3.6459709221005454,-7.291941844201091,2.213020414603902,7.291941844201091,-3.6459709221005454,3.6459709221005454,2.494611683542478,-0.19189320642634428,-2.686504889968823,-5.181116573511301,7.291941844201091,1.0,0.0,1.0,0.0,1.0,0.0,7.291941844201091,-0.3837864128526878,0.38378641285268955,0.8888888888888888,0.7222222222222222,3.9474596431116675e-16,0.9594660321317224,0.9594660321317224,0.5,0.5,-2.7736399075120732,1.7570046094070242,-0.3190373120636303,0.27803615117038594,-0.9254625695220196,1.6149856180773141,-2.2576918919196536,-0.5870480288521598,-0.16091052530192362,-1.557507190307292,3.53161090361898,1.3133287871409252,2.5075437313953555,0.20243863518314212,-1.9794427006390944,1.3052672401106817,-2.2009639732258934,-0.7200733636577064,1.8432383844268085,-4.898719684399744,3.6459709221005454,3.2621845092478563,2.878398096395167,2.4946116835424785,2.1108252706897894,1.7270388578371005,1.3432524449844117,0.9594660321317225,0.5756796192790334,0.19189320642634478,-0.19189320642634433,-0.5756796192790334,-0.9594660321317221,-1.3432524449844108,-1.7270388578371003,-2.11082527068979,-2.4946116835424785,-2.8783980963951663,-3.262184509247856,-3.6459709221005454,1.1424666669989316,9.68715727349922,2.39521542929813,-2.94127606842779,73,0.03621730382293763,1.0
af36a1cb-5949-4385-93a0-1f875500c34a,frontierscience,deepseek/deepseek-v3.2_reasoning-auto_s2,biology,,deepseek/deepseek-v3.2,0,is_correct,False,,,True,,,,77,-2.542548229543623,-0.1481165781636375,2.3944316513799855,2.292948219297773,7.52339296389993,-4.980744523536174,2.5426484403637564,-0.7119485348007678,-0.0006126321225578783,0.6518154340702186,1.3637639688709864,61.32450837116429,0.039045264527646555,15,10,0.15789473684210525,0.10526315789473684,4.832627945372536,2.6907650185273937,7.52339296389993,7.084272029365067,0.1111111111111111,0.3333333333333333,6.178590214783963,0.8437965108993408,0.8976482891014393,0.5,0.5,2,-0.005622501189986195,0.005622501189986195,0.01124500237997239,0.0034127287848487804,0.01124500237997239,-0.005622501189986195,0.005622501189986195,-0.0038469744984116075,0.0002959211152624309,0.004142895613674038,0.007989870112085646,0.01124500237997239,1.0,0.0,1.0,1.0,0.0,0.01124500237997239,0.0,0.0005918422305248635,0.0,0.5555555555555556,0.6111111111111112,4.336808689942018e-19,0.0014796055763121566,0.0014796055763121568,0.5,0.5,-2.542548229543623,-0.02283500296273616,-4.980744523536174,2.5426484403637564,-2.4847822231047583,0.08421006707649809,2.4204117281016626,-4.663860301263405,2.309285289012181,-0.1379837592200414,2.4199840698974175,0.22299037909185798,2.5420249657342073,-2.696729068110123,0.2383821116884451,1.745019418259638,2.350973748761153,-0.14434257140126022,-0.13102352472302642,-0.1481165781636375,-0.005622501189986195,-0.005030658959461333,-0.00443881672893647,-0.0038469744984116075,-0.003255132267886745,-0.0026632900373618823,-0.0020714478068370196,-0.001479605576312157,-0.0008877633457872944,-0.00029592111526243175,0.0002959211152624309,0.0008877633457872944,0.0014796055763121561,0.002071447806837018,0.0026632900373618814,0.003255132267886745,0.0038469744984116067,0.004438816728936468,0.005030658959461332,0.005622501189986195,-0.03162202539181508,0.11087205158183622,0.12211705396180861,-10.129463631753708,79,0.032809295967190705,1.0
57390923-7cfd-4adf-8d0b-33c5791f6e51,frontierscience,deepseek/deepseek-v3.2_reasoning-auto_s2,chemistry,,deepseek/deepseek-v3.2,1,is_correct,True,,,True,,,,145,2.7388260401595277,2.267550788592186,-0.4712752515673415,2.0864621535611425,8.193283268548694,-4.338062811280707,3.855220457267987,0.9441236063620512,-1.2393916718913875,0.683433698003351,-0.2606899083587002,39.03082726837564,0.012074436658153742,9,8,0.2631578947368421,0.3684210526315789,6.6056135998728935,1.587669668675801,4.359288390612855,6.0938684148113005,0.9444444444444444,0.2777777777777778,3.3577350022294143,0.9387023247004457,0.8370160382347083,0.6,0.4,2,1.3803258862295706,-1.3803258862295706,-2.7606517724591413,0.8378260359993138,2.7606517724591413,-1.3803258862295706,1.3803258862295706,0.9444335011044432,-0.07264873085418785,-1.017082231958631,-1.9615157330630741,2.7606517724591413,1.0,0.0,1.0,0.0,1.0,0.0,2.7606517724591413,-0.14529746170837554,0.1452974617083762,0.6666666666666666,0.7222222222222222,1.603655480014115e-16,0.3632436542709397,0.3632436542709396,0.5,0.5,2.7388260401595277,0.3413655545354013,-1.2974829751095103,1.5121985259680462,1.6973855992562186,3.855220457267987,-2.2386479575433134,-4.338062811280707,-1.7548367863984677,-2.701073729531662,0.441393636336358,-1.498923839355135,-0.155560103341831,1.3313219303317307,1.879171995195535,0.7071876275667501,0.3988685103198555,-2.7557325621335385,1.6035558284793172,2.267550788592186,1.3803258862295706,1.2350284245211949,1.089730962812819,0.9444335011044431,0.7991360393960673,0.6538385776876914,0.5085411159793155,0.36324365427093963,0.21794619256256387,0.0726487308541881,-0.07264873085418788,-0.21794619256256387,-0.36324365427093963,-0.5085411159793152,-0.6538385776876914,-0.7991360393960671,-0.9444335011044429,-1.0897309628128187,-1.2350284245211944,-1.3803258862295706,-1.4487328916741145,-2.33595779403673,-5.0966095664958715,-9.682083942529548,147,0.015708812260536397,1.0
bdb3fc5f-9374-4e37-9af9-6036e3e29093,frontierscience,deepseek/deepseek-v3.2_reasoning-auto_s2,physics,,deepseek/deepseek-v3.2,0,is_correct,False,,,False,,,,55,2.5102836359375593,-0.03398061498885467,-2.544264250926414,2.478646450661357,8.632540330204284,-4.977239928666216,3.655300401538068,1.2488073909300517,0.09130390237187262,-1.1194505912738573,-2.368257982203909,51.11327325915572,0.04977697745997259,13,9,0.5789473684210527,0.6842105263157895,4.943259313677361,3.6892810165269228,5.61441672369628,7.3915444062266396,0.7222222222222222,0.6111111111111112,4.91789568567795,1.0341415006582513,0.900937725384735,0.65,0.35,0,,,,,,,,,,,,,,,,,,,,,,,,,,,,,2.5102836359375593,0.6643134305297929,1.7931148782714832,2.264265124265431,-0.05295674505888234,0.9686261579646027,0.5940052546003746,-0.7870571692664212,3.248169801458428,1.0062416101757201,2.229956606052101,3.655300401538068,-3.7362440046885714,-4.977239928666216,0.6371767950300642,-4.804940929218532,0.1444043258062493,0.966971991535154,-3.626335115807224,-0.03398061498885467,,,,,,,,,,,,,,,,,,,,,,,,,55,0.04983164983164983,
f44b0903-1c29-44a5-9f9b-b6ccdd164e1c,frontierscience,deepseek/deepseek-v3.2_reasoning-auto_s2,chemistry,,deepseek/deepseek-v3.2,0,is_correct,False,,,False,,,,47,0.07934481088314967,0.09595988934132989,0.01661507845818022,2.6689848831445318,8.557239773313196,-4.554179440484489,4.0030603328287055,-0.5185061181941119,0.40799655159834913,-0.583652268135862,-0.06514614994175016,61.85927512144924,0.0002685947810665351,11,10,0.47368421052631576,0.10526315789473684,4.650139329825819,3.9071004434873755,6.047741394734061,7.444760144624241,0.7777777777777778,0.5,5.70187965332309,1.0708896687996021,1.2846636975488777,0.55,0.45,0,,,,,,,,,,,,,,,,,,,,,,,,,,,,,0.07934481088314967,-1.8516685947762004,-4.554179440484489,-1.45247339834183,0.6731553860338908,2.4345027028135044,1.0417757065131923,2.025133874306033,-1.949873955963244,4.0030603328287055,-3.4416998117955355,-3.3670446107757726,2.6687286153639334,2.917671417224324,-4.295813802178177,1.7519275925558842,3.726533048128094,-2.5352925314034653,-2.2452278052588377,0.09595988934132989,,,,,,,,,,,,,,,,,,,,,,,,,47,0.06105457909343201,
f7b49518-6e84-44e3-9480-4cf91d149702,frontierscience,deepseek/deepseek-v3.2_reasoning-auto_s2,biology,,deepseek/deepseek-v3.2,0,is_correct,False,,,True,,,,95,2.6488570455203626,-2.3508815345156004,-4.999738580035963,2.351963744840346,8.353053366407792,-4.17494555787559,4.178107808532202,0.4298177427986394,0.45350394118697446,-0.7948093751550857,-1.224627117953725,44.086413348079915,0.11340769639301392,14,7,0.10526315789473684,0.3157894736842105,1.8240640233599899,6.528989343047803,4.1909486652941474,5.542681653427049,0.3888888888888889,0.7222222222222222,3.9640185354885316,1.0990245864807215,1.0283048096322824,0.55,0.45,2,-0.049741677041147625,0.049741677041147625,0.09948335408229525,0.030192052844259697,0.09948335408229525,-0.049741677041147625,0.049741677041147625,-0.03403377902815364,0.002617983002165661,0.0366517620303193,0.07068554105847294,0.09948335408229525,1.0,0.0,1.0,1.0,0.0,0.09948335408229525,0.0,0.0052359660043313355,0.0,0.5555555555555556,0.6111111111111112,3.469446951953614e-18,0.013089915010828321,0.013089915010828323,0.5,0.5,2.6488570455203626,2.3636062038399417,4.178107808532202,2.060772966068129,-2.097348194346134,-1.970326072148434,-4.17494555787559,-1.9807459242760563,2.2102027410180916,-0.3192075213625507,-1.938935273493366,1.5392476863549014,1.0487288764323188,2.6152370036354826,-2.927444649791567,-2.806261464836347,1.2006606549332077,0.03560088840883177,2.0794698548709616,-2.3508815345156004,-0.049741677041147625,-0.044505711036816296,-0.03926974503248497,-0.03403377902815364,-0.02879781302382231,-0.023561847019490982,-0.018325881015159654,-0.013089915010828325,-0.007853949006496996,-0.0026179830021656678,0.002617983002165661,0.007853949006496996,0.013089915010828318,0.01832588101515964,0.023561847019490975,0.02879781302382231,0.03403377902815363,0.039269745032484954,0.04450571103681629,0.049741677041147625,-0.06912723891802464,2.2320126185564284,2.3314959726387237,-10.220112714959381,97,0.02553191489361702,1.0
3d762ba1-3958-453b-b34e-fe24c2822994,frontierscience,deepseek/deepseek-v3.2_reasoning-auto_s2,chemistry,,deepseek/deepseek-v3.2,0,is_correct,False,,,True,,,,72,2.6833905669217457,-4.756798192382596,-7.440188759304341,2.080486742364522,9.085188068809654,-4.756798192382596,4.328389876427057,0.20950899966111966,-0.19717456588212243,0.3218587072421668,0.11234970758104715,45.828058549360286,0.16235007536465232,12,9,0.7894736842105263,1.0,0.0,9.085188068809654,4.267109043378302,5.960616118767733,0.7777777777777778,0.0,3.7887748048597567,0.8607912580247394,0.7599165940294401,0.6,0.4,2,3.6527845447195038,-3.6527845447195038,-7.3055690894390075,2.2171561266749333,7.3055690894390075,-3.6527845447195038,3.6527845447195038,2.4992736358607135,-0.19225181814313164,-2.6915254540038447,-5.190799089864559,7.3055690894390075,1.0,0.0,1.0,0.0,1.0,0.0,7.3055690894390075,-0.3845036362862624,0.38450363628626416,0.6666666666666666,0.5555555555555556,5.181040781584064e-16,0.9612590907156591,0.9612590907156587,0.5,0.5,2.6833905669217457,-3.277225551845987,-1.2721809115685034,1.2679925060159536,0.37520614131402485,0.9653476495457396,0.7240325972448645,-2.575802890221218,0.2988387146647624,1.6059916057551606,-0.9787597139211495,2.5866642714257626,-1.1891014255734973,-1.1280525233046779,0.061280833048754424,4.328389876427057,0.7624124262602452,1.5562779718707151,-0.02041067177117445,-4.756798192382596,3.6527845447195038,3.26828090843324,2.8837772721469768,2.499273635860713,2.1147699995744498,1.730266363288186,1.3457627270019223,0.9612590907156591,0.5767554544293954,0.19225181814313208,-0.19225181814313164,-0.5767554544293958,-0.9612590907156591,-1.3457627270019215,-1.7302663632881856,-2.1147699995744498,-2.499273635860713,-2.8837772721469763,-3.2682809084332396,-3.6527845447195038,1.1404939017801392,9.550076638882238,2.244507549443231,-2.7283883389418584,74,0.03560250391236307,1.0
5c97845c-c039-48d8-abcf-703afc476b98,frontierscience,deepseek/deepseek-v3.2_reasoning-auto_s2,physics,,deepseek/deepseek-v3.2,1,is_correct,True,,,True,,,,146,2.530352539882444,0.025046512953907193,-2.5053060269285368,2.366576878692095,8.20222150482058,-3.679728669463617,4.522492835356963,1.4277936399962197,-0.8452145785953151,-1.19400234130461,-2.6217959813008296,54.382809818061915,0.046067976908696996,11,10,0.15789473684210525,0.8947368421052632,3.704775182417524,4.497446322403055,4.757716173463971,6.639927544397612,0.05555555555555555,0.2777777777777778,4.643384138738966,0.8509603212551179,1.0052583521561842,0.5,0.5,3,4.315162543429512,-3.6032306415991897,-7.918393185028702,2.424734043574077,7.918393185028702,-3.6032306415991897,4.315162543429512,2.727659034400091,-0.7195779907698964,-2.84236255218633,-5.570021586586421,7.918393185028702,1.0,0.0,1.0,0.0,1.0,0.0,7.918393185028702,-0.30434723576514333,0.5291678363431407,0.8888888888888888,0.0,0.01249003336544452,0.9893210391256275,1.1392014395109584,0.45,0.55,2.530352539882444,-2.1000416684565226,2.6576745050074484,4.522492835356963,0.016554292672329093,4.503725259954243,-2.136202284443368,-1.001188325695094,0.13250005577072418,-3.346776987420561,0.2193736010086682,2.395710068196092,-1.218815370103547,-3.097305091923488,-0.05300857271262066,0.015776754299537787,-2.308164524337956,-3.679728669463617,-1.1639355485669114,0.025046512953907193,4.315162543429512,3.7859947070863713,3.256826870743231,2.727659034400091,2.19849119805695,1.66932336171381,1.1401555253706697,0.610987689027529,0.0818198526843883,-0.4473479836587515,-0.8641055197128941,-1.1684527554780384,-1.472799991243182,-1.7771472270083255,-2.0814944627734695,-2.3858416985386137,-2.690188934303758,-2.9945361700689013,-3.2988834058340455,-3.6032306415991897,0.8413487298628587,5.1314647603384635,-2.786928424690238,-2.3323021052496067,149,0.015588096362777516,0.6666666666666666
469cc7c7-ae71-4ea2-bc13-3af3770fd8da,frontierscience,deepseek/deepseek-v3.2_reasoning-auto_s2,chemistry,,deepseek/deepseek-v3.2,1,is_correct,True,,,True,,,,34,-2.4400699903815983,-4.942265704312909,-2.502195713931311,2.375954508823788,9.06245920730063,-4.942265704312909,4.120193502987722,-0.6750404549586057,0.6175661595370237,-0.22107689647954198,0.45396355847906367,59.40048625330024,0.04212416213667428,13,12,0.7368421052631579,1.0,0.0,9.06245920730063,7.420476234385761,7.21310038980293,0.7222222222222222,0.6666666666666666,5.5941820965299245,0.876967655971131,0.9634067283125471,0.5,0.5,2,3.646019642225305,-3.646019642225305,-7.29203928445061,2.213049986598029,7.29203928445061,-3.646019642225305,3.646019642225305,2.4946450183646824,-0.1918957706434369,-2.6865407890081188,-5.181185807372801,7.29203928445061,1.0,0.0,1.0,0.0,1.0,0.0,7.29203928445061,-0.38379154128687354,0.3837915412868744,0.6666666666666666,0.05555555555555555,4.194175870806147e-16,0.9594788532171854,0.9594788532171854,0.5,0.5,-2.4400699903815983,-0.22182731297166214,1.616167885031392,-1.1133398239241366,-0.2598990573729587,0.2938066861514366,-2.6001215712427115,0.09734817027524634,-2.2947507524966952,3.9503449328363462,0.13907411862843944,1.8184117205089754,3.912817658404892,-3.3002827313980387,4.120193502987722,-1.5475253884103877,1.3014502947723012,0.2897381498258689,-0.5480522337398476,-4.942265704312909,3.646019642225305,3.262228100938431,2.8784365596515564,2.4946450183646824,2.110853477077808,1.727061935790934,1.3432703945040596,0.9594788532171856,0.5756873119303116,0.1918957706434372,-0.19189577064343677,-0.5756873119303112,-0.9594788532171856,-1.3432703945040592,-1.7270619357909336,-2.110853477077808,-2.4946450183646816,-2.878436559651556,-3.2622281009384304,-3.646019642225305,1.245273410284515,9.833558756822729,2.5415194723721193,-3.0640019162843295,36,0.0944741532976827,1.0
4225f097-0cee-4e43-b5b9-6efbab4c3447,frontierscience,deepseek/deepseek-v3.2_reasoning-auto_s2,physics,,deepseek/deepseek-v3.2,0,is_correct,False,,,True,,,,60,0.021058844865126145,-4.643347337656096,-4.664406182521223,2.069855450061096,9.29250785216848,-4.643347337656096,4.649160514512385,-0.8044679328143687,1.4418418046461905,-1.4472350012213469,-0.6427670684069782,47.32174719933455,0.0985679197953793,14,7,0.5263157894736842,1.0,0.0,9.29250785216848,4.599647611232298,4.405582082955824,0.5,0.5555555555555556,4.51082257698152,0.6553592345717526,0.866448879797019,0.45,0.55,2,3.6576272101844705,-3.6576272101844705,-7.315254420368941,2.2200955131275535,7.315254420368941,-3.6576272101844705,3.6576272101844705,2.502587038547269,-0.19250669527286673,-2.6950937338201357,-5.197680772367405,7.315254420368941,1.0,0.0,1.0,0.0,1.0,0.0,7.315254420368941,-0.38501339054573336,0.38501339054573425,0.1111111111111111,0.5555555555555556,3.20731096002823e-16,0.9625334763643345,0.9625334763643341,0.5,0.5,0.021058844865126145,-1.3117309009948914,0.04336429784687382,-0.8379776987764239,-2.2006355742025576,1.4123955917244673,-2.7577500901631744,1.4714211344437849,3.212562193072194,0.04951290328008717,4.649160514512385,0.24357843155656073,2.0041307801335724,-1.5374733244752488,-0.011539670838617955,-2.543028395302196,-0.936740957179198,-0.038930148345629495,-0.5098234980063445,-4.643347337656096,3.6576272101844705,3.2726138196387367,2.887600429093003,2.5025870385472695,2.1175736480015357,1.7325602574558019,1.347546866910068,0.9625334763643343,0.5775200858186009,0.19250669527286712,-0.19250669527286668,-0.5775200858186009,-0.9625334763643343,-1.3475468669100676,-1.7325602574558019,-2.1175736480015352,-2.5025870385472686,-2.887600429093002,-3.272613819638736,-3.6576272101844705,1.1513042198347214,9.452278767675288,2.1370243473063475,-2.924779351362435,62,0.04463276836158192,1.0
f398c3ad-6cff-45b1-a21d-5ce963db75aa,frontierscience,deepseek/deepseek-v3.2_reasoning-auto_s2,physics,,deepseek/deepseek-v3.2,1,is_correct,True,,,True,,,,87,2.674430141274572,-4.756269048192736,-7.430699189467308,2.391258567602525,8.789529101656125,-4.756269048192736,4.033260053463389,1.382123529111027,-1.026478176077006,-0.9745959960781209,-2.3567195251891477,48.51035207936414,0.15317759758392394,12,7,0.21052631578947367,1.0,0.0,8.789529101656125,5.2510001959952,5.429115326044576,0.05555555555555555,0.0,4.210792908756286,0.9086515963511965,1.0765545216127255,0.55,0.45,2,3.652713928937006,-3.652713928937006,-7.305427857874012,2.217113264520627,7.305427857874012,-3.652713928937006,3.652713928937006,2.4992253197990038,-0.19224810152300012,-2.6914734213220037,-5.1906987411210075,7.305427857874012,1.0,0.0,1.0,0.0,1.0,0.0,7.305427857874012,-0.38449620304599996,0.38449620304600085,0.6666666666666666,0.05555555555555555,4.194175870806147e-16,0.9612405076150015,0.9612405076150015,0.5,0.5,2.674430141274572,-2.7546851847700036,2.496315011225197,0.3892256503320928,4.033260053463389,1.3250259022769884,1.5112931299749535,-1.7540700877026527,-2.6341631623587363,-3.4930676497518753,1.2321146257212845,2.668982926293371,0.9158451982060996,-4.120989082946533,0.5987124387843523,0.32782684947163077,-0.7767236776850549,-0.199951157337233,-1.041171381509685,-4.756269048192736,3.652713928937006,3.2682177258910055,2.8837215228450046,2.499225319799004,2.1147291167530033,1.730232913707003,1.345736710661002,0.9612405076150017,0.5767443045690013,0.19224810152300043,-0.19224810152299998,-0.5767443045690008,-0.9612405076150017,-1.3457367106610016,-1.7302329137070025,-2.1147291167530033,-2.4992253197990033,-2.883721522845004,-3.268217725891005,-3.652713928937006,1.1425224007524801,9.551505377882222,2.2460775200082104,-4.566409055041749,89,0.028334669874365143,1.0
69bd11e8-5f96-45dc-8123-b9d800101430,frontierscience,deepseek/deepseek-v3.2_reasoning-auto_s2,physics,,deepseek/deepseek-v3.2,1,is_correct,True,,,True,,,,64,-0.12104233016623162,0.12337747434088592,0.24441980450711753,2.3491811806877716,9.687092806354329,-4.677285761724164,5.009807044630165,-0.08310938215695149,-0.6481644707977676,0.6121325640760518,0.6952419462330033,67.44047405428644,0.0036242302257598453,14,11,0.15789473684210525,0.3157894736842105,4.80066323606505,4.886429570289279,6.351202019977381,7.540159351311047,0.6111111111111112,0.16666666666666666,6.736835773363224,0.9156712127862073,0.9879772920975436,0.5,0.5,4,4.513342627686388,-0.7933444553277518,-5.30668708301414,2.2255501421725463,7.598063219479741,-3.0847205917933525,4.513342627686388,2.1348219010531118,-2.0349593012670373,-1.748084512188419,-3.882906413241531,9.889439355945342,0.5366014080286423,1.0,1.0,0.0,0.6842105263157895,2.2913761364656007,5.30668708301414,0.38189602274426715,0.7928402422110921,0.7777777777777778,0.0,0.06526312583085342,0.7593726066475973,1.2488460503789969,0.3,0.7,-0.12104233016623162,-0.7681790417092553,0.24011880807685326,5.009807044630165,-2.530352306680882,2.2651679124748547,-4.677285761724164,-1.5537942858011025,2.4603697043059953,-2.2091957387614647,-0.3448781159283922,-3.7655432713729677,2.5856587486044136,-1.7097683366308551,0.6493386045168834,1.9083560782857085,-2.079506653175554,2.218134446968892,0.8530954335194945,0.12337747434088592,4.513342627686388,3.720502385475296,2.927662143264204,2.1348219010531118,1.3419816588420197,0.5491414166309276,-0.24369882558016442,-0.7926147336565894,-1.2195684746656807,-1.6465222156747723,-2.073475956683864,-2.5004296976929554,-2.9273834387020465,-3.0847205917933525,-2.7028245690490857,-2.3209285463048186,-1.9390325235605521,-1.5571365008162859,-1.175240478072019,-0.7933444553277518,0.6446852221908423,5.034650375536344,-0.2720367074777954,-5.172878445262679,68,0.04117063492063492,0.5
fbec81f3-a103-43e1-b4a8-bb2487cc24e8,frontierscience,deepseek/deepseek-v3.2_reasoning-auto_s2,chemistry,,deepseek/deepseek-v3.2,1,is_correct,True,,,True,,,,82,-2.597883959538129,-2.3984290840897367,0.19945487544839224,2.8369206971574736,9.036976262527258,-4.292161084824571,4.744815177702688,0.09736173359001223,-0.09893011950942521,-2.1773001121783593,-2.2746618457683714,71.7164668043673,0.0027811586980780556,12,12,0.21052631578947367,0.7368421052631579,1.893732000734834,7.143244261792425,7.381943271778747,7.149426054897252,0.16666666666666666,0.6111111111111112,6.794160971437671,1.0095167862729635,1.6632557549982656,0.35,0.65,2,1.1613252880225993,-1.1613252880225993,-2.3226505760451985,0.7048977145734061,2.3226505760451985,-1.1613252880225993,1.1613252880225993,0.7945909865417785,-0.06112238358013671,-0.8557133701219151,-1.6503043566636935,2.3226505760451985,1.0,0.0,1.0,0.0,1.0,0.0,2.3226505760451985,-0.12224476716027333,0.12224476716027377,0.6666666666666666,0.5555555555555556,1.4802973661668753e-16,0.30561191790068404,0.3056119179006839,0.5,0.5,-2.597883959538129,1.8328628891621066,-1.519217258295007,-2.637128094076058,4.744815177702688,-2.39901560348334,3.2570989836578255,3.4421204252796667,-0.49608895493361566,-3.523409815954793,-2.4794516306438243,4.174792726462334,-2.9746333284349182,1.1641597416591742,-4.292161084824571,-4.068117324360621,-0.8806576654463758,1.5744857815354738,-2.9989212958843257,-2.3984290840897367,1.1613252880225993,1.0390805208623257,0.9168357537020521,0.7945909865417784,0.6723462193815049,0.5501014522212313,0.42785668506095764,0.3056119179006841,0.18336715074041043,0.061122383580136885,-0.06112238358013666,-0.18336715074041043,-0.305611917900684,-0.4278566850609573,-0.5501014522212311,-0.6723462193815049,-0.7945909865417784,-0.9168357537020517,-1.0390805208623255,-1.1613252880225993,1.3405623860133367,4.900316758125673,2.577666182080474,-8.067562569297163,84,0.0304125263474857,1.0
b36273bb-c098-4037-90cc-cfd05cbe5bb9,frontierscience,deepseek/deepseek-v3.2_reasoning-auto_s2,chemistry,,deepseek/deepseek-v3.2,1,is_correct,True,,,True,,,,77,0.03329133838913069,-2.332751393112534,-2.3660427315016648,2.824297266423271,12.178879144807794,-5.123646143142149,7.055233001665646,-1.0001099668598565,0.04670620071469538,-1.1594867534202251,-0.15937678656036858,61.313833819621905,0.03858905216174028,10,11,0.2631578947368421,0.3157894736842105,2.7908947500296146,9.38798439477818,6.869823171338545,12.178879144807794,0.2222222222222222,0.2777777777777778,5.964144727678984,0.7373907975102816,1.4189281416871558,0.5,0.5,2,3.5466892933569447,-3.5466892933569447,-7.093378586713889,2.152758751551984,7.093378586713889,-3.5466892933569447,3.5466892933569447,2.4266821480863308,-0.1866678575451021,-2.6133500056314327,-5.040032153717764,7.093378586713889,1.0,0.0,1.0,0.0,1.0,0.0,7.093378586713889,-0.3733357150902039,0.3733357150902057,0.6111111111111112,0.7777777777777778,5.674473236973022e-16,0.9333392877255118,0.9333392877255114,0.5,0.5,0.03329133838913069,-4.793863945827627,-4.342046777185398,-0.015147072245699427,0.18540983032709993,7.055233001665646,-5.123646143142149,-2.302080038803975,0.05360311133974395,0.05373408958604077,0.06940375884223517,-2.525022799084613,2.631815765223504,2.345489517899932,-2.432217673717705,2.264938025985462,-1.988930070999071,-2.5228569196243416,0.054897510946837716,-2.332751393112534,3.5466892933569447,3.17335357826674,2.800017863176535,2.4266821480863308,2.053346432996126,1.6800107179059214,1.3066750028157168,0.933339287725512,0.5600035726353072,0.1866678575451024,-0.18666785754510196,-0.5600035726353072,-0.9333392877255111,-1.306675002815716,-1.6800107179059207,-2.0533464329961264,-2.4266821480863303,-2.8000178631765342,-3.17335357826674,-3.5466892933569447,1.0414255174241132,6.920866203893592,-0.17251238282029746,-5.220541153251794,79,0.032467532467532464,1.0
4ee82eb3-a457-42c5-9c62-5730d41f67a6,frontierscience,deepseek/deepseek-v3.2_reasoning-auto_s2,biology,,deepseek/deepseek-v3.2,0,is_correct,False,,,True,,,,52,-0.0387452492335087,4.7512238078188975,4.7899690570524065,2.5194946292677343,8.18006733609609,-3.4288435282771936,4.7512238078188975,0.7237574252634744,-0.7585308146224686,1.5015883073891263,0.7778308821256519,57.79737673145942,0.08287519828638175,10,9,1.0,0.3684210526315789,8.18006733609609,0.0,7.022410754591761,7.7419455310088505,0.8333333333333334,0.3333333333333333,5.066255197800313,1.2375325704613218,0.7992267645202321,0.65,0.35,2,-3.6527260974280633,3.6527260974280633,7.305452194856127,2.217120650514564,7.305452194856127,-3.6527260974280633,3.6527260974280633,-2.4992336456086752,0.19224874196989777,2.691482387578573,5.190716033187249,7.305452194856127,1.0,0.0,1.0,1.0,0.0,7.305452194856127,0.0,0.3844974839397972,0.0,0.7222222222222222,0.6111111111111112,5.181040781584064e-16,0.9612437098494901,0.9612437098494905,0.5,0.5,-0.0387452492335087,0.7999855835907588,1.2337625753660069,0.45226938263495675,-3.3422029856805158,1.6481306674349663,4.313102002731657,-3.4288435282771936,1.0792702239766863,3.604527837477547,-0.7355163754605512,-2.694121366171689,-3.331468068834609,0.196435574932529,0.7715771048853046,-2.4136377167465746,4.608773037845187,0.5441910206410876,0.7474025898908552,4.7512238078188975,-3.6527260974280633,-3.268228613488267,-2.883731129548471,-2.4992336456086752,-2.114736161668879,-1.7302386777290828,-1.3457411937892867,-0.9612437098494904,-0.5767462259096945,-0.19224874196989816,0.19224874196989772,0.5767462259096945,0.9612437098494899,1.3457411937892854,1.7302386777290826,2.114736161668879,2.4992336456086743,2.8837311295484707,3.268228613488267,3.6527260974280633,-1.1473094547149818,-9.551259359961943,-2.2458071651058162,-2.5202866674593416,54,0.053544494720965306,1.0
516da073-8d2a-4db5-a739-c752655ec14c,frontierscience,deepseek/deepseek-v3.2_reasoning-auto_s2,physics,,deepseek/deepseek-v3.2,1,is_correct,True,,,True,,,,15,2.8082417356289366,-4.347638685102446,-7.155880420731382,3.128430530968612,9.816457252400369,-4.956804631255394,4.859652621144976,1.5476062101544632,-1.3057122142538853,-0.23285675574226392,-1.780462965896727,46.64837990757885,0.1534004060785996,7,5,0.15789473684210525,0.3157894736842105,0.609165946152948,9.207291306247422,4.175244423192403,7.2792222272606475,0.6666666666666666,0.2222222222222222,3.2288769342471237,1.4178280084119694,1.4030221365694466,0.45,0.55,3,3.888899127301174,1.7126278901630214,-2.1762712371381525,2.6248478359290495,9.105470623311305,-5.216571496010132,3.888899127301174,0.891922450006847,-4.079419394720406,-0.21214971710729955,-1.1040721671141465,16.034670009484458,0.13572285777324353,1.0,2.0,0.0,0.5263157894736842,6.929199386173153,2.1762712371381525,0.7699110429081295,0.9989922257647761,1.0,0.2777777777777778,0.09827240381516199,0.619489684819036,1.7987585306009717,0.35,0.65,2.8082417356289366,3.0132337941690226,4.017659272259578,4.859652621144976,4.185241453197386,-3.0939807740632617,-4.956804631255394,-2.500425492320317,-0.49923578884651487,-1.1609865915865474,-1.8581188056818174,-2.163200530415192,-2.5666313570596064,1.6086130661327966,3.8805315452413103,1.6512519851673009,-4.457972417899811,-0.45544765715802615,2.332134695298088,-4.347638685102446,3.888899127301174,2.8899069015363983,1.8909146757716226,0.891922450006847,-0.10706977575792864,-1.1060620015227038,-2.10505422728748,-3.104046453052255,-4.103038678817031,-5.102030904581806,-5.216571496010132,-4.446660453102003,-3.676749410193876,-2.9068383672857485,-2.13692732437762,-1.3670162814694908,-0.5971052385613635,0.17280580434676374,0.9427168472548919,1.7126278901630214,0.9156218145839955,9.152159626987615,6.975888389849462,-1.9933038483301395,18,0.3238095238095238,0.6666666666666666
ae667a28-9659-4f33-a51e-7a19f133e111,frontierscience,deepseek/deepseek-v3.2_reasoning-auto_s2,physics,,deepseek/deepseek-v3.2,1,is_correct,True,,,True,,,,48,-2.4959922249131714,-2.238755409968183,0.2572368149449886,2.362002572532221,9.43650150471337,-4.611411162165697,4.825090342547671,0.29098153940808646,-0.17851781076672874,-0.2612334791000476,-0.552215018508134,55.7446177978252,0.004614558770102903,11,10,0.21052631578947367,0.10526315789473684,2.3726557521975145,7.063845752515855,5.316932063813259,6.4443558698317895,0.1111111111111111,0.5555555555555556,4.489503657409543,0.917645095026708,0.9566528337322472,0.55,0.45,6,2.285582466335832,-2.474754414118216,-4.760336880454048,2.5723217443533537,8.598002820667388,-4.256689300819685,4.341313519847702,-1.0367402934814778,-0.046546039412366715,1.3069785343616072,2.3437188278430847,36.72565356717275,0.12961884726563663,4.0,5.0,0.7894736842105263,0.21052631578947367,1.7819348867014693,6.816067933965918,2.496249346800545,2.4615518408973225,0.2222222222222222,0.5555555555555556,1.0374549214440798,1.129071462627507,1.1161281188318701,0.5,0.5,-2.4959922249131714,0.20527149058667415,-4.611411162165697,0.7055209016475619,4.825090342547671,0.20686947412874446,3.2015219540248223,1.5649042689534896,-0.6373155246811475,0.5710239624189604,2.3945605155701113,-4.049795354261678,-1.6399597564245205,0.5469572130576837,-0.5586070363625115,-2.718949076805227,2.5209319218999573,1.610249855698485,-0.18227112906280674,-2.238755409968183,2.285582466335832,0.43255045672645687,-1.4204815528829182,-3.273513562492293,-4.256689300819685,-1.7604399540191404,0.7358093927814044,3.232058739581949,3.745187611303352,1.2836357704060322,-1.177916070491288,-3.6394679113886106,-3.1298549531483393,-0.639465462149662,1.85092402884902,4.341313519847702,3.2995712428546744,1.3747960238637136,-0.5499791951272508,-2.474754414118216,-0.06162908898315796,4.462708787320857,-0.2976280931331914,-0.647308101865594,54,0.05939716312056738,0.3333333333333333
62dc1c65-0200-41d8-91fd-aa3c606e46cc,frontierscience,deepseek/deepseek-v3.2_reasoning-auto_s2,physics,,deepseek/deepseek-v3.2,0,is_correct,False,,,True,,,,67,0.10620293550496449,-4.790533201644503,-4.8967361371494675,2.128197458237628,8.631942467546441,-4.790533201644503,3.8414092659019383,0.6525673364052693,-0.3197431062162957,-0.9884922031293933,-1.6410595395346625,44.860501484274955,0.10915473468048346,11,9,0.21052631578947367,1.0,0.0,8.631942467546441,4.970461472047196,5.572694525695731,0.6666666666666666,0.7777777777777778,3.946376726448246,0.7858086688851718,0.9658678492578489,0.45,0.55,2,-0.10761204973860927,0.10761204973860927,0.21522409947721854,0.06531803681849149,0.21522409947721854,-0.10761204973860927,0.10761204973860927,-0.07362929718957478,0.005663792091505744,0.07929308928108052,0.1529223864706553,0.21522409947721854,1.0,0.0,1.0,1.0,0.0,0.21522409947721854,0.0,0.011327584183011524,0.0,0.7222222222222222,0.6111111111111112,1.1564823173178714e-17,0.02831896045752875,0.02831896045752876,0.5,0.5,0.10620293550496449,0.869760758949506,-1.7222939761035905,2.539598771355111,3.8414092659019383,1.2122956088829397,-2.279002009653984,0.9382308455930835,-1.8791467070828023,0.6050589408944302,-0.6958988456457877,-1.2803811381630357,-2.448263155578577,2.5221983164686197,3.0814179341528405,-2.49127659154289,-0.42222568101121993,-0.06777457638593437,-1.2405611023446539,-4.790533201644503,-0.10761204973860927,-0.09628446555559778,-0.08495688137258627,-0.07362929718957477,-0.062301713006563265,-0.05097412882355176,-0.039646544640540266,-0.028318960457528755,-0.01699137627451726,-0.005663792091505762,0.005663792091505748,0.01699137627451726,0.02831896045752874,0.03964654464054024,0.05097412882355176,0.06230171300656326,0.07362929718957476,0.08495688137258625,0.09628446555559775,0.10761204973860927,-0.13626786445187314,4.546653287454021,4.761877386931239,-9.925130434479371,69,0.03889642695612845,1.0
23cb57a5-1c57-4f6e-8205-7ffb6116a16a,frontierscience,deepseek/deepseek-v3.2_reasoning-auto_s2,chemistry,,deepseek/deepseek-v3.2,1,is_correct,True,,,True,,,,66,-0.06172612251431283,1.8848975542607131,1.946623676775026,2.1444796568929108,7.943004556622796,-3.8203353847028056,4.12266917191999,-0.8644762678317945,0.6640942985897169,-0.5338747455381087,0.3306015222936859,47.175401836451364,0.04126353143792225,11,9,0.3684210526315789,0.7368421052631579,5.705232938963519,2.237771617659277,5.58879217208251,5.34155145307637,0.3333333333333333,0.7222222222222222,4.505959444574856,0.8152007862361204,1.0454968991322802,0.45,0.55,2,-3.725290512666115,3.725290512666115,7.45058102533223,2.261165580034486,7.45058102533223,-3.725290512666115,3.725290512666115,-2.5488829823504995,0.19606792171926907,2.744950904069769,5.293833886420268,7.45058102533223,1.0,0.0,1.0,1.0,0.0,7.45058102533223,0.0,0.39213584343853913,0.0,0.5555555555555556,0.6111111111111112,4.934324553889585e-16,0.980339608596346,0.9803396085963462,0.5,0.5,-0.06172612251431283,1.8767214604903888,-2.3294673622030193,0.49678033869833693,-0.8619952788939254,-3.7055239102375106,-1.4661230001625196,4.12266917191999,1.6867888615329898,1.391403408714333,1.033351517440693,-2.7148147581100206,-2.3919541797435317,1.521216068373564,-3.8203353847028056,-0.29829818674984376,-1.9198690228216917,-1.3398307765064226,2.2901873432913984,1.8848975542607131,-3.725290512666115,-3.333154669227577,-2.941018825789038,-2.5488829823505,-2.1567471389119612,-1.764611295473423,-1.3724754520348847,-0.9803396085963461,-0.5882037651578078,-0.19606792171926957,0.19606792171926912,0.5882037651578083,0.9803396085963456,1.3724754520348839,1.764611295473423,2.1567471389119612,2.5488829823504995,2.9410188257890377,3.333154669227576,3.725290512666115,-1.2582490608847714,-6.8684371278116,0.5821438975206306,-2.8661427261826944,68,0.039627039627039624,1.0
d1cec1fb-13bb-475a-b2f1-956db5ef3b77,frontierscience,deepseek/deepseek-v3.2_reasoning-auto_s2,physics,,deepseek/deepseek-v3.2,1,is_correct,True,,,True,,,,62,-0.08074893765364774,-4.622147703360471,-4.541398765706823,2.9569842100468375,11.19468126615098,-4.622147703360471,6.572533562790509,1.4345881803318965,0.13011177191707773,0.08503715029444277,-1.3495510300374538,78.47663241357625,0.05786943993434118,13,14,0.2631578947368421,1.0,0.0,11.19468126615098,10.008600467341154,9.23359921956149,0.2222222222222222,0.5,7.763991161792199,1.5038311310917152,0.9306750027162412,0.6,0.4,2,3.65713815505857,-3.65713815505857,-7.31427631011714,2.219798667924833,7.31427631011714,-3.65713815505857,3.65713815505857,2.50225242188218,-0.19248095552939817,-2.6947333774115783,-5.196985799293758,7.31427631011714,1.0,0.0,1.0,0.0,1.0,0.0,7.31427631011714,-0.38496191105879607,0.38496191105879785,0.6111111111111112,0.7777777777777778,5.674473236973022e-16,0.9624047776469922,0.9624047776469918,0.5,0.5,-0.08074893765364774,0.9301911573551063,3.026078604230525,3.2354903953657463,-3.4360669045506453,6.572533562790509,-0.20536061521431992,2.3558017357365366,-1.7643081619047134,4.670735223380265,-4.562863996181225,1.9137028031286418,1.3489466134834434,-3.0512318142234047,0.29926553820641055,-0.8907719212363964,0.3888977930745332,1.4062439807203153,3.9287352143622654,-4.622147703360471,3.65713815505857,3.2721762439997732,2.8872143329409763,2.50225242188218,2.117290510823383,1.732328599764586,1.3473666887057894,0.9624047776469924,0.5774428665881954,0.19248095552939848,-0.19248095552939803,-0.5774428665881954,-0.9624047776469915,-1.3473666887057885,-1.7323285997645854,-2.1172905108233833,-2.5022524218821793,-2.8872143329409754,-3.2721762439997732,-3.65713815505857,1.1828772343459477,9.462163092764989,2.1478867826478485,-4.734112418344054,64,0.04283447911158118,1.0
20daab54-df1b-4006-a544-7198daee7847,frontierscience,deepseek/deepseek-v3.2_reasoning-auto_s2,physics,,deepseek/deepseek-v3.2,0,is_correct,False,,,True,,,,85,-2.467831439975027,0.2807646205334271,2.7485960605084543,2.198400301793681,8.129868395467504,-4.584397862019587,3.545470533447917,-0.2355262584514431,-0.27594435452619565,-1.1488523745025898,-0.9133261160511468,51.81903571391081,0.05304220780338825,10,9,0.3157894736842105,0.631578947368421,4.865162482553014,3.26470591291449,7.199590148166765,5.175356876699886,0.6666666666666666,0.7222222222222222,4.519354509260752,0.7148990560089954,1.2385694829019458,0.35,0.65,2,3.7674976062824825,-3.7674976062824825,-7.534995212564965,2.286784314196059,7.534995212564965,-3.7674976062824825,3.7674976062824825,2.577761520088014,-0.19828934769907786,-2.7760508677870916,-5.353812387875106,7.534995212564965,1.0,0.0,1.0,0.0,1.0,0.0,7.534995212564965,-0.3965786953981558,0.3965786953981567,0.0,0.7777777777777778,3.20731096002823e-16,0.9914467384953902,0.9914467384953902,0.5,0.5,-2.467831439975027,-0.7725764329699074,2.5116378707280314,-2.5739329958443857,-2.6166398477080173,0.7251885031612871,3.545470533447917,2.5846162106999957,-1.5382935456890627,-0.6488852041178994,2.035111095462072,-2.3949534621660655,-4.584397862019587,2.6151922861471775,-2.5601645905527084,-0.003198213069535605,-2.5315104080161426,-1.3363979563807589,-0.7426076995298205,0.2807646205334271,3.7674976062824825,3.3709189108843267,2.9743402154861704,2.577761520088014,2.1811828246898584,1.7846041292917023,1.3880254338935463,0.9914467384953904,0.5948680430972342,0.19828934769907836,-0.1982893476990779,-0.5948680430972342,-0.99144673849539,-1.3880254338935458,-1.7846041292917016,-2.1811828246898584,-2.577761520088014,-2.97434021548617,-3.370918910884326,-3.7674976062824825,1.3009558669978765,4.787688852746932,-2.747306359818033,-2.67720816382516,87,0.029131652661064426,1.0
f10254b9-f0a1-407f-8af9-3169e23eee5e,frontierscience,deepseek/deepseek-v3.2_reasoning-auto_s2,physics,,deepseek/deepseek-v3.2,0,is_correct,False,,,True,,,,239,-2.497517773995483,-0.11961002648494914,2.377907747510534,2.1326217867648407,8.089414829152242,-4.120660957965625,3.968753871186617,-0.7184439504294193,-0.7484525417597637,-0.10800483110590786,0.6104391193235115,52.280853912017065,0.04548333796368918,13,14,0.8947368421052632,0.3157894736842105,4.001050931480676,4.088363897671567,5.420642788312907,4.09901801645792,0.8888888888888888,0.2222222222222222,4.9617300705030525,0.5921780007198704,1.1379932223178568,0.4,0.6,3,1.8125968800246413,-3.5123714515185873,-5.324968331543229,1.7905096934729468,5.324968331543229,-3.5123714515185873,1.8125968800246413,1.7769687825938951,1.0803840783253424,-2.140754077041605,-3.9177228596355,5.324968331543229,1.0,0.0,1.0,0.0,1.0,0.0,5.324968331543229,-0.011876032476915155,0.5486469497907938,0.1111111111111111,0.7777777777777778,0.029820606517438033,1.0110979889604246,0.6532507107511729,0.65,0.35,-2.497517773995483,1.491619369708896,0.40510317605291823,-1.037355292033555,2.414360920842417,-1.6846570956155031,-4.120660957965625,0.007457848121226518,-2.8773678374202207,-3.497679112590932,-2.1834949305359355,2.7690493974294794,-0.0707507789620232,0.6136176216400602,-3.2150711587453977,0.1735978094157944,-1.4518889171262899,3.968753871186617,-0.0038105648812218895,-0.11961002648494914,1.8125968800246413,1.8007208475477259,1.7888448150708105,1.7769687825938953,1.76509275011698,1.7532167176400646,1.7413406851631492,1.729464652686234,1.7175886202093187,1.7057125877324033,1.4254510965985494,0.876804146807756,0.32815719701696366,-0.22048975277382876,-0.7691367025646221,-1.3177836523554158,-1.8664306021462078,-2.4150775519370007,-2.963724501727794,-3.5123714515185873,0.8798232792908477,2.812030185800438,-2.5129381457427904,-4.991014121172714,242,0.009071410991174712,0.6666666666666666
078d0957-0a51-46be-b820-da8f749b30b5,frontierscience,deepseek/deepseek-v3.2_reasoning-auto_s2,chemistry,,deepseek/deepseek-v3.2,1,is_correct,True,,,True,,,,18,-2.3988241604457823,6.348893536194035,8.747717696639818,3.3654982769988546,11.76857225553471,-4.916557376031409,6.852014879503301,-0.5197537925265605,-1.5345400909713942,2.3813579596878154,2.901111752214376,64.72439802959553,0.13515332645720216,10,7,0.7894736842105263,0.42105263157894735,11.265450912225443,0.5031213433092656,6.880425134654137,6.040322683664762,0.0,0.8888888888888888,4.6283579737768274,1.423238937246402,1.4278344085643415,0.4,0.6,2,1.2076351951787636,-1.2076351951787636,-2.415270390357527,0.7330067621013986,2.415270390357527,-1.2076351951787636,1.2076351951787636,0.826276712490733,-0.06355974711467167,-0.8898364596054047,-1.7161131720961378,2.415270390357527,1.0,0.0,1.0,0.0,1.0,0.0,2.415270390357527,-0.1271194942293432,0.12711949422934365,0.8888888888888888,0.0,1.4802973661668753e-16,0.3177987355733588,0.31779873557335875,0.5,0.5,-2.3988241604457823,4.481600974208355,2.807378387283765,-2.796946485411488,-3.120846735324962,-0.9897673456011911,-1.6208711823946207,-4.431869116701329,-4.916557376031409,-1.7139413765783853,-0.03233772423848724,-1.790791108698832,3.1046986026903403,-0.9609825372416578,2.0280124291197783,6.852014879503301,2.2573696610460763,-3.7829530226186856,0.5848102748823888,6.348893536194035,1.2076351951787636,1.08051570094942,0.9533962067200765,0.8262767124907331,0.6991572182613894,0.572037724032046,0.44491822980270246,0.3177987355733589,0.19067924134401526,0.06355974711467183,-0.0635597471146716,-0.19067924134401526,-0.3177987355733587,-0.4449182298027021,-0.5720377240320458,-0.6991572182613894,-0.8262767124907331,-0.9533962067200763,-1.08051570094942,-1.2076351951787636,1.4920685317553701,-3.6491898092599016,-6.064460199617429,-10.919023412539424,20,0.23529411764705882,1.0
ff4a744b-45ac-46d9-b0ba-6461a71e278a,frontierscience,deepseek/deepseek-v3.2_reasoning-auto_s2,chemistry,,deepseek/deepseek-v3.2,1,is_correct,True,,,True,,,,73,-2.524975668889312,2.1334772511724043,4.658452920061716,2.2556384927769697,8.257794075832798,-4.430127798595107,3.827666277237692,-1.5097300899236454,0.03875056188318788,0.7441512791453689,2.2538813690690143,49.050812141156314,0.09497198347411295,16,9,0.47368421052631576,0.7368421052631579,6.563605049767512,1.6941890260652879,6.614320662267416,7.096037454802778,0.7777777777777778,0.7222222222222222,5.394350198619606,0.8474649836049064,1.1390624346754559,0.45,0.55,2,2.59949389749616,-2.59949389749616,-5.19898779499232,1.5778329519652217,5.19898779499232,-2.59949389749616,2.59949389749616,1.7786010877605303,-0.13681546828927144,-1.915416556049802,-3.6940176438103323,5.19898779499232,1.0,0.0,1.0,0.0,1.0,0.0,5.19898779499232,-0.27363093657854254,0.2736309365785434,0.8888888888888888,0.05555555555555555,3.20731096002823e-16,0.6840773414463579,0.6840773414463578,0.5,0.5,-2.524975668889312,-2.7905677765014802,-0.6229886270494331,-1.7281738133519196,-0.8199928926291644,-2.1976768207172985,0.11626496967308979,-2.5109790397283094,-2.522750258295413,3.827666277237692,-2.442472212386963,1.4444232955123526,-0.19054378536471495,2.665909656207671,-4.430127798595107,2.184192863672309,0.9100445561775754,1.0004317234958562,2.6668890789491755,2.1334772511724043,2.59949389749616,2.325862960917617,2.0522320243390735,1.7786010877605305,1.5049701511819873,1.2313392146034443,0.9577082780249011,0.6840773414463579,0.4104464048678147,0.1368154682892717,-0.13681546828927127,-0.4104464048678147,-0.6840773414463577,-0.9577082780249007,-1.231339214603444,-1.504970151181987,-1.7786010877605305,-2.052232024339073,-2.3258629609176165,-2.59949389749616,-0.049502092086079974,0.4165145542376756,-4.782473240754644,-5.017473169835256,75,0.0350076103500761,1.0
677d66f3-b5f3-432d-bb04-2a8807d5491f,frontierscience,deepseek/deepseek-v3.2_reasoning-auto_s2,chemistry,,deepseek/deepseek-v3.2,0,is_correct,False,,,True,,,,46,-0.028792306374412328,-0.1317949670957922,-0.10300266072137987,2.172519156901494,7.861576691651573,-3.2212457111458934,4.64033098050568,1.1129884226805014,0.382598185156828,0.1773878802368749,-0.9356005424436264,56.419825228780454,0.0018256465755380775,15,14,0.42105263157894735,0.631578947368421,3.0894507440501013,4.772125947601472,6.553154648496186,7.782115545718879,0.5555555555555556,0.6111111111111112,5.776519290566442,1.1151297140673087,0.538458037253181,0.5,0.5,2,0.004110550846094796,-0.004110550846094796,-0.008221101692189592,0.002495009733219223,0.008221101692189592,-0.004110550846094796,0.004110550846094796,0.002812482157854334,-0.00021634478137341005,-0.003028826939227744,-0.005841309097082078,0.008221101692189592,1.0,0.0,1.0,0.0,1.0,0.0,0.008221101692189592,-0.0004326895627468196,0.00043268956274682135,0.6666666666666666,0.5555555555555556,4.336808689942018e-19,0.0010817239068670517,0.0010817239068670512,0.5,0.5,-0.028792306374412328,2.555368781940339,-0.5213803141008944,3.6994123587195578,2.3389548690325834,-0.33915493438015876,0.08651050392649573,-0.9027990471953355,4.64033098050568,-2.8691838915791394,-1.9922848139231997,4.560869834572986,-3.2212457111458934,2.462499944862698,0.22455699522132982,1.5827250862894262,-0.001195101886017652,-0.7613296573827749,0.15136492627507803,-0.1317949670957922,0.004110550846094796,0.0036778612833479754,0.003245171720601155,0.002812482157854334,0.0023797925951075135,0.001947103032360693,0.0015144134696138721,0.0010817239068670517,0.0006490343441202312,0.00021634478137341068,-0.0002163447813734098,-0.0006490343441202312,-0.0010817239068670517,-0.0015144134696138713,-0.0019471030323606926,-0.002379792595107513,-0.0028124821578543336,-0.003245171720601154,-0.0036778612833479746,-0.004110550846094796,-0.044081447187083296,0.0918240707548037,0.08360296906261411,-10.438247918379169,48,0.06280193236714976,1.0
aeaa8d2c-fcb9-423f-b1c0-ac9c122999e6,frontierscience,deepseek/deepseek-v3.2_reasoning-auto_s2,physics,,deepseek/deepseek-v3.2,1,is_correct,True,,,True,,,,47,2.539178831516439,-4.780712168029067,-7.319890999545507,2.503489359726942,8.368997719179989,-4.780712168029067,3.5882855511509213,0.4415623037500345,-1.3636516219337496,-1.117239686274304,-1.5588019900243384,61.16737839996553,0.11966985002498705,13,11,0.7368421052631579,1.0,0.0,8.368997719179989,6.5365122318689135,7.41989186444097,0.2777777777777778,0.7777777777777778,5.83029088707816,0.7851556789661271,1.4430588462127187,0.45,0.55,2,1.11126734552208,-1.11126734552208,-2.22253469104416,0.6745136958761603,2.22253469104416,-1.11126734552208,1.11126734552208,0.7603408153572128,-0.05848775502747779,-0.8188285703846905,-1.5791693857419031,2.22253469104416,1.0,0.0,1.0,0.0,1.0,0.0,2.22253469104416,-0.11697551005495566,0.1169755100549561,0.4444444444444444,0.7777777777777778,1.295260195396016e-16,0.2924387751373895,0.2924387751373894,0.5,0.5,2.539178831516439,2.9062572893143925,1.635267851939982,-1.586211822390978,-1.6683262991839907,-3.635870978407258,2.9006412534616555,-4.215386507961414,-1.9106753109879777,0.1321356433598752,-2.550914482104636,1.2081999783229431,-2.23381500332976,0.02489432916472148,3.5882855511509213,-3.831606313290049,-0.4780506793186534,-1.9696073592505865,0.7682528510916118,-4.780712168029067,1.11126734552208,0.9942918354671243,0.8773163254121685,0.7603408153572127,0.6433653053022569,0.5263897952473011,0.40941428519234535,0.2924387751373896,0.1754632650824337,0.05848775502747805,-0.05848775502747783,-0.1754632650824337,-0.29243877513738936,-0.409414285192345,-0.5263897952473009,-0.643365305302257,-0.7603408153572127,-0.8773163254121683,-0.994291835467124,-1.11126734552208,1.2430136874458186,7.134993200996966,4.912458509952806,-10.319133673563158,49,0.06105457909343201,1.0
1440c195-fba2-48dc-a03d-7b9420891daf,frontierscience,deepseek/deepseek-v3.2_reasoning-auto_s2,chemistry,,deepseek/deepseek-v3.2,1,is_correct,True,,,True,,,,101,-2.5534520782335415,0.3163449323018979,2.8697970105354393,2.4644177867211057,10.547019678413943,-7.090802446234103,3.4562172321798386,-0.8743745508309965,-0.7055125736841665,-0.08787894771377484,0.7864956031172217,61.083527362151116,0.04698152078744616,14,11,0.2631578947368421,0.21052631578947367,7.407147378536001,3.1398722998779407,10.547019678413943,7.617176510025695,0.2222222222222222,0.16666666666666666,5.826998817796289,0.5950664826993719,1.1743906605938115,0.55,0.45,2,2.545548206706899,-2.545548206706899,-5.091096413413798,1.5450891595578582,5.091096413413798,-2.545548206706899,2.545548206706899,1.7416908782731415,-0.13397622140562607,-1.8756670996787674,-3.617357977951909,5.091096413413798,1.0,0.0,1.0,0.0,1.0,0.0,5.091096413413798,-0.26795244281125186,0.26795244281125274,0.8888888888888888,0.0,2.9605947323337506e-16,0.6698811070281312,0.6698811070281312,0.5,0.5,-2.5534520782335415,0.10390488679012716,0.08552907305126434,0.5263740637915926,-7.090802446234103,3.4562172321798386,-0.6483925871621539,-1.8537555171049345,0.1742074542488145,-2.6548113236950255,0.9128994407357578,2.172868871561023,-3.342438627908213,-0.34755831362658807,-4.493228807292738,0.10984463635090869,3.167969821060355,0.8751692419158563,-0.5033735106189292,0.3163449323018979,2.545548206706899,2.277595763895646,2.009643321084394,1.7416908782731415,1.4737384354618888,1.2057859926506365,0.9378335498393839,0.6698811070281314,0.4019286642168787,0.13397622140562637,-0.13397622140562593,-0.4019286642168787,-0.669881107028131,-0.9378335498393833,-1.205785992650636,-1.4737384354618888,-1.7416908782731415,-2.0096433210843934,-2.277595763895646,-2.545548206706899,-0.14326390451137078,2.08593936989363,-3.0051570435201675,-7.620507540555522,103,0.023762376237623763,1.0
e1b0b588-915d-46ad-990e-ba5aa554053e,frontierscience,deepseek/deepseek-v3.2_reasoning-auto_s2,physics,,deepseek/deepseek-v3.2,0,is_correct,False,,,True,,,,37,3.0635336640946327,-2.409774041853231,-5.473307705947864,2.843659265240059,8.839309118387337,-4.158470385262692,4.680838733124646,0.7797821302476515,0.42932923135221207,-0.19165696546656416,-0.9714390957142157,86.39975133834535,0.06334865113805874,14,13,0.47368421052631576,0.8421052631578947,1.7486963434094611,7.090612774977878,7.85769804851234,8.294372078156535,0.05555555555555555,0.5,7.643832545283492,1.4504731736244576,1.0847812867044746,0.55,0.45,2,3.7016506924770507,-3.7016506924770507,-7.403301384954101,2.246816753399899,7.403301384954101,-3.7016506924770507,3.7016506924770507,2.53270836853693,-0.1948237206566866,-2.727532089193616,-5.260240457730546,7.403301384954101,1.0,0.0,1.0,0.0,1.0,0.0,7.403301384954101,-0.3896474413133726,0.38964744131337437,0.6111111111111112,0.5555555555555556,6.167905692361981e-16,0.9741186032834346,0.9741186032834342,0.5,0.5,3.0635336640946327,-3.9407674321404063,3.9169306163719333,1.8148005698662555,0.3799062857293478,2.807256573322513,-2.5831853655107158,1.4797538055229709,-0.7145391389796701,4.680838733124646,-3.613533345031889,3.254194047033229,1.0206752119493188,-3.1020846941531217,2.419297359151625,-0.88855771343554,-4.158470385262692,-0.2847136177222249,4.172276606322678,-2.409774041853231,3.7016506924770507,3.3120032511636768,2.9223558098503033,2.5327083685369294,2.143060927223556,1.753413485910182,1.3637660445968085,0.9741186032834346,0.5844711619700607,0.19482372065668718,-0.19482372065668674,-0.5844711619700611,-0.9741186032834337,-1.3637660445968072,-1.7534134859101815,-2.143060927223556,-2.5327083685369294,-2.922355809850302,-3.3120032511636763,-3.7016506924770507,1.2184293661118448,7.329854100442127,-0.07344728451197469,-4.552830713100931,39,0.08408408408408409,1.0
218df0c2-18db-495f-8c53-eb6758feaff2,frontierscience,deepseek/deepseek-v3.2_reasoning-auto_s2,physics,,deepseek/deepseek-v3.2,1,is_correct,True,,,True,,,,40,-2.466143861944545,-4.648774928577023,-2.182631066632478,2.4743419819365444,9.246355715019085,-4.648774928577023,4.5975807864420615,-0.02990890055292799,-0.4815923801440058,0.08443566053398488,0.11434456108691288,56.485859973299604,0.038640308701402254,12,10,0.10526315789473684,1.0,0.0,9.246355715019085,8.697292990375056,6.6141051154299735,0.05555555555555555,1.0,5.3070588731826165,0.9730013545491755,1.1266961046329067,0.55,0.45,2,3.637123966503637,-3.637123966503637,-7.274247933007274,2.2076505162252906,7.274247933007274,-3.637123966503637,3.637123966503637,2.4885585033972255,-0.19142757718440176,-2.6799860805816267,-5.168544583978852,7.274247933007274,1.0,0.0,1.0,0.0,1.0,0.0,7.274247933007274,-0.38285515436880324,0.38285515436880413,0.6666666666666666,0.05555555555555555,4.194175870806147e-16,0.9571378859220097,0.9571378859220097,0.5,0.5,-2.466143861944545,-4.099712203932994,4.5975807864420615,1.4932740257952615,0.2362010468492637,-1.8353760686061016,1.8648139715265581,-0.9220341367217119,-0.4718718112671527,0.07877126907934429,1.9921453250475656,-2.7341752042676943,-3.2101127336841984,1.8961306308058072,0.7018393632301714,1.309443856067455,3.3244966292870686,-2.1457211436567136,1.9653301868529507,-4.648774928577023,3.637123966503637,3.2542688121348333,2.871413657766029,2.4885585033972255,2.1057033490284214,1.7228481946596177,1.3399930402908136,0.9571378859220099,0.5742827315532062,0.19142757718440206,-0.19142757718440162,-0.5742827315532057,-0.9571378859220099,-1.3399930402908131,-1.7228481946596172,-2.1057033490284214,-2.4885585033972246,-2.8714136577660287,-3.254268812134833,-3.637123966503637,1.181915423417738,9.467814318498398,2.193566385491124,-2.93012851056697,42,0.07564102564102564,1.0
422512ca-5a0c-4a23-b987-7fa2eb2024e6,frontierscience,deepseek/deepseek-v3.2_reasoning-auto_s2,physics,,deepseek/deepseek-v3.2,1,is_correct,True,,,True,,,,153,-2.4753017638891994,-0.10946405876791288,2.3658377051212867,2.6935185440377185,9.616140209040125,-4.784050048707827,4.8320901603322985,0.42835064555042884,-1.4075134588428193,1.287492405625017,0.8591417600745881,57.196870305992,0.041363062217644436,12,10,0.7368421052631579,0.3684210526315789,4.674585989939914,4.941554219100212,7.1437808144622075,7.389106993406344,0.05555555555555555,0.3333333333333333,5.2859351089228745,1.1585110138677348,1.1149702768325664,0.5,0.5,2,1.2093994769171577,-1.2093994769171577,-2.4187989538343153,0.7340776405004863,2.4187989538343153,-1.2093994769171577,1.2093994769171577,0.8274838526275289,-0.0636526040482714,-0.8911364566758003,-1.7186203093033292,2.4187989538343153,1.0,0.0,1.0,0.0,1.0,0.0,2.4187989538343153,-0.12730520809654244,0.12730520809654333,0.8888888888888888,0.9444444444444444,1.7270135938613546e-16,0.3182630202413573,0.3182630202413573,0.5,0.5,-2.4753017638891994,-4.687814343546173,2.4559664709160347,2.6038302636682924,-0.09766398712457358,2.5943809341301036,2.6050569446985175,-4.784050048707827,-2.5782432658046166,0.2955825597536256,-2.5288468741203833,-2.5390976079818945,-0.05867645909167918,2.3407374840530397,4.8320901603322985,-2.440247127617067,2.591166610766869,0.2733272488382029,2.5780816001977125,-0.10946405876791288,1.2093994769171577,1.0820942688206148,0.9547890607240719,0.827483852627529,0.700178644530986,0.5728734364344431,0.4455682283379002,0.31826302024135733,0.19095781214481433,0.06365260404827144,-0.06365260404827144,-0.19095781214481433,-0.3182630202413572,-0.4455682283378999,-0.572873436434443,-0.7001786445309861,-0.827483852627529,-0.9547890607240714,-1.0820942688206148,-1.2093994769171577,1.3839779461371482,2.702841481822219,0.2840425279879035,-9.596621644176206,155,0.01479188166494668,1.0
4f1cf869-3ea3-400c-8fa3-e4d3f6fe1cdf,frontierscience,deepseek/deepseek-v3.2_reasoning-auto_s2,physics,,deepseek/deepseek-v3.2,1,is_correct,True,,,True,,,,171,-0.03018518235271815,2.6998016015612682,2.7299867839139864,1.7770605483271409,8.564891721834131,-4.424071145267431,4.140820576566701,0.6567275344760855,0.08185333664143744,1.5152480930416168,0.8585205585655313,34.443689205903894,0.07925941868753267,11,5,0.10526315789473684,0.05263157894736842,7.123872746828699,1.4410189750054325,8.564891721834131,4.3938859629147125,0.05555555555555555,0.0,2.8711245935109733,1.0732277290157997,0.3601499962121817,0.7,0.3,3,0.9111363458120442,0.759969106175839,-0.15116723963620515,0.7592638872387057,2.4542905052649946,-1.5431541594529503,0.9111363458120442,0.09569156755943563,-1.2039071879967636,0.1202126435011752,0.02452107594173958,4.757413770893784,0.03177508766655062,1.0,2.0,0.0,0.5263157894736842,2.3031232656287894,0.15116723963620515,0.25590258506986574,0.271814926084203,0.5555555555555556,0.16666666666666666,0.029317639508559583,0.17629276950304398,0.5281044436057563,0.35,0.65,-0.03018518235271815,-4.424071145267431,4.140820576566701,3.1338492297147242,1.3365710178331964,0.3377059682061665,0.10240227663195878,1.1645836803303045,0.7105325063180388,-0.2632314767177455,-1.3924291041542949,-0.09389232609448081,1.4466007664652043,-0.9991906896569642,2.0129810233601937,1.8788622379146838,0.9557675525386152,1.4543026897960458,0.08977345307889359,2.6998016015612682,0.9111363458120442,0.6393214197278413,0.3675064936436384,0.09569156755943564,-0.17612335852476735,-0.44793828460897,-0.7197532106931729,-0.9915681367773758,-1.2633830628615788,-1.5351979889457814,-1.5431541594529503,-1.2872515743830846,-1.0313489893132193,-0.7754464042433542,-0.5195438191734885,-0.2636412341036227,-0.00773864903375765,0.24816393603610765,0.5040665211059734,0.759969106175839,-0.9281800804159793,-2.7168453361652034,-2.8680125758014086,-7.814127107336937,174,0.013071895424836602,0.6666666666666666
b188cad8-92b9-4c72-98a2-b78e04b764f1,frontierscience,deepseek/deepseek-v3.2_reasoning-auto_s2,chemistry,,deepseek/deepseek-v3.2,1,is_correct,True,,,True,,,,70,-2.543197432130211,4.565792832180754,7.108990264310965,2.2792810413590368,7.953748478285629,-3.3879556461048748,4.565792832180754,-0.2644526704506843,-0.2677871926146354,0.3344419446022117,0.598894615052896,45.24083134098325,0.1571365966007569,10,9,1.0,0.47368421052631576,7.953748478285629,0.0,5.644444110263753,4.8243121678342895,1.0,0.3333333333333333,3.466623447491436,0.90417592409571,0.9901272927879086,0.35,0.65,1,0.0,0.0,0.0,0.0,0.0,0.0,0.0,0.0,0.0,0.0,0.0,0.0,0.0,0.0,0.0,0.0,0.0,0.0,0.0,0.0,0.0,0.0,0.0,0.0,0.0,0.0,0.0,0.0,-2.543197432130211,-0.7272232521999005,-0.4907869832840024,-2.1485446416651226,0.23329104678418222,-0.10324083144776883,3.9285334007880324,-0.8957787670462576,-2.564890419112436,-3.3879556461048748,-1.0733607936942335,1.834295077588831,2.9815648471265805,1.2316153529399436,-2.0313954045875477,-2.386499905114705,-0.371020501288111,3.30842592450588,-1.0786512780829993,4.565792832180754,0.0,0.0,0.0,0.0,0.0,0.0,0.0,0.0,0.0,0.0,0.0,0.0,0.0,0.0,0.0,0.0,0.0,0.0,0.0,0.0,-2.596153536046793,-7.161946368227547,-7.161946368227547,-10.207284636458098,71,0.036853002070393374,
4195adea-9fa5-4f25-91ef-ebd6c57cfb88,frontierscience,deepseek/deepseek-v3.2_reasoning-auto_s2,physics,,deepseek/deepseek-v3.2,1,is_correct,True,,,True,,,,88,-0.1222611701387131,-2.343640991477382,-2.221379821338669,2.1480534394020085,7.751360163328975,-4.569879787612708,3.1814803757162675,0.05273848414479373,-0.7694991269706148,1.4516641164179918,1.398925632273198,37.593079827451675,0.05909012593633113,13,6,0.8947368421052632,0.631578947368421,2.2262387961353256,5.52512136719365,7.032490351474438,3.8082968898637226,0.6666666666666666,1.0,2.881770794444586,1.0009389339277726,0.8163059239914123,0.55,0.45,2,3.706183836987549,-3.706183836987549,-7.412367673975098,2.249568267758742,7.412367673975098,-3.706183836987549,3.706183836987549,2.5358099937283227,-0.19506230720987075,-2.730872300938193,-5.266682294666516,7.412367673975098,1.0,0.0,1.0,0.0,1.0,0.0,7.412367673975098,-0.390124614419741,0.3901246144197428,0.8333333333333334,0.7777777777777778,3.4540271877227093e-16,0.975311536049355,0.9753115360493547,0.5,0.5,-0.1222611701387131,0.6587843844199801,0.5558264083710687,1.8609165197429518,-0.9523460865495132,-0.46512726749156763,-1.1666233993406507,-4.181744275140084,-0.865799372588633,2.2098276719912744,1.2171874401831104,-1.658696129488994,-4.569879787612708,2.462610563861731,1.5518677309921154,2.45722112981432,2.39840055507629,3.1814803757162675,1.4646558983863405,-2.343640991477382,3.706183836987549,3.316059222567807,2.925934608148065,2.535809993728323,2.1456853793085813,1.755560764888839,1.365436150469097,0.9753115360493552,0.5851869216296133,0.1950623072098714,-0.19506230720987094,-0.5851869216296128,-0.9753115360493547,-1.3654361504690966,-1.7555607648888385,-2.1456853793085813,-2.5358099937283223,-2.925934608148064,-3.316059222567806,-3.706183836987549,1.1913714698139095,7.24119629827884,-0.1711713756962574,-2.660550452377958,90,0.027951933124346916,1.0
ea576eec-eb50-4d75-9849-ccd4c83a15fe,frontierscience,deepseek/deepseek-v3.2_reasoning-auto_s2,chemistry,,deepseek/deepseek-v3.2,1,is_correct,True,,,True,,,,18,0.13677606327672187,2.4497896441317426,2.3130135808550207,2.9801293370698834,10.434265336037711,-6.368434060657779,4.065831275379933,1.10821880489589,-1.2506350444052379,0.14595400938127376,-0.9622647955146163,57.47129721836544,0.04024641330204528,10,8,0.5263157894736842,0.47368421052631576,8.81822370478952,1.6160416312481907,10.434265336037711,6.607655727750419,0.5,0.9444444444444444,5.061418034646028,1.267052967902432,1.2731124489163217,0.5,0.5,2,2.595984344087155,-2.595984344087155,-5.19196868817431,1.5757027338405538,5.19196868817431,-2.595984344087155,2.595984344087155,1.776199814375422,-0.13663075495195534,-1.9128305693273768,-3.689030383702799,5.19196868817431,1.0,0.0,1.0,0.0,1.0,0.0,5.19196868817431,-0.2732615099039104,0.27326150990391174,0.6666666666666666,1.0,2.9605947323337506e-16,0.6831537747597777,0.6831537747597773,0.5,0.5,0.13677606327672187,2.438939318597611,2.4928959213398554,3.264869190831326,4.054796236718744,-0.16815845287366749,-4.4625866436193595,-3.0601808965104143,-3.3096470963450115,-6.368434060657779,4.065831275379933,-1.1481515574291015,-0.4832190534468386,1.5493560781725433,2.1860726188209676,-0.8101539055837224,-1.7457945948893223,2.7017330107791984,-3.9059227169712214,2.4497896441317426,2.595984344087155,2.322722834183244,2.0494613242793327,1.7761998143754218,1.5029383044715108,1.2296767945675997,0.9564152846636886,0.6831537747597778,0.4098922648558667,0.13663075495195587,-0.13663075495195542,-0.4098922648558667,-0.6831537747597776,-0.956415284663688,-1.2296767945675993,-1.5029383044715106,-1.7761998143754214,-2.0494613242793323,-2.322722834183243,-2.595984344087155,-0.07594285014136304,0.0702518498140492,-5.1217168383602605,-6.469857275632549,20,0.24183006535947713,1.0
e2bef5ee-c2ee-4704-b52a-63bb2e7aea7a,frontierscience,deepseek/deepseek-v3.2_reasoning-auto_s2,physics,,deepseek/deepseek-v3.2,1,is_correct,True,,,True,,,,74,-2.7554849635833913,0.2525687130080745,3.008053676591466,2.5180919347551756,8.466053048103563,-4.160733102822011,4.305319945281552,0.6421038409584054,-0.26813616129961954,0.3190067360359258,-0.32309710492247967,60.40134046487444,0.049801107946284034,13,9,0.6842105263157895,0.7368421052631579,4.413301815830085,4.0527512322734776,8.445622349805317,8.466053048103563,0.6666666666666666,0.7222222222222222,5.541222773763422,1.1918929038684674,0.9653021951771145,0.65,0.35,2,2.5511275145419994,-2.5511275145419994,-5.102255029083999,1.5484756709706597,5.102255029083999,-2.5511275145419994,2.5511275145419994,1.7455082994234732,-0.13426986918642084,-1.879778168609894,-3.625286468033367,5.102255029083999,1.0,0.0,1.0,0.0,1.0,0.0,5.102255029083999,-0.2685397383728416,0.2685397383728425,0.6111111111111112,0.5555555555555556,2.713878504639272e-16,0.6713493459321052,0.6713493459321049,0.5,0.5,-2.7554849635833913,3.561305637131769,1.5882856708794781,1.4360441360868812,1.6711039838386044,-1.3950987819045069,0.3885712042600038,4.0471101672964345,-3.5906428070348375,-1.4377637496687596,0.7653438135570583,-1.8260180940050181,-4.140302404523766,4.305319945281552,-4.160733102822011,2.395669539961768,1.3498511519296006,0.8620290271269926,1.21465508701113,0.2525687130080745,2.5511275145419994,2.2825877761691573,2.0140480377963152,1.7455082994234732,1.4769685610506313,1.2084288226777893,0.9398890843049472,0.6713493459321052,0.4028096075592633,0.13426986918642125,-0.1342698691864208,-0.4028096075592633,-0.6713493459321049,-0.9398890843049466,-1.208428822677789,-1.4769685610506311,-1.7455082994234727,-2.0140480377963144,-2.282587776169157,-2.5511275145419994,-0.08080206767531052,2.2177567338586144,-2.8844982952253844,-5.138169718786276,76,0.03443169196593854,1.0
a2d2c8a2-86ef-49a6-9e56-804cbb89c848,frontierscience,deepseek/deepseek-v3.2_reasoning-auto_s2,chemistry,,deepseek/deepseek-v3.2,1,is_correct,True,,,True,,,,120,2.786872071777537,2.469347585561699,-0.31752448621583795,2.002112161229539,6.337526440697586,-1.9824236439194245,4.355102796778162,1.2513390237058746,1.2251465917268727,1.005637628524689,-0.2457013951811855,46.04477117106614,0.006895994444975452,12,8,0.7894736842105263,0.21052631578947367,4.451771229481124,1.885755211216463,3.5983130614936174,5.907287039601957,0.6111111111111112,0.16666666666666666,4.315319499591675,1.5863542566907485,0.41789300273188035,0.7,0.3,1,0.0,0.0,0.0,0.0,0.0,0.0,0.0,0.0,0.0,0.0,0.0,0.0,0.0,0.0,0.0,0.0,0.0,0.0,0.0,0.0,0.0,0.0,0.0,0.0,0.0,0.0,0.0,0.0,2.786872071777537,3.657700815458398,1.5749714037703648,3.9248633956825323,-1.9824236439194245,-1.7338740546099332,0.5312631777816477,3.630867334004171,-0.364239728478959,0.4829293019247545,2.255870290200845,-1.7827261492995805,1.8155869121940371,2.53773818154284,1.001666653728082,4.355102796778162,-1.2283429275551867,-1.266253550774522,0.7023052134098993,2.469347585561699,0.0,0.0,0.0,0.0,0.0,0.0,0.0,0.0,0.0,0.0,0.0,0.0,0.0,0.0,0.0,0.0,0.0,0.0,0.0,0.0,0.14899640442691678,-2.3203511811347823,-2.3203511811347823,-10.422089806675231,121,0.01946778711484594,
1dba0086-bca8-4b25-8843-e6e428f9284d,frontierscience,deepseek/deepseek-v3.2_reasoning-auto_s2,physics,,deepseek/deepseek-v3.2,1,is_correct,True,,,True,,,,26,2.674346408520947,0.14567754410693864,-2.5286688644140085,2.3675423315070456,9.858151050770735,-5.434361313301891,4.4237897374688435,1.1972225114313915,-0.40100704663242964,-0.983201720869236,-2.1804242323006275,46.079283304172776,0.054876479907946425,11,10,0.47368421052631576,0.6842105263157895,5.580038857408829,4.278112193361905,5.702171933957387,4.683983988847772,0.7222222222222222,0.5,4.214286706808462,0.8527716003765173,0.8690567039576512,0.45,0.55,2,3.762569196281815,-3.762569196281815,-7.52513839256363,2.2837928827842218,7.52513839256363,-3.762569196281815,3.762569196281815,2.574389450087558,-0.1980299576990426,-2.7724194077866002,-5.346808857874159,7.52513839256363,1.0,0.0,1.0,0.0,1.0,0.0,7.52513839256363,-0.3960599153980846,0.3960599153980864,0.6111111111111112,0.5555555555555556,6.167905692361981e-16,0.9901497884952146,0.9901497884952143,0.5,0.5,2.674346408520947,-0.8773666703284779,-2.1034561875780047,2.1643837981840752,3.106095509159155,3.1279589159947,0.2885958060673457,-0.017614787295448964,-0.015847594591083897,4.4237897374688435,-0.26019425137892827,-0.14649099522458942,-1.3563301221039086,-5.434361313301891,0.26781062065549577,-1.8853109673998212,-4.401352199237913,0.8567736673728453,-0.8828089907129608,0.14567754410693864,3.762569196281815,3.366509280883729,2.9704493654856434,2.5743894500875575,2.178329534689472,1.782269619291386,1.3862097038933006,0.9901497884952146,0.5940898730971287,0.1980299576990432,-0.19802995769904275,-0.5940898730971291,-0.9901497884952137,-1.3862097038932992,-1.7822696192913856,-2.178329534689472,-2.5743894500875575,-2.970449365485642,-3.3665092808837285,-3.762569196281815,1.2688582518006997,4.885749903975576,-2.639388488588054,-4.323289972056468,28,0.13846153846153847,1.0
ecb58594-7fd9-4a94-b799-0f1c13acb752,frontierscience,deepseek/deepseek-v3.2_reasoning-auto_s2,chemistry,,deepseek/deepseek-v3.2,1,is_correct,True,,,True,,,,52,2.767227454509804,-2.295218882658908,-5.062446337168712,2.29244468003991,8.45006581136474,-3.6324640233497707,4.817601788014969,-0.27116956373317447,-1.1662464144259534,-0.4894289754976111,-0.21825941176443664,50.111377163154906,0.10102389165410817,12,11,0.6842105263157895,0.2631578947368421,1.3372451406908628,7.112820670673877,8.017359378684677,6.5127716436891765,0.6666666666666666,0.7222222222222222,4.5556630158405245,0.6990830073595282,1.3490072923645062,0.35,0.65,2,3.668753018539755,-3.668753018539755,-7.33750603707951,2.226848622668271,7.33750603707951,-3.668753018539755,3.668753018539755,2.5101994337377276,-0.19309226413367103,-2.7032916978713986,-5.213491131609127,7.33750603707951,1.0,0.0,1.0,0.0,1.0,0.0,7.33750603707951,-0.38618452826734195,0.38618452826734373,0.6111111111111112,0.7222222222222222,5.181040781584064e-16,0.9654613206683568,0.9654613206683564,0.5,0.5,2.767227454509804,0.9141319178210676,-0.6555197090303513,2.570303987953451,-2.3220484061183213,-3.6324640233497707,-1.5398181679181007,0.9885488447730735,-3.5535791134484502,-1.440530264261199,-2.4344550266608715,-3.341553538729488,-3.1997575906697078,4.817601788014969,-1.6951698556742079,1.3001277626791643,-0.08362260660841381,-0.7864086621623376,0.6237183914390363,-2.295218882658908,3.668753018539755,3.2825684902724124,2.89638396200507,2.5101994337377276,2.1240149054703847,1.7378303772030421,1.3516458489356995,0.9654613206683567,0.5792767924010143,0.19309226413367142,-0.19309226413367098,-0.5792767924010143,-0.9654613206683562,-1.3516458489356982,-1.737830377203042,-2.1240149054703847,-2.5101994337377267,-2.8963839620050695,-3.2825684902724124,-3.668753018539755,1.203016278298099,7.166988179496762,-0.17051785758274818,-6.491423962987831,54,0.05203619909502263,1.0
8be6ce44-a0c8-4636-80ca-2667dcc9d2af,frontierscience,deepseek/deepseek-v3.2_reasoning-auto_s2,chemistry,,deepseek/deepseek-v3.2,0,is_correct,False,,,False,,,,43,-2.6657433878769887,0.12261806989080666,2.7883614577677953,2.387995256651038,7.473315320668052,-3.763373008777078,3.7099423118909742,-0.5471801764077723,-0.8704861701654033,1.3971470136452757,1.9443271900530479,57.06910066981528,0.04885939019611365,15,11,0.5263157894736842,0.21052631578947367,3.8859910786678844,3.5873242420001676,7.110088072541487,6.743451006702161,0.2222222222222222,0.5555555555555556,5.895936983326648,1.0101920299746863,1.087231147181715,0.5,0.5,0,,,,,,,,,,,,,,,,,,,,,,,,,,,,,-2.6657433878769887,1.1811643122289672,-3.487575267998142,-1.4273075254306773,-3.763373008777078,3.3467150637644085,2.9858585792351047,-1.3779118952148395,0.11801192552974865,-1.6641417523262234,3.7099423118909742,-3.0335086948111867,-1.425564584071974,-2.4202305021543227,2.291599466957069,2.8260158407141187,-0.47926632497286814,2.7080028850343187,0.9139121442482088,0.12261806989080666,,,,,,,,,,,,,,,,,,,,,,,,,43,0.06866002214839424,
f9fdb988-7a10-4510-a8ab-d011e663be3f,frontierscience,deepseek/deepseek-v3.2_reasoning-auto_s2,physics,,deepseek/deepseek-v3.2,0,is_correct,False,,,True,,,,203,0.037130530197750276,-2.3110554046403133,-2.348185934838064,1.874731035484226,7.854978990193411,-4.5254322224192975,3.329546767774113,-0.7457131816181286,-0.5727626034050802,-0.2975815818247091,0.4481315997934195,45.039104175150186,0.05213660390993408,12,11,0.9473684210526315,0.42105263157894735,2.214376817778984,5.640602172414426,5.322222909004097,5.640602172414426,0.4444444444444444,1.0,4.285894524148693,0.5334471599022776,1.0841881592078133,0.4,0.6,5,4.4231339251546995,-2.993581525408326,-7.416715450563025,2.525970993655368,7.416715450563025,-2.993581525408326,4.4231339251546995,0.1170942213738954,-1.1564248661190357,0.7736547522805317,0.6565605309066364,21.304648718235487,0.3481266247875172,2.0,3.0,0.0,1.0,0.0,7.416715450563025,1.5431269381112656,1.5585897898753212,0.7222222222222222,0.9444444444444444,0.34392141211504434,1.0560586981889633,1.1877279981656026,0.45,0.55,0.037130530197750276,-0.6601322941616892,-1.7292824439845123,-1.6600055864227548,-1.0823751653044176,1.993119484670612,-2.1184467963218885,0.6338704283697956,-4.5254322224192975,0.7967906865847993,-2.4629951860067334,-0.05197709953454499,0.8166374298417702,0.7837677393286495,-2.664878565759782,-1.0713616555887873,-1.345820764011547,2.2780801312780623,3.329546767774113,-2.3110554046403133,4.4231339251546995,2.8773921731817627,1.3316504212088263,-0.21409133076411013,-1.759833082737047,-2.919191690548977,-2.919400865877885,-2.919610041206793,-2.9198192165357013,-2.9200283918646095,-2.148569510473432,-0.605442572362167,0.9376843657490954,2.480811303860357,4.0239382419716225,3.2407776340929506,1.6821878442176335,0.12359805434231586,-1.4349917355330053,-2.993581525408326,0.49756136708124876,7.2317506968762615,-0.18496475368676357,-2.999034554643327,208,0.010827683753597035,0.4
319ae242-19fc-4542-b75a-d32b325ea923,frontierscience,deepseek/deepseek-v3.2_reasoning-auto_s2,chemistry,,deepseek/deepseek-v3.2,0,is_correct,False,,,True,,,,122,-0.1275598963203566,2.2179012032068246,2.3454610995271814,1.3978935293391745,5.2336573737151575,-2.4292657406748916,2.8043916330402663,0.37891283065655795,0.8149646399345208,1.3148128775236092,0.9359000468670513,26.207706601933427,0.08949509146878762,13,7,0.6842105263157895,0.42105263157894735,4.647166943881716,0.5864904298334417,4.1590558390458545,3.7516878134435805,0.4444444444444444,0.3333333333333333,2.5846280418991663,1.0976079883637788,0.28530701039981843,0.7,0.3,2,-2.4965187206499895,2.4965187206499895,4.993037441299979,1.515329390245445,4.993037441299979,-2.4965187206499895,2.4965187206499895,-1.708144387813151,0.13139572213947295,1.8395401099526234,3.5476844977657747,4.993037441299979,1.0,0.0,1.0,1.0,0.0,4.993037441299979,0.0,0.26279144427894696,0.0,1.0,0.6666666666666666,2.9605947323337506e-16,0.6569786106973654,0.6569786106973657,0.5,0.5,-0.1275598963203566,-0.3527120305796374,0.8765217951216677,-0.5359793903311896,0.05226854871107324,0.3014163184542058,2.4384344695401428,-1.3132533439034375,-2.4292657406748916,1.7297900983709629,0.8119448770149138,2.4123375280217796,1.6888074276720517,2.8043916330402663,2.1943212014490383,-0.9473698061868554,1.3804059177959838,1.3477734574529299,1.6958452914237339,2.2179012032068246,-2.4965187206499895,-2.2337272763710434,-1.9709358320920969,-1.7081443878131508,-1.4453529435342045,-1.1825614992552582,-0.9197700549763119,-0.6569786106973659,-0.39418716641841955,-0.13139572213947348,0.13139572213947304,0.39418716641841955,0.6569786106973656,0.9197700549763113,1.1825614992552578,1.4453529435342043,1.7081443878131504,1.9709358320920964,2.2337272763710425,2.4965187206499895,0.16286671824649598,-4.551553205610318,0.44148423568966066,-6.847713458768581,124,0.01910310256062864,1.0
f4681d73-b08d-450c-89d3-85b9d1250419,frontierscience,deepseek/deepseek-v3.2_reasoning-auto_s2,physics,,deepseek/deepseek-v3.2,1,is_correct,True,,,True,,,,103,-2.6422449568745687,0.10522888097137247,2.7474738378459413,2.4173996168859673,8.596885168811506,-4.264704225283224,4.332180943528281,-0.5571955252463887,1.8415297626701483,-1.3153534611938513,-0.7581579359474626,46.91097004430154,0.058567832540049714,10,7,0.42105263157894735,0.8421052631578947,4.369933106254597,4.226952062556909,4.8402025935870086,6.223799544619899,0.1111111111111111,0.6111111111111112,4.216205229007713,1.0708590610264805,1.0159481162863202,0.5,0.5,2,2.545496037567947,-2.545496037567947,-5.090992075135894,1.5450574940915174,5.090992075135894,-2.545496037567947,2.545496037567947,1.7416551835991216,-0.13397347566147075,-1.8756286592605924,-3.617283842859714,5.090992075135894,1.0,0.0,1.0,0.0,1.0,0.0,5.090992075135894,-0.26794695132294155,0.26794695132294244,0.0,1.0,1.9737298215558337e-16,0.6698673783073545,0.6698673783073544,0.5,0.5,-2.6422449568745687,-1.5632000552648613,-0.9642006615975789,3.876001931989429,-1.4106561967656024,-1.6123307687962822,0.41626203058474315,0.9793375416135954,4.332180943528281,1.0664262025045503,2.5673566689062772,4.155482544071777,-2.068317000548122,1.8582414386146786,2.0606630377449067,-1.4110761271105297,-4.264704225283224,-1.8018692398576546,-2.5803630936279798,0.10522888097137247,2.545496037567947,2.2775490862450054,2.0096021349220634,1.7416551835991216,1.4737082322761799,1.205761280953238,0.9378143296302963,0.6698673783073545,0.40192042698441277,0.13397347566147122,-0.13397347566147078,-0.40192042698441277,-0.6698673783073543,-0.9378143296302959,-1.2057612809532379,-1.4737082322761799,-1.7416551835991214,-2.009602134922063,-2.2775490862450045,-2.545496037567947,-0.11126384736335575,2.3290033092332187,-2.761988765902675,-4.855786295756282,105,0.02322482391014658,1.0
22f5a060-b2ba-4d68-8ad1-cbcbd58a788e,frontierscience,deepseek/deepseek-v3.2_reasoning-auto_s2,chemistry,,deepseek/deepseek-v3.2,1,is_correct,True,,,True,,,,29,-2.4251862844174563,-2.3405841245350483,0.08460215988240805,2.719041507121602,8.94165006879832,-4.574281988376239,4.3673680804220805,0.30351599400739504,-0.5735622880137737,-0.3399853736719553,-0.6435013676793504,71.26523783643735,0.0011871448472055984,11,12,0.3157894736842105,0.21052631578947367,2.2336978638411904,6.707952204957129,6.819830218794703,6.914829774951311,0.2222222222222222,0.3333333333333333,6.073183173435434,1.063908183569373,1.260419998573192,0.5,0.5,2,3.7127784873005947,-3.7127784873005947,-7.425556974601189,2.2535710686811186,7.425556974601189,-3.7127784873005947,3.7127784873005947,2.5403221228898802,-0.1954093940684522,-2.735731516958333,-5.276053639848213,7.425556974601189,1.0,0.0,1.0,0.0,1.0,0.0,7.425556974601189,-0.3908187881369036,0.3908187881369054,0.6111111111111112,0.5555555555555556,4.934324553889585e-16,0.9770469703422618,0.9770469703422616,0.5,0.5,-2.4251862844174563,3.9547504976073258,0.19148790887804523,-1.635074486480455,-4.574281988376239,2.2455482304184637,4.3673680804220805,-2.547461694529231,4.123527160134958,0.1275378487893583,-2.534796712368962,-3.727321414839163,1.431158439304422,-0.8875796425877983,1.1786279356099936,-4.354089844182085,1.5545905540736822,2.1035670161491247,-0.18202377914739856,-2.3405841245350483,3.7127784873005947,3.32195969916369,2.931140911026785,2.5403221228898807,2.1495033347529757,1.7586845466160712,1.3678657584791667,0.9770469703422617,0.5862281822053572,0.1954093940684527,-0.19540939406845226,-0.5862281822053577,-0.9770469703422613,-1.3678657584791658,-1.7586845466160712,-2.1495033347529757,-2.5403221228898802,-2.9311409110267848,-3.3219596991636893,-3.7127784873005947,1.2598449745736444,7.313207586409288,-0.11234938819190177,-2.8573565212737186,31,0.11822660098522167,1.0
eec8840a-2d00-4e70-b043-0da51bd1b288,frontierscience,deepseek/deepseek-v3.2_reasoning-auto_s2,chemistry,,deepseek/deepseek-v3.2,1,is_correct,True,,,True,,,,36,-2.574533938266293,-3.0075947068876348,-0.4330607686213419,1.9769636692724788,7.734976691957748,-3.0075947068876348,4.727381985070113,-0.975814938200888,0.9602544365129724,0.13976421326269448,1.1155791514635824,40.68000840878322,0.010645542750867272,11,10,0.6842105263157895,1.0,0.0,7.734976691957748,7.188684679261639,4.608667505456637,0.6666666666666666,0.6111111111111112,3.9040512976472823,0.7842790911317249,0.747796002743687,0.55,0.45,2,-0.060360037168585734,0.060360037168585734,0.12072007433717147,0.03663715299280899,0.12072007433717147,-0.060360037168585734,0.060360037168585734,-0.041298972799558666,0.003176844061504507,0.04447581686106317,0.08577478966062183,0.12072007433717147,1.0,0.0,1.0,1.0,0.0,0.12072007433717147,0.0,0.006353688123009044,0.0,0.7777777777777778,0.6111111111111112,6.5533997981346044e-18,0.01588422030752256,0.01588422030752256,0.5,0.5,-2.574533938266293,-2.537603226409792,-0.2182978386024024,0.03504237704103952,0.5575791651797196,-2.028992045357768,-0.0638990609907202,0.06481572393869926,0.6575757175804526,0.27765567053968,1.308289841388278,2.1473648112651107,-2.461302694191526,4.727381985070113,2.7271739410893723,-0.6134458341480258,2.4207820020903887,-1.4502507100195785,0.7619205874516446,-3.0075947068876348,-0.060360037168585734,-0.05400634904557671,-0.04765266092256769,-0.04129897279955866,-0.034945284676549636,-0.028591596553540613,-0.02223790843053159,-0.015884220307522567,-0.009530532184513538,-0.003176844061504515,0.003176844061504508,0.009530532184513538,0.015884220307522554,0.02223790843053157,0.0285915965535406,0.03494528467654964,0.04129897279955866,0.047652660922567674,0.054006349045576704,0.060360037168585734,-0.12997268759242886,2.8172619821266203,2.9379820564637917,-11.006548511644969,38,0.0873015873015873,1.0
dbe975d5-c431-4d73-8f7c-f8bba77ea458,frontierscience,deepseek/deepseek-v3.2_reasoning-auto_s2,physics,,deepseek/deepseek-v3.2,1,is_correct,True,,,True,,,,126,2.656471155254852,-2.4385776037393083,-5.09504875899416,1.82114884114133,5.844197841130247,-2.54448605920617,3.2997117819240764,-0.44994077508172126,1.152418810365243,-1.4566353217938817,-1.0066945467121604,28.08076341806315,0.1814426724494511,10,7,0.47368421052631576,0.15789473684210525,0.1059084554668619,5.738289385663385,2.6101421685990993,2.946689476214585,0.8888888888888888,0.6111111111111112,2.112331264250281,0.6840012472662502,0.8751245314551822,0.45,0.55,2,1.1606926052531499,-1.1606926052531499,-2.3213852105062998,0.7045136906975511,2.3213852105062998,-1.1606926052531499,1.1606926052531499,0.7941580983311025,-0.06108908448700782,-0.8552471828181103,-1.6494052811492128,2.3213852105062998,1.0,0.0,1.0,0.0,1.0,0.0,2.3213852105062998,-0.12217816897401557,0.12217816897401601,0.6111111111111112,0.5555555555555556,1.356939252319636e-16,0.30544542243503947,0.3054454224350394,0.5,0.5,2.656471155254852,0.9432646068380797,-1.1190681699451885,-2.54448605920617,0.008949359853929998,-1.810102549804966,-1.2846137685625858,0.09551146050437255,1.0893349691997736,3.2997117819240764,2.5631955715924692,2.7114199770467713,-0.23526949916781392,-1.4569725885429479,-1.8047048892143582,-0.73346388452241,-2.29797610548842,0.3121660631106793,-1.7772555109094736,-2.4385776037393083,1.1606926052531499,1.038514436279134,0.9163362673051183,0.7941580983311025,0.6719799293570867,0.549801760383071,0.42762359140905526,0.30544542243503947,0.18326725346102368,0.061089084487008005,-0.06108908448700778,-0.1832672534610238,-0.30544542243503936,-0.4276235914090549,-0.5498017603830709,-0.6719799293570867,-0.7941580983311025,-0.9163362673051183,-1.0385144362791339,-1.1606926052531499,1.3135428978093342,4.912813106801792,2.5914278962954924,-8.854154440413996,128,0.018412698412698412,1.0
111d5872-2705-42c0-8df4-0fb386ba7084,frontierscience,deepseek/deepseek-v3.2_reasoning-auto_s2,biology,,deepseek/deepseek-v3.2,1,is_correct,True,,,True,,,,23,-2.8668327915233114,-2.094307887866531,0.7725249036567803,2.5153917769877308,10.693232455953876,-4.958213492036751,5.735018963917124,-0.9645804310000393,0.300722028628107,0.5657064921024816,1.530286923102521,56.86965528766225,0.013584131990059345,13,8,0.7894736842105263,0.6842105263157895,2.8639056041702196,7.829326851783655,6.284084842410811,7.1013275579507935,0.7222222222222222,0.8333333333333334,4.9425225594557345,1.0200553997133182,1.08269389291275,0.4,0.6,2,-1.2942772119091757,1.2942772119091757,2.5885544238183513,0.7855964716420297,2.5885544238183513,-1.2942772119091757,1.2942772119091757,-0.8855580923589097,0.06811985325837758,0.9536779456172871,1.839236037976197,2.5885544238183513,1.0,0.0,1.0,1.0,0.0,2.5885544238183513,0.0,0.13623970651675554,0.0,0.5555555555555556,0.6111111111111112,1.1102230246251565e-16,0.3405992662918883,0.34059926629188836,0.5,0.5,-2.8668327915233114,-0.5580822383956845,-0.5674349293102983,-1.1433132976777665,-0.31074941410334844,-3.1460785760340846,1.8404282300442167,-2.259007834463062,1.7971609974430809,2.969422577412853,2.1198011605583025,2.54143716320186,-0.10554637171953485,-4.958213492036751,1.3258713503740607,5.735018963917124,-1.3663085940336694,-2.2780024310909583,2.071967551314864,-2.094307887866531,-1.2942772119091757,-1.1580375053924203,-1.021797798875665,-0.8855580923589097,-0.7493183858421544,-0.6130786793253991,-0.47683897280864374,-0.3405992662918884,-0.2043595597751331,-0.06811985325837777,0.06811985325837755,0.2043595597751331,0.3405992662918882,0.4768389728086435,0.6130786793253988,0.7493183858421544,0.8855580923589095,1.0217977988756646,1.1580375053924201,1.2942772119091757,-1.494277998115553,-0.6942473221581977,1.8943071016601536,-11.236027540823024,25,0.16600790513833993,1.0
27c865e6-1c87-489b-b7ea-b197fe3356ba,frontierscience,deepseek/deepseek-v3.2_reasoning-auto_s2,physics,,deepseek/deepseek-v3.2,0,is_correct,False,,,False,,,,16,-2.3754080072773665,-2.829161929551754,-0.4537539222743874,3.2823198436499164,11.229748224364574,-4.490565645442045,6.739182578922529,0.6971739385402137,1.4011270848087203,-2.1493544515659777,-2.8465283901061915,61.53407686006892,0.007374026643907292,9,8,0.5263157894736842,0.15789473684210525,1.661403715890291,9.568344508474283,8.956441577316852,5.760494019488299,0.2222222222222222,0.5555555555555556,4.605386929326689,1.3920951962313113,1.302496173528978,0.4,0.6,0,,,,,,,,,,,,,,,,,,,,,,,,,,,,,-2.3754080072773665,4.713547850698474,0.1798191295493874,-4.490565645442045,-2.6963625651004333,6.260079012216419,3.2891077951370606,-1.5054804069659706,-1.871981800928812,4.497381607757094,6.739182578922529,0.9786885594342296,-0.21399833546906222,1.1840973909110326,-0.15154434200536382,-4.054741192005028,-2.3884553430235957,-1.3634403449734973,-2.108783557836629,-2.829161929551754,,,,,,,,,,,,,,,,,,,,,,,,,16,0.2916666666666667,
6646019d-bda1-4b1c-83ac-7953e853effd,frontierscience,deepseek/deepseek-v3.2_reasoning-auto_s2,physics,,deepseek/deepseek-v3.2,1,is_correct,True,,,True,,,,50,2.593047237085441,-4.60319654751754,-7.196243784602981,2.317433678872623,8.713625458235986,-4.60319654751754,4.110428910718446,0.14884828271298906,-0.08372264881845805,-0.711346060417438,-0.8601943431304271,49.43755575255982,0.14556228913542854,12,11,0.5263157894736842,1.0,0.0,8.713625458235986,4.71731051478859,5.757658600609563,0.5,0.5555555555555556,4.855783051470869,0.904753881186658,1.0953637274488037,0.5,0.5,2,3.6576834023146816,-3.6576834023146816,-7.315366804629363,2.220129620456974,7.315366804629363,-3.6576834023146816,3.6576834023146816,2.5026254857942556,-0.19250965275340423,-2.6951351385476596,-5.197760624341916,7.315366804629363,1.0,0.0,1.0,0.0,1.0,0.0,7.315366804629363,-0.3850193055068081,0.3850193055068094,0.16666666666666666,0.5555555555555556,3.9474596431116675e-16,0.9625482637670215,0.9625482637670213,0.5,0.5,2.593047237085441,2.2989446555804443,-0.9778138639645015,2.179775281933699,1.0510619733712419,-3.8400110417353694,-2.2630662632800322,-2.1720931887983674,0.6033743045018967,-0.6068816040701435,4.110428910718446,-1.6472296898911174,-2.1176928161637742,1.2440355419738531,-2.3243679550867644,-1.354921578468463,3.080967825421088,0.4490675273690834,0.4843743657779678,-4.60319654751754,3.6576834023146816,3.272664096807873,2.8876447913010646,2.5026254857942556,2.1176061802874475,1.7325868747806388,1.34756756927383,0.9625482637670215,0.577528958260213,0.19250965275340448,-0.19250965275340404,-0.5775289582602134,-0.9625482637670215,-1.3475675692738296,-1.7325868747806386,-2.1176061802874475,-2.5026254857942556,-2.8876447913010637,-3.2726640968078726,-3.6576834023146816,1.1902602439512127,9.451140193783434,2.135773389154071,-4.768321403159568,52,0.0563265306122449,1.0
f12a8706-3ddd-4255-9234-0655babceb8e,frontierscience,deepseek/deepseek-v3.2_reasoning-auto_s2,chemistry,,deepseek/deepseek-v3.2,1,is_correct,True,,,True,,,,51,2.5815896985224405,-0.1992295484112697,-2.78081924693371,2.706122494926934,11.243736605782889,-4.339343753185328,6.90439285259756,2.1521740781801055,-0.17209049922078457,-0.9295768838323478,-3.0817509620124532,59.66894465679973,0.046604129885793356,13,11,0.05263157894736842,0.8421052631578947,4.140114204774058,7.10362240100883,7.820505239831269,6.132452454106508,0.3888888888888889,0.3333333333333333,5.353530346947663,1.238568336816512,0.8244121493304541,0.5,0.5,3,-2.6619115947720857,2.7169073554994014,5.378818950271487,1.6326001675398072,5.378818950271487,-2.6619115947720857,2.7169073554994014,-1.838675015600053,0.10205842989843264,1.9874591670186863,3.8261341826187394,5.378818950271489,0.9999999999999997,0.0,1.0,1.0,0.0,5.378818950271487,0.0,0.2917792753922863,0.0,0.5555555555555556,0.0,0.0009648379074969318,0.701950308117057,0.7135283630070184,0.5,0.5,2.5815896985224405,6.90439285259756,2.9991194801048735,-0.09806058406935253,1.5145038957003965,-2.2384887524501775,3.402161956854997,-2.730290497251511,5.090214742579758,0.009507790162579965,0.7505922920444977,-0.4656335410036603,-1.4111974419558377,-2.4478268391213183,0.3077263717055375,-2.238502474741674,-4.339343753185328,-0.3196695544189492,1.2115576560575965,-0.1992295484112697,-2.6619115947720857,-2.3874994017147415,-2.1130872086573973,-1.838675015600053,-1.5642628225427089,-1.2898506294853647,-1.0154384364280205,-0.7410262433706762,-0.46661405031333203,-0.19220185725598782,0.09089387696882714,0.38267315236111343,0.6744524277533991,0.9662317031456849,1.2580109785379712,1.5497902539302575,1.8415695293225431,2.133348804714829,2.425128080107115,2.7169073554994014,0.13279910401116038,-2.3298829423496557,3.0489360079218315,-9.036802658489346,54,0.054901960784313725,0.6666666666666666
6e9aca19-46c4-46ea-9643-86b138e8f2f5,frontierscience,deepseek/deepseek-v3.2_reasoning-auto_s2,physics,,deepseek/deepseek-v3.2,0,is_correct,False,,,False,,,,55,0.0394863067542063,0.15564271972074564,0.11615641296653934,2.4781021817138935,8.15807851305815,-3.53926273837737,4.6188157746807805,-0.3620641494121041,0.4731977836954137,-0.5748407688227642,-0.21277661941066017,50.64843838162902,0.002293385870879507,9,10,0.3684210526315789,0.05263157894736842,3.6949054580981153,4.463173054960035,6.284768296977926,6.004462298867302,0.2777777777777778,0.3888888888888889,4.385888958542616,0.9688342860426058,1.1023897446902768,0.45,0.55,0,,,,,,,,,,,,,,,,,,,,,,,,,,,,,0.0394863067542063,-3.53926273837737,-2.0907077661998397,2.045517994218602,-1.0435732696521383,-2.1153389348030576,4.169429362174869,4.6188157746807805,-1.3856465241865212,-1.5729335600208942,-3.242457390235594,-1.744634191106197,4.428958645761195,2.210281730975127,1.5390707945407258,-0.24641971174935406,-2.3903704624187094,0.1694823920258668,-2.6764503450558603,0.15564271972074564,,,,,,,,,,,,,,,,,,,,,,,,,55,0.04983164983164983,
36c373f1-468f-4bba-a8d9-5a73a3be5876,frontierscience,deepseek/deepseek-v3.2_reasoning-auto_s2,chemistry,,deepseek/deepseek-v3.2,0,is_correct,False,,,False,,,,73,2.777781447373059,-0.011511959761697825,-2.789293407134757,1.9928698706937402,7.124614885872965,-2.9922859101130075,4.1323289757599575,1.669075464031091,-0.826086344277697,0.5416193473424055,-1.1274561166886854,46.479083360315265,0.06001179897442446,12,11,0.2631578947368421,0.10526315789473684,2.9807739503513098,4.143840935521656,4.988635574695655,4.86658810964123,0.1111111111111111,0.3333333333333333,4.273312544126095,1.0988638297607065,0.641331833644297,0.55,0.45,0,,,,,,,,,,,,,,,,,,,,,,,,,,,,,2.777781447373059,1.164476625473112,-2.9922859101130075,1.996349664582647,0.8930567095195587,4.1323289757599575,3.71182073562231,-1.154767374018919,0.9513969182422493,-2.121107907593852,-0.5604194685570771,1.4084139074073385,-2.457597455154474,-1.8485230302691447,-0.029862345192443365,2.1542622595879193,-1.6505612222253239,1.7188800914241247,1.0685092602218538,-0.011511959761697825,,,,,,,,,,,,,,,,,,,,,,,,,73,0.0350076103500761,
20fcf049-b356-45cf-83d8-833f280ee107,frontierscience,deepseek/deepseek-v3.2_reasoning-auto_s2,physics,,deepseek/deepseek-v3.2,1,is_correct,True,,,True,,,,71,2.8246409772326717,0.14027877297861413,-2.6843622042540574,2.3347500542420354,10.084616273368177,-5.683342970103764,4.4012733032644125,-1.3948069210234,0.29377289655582556,0.48531088874047185,1.8801178097638718,51.88572572602187,0.05173604429142231,12,10,0.8421052631578947,0.3157894736842105,5.823621743082378,4.2609945302857986,5.605711526459696,6.8588212713545555,0.8333333333333334,0.2777777777777778,4.580094670027545,0.7554840626889806,0.9952527046304901,0.5,0.5,21,-0.4303055818796891,-0.12687137903200624,0.30343420284768285,1.8626335934427896,6.7386453531763255,-4.408742632968073,2.3299027202082527,0.2052916343123746,-0.36056912331309604,0.17626955329986185,-0.029022081012512746,46.64041271284675,0.006505821565427619,11.0,10.0,0.5263157894736842,0.8947368421052632,4.281871253936067,2.456774099240259,6.110464859262593,6.159725374888442,0.9444444444444444,0.8888888888888888,4.054695826331782,0.7458657439559078,0.7473319991162019,0.45,0.55,2.8246409772326717,-1.6719494968605444,-1.3357454120601417,-4.111044368637568,-0.9616854779852437,1.1754783012507914,-5.683342970103764,-0.9235509713284662,0.2906801128495644,3.2394452873696404,2.2579604805335203,0.11125484554782039,-2.6868683561519786,-0.23251112292932286,0.4521114929942618,-1.2044382231952833,4.4012733032644125,-1.0939176933574888,0.21655767975831544,0.14027877297861413,-0.4303055818796891,-0.00816314321231909,2.0571227534607313,-0.6530959516122041,-2.2712624977603095,0.4621082296287777,2.280637631561635,-0.7025819676194875,-3.1644079926115194,2.19431221245951,2.3299027202082527,-0.2027343715995048,-1.915912056667695,-1.0625624073612283,1.6507254930493922,0.4898008705349679,1.7509827419203696,-4.408742632968073,1.7017222262945202,-0.12687137903200624,0.2971892687145313,-0.27339508614377195,0.030039116703910906,-1.492870210583142,92,0.03501006036217304,0.09523809523809523
84bba88d-2aee-4fcb-baab-4c6eea17b0d8,frontierscience,deepseek/deepseek-v3.2_reasoning-auto_s2,physics,,deepseek/deepseek-v3.2,0,is_correct,False,,,True,,,,31,0.02412940216672533,0.6591226462228585,0.6349932440561332,2.569748163806707,8.576144320577141,-4.174772277089454,4.401372043487687,0.46758636002423754,0.43416371308537066,-0.2174696604105764,-0.685056020434814,68.77841154398494,0.00923244997669137,14,12,0.5263157894736842,0.2631578947368421,4.833894923312313,3.7422493972648283,5.397144006458243,8.355954155823756,0.2777777777777778,0.5555555555555556,6.708734294194037,1.1915625024024517,0.9411908749372616,0.65,0.35,2,4.9235378506729575,-4.9235378506729575,-9.847075701345915,2.988474128953515,9.847075701345915,-4.9235378506729575,4.9235378506729575,3.368736424144655,-0.2591335710880501,-3.627869995232705,-6.99660641937736,9.847075701345915,1.0,0.0,1.0,0.0,1.0,0.0,9.847075701345915,-0.5182671421760991,0.5182671421761018,0.8333333333333334,0.5555555555555556,8.881784197001252e-16,1.2956678554402523,1.2956678554402519,0.5,0.5,0.02412940216672533,-1.0656664374723441,4.293264902184453,0.3347932656929681,2.6389839353185267,-4.174772277089454,1.2223717293687884,3.469798934519142,-1.8153474603248045,3.0415613186656496,4.401372043487687,-3.9545821123360687,-2.139514752755667,0.03585802034165653,-2.7171133528817935,0.19207877220809877,2.3905644864991578,-2.9568211058851004,1.1273505913733204,0.6591226462228585,4.9235378506729575,4.4052707084968565,3.887003566320756,3.368736424144655,2.8504692819685546,2.3322021397924537,1.8139349976163528,1.2956678554402523,0.7774007132641518,0.2591335710880509,-0.25913357108805,-0.7774007132641518,-1.2956678554402519,-1.813934997616352,-2.332202139792453,-2.8504692819685546,-3.368736424144654,-3.8870035663207556,-4.405270708496856,-4.9235378506729575,0.09941404183667069,4.36382924628677,-5.483246455059145,-2.029841507461498,33,0.1053763440860215,1.0
16318af5-cfa6-4b2c-bf25-9eb3ac468b48,frontierscience,deepseek/deepseek-v3.2_reasoning-auto_s2,physics,,deepseek/deepseek-v3.2,0,is_correct,False,,,False,,,,7,-5.649657891971262,5.641162270267135,11.290820162238397,4.439590800546461,13.3188796742254,-5.920255248374291,7.398624425851109,-3.8532996890482036,-0.20896366053356466,4.740797701126821,8.594097390175024,35.557140463774736,0.3175401625375745,3,3,0.8421052631578947,0.6842105263157895,11.561417518641427,1.7574621555839736,4.735241103757675,4.1526772818236015,0.7777777777777778,0.5555555555555556,1.256841077976035,1.986187846077875,1.9857407080934473,0.4,0.6,0,,,,,,,,,,,,,,,,,,,,,,,,,,,,,-5.649657891971262,-5.039399296852991,-4.42914070173472,-3.8188821066164493,-3.2451270080167056,-2.6786726087206674,-2.112218209424629,-0.32868937054198577,2.0633766881339604,4.455442746809906,3.5751371352360843,-0.5775401465875172,-4.73021742841111,-5.920255248374291,-1.1850141446166171,3.5502269591410576,7.398624425851109,6.812803707323119,6.226982988795127,5.641162270267135,,,,,,,,,,,,,,,,,,,,,,,,,7,1.0,
afb2ebc7-421e-4e61-8073-7c4393aa9855,frontierscience,deepseek/deepseek-v3.2_reasoning-auto_s2,physics,,deepseek/deepseek-v3.2,0,is_correct,False,,,True,,,,171,2.491608799400741,0.12368624158184759,-2.3679225578188934,2.540859404818436,8.663059751874382,-5.267470252273838,3.395589499600544,-0.3678007904950067,-1.585465864732423,0.5496784917762556,0.9174792822712623,66.93382751078984,0.035377067857611764,14,10,0.3157894736842105,0.42105263157894735,5.391156493855685,3.271903258018696,6.779601114989151,6.6435555941593325,0.16666666666666666,0.0,6.404782921655996,0.8174784358139451,1.3362182176106685,0.5,0.5,2,2.546644702581208,-2.546644702581208,-5.093289405162416,1.545754707310767,5.093289405162416,-2.546644702581208,2.546644702581208,1.7424411122924057,-0.13403393171480033,-1.876475044007206,-3.618916156299612,5.093289405162416,1.0,0.0,1.0,0.0,1.0,0.0,5.093289405162416,-0.2680678634296001,0.2680678634296014,0.8333333333333334,0.7777777777777778,2.9605947323337506e-16,0.6701696585740021,0.670169658574002,0.5,0.5,2.491608799400741,-4.151946794758592,-0.5744338281506183,-4.146763771324015,2.6328373436651358,-2.2214967818982414,3.395589499600544,0.2578200696594788,-5.267470252273838,-1.503821514988886,-2.4598412916437167,0.1377898191119497,-1.5736584199582406,-0.6890794630337065,1.2570592120748734,1.8152161199771515,2.2931531184056144,-4.135852234183519,1.9448084928015659,0.12368624158184759,2.546644702581208,2.278576839151607,2.0105089757220065,1.7424411122924055,1.4743732488628047,1.2063053854332038,0.938237522003603,0.6701696585740022,0.4021017951444015,0.1340339317148005,-0.1340339317148005,-0.4021017951444015,-0.670169658574002,-0.9382375220036026,-1.2063053854332035,-1.474373248862805,-1.742441112292405,-2.010508975722006,-2.278576839151607,-2.546644702581208,-0.11705783377381308,2.3059006272255473,-2.7873887779368687,-5.343912153162009,173,0.013071895424836602,1.0
f3ba1aae-2fc3-4d9b-a5a3-42bb91de4d7d,frontierscience,deepseek/deepseek-v3.2_reasoning-auto_s2,physics,,deepseek/deepseek-v3.2,0,is_correct,False,,,True,,,,110,-0.0019381274023290533,-2.2354741148882016,-2.2335359874858725,2.245971631318899,8.966009816116884,-4.5590428267171,4.406966989399783,-0.07850704162185698,0.4507850085024132,0.40428715362233514,0.4827941952441921,51.012982788730724,0.043783677514722445,10,10,0.5789473684210527,0.21052631578947367,2.3235687118288983,6.642441104287984,5.803650324854717,6.143164994736727,0.5,0.6111111111111112,4.400144806405688,1.0200775651843637,0.7684941306894685,0.45,0.55,4,4.397382334596215,-3.198490534300828,-7.595872868897043,1.9665370542691796,7.595872868897043,-3.198490534300828,4.397382334596215,0.9078120738637596,-0.2982299824913789,-1.237008843572771,-2.1448209174365305,15.777520289527452,0.48143641900045026,2.0,3.0,0.0,1.0,0.0,7.595872868897043,0.7484344154814564,1.1631900869108187,0.5555555555555556,0.05555555555555555,0.19136953300916454,0.731938652457609,0.8896875735491069,0.4,0.6,-0.0019381274023290533,-0.18168870405892498,-0.14446592937599467,0.9148700947552839,-4.5590428267171,0.8430779086833744,2.5796382927626915,0.9805466417833658,-1.9453780605587307,-3.233961426366908,2.5696888984878083,4.406966989399783,-1.7361980053369446,2.1138300221085182,3.559615382627067,-0.1212261165383101,-0.7844246055183395,2.4333170730793823,-0.42608469702758756,-2.2354741148882016,4.397382334596215,3.234192247685397,2.071002160774578,0.9078120738637598,-0.25537801304705887,-1.4185680999578771,-2.5817581868686954,-2.470531938851332,-1.7220975233698768,-0.9736631078884213,-0.22522869240696597,0.5232057230744904,1.271640138555945,1.5090655234465087,0.7244728471552853,-0.06011982913593794,-0.8447125054271596,-1.6293051817183812,-2.413897858009605,-3.198490534300828,0.5183030403308259,7.151159489815242,-0.44471337908180075,-5.081902650783007,114,0.021351125938281902,0.5
2c46387b-36e6-43cb-9e73-dbf1341bfafd,frontierscience,deepseek/deepseek-v3.2_reasoning-auto_s2,physics,,deepseek/deepseek-v3.2,0,is_correct,False,,,True,,,,240,-2.5124471438851246,0.14018881347611295,2.6526359573612375,2.2216098656078134,7.532174285855364,-3.7822881753034707,3.749886110551893,-0.17534969440012055,-0.561165591006481,1.4873836662213469,1.6627333606214674,56.33621725716149,0.047085801754359585,11,11,0.8421052631578947,0.10526315789473684,3.9224769887795836,3.60969729707578,6.900590422061239,4.888366967766528,0.1111111111111111,0.2222222222222222,5.029215930960814,1.0709773011816182,0.8825425512075247,0.6,0.4,2,3.762462913899709,-3.762462913899709,-7.524925827799418,2.283728371825046,7.524925827799418,-3.762462913899709,3.762462913899709,2.5743167305629586,-0.19802436388945813,-2.772341094452417,-5.346657825015376,7.524925827799418,1.0,0.0,1.0,0.0,1.0,0.0,7.524925827799418,-0.39604872777891575,0.39604872777891753,0.8333333333333334,0.7777777777777778,3.4540271877227093e-16,0.9901218194472919,0.9901218194472918,0.5,0.5,-2.5124471438851246,0.6114261111425447,-3.7822881753034707,3.1183022467577683,2.506236682319494,-2.382130285447034,1.2134527036149787,-2.850476864522359,2.0739251747681187,-2.0730757143872878,-1.4298197261518735,2.681991124942884,0.11432182024305007,-2.445024951937899,-0.175588162515446,1.797328533928836,3.749886110551893,1.9885768893275504,1.4239098125591356,0.14018881347611295,3.762462913899709,3.3664141861207924,2.9703654583418757,2.574316730562959,2.1782680027840424,1.7822192750051253,1.3861705472262087,0.990121819447292,0.5940730916683754,0.19802436388945877,-0.19802436388945832,-0.594073091668375,-0.9901218194472916,-1.3861705472262082,-1.782219275005125,-2.1782680027840424,-2.574316730562958,-2.970365458341875,-3.3664141861207915,-3.762462913899709,1.2655882000230991,4.887862300446695,-2.6370635273527228,-2.8063900866458376,242,0.00903068340306834,1.0
4a737e9f-5afd-4a14-a17b-c468cda1a8bb,frontierscience,deepseek/deepseek-v3.2_reasoning-auto_s2,chemistry,,deepseek/deepseek-v3.2,1,is_correct,True,,,True,,,,160,0.15356198266665005,-0.00865808694064012,-0.16222006960729018,1.4424204163317247,5.443338148113979,-2.1933055126932053,3.250032635420773,0.21651819940342434,0.6360782406237412,0.5920990219605727,0.3755808225571484,32.860052011022766,0.004936695460885885,12,9,0.6842105263157895,0.5789473684210527,2.184647425752565,3.258690722361413,2.8274426463726843,3.7397210372574827,0.6666666666666666,0.2777777777777778,2.5848289329362455,0.7975821662931759,0.32154370569549606,0.7,0.3,2,-2.540977472541428,2.540977472541428,5.081954945082856,1.5423148291438111,5.081954945082856,-2.540977472541428,2.540977472541428,-1.738563533844135,0.13373565644954868,1.8722991902936836,3.6108627241378186,5.081954945082856,1.0,0.0,1.0,1.0,0.0,5.081954945082856,0.0,0.2674713128990982,0.0,0.5555555555555556,0.6111111111111112,3.20731096002823e-16,0.6686782822477442,0.6686782822477444,0.5,0.5,0.15356198266665005,-0.30811008966221687,-2.175179711680152,0.3735260310005292,2.9521034535623714,2.1297233835971356,-1.609997653660347,1.0348615525910472,0.2489717677343286,1.597914186753873,0.09148306551128371,-2.1933055126932053,0.42258998904808864,3.250032635420773,1.6125233479148613,0.21774097862781794,1.8434916360025566,-0.13562305927336057,0.0231193154322014,-0.00865808694064012,-2.540977472541428,-2.2735061596423303,-2.0060348467432325,-1.738563533844135,-1.4710922209450374,-1.2036209080459397,-0.9361495951468419,-0.6686782822477444,-0.40120696934864686,-0.1337356564495491,0.13373565644954866,0.40120696934864686,0.6686782822477442,0.9361495951468415,1.2036209080459392,1.471092220945037,1.7385635338441343,2.0060348467432325,2.27350615964233,2.540977472541428,0.11441600223093036,-2.4179033833698576,2.6640515617129985,-5.10052634717076,162,0.014072327044025158,1.0
328c6a47-15d7-470e-99f5-73e468634614,frontierscience,deepseek/deepseek-v3.2_reasoning-auto_s2,physics,,deepseek/deepseek-v3.2,1,is_correct,True,,,True,,,,157,2.7845245555348104,2.318612343952056,-0.4659122115827543,2.270253718589842,8.085509000711092,-4.418085608624242,3.6674233920868495,0.2940014706454234,0.2411739603026277,0.3095550053224286,0.015553534677005154,60.532653405433365,0.007696874089793896,11,12,0.5263157894736842,0.47368421052631576,6.736697952576298,1.3488110481347935,8.085509000711092,5.521530222092711,0.5,0.3333333333333333,5.560241700633613,1.1326036490323752,0.8524257466038282,0.6,0.4,2,0.04923124310218263,-0.04923124310218263,-0.09846248620436526,0.029882231194177687,0.09846248620436526,-0.04923124310218263,0.04923124310218263,0.03368453475412496,-0.0025911180580096083,-0.036275652812134566,-0.06996018756625952,0.09846248620436526,1.0,0.0,1.0,0.0,1.0,0.0,0.09846248620436526,-0.005182236116019215,0.005182236116019229,0.6666666666666666,0.05555555555555555,5.782411586589357e-18,0.012955590290048063,0.012955590290048058,0.5,0.5,2.7845245555348104,-1.9053599432454658,2.9460805082589383,-2.572297886872855,-2.141818803164272,0.011822169190182755,2.9350596948166254,-2.586470527276085,0.9754310959537285,-4.418085608624242,3.6674233920868495,1.7674974775611556,1.2773607144485144,1.0050611779684728,-0.11893599633637697,-2.5044069580815513,0.5601964215949684,2.403003429281194,-0.8011392084757192,2.318612343952056,0.04923124310218263,0.04404900698616341,0.03886677087014418,0.03368453475412496,0.028502298638105734,0.023320062522086512,0.018137826406067287,0.012955590290048065,0.007773354174028836,0.0025911180580096144,-0.0025911180580096074,-0.007773354174028836,-0.012955590290048058,-0.018137826406067273,-0.0233200625220865,-0.02850229863810573,-0.03368453475412496,-0.038866770870144174,-0.0440490069861634,-0.04923124310218263,0.047505694908466,-2.2218754059414074,-2.3203378921457727,-10.112441819555887,159,0.014372039849746856,1.0
bc8a05ac-9db5-47b4-8618-84aa4a46466a,frontierscience,deepseek/deepseek-v3.2_reasoning-auto_s2,physics,,deepseek/deepseek-v3.2,1,is_correct,True,,,True,,,,55,-2.5855847061665944,-4.850175325778261,-2.264590619611667,2.3770148819358328,8.180436757323609,-4.850175325778261,3.3302614315453463,-1.6951529663615357,0.6169430323716102,-1.2943677977264574,0.4007851686350783,54.48896731752783,0.041560534748530664,12,12,0.6842105263157895,1.0,0.0,8.180436757323609,4.963430259933178,7.064092390434761,0.16666666666666666,1.0,4.843846651125921,0.7247569151254946,1.4904407313399055,0.4,0.6,14,5.146140417871529,0.4819159497803308,-4.664224468091199,2.3552899349091856,8.32154861684858,-3.1754081989770495,5.146140417871529,-0.8650563319688214,0.014443787922521434,0.8211274751759211,1.6861838071447424,47.10226835456605,0.09902335133800522,9.0,10.0,0.0,0.3157894736842105,3.65732414875738,4.664224468091199,3.742714293564079,6.573365499272798,0.3888888888888889,0.5,3.7236420891492497,0.9652791007580099,1.0166552486214386,0.45,0.55,-2.5855847061665944,-4.19596803809207,-3.436334959309437,-2.732626561864149,2.2308036980690282,-1.6521119533014568,0.5057517561339289,-0.6341418898864568,-1.2836060120251926,2.6539893832002863,0.1671050629058941,-2.0484328823332105,2.1334261331946043,3.3302614315453463,-2.7402253768397946,-1.6523699412445287,1.2598837728043055,-1.9972369799569636,2.213917064656499,-4.850175325778261,5.146140417871529,-1.4116786754202213,-2.637892235589649,0.304756197973718,-1.5656226414990186,-2.715689188141059,-3.1754081989770495,-2.314289269485281,1.4284250240787983,3.7756663275257702,-2.797699171747028,-0.57840272299442,1.835440248182577,-1.2480339201027668,2.410619248935004,3.5079198303180537,-1.4542898630404846,-0.4340990854317943,0.41469877049441706,0.4819159497803308,-0.5764181649604181,9.419897578689373,4.755673110598174,-5.091031882836088,69,0.04579124579124579,0.14285714285714285
710c1336-0995-4d45-bfea-48ff475f255f,frontierscience,deepseek/deepseek-v3.2_reasoning-auto_s2,physics,,deepseek/deepseek-v3.2,0,is_correct,False,,,True,,,,68,0.08225216852947692,-2.1162450418296377,-2.1984972103591147,1.684769904380051,6.593164413311927,-2.3795101183714253,4.213654294940501,-0.9664112884350491,0.2821329474471838,0.6170872514084578,1.5834985398435069,27.441888800521316,0.08011464612878068,10,7,0.7894736842105263,0.2631578947368421,0.26326507654178766,6.329899336770139,3.127354786340576,3.6496154785687476,0.6111111111111112,0.8333333333333334,2.3940354349094823,0.5884754316349595,0.642846675558175,0.4,0.6,4,4.424699269825444,-0.7592082257926567,-5.183907495618101,2.1889093800384805,7.476400157351012,-3.051700887525568,4.424699269825444,2.0983751379239957,-2.0068820028034184,-1.7144135015147028,-3.8127886394386987,9.768892819083923,0.5306545574428998,1.0,1.0,0.0,0.6842105263157895,2.2924926617329113,5.183907495618101,0.382082110288819,0.7754413773004831,0.7222222222222222,0.1111111111111111,0.06430686042162817,0.7458287479722712,1.2281302011344803,0.3,0.7,0.08225216852947692,-0.14046344756002327,-2.372952462176048,0.2579877466051792,-0.04351574407079356,-2.3795101183714253,-2.168677162001709,-0.89452146017947,-1.010527978109799,-0.41232062978352424,0.7840933375153369,-0.12450544622556434,3.002849340115012,0.6298634687982951,2.234769459823634,4.213654294940501,0.5640388163717538,-0.12599902343667768,-1.0676949974188277,-2.1162450418296377,4.424699269825444,3.6492578925249615,2.873816515224479,2.0983751379239957,1.322933760623513,0.5474923833230303,-0.22794899397745283,-0.7698644149594622,-1.1950168577822349,-1.6201693006050073,-2.04532174342778,-2.470474186250553,-2.895626629073325,-3.051700887525568,-2.669618777236749,-2.28753666694793,-1.9054545566591123,-1.5233724463702942,-1.1412903360814757,-0.7592082257926567,0.6896243821829698,7.230568693838052,2.046661198219951,-3.0497614490149303,72,0.038191395961369626,0.5
1510d6bd-6785-456d-8988-b9382a3aef9c,frontierscience,deepseek/deepseek-v3.2_reasoning-auto_s2,biology,,deepseek/deepseek-v3.2,1,is_correct,True,,,True,,,,109,2.648453149264724,-2.33712096513315,-4.985574114397874,2.372479610607162,8.73952788457209,-4.784027059657775,3.955500824914314,-0.4543715248474832,0.030398447505683608,-0.576071014769469,-0.12169948992198576,51.090385597051565,0.09758341136273578,10,7,0.3157894736842105,0.15789473684210525,2.446906094524625,6.292621790047464,6.048301956871843,6.027206162253668,0.6666666666666666,0.4444444444444444,4.508425352596966,0.8509303886319127,1.1721422701323834,0.45,0.55,2,3.7067119205019115,-3.7067119205019115,-7.413423841003823,2.2498888022947727,7.413423841003823,-3.7067119205019115,3.7067119205019115,2.5361713140276234,-0.19509010107904784,-2.731261415106671,-5.267432729134295,7.413423841003823,1.0,0.0,1.0,0.0,1.0,0.0,7.413423841003823,-0.39018020215809557,0.39018020215809646,0.1111111111111111,0.5555555555555556,3.20731096002823e-16,0.97545050539524,0.9754505053952396,0.5,0.5,2.648453149264724,-1.6338143511148133,-2.3482324691554988,-4.784027059657775,-1.067630380057473,0.049149611874139396,3.955500824914314,1.2338012619366823,2.52148360363111,-3.5057225586225575,2.047198681153354,-0.15388061885355092,-3.989196596788547,2.059105360083295,1.9908091509431571,0.5131061288374807,-2.076090119762899,-0.6521178013503204,-0.8950124821510828,-2.33712096513315,3.7067119205019115,3.3165317183438154,2.9263515161857194,2.536171314027624,2.145991111869528,1.7558109097114318,1.3656307075533358,0.9754505053952398,0.5852703032371442,0.19509010107904823,-0.19509010107904778,-0.5852703032371442,-0.9754505053952398,-1.3656307075533354,-1.7558109097114318,-2.1459911118695274,-2.536171314027623,-2.9263515161857185,-3.316531718343815,-3.7067119205019115,1.187014001245303,7.230846886880364,-0.18257695412345853,-4.717803266183015,111,0.021746517159361198,1.0
84b13a21-19c8-47a2-8661-a1b59f1062f5,frontierscience,deepseek/deepseek-v3.2_reasoning-auto_s2,chemistry,,deepseek/deepseek-v3.2,1,is_correct,True,,,True,,,,29,0.21514174946314973,2.643568340209313,2.428426590746163,2.237659864400501,7.964308795369291,-3.4134027049919493,4.5509060903773415,-0.5023708943803563,-0.08471877609194392,1.2106367137735743,1.7130076081539305,58.3456995706507,0.041621346707919504,14,12,0.8947368421052632,0.42105263157894735,6.056971045201262,1.9073377501680286,7.431004080883164,6.973411558759303,0.8888888888888888,0.9444444444444444,5.773630369810104,1.0149173822860384,0.8572077528192714,0.6,0.4,2,2.6005158056032656,-2.6005158056032656,-5.201031611206531,1.5784532266605478,5.201031611206531,-2.6005158056032656,2.6005158056032656,1.7793002880443396,-0.1368692529264876,-1.9161695409708273,-3.695469829015167,5.201031611206531,1.0,0.0,1.0,0.0,1.0,0.0,5.201031611206531,-0.27373850585297443,0.2737385058529762,0.8888888888888888,0.9444444444444444,2.9605947323337506e-16,0.6843462646324383,0.6843462646324383,0.5,0.5,0.21514174946314973,0.3757633030053156,-2.716759824514593,1.2230359369102386,-2.146492120645971,-1.7200632959336515,1.2527779910530175,-0.8285229138887247,-3.4134027049919493,0.6619409413385794,0.8480058622645581,-1.0163107375227554,0.05957317319025002,3.095684946966434,1.6775278990651308,3.694421411877444,-2.8800979905058224,4.5509060903773415,-2.422505468381962,2.643568340209313,2.6005158056032656,2.3267772997502902,2.053038793897315,1.7793002880443396,1.5055617821913643,1.231823276338389,0.9580847704854136,0.6843462646324383,0.410607758779463,0.13686925292648766,-0.13686925292648766,-0.410607758779463,-0.6843462646324383,-0.9580847704854132,-1.231823276338389,-1.5055617821913643,-1.7793002880443396,-2.053038793897314,-2.3267772997502902,-2.6005158056032656,0.04006972018187178,-0.002982814424175473,-5.204014425630707,-5.9615930869844185,31,0.11822660098522167,1.0
1e2f4cbe-4a38-4dd3-9378-14df40f7599f,frontierscience,deepseek/deepseek-v3.2_reasoning-auto_s2,physics,,deepseek/deepseek-v3.2,1,is_correct,True,,,True,,,,98,-0.12789073310927013,-4.765659078615931,-4.637768345506661,2.237051527247756,8.474968097583297,-6.062645523391238,2.4123225741920584,-0.0859412787257896,-2.0900196241390687,-1.7225473029308758,-1.6366060242050862,37.989053977716225,0.12208170143502657,9,10,0.05263157894736842,0.47368421052631576,1.2969864447753068,7.17798165280799,4.717630990420407,4.306743536185538,0.5555555555555556,0.05555555555555555,2.955391780244822,0.32814220486942247,1.6064927117513856,0.3,0.7,2,3.652725436289467,-3.652725436289467,-7.305450872578934,2.2171202492186564,7.305450872578934,-3.652725436289467,3.652725436289467,2.499233193250688,-0.19224870717312978,-2.6914819004238173,-5.1907150936745055,7.305450872578934,1.0,0.0,1.0,0.0,1.0,0.0,7.305450872578934,-0.38449741434625917,0.3844974143462605,0.16666666666666666,0.5555555555555556,3.9474596431116675e-16,0.9612435358656493,0.961243535865649,0.5,0.5,-0.12789073310927013,2.4123225741920584,-1.8944209619934789,-1.661578575938183,-0.46453450034800836,-0.2611959973291502,1.3957092434455047,-0.7163834094444079,-3.8593509983662164,-6.062645523391238,-4.383368600405134,0.33426239001527264,-1.170139352243068,1.2274881248613103,-1.2682209306492118,0.4105187826699348,0.7825429822043684,-1.3699521475988132,-4.124513425595602,-4.765659078615931,3.652725436289467,3.2682280219432074,2.8837306075969478,2.4992331932506877,2.1147357789044285,1.7302383645581687,1.3457409502119089,0.9612435358656493,0.5767461215193896,0.19224870717313003,-0.19224870717312958,-0.5767461215193901,-0.9612435358656493,-1.3457409502119084,-1.7302383645581685,-2.1147357789044285,-2.4992331932506877,-2.883730607596947,-3.268228021943207,-3.652725436289467,1.1328882185978237,9.551272733503222,2.2458218609242877,-5.584292395063425,100,0.02461603197980223,1.0
b7337452-ab08-43e5-9f3b-419107415280,frontierscience,deepseek/deepseek-v3.2_reasoning-auto_s2,chemistry,,deepseek/deepseek-v3.2,1,is_correct,True,,,True,,,,120,-2.5141159195922764,0.1256304081159653,2.6397463277082416,2.1094149918870033,6.287445832183643,-2.7631876454956954,3.5242581866879474,-0.7900393656784929,0.5511483893445587,-0.4076136795068588,0.3824256861716341,56.25680528771151,0.04692314670568142,11,11,0.5263157894736842,0.2631578947368421,2.8888180536116606,3.3986277785719823,5.7001765703082,6.127850750442777,0.5,0.5555555555555556,5.1600150179926265,0.8280089096812965,1.0339048552502308,0.5,0.5,2,2.5467026656394705,-2.5467026656394705,-5.093405331278941,1.5457898895527455,5.093405331278941,-2.5467026656394705,2.5467026656394705,1.7424807712270063,-0.1340369824020772,-1.8765177536290834,-3.6189985248560896,5.093405331278941,1.0,0.0,1.0,0.0,1.0,0.0,5.093405331278941,-0.26807396480415413,0.268073964804155,0.8888888888888888,0.0,2.9605947323337506e-16,0.6701849120103869,0.6701849120103869,0.5,0.5,-2.5141159195922764,0.03316187527974291,1.353455223736771,-1.9820959608897837,2.7336181291488404,-2.7631876454956954,-2.3911112619370494,2.4995425741135624,0.038457926754933675,-2.1759183836202527,3.5242581866879474,-2.60359256375483,-0.5193318357883812,3.094622821018931,-2.3789133443622483,-2.180799917791773,-1.1690302717723287,1.332475993480496,1.8249550552887364,0.1256304081159653,2.5467026656394705,2.2786287008353154,2.010554736031161,1.7424807712270063,1.4744068064228513,1.2063328416186967,0.9382588768145419,0.6701849120103871,0.4021109472062321,0.1340369824020775,-0.13403698240207707,-0.4021109472062321,-0.6701849120103867,-0.9382588768145412,-1.2063328416186962,-1.4744068064228513,-1.7424807712270063,-2.0105547360311604,-2.2786287008353154,-2.5467026656394705,-0.11631107098095568,2.3047611865425495,-2.7886441447363914,-6.875442251708819,122,0.01946778711484594,1.0
a74ccc5b-fd37-49fa-b784-871dbcc41e9e,frontierscience,deepseek/deepseek-v3.2_reasoning-auto_s2,chemistry,,deepseek/deepseek-v3.2,1,is_correct,True,,,True,,,,101,2.539496264504657,-4.667402301980611,-7.206898566485268,2.22441320552497,7.572660740064567,-4.667402301980611,2.9052584380839552,-0.3214781428530339,0.5353805725151399,0.061410480646030496,0.3828886234990644,50.7273446187287,0.14207127577153839,12,9,0.5263157894736842,1.0,0.0,7.572660740064567,4.749334891140396,6.73373044457106,0.1111111111111111,1.0,4.780692653747035,0.9720729601045475,0.8787839655290014,0.55,0.45,2,3.6570786296730766,-3.6570786296730766,-7.314157259346153,2.2197625373861922,7.314157259346153,-3.6570786296730766,3.6570786296730766,2.5022116939868417,-0.1924778226143722,-2.6946895166012137,-5.196901210588056,7.314157259346153,1.0,0.0,1.0,0.0,1.0,0.0,7.314157259346153,-0.3849556452287439,0.3849556452287457,0.8333333333333334,0.7777777777777778,3.4540271877227093e-16,0.9623891130718624,0.962389113071862,0.5,0.5,2.539496264504657,2.001789190981336,-2.7550766314061694,1.9942582597342264,-4.37966465220112,-1.0279630553204058,-0.6231863762637619,-1.8960555936613903,-0.15794982437333088,0.8630770721812785,2.9052584380839552,-2.0299899703507505,2.6866430615029997,1.3766808242232174,0.836253609088716,0.26996529568409366,1.9017090435160222,-0.038390905022487765,2.0663281425904496,-4.667402301980611,3.6570786296730766,3.272122984444332,2.887167339215587,2.502211693986842,2.1172560487580974,1.732300403529352,1.3473447583006073,0.9623891130718625,0.5774334678431177,0.19247782261437285,-0.1924778226143724,-0.5774334678431172,-0.962389113071862,-1.3473447583006068,-1.7323004035293517,-2.1172560487580974,-2.5022116939868413,-2.887167339215586,-3.272122984444331,-3.6570786296730766,1.1388839137063878,9.463364845360076,2.1492075860139224,-2.77991353384866,103,0.023762376237623763,1.0
f88cc0c0-2ca6-4cb0-bd1e-a37ddcf11294,frontierscience,deepseek/deepseek-v3.2_reasoning-auto_s2,physics,,deepseek/deepseek-v3.2,1,is_correct,True,,,True,,,,165,-2.5283617568154924,-0.284041014301664,2.2443207425138283,2.25739132121763,9.63889368238558,-5.027268035339242,4.611625647046338,-0.7827956763133704,-0.07175865746291028,0.017309778587786068,0.8001054549011565,47.397575287790694,0.04735096107525886,10,10,0.42105263157894735,0.5263157894736842,4.743227021037578,4.895666661348002,5.578522024108787,6.803301860237095,0.05555555555555555,0.5,4.0522150744514285,0.7057887837373247,0.9996898669826872,0.35,0.65,3,-2.51020857981973,0.09505315126270612,2.605261731082436,1.350878572077711,4.803253362203368,-2.51020857981973,2.2930447823836384,-0.9548304719112818,1.80275007132319,0.7056063821296319,1.6604368540409138,7.001244993324301,0.372114064508035,1.0,1.0,0.5263157894736842,0.0,2.605261731082436,2.1979916311209324,0.5184593693028168,0.2442212923467706,0.4444444444444444,0.7222222222222222,0.0423711478694218,0.8767762347365821,0.3683224603035245,0.75,0.25,-2.5283617568154924,-1.9350821995340906,3.6434398245746973,-0.14796485114206792,-1.3811148685345762,-2.6960665919992386,-0.4344192907428259,0.3532507934160276,4.611625647046338,1.7760338248978527,-5.027268035339242,-2.4624923936755607,0.410547903237132,-0.16400834182291982,0.0898767641576297,-0.23018474870164018,-1.8674500286795879,3.231000917416815,-0.8353432183648363,-0.284041014301664,-2.51020857981973,-1.991749210516914,-1.4732898412140978,-0.9548304719112817,-0.43637110260846557,0.08208826669435076,0.6005476359971667,1.119007005299983,1.6374663746027989,2.1559257439056156,2.2930447823836384,2.048823490036868,1.804602197690098,1.5603809053433282,1.3161596129965576,1.071938320649787,0.8277170283030171,0.5834957359562469,0.33927444360947634,0.09505315126270612,0.018031254676150438,-2.2081363108419154,0.39712542024052055,-8.472787909985875,168,0.01359940872135994,0.6666666666666666
b75893ef-5c56-4d43-9ae1-8c9caaf32ee2,frontierscience,deepseek/deepseek-v3.2_reasoning-auto_s2,chemistry,,deepseek/deepseek-v3.2,0,is_correct,False,,,True,,,,204,-2.540605501053568,-2.575458118847321,-0.03485261779375293,2.1210663405436314,6.957511285571501,-4.289462021097919,2.668049264473581,-0.5445775705068343,0.350499063372296,-1.2900089105679486,-0.7454313400611143,45.91374087567947,0.0007590890467436159,9,8,0.3684210526315789,0.8421052631578947,1.7140039022505982,5.243507383320902,5.124726917541503,5.122839161704958,0.6666666666666666,0.3888888888888889,4.1041742171633935,0.7141899109474411,1.169120061614914,0.45,0.55,2,-2.600577120165653,2.600577120165653,5.201154240331306,1.578490443188374,5.201154240331306,-2.600577120165653,2.600577120165653,-1.7793422401133416,0.13687248000871838,1.9162147201220598,3.6955569602354013,5.201154240331306,1.0,0.0,1.0,1.0,0.0,5.201154240331306,0.0,0.27374496001743776,0.0,0.7777777777777778,0.05555555555555555,2.9605947323337506e-16,0.6843624000435927,0.6843624000435928,0.5,0.5,-2.540605501053568,1.7696076939083802,0.8691294558145963,-0.06606198136543537,-3.6118454481295736,-2.4538444523895837,2.2215772396673445,2.668049264473581,-2.454789897231377,1.075345906252587,1.5205907690282414,-0.12559187166748575,-2.6774188223954885,2.447308095146014,0.9232087926376751,0.7889810020204033,-4.289462021097919,-1.040233383521282,-1.5470897345992478,-2.575458118847321,-2.600577120165653,-2.3268321601482156,-2.0530872001307787,-1.7793422401133414,-1.5055972800959043,-1.2318523200784672,-0.9581073600610301,-0.684362400043593,-0.41061744002615574,-0.13687248000871888,0.13687248000871843,0.41061744002615574,0.6843624000435926,0.9581073600610295,1.2318523200784668,1.5055972800959045,1.7793422401133414,2.0530872001307783,2.326832160148215,2.600577120165653,0.029311985724676214,0.004192984406344635,5.20534722473765,-5.247007046733028,206,0.010769825171447889,1.0
8a983c4c-070e-45b1-b2ce-300c7a68feb6,frontierscience,deepseek/deepseek-v3.2_reasoning-auto_s2,physics,,deepseek/deepseek-v3.2,0,is_correct,False,,,True,,,,187,2.5381323641720277,-2.3108129579126215,-4.848945322084649,1.7269426042760863,6.4280373048484165,-3.7614770963742314,2.6665602084741855,-0.5094915649648786,-0.6906709682384408,0.4095085099838787,0.9190000749487572,36.76217902529637,0.13190037834123078,12,9,0.8421052631578947,0.5263157894736842,1.45066413846161,4.977373166386807,4.623621048960192,4.42774261959751,0.5555555555555556,0.0,3.084911655102908,0.5557742699398082,0.8529786035658062,0.5,0.5,5,4.549932813773113,-3.0047990646554417,-7.554731878428555,2.788017525071458,9.406484757365806,-4.8565519435926925,4.549932813773113,1.3895745858625201,-2.3838200661522286,0.6855698917492349,-0.7040046941132853,24.829711240433426,0.30426176950967554,2.0,3.0,0.0,0.47368421052631576,1.8517528789372508,7.554731878428555,2.0343589708287153,1.5356476936362888,0.7222222222222222,0.9444444444444444,0.36996085589863703,1.126715745639962,1.26903069621659,0.5,0.5,2.5381323641720277,-1.8896102554254819,0.3637360946862347,-0.4068406529586972,-1.1006721329210787,-2.2872098649687906,-0.7839765073383638,-1.466558536238638,-2.5367688602405445,0.131449783982341,-3.7614770963742314,0.8621439525859611,2.452159185553704,-0.5156452069376773,0.11023583256974884,1.228039622821898,2.6665602084741855,0.31352577582451424,0.4495025781255475,-2.3108129579126215,4.549932813773113,3.495003042891378,2.4400732720096427,1.3851435011279074,0.3302137302461725,-0.719546441778515,-1.7537978172320594,-2.7880491926856035,-3.8223005681391475,-4.8565519435926925,-4.3564981459051095,-2.3221391750763947,-0.28778020424768336,1.7465787665810266,3.780937737409742,3.137791709889706,1.6021440162534208,0.06649632261713556,-1.4691513710191533,-3.0047990646554417,0.4826495495734098,7.343395321259145,-0.21133655716941036,-0.16758447107800123,192,0.011845207291127594,0.4
441c416a-8f5e-431c-9675-faeac34ff290,frontierscience,deepseek/deepseek-v3.2_reasoning-auto_s2,chemistry,,deepseek/deepseek-v3.2,0,is_correct,False,,,True,,,,138,-2.6331857711665023,-2.4336112877274445,0.19957448343905781,2.319255132224171,8.442076264941198,-4.602505641548558,3.8395706233926394,-1.0012720223545153,1.2989835157954528,-1.5313701766855796,-0.5300981543310643,53.59871672463072,0.0037234936885596273,12,8,0.5263157894736842,0.7368421052631579,2.1688943538211136,6.2731819111200835,3.920239573421292,7.1017772002259925,0.2222222222222222,0.7222222222222222,4.560672226524231,0.7508572497695265,1.106069280070872,0.35,0.65,2,1.1601755790689339,-1.1601755790689339,-2.3203511581378677,0.7041998677063639,2.3203511581378677,-1.1601755790689339,1.1601755790689339,0.7938043435734811,-0.0610618725825754,-0.8548662161560564,-1.6486705597295375,2.3203511581378677,1.0,0.0,1.0,0.0,1.0,0.0,2.3203511581378677,-0.12212374516515068,0.12212374516515112,0.6666666666666666,0.5555555555555556,1.356939252319636e-16,0.30530936291287736,0.30530936291287725,0.5,0.5,-2.6331857711665023,-0.08838571517051519,-1.4346333184904034,-0.2827383124189238,-4.140659105080785,-0.22041953165949352,1.7911175975050164,3.8279921029354806,0.22352801026814095,-0.07140952059852601,3.8395706233926394,-1.5113868019469472,0.28531863783994904,2.4992715586774343,-4.602505641548558,-1.0588203858879461,2.550346464771868,-1.050710198978769,-2.5929200107426276,-2.4336112877274445,1.1601755790689339,1.038051833903783,0.9159280887386321,0.7938043435734811,0.6716805984083302,0.5495568532431793,0.42743310807802826,0.30530936291287736,0.18318561774772646,0.06106187258257556,-0.06106187258257534,-0.18318561774772646,-0.30530936291287736,-0.42743310807802803,-0.5495568532431792,-0.67168059840833,-0.793804343573481,-0.9159280887386316,-1.0380518339037828,-1.1601755790689339,1.3291511575382986,4.922938024334677,2.602586866196809,-8.037582823042467,140,0.016608484079128318,1.0
4842f95d-b84a-4ff4-8165-64fc7bfcf00d,frontierscience,deepseek/deepseek-v3.2_reasoning-auto_s2,chemistry,,deepseek/deepseek-v3.2,0,is_correct,False,,,False,,,,250,2.6520741416235047,-2.532932052320046,-5.185006193943551,1.6923501052027545,6.302309275132573,-2.532932052320046,3.769377222812527,-0.2761263090510732,0.4230881355332797,-1.1059563427361117,-0.8298300336850384,33.23358543003934,0.15601705704786523,10,9,0.631578947368421,1.0,0.0,6.302309275132573,4.070392896029058,4.5053296780169685,0.6111111111111112,0.6666666666666666,2.7240975605325786,0.5705039290828404,0.8508541926349018,0.35,0.65,0,,,,,,,,,,,,,,,,,,,,,,,,,,,,,2.6520741416235047,-0.6901020550779813,-1.9375411299062304,-0.20888084390471562,0.37093026572057486,-1.3524989327581076,-0.7668656090545571,-0.528683033518484,0.7548763644168286,2.213648622383576,-2.2106340989405178,-0.3010156732165306,3.769377222812527,-0.7359524552044414,0.25057544845876834,1.3985965162410288,-1.7347960598980867,-2.02614614148961,-1.9910357674087251,-2.532932052320046,,,,,,,,,,,,,,,,,,,,,,,,,250,0.008642570281124497,
079657b3-e215-4944-8a67-8bb5347e4f15,frontierscience,deepseek/deepseek-v3.2_reasoning-auto_s2,chemistry,,deepseek/deepseek-v3.2,0,is_correct,False,,,True,,,,321,2.628910688540021,-2.579042320914244,-5.207953009454265,2.299786260620908,8.675408121827719,-4.310700141550292,4.364707980277427,0.9260292998439679,0.12944771285825712,-0.09161536592512176,-1.0176446657690896,52.39079841545136,0.09940587215632715,10,9,0.15789473684210525,0.6842105263157895,1.7316578206360482,6.943750301191671,7.948660848169086,4.038668430072502,0.1111111111111111,0.6666666666666666,4.072601335832238,1.1062079416679136,0.7642755969996715,0.6,0.4,247,0.011442496008499569,2.674118675558547,2.662676179550047,1.8344693079275434,7.306925608993109,-4.397384466301531,2.9095411426915776,0.62352627019264,0.06249158423716412,-0.416623228949846,-1.040149499142486,46.07452851434177,0.05779063325023993,14.0,12.0,0.42105263157894735,0.9473684210526315,7.071503141860078,0.23542246713303072,7.071503141860078,4.121841232672479,1.0,0.4444444444444444,4.181084412450833,0.8179790439372218,0.7028597635717442,0.6,0.4,2.628910688540021,-1.3346967154766203,-3.583952867891659,4.364707980277427,2.55982016664182,0.04464006513010616,1.8027757816866794,4.122561041002985,0.44291935355589374,-0.7564765040132011,-0.7507655403580045,2.430627492848208,-0.27203171147778993,-4.310700141550292,1.1324652603552012,1.9462841217756615,0.2255404010866684,-1.6978461383116175,0.42290648045759954,-2.579042320914244,0.011442496008499569,2.1019390802489424,2.1175786887492527,-0.33118852953927846,0.7236980885380615,-1.087844647419887,0.8290587147628878,0.10996933308807541,2.9095411426915776,-1.212300089980902,1.3144489359531784,0.48308363280933,-1.3275948716308084,-1.839706993270302,1.0918818278635656,-1.9684431129409994,1.9928202624725166,-1.8927325603511744,-4.397384466301531,2.674118675558547,-0.04821860945101343,2.54226620747173,5.204942387021777,-0.7488509476893981,568,0.006503115264797508,0.008097165991902834
1eca2503-b141-4f9f-ab10-e27d272c93b0,frontierscience,deepseek/deepseek-v3.2_reasoning-auto_s2,biology,,deepseek/deepseek-v3.2,0,is_correct,False,,,True,,,,70,-2.608679383592331,-2.426742394259978,0.18193698933235325,1.9035120917582231,7.285563466841587,-4.566915565818401,2.7186479010231865,0.12164000131785244,1.111055980482274,-0.8116405636522686,-0.933280564970121,40.375769340769736,0.004506093439280698,11,12,0.631578947368421,0.7368421052631579,2.140173171558423,5.145390295283164,4.777866733881195,4.135775803955681,0.7777777777777778,0.5,3.4083851071616404,0.8707834642538211,0.6828320397194575,0.55,0.45,2,3.7010068687231836,-3.7010068687231836,-7.402013737446367,2.246425967202983,7.402013737446367,-3.7010068687231836,3.7010068687231836,2.532267857547442,-0.19478983519595688,-2.7270576927433985,-5.259325550290841,7.402013737446367,1.0,0.0,1.0,0.0,1.0,0.0,7.402013737446367,-0.389579670391913,0.38957967039191477,0.6111111111111112,0.5555555555555556,4.934324553889585e-16,0.9739491759797853,0.973949175979785,0.5,0.5,-2.608679383592331,1.153720723461868,1.281485304028216,1.5150494062470052,-0.10291930275901029,0.662701321130717,-1.0498780592914976,-0.018516082373266768,2.4428252276565803,2.477846354270001,-1.657929449685681,2.3178138674578883,2.7186479010231865,-0.5032959549727918,-4.566915565818401,0.21095116806279446,-0.7217646016361929,1.9855706515342286,0.6490573602039371,-2.426742394259978,3.7010068687231836,3.3114271983312698,2.9218475279393554,2.5322678575474415,2.1426881871555272,1.7531085167636133,1.3635288463716995,0.9739491759797851,0.5843695055878713,0.19478983519595738,-0.19478983519595694,-0.5843695055878717,-0.9739491759797847,-1.3635288463716986,-1.7531085167636133,-2.1426881871555272,-2.532267857547441,-2.921847527939355,-3.311427198331269,-3.7010068687231836,1.2146662674828412,7.342415530466003,-0.059598206980364665,-3.9758904936296524,72,0.036853002070393374,1.0
6681ea07-9b3a-4a71-9b31-a88212189f27,frontierscience,deepseek/deepseek-v3.2_reasoning-auto_s2,chemistry,,deepseek/deepseek-v3.2,1,is_correct,True,,,True,,,,42,0.060568120377861114,0.15576139072066889,0.09519327034280778,2.444737916672704,8.934539157750574,-4.150743649511034,4.78379550823954,0.995361028109886,-0.6149766335881285,-0.24682338192276324,-1.2421844100326493,70.21768324388486,0.0013556879968850011,15,12,0.3157894736842105,0.5263157894736842,4.306505040231703,4.628034117518871,8.235902696669509,7.503383839459619,0.2777777777777778,0.3333333333333333,6.814303083168233,1.048199104189651,0.9891115806838652,0.55,0.45,2,1.1395958726691546,-1.1395958726691546,-2.2791917453383093,0.6917084596939744,2.2791917453383093,-1.1395958726691546,1.1395958726691546,0.7797234918262637,-0.05997873014048175,-0.8397022219667454,-1.619425713793009,2.2791917453383093,1.0,0.0,1.0,0.0,1.0,0.0,2.2791917453383093,-0.11995746028096343,0.11995746028096388,0.6111111111111112,0.5555555555555556,1.356939252319636e-16,0.29989365070240914,0.2998936507024091,0.5,0.5,0.060568120377861114,4.10106672038551,1.8572251848343897,-1.2652262791086157,0.8822051304704857,-3.4521071884299688,4.78379550823954,-2.719588331220079,-0.7909902758648168,0.8160092784464004,-4.150743649511034,2.5423573531882933,-2.530494352696183,2.5286135425405183,0.5224430471799348,-1.2163343499802832,-1.0711096505004805,-2.5856375363658395,2.7139368074094197,0.15576139072066889,1.1395958726691546,1.019638412388191,0.8996809521072273,0.7797234918262637,0.6597660315453,0.5398085712643365,0.4198511109833728,0.29989365070240914,0.17993619042144549,0.05997873014048194,-0.05997873014048172,-0.1799361904214456,-0.29989365070240903,-0.41985111098337247,-0.5398085712643363,-0.6597660315453,-0.7797234918262637,-0.8996809521072273,-1.0196384123881908,-1.1395958726691546,1.3142489963263937,2.2980834782748794,0.018891732936570094,-9.544404718791789,44,0.06968641114982578,1.0
0949d931-d0ad-4146-86e7-ef725919e3de,frontierscience,deepseek/deepseek-v3.2_reasoning-auto_s2,chemistry,,deepseek/deepseek-v3.2,0,is_correct,False,,,True,,,,218,2.8313285861041293,-2.1682808056657046,-4.999609391769834,2.24952633898838,7.65257013918932,-3.2042367261700497,4.44833341301927,-0.2700257143033797,0.921166630907857,0.4733261473527511,0.7433518616561308,53.69934784159196,0.09310372644595634,12,9,0.7368421052631579,0.5789473684210527,1.0359559205043452,6.616614218684974,5.528710732877862,6.361360960227432,0.6111111111111112,0.5555555555555556,4.854287197349629,1.1583528769207492,0.7884557119033568,0.65,0.35,2,3.712888707295484,-3.712888707295484,-7.425777414590968,2.2536379696806055,7.425777414590968,-3.712888707295484,3.712888707295484,2.5403975365705946,-0.19541519512081454,-2.7358127316914085,-5.276210268262004,7.425777414590968,1.0,0.0,1.0,0.0,1.0,0.0,7.425777414590968,-0.39083039024162947,0.39083039024163035,0.1111111111111111,0.16666666666666666,2.9605947323337506e-16,0.9770759756040748,0.9770759756040747,0.5,0.5,2.8313285861041293,-3.0211304147712594,-1.4630919656109431,0.5806288242552146,2.5534041773396514,-2.170450849876711,-1.2008683575637398,0.1268413824845243,0.8123933836062227,0.6098592796100886,3.1571242340573824,-3.2042367261700497,2.3244740067078116,2.6217108560590194,4.44833341301927,0.02467960394990154,2.636337455635958,-2.541055118408731,0.4399423355858132,-2.1682808056657046,3.712888707295484,3.322058317053854,2.931227926812224,2.5403975365705946,2.1495671463289643,1.7587367560873346,1.367906365845705,0.977075975604075,0.5862455853624451,0.19541519512081518,-0.19541519512081473,-0.5862455853624446,-0.9770759756040741,-1.3679063658457036,-1.758736756087334,-2.1495671463289643,-2.5403975365705938,-2.931227926812223,-3.3220583170538536,-3.712888707295484,1.2274283544527242,7.108597867413913,-0.3171795471770551,-5.41725127110605,220,0.010019870629518455,1.0
3a998a27-4c4b-47c6-bd2c-dd1c9deb3d63,frontierscience,deepseek/deepseek-v3.2_reasoning-auto_s2,physics,,deepseek/deepseek-v3.2,0,is_correct,False,,,True,,,,152,-2.77066640605345,-2.463380907592355,0.3072854984610949,2.198270165501549,7.81701915422316,-3.648850779762731,4.1681683744604285,-0.38231425688848947,0.679723827083914,-1.2872395756149275,-0.9049253187264381,44.69104039253439,0.006875774109578052,11,10,0.15789473684210525,0.10526315789473684,1.1854698721703762,6.6315492820527835,7.81701915422316,4.6988841407274755,0.1111111111111111,0.4444444444444444,4.424494473190399,0.8319963943138872,1.1140749174299667,0.45,0.55,2,3.7005354196257,-3.7005354196257,-7.4010708392514,2.2461398084541973,7.4010708392514,-3.7005354196257,3.7005354196257,2.5319452871123214,-0.19476502208556287,-2.726710309197884,-5.258655596310206,7.4010708392514,1.0,0.0,1.0,0.0,1.0,0.0,7.4010708392514,-0.38953004417112513,0.3895300441711269,0.6111111111111112,0.5555555555555556,6.167905692361981e-16,0.9738251104278159,0.9738251104278156,0.5,0.5,-2.77066640605345,-2.3203710555461914,-3.648850779762731,4.1681683744604285,2.7461665912291355,0.004841393504932418,-0.8554879160515505,0.7871997327163509,2.199857747827185,-2.4990263929002903,2.5216658566919836,-0.24724078463621924,1.127446339404211,0.8681642904841771,-2.5647058432965415,-1.4311581124105892,-1.290602117874124,2.21641755995934,-2.190008032475295,-2.463380907592355,3.7005354196257,3.3110053754545734,2.9214753312834474,2.531945287112321,2.142415242941195,1.7528851987700684,1.3633551545989424,0.9738251104278159,0.5842950662566895,0.19476502208556346,-0.194765022085563,-0.5842950662566899,-0.973825110427815,-1.363355154598941,-1.752885198770068,-2.142415242941195,-2.531945287112321,-2.921475331283446,-3.311005375454573,-3.7005354196257,1.1876509151926582,7.351567242410713,-0.049503596840686725,-8.15106454561974,154,0.014900662251655629,1.0
5ef8b29d-7665-45e6-a26a-bd4a27f450ad,frontierscience,deepseek/deepseek-v3.2_reasoning-auto_s2,chemistry,,deepseek/deepseek-v3.2,0,is_correct,False,,,True,,,,714,2.808505919119004,-2.451945914090373,-5.260451833209377,2.4608950431029277,9.139192922960762,-3.333241402504185,5.805951520456577,1.278868928084098,1.394485898330851,-1.3262512288529422,-2.60512015693704,40.25125142505647,0.1306903921485218,10,9,0.42105263157894735,0.5789473684210527,0.8812954884138122,8.25789743454695,3.4599297429410094,5.612354860347855,0.6111111111111112,0.5555555555555556,3.3489809842278078,1.342379584433851,0.8045807638445014,0.55,0.45,2,3.7010021848178134,-3.7010021848178134,-7.402004369635627,2.246423124180253,7.402004369635627,-3.7010021848178134,3.7010021848178134,2.5322646527700825,-0.19478958867462154,-2.7270542414447045,-5.259318894214787,7.402004369635627,1.0,0.0,1.0,0.0,1.0,0.0,7.402004369635627,-0.3895791773492423,0.3895791773492441,0.8888888888888888,0.7222222222222222,3.9474596431116675e-16,0.9739479433731087,0.9739479433731087,0.5,0.5,2.808505919119004,-1.2719756486109852,1.9773085863632591,1.4088897118393977,-0.39070145449792526,1.241645537327562,3.1784098450483738,3.4460580652136628,5.805951520456577,3.6537935020913,2.27911345784367,-3.333241402504185,0.1266883404368242,-2.2169621952218903,0.9212272029373905,-0.6434622090225437,-2.1283622278521346,-2.5531538349922527,-1.1018103900977398,-2.451945914090373,3.7010021848178134,3.3114230074685698,2.921843830119326,2.532264652770083,2.1426854754208393,1.753106298071596,1.3635271207223525,0.9739479433731089,0.5843687660238652,0.19478958867462204,-0.1947895886746216,-0.5843687660238652,-0.9739479433731084,-1.3635271207223516,-1.7531062980715957,-2.1426854754208398,-2.532264652770083,-2.9218438301193252,-3.3114230074685693,-3.7010021848178134,1.1895583365237106,7.342506435431897,-0.05949793420372984,-5.1216313996476615,716,0.0028796932517747634,1.0
adadda00-bef8-417d-97d6-cfd9dec33cba,frontierscience,deepseek/deepseek-v3.2_reasoning-auto_s2,chemistry,,deepseek/deepseek-v3.2,1,is_correct,True,,,True,,,,265,-2.781577113200846,-2.199499254200052,0.582077859000794,1.976895752565361,7.445598192035173,-4.6419698016544215,2.8036283903807515,-0.06982118093343091,-0.1828236318239646,-1.139130748279473,-1.0693095673460422,38.70727966121296,0.015037942839059066,13,10,0.10526315789473684,0.47368421052631576,2.4424705474543695,5.003127644580804,7.126005524475596,3.65013160173375,0.5,0.1111111111111111,3.405059844876106,0.614357314813965,1.0445222237628955,0.4,0.6,8,2.517120352352831,0.16000956715315828,-2.357110785199673,1.6792867927255781,6.2766567072730695,-3.759536354920238,2.517120352352831,0.6420623167315824,-0.901310451737282,-0.05168019265293944,-0.6937425093845219,21.790308683207286,0.10817243663079365,4.0,4.0,0.0,0.7368421052631579,3.919545922073396,2.357110785199673,2.681828088607905,2.6290031768160746,0.7777777777777778,0.6111111111111112,0.9626061353526606,0.611856625420443,0.7180975304683195,0.55,0.45,-2.781577113200846,-1.920811311917054,2.8036283903807515,-0.8465032113529984,0.03779271032193801,-0.1704516744984259,2.3891739437326183,-0.8678990754243228,-2.693915578978777,-4.6419698016544215,2.4840357228211754,1.3451418776552746,1.7604579596301355,1.3343834731831832,-0.19208565228614738,-2.613953474118335,-0.817016955065122,-1.1447613725614072,0.13253221855422462,-2.199499254200052,2.517120352352831,1.6451147671714859,0.7731091819901403,0.12661688526081907,0.04390780966155819,-0.038801265937702695,-0.5726315133780538,-1.4448026396992226,-2.3169737660203915,-0.9672925390570712,0.7526974134536641,1.8514026332034237,-0.777600543612651,-3.4066037204287256,-3.759536354920238,-1.077708266312333,1.6041198222955657,1.7886861948597543,0.9743478810064563,0.16000956715315828,-0.02804224199182417,4.688577364561059,2.3314665793613862,-6.613024053526267,273,0.008061749571183533,0.25
bb0539ef-d9fd-4215-bf16-b0eca44a8778,frontierscience,deepseek/deepseek-v3.2_reasoning-auto_s2,physics,,deepseek/deepseek-v3.2,1,is_correct,True,,,True,,,,84,0.20929161396929322,-2.380217123301025,-2.589508737270318,1.8858916359193316,6.630671657454641,-3.681004363182145,2.9496672942724964,0.07035054618811407,1.1007608969760456,0.08269760846339118,0.012347062275277113,47.697252177227966,0.054290522390021946,12,13,0.21052631578947367,0.15789473684210525,1.30078723988112,5.329884417573521,6.630671657454641,4.272777437527903,0.16666666666666666,0.1111111111111111,4.406229365987431,1.0406054897644672,0.605907202117994,0.6,0.4,6,1.6696345431074868,-3.3117006320104188,-4.981335175117906,1.6565052188374763,7.0405411975501035,-3.3117006320104188,3.728840565539685,0.42602086325173477,-0.6837438977879089,0.6751831746033977,0.24916231135166295,20.218351944950463,0.24637691482870813,4.0,5.0,0.7894736842105263,1.0,0.0,7.0405411975501035,1.8655421138024786,1.9509604263975295,0.7222222222222222,1.0,0.5177156086196489,0.6935638464615883,0.5812119561682298,0.5,0.5,0.20929161396929322,-1.0278083733217536,0.5917730743457579,-3.681004363182145,2.9496672942724964,2.1761280490119335,-0.7255934717787841,2.2021338284131753,1.8066817573878957,1.716677735229731,-0.702148325449808,2.5546637916640074,0.821847320811691,-0.6945298292243729,-2.6574846533218452,2.680504558685636,-0.24935790278014736,2.531732082763271,0.5710086887344574,-2.380217123301025,1.6696345431074868,1.077354447779927,0.4850743524523673,-0.10720574287519247,-0.49211993582005836,-0.047570519234148345,0.3969788973517616,0.8415283139376716,0.6771664893588561,-0.4005621969670503,-1.4782908832929569,-2.5560195696188646,-1.8677857758677467,-0.002243662065271934,1.8632984517372067,3.728840565539685,2.5411806471821645,0.5902202207846394,-1.3607402056128892,-3.3117006320104188,0.8568802829821562,4.906731949390668,-0.07460322572723754,-2.809796802297889,90,0.025243832472748137,0.3333333333333333
dcc38501-c38e-4a8e-a069-1a401d6432c0,frontierscience,deepseek/deepseek-v3.2_reasoning-auto_s2,physics,,deepseek/deepseek-v3.2,0,is_correct,False,,,True,,,,130,-0.08088924919124675,-2.5194069639221817,-2.438517714730935,1.7030605212017214,6.350000108320449,-3.75188984879605,2.598110259524399,-2.156118295316871,-0.02568541444962385,-0.9060103922078419,1.2501079031090292,36.49141721747657,0.06682441792266357,10,6,0.42105263157894735,0.3157894736842105,1.2324828848738685,5.117517223446581,4.610431242451933,3.8532633982185387,0.5555555555555556,0.4444444444444444,2.8249703308959018,0.33229629833209245,1.3677307144127182,0.15,0.85,87,-0.018182334372248962,-2.560375145216405,-2.5421928108441563,1.9375634306736522,7.294537809278776,-4.191492101363266,3.103045707915509,0.43095482383801526,0.12095823734470741,-1.2220082660151839,-1.652963089853199,41.00480839476271,0.06199743177360767,14.0,10.0,0.5263157894736842,0.7894736842105263,1.6311169561468613,5.663420853131914,4.331272970733245,4.312522410728632,0.8333333333333334,0.6666666666666666,3.94607266710567,0.6795269927829831,0.8529599011735854,0.45,0.55,-0.08088924919124675,-2.5992785053731096,-3.206860289497567,-2.6305423910969536,-0.5399589286873492,-2.28340885457582,-3.75188984879605,-0.481113787915306,2.598110259524399,-1.2551531386941397,-2.0490641298067245,2.561367112645209,-0.19605528118086635,-1.3578889357199382,-0.18112020986892413,1.4864485944722419,-1.6297465588436957,-1.0749670492456598,-1.5172701658388308,-2.5194069639221817,-0.018182334372248962,-0.02752039850123167,0.08488838113250563,-1.522641018347791,2.66588440962261,-0.29570123667818127,2.1299559640104437,-1.7535588374790052,-2.678136440286641,-0.6453805668248416,3.103045707915509,1.5327901420194432,2.8002350333985597,-1.5122873773300722,-1.8539225670720236,-4.191492101363266,0.13978086936997824,0.004571487419305659,1.1293878607713075,-2.560375145216405,-0.1607010400313644,2.3405235895185683,-0.20166922132558796,0.09428356563399731,217,0.015384615384615385,0.025928896017107725
0ea11f5b-df09-4330-92cc-302a63c22008,frontierscience,deepseek/deepseek-v3.2_reasoning-auto_s2,physics,,deepseek/deepseek-v3.2,1,is_correct,True,,,True,,,,74,2.668492065961353,-5.016538002988334,-7.685030068949686,2.3223201539188914,7.685030068949686,-5.016538002988334,2.668492065961353,0.9312092143729568,-0.8857824681520492,-0.08560960547713492,-1.0168188198500916,45.2138580080355,0.1699706772995104,12,9,0.0,1.0,0.0,7.685030068949686,5.73390085016451,7.552449873613051,0.8333333333333334,1.0,4.418463496823721,1.0638422226905846,1.0736257431564074,0.55,0.45,4,1.740123517660507,-3.2417781521871376,-4.981901669847645,1.3163566052374367,4.981901669847645,-3.2417781521871376,1.740123517660507,0.7459477914937952,0.8709682234117,-1.2277815636499936,-1.9737293551437887,8.731884628736388,0.5705413987551262,2.0,3.0,0.0,1.0,0.0,4.981901669847645,0.3503744910032567,0.8055986354148583,0.5555555555555556,0.7777777777777778,0.10209664034131184,0.6238981987071679,0.4263120625852427,0.65,0.35,2.668492065961353,2.5007708967223987,-2.6399027567315625,1.5157731557867404,1.251590840537634,-1.2299844083643032,2.451724706698438,1.6774862863479951,1.5131844584196932,-1.4946226792135098,-2.1482661880522818,-1.0624200450441177,-2.256194371754765,-2.429644737767358,0.8823381680786211,-3.1949416732119125,2.5389591769525968,1.7406128276815014,2.5359118706247172,-5.016538002988334,1.740123517660507,1.4087316089382698,1.0773397002160325,0.7459477914937952,0.41455588277155786,0.08316397404932063,-0.2482279346729166,-0.12510891024482507,0.22526558075843106,0.5756400717616872,0.9260145627649432,1.2763890537681999,1.6267635447714555,1.591813660302008,0.78621502488715,-0.019383610527708317,-0.8249822459425649,-1.6305808813574214,-2.4361795167722793,-3.2417781521871376,0.6195183942456882,7.376179914894529,2.394278245046884,-6.309930930914536,78,0.03443169196593854,0.5
239c543b-7543-445a-b492-89c994b9ba7c,frontierscience,deepseek/deepseek-v3.2_reasoning-auto_s2,physics,,deepseek/deepseek-v3.2,0,is_correct,False,,,False,,,,79,0.21248130874239757,2.5121728286407223,2.2996915198983245,2.368155170241054,9.058726892891512,-4.6847654565492105,4.373961436342301,-0.7581681907167436,0.6926871688233283,-0.2987619032622035,0.4594062874545401,52.89418911207372,0.04347720531315212,13,10,0.5789473684210527,0.9473684210526315,7.196938285189933,1.861788607701579,7.196938285189933,5.367991477621064,1.0,0.7222222222222222,4.732867403002433,0.8851186829645494,0.9976656116059056,0.45,0.55,0,,,,,,,,,,,,,,,,,,,,,,,,,,,,,0.21248130874239757,0.17890087575864996,-1.412019514327294,0.4791776170637454,-2.0481999548669574,-2.644953827778188,-0.07256383960955809,-0.8125848340305457,-1.774149731557031,0.029537837109783194,-2.526458271202141,4.373961436342301,2.49332185312836,3.0651818919725717,-2.3028095856484927,-0.9639201157475714,4.3576380105324555,-0.7108871008011242,-4.6847654565492105,2.5121728286407223,,,,,,,,,,,,,,,,,,,,,,,,,79,0.03180785459266472,
