id,subject,failure_type,true_step_index,step_index,target,n_steps,step_pos,remaining_steps,slod_value,slod_centered,slod_from_start,slod_to_end,delta_prev,delta_next,abs_delta_prev,abs_delta_next,curvature,fall_from_peak,rebound_from_trough,is_peak_so_far,is_trough_so_far,reasoning_range,reasoning_monotonicity,reasoning_total_variation,reasoning_direction_changes,reasoning_curvature_abs_mean,reasoning_n_chunks,reasoning_peak_pos,reasoning_trough_pos,fold,prob_responsible
SmolAgents/001,Math,Planning Hallucination,0,0,1,3,0.0,2.0,4.888757890272686,4.8887578902726885,0.0,-7.333136835409032,0.0,-7.333136835409032,0.0,7.333136835409032,-7.333136835409032,0.0,0.0,1.0,1.0,7.333136835409032,1.0,7.333136835409032,0,0.04288384114274314,3,0.0,0.5263157894736842,0,0.8994235227131988
SmolAgents/001,Math,Planning Hallucination,0,1,0,3,0.5,1.0,-2.4443789451363465,-2.4443789451363442,-7.333136835409032,0.0,-7.333136835409032,0.0,7.333136835409032,0.0,7.333136835409032,7.333136835409032,0.0,0.0,1.0,7.333136835409032,1.0,7.333136835409032,0,0.04288384114274314,3,0.0,0.5263157894736842,0,0.47420836723665216
SmolAgents/001,Math,Planning Hallucination,0,2,0,3,1.0,0.0,-2.4443789451363465,-2.4443789451363442,-7.333136835409032,0.0,0.0,0.0,0.0,0.0,0.0,7.333136835409032,0.0,0.0,1.0,7.333136835409032,1.0,7.333136835409032,0,0.04288384114274314,3,0.0,0.5263157894736842,0,0.7509739976704819
SmolAgents/002,Science,Reasoning Hallucination,6,0,0,7,0.0,6.0,2.389002254468661,3.817527164020386,0.0,-0.44638820308219707,0.0,-9.637989144213346,0.0,9.637989144213346,-9.637989144213346,0.0,0.0,1.0,1.0,9.130726557675802,0.01625755178860021,27.457283168256875,5,0.891101590631777,7,0.0,0.15789473684210525,1,0.5952246206234315
SmolAgents/002,Science,Reasoning Hallucination,6,1,0,7,0.16666666666666666,5.0,-7.248986889744685,-5.8204619801929605,-9.637989144213346,9.19160094113115,-9.637989144213346,6.971682267458704,9.637989144213346,6.971682267458704,16.60967141167205,9.637989144213346,0.0,0.0,1.0,9.130726557675802,0.01625755178860021,27.457283168256875,5,0.891101590631777,7,0.0,0.15789473684210525,1,0.5437105370361495
SmolAgents/002,Science,Reasoning Hallucination,6,2,0,7,0.3333333333333333,4.0,-0.27730462228598185,1.1512202872657429,-2.6663068767546427,2.2199186736724457,6.971682267458704,-4.4854459597679295,6.971682267458704,4.4854459597679295,-11.457128227226633,2.6663068767546427,6.971682267458704,0.0,0.0,9.130726557675802,0.01625755178860021,27.457283168256875,5,0.891101590631777,7,0.0,0.15789473684210525,1,0.4194301533369243
SmolAgents/002,Science,Reasoning Hallucination,6,3,0,7,0.5,3.0,-4.762750582053911,-3.3342256725021864,-7.151752836522572,6.705364633440375,-4.4854459597679295,4.854991170047125,4.4854459597679295,4.854991170047125,9.340437129815054,7.151752836522572,2.486236307690774,0.0,0.0,9.130726557675802,0.01625755178860021,27.457283168256875,5,0.891101590631777,7,0.0,0.15789473684210525,1,0.32983557870488883
SmolAgents/002,Science,Reasoning Hallucination,6,4,0,7,0.6666666666666666,2.0,0.09224058799321355,1.5207654975449383,-2.2967616664754473,1.8503734633932503,4.854991170047125,-2.226729754619047,4.854991170047125,2.226729754619047,-7.081720924666172,2.2967616664754473,7.341227477737899,0.0,0.0,9.130726557675802,0.01625755178860021,27.457283168256875,5,0.891101590631777,7,0.0,0.15789473684210525,1,0.4353840108389574
SmolAgents/002,Science,Reasoning Hallucination,6,5,0,7,0.8333333333333334,1.0,-2.1344891666258334,-0.7059642570741087,-4.523491421094494,4.077103218012297,-2.226729754619047,4.077103218012297,2.226729754619047,4.077103218012297,6.303832972631344,4.523491421094494,5.114497723118852,0.0,0.0,9.130726557675802,0.01625755178860021,27.457283168256875,5,0.891101590631777,7,0.0,0.15789473684210525,1,0.5252662506433813
SmolAgents/002,Science,Reasoning Hallucination,6,6,1,7,1.0,0.0,1.9426140513864638,3.3711389609381888,-0.44638820308219707,0.0,4.077103218012297,0.0,4.077103218012297,0.0,-4.077103218012297,0.44638820308219707,9.19160094113115,0.0,0.0,9.130726557675802,0.01625755178860021,27.457283168256875,5,0.891101590631777,7,0.0,0.15789473684210525,1,0.5395098956233717
SmolAgents/003,Math,Planning Hallucination,0,0,1,12,0.0,11.0,2.797079495557764,2.813512638990004,0.0,1.882051580020871,0.0,-2.3068903775272673,0.0,2.3068903775272673,-2.3068903775272673,0.0,0.0,1.0,1.0,11.268348397500473,0.058417855410550404,32.21706046540297,5,1.6344564596768876,12,1.0,0.7368421052631579,1,0.0931651627024117
SmolAgents/003,Math,Planning Hallucination,0,1,0,12,0.09090909090909091,10.0,0.4901891180304965,0.5066222614627364,-2.3068903775272673,4.188941957548138,-2.3068903775272673,1.044547224003928,2.3068903775272673,1.044547224003928,3.3514376015311953,2.3068903775272673,0.0,0.0,1.0,11.268348397500473,0.058417855410550404,32.21706046540297,5,1.6344564596768876,12,1.0,0.7368421052631579,1,0.2201986292530798
SmolAgents/003,Math,Planning Hallucination,0,2,0,12,0.18181818181818182,9.0,1.5347363420344244,1.5511694854666642,-1.2623431535233394,3.1443947335442104,1.044547224003928,0.39782362726771225,1.044547224003928,0.39782362726771225,-0.6467235967362157,1.2623431535233394,1.044547224003928,0.0,0.0,11.268348397500473,0.058417855410550404,32.21706046540297,5,1.6344564596768876,12,1.0,0.7368421052631579,1,0.08158165824698747
SmolAgents/003,Math,Planning Hallucination,0,3,0,12,0.2727272727272727,8.0,1.9325599693021367,1.9489931127343765,-0.8645195262556271,2.746571106276498,0.39782362726771225,0.5370264345823585,0.39782362726771225,0.5370264345823585,0.1392028073146463,0.8645195262556271,1.4423708512716402,0.0,0.0,11.268348397500473,0.058417855410550404,32.21706046540297,5,1.6344564596768876,12,1.0,0.7368421052631579,1,0.11186027798676607
SmolAgents/003,Math,Planning Hallucination,0,4,0,12,0.36363636363636365,7.0,2.4695864038844952,2.4860195473167352,-0.32749309167326857,2.2095446716941396,0.5370264345823585,-4.886034755540329,0.5370264345823585,4.886034755540329,-5.423061190122688,0.32749309167326857,1.9793972858539988,0.0,0.0,11.268348397500473,0.058417855410550404,32.21706046540297,5,1.6344564596768876,12,1.0,0.7368421052631579,1,0.2121193695228365
SmolAgents/003,Math,Planning Hallucination,0,5,0,12,0.45454545454545453,6.0,-2.416448351655834,-2.400015208223594,-5.213527847213598,7.095579427234469,-4.886034755540329,7.295824806849417,4.886034755540329,7.295824806849417,12.181859562389747,5.213527847213598,0.0,0.0,1.0,11.268348397500473,0.058417855410550404,32.21706046540297,5,1.6344564596768876,12,1.0,0.7368421052631579,1,0.5270696725010676
SmolAgents/003,Math,Planning Hallucination,0,6,0,12,0.5454545454545454,5.0,4.879376455193583,4.8958095986258225,2.082296959635819,-0.20024537961494815,7.295824806849417,-7.311327374668529,7.295824806849417,7.311327374668529,-14.607152181517947,0.0,7.295824806849417,1.0,0.0,11.268348397500473,0.058417855410550404,32.21706046540297,5,1.6344564596768876,12,1.0,0.7368421052631579,1,0.15349120072209704
SmolAgents/003,Math,Planning Hallucination,0,7,0,12,0.6363636363636364,4.0,-2.4319509194749465,-2.4155177760427065,-5.22903041503271,7.111081995053581,-7.311327374668529,-4.367191515496163,7.311327374668529,4.367191515496163,2.9441358591723663,7.311327374668529,0.0,0.0,1.0,11.268348397500473,0.058417855410550404,32.21706046540297,5,1.6344564596768876,12,1.0,0.7368421052631579,1,0.250424616565096
SmolAgents/003,Math,Planning Hallucination,0,8,0,12,0.7272727272727273,3.0,-6.79914243497111,-6.78270929153887,-9.596221930528873,11.478273510549744,-4.367191515496163,1.9942885739680953,4.367191515496163,1.9942885739680953,6.3614800894642585,11.678518890164693,0.0,0.0,1.0,11.268348397500473,0.058417855410550404,32.21706046540297,5,1.6344564596768876,12,1.0,0.7368421052631579,1,0.16830284674615129
SmolAgents/003,Math,Planning Hallucination,0,9,0,12,0.8181818181818182,2.0,-4.804853861003014,-4.788420717570775,-7.601933356560778,9.483984936581649,1.9942885739680953,2.277392847339506,1.9942885739680953,2.277392847339506,0.28310427337141064,9.684230316196597,1.9942885739680953,0.0,0.0,11.268348397500473,0.058417855410550404,32.21706046540297,5,1.6344564596768876,12,1.0,0.7368421052631579,1,0.10015851851752315
SmolAgents/003,Math,Planning Hallucination,0,10,0,12,0.9090909090909091,1.0,-2.5274610136635083,-2.5110278702312683,-5.324540509221272,7.206592089242143,2.277392847339506,7.206592089242143,2.277392847339506,7.206592089242143,4.929199241902637,7.406837468857091,4.271681421307601,0.0,0.0,11.268348397500473,0.058417855410550404,32.21706046540297,5,1.6344564596768876,12,1.0,0.7368421052631579,1,0.46143284358820486
SmolAgents/003,Math,Planning Hallucination,0,11,0,12,1.0,0.0,4.679131075578635,4.695564219010874,1.882051580020871,0.0,7.206592089242143,0.0,7.206592089242143,0.0,-7.206592089242143,0.20024537961494815,11.478273510549744,0.0,0.0,11.268348397500473,0.058417855410550404,32.21706046540297,5,1.6344564596768876,12,1.0,0.7368421052631579,1,0.5158234896013548
SmolAgents/006,General Assistant,Retrieval Hallucination,4,0,0,10,0.0,9.0,2.761171062270691,3.690782492598247,0.0,-5.225435170571913,0.0,-2.7542658408120317,0.0,2.7542658408120317,-2.7542658408120317,0.0,0.0,1.0,1.0,6.835798668847679,0.25479068502300134,20.508737083932974,5,0.8656170809380416,10,0.0,0.8947368421052632,3,0.46234354367032326
SmolAgents/006,General Assistant,Retrieval Hallucination,4,1,0,10,0.1111111111111111,8.0,0.006905221458659128,0.9365166517862153,-2.7542658408120317,-2.4711693297598814,-2.7542658408120317,-2.5300163513583094,2.7542658408120317,2.5300163513583094,0.22424948945372236,2.7542658408120317,0.0,0.0,1.0,6.835798668847679,0.25479068502300134,20.508737083932974,5,0.8656170809380416,10,0.0,0.8947368421052632,3,0.496257600463039
SmolAgents/006,General Assistant,Retrieval Hallucination,4,2,0,10,0.2222222222222222,7.0,-2.5231111298996503,-1.593499699572094,-5.284282192170341,0.05884702159842803,-2.5300163513583094,2.5858404233225265,2.5300163513583094,2.5858404233225265,5.115856774680836,5.284282192170341,0.0,0.0,1.0,6.835798668847679,0.25479068502300134,20.508737083932974,5,0.8656170809380416,10,0.0,0.8947368421052632,3,0.4378190461464685
SmolAgents/006,General Assistant,Retrieval Hallucination,4,3,0,10,0.3333333333333333,6.0,0.06272929342287625,0.9923407237504325,-2.6984417688478146,-2.5269934017240985,2.5858404233225265,-2.587141837961866,2.5858404233225265,2.587141837961866,-5.1729822612843925,2.6984417688478146,2.5858404233225265,0.0,0.0,6.835798668847679,0.25479068502300134,20.508737083932974,5,0.8656170809380416,10,0.0,0.8947368421052632,3,0.13567806792796233
SmolAgents/006,General Assistant,Retrieval Hallucination,4,4,1,10,0.4444444444444444,5.0,-2.5244125445389898,-1.5948011142114336,-5.285583606809681,0.060148436237767555,-2.587141837961866,-0.14240890273386952,2.587141837961866,0.14240890273386952,2.4447329352279965,5.285583606809681,0.0,0.0,1.0,6.835798668847679,0.25479068502300134,20.508737083932974,5,0.8656170809380416,10,0.0,0.8947368421052632,3,0.2845227872492984
SmolAgents/006,General Assistant,Retrieval Hallucination,4,5,0,10,0.5555555555555556,4.0,-2.6668214472728593,-1.737210016945303,-5.42799250954355,0.20255733897163708,-0.14240890273386952,2.726622504258934,0.14240890273386952,2.726622504258934,2.8690314069928036,5.42799250954355,0.0,0.0,1.0,6.835798668847679,0.25479068502300134,20.508737083932974,5,0.8656170809380416,10,0.0,0.8947368421052632,3,0.5363519524128476
SmolAgents/006,General Assistant,Retrieval Hallucination,4,6,0,10,0.6666666666666666,3.0,0.05980105698607474,0.989412487313631,-2.701370005284616,-2.524065165287297,2.726622504258934,2.096179480982869,2.726622504258934,2.096179480982869,-0.6304430232760652,2.701370005284616,2.726622504258934,0.0,0.0,6.835798668847679,0.25479068502300134,20.508737083932974,5,0.8656170809380416,10,0.0,0.8947368421052632,3,0.2528542689846878
SmolAgents/006,General Assistant,Retrieval Hallucination,4,7,0,10,0.7777777777777778,2.0,2.1559805379689436,3.0855919682965,-0.6051905243017472,-4.620244646270166,2.096179480982869,-6.320072783339029,2.096179480982869,6.320072783339029,-8.416252264321898,0.6051905243017472,4.822801985241803,0.0,0.0,6.835798668847679,0.25479068502300134,20.508737083932974,5,0.8656170809380416,10,0.0,0.8947368421052632,3,0.6069347475171771
SmolAgents/006,General Assistant,Retrieval Hallucination,4,8,0,10,0.8888888888888888,1.0,-4.164092245370085,-3.234480815042529,-6.925263307640776,1.699828137068863,-6.320072783339029,1.699828137068863,6.320072783339029,1.699828137068863,8.019900920407892,6.925263307640776,0.0,0.0,1.0,6.835798668847679,0.25479068502300134,20.508737083932974,5,0.8656170809380416,10,0.0,0.8947368421052632,3,0.382674130462963
SmolAgents/006,General Assistant,Retrieval Hallucination,4,9,0,10,1.0,0.0,-2.4642641083012222,-1.534652677973666,-5.225435170571913,0.0,1.699828137068863,0.0,1.699828137068863,0.0,-1.699828137068863,5.225435170571913,1.699828137068863,0.0,0.0,6.835798668847679,0.25479068502300134,20.508737083932974,5,0.8656170809380416,10,0.0,0.8947368421052632,3,0.08329194948746307
SmolAgents/008,Math,Reasoning Hallucination,1,0,0,3,0.0,2.0,4.89178395364203,4.891783953642026,0.0,-4.882059343984171,0.0,-9.793292516941907,0.0,9.793292516941907,-9.793292516941907,0.0,0.0,1.0,1.0,9.534806560470447,0.3441086053829491,14.187553776956726,1,0.08599137830350702,3,0.0,0.5263157894736842,4,0.8845395672502299
SmolAgents/008,Math,Reasoning Hallucination,1,1,1,3,0.5,1.0,-4.901508563299878,-4.901508563299881,-9.793292516941907,4.911233172957736,-9.793292516941907,4.911233172957736,9.793292516941907,4.911233172957736,14.704525689899643,9.793292516941907,0.0,0.0,1.0,9.534806560470447,0.3441086053829491,14.187553776956726,1,0.08599137830350702,3,0.0,0.5263157894736842,4,0.5707490573969359
SmolAgents/008,Math,Reasoning Hallucination,1,2,0,3,1.0,0.0,0.009724609657858707,0.009724609657855154,-4.882059343984171,0.0,4.911233172957736,0.0,4.911233172957736,0.0,-4.911233172957736,4.882059343984171,4.911233172957736,0.0,0.0,9.534806560470447,0.3441086053829491,14.187553776956726,1,0.08599137830350702,3,0.0,0.5263157894736842,4,0.16558191175066958
SmolAgents/009,General Assistant,Reasoning Hallucination,4,0,0,5,0.0,4.0,4.4785597015587335,5.542786135057646,0.0,-2.0843447372403574,0.0,-11.855429009694756,0.0,11.855429009694756,-11.855429009694756,0.0,0.0,1.0,1.0,11.581822804791386,0.09537326707394261,21.85460141178105,3,0.32989514925366414,5,0.0,0.2631578947368421,4,0.8504112681034094
SmolAgents/009,General Assistant,Reasoning Hallucination,4,1,0,5,0.25,3.0,-7.376869308136023,-6.31264287463711,-11.855429009694756,9.771084272454399,-11.855429009694756,5.198517893164041,11.855429009694756,5.198517893164041,17.053946902858797,11.855429009694756,0.0,0.0,1.0,11.581822804791386,0.09537326707394261,21.85460141178105,3,0.32989514925366414,5,0.0,0.2631578947368421,4,0.4797946994878489
SmolAgents/009,General Assistant,Reasoning Hallucination,4,2,0,5,0.5,2.0,-2.1783514149719814,-1.1141249814730685,-6.656911116530715,4.5725663792903575,5.198517893164041,-0.4603346952916887,5.198517893164041,0.4603346952916887,-5.65885258845573,6.656911116530715,5.198517893164041,0.0,0.0,11.581822804791386,0.09537326707394261,21.85460141178105,3,0.32989514925366414,5,0.0,0.2631578947368421,4,0.19020661466930347
SmolAgents/009,General Assistant,Reasoning Hallucination,4,3,0,5,0.75,1.0,-2.63868611026367,-1.5744596767647572,-7.117245811822404,5.032901074582046,-0.4603346952916887,5.032901074582046,0.4603346952916887,5.032901074582046,5.493235769873735,7.117245811822404,4.7381831978723525,0.0,0.0,11.581822804791386,0.09537326707394261,21.85460141178105,3,0.32989514925366414,5,0.0,0.2631578947368421,4,0.6315853956119097
SmolAgents/009,General Assistant,Reasoning Hallucination,4,4,1,5,1.0,0.0,2.394214964318376,3.458441397817289,-2.0843447372403574,0.0,5.032901074582046,0.0,5.032901074582046,0.0,-5.032901074582046,2.0843447372403574,9.771084272454399,0.0,0.0,11.581822804791386,0.09537326707394261,21.85460141178105,3,0.32989514925366414,5,0.0,0.2631578947368421,4,0.41122568546926297
SmolAgents/012,General Assistant,Planning Hallucination,0,0,1,6,0.0,5.0,4.7567388202496375,5.463537994426183,0.0,-0.5053526855194974,0.0,-8.600984221494983,0.0,8.600984221494983,-8.600984221494983,0.0,0.0,1.0,1.0,9.786384291640749,0.02554258229960737,19.78471399609684,3,0.33435400296533796,6,0.0,0.3684210526315789,0,0.7796182507900137
SmolAgents/012,General Assistant,Planning Hallucination,0,1,0,6,0.2,4.0,-3.8442454012453453,-3.1374462270688,-8.600984221494983,8.095631535975485,-8.600984221494983,-1.407662583298098,8.600984221494983,1.407662583298098,7.193321638196885,8.600984221494983,0.0,0.0,1.0,9.786384291640749,0.02554258229960737,19.78471399609684,3,0.33435400296533796,6,0.0,0.3684210526315789,0,0.1694766768872435
SmolAgents/012,General Assistant,Planning Hallucination,0,2,0,6,0.4,3.0,-5.251907984543443,-4.545108810366898,-10.00864680479308,9.503294119273583,-1.407662583298098,3.4026690752243454,1.407662583298098,3.4026690752243454,4.810331658522443,10.00864680479308,0.0,0.0,1.0,9.786384291640749,0.02554258229960737,19.78471399609684,3,0.33435400296533796,6,0.0,0.3684210526315789,0,0.48620123413054145
SmolAgents/012,General Assistant,Planning Hallucination,0,3,0,6,0.6,2.0,-1.849238909319098,-1.1424397351425526,-6.605977729568735,6.100625044049238,3.4026690752243454,-0.45428879561206514,3.4026690752243454,0.45428879561206514,-3.8569578708364105,6.605977729568735,3.4026690752243454,0.0,0.0,9.786384291640749,0.02554258229960737,19.78471399609684,3,0.33435400296533796,6,0.0,0.3684210526315789,0,0.1581800266412152
SmolAgents/012,General Assistant,Planning Hallucination,0,4,0,6,0.8,1.0,-2.303527704931163,-1.5967285307546177,-7.060266525180801,6.554913839661303,-0.45428879561206514,6.554913839661303,0.45428879561206514,6.554913839661303,7.009202635273368,7.060266525180801,2.94838027961228,0.0,0.0,9.786384291640749,0.02554258229960737,19.78471399609684,3,0.33435400296533796,6,0.0,0.3684210526315789,0,0.5007021636721797
SmolAgents/012,General Assistant,Planning Hallucination,0,5,0,6,1.0,0.0,4.25138613473014,4.958185308906685,-0.5053526855194974,0.0,6.554913839661303,0.0,6.554913839661303,0.0,-6.554913839661303,0.5053526855194974,9.503294119273583,0.0,0.0,9.786384291640749,0.02554258229960737,19.78471399609684,3,0.33435400296533796,6,0.0,0.3684210526315789,0,0.5639363996540827
SmolAgents/014,World Knowledge,Planning Hallucination,0,0,1,3,0.0,2.0,2.2654790422015836,1.5056459276762468,0.0,2.328856258419979,0.0,-6.84579404144872,0.0,6.84579404144872,-6.84579404144872,0.0,0.0,1.0,1.0,8.814345350318765,0.15221447442554384,15.299834442217554,1,0.09368680901355292,3,1.0,0.47368421052631576,3,0.6777912703064247
SmolAgents/014,World Knowledge,Planning Hallucination,0,1,0,3,0.5,1.0,-4.580314999247136,-5.3401481137724724,-6.84579404144872,9.174650299868699,-6.84579404144872,9.174650299868699,6.84579404144872,9.174650299868699,16.02044434131742,6.84579404144872,0.0,0.0,1.0,8.814345350318765,0.15221447442554384,15.299834442217554,1,0.09368680901355292,3,1.0,0.47368421052631576,3,0.8706363647095204
SmolAgents/014,World Knowledge,Planning Hallucination,0,2,0,3,1.0,0.0,4.594335300621562,3.8345021860962256,2.328856258419979,0.0,9.174650299868699,0.0,9.174650299868699,0.0,-9.174650299868699,0.0,9.174650299868699,1.0,0.0,8.814345350318765,0.15221447442554384,15.299834442217554,1,0.09368680901355292,3,1.0,0.47368421052631576,3,0.20015720771838266
SmolAgents/015,General Assistant,Retrieval Hallucination,10,0,0,13,0.0,12.0,5.21161199044413,5.44947774930874,0.0,-0.7868767558802716,0.0,-5.164825618082304,0.0,5.164825618082304,-5.164825618082304,0.0,0.0,1.0,1.0,9.413349464993662,0.015740979818742548,49.98905817434244,7,2.8783739109039015,13,0.0,0.15789473684210525,0,0.3856467688494068
SmolAgents/015,General Assistant,Retrieval Hallucination,10,1,0,13,0.08333333333333333,11.0,0.04678637236182581,0.28465213122643634,-5.164825618082304,4.377948862202032,-5.164825618082304,-4.748350181842106,5.164825618082304,4.748350181842106,0.4164754362401979,5.164825618082304,0.0,0.0,1.0,9.413349464993662,0.015740979818742548,49.98905817434244,7,2.8783739109039015,13,0.0,0.15789473684210525,0,0.18786807437050682
SmolAgents/015,General Assistant,Retrieval Hallucination,10,2,0,13,0.16666666666666666,10.0,-4.70156380948028,-4.46369805061567,-9.91317579992441,9.126299044044138,-4.748350181842106,4.4387907821191135,4.748350181842106,4.4387907821191135,9.18714096396122,9.91317579992441,0.0,0.0,1.0,9.413349464993662,0.015740979818742548,49.98905817434244,7,2.8783739109039015,13,0.0,0.15789473684210525,0,0.14408433598747564
SmolAgents/015,General Assistant,Retrieval Hallucination,10,3,0,13,0.25,9.0,-0.2627730273611668,-0.02490726849655628,-5.474385017805297,4.687508261925025,4.4387907821191135,0.03298521256568421,4.4387907821191135,0.03298521256568421,-4.405805569553429,5.474385017805297,4.4387907821191135,0.0,0.0,9.413349464993662,0.015740979818742548,49.98905817434244,7,2.8783739109039015,13,0.0,0.15789473684210525,0,0.05061971275621755
SmolAgents/015,General Assistant,Retrieval Hallucination,10,4,0,13,0.3333333333333333,8.0,-0.2297878147954826,0.00807794406912793,-5.441399805239612,4.654523049359341,0.03298521256568421,-4.198287695313496,0.03298521256568421,4.198287695313496,-4.23127290787918,5.441399805239612,4.471775994684798,0.0,0.0,9.413349464993662,0.015740979818742548,49.98905817434244,7,2.8783739109039015,13,0.0,0.15789473684210525,0,0.08948089843694379
SmolAgents/015,General Assistant,Retrieval Hallucination,10,5,0,13,0.4166666666666667,7.0,-4.428075510108979,-4.190209751244368,-9.639687500553109,8.852810744672837,-4.198287695313496,10.948464097632566,4.198287695313496,10.948464097632566,15.146751792946063,9.639687500553109,0.2734882993713015,0.0,0.0,9.413349464993662,0.015740979818742548,49.98905817434244,7,2.8783739109039015,13,0.0,0.15789473684210525,0,0.1349591619530956
SmolAgents/015,General Assistant,Retrieval Hallucination,10,6,0,13,0.5,6.0,6.520388587523588,6.758254346388198,1.3087765970794578,-2.0956533529597294,10.948464097632566,-6.2102908846661435,10.948464097632566,6.2102908846661435,-17.15875498229871,0.0,11.221952397003868,1.0,0.0,9.413349464993662,0.015740979818742548,49.98905817434244,7,2.8783739109039015,13,0.0,0.15789473684210525,0,0.14095586033690322
SmolAgents/015,General Assistant,Retrieval Hallucination,10,7,0,13,0.5833333333333334,5.0,0.3100977028574441,0.5479634617220546,-4.901514287586686,4.114637531706414,-6.2102908846661435,-5.516326352932914,6.2102908846661435,5.516326352932914,0.6939645317332293,6.2102908846661435,5.011661512337724,0.0,0.0,9.413349464993662,0.015740979818742548,49.98905817434244,7,2.8783739109039015,13,0.0,0.15789473684210525,0,0.04138501412196518
SmolAgents/015,General Assistant,Retrieval Hallucination,10,8,0,13,0.6666666666666666,4.0,-5.20622865007547,-4.96836289121086,-10.4178406405196,9.630963884639328,-5.516326352932914,5.316922660965737,5.516326352932914,5.316922660965737,10.833249013898651,11.726617237599058,0.0,0.0,1.0,9.413349464993662,0.015740979818742548,49.98905817434244,7,2.8783739109039015,13,0.0,0.15789473684210525,0,0.1284613583208057
SmolAgents/015,General Assistant,Retrieval Hallucination,10,9,0,13,0.75,3.0,0.11069401089026698,0.3485597697548775,-5.100917979553863,4.314041223673591,5.316922660965737,-0.05438902539500745,5.316922660965737,0.05438902539500745,-5.371311686360745,6.409694576633321,5.316922660965737,0.0,0.0,9.413349464993662,0.015740979818742548,49.98905817434244,7,2.8783739109039015,13,0.0,0.15789473684210525,0,0.05042176644313247
SmolAgents/015,General Assistant,Retrieval Hallucination,10,10,1,13,0.8333333333333334,2.0,0.05630498549525953,0.29417074435987006,-5.15530700494887,4.368430249068599,-0.05438902539500745,-5.00074992305019,0.05438902539500745,5.00074992305019,-4.9463608976551825,6.464083602028328,5.26253363557073,0.0,0.0,9.413349464993662,0.015740979818742548,49.98905817434244,7,2.8783739109039015,13,0.0,0.15789473684210525,0,0.0961279269004092
SmolAgents/015,General Assistant,Retrieval Hallucination,10,11,0,13,0.9166666666666666,1.0,-4.94444493755493,-4.70657917869032,-10.15605692799906,9.369180172118789,-5.00074992305019,9.369180172118789,5.00074992305019,9.369180172118789,14.369930095168979,11.464833525078518,0.2617837125205398,0.0,0.0,9.413349464993662,0.015740979818742548,49.98905817434244,7,2.8783739109039015,13,0.0,0.15789473684210525,0,0.06730811632104382
SmolAgents/015,General Assistant,Retrieval Hallucination,10,12,0,13,1.0,0.0,4.424735234563858,4.662600993428469,-0.7868767558802716,0.0,9.369180172118789,0.0,9.369180172118789,0.0,-9.369180172118789,2.0956533529597294,9.630963884639328,0.0,0.0,9.413349464993662,0.015740979818742548,49.98905817434244,7,2.8783739109039015,13,0.0,0.15789473684210525,0,0.15925018074941366
SmolAgents/017,Science,Retrieval Hallucination,1,0,0,4,0.0,3.0,6.852850514759837,6.85285051475984,0.0,-6.856597374129528,0.0,-9.129013289650217,0.0,9.129013289650217,-9.129013289650217,0.0,0.0,1.0,1.0,11.185307499410666,0.4419614274007723,15.514017624691801,1,0.12015971325245932,4,0.0,0.6842105263157895,0,0.8622769255322024
SmolAgents/017,Science,Retrieval Hallucination,1,1,1,4,0.3333333333333333,2.0,-2.2761627748903805,-2.276162774890377,-9.129013289650217,2.272415915520689,-9.129013289650217,-2.2967781056093983,9.129013289650217,2.2967781056093983,6.832235184040819,9.129013289650217,0.0,0.0,1.0,11.185307499410666,0.4419614274007723,15.514017624691801,1,0.12015971325245932,4,0.0,0.6842105263157895,0,0.236863758177386
SmolAgents/017,Science,Retrieval Hallucination,1,2,0,4,0.6666666666666666,1.0,-4.572940880499779,-4.572940880499775,-11.425791395259616,4.569194021130087,-2.2967781056093983,4.569194021130087,2.2967781056093983,4.569194021130087,6.865972126739486,11.425791395259616,0.0,0.0,1.0,11.185307499410666,0.4419614274007723,15.514017624691801,1,0.12015971325245932,4,0.0,0.6842105263157895,0,0.5868647456918029
SmolAgents/017,Science,Retrieval Hallucination,1,3,0,4,1.0,0.0,-0.0037468593696914354,-0.0037468593696878827,-6.856597374129528,0.0,4.569194021130087,0.0,4.569194021130087,0.0,-4.569194021130087,6.856597374129528,4.569194021130087,0.0,0.0,11.185307499410666,0.4419614274007723,15.514017624691801,1,0.12015971325245932,4,0.0,0.6842105263157895,0,0.24724229572116496
SmolAgents/018,Math,Reasoning Hallucination,8,0,0,10,0.0,9.0,2.700341887314366,3.203945848042474,0.0,3.543030345297524,0.0,-4.967734819509346,0.0,4.967734819509346,-4.967734819509346,0.0,0.0,1.0,1.0,12.741448747173218,0.09175589235231324,38.61365471433074,5,1.6022560732059827,10,1.0,0.8947368421052632,2,0.47427279461198774
SmolAgents/018,Math,Reasoning Hallucination,8,1,0,10,0.1111111111111111,8.0,-2.26739293219498,-1.7637889714668717,-4.967734819509346,8.51076516480687,-4.967734819509346,6.723224063056854,4.967734819509346,6.723224063056854,11.6909588825662,4.967734819509346,0.0,0.0,1.0,12.741448747173218,0.09175589235231324,38.61365471433074,5,1.6022560732059827,10,1.0,0.8947368421052632,2,0.6308115964091816
SmolAgents/018,Math,Reasoning Hallucination,8,2,0,10,0.2222222222222222,7.0,4.455831130861874,4.959435091589983,1.7554892435475082,1.7875411017500156,6.723224063056854,-4.502946052358634,6.723224063056854,4.502946052358634,-11.226170115415488,0.0,6.723224063056854,1.0,0.0,12.741448747173218,0.09175589235231324,38.61365471433074,5,1.6022560732059827,10,1.0,0.8947368421052632,2,0.19359440965282942
SmolAgents/018,Math,Reasoning Hallucination,8,3,0,10,0.3333333333333333,6.0,-0.04711492149676033,0.456489039231348,-2.747456808811126,6.29048715410865,-4.502946052358634,-3.775760187543451,4.502946052358634,3.775760187543451,0.7271858648151834,4.502946052358634,2.2202780106982196,0.0,0.0,12.741448747173218,0.09175589235231324,38.61365471433074,5,1.6022560732059827,10,1.0,0.8947368421052632,2,0.21106116890457352
SmolAgents/018,Math,Reasoning Hallucination,8,4,0,10,0.4444444444444444,5.0,-3.8228751090402113,-3.319271148312103,-6.523216996354577,10.066247341652101,-3.775760187543451,3.8699564425852664,3.775760187543451,3.8699564425852664,7.645716630128717,8.278706239902085,0.0,0.0,1.0,12.741448747173218,0.09175589235231324,38.61365471433074,5,1.6022560732059827,10,1.0,0.8947368421052632,2,0.34178099328402173
SmolAgents/018,Math,Reasoning Hallucination,8,5,0,10,0.5555555555555556,4.0,0.04708133354505506,0.5506852942731634,-2.653260553769311,6.196290899066835,3.8699564425852664,-2.338056010306506,3.8699564425852664,2.338056010306506,-6.208012452891772,4.408749797316819,3.8699564425852664,0.0,0.0,12.741448747173218,0.09175589235231324,38.61365471433074,5,1.6022560732059827,10,1.0,0.8947368421052632,2,0.14873243325559957
SmolAgents/018,Math,Reasoning Hallucination,8,6,0,10,0.6666666666666666,3.0,-2.2909746767614507,-1.7873707160333425,-4.991316564075817,8.53434690937334,-2.338056010306506,-0.5573990970662486,2.338056010306506,0.5573990970662486,1.7806569132402572,6.746805807623325,1.5319004322787606,0.0,0.0,12.741448747173218,0.09175589235231324,38.61365471433074,5,1.6022560732059827,10,1.0,0.8947368421052632,2,0.11796724040370964
SmolAgents/018,Math,Reasoning Hallucination,8,7,0,10,0.7777777777777778,2.0,-2.8483737738276993,-2.344769813099591,-5.548715661142065,9.091746006439589,-0.5573990970662486,-4.357561004465467,0.5573990970662486,4.357561004465467,-3.800161907399218,7.304204904689573,0.974501335212512,0.0,0.0,12.741448747173218,0.09175589235231324,38.61365471433074,5,1.6022560732059827,10,1.0,0.8947368421052632,2,0.11536030220004562
SmolAgents/018,Math,Reasoning Hallucination,8,8,1,10,0.8888888888888888,1.0,-7.205934778293166,-6.702330817565057,-9.906276665607532,13.449307010905056,-4.357561004465467,13.449307010905056,4.357561004465467,13.449307010905056,17.806868015370522,11.66176590915504,0.0,0.0,1.0,12.741448747173218,0.09175589235231324,38.61365471433074,5,1.6022560732059827,10,1.0,0.8947368421052632,2,0.6067440791481891
SmolAgents/018,Math,Reasoning Hallucination,8,9,0,10,1.0,0.0,6.24337223261189,6.746976193339998,3.543030345297524,0.0,13.449307010905056,0.0,13.449307010905056,0.0,-13.449307010905056,0.0,13.449307010905056,1.0,0.0,12.741448747173218,0.09175589235231324,38.61365471433074,5,1.6022560732059827,10,1.0,0.8947368421052632,2,0.10518887189936657
SmolAgents/020,General Assistant,Retrieval Hallucination,4,0,0,8,0.0,7.0,4.871964293940067,5.24793075771757,0.0,1.0251227393878573,0.0,-9.53360565666889,0.0,9.53360565666889,-9.53360565666889,0.0,0.0,1.0,1.0,10.529646896208774,0.048245576691000984,21.248015045057354,5,0.500367653789658,8,1.0,0.15789473684210525,3,0.7702534967834561
SmolAgents/020,General Assistant,Retrieval Hallucination,4,1,0,8,0.14285714285714285,6.0,-4.6616413627288225,-4.28567489895132,-9.53360565666889,10.558728396056747,-9.53360565666889,0.2762742485557368,9.53360565666889,0.2762742485557368,9.809879905224626,9.53360565666889,0.0,0.0,1.0,10.529646896208774,0.048245576691000984,21.248015045057354,5,0.500367653789658,8,1.0,0.15789473684210525,3,0.07924985576234807
SmolAgents/020,General Assistant,Retrieval Hallucination,4,2,0,8,0.2857142857142857,5.0,-4.385367114173086,-4.009400650395583,-9.257331408113153,10.28245414750101,0.2762742485557368,-0.040150007806566634,0.2762742485557368,0.040150007806566634,-0.3164242563623034,9.257331408113153,0.2762742485557368,0.0,0.0,10.529646896208774,0.048245576691000984,21.248015045057354,5,0.500367653789658,8,1.0,0.15789473684210525,3,0.013275851465284715
SmolAgents/020,General Assistant,Retrieval Hallucination,4,3,0,8,0.42857142857142855,4.0,-4.425517121979652,-4.04955065820215,-9.29748141591972,10.322604155307577,-0.040150007806566634,2.1084103199261293,0.040150007806566634,2.1084103199261293,2.148560327732696,9.29748141591972,0.23612424074917016,0.0,0.0,10.529646896208774,0.048245576691000984,21.248015045057354,5,0.500367653789658,8,1.0,0.15789473684210525,3,0.03302156682268163
SmolAgents/020,General Assistant,Retrieval Hallucination,4,4,1,8,0.5714285714285714,3.0,-2.317106802053523,-1.9411403382760204,-7.18907109599359,8.214193835381447,2.1084103199261293,3.715296405740304,2.1084103199261293,3.715296405740304,1.6068860858141747,7.18907109599359,2.3445345606752994,0.0,0.0,10.529646896208774,0.048245576691000984,21.248015045057354,5,0.500367653789658,8,1.0,0.15789473684210525,3,0.13016909452340877
SmolAgents/020,General Assistant,Retrieval Hallucination,4,5,0,8,0.7142857142857143,2.0,1.398189603686781,1.7741560674642836,-3.4737746902532862,4.4988974296411435,3.715296405740304,-0.783529843926491,3.715296405740304,0.783529843926491,-4.498826249666795,3.4737746902532862,6.059830966415603,0.0,0.0,10.529646896208774,0.048245576691000984,21.248015045057354,5,0.500367653789658,8,1.0,0.15789473684210525,3,0.21884599310698394
SmolAgents/020,General Assistant,Retrieval Hallucination,4,6,0,8,0.8571428571428571,1.0,0.6146597597602899,0.9906262235377925,-4.257304534179777,5.2824272735676345,-0.783529843926491,5.2824272735676345,0.783529843926491,5.2824272735676345,6.065957117494126,4.257304534179777,5.276301122489112,0.0,0.0,10.529646896208774,0.048245576691000984,21.248015045057354,5,0.500367653789658,8,1.0,0.15789473684210525,3,0.7207124006376402
SmolAgents/020,General Assistant,Retrieval Hallucination,4,7,0,8,1.0,0.0,5.897087033327924,6.273053497105427,1.0251227393878573,0.0,5.2824272735676345,0.0,5.2824272735676345,0.0,-5.2824272735676345,0.0,10.558728396056747,1.0,0.0,10.529646896208774,0.048245576691000984,21.248015045057354,5,0.500367653789658,8,1.0,0.15789473684210525,3,0.4438662185120203
SmolAgents/021,Science,Planning Hallucination,0,0,1,4,0.0,3.0,4.550835983353167,4.550835983353169,0.0,-2.2768225152236212,0.0,-9.113085304312627,0.0,9.113085304312627,-9.113085304312627,0.0,0.0,1.0,1.0,8.871016968477237,0.14722220428389082,15.465211421730853,1,0.11973420090320602,4,0.0,0.3684210526315789,1,0.7986468922664043
SmolAgents/021,Science,Planning Hallucination,0,1,0,4,0.3333333333333333,2.0,-4.5622493209594595,-4.562249320959458,-9.113085304312627,6.836262789089005,-9.113085304312627,2.299649190436199,9.113085304312627,2.299649190436199,11.412734494748825,9.113085304312627,0.0,0.0,1.0,8.871016968477237,0.14722220428389082,15.465211421730853,1,0.11973420090320602,4,0.0,0.3684210526315789,1,0.48974080884735466
SmolAgents/021,Science,Planning Hallucination,0,2,0,4,0.6666666666666666,1.0,-2.2626001305232606,-2.262600130523259,-6.813436113876428,4.5366135986528064,2.299649190436199,4.5366135986528064,2.299649190436199,4.5366135986528064,2.2369644082166076,6.813436113876428,2.299649190436199,0.0,0.0,8.871016968477237,0.14722220428389082,15.465211421730853,1,0.11973420090320602,4,0.0,0.3684210526315789,1,0.4535184618062597
SmolAgents/021,Science,Planning Hallucination,0,3,0,4,1.0,0.0,2.274013468129546,2.2740134681295476,-2.2768225152236212,0.0,4.5366135986528064,0.0,4.5366135986528064,0.0,-4.5366135986528064,2.2768225152236212,6.836262789089005,0.0,0.0,8.871016968477237,0.14722220428389082,15.465211421730853,1,0.11973420090320602,4,0.0,0.3684210526315789,1,0.4302839050419777
SmolAgents/022,Science,Planning Hallucination,0,0,1,5,0.0,4.0,8.029260540670037,7.229574634240679,0.0,-8.018587984665032,0.0,-6.062999838056296,0.0,6.062999838056296,-6.062999838056296,0.0,0.0,1.0,1.0,15.526601227295552,0.34679290280279185,23.12212251132747,3,0.40107571936410064,5,0.0,0.7368421052631579,2,0.8327595352008195
SmolAgents/022,Science,Planning Hallucination,0,1,0,5,0.25,3.0,1.9662607026137415,1.1665747961843835,-6.062999838056296,-1.9555881466087364,-6.062999838056296,0.05195789958207797,6.062999838056296,0.05195789958207797,6.114957737638374,6.062999838056296,0.0,0.0,1.0,15.526601227295552,0.34679290280279185,23.12212251132747,3,0.40107571936410064,5,0.0,0.7368421052631579,2,0.630608043940102
SmolAgents/022,Science,Planning Hallucination,0,2,0,5,0.5,2.0,2.0182186021958195,1.2185326957664615,-6.011041938474218,-2.0075460461908143,0.05195789958207797,-10.044201471533633,0.05195789958207797,10.044201471533633,-10.09615937111571,6.011041938474218,0.05195789958207797,0.0,0.0,15.526601227295552,0.34679290280279185,23.12212251132747,3,0.40107571936410064,5,0.0,0.7368421052631579,2,0.5017658616257692
SmolAgents/022,Science,Planning Hallucination,0,3,0,5,0.75,1.0,-8.025982869337813,-8.825668775767172,-16.05524341000785,8.036655425342818,-10.044201471533633,8.036655425342818,10.044201471533633,8.036655425342818,18.08085689687645,16.05524341000785,0.0,0.0,1.0,15.526601227295552,0.34679290280279185,23.12212251132747,3,0.40107571936410064,5,0.0,0.7368421052631579,2,0.4979432134941363
SmolAgents/022,Science,Planning Hallucination,0,4,0,5,1.0,0.0,0.010672556005005163,-0.7890133504243529,-8.018587984665032,0.0,8.036655425342818,0.0,8.036655425342818,0.0,-8.036655425342818,8.018587984665032,8.036655425342818,0.0,0.0,15.526601227295552,0.34679290280279185,23.12212251132747,3,0.40107571936410064,5,0.0,0.7368421052631579,2,0.23592758704873046
SmolAgents/023,Math,Planning Hallucination,0,0,1,4,0.0,3.0,6.857443095399709,6.857443095399708,0.0,-4.58056048373296,0.0,-11.421429075501855,0.0,11.421429075501855,-11.421429075501855,0.0,0.0,1.0,1.0,11.42711400690484,0.2506645409956043,18.27366753007672,1,0.16025132819414878,4,0.0,0.631578947368421,2,0.8241987699944203
SmolAgents/023,Math,Planning Hallucination,0,1,0,4,0.3333333333333333,2.0,-4.563985980102146,-4.563985980102148,-11.421429075501855,6.840868591768896,-11.421429075501855,-0.006353746862160392,11.421429075501855,0.006353746862160392,11.415075328639695,11.421429075501855,0.0,0.0,1.0,11.42711400690484,0.2506645409956043,18.27366753007672,1,0.16025132819414878,4,0.0,0.631578947368421,2,0.2771410876690841
SmolAgents/023,Math,Planning Hallucination,0,2,0,4,0.6666666666666666,1.0,-4.570339726964306,-4.570339726964308,-11.427782822364016,6.847222338631056,-0.006353746862160392,6.847222338631056,0.006353746862160392,6.847222338631056,6.853576085493216,11.427782822364016,0.0,0.0,1.0,11.42711400690484,0.2506645409956043,18.27366753007672,1,0.16025132819414878,4,0.0,0.631578947368421,2,0.7023081083166295
SmolAgents/023,Math,Planning Hallucination,0,3,0,4,1.0,0.0,2.2768826116667498,2.276882611666748,-4.58056048373296,0.0,6.847222338631056,0.0,6.847222338631056,0.0,-6.847222338631056,4.58056048373296,6.847222338631056,0.0,0.0,11.42711400690484,0.2506645409956043,18.27366753007672,1,0.16025132819414878,4,0.0,0.631578947368421,2,0.3057518042463369
SmolAgents/024,World Knowledge,Retrieval Hallucination,5,0,0,7,0.0,6.0,5.106725791591273,4.871397350627939,0.0,-2.8665345578356884,0.0,-4.831174413175216,0.0,4.831174413175216,-4.831174413175216,0.0,0.0,1.0,1.0,9.986813342494475,0.1642352837226565,17.453828999841434,2,0.3894284542097888,7,0.0,0.5263157894736842,2,0.6554814443642418
SmolAgents/024,World Knowledge,Retrieval Hallucination,5,1,0,7,0.16666666666666666,5.0,0.2755513784160577,0.04022293745272368,-4.831174413175216,1.9646398553395272,-4.831174413175216,-0.9270102811079859,4.831174413175216,0.9270102811079859,3.90416413206723,4.831174413175216,0.0,0.0,1.0,9.986813342494475,0.1642352837226565,17.453828999841434,2,0.3894284542097888,7,0.0,0.5263157894736842,2,0.48936367278640974
SmolAgents/024,World Knowledge,Retrieval Hallucination,5,2,0,7,0.3333333333333333,4.0,-0.6514589026919282,-0.8867873436552622,-5.758184694283202,2.891650136447513,-0.9270102811079859,-4.693230210730238,0.9270102811079859,4.693230210730238,-3.7662199296222525,5.758184694283202,0.0,0.0,1.0,9.986813342494475,0.1642352837226565,17.453828999841434,2,0.3894284542097888,7,0.0,0.5263157894736842,2,0.5137058692152009
SmolAgents/024,World Knowledge,Retrieval Hallucination,5,3,0,7,0.5,3.0,-5.344689113422167,-5.580017554385501,-10.45141490501344,7.5848803471777515,-4.693230210730238,2.9424765626201186,4.693230210730238,2.9424765626201186,7.635706773350357,10.45141490501344,0.0,0.0,1.0,9.986813342494475,0.1642352837226565,17.453828999841434,2,0.3894284542097888,7,0.0,0.5263157894736842,2,0.3543993767181703
SmolAgents/024,World Knowledge,Retrieval Hallucination,5,4,0,7,0.6666666666666666,2.0,-2.402212550802048,-2.637540991765382,-7.508938342393321,4.642403784557633,2.9424765626201186,4.825403800698613,2.9424765626201186,4.825403800698613,1.8829272380784943,7.508938342393321,2.9424765626201186,0.0,0.0,9.986813342494475,0.1642352837226565,17.453828999841434,2,0.3894284542097888,7,0.0,0.5263157894736842,2,0.3276029741138711
SmolAgents/024,World Knowledge,Retrieval Hallucination,5,5,1,7,0.8333333333333334,1.0,2.423191249896565,2.187862808933231,-2.6835345416947085,-0.18300001614097994,4.825403800698613,-0.18300001614097994,4.825403800698613,0.18300001614097994,-5.008403816839593,2.6835345416947085,7.767880363318731,0.0,0.0,9.986813342494475,0.1642352837226565,17.453828999841434,2,0.3894284542097888,7,0.0,0.5263157894736842,2,0.37969355333861793
SmolAgents/024,World Knowledge,Retrieval Hallucination,5,6,0,7,1.0,0.0,2.240191233755585,2.004862792792251,-2.8665345578356884,0.0,-0.18300001614097994,0.0,0.18300001614097994,0.0,0.18300001614097994,2.8665345578356884,7.5848803471777515,0.0,0.0,9.986813342494475,0.1642352837226565,17.453828999841434,2,0.3894284542097888,7,0.0,0.5263157894736842,2,0.5834050952007415
SmolAgents/025,General Assistant,Reasoning Hallucination,6,0,0,7,0.0,6.0,5.141440889723455,5.830433856732166,0.0,-2.7548654853785237,0.0,-6.930059694737253,0.0,6.930059694737253,-6.930059694737253,0.0,0.0,1.0,1.0,9.950564519936599,0.12241717508289592,22.503913225517913,3,0.5178289671754723,7,0.0,0.6842105263157895,4,0.6744229891767233
SmolAgents/025,General Assistant,Reasoning Hallucination,6,1,0,7,0.16666666666666666,5.0,-1.7886188050137974,-1.0996258380050858,-6.930059694737253,4.175194209358729,-6.930059694737253,3.4016312687916503,6.930059694737253,3.4016312687916503,10.331690963528903,6.930059694737253,0.0,0.0,1.0,9.950564519936599,0.12241717508289592,22.503913225517913,3,0.5178289671754723,7,0.0,0.6842105263157895,4,0.5071202439902642
SmolAgents/025,General Assistant,Reasoning Hallucination,6,2,0,7,0.3333333333333333,4.0,1.613012463777853,2.3020054307865645,-3.5284284259456022,0.7735629405670785,3.4016312687916503,-4.4551005540526525,3.4016312687916503,4.4551005540526525,-7.856731822844303,3.5284284259456022,3.4016312687916503,0.0,0.0,9.950564519936599,0.12241717508289592,22.503913225517913,3,0.5178289671754723,7,0.0,0.6842105263157895,4,0.28463921089482463
SmolAgents/025,General Assistant,Reasoning Hallucination,6,3,0,7,0.5,3.0,-2.8420880902747996,-2.153095123266088,-7.983528979998255,5.228663494619731,-4.4551005540526525,-2.005032157112698,4.4551005540526525,2.005032157112698,2.4500683969399546,7.983528979998255,0.0,0.0,1.0,9.950564519936599,0.12241717508289592,22.503913225517913,3,0.5178289671754723,7,0.0,0.6842105263157895,4,0.2949378529895886
SmolAgents/025,General Assistant,Reasoning Hallucination,6,4,0,7,0.6666666666666666,2.0,-4.8471202473874975,-4.158127280378786,-9.988561137110953,7.233695651732429,-2.005032157112698,0.36096786315637175,2.005032157112698,0.36096786315637175,2.3660000202690696,9.988561137110953,0.0,0.0,1.0,9.950564519936599,0.12241717508289592,22.503913225517913,3,0.5178289671754723,7,0.0,0.6842105263157895,4,0.22605979121892195
SmolAgents/025,General Assistant,Reasoning Hallucination,6,5,0,7,0.8333333333333334,1.0,-4.486152384231126,-3.797159417222414,-9.62759327395458,6.872727788576057,0.36096786315637175,6.872727788576057,0.36096786315637175,6.872727788576057,6.511759925419685,9.62759327395458,0.36096786315637175,0.0,0.0,9.950564519936599,0.12241717508289592,22.503913225517913,3,0.5178289671754723,7,0.0,0.6842105263157895,4,0.3340308445860153
SmolAgents/025,General Assistant,Reasoning Hallucination,6,6,1,7,1.0,0.0,2.3865754043449314,3.075568371353643,-2.7548654853785237,0.0,6.872727788576057,0.0,6.872727788576057,0.0,-6.872727788576057,2.7548654853785237,7.233695651732429,0.0,0.0,9.950564519936599,0.12241717508289592,22.503913225517913,3,0.5178289671754723,7,0.0,0.6842105263157895,4,0.16484522347903174
SmolAgents/026,Science,Retrieval Hallucination,3,0,0,5,0.0,4.0,6.063964389562315,6.860214058191129,0.0,-4.087911041541524,0.0,-8.084198720036053,0.0,8.084198720036053,-8.084198720036053,0.0,0.0,1.0,1.0,13.781993677781115,0.1734225151797437,23.57197413095186,3,0.3550965025505104,5,0.0,0.7368421052631579,0,0.8012194379692997
SmolAgents/026,Science,Retrieval Hallucination,3,1,0,5,0.25,3.0,-2.0202343304737376,-1.2239846618449235,-8.084198720036053,3.9962876784945287,-8.084198720036053,0.05693932880287278,8.084198720036053,0.05693932880287278,8.141138048838926,8.084198720036053,0.0,0.0,1.0,13.781993677781115,0.1734225151797437,23.57197413095186,3,0.3550965025505104,5,0.0,0.7368421052631579,0,0.214714902259617
SmolAgents/026,Science,Retrieval Hallucination,3,2,0,5,0.5,2.0,-1.9632950016708648,-1.1670453330420507,-8.02725939123318,3.939348349691656,0.05693932880287278,-6.07444174691171,0.05693932880287278,6.07444174691171,-6.131381075714582,8.02725939123318,0.05693932880287278,0.0,0.0,13.781993677781115,0.1734225151797437,23.57197413095186,3,0.3550965025505104,5,0.0,0.7368421052631579,0,0.17542715004403642
SmolAgents/026,Science,Retrieval Hallucination,3,3,1,5,0.75,1.0,-8.037736748582574,-7.24148707995376,-14.10170113814489,10.013790096603365,-6.07444174691171,10.013790096603365,6.07444174691171,10.013790096603365,16.088231843515075,14.10170113814489,0.0,0.0,1.0,13.781993677781115,0.1734225151797437,23.57197413095186,3,0.3550965025505104,5,0.0,0.7368421052631579,0,0.5454004692737314
SmolAgents/026,Science,Retrieval Hallucination,3,4,0,5,1.0,0.0,1.9760533480207911,2.772303016649605,-4.087911041541524,0.0,10.013790096603365,0.0,10.013790096603365,0.0,-10.013790096603365,4.087911041541524,10.013790096603365,0.0,0.0,13.781993677781115,0.1734225151797437,23.57197413095186,3,0.3550965025505104,5,0.0,0.7368421052631579,0,0.3491271671264086
SmolAgents/027,World Knowledge,Reasoning Hallucination,3,0,0,5,0.0,4.0,6.442856184539512,6.442856184539512,0.0,-4.30621248748211,0.0,-4.33940741323304,0.0,4.33940741323304,-4.33940741323304,0.0,0.0,1.0,1.0,14.657095076724167,0.17219355139390208,25.007977665966223,1,0.226933769758049,5,0.0,0.7368421052631579,3,0.7515599200552601
SmolAgents/027,World Knowledge,Reasoning Hallucination,3,1,0,5,0.25,3.0,2.1034487713064713,2.1034487713064713,-4.33940741323304,0.03319492575093008,-4.33940741323304,-4.234186230174263,4.33940741323304,4.234186230174263,0.10522118305877726,4.33940741323304,0.0,0.0,1.0,14.657095076724167,0.17219355139390208,25.007977665966223,1,0.226933769758049,5,0.0,0.7368421052631579,3,0.6726413474595958
SmolAgents/027,World Knowledge,Reasoning Hallucination,3,2,0,5,0.5,2.0,-2.1307374588677916,-2.1307374588677916,-8.573593643407303,4.267381155925193,-4.234186230174263,-6.421473735167801,4.234186230174263,6.421473735167801,-2.187287504993538,8.573593643407303,0.0,0.0,1.0,14.657095076724167,0.17219355139390208,25.007977665966223,1,0.226933769758049,5,0.0,0.7368421052631579,3,0.4108660466793729
SmolAgents/027,World Knowledge,Reasoning Hallucination,3,3,1,5,0.75,1.0,-8.552211194035593,-8.552211194035593,-14.995067378575104,10.688854891092994,-6.421473735167801,10.688854891092994,6.421473735167801,10.688854891092994,17.110328626260795,14.995067378575104,0.0,0.0,1.0,14.657095076724167,0.17219355139390208,25.007977665966223,1,0.226933769758049,5,0.0,0.7368421052631579,3,0.5968955421237744
SmolAgents/027,World Knowledge,Reasoning Hallucination,3,4,0,5,1.0,0.0,2.1366436970574014,2.1366436970574014,-4.30621248748211,0.0,10.688854891092994,0.0,10.688854891092994,0.0,-10.688854891092994,4.30621248748211,10.688854891092994,0.0,0.0,14.657095076724167,0.17219355139390208,25.007977665966223,1,0.226933769758049,5,0.0,0.7368421052631579,3,0.18001431491679737
SmolAgents/028,Math,Planning Hallucination,0,0,1,3,0.0,2.0,6.861995634464304,6.855620350458501,0.0,-6.862794236733748,0.0,-13.704066814641756,0.0,13.704066814641756,-13.704066814641756,0.0,0.0,1.0,1.0,13.343999836857124,0.3461651007122675,19.8252054369805,1,0.12014818358216327,3,0.0,0.5263157894736842,2,0.8807888428870245
SmolAgents/028,Math,Planning Hallucination,0,1,0,3,0.5,1.0,-6.842071180177452,-6.8484464641832545,-13.704066814641756,6.841272577908008,-13.704066814641756,6.841272577908008,13.704066814641756,6.841272577908008,20.545339392549764,13.704066814641756,0.0,0.0,1.0,13.343999836857124,0.3461651007122675,19.8252054369805,1,0.12014818358216327,3,0.0,0.5263157894736842,2,0.551446097936381
SmolAgents/028,Math,Planning Hallucination,0,2,0,3,1.0,0.0,-0.0007986022694446149,-0.0071738862752468435,-6.862794236733748,0.0,6.841272577908008,0.0,6.841272577908008,0.0,-6.841272577908008,6.862794236733748,6.841272577908008,0.0,0.0,13.343999836857124,0.3461651007122675,19.8252054369805,1,0.12014818358216327,3,0.0,0.5263157894736842,2,0.3047105880399615
SmolAgents/031,General Assistant,Retrieval Hallucination,3,0,0,7,0.0,6.0,2.5063097218166135,2.7772513651037465,0.0,-4.780488118347538,0.0,0.054901509929493386,0.0,0.054901509929493386,0.054901509929493386,0.0,0.0,1.0,1.0,6.80143589728792,0.25858110391486894,18.48738382647399,3,0.6514565384828077,7,0.6842105263157895,0.3684210526315789,0,0.6607080047351723
SmolAgents/031,General Assistant,Retrieval Hallucination,3,1,0,7,0.16666666666666666,5.0,2.561211231746107,2.83215287503324,0.054901509929493386,-4.8353896282770314,0.054901509929493386,-6.433587293029277,0.054901509929493386,6.433587293029277,-6.48848880295877,0.0,0.054901509929493386,1.0,0.0,6.80143589728792,0.25858110391486894,18.48738382647399,3,0.6514565384828077,7,0.6842105263157895,0.3684210526315789,0,0.31216801131006156
SmolAgents/031,General Assistant,Retrieval Hallucination,3,2,0,7,0.3333333333333333,4.0,-3.8723760612831697,-3.6014344179960367,-6.378685783099783,1.5981976647522451,-6.433587293029277,1.2592087819784012,6.433587293029277,1.2592087819784012,7.692796075007678,6.433587293029277,0.0,0.0,1.0,6.80143589728792,0.25858110391486894,18.48738382647399,3,0.6514565384828077,7,0.6842105263157895,0.3684210526315789,0,0.39364371089525546
SmolAgents/031,General Assistant,Retrieval Hallucination,3,3,1,7,0.5,3.0,-2.6131672793047684,-2.3422256360176354,-5.119477001121382,0.33898888277384387,1.2592087819784012,6.419684176032195,1.2592087819784012,6.419684176032195,5.160475394053794,5.174378511050875,1.2592087819784012,0.0,0.0,6.80143589728792,0.25858110391486894,18.48738382647399,3,0.6514565384828077,7,0.6842105263157895,0.3684210526315789,0,0.5634978140792565
SmolAgents/031,General Assistant,Retrieval Hallucination,3,4,0,7,0.6666666666666666,2.0,3.8065168967274268,4.077458540014559,1.3002071749108133,-6.080695293258351,6.419684176032195,-5.817424512908641,6.419684176032195,5.817424512908641,-12.237108688940836,0.0,7.6788929580105965,1.0,0.0,6.80143589728792,0.25858110391486894,18.48738382647399,3,0.6514565384828077,7,0.6842105263157895,0.3684210526315789,0,0.4160150576373634
SmolAgents/031,General Assistant,Retrieval Hallucination,3,5,0,7,0.8333333333333334,1.0,-2.010907616181214,-1.7399659728940813,-4.5172173379978275,-0.2632707803497105,-5.817424512908641,-0.2632707803497105,5.817424512908641,0.2632707803497105,5.55415373255893,5.817424512908641,1.8614684451019556,0.0,0.0,6.80143589728792,0.25858110391486894,18.48738382647399,3,0.6514565384828077,7,0.6842105263157895,0.3684210526315789,0,0.10811842468719374
SmolAgents/031,General Assistant,Retrieval Hallucination,3,6,0,7,1.0,0.0,-2.2741783965309246,-2.0032367532437916,-4.780488118347538,0.0,-0.2632707803497105,0.0,0.2632707803497105,0.0,0.2632707803497105,6.080695293258351,1.5981976647522451,0.0,0.0,6.80143589728792,0.25858110391486894,18.48738382647399,3,0.6514565384828077,7,0.6842105263157895,0.3684210526315789,0,0.20557728543495218
SmolAgents/032,General Assistant,Reasoning Hallucination,3,0,0,4,0.0,3.0,4.251519296640339,4.782624943063391,0.0,-4.2386800419164565,0.0,-6.380643954855984,0.0,6.380643954855984,-6.380643954855984,0.0,0.0,1.0,1.0,8.286909268046898,0.3436264654764335,12.335138494177343,1,0.09344859375807621,4,0.0,0.631578947368421,3,0.8093183195299785
SmolAgents/032,General Assistant,Reasoning Hallucination,3,1,0,4,0.3333333333333333,2.0,-2.1291246582156447,-1.5980190117925925,-6.380643954855984,2.141963912939527,-6.380643954855984,-2.1305318206251407,6.380643954855984,2.1305318206251407,4.250112134230843,6.380643954855984,0.0,0.0,1.0,8.286909268046898,0.3436264654764335,12.335138494177343,1,0.09344859375807621,4,0.0,0.631578947368421,3,0.4337147814076668
SmolAgents/032,General Assistant,Reasoning Hallucination,3,2,0,4,0.6666666666666666,1.0,-4.259656478840785,-3.728550832417733,-8.511175775481124,4.272495733564668,-2.1305318206251407,4.272495733564668,2.1305318206251407,4.272495733564668,6.4030275541898085,8.511175775481124,0.0,0.0,1.0,8.286909268046898,0.3436264654764335,12.335138494177343,1,0.09344859375807621,4,0.0,0.631578947368421,3,0.615479131164087
SmolAgents/032,General Assistant,Reasoning Hallucination,3,3,1,4,1.0,0.0,0.012839254723882476,0.5439449011469346,-4.2386800419164565,0.0,4.272495733564668,0.0,4.272495733564668,0.0,-4.272495733564668,4.2386800419164565,4.272495733564668,0.0,0.0,8.286909268046898,0.3436264654764335,12.335138494177343,1,0.09344859375807621,4,0.0,0.631578947368421,3,0.1980275566722447
SmolAgents/033,Math,Planning Hallucination,0,0,1,6,0.0,5.0,4.438309402179904,5.79134002892703,0.0,-4.648337143719996,0.0,-6.9585957185571345,0.0,6.9585957185571345,-6.9585957185571345,0.0,0.0,1.0,1.0,9.609990742110949,0.24575138653493264,18.914795188995818,3,0.40402341761559285,6,0.0,0.7894736842105263,2,0.7084979726034386
SmolAgents/033,Math,Planning Hallucination,0,1,0,6,0.2,4.0,-2.5202863163772307,-1.167255689630105,-6.9585957185571345,2.310258574837139,-6.9585957185571345,2.7506622040461473,6.9585957185571345,2.7506622040461473,9.709257922603282,6.9585957185571345,0.0,0.0,1.0,9.609990742110949,0.24575138653493264,18.914795188995818,3,0.40402341761559285,6,0.0,0.7894736842105263,2,0.5402648395364767
SmolAgents/033,Math,Planning Hallucination,0,2,0,6,0.4,3.0,0.2303758876689166,1.5834065144160423,-4.207933514510987,-0.44040362920900833,2.7506622040461473,-5.098378499714016,2.7506622040461473,5.098378499714016,-7.8490407037601635,4.207933514510987,2.7506622040461473,0.0,0.0,9.609990742110949,0.24575138653493264,18.914795188995818,3,0.40402341761559285,6,0.0,0.7894736842105263,2,0.34616970893624005
SmolAgents/033,Math,Planning Hallucination,0,3,0,6,0.6,2.0,-4.8680026120451,-3.514971985297974,-9.306312014225004,4.657974870505008,-5.098378499714016,-0.320549768324053,5.098378499714016,0.320549768324053,4.777828731389963,9.306312014225004,0.0,0.0,1.0,9.609990742110949,0.24575138653493264,18.914795188995818,3,0.40402341761559285,6,0.0,0.7894736842105263,2,0.28880532159140865
SmolAgents/033,Math,Planning Hallucination,0,4,0,6,0.8,1.0,-5.188552380369153,-3.835521753622027,-9.626861782549057,4.978524638829061,-0.320549768324053,4.978524638829061,0.320549768324053,4.978524638829061,5.299074407153114,9.626861782549057,0.0,0.0,1.0,9.609990742110949,0.24575138653493264,18.914795188995818,3,0.40402341761559285,6,0.0,0.7894736842105263,2,0.5468497429452712
SmolAgents/033,Math,Planning Hallucination,0,5,0,6,1.0,0.0,-0.21002774154009174,1.143002885207034,-4.648337143719996,0.0,4.978524638829061,0.0,4.978524638829061,0.0,-4.978524638829061,4.648337143719996,4.978524638829061,0.0,0.0,9.609990742110949,0.24575138653493264,18.914795188995818,3,0.40402341761559285,6,0.0,0.7894736842105263,2,0.2162901575132423
SmolAgents/034,World Knowledge,Retrieval Hallucination,2,0,0,4,0.0,3.0,2.136463015220677,2.129611069812328,0.0,2.1470943202383594,0.0,-2.1183115288603602,0.0,2.1183115288603602,-2.1183115288603602,0.0,0.0,1.0,1.0,10.131462370293796,0.11852033665685904,18.115830420349234,1,0.18801614864508157,4,1.0,0.6842105263157895,1,0.4910923032123102
SmolAgents/034,World Knowledge,Retrieval Hallucination,2,1,0,4,0.3333333333333333,2.0,0.018151486360316937,0.011299540951967835,-2.1183115288603602,4.26540584909872,-2.1183115288603602,-6.428915541766951,2.1183115288603602,6.428915541766951,-4.310604012906591,2.1183115288603602,0.0,0.0,1.0,10.131462370293796,0.11852033665685904,18.115830420349234,1,0.18801614864508157,4,1.0,0.6842105263157895,1,0.7729393189375481
SmolAgents/034,World Knowledge,Retrieval Hallucination,2,2,1,4,0.6666666666666666,1.0,-6.410764055406634,-6.417616000814983,-8.547227070627311,10.694321390865671,-6.428915541766951,10.694321390865671,6.428915541766951,10.694321390865671,17.123236932632622,8.547227070627311,0.0,0.0,1.0,10.131462370293796,0.11852033665685904,18.115830420349234,1,0.18801614864508157,4,1.0,0.6842105263157895,1,0.8134929125605326
SmolAgents/034,World Knowledge,Retrieval Hallucination,2,3,0,4,1.0,0.0,4.283557335459037,4.2767053900506875,2.1470943202383594,0.0,10.694321390865671,0.0,10.694321390865671,0.0,-10.694321390865671,0.0,10.694321390865671,1.0,0.0,10.131462370293796,0.11852033665685904,18.115830420349234,1,0.18801614864508157,4,1.0,0.6842105263157895,1,0.1685528924410885
SmolAgents/036,Science,Retrieval Hallucination,2,0,0,5,0.0,4.0,2.6325887553605156,3.9790011854654077,0.0,-0.7340092503429538,0.0,-4.278061005284492,0.0,4.278061005284492,-4.278061005284492,0.0,0.0,1.0,1.0,9.515929539516929,0.0401145083829485,18.2978498286909,1,0.24430781382315914,5,0.0,0.7368421052631579,2,0.6127927970798949
SmolAgents/036,Science,Retrieval Hallucination,2,1,0,5,0.25,3.0,-1.6454722499239764,-0.2990598198190846,-4.278061005284492,3.5440517549415382,-4.278061005284492,-0.8448908088196845,4.278061005284492,0.8448908088196845,3.4331701964648076,4.278061005284492,0.0,0.0,1.0,9.515929539516929,0.0401145083829485,18.2978498286909,1,0.24430781382315914,5,0.0,0.7368421052631579,2,0.466986690771812
SmolAgents/036,Science,Retrieval Hallucination,2,2,1,5,0.5,2.0,-2.490363058743661,-1.143950628638769,-5.1229518141041765,4.388942563761223,-0.8448908088196845,-4.637032043491239,0.8448908088196845,4.637032043491239,-3.792141234671554,5.1229518141041765,0.0,0.0,1.0,9.515929539516929,0.0401145083829485,18.2978498286909,1,0.24430781382315914,5,0.0,0.7368421052631579,2,0.4774361921824779
SmolAgents/036,Science,Retrieval Hallucination,2,3,0,5,0.75,1.0,-7.1273951022349,-5.7809826721300075,-9.759983857595415,9.025974607252461,-4.637032043491239,9.025974607252461,4.637032043491239,9.025974607252461,13.6630066507437,9.759983857595415,0.0,0.0,1.0,9.515929539516929,0.0401145083829485,18.2978498286909,1,0.24430781382315914,5,0.0,0.7368421052631579,2,0.6115723698657684
SmolAgents/036,Science,Retrieval Hallucination,2,4,0,5,1.0,0.0,1.8985795050175618,3.244991935122454,-0.7340092503429538,0.0,9.025974607252461,0.0,9.025974607252461,0.0,-9.025974607252461,0.7340092503429538,9.025974607252461,0.0,0.0,9.515929539516929,0.0401145083829485,18.2978498286909,1,0.24430781382315914,5,0.0,0.7368421052631579,2,0.25651689873130856
SmolAgents/037,World Knowledge,Retrieval Hallucination,1,0,0,6,0.0,5.0,4.4014268840074,5.533813541932142,0.0,-4.052651564860099,0.0,-6.195155718777276,0.0,6.195155718777276,-6.195155718777276,0.0,0.0,1.0,1.0,8.86581679309624,0.29626850583910314,13.67898202133238,1,0.1857263015845619,6,0.0,0.42105263157894735,3,0.8285338956390853
SmolAgents/037,World Knowledge,Retrieval Hallucination,1,1,1,6,0.2,4.0,-1.793728834769876,-0.6613421768451335,-6.195155718777276,2.1425041539171765,-6.195155718777276,-2.886430088256919,6.195155718777276,2.886430088256919,3.3087256305203567,6.195155718777276,0.0,0.0,1.0,8.86581679309624,0.29626850583910314,13.67898202133238,1,0.1857263015845619,6,0.0,0.42105263157894735,3,0.4999122029757166
SmolAgents/037,World Knowledge,Retrieval Hallucination,1,2,0,6,0.4,3.0,-4.680158923026795,-3.5477722651020525,-9.081585807034195,5.0289342421740955,-2.886430088256919,2.0498056324105676,2.886430088256919,2.0498056324105676,4.9362357206674865,9.081585807034195,0.0,0.0,1.0,8.86581679309624,0.29626850583910314,13.67898202133238,1,0.1857263015845619,6,0.0,0.42105263157894735,3,0.36888804471889736
SmolAgents/037,World Knowledge,Retrieval Hallucination,1,3,0,6,0.6,2.0,-2.6303532906162275,-1.497966632691485,-7.031780174623627,2.979128609763528,2.0498056324105676,0.19007218832597061,2.0498056324105676,0.19007218832597061,-1.859733444084597,7.031780174623627,2.0498056324105676,0.0,0.0,8.86581679309624,0.29626850583910314,13.67898202133238,1,0.1857263015845619,6,0.0,0.42105263157894735,3,0.08460084850149072
SmolAgents/037,World Knowledge,Retrieval Hallucination,1,4,0,6,0.8,1.0,-2.440281102290257,-1.3078944443655143,-6.841707986297656,2.7890564214375573,0.19007218832597061,2.7890564214375573,0.19007218832597061,2.7890564214375573,2.5989842331115867,6.841707986297656,2.239877820736538,0.0,0.0,8.86581679309624,0.29626850583910314,13.67898202133238,1,0.1857263015845619,6,0.0,0.42105263157894735,3,0.3079424489789874
SmolAgents/037,World Knowledge,Retrieval Hallucination,1,5,0,6,1.0,0.0,0.3487753191473004,1.481161977072043,-4.052651564860099,0.0,2.7890564214375573,0.0,2.7890564214375573,0.0,-2.7890564214375573,4.052651564860099,5.0289342421740955,0.0,0.0,8.86581679309624,0.29626850583910314,13.67898202133238,1,0.1857263015845619,6,0.0,0.42105263157894735,3,0.34912402925363595
SmolAgents/039,Science,Reasoning Hallucination,1,0,0,3,0.0,2.0,6.861995634464304,6.855620350458501,0.0,-6.862794236733748,0.0,-13.704066814641756,0.0,13.704066814641756,-13.704066814641756,0.0,0.0,1.0,1.0,13.343999836857124,0.3461651007122675,19.8252054369805,1,0.12014818358216327,3,0.0,0.5263157894736842,0,0.9156080416697053
SmolAgents/039,Science,Reasoning Hallucination,1,1,1,3,0.5,1.0,-6.842071180177452,-6.8484464641832545,-13.704066814641756,6.841272577908008,-13.704066814641756,6.841272577908008,13.704066814641756,6.841272577908008,20.545339392549764,13.704066814641756,0.0,0.0,1.0,13.343999836857124,0.3461651007122675,19.8252054369805,1,0.12014818358216327,3,0.0,0.5263157894736842,0,0.2367535095957109
SmolAgents/039,Science,Reasoning Hallucination,1,2,0,3,1.0,0.0,-0.0007986022694446149,-0.0071738862752468435,-6.862794236733748,0.0,6.841272577908008,0.0,6.841272577908008,0.0,-6.841272577908008,6.862794236733748,6.841272577908008,0.0,0.0,13.343999836857124,0.3461651007122675,19.8252054369805,1,0.12014818358216327,3,0.0,0.5263157894736842,0,0.2993348420773552
SmolAgents/040,Math,Planning Hallucination,0,0,1,3,0.0,2.0,4.561486700984133,3.8050007440215126,0.0,0.01480119523455059,0.0,-11.429803427299088,0.0,11.429803427299088,-11.429803427299088,0.0,0.0,1.0,1.0,10.843036021096845,0.000682986952591544,21.67127084695914,1,0.13376846812767765,3,1.0,0.47368421052631576,1,0.8486893279998816
SmolAgents/040,Math,Planning Hallucination,0,1,0,3,0.5,1.0,-6.868316726314955,-7.624802683277576,-11.429803427299088,11.444604622533639,-11.429803427299088,11.444604622533639,11.429803427299088,11.444604622533639,22.874408049832727,11.429803427299088,0.0,0.0,1.0,10.843036021096845,0.000682986952591544,21.67127084695914,1,0.13376846812767765,3,1.0,0.47368421052631576,1,0.8149761021822461
SmolAgents/040,Math,Planning Hallucination,0,2,0,3,1.0,0.0,4.576287896218684,3.819801939256063,0.01480119523455059,0.0,11.444604622533639,0.0,11.444604622533639,0.0,-11.444604622533639,0.0,11.444604622533639,1.0,0.0,10.843036021096845,0.000682986952591544,21.67127084695914,1,0.13376846812767765,3,1.0,0.47368421052631576,1,0.18255653399139762
SmolAgents/043,World Knowledge,Retrieval Hallucination,1,0,0,4,0.0,3.0,-0.03259721252318215,2.1092100761761987,0.0,0.010285910145871213,0.0,-2.0821674298932784,0.0,2.0821674298932784,-2.0821674298932784,0.0,0.0,1.0,1.0,6.039705500624141,0.0008522498580658661,12.06912509110241,1,0.11279526294156356,4,1.0,0.6842105263157895,2,0.603566792457738
SmolAgents/043,World Knowledge,Retrieval Hallucination,1,1,1,4,0.3333333333333333,2.0,-2.1147646424164606,0.027042646282920302,-2.0821674298932784,2.0924533400391496,-2.0821674298932784,-4.282791355064109,2.0821674298932784,4.282791355064109,-2.200623925170831,2.0821674298932784,0.0,0.0,1.0,6.039705500624141,0.0008522498580658661,12.06912509110241,1,0.11279526294156356,4,1.0,0.6842105263157895,2,0.6162495847525028
SmolAgents/043,World Knowledge,Retrieval Hallucination,1,2,0,4,0.6666666666666666,1.0,-6.39755599748057,-4.255748708781189,-6.364958784957388,6.375244695103259,-4.282791355064109,6.375244695103259,4.282791355064109,6.375244695103259,10.658036050167368,6.364958784957388,0.0,0.0,1.0,6.039705500624141,0.0008522498580658661,12.06912509110241,1,0.11279526294156356,4,1.0,0.6842105263157895,2,0.6440929163278462
SmolAgents/043,World Knowledge,Retrieval Hallucination,1,3,0,4,1.0,0.0,-0.022311302377310938,2.11949598632207,0.010285910145871213,0.0,6.375244695103259,0.0,6.375244695103259,0.0,-6.375244695103259,0.0,6.375244695103259,1.0,0.0,6.039705500624141,0.0008522498580658661,12.06912509110241,1,0.11279526294156356,4,1.0,0.6842105263157895,2,0.19077853245476414
SmolAgents/045,World Knowledge,Retrieval Hallucination,4,0,0,6,0.0,5.0,7.011976533151927,6.7041499532673345,0.0,-2.1216822474386063,0.0,-4.639735066454843,0.0,4.639735066454843,-4.639735066454843,0.0,0.0,1.0,1.0,14.34077894838453,0.07988298874027641,26.559875649330454,1,0.2972905432571206,6,0.0,0.5789473684210527,4,0.7087407778210105
SmolAgents/045,World Knowledge,Retrieval Hallucination,4,1,0,6,0.2,4.0,2.3722414666970835,2.064414886812491,-4.639735066454843,2.518052819016237,-4.639735066454843,-7.233744086569526,4.639735066454843,7.233744086569526,-2.594009020114683,4.639735066454843,0.0,0.0,1.0,14.34077894838453,0.07988298874027641,26.559875649330454,1,0.2972905432571206,6,0.0,0.5789473684210527,4,0.6106660212005837
SmolAgents/045,World Knowledge,Retrieval Hallucination,4,2,0,6,0.4,3.0,-4.861502619872443,-5.169329199757035,-11.87347915302437,9.751796905585763,-7.233744086569526,-2.75757035952018,7.233744086569526,2.75757035952018,4.476173727049346,11.87347915302437,0.0,0.0,1.0,14.34077894838453,0.07988298874027641,26.559875649330454,1,0.2972905432571206,6,0.0,0.5789473684210527,4,0.20761992960184403
SmolAgents/045,World Knowledge,Retrieval Hallucination,4,3,0,6,0.6,2.0,-7.619072979392623,-7.926899559277215,-14.63104951254455,12.509367265105944,-2.75757035952018,7.672095772402912,2.75757035952018,7.672095772402912,10.429666131923092,14.63104951254455,0.0,0.0,1.0,14.34077894838453,0.07988298874027641,26.559875649330454,1,0.2972905432571206,6,0.0,0.5789473684210527,4,0.4648325624638889
SmolAgents/045,World Knowledge,Retrieval Hallucination,4,4,1,6,0.8,1.0,0.05302279301028889,-0.2548037868743034,-6.958953740141638,4.837271492703032,7.672095772402912,4.837271492703032,7.672095772402912,4.837271492703032,-2.8348242796998804,6.958953740141638,7.672095772402912,0.0,0.0,14.34077894838453,0.07988298874027641,26.559875649330454,1,0.2972905432571206,6,0.0,0.5789473684210527,4,0.2517963361595323
SmolAgents/045,World Knowledge,Retrieval Hallucination,4,5,0,6,1.0,0.0,4.8902942857133205,4.582467705828728,-2.1216822474386063,0.0,4.837271492703032,0.0,4.837271492703032,0.0,-4.837271492703032,2.1216822474386063,12.509367265105944,0.0,0.0,14.34077894838453,0.07988298874027641,26.559875649330454,1,0.2972905432571206,6,0.0,0.5789473684210527,4,0.49278040011988744
SmolAgents/046,Math,Reasoning Hallucination,4,0,0,5,0.0,4.0,6.020866442825824,7.221597895280199,0.0,-4.020679743390023,0.0,-12.029587639532227,0.0,12.029587639532227,-12.029587639532227,0.0,0.0,1.0,1.0,12.04802356547511,0.20027926093554113,20.075367387560203,1,0.18863232271556693,5,0.0,0.47368421052631576,3,0.9226408681206144
SmolAgents/046,Math,Reasoning Hallucination,4,1,0,5,0.25,3.0,-6.008721196706404,-4.807989744252028,-12.029587639532227,8.008907896142205,-12.029587639532227,-0.020604858406752413,12.029587639532227,0.020604858406752413,12.008982781125475,12.029587639532227,0.0,0.0,1.0,12.04802356547511,0.20027926093554113,20.075367387560203,1,0.18863232271556693,5,0.0,0.47368421052631576,3,0.07326731985492091
SmolAgents/046,Math,Reasoning Hallucination,4,2,0,5,0.5,2.0,-6.029326055113156,-4.8285946026587805,-12.05019249793898,8.029512754548957,-0.020604858406752413,4.042662902399211,0.020604858406752413,4.042662902399211,4.063267760805964,12.05019249793898,0.0,0.0,1.0,12.04802356547511,0.20027926093554113,20.075367387560203,1,0.18863232271556693,5,0.0,0.47368421052631576,3,0.3187375057292439
SmolAgents/046,Math,Reasoning Hallucination,4,3,0,5,0.75,1.0,-1.9866631527139447,-0.7859317002595687,-8.007529595539769,3.9868498521497457,4.042662902399211,3.9868498521497457,4.042662902399211,3.9868498521497457,-0.05581305024946559,8.007529595539769,4.042662902399211,0.0,0.0,12.04802356547511,0.20027926093554113,20.075367387560203,1,0.18863232271556693,5,0.0,0.47368421052631576,3,0.22416566858804068
SmolAgents/046,Math,Reasoning Hallucination,4,4,1,5,1.0,0.0,2.000186699435801,3.200918151890177,-4.020679743390023,0.0,3.9868498521497457,0.0,3.9868498521497457,0.0,-3.9868498521497457,4.020679743390023,8.029512754548957,0.0,0.0,12.04802356547511,0.20027926093554113,20.075367387560203,1,0.18863232271556693,5,0.0,0.47368421052631576,3,0.42439636489685983
SmolAgents/047,Math,Reasoning Hallucination,1,0,0,7,0.0,6.0,4.984892574856396,5.5718468083950965,0.0,1.677450250324057,0.0,-8.514811011473235,0.0,8.514811011473235,-8.514811011473235,0.0,0.0,1.0,1.0,13.009422651157248,0.056771425461779844,29.547439344347,5,0.7576565501253842,7,1.0,0.8421052631578947,3,0.5699472277282093
SmolAgents/047,Math,Reasoning Hallucination,1,1,1,7,0.16666666666666666,5.0,-3.529918436616839,-2.942964203078138,-8.514811011473235,10.192261261797292,-8.514811011473235,1.1758199700236638,8.514811011473235,1.1758199700236638,9.690630981496898,8.514811011473235,0.0,0.0,1.0,13.009422651157248,0.056771425461779844,29.547439344347,5,0.7576565501253842,7,1.0,0.8421052631578947,3,0.07537694956115505
SmolAgents/047,Math,Reasoning Hallucination,1,2,0,7,0.3333333333333333,4.0,-2.3540984665931752,-1.7671442330544744,-7.338991041449571,9.016441291773628,1.1758199700236638,-0.19148157569321,1.1758199700236638,0.19148157569321,-1.3673015457168738,7.338991041449571,1.1758199700236638,0.0,0.0,13.009422651157248,0.056771425461779844,29.547439344347,5,0.7576565501253842,7,1.0,0.8421052631578947,3,0.012792449203395015
SmolAgents/047,Math,Reasoning Hallucination,1,3,0,7,0.5,3.0,-2.5455800422863852,-1.9586258087476844,-7.530472617142781,9.207922867466838,-0.19148157569321,2.2890874817938993,0.19148157569321,2.2890874817938993,2.4805690574871093,7.530472617142781,0.9843383943304538,0.0,0.0,13.009422651157248,0.056771425461779844,29.547439344347,5,0.7576565501253842,7,1.0,0.8421052631578947,3,0.03656153914469007
SmolAgents/047,Math,Reasoning Hallucination,1,4,0,7,0.6666666666666666,2.0,-0.2564925604924859,0.33046167304621477,-5.241385135348882,6.9188353856729385,2.2890874817938993,-6.813332968326382,2.2890874817938993,6.813332968326382,-9.102420450120281,5.241385135348882,3.273425876124353,0.0,0.0,13.009422651157248,0.056771425461779844,29.547439344347,5,0.7576565501253842,7,1.0,0.8421052631578947,3,0.10208965213794965
SmolAgents/047,Math,Reasoning Hallucination,1,5,0,7,0.8333333333333334,1.0,-7.069825528818868,-6.482871295280167,-12.054718103675263,13.73216835399932,-6.813332968326382,13.73216835399932,6.813332968326382,13.73216835399932,20.545501322325702,12.054718103675263,0.0,0.0,1.0,13.009422651157248,0.056771425461779844,29.547439344347,5,0.7576565501253842,7,1.0,0.8421052631578947,3,0.7959539318918573
SmolAgents/047,Math,Reasoning Hallucination,1,6,0,7,1.0,0.0,6.662342825180453,7.249297058719153,1.677450250324057,0.0,13.73216835399932,0.0,13.73216835399932,0.0,-13.73216835399932,0.0,13.73216835399932,1.0,0.0,13.009422651157248,0.056771425461779844,29.547439344347,5,0.7576565501253842,7,1.0,0.8421052631578947,3,0.11808066929216002
SmolAgents/048,Math,Reasoning Hallucination,1,0,0,6,0.0,5.0,4.243832794681854,5.371924485979619,0.0,0.4788741281325173,0.0,-6.955851803007931,0.0,6.955851803007931,-6.955851803007931,0.0,0.0,1.0,1.0,11.29982316906355,0.021648165063430876,22.12077220999458,1,0.22386306902216369,6,1.0,0.5789473684210527,0,0.7201762014672752
SmolAgents/048,Math,Reasoning Hallucination,1,1,1,6,0.2,4.0,-2.7120190083260773,-1.5839273170283121,-6.955851803007931,7.4347259311404486,-6.955851803007931,-1.6189416952382132,6.955851803007931,1.6189416952382132,5.336910107769718,6.955851803007931,0.0,0.0,1.0,11.29982316906355,0.021648165063430876,22.12077220999458,1,0.22386306902216369,6,1.0,0.5789473684210527,0,0.24721556637730957
SmolAgents/048,Math,Reasoning Hallucination,1,2,0,6,0.4,3.0,-4.3309607035642905,-3.2028690122665253,-8.574793498246144,9.053667626378662,-1.6189416952382132,-2.5104091359419343,1.6189416952382132,2.5104091359419343,-0.8914674407037211,8.574793498246144,0.0,0.0,1.0,11.29982316906355,0.021648165063430876,22.12077220999458,1,0.22386306902216369,6,1.0,0.5789473684210527,0,0.3537243247679705
SmolAgents/048,Math,Reasoning Hallucination,1,3,0,6,0.6,2.0,-6.841369839506225,-5.71327814820846,-11.085202634188079,11.564076762320596,-2.5104091359419343,4.990629525620001,2.5104091359419343,4.990629525620001,7.501038661561935,11.085202634188079,0.0,0.0,1.0,11.29982316906355,0.021648165063430876,22.12077220999458,1,0.22386306902216369,6,1.0,0.5789473684210527,0,0.44441905020993894
SmolAgents/048,Math,Reasoning Hallucination,1,4,0,6,0.8,1.0,-1.8507403138862237,-0.7226486225884585,-6.094573108568078,6.573447236700595,4.990629525620001,6.573447236700595,4.990629525620001,6.573447236700595,1.5828177110805939,6.094573108568078,4.990629525620001,0.0,0.0,11.29982316906355,0.021648165063430876,22.12077220999458,1,0.22386306902216369,6,1.0,0.5789473684210527,0,0.5014651619471051
SmolAgents/048,Math,Reasoning Hallucination,1,5,0,6,1.0,0.0,4.722706922814371,5.850798614112136,0.4788741281325173,0.0,6.573447236700595,0.0,6.573447236700595,0.0,-6.573447236700595,0.0,11.564076762320596,1.0,0.0,11.29982316906355,0.021648165063430876,22.12077220999458,1,0.22386306902216369,6,1.0,0.5789473684210527,0,0.341932191895826
SmolAgents/049,Math,Planning Hallucination,0,0,1,3,0.0,2.0,4.568381224743959,4.56556346559682,0.0,-2.2770458035790604,0.0,-11.419644593211398,0.0,11.419644593211398,-11.419644593211398,0.0,0.0,1.0,1.0,10.938455183230749,0.11617660909204719,19.599864562882434,1,0.12024703732657237,3,0.0,0.5263157894736842,3,0.8840289535124368
SmolAgents/049,Math,Planning Hallucination,0,1,0,3,0.5,1.0,-6.851263368467439,-6.854081127614578,-11.419644593211398,9.142598789632338,-11.419644593211398,9.142598789632338,11.419644593211398,9.142598789632338,20.562243382843736,11.419644593211398,0.0,0.0,1.0,10.938455183230749,0.11617660909204719,19.599864562882434,1,0.12024703732657237,3,0.0,0.5263157894736842,3,0.6859715404331821
SmolAgents/049,Math,Planning Hallucination,0,2,0,3,1.0,0.0,2.2913354211648986,2.288517662017759,-2.2770458035790604,0.0,9.142598789632338,0.0,9.142598789632338,0.0,-9.142598789632338,2.2770458035790604,9.142598789632338,0.0,0.0,10.938455183230749,0.11617660909204719,19.599864562882434,1,0.12024703732657237,3,0.0,0.5263157894736842,3,0.2809537305332233
SmolAgents/050,Math,Reasoning Hallucination,2,0,0,4,0.0,3.0,2.2779987263466346,2.277998726346633,0.0,-2.2724952090266193,0.0,0.008986396447667744,0.0,0.008986396447667744,0.008986396447667744,0.0,0.0,1.0,1.0,6.616157895559005,0.2073478477138513,10.959820582091393,2,0.16052563384858923,4,0.3157894736842105,0.6842105263157895,4,0.6936062163486757
SmolAgents/050,Math,Reasoning Hallucination,2,1,0,4,0.3333333333333333,2.0,2.2869851227943023,2.2869851227943006,0.008986396447667744,-2.281481605474287,0.008986396447667744,-6.857472489255247,0.008986396447667744,6.857472489255247,-6.866458885702915,0.0,0.008986396447667744,1.0,0.0,6.616157895559005,0.2073478477138513,10.959820582091393,2,0.16052563384858923,4,0.3157894736842105,0.6842105263157895,4,0.4642280126415553
SmolAgents/050,Math,Reasoning Hallucination,2,2,1,4,0.6666666666666666,1.0,-4.570487366460945,-4.570487366460947,-6.84848609280758,4.57599088378096,-6.857472489255247,4.57599088378096,6.857472489255247,4.57599088378096,11.433463373036208,6.857472489255247,0.0,0.0,1.0,6.616157895559005,0.2073478477138513,10.959820582091393,2,0.16052563384858923,4,0.3157894736842105,0.6842105263157895,4,0.541490451479847
SmolAgents/050,Math,Reasoning Hallucination,2,3,0,4,1.0,0.0,0.005503517320015305,0.005503517320013529,-2.2724952090266193,0.0,4.57599088378096,0.0,4.57599088378096,0.0,-4.57599088378096,2.281481605474287,4.57599088378096,0.0,0.0,6.616157895559005,0.2073478477138513,10.959820582091393,2,0.16052563384858923,4,0.3157894736842105,0.6842105263157895,4,0.177885974263385
SmolAgents/051,Math,Reasoning Hallucination,1,0,0,4,0.0,3.0,4.570677521551396,4.570677521551399,0.0,-6.86385782183423,0.0,-2.281872309818816,0.0,2.281872309818816,-2.281872309818816,0.0,0.0,1.0,1.0,9.017341947567378,0.6144449637649977,11.170826073300521,1,0.1201882904593598,4,0.0,0.6842105263157895,4,0.8141310178051797
SmolAgents/051,Math,Reasoning Hallucination,1,1,1,4,0.3333333333333333,2.0,2.28880521173258,2.2888052117325834,-2.281872309818816,-4.5819855120154145,-2.281872309818816,-6.855107644733735,2.281872309818816,6.855107644733735,-4.573235334914919,2.281872309818816,0.0,0.0,1.0,9.017341947567378,0.6144449637649977,11.170826073300521,1,0.1201882904593598,4,0.0,0.6842105263157895,4,0.8083809497223414
SmolAgents/051,Math,Reasoning Hallucination,1,2,0,4,0.6666666666666666,1.0,-4.566302433001155,-4.566302433001152,-9.136979954552551,2.2731221327183206,-6.855107644733735,2.2731221327183206,6.855107644733735,2.2731221327183206,9.128229777452056,9.136979954552551,0.0,0.0,1.0,9.017341947567378,0.6144449637649977,11.170826073300521,1,0.1201882904593598,4,0.0,0.6842105263157895,4,0.4398516426484849
SmolAgents/051,Math,Reasoning Hallucination,1,3,0,4,1.0,0.0,-2.2931803002828346,-2.293180300282831,-6.86385782183423,0.0,2.2731221327183206,0.0,2.2731221327183206,0.0,-2.2731221327183206,6.86385782183423,2.2731221327183206,0.0,0.0,9.017341947567378,0.6144449637649977,11.170826073300521,1,0.1201882904593598,4,0.0,0.6842105263157895,4,0.16430521734925083
SmolAgents/053,Science,Retrieval Hallucination,4,0,0,7,0.0,6.0,4.602201445760304,4.602201445760302,0.0,-8.828557569421001,0.0,-9.1210152356192,0.0,9.1210152356192,-9.1210152356192,0.0,0.0,1.0,1.0,8.828557569421001,0.27567524098595253,32.02521030849801,4,0.8533326826527039,7,0.0,1.0,4,0.6559949326879309
SmolAgents/053,Science,Retrieval Hallucination,4,1,0,7,0.16666666666666666,5.0,-4.518813789858896,-4.518813789858898,-9.1210152356192,0.29245766619819946,-9.1210152356192,6.4236815441824255,9.1210152356192,6.4236815441824255,15.544696779801626,9.1210152356192,0.0,0.0,1.0,8.828557569421001,0.27567524098595253,32.02521030849801,4,0.8533326826527039,7,0.0,1.0,4,0.5076405719598956
SmolAgents/053,Science,Retrieval Hallucination,4,2,0,7,0.3333333333333333,4.0,1.9048677543235293,1.9048677543235273,-2.697333691436775,-6.131223877984226,6.4236815441824255,-4.532419436340874,6.4236815441824255,4.532419436340874,-10.9561009805233,2.697333691436775,6.4236815441824255,0.0,0.0,8.828557569421001,0.27567524098595253,32.02521030849801,4,0.8533326826527039,7,0.0,1.0,4,0.2276941215925603
SmolAgents/053,Science,Retrieval Hallucination,4,3,0,7,0.5,3.0,-2.6275516820173443,-2.6275516820173466,-7.229753127777649,-1.5988044416433524,-4.532419436340874,2.870865201113695,4.532419436340874,2.870865201113695,7.403284637454568,7.229753127777649,1.891262107841552,0.0,0.0,8.828557569421001,0.27567524098595253,32.02521030849801,4,0.8533326826527039,7,0.0,1.0,4,0.24495534498488275
SmolAgents/053,Science,Retrieval Hallucination,4,4,1,7,0.6666666666666666,2.0,0.24331351909635046,0.24331351909634844,-4.358887926663954,-4.469669642757047,2.870865201113695,4.379025357260417,2.870865201113695,4.379025357260417,1.5081601561467224,4.358887926663954,4.762127308955247,0.0,0.0,8.828557569421001,0.27567524098595253,32.02521030849801,4,0.8533326826527039,7,0.0,1.0,4,0.40793252337987357
SmolAgents/053,Science,Retrieval Hallucination,4,5,0,7,0.8333333333333334,1.0,4.622338876356768,4.622338876356766,0.020137430596463446,-8.848695000017464,4.379025357260417,-8.848695000017464,4.379025357260417,8.848695000017464,-13.227720357277882,0.0,9.141152666215664,1.0,0.0,8.828557569421001,0.27567524098595253,32.02521030849801,4,0.8533326826527039,7,0.0,1.0,4,0.4156701710765131
SmolAgents/053,Science,Retrieval Hallucination,4,6,0,7,1.0,0.0,-4.226356123660697,-4.226356123660699,-8.828557569421001,0.0,-8.848695000017464,0.0,8.848695000017464,0.0,8.848695000017464,8.848695000017464,0.29245766619819946,0.0,0.0,8.828557569421001,0.27567524098595253,32.02521030849801,4,0.8533326826527039,7,0.0,1.0,4,0.05706055603005727
SmolAgents/054,World Knowledge,Planning Hallucination,0,0,1,5,0.0,4.0,4.004825960877238,5.205657773497618,0.0,-0.0004202579588934441,0.0,-10.005718185066836,0.0,10.005718185066836,-10.005718185066836,0.0,0.0,1.0,1.0,9.804591270521726,1.595258536040277e-05,26.34419120154662,3,0.42148871014641953,5,0.0,0.7368421052631579,4,0.7388694667148715
SmolAgents/054,World Knowledge,Planning Hallucination,0,1,0,5,0.25,3.0,-6.000892224189599,-4.800060411569218,-10.005718185066836,10.005297927107943,-10.005718185066836,3.999160920336852,10.005718185066836,3.999160920336852,14.004879105403688,10.005718185066836,0.0,0.0,1.0,9.804591270521726,1.595258536040277e-05,26.34419120154662,3,0.42148871014641953,5,0.0,0.7368421052631579,4,0.3690825613918069
SmolAgents/054,World Knowledge,Planning Hallucination,0,2,0,5,0.5,2.0,-2.001731303852747,-0.8008994912323657,-6.0065572647299845,6.006137006771091,3.999160920336852,-4.009035895002395,3.999160920336852,4.009035895002395,-8.008196815339247,6.0065572647299845,3.999160920336852,0.0,0.0,9.804591270521726,1.595258536040277e-05,26.34419120154662,3,0.42148871014641953,5,0.0,0.7368421052631579,4,0.16796906944522777
SmolAgents/054,World Knowledge,Planning Hallucination,0,3,0,5,0.75,1.0,-6.010767198855142,-4.809935386234761,-10.01559315973238,10.015172901773486,-4.009035895002395,10.015172901773486,4.009035895002395,10.015172901773486,14.02420879677588,10.01559315973238,0.0,0.0,1.0,9.804591270521726,1.595258536040277e-05,26.34419120154662,3,0.42148871014641953,5,0.0,0.7368421052631579,4,0.661124465664804
SmolAgents/054,World Knowledge,Planning Hallucination,0,4,0,5,1.0,0.0,4.004405702918344,5.205237515538725,-0.0004202579588934441,0.0,10.015172901773486,0.0,10.015172901773486,0.0,-10.015172901773486,0.0004202579588934441,10.015172901773486,0.0,0.0,9.804591270521726,1.595258536040277e-05,26.34419120154662,3,0.42148871014641953,5,0.0,0.7368421052631579,4,0.14781457283407742
SmolAgents/055,World Knowledge,Planning Hallucination,0,0,1,6,0.0,5.0,1.822139543616057,2.9876228825224294,0.0,0.10471268531544098,0.0,-3.7141119799171847,0.0,3.7141119799171847,-3.7141119799171847,0.0,0.0,1.0,1.0,6.329813321980135,0.00834037458642557,12.554913958644828,1,0.1339141059141773,6,1.0,0.5789473684210527,0,0.624307317825891
SmolAgents/055,World Knowledge,Planning Hallucination,0,1,0,6,0.2,4.0,-1.8919724363011277,-0.7264890973947555,-3.7141119799171847,3.8188246652326256,-3.7141119799171847,-1.9713566028341276,3.7141119799171847,1.9713566028341276,1.742755377083057,3.7141119799171847,0.0,0.0,1.0,6.329813321980135,0.00834037458642557,12.554913958644828,1,0.1339141059141773,6,1.0,0.5789473684210527,0,0.5021390441085818
SmolAgents/055,World Knowledge,Planning Hallucination,0,2,0,6,0.4,3.0,-3.8633290391352553,-2.697845700228883,-5.685468582751312,5.790181268066753,-1.9713566028341276,-0.6031181779031911,1.9713566028341276,0.6031181779031911,1.3682384249309365,5.685468582751312,0.0,0.0,1.0,6.329813321980135,0.00834037458642557,12.554913958644828,1,0.1339141059141773,6,1.0,0.5789473684210527,0,0.4313509331287203
SmolAgents/055,World Knowledge,Planning Hallucination,0,3,0,6,0.6,2.0,-4.466447217038446,-3.300963878132074,-6.288586760654503,6.393299445969944,-0.6031181779031911,3.9463041035274884,0.6031181779031911,3.9463041035274884,4.5494222814306795,6.288586760654503,0.0,0.0,1.0,6.329813321980135,0.00834037458642557,12.554913958644828,1,0.1339141059141773,6,1.0,0.5789473684210527,0,0.6878176457661295
SmolAgents/055,World Knowledge,Planning Hallucination,0,4,0,6,0.8,1.0,-0.520143113510958,0.6453402253954141,-2.342282657127015,2.446995342442456,3.9463041035274884,2.446995342442456,3.9463041035274884,2.446995342442456,-1.4993087610850324,2.342282657127015,3.9463041035274884,0.0,0.0,6.329813321980135,0.00834037458642557,12.554913958644828,1,0.1339141059141773,6,1.0,0.5789473684210527,0,0.4149723452349426
SmolAgents/055,World Knowledge,Planning Hallucination,0,5,0,6,1.0,0.0,1.926852228931498,3.0923355678378703,0.10471268531544098,0.0,2.446995342442456,0.0,2.446995342442456,0.0,-2.446995342442456,0.0,6.393299445969944,1.0,0.0,6.329813321980135,0.00834037458642557,12.554913958644828,1,0.1339141059141773,6,1.0,0.5789473684210527,0,0.2528026467280024
SmolAgents/056,World Knowledge,Planning Hallucination,0,0,1,4,0.0,3.0,4.281702919725831,4.814959949883931,0.0,-0.003441789259781558,0.0,-6.408952622132606,0.0,6.408952622132606,-6.408952622132606,0.0,0.0,1.0,1.0,12.171445198728414,0.00014140785665220173,24.339448608197042,1,0.16940382902432014,4,0.0,0.6842105263157895,0,0.7011678939197017
SmolAgents/056,World Knowledge,Planning Hallucination,0,1,0,4,0.3333333333333333,2.0,-2.1272497024067754,-1.5939926722486755,-6.408952622132606,6.4055108328728245,-6.408952622132606,-6.438492766010729,6.408952622132606,6.438492766010729,-0.02954014387812265,6.408952622132606,0.0,0.0,1.0,12.171445198728414,0.00014140785665220173,24.339448608197042,1,0.16940382902432014,4,0.0,0.6842105263157895,0,0.36637210652983865
SmolAgents/056,World Knowledge,Planning Hallucination,0,2,0,4,0.6666666666666666,1.0,-8.565742468417504,-8.032485438259403,-12.847445388143335,12.844003598883553,-6.438492766010729,12.844003598883553,6.438492766010729,12.844003598883553,19.282496364894282,12.847445388143335,0.0,0.0,1.0,12.171445198728414,0.00014140785665220173,24.339448608197042,1,0.16940382902432014,4,0.0,0.6842105263157895,0,0.6744257760358257
SmolAgents/056,World Knowledge,Planning Hallucination,0,3,0,4,1.0,0.0,4.278261130466049,4.811518160624149,-0.003441789259781558,0.0,12.844003598883553,0.0,12.844003598883553,0.0,-12.844003598883553,0.003441789259781558,12.844003598883553,0.0,0.0,12.171445198728414,0.00014140785665220173,24.339448608197042,1,0.16940382902432014,4,0.0,0.6842105263157895,0,0.5140575393694818
SmolAgents/058,World Knowledge,Planning Hallucination,0,0,1,3,0.0,2.0,6.861995634464304,6.855620350458501,0.0,-6.862794236733748,0.0,-13.704066814641756,0.0,13.704066814641756,-13.704066814641756,0.0,0.0,1.0,1.0,13.343999836857124,0.3461651007122675,19.8252054369805,1,0.12014818358216327,3,0.0,0.5263157894736842,4,0.9221310772080532
SmolAgents/058,World Knowledge,Planning Hallucination,0,1,0,3,0.5,1.0,-6.842071180177452,-6.8484464641832545,-13.704066814641756,6.841272577908008,-13.704066814641756,6.841272577908008,13.704066814641756,6.841272577908008,20.545339392549764,13.704066814641756,0.0,0.0,1.0,13.343999836857124,0.3461651007122675,19.8252054369805,1,0.12014818358216327,3,0.0,0.5263157894736842,4,0.5167786726115611
SmolAgents/058,World Knowledge,Planning Hallucination,0,2,0,3,1.0,0.0,-0.0007986022694446149,-0.0071738862752468435,-6.862794236733748,0.0,6.841272577908008,0.0,6.841272577908008,0.0,-6.841272577908008,6.862794236733748,6.841272577908008,0.0,0.0,13.343999836857124,0.3461651007122675,19.8252054369805,1,0.12014818358216327,3,0.0,0.5263157894736842,4,0.1286653272316232
SmolAgents/059,World Knowledge,Retrieval Hallucination,2,0,0,4,0.0,3.0,2.116952573328433,3.731358487503293,0.0,2.1353689422696505,0.0,-10.663228155226975,0.0,10.663228155226975,-10.663228155226975,0.0,0.0,1.0,1.0,12.349580948215454,0.09463696757932898,22.563792954161258,1,0.16838747223291733,4,1.0,0.3684210526315789,1,0.744024847652325
SmolAgents/059,World Knowledge,Retrieval Hallucination,2,1,0,4,0.3333333333333333,2.0,-8.546275581898541,-6.9318696677236815,-10.663228155226975,12.798597097496625,-10.663228155226975,4.2656534181711265,10.663228155226975,4.2656534181711265,14.928881573398101,10.663228155226975,0.0,0.0,1.0,12.349580948215454,0.09463696757932898,22.563792954161258,1,0.16838747223291733,4,1.0,0.3684210526315789,1,0.39843852635168575
SmolAgents/059,World Knowledge,Retrieval Hallucination,2,2,1,4,0.6666666666666666,1.0,-4.280622163727415,-2.666216249552555,-6.397574737055848,8.532943679325498,4.2656534181711265,8.532943679325498,4.2656534181711265,8.532943679325498,4.267290261154372,6.397574737055848,4.2656534181711265,0.0,0.0,12.349580948215454,0.09463696757932898,22.563792954161258,1,0.16838747223291733,4,1.0,0.3684210526315789,1,0.615639958577691
SmolAgents/059,World Knowledge,Retrieval Hallucination,2,3,0,4,1.0,0.0,4.252321515598084,5.8667274297729435,2.1353689422696505,0.0,8.532943679325498,0.0,8.532943679325498,0.0,-8.532943679325498,0.0,12.798597097496625,1.0,0.0,12.349580948215454,0.09463696757932898,22.563792954161258,1,0.16838747223291733,4,1.0,0.3684210526315789,1,0.2679409886186855
SmolAgents/060,World Knowledge,Planning Hallucination,0,0,1,3,0.0,2.0,6.861995634464304,6.855620350458501,0.0,-6.862794236733748,0.0,-13.704066814641756,0.0,13.704066814641756,-13.704066814641756,0.0,0.0,1.0,1.0,13.343999836857124,0.3461651007122675,19.8252054369805,1,0.12014818358216327,3,0.0,0.5263157894736842,1,0.9066636692643547
SmolAgents/060,World Knowledge,Planning Hallucination,0,1,0,3,0.5,1.0,-6.842071180177452,-6.8484464641832545,-13.704066814641756,6.841272577908008,-13.704066814641756,6.841272577908008,13.704066814641756,6.841272577908008,20.545339392549764,13.704066814641756,0.0,0.0,1.0,13.343999836857124,0.3461651007122675,19.8252054369805,1,0.12014818358216327,3,0.0,0.5263157894736842,1,0.5284348872586677
SmolAgents/060,World Knowledge,Planning Hallucination,0,2,0,3,1.0,0.0,-0.0007986022694446149,-0.0071738862752468435,-6.862794236733748,0.0,6.841272577908008,0.0,6.841272577908008,0.0,-6.841272577908008,6.862794236733748,6.841272577908008,0.0,0.0,13.343999836857124,0.3461651007122675,19.8252054369805,1,0.12014818358216327,3,0.0,0.5263157894736842,1,0.22916401445125786
SmolAgents/061,World Knowledge,Planning Hallucination,0,0,1,4,0.0,3.0,2.1186095812435646,3.7231535425786415,0.0,-2.126249290960665,0.0,-6.387094104067955,0.0,6.387094104067955,-6.387094104067955,0.0,0.0,1.0,1.0,6.3862705957751125,0.1997173580073377,10.64629190058956,1,0.09333434726660766,4,0.0,0.3684210526315789,3,0.7920807175136612
SmolAgents/061,World Knowledge,Planning Hallucination,0,1,0,4,0.3333333333333333,2.0,-4.268484522824391,-2.663940561489314,-6.387094104067955,4.2608448131072905,-6.387094104067955,0.007823328782009753,6.387094104067955,0.007823328782009753,6.394917432849965,6.387094104067955,0.0,0.0,1.0,6.3862705957751125,0.1997173580073377,10.64629190058956,1,0.09333434726660766,4,0.0,0.3684210526315789,3,0.3373996486221425
SmolAgents/061,World Knowledge,Planning Hallucination,0,2,0,4,0.6666666666666666,1.0,-4.260661194042381,-2.656117232707304,-6.379270775285946,4.253021484325281,0.007823328782009753,4.253021484325281,0.007823328782009753,4.253021484325281,4.245198155543271,6.379270775285946,0.007823328782009753,0.0,0.0,6.3862705957751125,0.1997173580073377,10.64629190058956,1,0.09333434726660766,4,0.0,0.3684210526315789,3,0.28384029114207465
SmolAgents/061,World Knowledge,Planning Hallucination,0,3,0,4,1.0,0.0,-0.007639709717100374,1.5969042516179766,-2.126249290960665,0.0,4.253021484325281,0.0,4.253021484325281,0.0,-4.253021484325281,2.126249290960665,4.2608448131072905,0.0,0.0,6.3862705957751125,0.1997173580073377,10.64629190058956,1,0.09333434726660766,4,0.0,0.3684210526315789,3,0.3282797167226639
SmolAgents/066,World Knowledge,Retrieval Hallucination,2,0,0,6,0.0,5.0,7.08765497686003,7.00292776836663,0.0,-9.452773219557926,0.0,-10.870468251751248,0.0,10.870468251751248,-10.870468251751248,0.0,0.0,1.0,1.0,10.810584558980295,0.4469480188032697,21.149603134763407,2,0.3027431507786167,6,0.0,0.21052631578947367,3,0.9521482810791576
SmolAgents/066,World Knowledge,Retrieval Hallucination,2,1,0,6,0.2,4.0,-3.782813274891218,-3.867540483384618,-10.870468251751248,1.417695032193322,-10.870468251751248,1.137790162648109,10.870468251751248,1.137790162648109,12.008258414399357,10.870468251751248,0.0,0.0,1.0,10.810584558980295,0.4469480188032697,21.149603134763407,2,0.3027431507786167,6,0.0,0.21052631578947367,3,0.2627706224483425
SmolAgents/066,World Knowledge,Retrieval Hallucination,2,2,1,6,0.4,3.0,-2.645023112243109,-2.729750320736509,-9.732678089103139,0.2799048695452129,1.137790162648109,2.6133590026324995,1.137790162648109,2.6133590026324995,1.4755688399843905,9.732678089103139,1.137790162648109,0.0,0.0,10.810584558980295,0.4469480188032697,21.149603134763407,2,0.3027431507786167,6,0.0,0.21052631578947367,3,0.12940962654109797
SmolAgents/066,World Knowledge,Retrieval Hallucination,2,3,0,6,0.6,2.0,-0.031664109610609614,-0.11639131810400964,-7.1193190864706395,-2.3334541330872867,2.6133590026324995,2.276991123153813,2.6133590026324995,2.276991123153813,-0.3363678794786864,7.1193190864706395,3.7511491652806086,0.0,0.0,10.810584558980295,0.4469480188032697,21.149603134763407,2,0.3027431507786167,6,0.0,0.21052631578947367,3,0.3295647277652985
SmolAgents/066,World Knowledge,Retrieval Hallucination,2,4,0,6,0.8,1.0,2.2453270135432035,2.1605998050498036,-4.842327963316826,-4.6104452562411,2.276991123153813,-4.6104452562411,2.276991123153813,4.6104452562411,-6.887436379394913,4.842327963316826,6.028140288434422,0.0,0.0,10.810584558980295,0.4469480188032697,21.149603134763407,2,0.3027431507786167,6,0.0,0.21052631578947367,3,0.6431968886075551
SmolAgents/066,World Knowledge,Retrieval Hallucination,2,5,0,6,1.0,0.0,-2.3651182426978963,-2.449845451191296,-9.452773219557926,0.0,-4.6104452562411,0.0,4.6104452562411,0.0,4.6104452562411,9.452773219557926,1.417695032193322,0.0,0.0,10.810584558980295,0.4469480188032697,21.149603134763407,2,0.3027431507786167,6,0.0,0.21052631578947367,3,0.11638532970591614
SmolAgents/068,World Knowledge,Retrieval Hallucination,2,0,0,4,0.0,3.0,2.1457444921287916,3.751868358124323,0.0,2.128155315434583,0.0,-6.399632011595074,0.0,6.399632011595074,-6.399632011595074,0.0,0.0,1.0,1.0,12.407692607061728,0.09380410587533088,22.68722989868887,1,0.1689805619593558,4,1.0,0.631578947368421,0,0.7283014402692296
SmolAgents/068,World Knowledge,Retrieval Hallucination,2,1,0,4,0.3333333333333333,2.0,-4.253887519466282,-2.6477636534707507,-6.399632011595074,8.527787327029657,-6.399632011595074,-4.336364724741728,6.399632011595074,4.336364724741728,2.063267286853346,6.399632011595074,0.0,0.0,1.0,12.407692607061728,0.09380410587533088,22.68722989868887,1,0.1689805619593558,4,1.0,0.631578947368421,0,0.36088879034472393
SmolAgents/068,World Knowledge,Retrieval Hallucination,2,2,1,4,0.6666666666666666,1.0,-8.59025224420801,-6.984128378212478,-10.735996736336801,12.864152051771384,-4.336364724741728,12.864152051771384,4.336364724741728,12.864152051771384,17.200516776513112,10.735996736336801,0.0,0.0,1.0,12.407692607061728,0.09380410587533088,22.68722989868887,1,0.1689805619593558,4,1.0,0.631578947368421,0,0.8458097446799565
SmolAgents/068,World Knowledge,Retrieval Hallucination,2,3,0,4,1.0,0.0,4.2738998075633745,5.880023673558906,2.128155315434583,0.0,12.864152051771384,0.0,12.864152051771384,0.0,-12.864152051771384,0.0,12.864152051771384,1.0,0.0,12.407692607061728,0.09380410587533088,22.68722989868887,1,0.1689805619593558,4,1.0,0.631578947368421,0,0.32249445031882784
SmolAgents/072,Science,Planning Hallucination,0,0,1,7,0.0,6.0,2.4461196627531514,2.7585327516193097,0.0,-0.7737414755251244,0.0,-2.62369114250631,0.0,2.62369114250631,-2.62369114250631,0.0,0.0,1.0,1.0,10.168711331810233,0.03128598513731854,24.731248580764372,3,0.7173472387146664,7,0.47368421052631576,0.6842105263157895,1,0.3003865733451842
SmolAgents/072,Science,Planning Hallucination,0,1,0,7,0.16666666666666666,5.0,-0.17757147975315846,0.1348416091129998,-2.62369114250631,1.8499496669811855,-2.62369114250631,0.15164829545281933,2.62369114250631,0.15164829545281933,2.775339437959129,2.62369114250631,0.0,0.0,1.0,10.168711331810233,0.03128598513731854,24.731248580764372,3,0.7173472387146664,7,0.47368421052631576,0.6842105263157895,1,0.43128176431236603
SmolAgents/072,Science,Planning Hallucination,0,2,0,7,0.3333333333333333,4.0,-0.02592318430033913,0.28648990456581913,-2.4720428470534905,1.6983013715283661,0.15164829545281933,4.859348381929081,0.15164829545281933,4.859348381929081,4.707700086476262,2.4720428470534905,0.15164829545281933,0.0,0.0,10.168711331810233,0.03128598513731854,24.731248580764372,3,0.7173472387146664,7,0.47368421052631576,0.6842105263157895,1,0.39603158984561276
SmolAgents/072,Science,Planning Hallucination,0,3,0,7,0.5,3.0,4.833425197628742,5.1458382864949,2.3873055348755905,-3.161047010400715,4.859348381929081,-11.105281309895176,4.859348381929081,11.105281309895176,-15.964629691824257,0.0,5.0109966773819,1.0,0.0,10.168711331810233,0.03128598513731854,24.731248580764372,3,0.7173472387146664,7,0.47368421052631576,0.6842105263157895,1,0.3498389610031249
SmolAgents/072,Science,Planning Hallucination,0,4,0,7,0.6666666666666666,2.0,-6.271856112266434,-5.959443023400276,-8.717975775019585,7.944234299494461,-11.105281309895176,1.6083922189133375,11.105281309895176,1.6083922189133375,12.713673528808513,11.105281309895176,0.0,0.0,1.0,10.168711331810233,0.03128598513731854,24.731248580764372,3,0.7173472387146664,7,0.47368421052631576,0.6842105263157895,1,0.18572528746453196
SmolAgents/072,Science,Planning Hallucination,0,5,0,7,0.8333333333333334,1.0,-4.6634638933530965,-4.351050804486938,-7.109583556106248,6.3358420805811235,1.6083922189133375,6.3358420805811235,1.6083922189133375,6.3358420805811235,4.727449861667786,9.496889090981838,1.6083922189133375,0.0,0.0,10.168711331810233,0.03128598513731854,24.731248580764372,3,0.7173472387146664,7,0.47368421052631576,0.6842105263157895,1,0.3082752334490585
SmolAgents/072,Science,Planning Hallucination,0,6,0,7,1.0,0.0,1.672378187228027,1.9847912760941853,-0.7737414755251244,0.0,6.3358420805811235,0.0,6.3358420805811235,0.0,-6.3358420805811235,3.161047010400715,7.944234299494461,0.0,0.0,10.168711331810233,0.03128598513731854,24.731248580764372,3,0.7173472387146664,7,0.47368421052631576,0.6842105263157895,1,0.3195791860100814
SmolAgents/076,Science,Reasoning Hallucination,6,0,0,9,0.0,8.0,2.513057810399097,2.8156553523866097,0.0,-2.1649324342336627,0.0,-6.537508834374499,0.0,6.537508834374499,-6.537508834374499,0.0,0.0,1.0,1.0,9.172279186329948,0.06609619620102476,32.754266639629975,4,1.2287573877079696,9,0.8947368421052632,0.7368421052631579,2,0.5435983725895095
SmolAgents/076,Science,Reasoning Hallucination,6,1,0,9,0.125,7.0,-4.024451023975402,-3.7218534819878895,-6.537508834374499,4.3725764001408365,-6.537508834374499,1.6324428211244353,6.537508834374499,1.6324428211244353,8.169951655498934,6.537508834374499,0.0,0.0,1.0,9.172279186329948,0.06609619620102476,32.754266639629975,4,1.2287573877079696,9,0.8947368421052632,0.7368421052631579,2,0.3475167918689466
SmolAgents/076,Science,Reasoning Hallucination,6,2,0,9,0.25,6.0,-2.392008202850967,-2.089410660863454,-4.905066013250064,2.740133579016401,1.6324428211244353,4.479287415091214,1.6324428211244353,4.479287415091214,2.846844593966779,4.905066013250064,1.6324428211244353,0.0,0.0,9.172279186329948,0.06609619620102476,32.754266639629975,4,1.2287573877079696,9,0.8947368421052632,0.7368421052631579,2,0.35030077875481214
SmolAgents/076,Science,Reasoning Hallucination,6,3,0,9,0.375,5.0,2.0872792122402473,2.38987675422776,-0.4257785981588498,-1.7391538360748129,4.479287415091214,0.5576473352347193,4.479287415091214,0.5576473352347193,-3.9216400798564948,0.4257785981588498,6.111730236215649,0.0,0.0,9.172279186329948,0.06609619620102476,32.754266639629975,4,1.2287573877079696,9,0.8947368421052632,0.7368421052631579,2,0.37483822176408466
SmolAgents/076,Science,Reasoning Hallucination,6,4,0,9,0.5,4.0,2.6449265474749666,2.9475240894624792,0.13186873707586955,-2.296801171309532,0.5576473352347193,-2.9644925308700536,0.5576473352347193,2.9644925308700536,-3.522139866104773,0.0,6.669377571450369,1.0,0.0,9.172279186329948,0.06609619620102476,32.754266639629975,4,1.2287573877079696,9,0.8947368421052632,0.7368421052631579,2,0.44679611665840757
SmolAgents/076,Science,Reasoning Hallucination,6,5,0,9,0.625,3.0,-0.319565983395087,-0.01696844140757431,-2.832623793794184,0.6676913595605214,-2.9644925308700536,-6.646544994426641,2.9644925308700536,6.646544994426641,-3.6820524635565874,2.9644925308700536,3.704885040580315,0.0,0.0,9.172279186329948,0.06609619620102476,32.754266639629975,4,1.2287573877079696,9,0.8947368421052632,0.7368421052631579,2,0.3513050932118776
SmolAgents/076,Science,Reasoning Hallucination,6,6,1,9,0.75,2.0,-6.966110977821728,-6.663513435834215,-9.479168788220825,7.314236353987162,-6.646544994426641,10.351480341697552,6.646544994426641,10.351480341697552,16.998025336124194,9.611037525296695,0.0,0.0,1.0,9.172279186329948,0.06609619620102476,32.754266639629975,4,1.2287573877079696,9,0.8947368421052632,0.7368421052631579,2,0.5659771062027517
SmolAgents/076,Science,Reasoning Hallucination,6,7,0,9,0.875,1.0,3.3853693638758244,3.687966905863337,0.8723115534767274,-3.03724398771039,10.351480341697552,-3.03724398771039,10.351480341697552,3.03724398771039,-13.388724329407943,0.0,10.351480341697552,1.0,0.0,9.172279186329948,0.06609619620102476,32.754266639629975,4,1.2287573877079696,9,0.8947368421052632,0.7368421052631579,2,0.14678155207740548
SmolAgents/076,Science,Reasoning Hallucination,6,8,0,9,1.0,0.0,0.3481253761654344,0.650722918152947,-2.1649324342336627,0.0,-3.03724398771039,0.0,3.03724398771039,0.0,3.03724398771039,3.03724398771039,7.314236353987162,0.0,0.0,9.172279186329948,0.06609619620102476,32.754266639629975,4,1.2287573877079696,9,0.8947368421052632,0.7368421052631579,2,0.40155603349704055
SmolAgents/077,Science,Planning Hallucination,0,0,1,6,0.0,5.0,6.040799012627705,7.079715534599171,0.0,-3.186133815687846,0.0,-10.804856604718342,0.0,10.804856604718342,-10.804856604718342,0.0,0.0,1.0,1.0,10.68713243817991,0.1523615914747956,20.911660116223658,3,0.3660304809825974,6,0.0,0.21052631578947367,4,0.8387576032700008
SmolAgents/077,Science,Planning Hallucination,0,1,0,6,0.2,4.0,-4.764057592090637,-3.7251410701191707,-10.804856604718342,7.618722789030496,-10.804856604718342,2.236759164230211,10.804856604718342,2.236759164230211,13.041615768948553,10.804856604718342,0.0,0.0,1.0,10.68713243817991,0.1523615914747956,20.911660116223658,3,0.3660304809825974,6,0.0,0.21052631578947367,4,0.38404359319875553
SmolAgents/077,Science,Planning Hallucination,0,2,0,6,0.4,3.0,-2.5272984278604262,-1.48838190588896,-8.568097440488131,5.381963624800285,2.236759164230211,-1.5931358755061495,2.236759164230211,1.5931358755061495,-3.8298950397363605,8.568097440488131,2.236759164230211,0.0,0.0,10.68713243817991,0.1523615914747956,20.911660116223658,3,0.3660304809825974,6,0.0,0.21052631578947367,4,0.20987568822445402
SmolAgents/077,Science,Planning Hallucination,0,3,0,6,0.6,2.0,-4.120434303366576,-3.0815177813951093,-10.16123331599428,6.975099500306435,-1.5931358755061495,0.4032612852878543,1.5931358755061495,0.4032612852878543,1.9963971607940039,10.16123331599428,0.6436232887240614,0.0,0.0,10.68713243817991,0.1523615914747956,20.911660116223658,3,0.3660304809825974,6,0.0,0.21052631578947367,4,0.17443929523055382
SmolAgents/077,Science,Planning Hallucination,0,4,0,6,0.8,1.0,-3.7171730180787215,-2.678256496107255,-9.757972030706426,6.57183821501858,0.4032612852878543,6.57183821501858,0.4032612852878543,6.57183821501858,6.168576929730726,9.757972030706426,1.0468845740119157,0.0,0.0,10.68713243817991,0.1523615914747956,20.911660116223658,3,0.3660304809825974,6,0.0,0.21052631578947367,4,0.46131577709115823
SmolAgents/077,Science,Planning Hallucination,0,5,0,6,1.0,0.0,2.854665196939859,3.8935817189113253,-3.186133815687846,0.0,6.57183821501858,0.0,6.57183821501858,0.0,-6.57183821501858,3.186133815687846,7.618722789030496,0.0,0.0,10.68713243817991,0.1523615914747956,20.911660116223658,3,0.3660304809825974,6,0.0,0.21052631578947367,4,0.2504694492892439
SmolAgents/078,Science,Planning Hallucination,0,0,1,3,0.0,2.0,1.7604349184328498,2.9187236579765257,0.0,-2.015259950008147,0.0,-6.740911023921431,0.0,6.740911023921431,-6.740911023921431,0.0,0.0,1.0,1.0,6.492192546347048,0.18372111939591584,10.969125142685947,1,0.06705591870078821,3,0.0,0.5263157894736842,2,0.724498750013246
SmolAgents/078,Science,Planning Hallucination,0,1,0,3,0.5,1.0,-4.980476105488581,-3.822187365944905,-6.740911023921431,4.7256510739132835,-6.740911023921431,4.7256510739132835,6.740911023921431,4.7256510739132835,11.466562097834714,6.740911023921431,0.0,0.0,1.0,6.492192546347048,0.18372111939591584,10.969125142685947,1,0.06705591870078821,3,0.0,0.5263157894736842,2,0.630726123004642
SmolAgents/078,Science,Planning Hallucination,0,2,0,3,1.0,0.0,-0.25482503157529734,0.9034637079683787,-2.015259950008147,0.0,4.7256510739132835,0.0,4.7256510739132835,0.0,-4.7256510739132835,2.015259950008147,4.7256510739132835,0.0,0.0,6.492192546347048,0.18372111939591584,10.969125142685947,1,0.06705591870078821,3,0.0,0.5263157894736842,2,0.32282000928202953
SmolAgents/079,Science,Planning Hallucination,0,0,1,10,0.0,9.0,2.621197944804333,2.926138844782389,0.0,1.893180491381429,0.0,-4.9585958910203125,0.0,4.9585958910203125,-4.9585958910203125,0.0,0.0,1.0,1.0,7.243175750210548,0.08749106226855637,21.638558754381748,3,0.7672839918774448,10,1.0,0.6842105263157895,4,0.42976990941870735
SmolAgents/079,Science,Planning Hallucination,0,1,0,10,0.1111111111111111,8.0,-2.3373979462159795,-2.0324570462379237,-4.9585958910203125,6.8517763824017415,-4.9585958910203125,4.178527534058329,4.9585958910203125,4.178527534058329,9.137123425078642,4.9585958910203125,0.0,0.0,1.0,7.243175750210548,0.08749106226855637,21.638558754381748,3,0.7672839918774448,10,1.0,0.6842105263157895,4,0.46319589859682603
SmolAgents/079,Science,Planning Hallucination,0,2,0,10,0.2222222222222222,7.0,1.8411295878423495,2.1460704878204053,-0.7800683569619835,2.6732488483434125,4.178527534058329,0.7186097702913656,4.178527534058329,0.7186097702913656,-3.4599177637669634,0.7800683569619835,4.178527534058329,0.0,0.0,7.243175750210548,0.08749106226855637,21.638558754381748,3,0.7672839918774448,10,1.0,0.6842105263157895,4,0.2114802347175285
SmolAgents/079,Science,Planning Hallucination,0,3,0,10,0.3333333333333333,6.0,2.559739358133715,2.864680258111771,-0.061458586670617876,1.9546390780520468,0.7186097702913656,-4.459759249589062,0.7186097702913656,4.459759249589062,-5.178369019880428,0.061458586670617876,4.897137304349695,0.0,0.0,7.243175750210548,0.08749106226855637,21.638558754381748,3,0.7672839918774448,10,1.0,0.6842105263157895,4,0.47496921930800473
SmolAgents/079,Science,Planning Hallucination,0,4,0,10,0.4444444444444444,5.0,-1.9000198914553472,-1.5950789914772912,-4.52121783625968,6.414398327641109,-4.459759249589062,-0.6825378501687283,4.459759249589062,0.6825378501687283,3.777221399420334,4.52121783625968,0.4373780547606323,0.0,0.0,7.243175750210548,0.08749106226855637,21.638558754381748,3,0.7672839918774448,10,1.0,0.6842105263157895,4,0.1322147757727649
SmolAgents/079,Science,Planning Hallucination,0,5,0,10,0.5555555555555556,4.0,-2.5825577416240755,-2.2776168416460196,-5.2037556864284085,7.096936177809837,-0.6825378501687283,-0.1690764210407778,0.6825378501687283,0.1690764210407778,0.5134614291279505,5.2037556864284085,0.0,0.0,1.0,7.243175750210548,0.08749106226855637,21.638558754381748,3,0.7672839918774448,10,1.0,0.6842105263157895,4,0.28856824452263086
SmolAgents/079,Science,Planning Hallucination,0,6,0,10,0.6666666666666666,3.0,-2.7516341626648533,-2.4466932626867974,-5.372832107469186,7.266012598850615,-0.1690764210407778,0.1446333747204278,0.1690764210407778,0.1446333747204278,0.3137097957612056,5.372832107469186,0.0,0.0,1.0,7.243175750210548,0.08749106226855637,21.638558754381748,3,0.7672839918774448,10,1.0,0.6842105263157895,4,0.29465205798510535
SmolAgents/079,Science,Planning Hallucination,0,7,0,10,0.7777777777777778,2.0,-2.6070007879444255,-2.3020598879663696,-5.2281987327487585,7.121379224130187,0.1446333747204278,0.19975699110238665,0.1446333747204278,0.19975699110238665,0.05512361638195884,5.2281987327487585,0.1446333747204278,0.0,0.0,7.243175750210548,0.08749106226855637,21.638558754381748,3,0.7672839918774448,10,1.0,0.6842105263157895,4,0.1370356275678214
SmolAgents/079,Science,Planning Hallucination,0,8,0,10,0.8888888888888888,1.0,-2.407243796842039,-2.102302896863983,-5.028441741646372,6.921622233027801,0.19975699110238665,6.921622233027801,0.19975699110238665,6.921622233027801,6.721865241925414,5.028441741646372,0.34439036582281446,0.0,0.0,7.243175750210548,0.08749106226855637,21.638558754381748,3,0.7672839918774448,10,1.0,0.6842105263157895,4,0.44698688769878414
SmolAgents/079,Science,Planning Hallucination,0,9,0,10,1.0,0.0,4.514378436185762,4.819319336163818,1.893180491381429,0.0,6.921622233027801,0.0,6.921622233027801,0.0,-6.921622233027801,0.0,7.266012598850615,1.0,0.0,7.243175750210548,0.08749106226855637,21.638558754381748,3,0.7672839918774448,10,1.0,0.6842105263157895,4,0.13271219966885867
SmolAgents/080,Math,Planning Hallucination,0,0,1,5,0.0,4.0,10.107539247754946,10.90994045598102,0.0,-10.121896959715585,0.0,-12.133189315643726,0.0,12.133189315643726,-12.133189315643726,0.0,0.0,1.0,1.0,16.16374818434015,0.4558263334080156,22.205599408964716,1,0.21213773248634576,5,0.0,0.5263157894736842,2,0.8968461735762161
SmolAgents/080,Math,Planning Hallucination,0,1,0,5,0.25,3.0,-2.0256500678887797,-1.223248859662705,-12.133189315643726,2.0112923559281413,-12.133189315643726,-4.03494291724769,12.133189315643726,4.03494291724769,8.098246398396036,12.133189315643726,0.0,0.0,1.0,16.16374818434015,0.4558263334080156,22.205599408964716,1,0.21213773248634576,5,0.0,0.5263157894736842,2,0.417455869747008
SmolAgents/080,Math,Planning Hallucination,0,2,0,5,0.5,2.0,-6.06059298513647,-5.258191776910396,-16.168132232891416,6.0462352731758315,-4.03494291724769,0.04164846123703825,4.03494291724769,0.04164846123703825,4.0765913784847285,16.168132232891416,0.0,0.0,1.0,16.16374818434015,0.4558263334080156,22.205599408964716,1,0.21213773248634576,5,0.0,0.5263157894736842,2,0.2995781195513081
SmolAgents/080,Math,Planning Hallucination,0,3,0,5,0.75,1.0,-6.018944523899432,-5.216543315673357,-16.126483771654378,6.004586811938793,0.04164846123703825,6.004586811938793,0.04164846123703825,6.004586811938793,5.962938350701755,16.126483771654378,0.04164846123703825,0.0,0.0,16.16374818434015,0.4558263334080156,22.205599408964716,1,0.21213773248634576,5,0.0,0.5263157894736842,2,0.3470396801441883
SmolAgents/080,Math,Planning Hallucination,0,4,0,5,1.0,0.0,-0.014357711960638397,0.7880434962654362,-10.121896959715585,0.0,6.004586811938793,0.0,6.004586811938793,0.0,-6.004586811938793,10.121896959715585,6.0462352731758315,0.0,0.0,16.16374818434015,0.4558263334080156,22.205599408964716,1,0.21213773248634576,5,0.0,0.5263157894736842,2,0.2441787034195924
SmolAgents/081,Math,Planning Hallucination,0,0,1,5,0.0,4.0,6.854982013424145,8.04126619962478,0.0,-1.8083569811087408,0.0,-11.080855927797685,0.0,11.080855927797685,-11.080855927797685,0.0,0.0,1.0,1.0,13.813782304274861,0.07003921294574497,25.81920762744098,1,0.265899904823243,5,0.0,0.5263157894736842,1,0.7613040030784531
SmolAgents/081,Math,Planning Hallucination,0,1,0,5,0.25,3.0,-4.22587391437354,-3.039589728172907,-11.080855927797685,9.272498946688945,-11.080855927797685,-2.7743192457214754,11.080855927797685,2.7743192457214754,8.30653668207621,11.080855927797685,0.0,0.0,1.0,13.813782304274861,0.07003921294574497,25.81920762744098,1,0.265899904823243,5,0.0,0.5263157894736842,1,0.26192196969719383
SmolAgents/081,Math,Planning Hallucination,0,2,0,5,0.5,2.0,-7.000193160095016,-5.8139089738943825,-13.85517517351916,12.04681819241042,-2.7743192457214754,0.3932322578208556,2.7743192457214754,0.3932322578208556,3.167551503542331,13.85517517351916,0.0,0.0,1.0,13.813782304274861,0.07003921294574497,25.81920762744098,1,0.265899904823243,5,0.0,0.5263157894736842,1,0.19815859782950787
SmolAgents/081,Math,Planning Hallucination,0,3,0,5,0.75,1.0,-6.60696090227416,-5.420676716073527,-13.461942915698305,11.653585934589564,0.3932322578208556,11.653585934589564,0.3932322578208556,11.653585934589564,11.260353676768709,13.461942915698305,0.3932322578208556,0.0,0.0,13.813782304274861,0.07003921294574497,25.81920762744098,1,0.265899904823243,5,0.0,0.5263157894736842,1,0.49908788252574543
SmolAgents/081,Math,Planning Hallucination,0,4,0,5,1.0,0.0,5.046625032315404,6.2329092185160375,-1.8083569811087408,0.0,11.653585934589564,0.0,11.653585934589564,0.0,-11.653585934589564,1.8083569811087408,12.04681819241042,0.0,0.0,13.813782304274861,0.07003921294574497,25.81920762744098,1,0.265899904823243,5,0.0,0.5263157894736842,1,0.4263074061573121
SmolAgents/083,Math,Planning Hallucination,0,0,1,6,0.0,5.0,7.022285517057142,8.068339579669761,0.0,-2.8865755805402884,0.0,-10.816771441011149,0.0,10.816771441011149,-10.816771441011149,0.0,0.0,1.0,1.0,11.975967404462176,0.13702949706411058,21.06535922838406,1,0.3217131247193651,6,0.0,0.7894736842105263,1,0.7224954868452352
SmolAgents/083,Math,Planning Hallucination,0,1,0,6,0.2,4.0,-3.7944859239540065,-2.7484318613413876,-10.816771441011149,7.93019586047086,-10.816771441011149,-0.015134602583749768,10.816771441011149,0.015134602583749768,10.801636838427399,10.816771441011149,0.0,0.0,1.0,11.975967404462176,0.13702949706411058,21.06535922838406,1,0.3217131247193651,6,0.0,0.7894736842105263,1,0.195236617807593
SmolAgents/083,Math,Planning Hallucination,0,2,0,6,0.4,3.0,-3.8096205265377563,-2.7635664639251374,-10.831906043594898,7.94533046305461,-0.015134602583749768,-1.0623727062238544,0.015134602583749768,1.0623727062238544,-1.0472381036401046,10.831906043594898,0.0,0.0,1.0,11.975967404462176,0.13702949706411058,21.06535922838406,1,0.3217131247193651,6,0.0,0.7894736842105263,1,0.32748562326981706
SmolAgents/083,Math,Planning Hallucination,0,3,0,6,0.6,2.0,-4.871993232761611,-3.8259391701489918,-11.894278749818753,9.007703169278464,-1.0623727062238544,-0.08622691323472509,1.0623727062238544,0.08622691323472509,0.9761457929891293,11.894278749818753,0.0,0.0,1.0,11.975967404462176,0.13702949706411058,21.06535922838406,1,0.3217131247193651,6,0.0,0.7894736842105263,1,0.2455282676517816
SmolAgents/083,Math,Planning Hallucination,0,4,0,6,0.8,1.0,-4.958220145996336,-3.912166083383717,-11.980505663053478,9.09393008251319,-0.08622691323472509,9.09393008251319,0.08622691323472509,9.09393008251319,9.180156995747915,11.980505663053478,0.0,0.0,1.0,11.975967404462176,0.13702949706411058,21.06535922838406,1,0.3217131247193651,6,0.0,0.7894736842105263,1,0.7475928949824051
SmolAgents/083,Math,Planning Hallucination,0,5,0,6,1.0,0.0,4.135709936516854,5.181763999129473,-2.8865755805402884,0.0,9.09393008251319,0.0,9.09393008251319,0.0,-9.09393008251319,2.8865755805402884,9.09393008251319,0.0,0.0,11.975967404462176,0.13702949706411058,21.06535922838406,1,0.3217131247193651,6,0.0,0.7894736842105263,1,0.3531390289608255
SmolAgents/084,Math,Planning Hallucination,0,0,1,6,0.0,5.0,4.932870291219178,5.639424053628956,0.0,-1.2017894390022263,0.0,-6.824173786035637,0.0,6.824173786035637,-6.824173786035637,0.0,0.0,1.0,1.0,9.691262803451597,0.06610235294674416,18.180736167900964,1,0.29495742810051206,6,0.0,0.7894736842105263,1,0.5655304746040408
SmolAgents/084,Math,Planning Hallucination,0,1,0,6,0.2,4.0,-1.8913034948164587,-1.1847497324066798,-6.824173786035637,5.62238434703341,-6.824173786035637,-0.009440683378731052,6.824173786035637,0.009440683378731052,6.814733102656906,6.824173786035637,0.0,0.0,1.0,9.691262803451597,0.06610235294674416,18.180736167900964,1,0.29495742810051206,6,0.0,0.7894736842105263,1,0.32781711517076767
SmolAgents/084,Math,Planning Hallucination,0,2,0,6,0.4,3.0,-1.9007441781951897,-1.1941904157854109,-6.833614469414368,5.631825030412141,-0.009440683378731052,-2.428232943891917,0.009440683378731052,2.428232943891917,-2.418792260513186,6.833614469414368,0.0,0.0,1.0,9.691262803451597,0.06610235294674416,18.180736167900964,1,0.29495742810051206,6,0.0,0.7894736842105263,1,0.48117319671132
SmolAgents/084,Math,Planning Hallucination,0,3,0,6,0.6,2.0,-4.328977122087107,-3.622423359677328,-9.261847413306285,8.060057974304058,-2.428232943891917,-0.45327180070894,2.428232943891917,0.45327180070894,1.974961143182977,9.261847413306285,0.0,0.0,1.0,9.691262803451597,0.06610235294674416,18.180736167900964,1,0.29495742810051206,6,0.0,0.7894736842105263,1,0.2871739721701686
SmolAgents/084,Math,Planning Hallucination,0,4,0,6,0.8,1.0,-4.782248922796047,-4.075695160386268,-9.715119214015225,8.513329775012998,-0.45327180070894,8.513329775012998,0.45327180070894,8.513329775012998,8.966601575721938,9.715119214015225,0.0,0.0,1.0,9.691262803451597,0.06610235294674416,18.180736167900964,1,0.29495742810051206,6,0.0,0.7894736842105263,1,0.7515467462093439
SmolAgents/084,Math,Planning Hallucination,0,5,0,6,1.0,0.0,3.7310808522169516,4.43763461462673,-1.2017894390022263,0.0,8.513329775012998,0.0,8.513329775012998,0.0,-8.513329775012998,1.2017894390022263,8.513329775012998,0.0,0.0,9.691262803451597,0.06610235294674416,18.180736167900964,1,0.29495742810051206,6,0.0,0.7894736842105263,1,0.36523308847236374
SmolAgents/085,Math,Reasoning Hallucination,2,0,0,3,0.0,2.0,4.888757890272686,4.8887578902726885,0.0,-7.333136835409032,0.0,-7.333136835409032,0.0,7.333136835409032,-7.333136835409032,0.0,0.0,1.0,1.0,7.333136835409032,1.0,7.333136835409032,0,0.04288384114274314,3,0.0,0.5263157894736842,4,0.9147564809003057
SmolAgents/085,Math,Reasoning Hallucination,2,1,0,3,0.5,1.0,-2.4443789451363465,-2.4443789451363442,-7.333136835409032,0.0,-7.333136835409032,0.0,7.333136835409032,0.0,7.333136835409032,7.333136835409032,0.0,0.0,1.0,7.333136835409032,1.0,7.333136835409032,0,0.04288384114274314,3,0.0,0.5263157894736842,4,0.5434023270003903
SmolAgents/085,Math,Reasoning Hallucination,2,2,1,3,1.0,0.0,-2.4443789451363465,-2.4443789451363442,-7.333136835409032,0.0,0.0,0.0,0.0,0.0,0.0,7.333136835409032,0.0,0.0,1.0,7.333136835409032,1.0,7.333136835409032,0,0.04288384114274314,3,0.0,0.5263157894736842,4,0.45901626922145045
SmolAgents/089,Math,Reasoning Hallucination,1,0,0,3,0.0,2.0,2.270855131738486,3.0281317966607815,0.0,0.024450805092303796,0.0,-9.108846195074648,0.0,9.108846195074648,-9.108846195074648,0.0,0.0,1.0,1.0,8.653884042531443,0.0014147055623771677,17.28331727997058,1,0.10667919997217384,3,1.0,0.47368421052631576,0,0.7964062481181479
SmolAgents/089,Math,Reasoning Hallucination,1,1,1,3,0.5,1.0,-6.837991063336162,-6.080714398413867,-9.108846195074648,9.133297000166952,-9.108846195074648,9.133297000166952,9.108846195074648,9.133297000166952,18.2421431952416,9.108846195074648,0.0,0.0,1.0,8.653884042531443,0.0014147055623771677,17.28331727997058,1,0.10667919997217384,3,1.0,0.47368421052631576,0,0.6383857390812847
SmolAgents/089,Math,Reasoning Hallucination,1,2,0,3,1.0,0.0,2.2953059368307898,3.0525826017530853,0.024450805092303796,0.0,9.133297000166952,0.0,9.133297000166952,0.0,-9.133297000166952,0.0,9.133297000166952,1.0,0.0,8.653884042531443,0.0014147055623771677,17.28331727997058,1,0.10667919997217384,3,1.0,0.47368421052631576,0,0.3079870469491867
