id,dataset,run_slug,subject,generator,model,target,target_label,is_correct,final_answer_correct,rubric_score,has_answer_chunks,error_step_index,error_step_position,exit_status,reasoning_n_chunks,reasoning_start,reasoning_end,reasoning_end_minus_start,reasoning_std,reasoning_range,reasoning_min,reasoning_max,reasoning_early_mean,reasoning_mid_mean,reasoning_late_mean,reasoning_late_minus_early,reasoning_total_variation,reasoning_monotonicity,reasoning_direction_changes,reasoning_zero_crossings,reasoning_peak_pos,reasoning_trough_pos,reasoning_rebound_from_trough,reasoning_fall_from_peak,reasoning_max_rise,reasoning_max_drop,reasoning_max_rise_pos,reasoning_max_drop_pos,reasoning_curvature_abs_mean,reasoning_positive_mass,reasoning_negative_mass,reasoning_time_positive,reasoning_time_negative,answer_n_chunks,answer_start,answer_end,answer_end_minus_start,answer_std,answer_range,answer_min,answer_max,answer_early_mean,answer_mid_mean,answer_late_mean,answer_late_minus_early,answer_total_variation,answer_monotonicity,answer_direction_changes,answer_zero_crossings,answer_peak_pos,answer_trough_pos,answer_rebound_from_trough,answer_fall_from_peak,answer_max_rise,answer_max_drop,answer_max_rise_pos,answer_max_drop_pos,answer_curvature_abs_mean,answer_positive_mass,answer_negative_mass,answer_time_positive,answer_time_negative,reasoning_traj_t00,reasoning_traj_t01,reasoning_traj_t02,reasoning_traj_t03,reasoning_traj_t04,reasoning_traj_t05,reasoning_traj_t06,reasoning_traj_t07,reasoning_traj_t08,reasoning_traj_t09,reasoning_traj_t10,reasoning_traj_t11,reasoning_traj_t12,reasoning_traj_t13,reasoning_traj_t14,reasoning_traj_t15,reasoning_traj_t16,reasoning_traj_t17,reasoning_traj_t18,reasoning_traj_t19,answer_traj_t00,answer_traj_t01,answer_traj_t02,answer_traj_t03,answer_traj_t04,answer_traj_t05,answer_traj_t06,answer_traj_t07,answer_traj_t08,answer_traj_t09,answer_traj_t10,answer_traj_t11,answer_traj_t12,answer_traj_t13,answer_traj_t14,answer_traj_t15,answer_traj_t16,answer_traj_t17,answer_traj_t18,answer_traj_t19,answer_minus_reasoning_mean,answer_start_minus_reasoning_end,answer_end_minus_reasoning_end,answer_range_minus_reasoning_range,total_n_chunks,reasoning_pair_density,answer_pair_density
dcfa830a-3f87-43eb-9ec7-6649fcdd0473,frontierscience,deepseek/deepseek-v3.2_reasoning-auto,biology,,deepseek/deepseek-v3.2,0,is_correct,False,,0.1325,True,,,,9,3.7605236970614784,-0.9757112385103687,-4.736234935571847,1.7210125523396582,7.063528700127323,-3.3030050030658447,3.7605236970614784,0.16413461624049677,-0.11411724782120447,-0.3210381065990446,-0.4851727228395414,21.621163601885378,0.21905550611341032,4,5,0.0,0.2631578947368421,2.327293764555476,4.736234935571847,3.0390889689514835,2.080347472461354,0.3333333333333333,0.16666666666666666,0.9240799797454267,0.6531985328444174,0.7320038858773786,0.35,0.65,34,2.0582401858286126,-0.1966054408121598,-2.2548456266407726,2.5519916229782593,9.530037434149262,-3.5452514148511725,5.98478601929809,0.3166878230419458,-0.3161386627090547,0.9548104552120534,0.6381226321701077,73.55879770337377,0.030653649828990534,12.0,13.0,0.7894736842105263,0.2631578947368421,3.3486459740390124,6.18139146011025,8.467187737108459,8.710668620029617,0.7777777777777778,0.8333333333333334,6.923855325509274,1.1880999369802283,0.9014645943001005,0.45,0.55,3.7605236970614784,2.546849720105909,1.3331757431503402,-0.42216916849634456,-2.502516640957699,-3.3030050030658447,-0.2639160341143616,2.775172934837122,1.3950698459720385,-0.6163463940096987,-1.5561136185152218,-1.424231827544529,-1.1843053759049529,-0.18806629958318943,0.808172776738576,0.4450059390228863,-0.3712962033719547,-0.8963628628121479,-0.9360370506612583,-0.9757112385103687,2.0582401858286126,0.8089119797525677,-0.46194050091185446,-2.6467238566934292,4.423131393689444,-3.5452514148511725,1.5804469744794525,-0.3237014273020376,-2.4214388419353456,-0.9016311299445898,-0.0816034033265711,2.3045291735517113,-2.2421115516829557,1.4529865416764056,-2.482401717810369,5.98478601929809,-2.7258826007315267,1.3066805193616862,3.8422859519665993,-0.1966054408121598,1.1818583007378316,4.215809725076813,1.9609640984360404,3.7313089333945832,43,0.2222222222222222,0.08199643493761141
0a1877af-e331-40b9-b9a3-c1a06dd51ec5,frontierscience,deepseek/deepseek-v3.2_reasoning-auto,biology,,deepseek/deepseek-v3.2,0,is_correct,False,,0.15,True,,,,10,2.241439783773811,4.389695911347457,2.148256127573646,2.629916462136839,9.077460611891656,-4.6877647005442,4.389695911347457,-0.5581218933677434,-0.48902131652118264,0.6399885084562654,1.198110401824009,55.47528856002659,0.038724559769511474,7,8,1.0,0.10526315789473684,9.077460611891656,0.0,4.486461391772542,4.431486206132451,0.3888888888888889,0.2777777777777778,3.1133953494657964,1.0603471325014033,1.234850703425648,0.4,0.6,34,-4.5783520076844155,-2.6916432048869368,1.8867088027974788,2.4246966499665468,9.302786119681889,-4.5783520076844155,4.724434111997473,-0.1588293934103681,0.23183622780809385,0.02952886961928695,0.18835826302965505,64.84747992093017,0.029094558571867105,15.0,12.0,0.7894736842105263,0.0,1.8867088027974788,7.41607731688441,7.920820176024954,8.696447878039422,0.0,0.8333333333333334,6.268165344663833,1.0228530580004898,0.9884420050754997,0.45,0.55,2.241439783773811,-1.2231624583851946,-4.6877647005442,-1.0881585578069322,3.3944736330423693,0.943902626239197,-3.487583579893254,-1.9737713874223775,2.512690004350164,2.6147659064074444,-0.7906665833074848,-2.539691767460771,-2.218207819661996,-1.0282675685532574,1.8985852891754216,3.211389495692203,-1.1249765770325881,-4.486407349412419,-0.04835571903248148,4.389695911347457,-4.5783520076844155,3.342468168340538,-2.602736064912632,-1.3967833837960697,2.0156979496574783,-0.6003169530384072,2.708216537560931,0.4721146084150488,2.645832574414802,-1.544831076331328,-0.04112863182115887,-0.2832416015813429,-0.6199727881155654,0.9940805096762011,-1.4378206233001884,4.724434111997473,-3.9720137660419486,1.4606522289192032,2.0935644710281194,-2.6916432048869368,-0.3839568113300333,-9.352004730361905,-7.465295927564426,1.743135526161872,44,0.2,0.0855614973262032
1c77dfab-266d-40d4-b3a0-2c27f0b32139,frontierscience,deepseek/deepseek-v3.2_reasoning-auto,physics,,deepseek/deepseek-v3.2,0,is_correct,False,,0.55,True,,,,32,2.310876790559697,-4.896332454648991,-7.207209245208688,2.4381991083250294,8.8041626743332,-4.896332454648991,3.9078302196842096,1.040325429347652,-0.40868927800367816,-0.6949899256034163,-1.7353153549510685,59.97057589918469,0.12017909011453518,12,11,0.42105263157894735,1.0,0.0,8.8041626743332,6.317100553863246,6.998803698431093,0.3888888888888889,0.8333333333333334,5.497775316091902,1.0303157676361194,1.0177400923467537,0.65,0.35,25,5.221331939625032,2.8158421487680494,-2.405489790856983,2.397186438396509,9.886498570528335,-4.665166630903302,5.221331939625032,-0.15927452884676888,0.5758474431795679,-0.12944207641990313,0.029832452426865746,54.34643609073134,0.04426214419729418,13.0,12.0,0.0,0.15789473684210525,7.481008779671352,2.405489790856983,5.470274075940118,5.523826211659864,1.0,0.9444444444444444,4.548414540510449,0.9855058252238658,0.8785379281333572,0.5,0.5,2.310876790559697,0.7734106418243423,0.9763116399313001,1.852234082581686,-2.4830096963552855,1.9583306500461375,1.8941238968456866,-2.4092703341790362,3.9078302196842096,1.4645429576210498,-1.8938989434717879,0.23055971108991358,-0.4129185503980285,-3.7476700063720676,0.6300502131538952,2.4871018369212186,-4.5117018615098745,0.44745608586212926,1.6734866266011243,-4.896332454648991,5.221331939625032,0.40153351601729576,-2.424044993052762,-4.665166630903302,0.2844550081748219,-0.179716516160501,0.2466859743720331,-3.0111160467719484,2.1152030464256675,0.8750724675072721,-0.7841172891545751,-0.044708194848790406,3.0500136376589677,1.8305844814403818,-2.951405577363368,-0.25656316235787546,-0.599488224881952,2.869394284487796,-2.6544319271720687,2.8158421487680494,-0.5611424971453969,9.556521897128626,7.151032106271643,1.1245444827048985,57,0.07661290322580645,0.08333333333333333
f8b3f2c7-7747-42d9-85bb-f8b370cc50e9,frontierscience,deepseek/deepseek-v3.2_reasoning-auto,chemistry,,deepseek/deepseek-v3.2,0,is_correct,False,,0.6,True,,,,34,-0.35798080475959665,4.583760911702348,4.941741716461944,2.1889881746417887,8.891696398235563,-4.307935486533215,4.583760911702348,-0.5625142024096838,-0.8991331229190058,2.293878522948594,2.856392725358278,43.30580104221599,0.11411269616383643,14,5,1.0,0.5263157894736842,8.891696398235563,0.0,6.810348113853114,4.233135686692134,0.7222222222222222,0.5,4.072876967091287,0.9342152989068898,0.7576283058873529,0.45,0.55,9,-3.856838124231225,3.8999191484675064,7.7567572726987315,2.119377157827446,7.7567572726987315,-3.856838124231225,3.8999191484675064,-0.7522629180504392,0.40219110374155503,0.38264922362400355,1.1349121416744428,27.359231291377114,0.28351517592321573,4.0,5.0,1.0,0.0,7.7567572726987315,0.0,2.074590296068341,3.09545393656695,0.8333333333333334,0.7222222222222222,0.9756179581186473,0.8541614371023097,0.8618918050232182,0.55,0.45,-0.35798080475959665,1.5727929257425584,-0.31277409064456935,-1.7758618380629567,-0.679223429958288,-3.361768140347702,0.977215961162768,2.3710259535409035,-0.3192491383350262,-0.07479979984108098,-4.307935486533215,-0.16644325433133683,-0.41321797677494776,-3.383312158158337,3.4270359556947767,1.7106013774036857,0.6140864735540861,1.812693721741503,1.615092697595167,4.583760911702348,-3.856838124231225,-1.8860534502360882,0.08473122375904873,0.7706437739139915,0.6856330497648179,0.23725718788135552,-1.301214087204975,-2.8396853622913056,-1.5504467810713818,0.14275035104943656,1.5059890112412107,2.5392691995039414,3.0564576221629634,-0.03899631440397977,-3.1344502509709296,-2.3523710130614104,-0.2777807169930693,1.4737457333787805,2.686832440923143,3.8999191484675064,-1.4979046519274173,-9.93850368786099,-2.1817464151622588,-6.114500595318809,43,0.06060606060606061,0.25
1875e781-bd89-4528-8bc3-94b7b436402f,frontierscience,deepseek/deepseek-v3.2_reasoning-auto,chemistry,,deepseek/deepseek-v3.2,0,is_correct,False,,0.45,True,,,,56,2.8037380488782415,4.332793333428957,1.5290552845507155,2.702378563488577,8.885943367833738,-4.553150034404781,4.332793333428957,0.3714943224649012,0.3500272364181139,0.6662254350231279,0.2947311125582267,64.39996138570193,0.02374310871699057,11,12,1.0,0.8947368421052632,8.885943367833738,0.0,8.394823514578125,8.646574073489376,0.9444444444444444,0.5,6.041110560881965,1.3348249292707262,0.8824247531547327,0.6,0.4,11,4.702746750453635,-3.3098313332785954,-8.01257808373223,2.056696483322123,8.01257808373223,-3.3098313332785954,4.702746750453635,1.2794483980198612,0.4063830208073319,-2.064551772293132,-3.3440001703129933,23.135611168517528,0.3463309451982658,8.0,3.0,0.0,1.0,0.0,8.01257808373223,2.478532028982968,3.8971950871792007,0.4444444444444444,0.5555555555555556,1.5151918536622209,0.8149528320331516,0.8442773671315734,0.45,0.55,2.8037380488782415,0.2596203481118686,-0.6011381751729248,-3.2748919608271936,0.8766713903693066,2.840526449621739,-0.30406584372672896,0.38179986901280083,-3.0704159121559798,4.327304446457856,-4.319269627031519,3.7946143851340435,2.097056213255029,-0.7608987197454333,0.13592286739205436,1.004777753579286,-0.7646647900300922,-4.553150034404781,3.8416734801733434,4.332793333428957,4.702746750453635,2.138286404674495,-0.1551375211097777,-0.009233666940241081,0.24044882636608686,0.9052458762195814,1.13378211647525,0.34437646766931973,0.8621458899789461,3.340677918961914,2.631346389863804,-1.2658486973153966,-2.1206985574052006,-0.9473182661020634,-1.5239324221566144,-2.8505441985073294,-2.063316546007681,-0.7476290362954408,-1.8920570975131294,-3.3098313332785954,0.6118914194832756,0.9818448365079533,-7.030733247224276,-6.066074374055926,67,0.04350649350649351,0.2
7c94f50a-0896-450f-8d55-00c98aca5158,frontierscience,deepseek/deepseek-v3.2_reasoning-auto,chemistry,,deepseek/deepseek-v3.2,0,is_correct,False,,0.3,True,,,,7,2.2700794916356486,-2.6230204785768585,-4.893099970212507,2.7058281507269903,9.986714283737939,-6.073730533244194,3.912983750493745,0.038278646344661826,-0.18393401079104305,0.2318507299139735,0.1935720835693117,36.78081824873665,0.13303401618534072,4,5,0.8421052631578947,0.6842105263157895,3.4507100546673355,6.5360042290706035,3.652879634046151,3.4933335869817648,0.7777777777777778,0.5555555555555556,1.1760546677460615,1.1510575536162926,1.1324817121983342,0.55,0.45,26,2.4036603717386256,0.15337153748606064,-2.250288834252565,2.708778063888348,8.948969233530182,-5.0517989485660575,3.8971702849641234,0.6515075510422756,-1.2707304993842763,0.29975567737527264,-0.351751873667003,70.67597471383343,0.03183951609247655,12.0,12.0,0.5263157894736842,0.3684210526315789,5.205170486052118,3.743798747478063,7.546889800984511,7.532447811913585,0.3888888888888889,0.3333333333333333,6.738913361276814,1.1301476900752316,1.25694901878235,0.5,0.5,2.2700794916356486,0.7061451330147159,-0.8577892256062167,-2.4217235842271494,-1.3765646679991916,0.19041290319854465,1.7573904743962814,2.59364256642089,3.0645319188589357,3.535421271296981,2.024199154025125,-1.4691344329566398,-4.962468019938399,-6.073730533244194,-2.4208508991980437,1.2320287348481074,3.912983750493745,1.7343156741368801,-0.4443524022199892,-2.6230204785768585,2.4036603717386256,-1.6920293669607442,1.567371212074332,-1.8014961995824232,-1.1598160521954737,2.7622140288740873,2.4806488633475268,-5.0517989485660575,2.495090852418454,-1.372422383582475,3.8971702849641234,-1.2833828812797128,-3.3784077282013336,-4.201362691442934,2.202928630393628,-0.4926297387813072,-4.705634385054543,2.1771740643311706,2.4633239558766267,0.15337153748606064,-0.459775893900838,4.566904956414646,2.316616122162081,0.5487435173533761,33,0.2857142857142857,0.12923076923076923
a1e4e236-3b97-4c36-9cc3-a1711073631e,frontierscience,deepseek/deepseek-v3.2_reasoning-auto,biology,,deepseek/deepseek-v3.2,0,is_correct,False,,0.2,True,,,,44,-2.6251810542217138,-2.3201220645696674,0.30505898965204636,2.0363468176951467,6.965829109940944,-4.234956952000043,2.730872157940901,-0.0579324361382243,-0.7506515123039845,-0.12577380406113892,-0.06784136792291462,54.4133681393851,0.005606324329539908,13,12,0.7368421052631579,0.631578947368421,1.9148348874303753,5.050994222510568,5.738580725475059,6.3086689685879795,0.6666666666666666,0.6111111111111112,5.159992413500917,0.6684619524516432,0.9891984756247577,0.55,0.45,52,2.328535811710126,2.6587235650987897,0.3301877533886639,2.232350665479553,7.952145673777568,-3.7854859182298393,4.1666597555477285,-0.4513932562033018,0.43008479362009006,0.8547570240108188,1.3061502802141205,48.94366515563627,0.006746281716718554,12.0,8.0,0.6842105263157895,0.3157894736842105,6.444209483328629,1.5079361904489388,5.728864433592789,5.0127444128165095,0.6666666666666666,0.9444444444444444,4.388668778960887,1.090455058694388,0.8414859133952666,0.45,0.55,-2.6251810542217138,1.2283536524375298,0.07882026696933098,0.1487144616411771,-2.5467670329696643,2.702660284834979,0.6078723683407912,-3.6569279390122595,0.2143398935525488,-0.7441214651613186,-0.4102299135697729,2.073712016587937,-4.234956952000043,1.5036237734750169,2.730872157940901,-2.528998077950103,2.002428843177728,0.07784133007492411,-0.7166650130406165,-2.3201220645696674,2.328535811710126,3.4815440779323406,-1.0675215916816563,-1.8395129614981751,-0.5400943543733678,-1.7372178572825407,-3.7854859182298393,-0.432425206834818,-1.0513889221975892,-1.5337873807345406,3.37409798345758,0.04964200414733044,-1.5622046780450607,4.1666597555477285,1.406447863299838,-0.5232210940702147,2.0875640028350477,2.2558861098589804,-2.7568583029575287,2.6587235650987897,0.020458090383984565,4.669115966663778,4.999303720052442,0.012333065235196727,96,0.045454545454545456,0.04524886877828054
e2aee1ae-6baa-4d30-a409-e0fc9c90f1fb,frontierscience,deepseek/deepseek-v3.2_reasoning-auto,chemistry,,deepseek/deepseek-v3.2,0,is_correct,False,,0.1,True,,,,26,0.07238076255057607,-2.2237944287431017,-2.2961751912936776,1.8255987275370438,6.014345980408782,-3.7046886029961454,2.309657377412637,-0.7837737349400944,0.6412475074061387,0.1708414738349382,0.9546152087750326,41.00466360818535,0.05599790339056251,10,11,0.5263157894736842,0.10526315789473684,1.4808941742530437,4.533451806155739,5.858101291370028,3.558902401782679,0.1111111111111111,0.2222222222222222,3.519574206322061,0.8041889864967992,0.8028207239832023,0.55,0.45,13,2.1964644821137793,2.5297452811310746,0.33328079901729524,1.8015821271317594,6.085930081319187,-2.5802551179627247,3.505674963356462,0.4733945846077953,-0.1850138855587535,-0.40975547815606794,-0.8831500627638633,34.50663112039773,0.009658456597934437,7.0,6.0,0.2631578947368421,0.8421052631578947,5.110000399093799,0.9759296822253876,4.093615168001442,4.580776288909742,0.5555555555555556,0.2777777777777778,2.1596111489505354,0.7691021174420688,0.7910955162217246,0.4,0.6,0.07238076255057607,-2.1496539794487632,-3.7046886029961454,2.153412688373883,2.098208014674241,-1.460694387108438,-2.495380640626014,2.0230882198821076,-1.2475700755226975,-0.29482042203868186,2.309657377412637,2.0842589139868566,1.0712341082718013,-1.4571155701490526,2.0210091038817466,1.1195657946909154,0.21133918964081475,-1.0226963730311516,0.9196255565704057,-2.2237944287431017,2.1964644821137793,0.6537782224676048,-0.86000140476222,-2.333311746609155,1.2262589012413758,3.505674963356462,-1.0751013255532795,-1.7091123462154085,-0.609528064403242,-2.147604430735696,-0.8698350299012079,3.2237801381002336,1.2665338265346748,-0.4493312922906291,-0.5822773929869023,-1.6765422663255607,-2.5802551179627247,-0.9290099066884654,0.7798065338961712,2.5297452811310746,0.3698291343693852,4.790088045226266,5.123368844243561,-3.7947129545625238,39,0.08307692307692308,0.1794871794871795
783fc5fc-cf8a-44be-9c48-3b8f86e96720,frontierscience,deepseek/deepseek-v3.2_reasoning-auto,chemistry,,deepseek/deepseek-v3.2,0,is_correct,False,,0.0,True,,,,88,0.1262696957291836,-4.690195428803571,-4.816465124532755,1.9953799868418067,8.4803705695353,-4.690195428803571,3.790175140731728,0.05227629354547573,1.2233153610144178,0.42800305585805365,0.3757267623125779,38.900197318032,0.12381595612884219,11,9,0.7368421052631579,1.0,0.0,8.4803705695353,5.4262945853397095,6.337929325041474,0.8333333333333334,0.7777777777777778,3.151160609135154,1.077574460617169,0.5027164647637904,0.65,0.35,21,4.787367565097155,2.502505616196952,-2.2848619489002036,2.5160749251444807,9.565971383255352,-4.778603818158198,4.787367565097155,0.4593991338808067,-0.5951076064843722,0.22227280734709565,-0.23712632653371107,64.58440374293366,0.03537792123923101,11.0,12.0,0.0,0.9473684210526315,7.28110943435515,2.2848619489002036,7.28110943435515,7.256704706544239,1.0,0.0,5.430248326795322,1.0988231280224199,1.0796392512295387,0.5,0.5,0.1262696957291836,1.2690712634858148,-0.01450713194337519,-2.3891441618400497,0.9949366013100036,0.495982549737052,-0.116674761660299,1.8320133056050476,1.1788390288214377,0.7077227099732615,0.7785867190815621,1.5027830502906667,-0.01836295531220733,2.5816256686411565,3.790175140731728,-2.547754184309746,2.878540401029963,3.414943077906507,-0.277690671406559,-4.690195428803571,4.787367565097155,-2.4693371414470833,-2.0167802996070097,2.5434682070462444,0.9406315264951839,-2.294079561177613,1.7245236407587692,-1.1940357913595765,1.6889834568588062,-3.6215023636265653,-1.032594509519281,1.1291912742824446,1.5603469370681649,-2.696142249094598,-1.309012837596617,4.076242114224161,1.0232022224205144,-0.18069645300423914,-4.778603818158198,2.502505616196952,-0.013512114429912318,9.464050879470815,7.179188930570611,-0.10264925685401849,109,0.027690700104493208,0.09523809523809523
09d32726-331e-4c45-98f4-b01a913bb623,frontierscience,deepseek/deepseek-v3.2_reasoning-auto,chemistry,,deepseek/deepseek-v3.2,0,is_correct,False,,0.1,True,,,,7,-3.6198100759140814,1.6304556001493538,5.250265676063435,2.700777889531763,8.895815879077542,-4.998135763405744,3.8976801156717973,-0.9239348374171479,-0.3483674331760758,1.833362206177134,2.757297043594282,26.946316446508717,0.19484168407528973,4,3,0.6842105263157895,0.3684210526315789,6.628591363555098,2.2672245155224435,2.3028431837957664,3.058716850791972,0.0,0.2222222222222222,0.7635000563990604,1.236249540995184,1.131546673849672,0.6,0.4,18,3.2201039234854214,2.986249689538866,-0.23385423394655547,2.7276634033897285,8.460858527418281,-3.847510953210314,4.6133475742079675,0.8622460653902867,-0.049262805507889675,-0.9408766860134984,-1.803122751403785,64.2884160057215,0.0036375796523862567,12.0,10.0,0.5263157894736842,0.7894736842105263,6.83376064274918,1.6270978846691015,8.359863789595709,7.349482817933129,0.5,0.4444444444444444,5.961679550851938,1.1995245232269407,1.1972433880721516,0.45,0.55,-3.6198100759140814,-1.316966892118315,0.9858762916774513,3.2887194754732176,1.1235959637792026,-1.9351208870127694,-4.993837737804741,-4.998135763405744,-3.475224376411261,-1.9523129894167779,-0.33952475490975165,1.3631403271098192,3.0658054091293865,3.8976801156717973,2.9879740712598855,2.078268026847974,1.3365099693281188,1.4344918462685303,1.532473723208942,1.6304556001493538,3.2201039234854214,4.401957152421442,-2.612773093402713,0.4394862068555021,2.7993495800867594,0.4371203223316198,-2.649521634046024,-1.1286041838901109,3.6029666025453886,-3.746516215387741,4.6133475742079675,-0.9776234989096908,-1.8576877404871477,-0.8507221766338933,-1.2339088742929794,-3.847510953210314,-3.5496820535758453,1.4899094130658503,-1.49031733760657,2.986249689538866,-1.3737477957040662,0.21590052763200163,-0.01795370631455384,1.198042336995055,25,0.2857142857142857,0.20915032679738563
896bb6e5-d69d-4e9c-9f57-e86b485fd2cf,frontierscience,deepseek/deepseek-v3.2_reasoning-auto,chemistry,,deepseek/deepseek-v3.2,0,is_correct,False,,0.4,True,,,,69,-0.036773330456405726,2.14858271871163,2.1853560491680355,1.9537166172787253,7.3350305190956675,-2.930527570764744,4.404502948330923,1.5123053036174954,1.454756210529411,0.552554430001687,-0.9597508736158084,42.089311680621485,0.05192187664532904,12,5,0.3684210526315789,0.8421052631578947,5.0791102894763736,2.255920229619293,4.218024263175611,5.438239202756707,0.5,0.8333333333333334,3.701396349611391,1.5570072112286166,0.35276935227669337,0.75,0.25,20,-2.361325842198633,-2.4105732556202333,-0.04924741342160033,2.9683682587841296,10.291300572229538,-5.040398057197838,5.2509025150317,0.4809875926136658,-0.21685671351735442,-0.3081526922790298,-0.7891402848926956,78.3826144208294,0.000628295110918287,11.0,12.0,0.631578947368421,0.5263157894736842,2.629824801577605,7.661475770651933,7.26751368315993,9.36046455020806,0.2777777777777778,0.3333333333333333,6.707202788630194,1.1794697479226974,1.1794697479226972,0.5,0.5,-0.036773330456405726,0.13930341882106392,3.7080890546483722,2.1123636701807946,3.4731240729136212,0.9618299312835785,0.2282003079314432,4.404502948330923,0.6895789712513416,-2.0837011297028836,2.1343231334727273,1.3738412569051826,2.5014593098391766,1.1632889836094096,3.593944814681106,2.5077116319919632,-2.930527570764744,-1.8337201607832476,-0.17066485382658558,2.14858271871163,-2.361325842198633,0.12986333010826687,2.808986776012214,2.686559253497388,-2.447820806989957,-2.358431622646774,4.909082060513156,-4.451382489694905,2.4168221305425512,-0.04127900378663921,-5.040398057197838,0.10571770659645327,5.2509025150317,0.2416202038871967,-2.4600618279647484,-0.038062037061043524,0.0019034544384860241,-1.9800600152931742,5.037937527826535,-2.4105732556202333,-0.1551378230692489,-4.6650463839795115,-4.714293797401112,0.23191949484378682,89,0.03665814151747655,0.1
d50f3722-14fb-485a-a417-ed6ae79f3c07,frontierscience,deepseek/deepseek-v3.2_reasoning-auto,physics,,deepseek/deepseek-v3.2,0,is_correct,False,,0.0,True,,,,83,-2.508130317843783,-2.240926116134748,0.2672042017090348,2.3541208100313753,9.888898712640316,-6.676563527271943,3.2123351853683726,-2.2537935464579184,0.6467613109055027,-1.0583479032047187,1.1954456432531997,44.76193241199458,0.005969451882676847,12,8,0.47368421052631576,0.3157894736842105,4.435637411137195,5.453261301503121,5.642410960626188,8.152592687944743,0.3888888888888889,0.2777777777777778,4.2124508001043095,0.5929685698262672,1.4729342232310283,0.35,0.65,12,4.789500482683088,2.655059332948435,-2.1344411497346525,2.508000376375937,8.983862933907776,-4.194362451224688,4.789500482683088,0.7187669136282455,-0.6890040127832908,-0.37986831348228817,-1.0986352271105337,57.79822734258735,0.03692918014739764,9.0,10.0,0.0,0.3684210526315789,6.849421784173122,2.1344411497346525,5.485281665968675,5.543135622790109,0.6111111111111112,0.0,4.028494159918669,0.935835006933163,1.039378485682115,0.4,0.6,-2.508130317843783,-2.6754971965410728,-2.7141972679637827,-0.3599338166556798,-2.3182618596019666,1.4760291606728009,-6.676563527271943,-3.4507803508235497,2.191630609802639,3.2123351853683726,2.624953827359363,-2.3854262466492164,0.8915757217492455,1.4430404295316648,-1.6466337593963778,-1.399876653070371,0.019806462041262074,-1.0323327888390899,-0.0501245638289885,-2.240926116134748,4.789500482683088,-0.7536351401070212,-3.6426396379265427,0.5460388641755083,2.459876381054511,2.4780130769143076,-0.8457856313961325,-4.194362451224688,-0.3641972658560535,0.6213427242815812,-3.3712113772350567,-1.3324154448973928,4.152866221071283,-0.33505049562270806,-4.082530581006867,-0.010106553298431464,1.0140030555345436,-1.619864638283043,-0.23577049678836692,2.655059332948435,0.0032198141359719066,7.033646412953807,4.899205263219155,-4.084153514601244,95,0.02938583602703497,0.16666666666666666
c330f0d8-a6ff-4ddd-940c-4d263df8bea6,frontierscience,deepseek/deepseek-v3.2_reasoning-auto,chemistry,,deepseek/deepseek-v3.2,0,is_correct,False,,0.47000000000000003,True,,,,41,2.808985324697813,-2.2866664157899543,-5.095651740487767,2.9187538121063317,9.840550586903966,-4.942349649564525,4.89820093733944,0.5646696661221081,0.508419639469534,0.27152961726165814,-0.29314004886045,81.8711312910855,0.06223990874598559,13,13,0.5263157894736842,0.47368421052631576,2.6556832337745706,7.184867353129395,9.840550586903966,6.8351882868176315,0.5,0.9444444444444444,8.442816428109996,1.5749600965984931,1.1179199544629213,0.55,0.45,23,-0.4299384268120122,2.0839310278330343,2.5138694546450466,1.9864213189439495,8.474954579350328,-4.637815729538302,3.837138849812026,0.750825311664621,-0.9289011586358147,0.2400413194522978,-0.5107839922123232,52.52696713128848,0.04785864465316945,14.0,13.0,0.05263157894736842,0.3684210526315789,6.721746757371336,1.7532078219789917,5.111923195229661,6.164607541453416,0.3888888888888889,0.3333333333333333,5.031848353132304,0.7877695693660349,0.7780837199702633,0.55,0.45,2.808985324697813,4.2742280110099875,-2.556727678796579,-1.4507764193844042,2.713078863653941,-3.6240922326281555,1.7879917943021537,2.5563124495120766,1.8854461060033942,-4.942349649564525,4.89820093733944,-1.461760792009195,2.3109852249765463,-1.6878967999710002,0.46065688189342957,2.948481030923903,-2.3677761219541567,4.854835307657179,-1.980352979160452,-2.2866664157899543,-0.4299384268120122,3.837138849812026,-0.40627528868204005,-0.5544109624782168,1.1108374892292479,0.17163370866822736,1.5267918119151145,-4.637815729538302,0.47410746569135975,-0.9441306791270909,0.3248420612106673,-0.7979301992720341,-2.914228042063416,1.992847012648114,0.34245840515222725,-2.744624930298845,1.9840873718442351,1.9067161833164459,-2.1323201411333104,2.0839310278330343,0.8483524343889308,2.705080423366873,5.2189498780119195,-0.4495706539566804,64,0.05853658536585366,0.08695652173913043
431c9b49-2795-4750-ae7b-ae9f1450cb4e,frontierscience,deepseek/deepseek-v3.2_reasoning-auto,chemistry,,deepseek/deepseek-v3.2,0,is_correct,False,,0.375,True,,,,48,-0.1442242893359737,-2.3680026710938766,-2.223778381757903,2.2205367417866473,9.678567841017651,-3.9380421116333113,5.74052572938434,0.2980615638663008,-0.03937088141980562,-0.15539943813990145,-0.4534610020062022,61.88690141410838,0.03593294107387557,15,16,0.5789473684210527,0.42105263157894735,1.5700394405394347,8.108528400478217,6.341394078302451,8.443762712319474,0.5555555555555556,0.6111111111111112,6.103679461804496,0.9110001430132822,0.8670782355989793,0.5,0.5,32,5.114692240559563,-2.325407371485088,-7.440099612044651,2.1975042365791015,8.203782407773751,-3.089090167214189,5.114692240559563,1.1382662065733882,-0.0016402725495072712,-0.6292133813904159,-1.767479587963804,53.65400130076397,0.13866812225873473,12.0,13.0,0.0,0.05263157894736842,0.763682795729101,7.440099612044651,6.225731896529962,8.203782407773751,0.2222222222222222,0.0,4.746074186351573,0.9085735393153861,0.6995184768241525,0.55,0.45,-0.1442242893359737,2.5774324471986416,2.1964649260915166,-2.6203907731644738,0.6765473867942147,-2.394868845689439,1.7954700951696192,-0.8009890469741996,-3.9380421116333113,0.6603413837748098,-0.6008683489181106,5.74052572938434,-2.7032369829351333,1.366673207362965,-1.273833689334361,1.7022532205959247,0.36454941191040735,-0.49710795290070964,1.1397450519832064,-2.3680026710938766,5.114692240559563,-3.089090167214189,0.04860621763761701,4.514718641618982,-2.281763408740015,3.943968487789947,-0.2832685656381868,1.7410151070228121,0.20204090494789215,0.1707010459520069,-1.6262313375346598,-0.09669646616278715,0.8832503025588032,-1.2855614646306184,0.4658294289627989,-2.3985263166580997,-0.6038244384194076,0.4929207932667543,0.593727615990546,-2.325407371485088,-0.19875466410392034,7.28394024754952,-0.15615936449513157,-2.45607571291486,80,0.05053191489361702,0.06653225806451613
676e50c1-cea4-4361-81e1-d4409a23422c,frontierscience,deepseek/deepseek-v3.2_reasoning-auto,biology,,deepseek/deepseek-v3.2,0,is_correct,False,,0.1,True,,,,31,0.4335316090760362,-2.26156899472206,-2.695100603798096,2.0410031322497004,7.020422731405139,-4.1206787018608555,2.899744029544284,-0.12438594332479301,0.1575117122207051,-1.048622794269871,-0.9242368509450779,55.587022525808344,0.04848434906810839,14,13,0.5263157894736842,0.631578947368421,1.8591097071387956,5.161313024266343,5.394269522291591,6.152483384971164,0.6666666666666666,0.2222222222222222,5.428477299766192,0.7244366898918643,1.0274295090592562,0.45,0.55,18,1.9856581373030342,-0.34370913836129036,-2.3293672756643247,2.0389582331688154,10.12442805603496,-5.004173145946284,5.120254910088676,0.298882637707166,-0.15573814610851627,-0.1949489675846594,-0.4938316052918254,47.72472253768588,0.04880839849461539,10.0,11.0,0.42105263157894735,0.5263157894736842,4.660464007584994,5.463964048449966,6.930096564180555,6.8223813698616524,0.3888888888888889,0.5,4.023294691920011,0.7413721105039874,0.7497562287198578,0.6,0.4,0.4335316090760362,-1.5561628517808561,1.8241737890011311,-0.26854234462236937,2.0321901293892197,-4.120293255581944,0.7844013212452317,1.8559505752274095,0.5789933832392722,-1.0426121681854115,2.899744029544284,-0.34240595285049724,-4.1206787018608555,1.273590820430735,-1.7073266025543243,2.806158140683968,-1.951391656263377,-1.0128541041207564,-2.164753548642675,-2.26156899472206,1.9856581373030342,0.03341194748720788,-2.3131052297606303,0.4556401276059656,0.7512142814623206,1.1667531943556062,0.01260600549665769,-1.8098416540918798,5.120254910088676,1.8182082239153687,-5.004173145946284,0.6946055312143011,0.12033514818280278,-2.0295560361225977,-0.35256616472423685,0.9343942539620882,-1.2515399789272428,-1.8906332264629944,1.7343604490057196,-0.34370913836129036,0.7914588540195004,5.0386859860445945,2.70931871038027,1.35420325798124,49,0.07311827956989247,0.12418300653594772
0eb69a4c-0774-46b6-87dd-6686f639b7fa,frontierscience,deepseek/deepseek-v3.2_reasoning-auto,chemistry,,deepseek/deepseek-v3.2,0,is_correct,False,,0.55,True,,,,28,3.097681231303752,-1.7487015038178102,-4.846382735121562,1.8891773168997712,7.706216123483888,-2.3554355664016775,5.350780557082211,0.4385836678040244,0.6561616956147961,-1.08920802390037,-1.5277916917043945,42.927103924640505,0.11289796636711145,12,13,0.5263157894736842,0.7368421052631579,0.6067340625838673,7.099482060900021,5.524080398624932,5.869156339192998,0.5,0.5555555555555556,4.111774576763922,0.7435777048278468,0.6871792348013708,0.4,0.6,28,4.835122289377836,-0.23830484943003338,-5.073427138807869,1.8762811686209657,7.529016137657325,-2.6938938482794894,4.835122289377836,0.5831268474185443,-0.32505572241406316,-0.08038168302363378,-0.6635085304421781,41.589948714431706,0.12198685729678216,11.0,9.0,0.0,0.5263157894736842,2.455588998849456,5.073427138807869,5.776041710289411,3.680414531164005,0.5555555555555556,0.9444444444444444,3.643203431099511,0.7640885988412126,0.6978782099967344,0.45,0.55,3.097681231303752,-1.0259859568147038,0.28611520906848154,-2.174342511832782,1.4581829710906717,2.1397285919383107,-0.7112938601255592,0.4222380419755929,-0.9424006418018078,-0.17329984154272093,5.350780557082211,-0.5183757821107873,-1.515212163620426,1.9694016993215113,-2.3554355664016775,-1.9388687058133984,0.14742579477640716,-0.2396010053217683,-0.4000671568239733,-1.7487015038178102,4.835122289377836,1.245992460049554,-0.44936474247071506,-1.5674738263567758,-1.2305969736036362,1.487971722410134,-0.2397629974765878,-2.4726889824596405,-0.787975505101258,0.33245530292347514,-2.6938938482794894,3.082147862009921,0.18203291876907912,0.08253219523947042,1.3785020853835803,-1.368553412759351,-1.8835496714944,2.6550151406612033,-1.0253993905028018,-0.23830484943003338,0.8071101327170738,7.390933925912719,2.3175067871048505,0.07582550580174541,56,0.07671957671957672,0.0873015873015873
7e32b7a6-9340-4a41-8c1f-89a0a91a6d3f,frontierscience,deepseek/deepseek-v3.2_reasoning-auto,biology,,deepseek/deepseek-v3.2,0,is_correct,False,,0.125,False,,,,48,2.8188341346495682,-0.10618145352844495,-2.925015588178013,2.174843555157599,7.620765053286057,-4.018083240155687,3.60268181313037,0.7292567864831941,0.02791290760267457,0.3029710201646664,-0.4262857663185277,63.05779316581471,0.04638626633327443,14,15,0.3157894736842105,0.5789473684210527,3.9119017866272423,3.708863266658815,6.443466441345935,6.762013659461648,0.5,0.5555555555555556,5.915486251209046,1.109672096492754,0.7537713975132999,0.5,0.5,0,,,,,,,,,,,,,,,,,,,,,,,,,,,,,2.8188341346495682,-1.4188309425045529,0.5049847211910792,-0.08151555967602814,1.7065210673459976,-2.0278777287540755,3.60268181313037,1.817093865581849,-0.5088108792028878,-3.699536022039975,2.74393041930596,-4.018083240155687,1.6726337554670527,2.18816245426241,-0.8513655529128517,2.7104003334852633,-2.084299568618562,-0.2789270028729358,2.4281993654355296,-0.10618145352844495,,,,,,,,,,,,,,,,,,,,,,,,,48,0.05939716312056738,
4adee97f-5a2a-42f4-9152-ca7bbd9b4148,frontierscience,deepseek/deepseek-v3.2_reasoning-auto,chemistry,,deepseek/deepseek-v3.2,0,is_correct,False,,0.4,True,,,,74,2.7473645574487384,-0.4005963030740409,-3.1479608605227796,2.2106526548030696,8.726989799603828,-4.541808329194037,4.18518147040979,-0.5847796796614578,-0.9709413215309821,0.425165704314365,1.0099453839758228,52.56154172752269,0.05989095367182541,13,9,0.631578947368421,0.6842105263157895,4.141212026119996,4.585777773483831,7.359646374022372,8.726989799603828,0.6111111111111112,0.6666666666666666,5.0761289610529685,0.6487995173301174,1.0657521564531618,0.4,0.6,24,-2.3676013704255574,2.712477323406876,5.080078693832434,2.4662774079971896,7.843002317923663,-3.798985201463518,4.044017116460145,0.43716981249480413,-0.35159876645824123,-0.0887357050917353,-0.5259055175865395,73.14839375860257,0.06944894389065097,12.0,13.0,0.3157894736842105,0.9473684210526315,6.511462524870394,1.3315397930532686,6.511462524870394,6.2351410021948555,1.0,0.1111111111111111,6.386124817338101,1.0979225835233646,1.0945934289380883,0.5,0.5,2.7473645574487384,0.9303530589673308,0.0501701809550843,-1.246075290392449,-0.13124404957236874,-3.979246618405676,-2.4647795966308643,0.11820341710924742,-0.3165745827544715,-2.651507831144728,-0.4156184915300942,-3.1744649036125816,4.18518147040979,-4.541808329194037,0.6259117341196461,-0.9932800743538714,1.1800833770561294,3.1387225505363805,-0.9998470583980541,-0.4005963030740409,-2.3676013704255574,1.3877779541716633,3.175539759618959,-3.0596012425758965,-0.8228936084487772,0.7029500786630928,4.044017116460145,-0.9385135696974235,-0.6242159102198628,2.2800795300916654,-3.580787218135032,2.785363908721905,0.4288999528568298,-2.81201805882577,2.075885166387992,-3.1179058803185993,2.3654608800881647,-0.7693465186513273,-3.798985201463518,2.712477323406876,-0.22718900088447047,-2.194194068235987,2.8858846255964465,-1.8941745166650499,98,0.03184005923731951,0.08333333333333333
a6176b58-f026-4fbc-9301-28190a36879c,frontierscience,deepseek/deepseek-v3.2_reasoning-auto,chemistry,,deepseek/deepseek-v3.2,0,is_correct,False,,0.55,True,,,,59,-2.559879934238087,-4.8144345317039345,-2.2545545974658476,2.4400494322244577,7.770201121446631,-4.8144345317039345,2.955766589742696,-1.546122749263302,0.44405985667333664,0.28131740215136575,1.8274401514146679,57.65940671711269,0.039101245153754245,14,12,0.7894736842105263,1.0,0.0,7.770201121446631,5.1849308416534114,7.085570849507313,0.05555555555555555,1.0,5.559983978992323,0.9110625747069705,1.2123893664680485,0.5,0.5,25,2.258680428268461,2.4122999538013574,0.15361952553289626,2.492187858545196,7.419297402922497,-4.274712861494727,3.14458454142777,-0.15628626090400102,-0.11237164570845004,0.2746104557487792,0.4308967166527802,69.4923399532434,0.002210596529578026,14.0,12.0,0.2631578947368421,0.21052631578947367,6.687012815296084,0.7322845876264128,7.419297402922497,7.16783332892763,0.2222222222222222,0.3888888888888889,7.1221637224405026,1.0921623852673563,1.1038095158570802,0.55,0.45,-2.559879934238087,-4.456900186057931,0.7280306555954803,-3.4369232022420877,1.2715608484181034,-2.2753652999108316,-0.09338212640776122,-0.27008362511918405,1.1984545675088567,2.4018668238744745,2.60281823679741,-2.9698532105964013,1.084203368643259,-0.9389871643950576,1.3340763357327075,2.955766589742696,-2.4319780486896962,2.373337750023043,2.271136317803378,-4.8144345317039345,2.258680428268461,2.4253305563839618,-0.553872021952948,-1.030285009431758,-4.274712861494727,3.14458454142777,-3.063729459528767,2.9192362320901166,-4.248597096837513,2.299749061742969,-0.5525494458951874,1.5565552536378373,-3.9992658374152326,1.2382703127178603,1.6556060625174795,0.11902740296754644,1.8139078997917641,-1.5186152765260004,-2.8345633080594723,2.4122999538013574,0.3054945022772567,7.378609462249653,7.532228987782549,-0.4670318588476654,84,0.040911747516072475,0.08
e5e3780b-d0a6-4a42-b468-2b196bfe4663,frontierscience,deepseek/deepseek-v3.2_reasoning-auto,physics,,deepseek/deepseek-v3.2,0,is_correct,False,,0.0,True,,,,33,-0.08122770204895742,-0.21991197068698792,-0.13868426863803052,1.806685019170001,7.247855198854571,-3.652459210731089,3.595395988123482,0.6491942049964611,-0.8952299917158459,0.8019557138108556,0.15276150881439454,42.67087252427352,0.003250092169058398,13,10,0.21052631578947367,0.5789473684210527,3.432547240044101,3.81530795881047,4.030563669475937,6.242413071275362,0.3888888888888889,0.2222222222222222,4.472460294982613,0.7379757830227683,0.5835015942312964,0.5,0.5,30,2.433645490919691,-2.510949872415395,-4.944595363335086,2.3581604281266406,9.789686161772853,-5.770942500885295,4.018743660887557,-0.18092390177054726,-0.4829338108023543,0.28922116455134006,0.47014506632188735,59.87481012142194,0.08258223037881526,10.0,11.0,0.5789473684210527,0.6842105263157895,3.2599926284698997,6.529693533302952,7.2703314220151425,5.883427592779948,0.7222222222222222,0.6111111111111112,4.620598602991702,0.8595350354694377,1.0051188855045514,0.5,0.5,-0.08122770204895742,0.09577366938167063,3.4754715723178577,-0.040309700185261144,3.595395988123482,-2.64701708315188,0.14627269053831615,-1.6156081829340159,2.4149554865419205,-1.1649091785213483,-1.1489834751238006,-3.652459210731089,-0.7447584667381573,-0.3548469145044306,1.1505770416657135,2.1925509247985486,0.1492882458017335,1.5381881288506016,0.001041912435524761,-0.21991197068698792,2.433645490919691,0.12772192078769073,-1.8405970250123742,0.7231605148431806,0.2634972365416361,-0.5948163642995756,-2.3790790861740794,3.4935417317269093,-0.49227532956080455,-2.7287959348614352,-0.03612437103102065,4.018743660887557,-1.8646839318923911,-5.770942500885295,1.4993889211298475,2.1131612402441036,-1.8841132939586553,0.004867601858306259,2.5129723904498333,-2.510949872415395,-0.0754521320440716,2.5781053295626073,-2.366490033772479,-0.27493104758898923,63,0.07954545454545454,0.06666666666666667
1b340ded-5f04-4f7f-b8ca-d0887b292332,frontierscience,deepseek/deepseek-v3.2_reasoning-auto,biology,,deepseek/deepseek-v3.2,0,is_correct,False,,0.45,True,,,,24,2.731328568926574,-0.17179116708212394,-2.9031197360086978,1.9904449673638394,7.018936395327559,-3.5390478734808615,3.479888521846698,1.344856436554567,-0.013669760919718785,-1.39749376967303,-2.742350206227597,38.292045736170145,0.07581521645542302,11,7,0.21052631578947367,0.5789473684210527,3.3672567063987375,3.651679688928822,4.79888062171422,4.926601915206174,0.6111111111111112,0.5555555555555556,3.4320586774085493,0.9035545783685558,0.8568873727982679,0.45,0.55,19,0.3893681284116064,2.864976003431766,2.4756078750201596,2.522954445634641,9.47813669484411,-4.701314947205917,4.776821747638193,-0.48532936282126604,-0.011596352316843639,0.5797466676611254,1.0650760304823914,59.788548980698565,0.041406053788315814,10.0,10.0,0.05263157894736842,0.15789473684210525,7.566290950637683,1.9118457442064272,7.535502380874906,8.449232526981806,0.16666666666666666,0.05555555555555555,4.926579372349359,1.051993712312179,1.0519937123121799,0.5,0.5,2.731328568926574,-1.1823951337319056,-1.9041548442460154,2.7161892354871555,3.479888521846698,2.6428642557816633,0.9302744518178002,1.4276421805880535,-1.7800933471323996,-0.3470936393359949,1.3875540417253118,-3.5390478734808615,1.2598327482333582,1.495517562964501,-1.9494013953080787,-1.5176685502020217,-0.3664291081613076,-2.199657959850032,-2.1800144374346173,-0.17179116708212394,0.3893681284116064,4.776821747638193,-3.672410779343612,-4.701314947205917,2.8341874336689887,-0.48778435133938736,-2.5361727715787334,-0.8480062229835352,2.9539941056328893,-0.18273342512656665,-2.5615248545381273,1.033840868498115,0.8311326021515864,-1.3078775398522673,1.58979878015221,3.5353076132653185,-2.4154286709606536,-2.326620683314796,0.2304469633929074,2.864976003431766,-0.12100693752033423,0.44015235797339614,2.9157602329935557,1.250548558786221,43,0.13768115942028986,0.10526315789473684
0f13c295-7991-43dc-a79f-d8f3d3fc0d57,frontierscience,deepseek/deepseek-v3.2_reasoning-auto,chemistry,,deepseek/deepseek-v3.2,0,is_correct,False,,0.1,True,,,,31,-2.761300606671285,-0.11644522726972986,2.6448553794015552,2.7127593253293845,8.845176357676603,-4.790068330648185,4.055108027028419,0.3481708921190486,-0.7484943206846957,0.3668327193564514,0.018661827237402784,63.195696853908494,0.04185182711911147,9,10,0.2631578947368421,0.631578947368421,4.673623103378455,4.171553254298149,5.568488762471245,5.515102328686529,0.3888888888888889,0.05555555555555555,4.7178345570405025,1.1411122302890904,1.1711756144801317,0.45,0.55,5,-1.636637051652756,3.7410120009264594,5.3776490525792155,2.254887224859972,7.475113652186787,-3.734101651260328,3.7410120009264594,-2.76135255652067,1.1829549019680001,1.1953839020256611,3.956736458546331,17.19841224507004,0.3126828788582347,3.0,3.0,1.0,0.2631578947368421,7.475113652186787,0.0,1.55723073577311,0.953229249159461,0.2777777777777778,0.5555555555555556,0.3664509522236904,0.8808620615473863,1.0746860700331227,0.45,0.55,-2.761300606671285,2.4466553026713327,-3.068447026015197,-1.2490061402490351,3.2746343017728226,4.055108027028419,-0.2604476137037173,-4.661433473141062,0.9070552893301824,2.4997305453191574,1.5384249186429744,-0.6166563357158517,-4.790068330648185,-0.11651285858008545,3.8079439437154825,2.558215016239398,-2.688083077225616,-3.0951116003828663,1.73447726106204,-0.11644522726972986,-1.636637051652756,-2.1601680587160925,-2.683699065779429,-3.2072300728427656,-3.7307610799061024,-3.734101651260328,-2.1768709154872177,-0.6196401797141076,0.9375905560590025,2.494821291832112,2.7968220351389386,1.8435927859794776,0.8903635368200185,-0.06286571233944072,-1.0160949614989017,-0.4656526514653101,0.5860135116326313,1.6376796747305724,2.689345837828516,3.7410120009264594,-1.1980515054330783,-2.7182433298161044,2.659405722763111,-3.5181986860467163,36,0.1053763440860215,0.4
2db1b6e6-c019-4ce3-9b53-2292f7b2c38c,frontierscience,deepseek/deepseek-v3.2_reasoning-auto,physics,,deepseek/deepseek-v3.2,0,is_correct,False,,0.4,True,,,,104,-0.0942828388347712,2.634873695202736,2.7291565340375072,1.971625879527502,6.678976676190519,-2.548533982354383,4.130442693836136,0.4100508734579641,0.7051596914842019,-0.021263696561759343,-0.43131457001972345,47.078937458057496,0.05796979883985075,14,9,0.5263157894736842,0.2631578947368421,5.183407677557119,1.4955689986333995,5.277729419672172,4.540331182987175,0.8333333333333334,0.8888888888888888,4.4507169622670295,1.0218211705842344,0.6378765818230041,0.55,0.45,53,2.4955912662160986,2.702901242510634,0.2073099762945354,1.800810174007103,6.166299886175832,-3.463398643665198,2.702901242510634,-0.7314095495543109,-0.5018928175266876,0.917620320132715,1.649029869687026,32.68031559321895,0.006343573265172246,13.0,6.0,1.0,0.15789473684210525,6.166299886175832,0.0,3.6620424500527173,3.377739996122437,1.0,0.05555555555555555,2.7852798293463916,0.7040773143115044,0.8604470467500394,0.4,0.6,-0.0942828388347712,2.914425991567411,1.1072473508273584,0.8492099337624042,0.9797688439091465,-2.548533982354383,-0.3374791846714178,-2.386367822755049,0.6852749958546911,-0.9778507696318357,4.130442693836136,2.2628479114706312,0.014748138775477676,1.2070226928393626,-2.5042370668918417,-1.6271682560328382,3.650561163639334,-0.8897700193478414,-1.3918416959401043,2.634873695202736,2.4955912662160986,1.7983377474308055,-1.5794022486916317,-3.463398643665198,-0.08408197917671881,-1.7219428881921122,-2.5649701008014207,-1.573587409489245,-2.1710566055093015,-0.27909425563092327,-1.954327912566099,-0.6255636767219643,2.3495464075092847,0.740833729721436,0.7729443880019642,-0.23237400701409078,1.9507496436549876,1.2706418611848787,-0.9591412075420833,2.702901242510634,0.12932373976599135,-0.009958689220646022,0.19735128707388938,-0.4315099633884891,157,0.022218073188946974,0.03773584905660377
fec1882e-053d-458a-a628-106fbb843235,frontierscience,deepseek/deepseek-v3.2_reasoning-auto,chemistry,,deepseek/deepseek-v3.2,0,is_correct,False,,0.1,True,,,,207,2.6792830094802853,0.3085947185742792,-2.3706882909060063,2.222952407826401,6.9902619435103475,-4.310978934030062,2.6792830094802853,-0.853313181708086,-0.2012341058636434,-1.1233957350112342,-0.27008255330314823,64.65470997309939,0.03666690782299339,13,14,0.0,0.05263157894736842,4.619573652604341,2.3706882909060063,6.185424861576424,6.9902619435103475,0.6666666666666666,0.0,5.610269543481839,0.6533472604125475,1.3594575315660233,0.45,0.55,10,3.817878947944645,-0.5708181874482541,-4.388697135392899,2.1127759465203555,6.798882224611868,-2.9810032766672223,3.817878947944645,0.24946323485819985,-0.6127179537737545,0.13896728079653187,-0.11049595406166798,31.4234850875923,0.1396629661910351,5.0,5.0,0.0,0.5789473684210527,2.4101850892189685,4.388697135392899,3.4824751564921788,3.426134104617336,0.7222222222222222,0.8333333333333334,1.4698563323156344,0.8851341630698611,0.9705831304513456,0.45,0.55,2.6792830094802853,-4.310978934030062,0.9923500714961762,-2.4823187207257416,-3.1799992036675544,2.2594196778341824,-1.9309481723438888,0.6659866077080059,-1.7349903617550042,0.8108406004020079,2.138105834446296,-1.4849651984053052,-3.994520542508964,2.1909043190674597,-0.4608257043575392,-4.195126964703242,-1.1958517651038452,1.0214603692422597,-2.218625063719319,0.3085947185742792,3.817878947944645,1.8348125128757982,-0.14825392219304856,-1.430389810827802,-2.624909381158294,-1.0405866734575184,1.337690970823619,2.1271733917395554,2.122258200972891,0.7721767319703545,-1.6540377596208802,-2.9810032766672223,-2.9339075755324435,-1.7416853892785364,1.7407897672136423,3.6880184212370257,0.2618843166196898,-2.6671076927458572,-1.6189629400970558,-0.5708181874482541,0.4729399941347299,3.9822242235050958,-0.40647291188780343,-4.499040560201138,217,0.00975563997936307,0.2
824508b0-030f-4ed6-a642-c1dcf2ab15d7,frontierscience,deepseek/deepseek-v3.2_reasoning-auto,biology,,deepseek/deepseek-v3.2,0,is_correct,False,,0.266,True,,,,26,3.1666812954118058,-4.35658290548713,-7.523264200898936,2.2718139815640646,8.227713665736744,-4.35658290548713,3.8711307602496143,-1.0623192926528318,1.4147884526862704,-0.519236433044797,0.5430828596080347,50.465759712941356,0.14907660646927073,14,11,0.3684210526315789,1.0,0.0,8.227713665736744,7.374647617109906,6.443804243823989,0.3333333333333333,1.0,4.515740809822636,0.8791341139234279,0.9115408378251632,0.5,0.5,25,4.3426917335280795,1.9598595534886145,-2.3828321800394647,2.14205265535756,9.61026311029432,-5.267571376766241,4.3426917335280795,-0.10907670282463004,0.8745739278415179,-0.771848357809405,-0.662771654984775,48.36541356220543,0.04926727602514496,11.0,10.0,0.0,0.7894736842105263,7.227430930254855,2.3828321800394647,4.743511937410613,5.581594673734793,1.0,0.7777777777777778,4.010719872271711,0.8443738751500474,0.808004353736958,0.45,0.55,3.1666812954118058,-2.103873110517371,-2.001313157958336,-3.961986282987572,-0.9275451199546784,1.8953181842966216,-3.5035168568602915,3.8711307602496143,-0.4827385237019124,2.697450977124757,0.1489045669437838,0.34525591385670085,1.2029349519526071,2.120580522378342,-0.22822220910968571,0.04720376791746261,-0.042815642483452876,-0.6222229474428347,2.087221338336859,-4.35658290548713,4.3426917335280795,-0.3875928334029593,-0.6351785437149494,-2.6268254622976244,-0.5301594919464975,-0.6955257886253114,-0.23094653331314793,2.5383986870042223,1.602214038748844,-2.1181965219605403,1.0646038996862885,-0.14929467826505283,0.748164462562758,2.436127607114105,0.314023296968553,-5.267571376766241,-0.7351434605248403,1.8813942238994825,-2.783652383921998,1.9598595534886145,1.1004007474926765,9.799675386507886,7.416843206468421,1.9061458073651458,51,0.08,0.1
af50243e-3a60-4460-9536-f9a02c4f8eb8,frontierscience,deepseek/deepseek-v3.2_reasoning-auto,physics,,deepseek/deepseek-v3.2,0,is_correct,False,,0.35,False,,,,100,0.006881862808627553,2.5316425335863193,2.5247606707776917,2.0087002986096896,8.526112247970318,-4.7468164992311115,3.779295748739206,0.6741329826823313,0.4636710970879402,0.25544200056514255,-0.4186909821171888,45.451690404135306,0.05554822380265054,9,10,0.47368421052631576,0.7894736842105263,7.27845903281743,1.2476532151528867,7.880718448376204,5.9394333575168385,0.8333333333333334,0.5,4.026052354010157,1.0579849427476362,0.5831209146584986,0.6,0.4,0,,,,,,,,,,,,,,,,,,,,,,,,,,,,,0.006881862808627553,-1.450374570879098,-0.7693864313840297,0.47674674048948606,2.5738473565487254,2.580549507110848,1.300666414081761,1.2835774204381951,-0.7268418178732801,3.779295748739206,-2.1601376087776325,-1.011365321360106,-0.1890186398139413,2.2701878982631403,0.39761525284195454,-4.7468164992311115,3.1339019491450926,0.8247861708993707,-0.6084774038507703,2.5316425335863193,,,,,,,,,,,,,,,,,,,,,,,,,100,0.02404040404040404,
4c2bdcf2-82c0-4190-b2fc-9696d2ef499a,frontierscience,deepseek/deepseek-v3.2_reasoning-auto,biology,,deepseek/deepseek-v3.2,0,is_correct,False,,0.1,True,,,,29,2.367555332376277,-0.7405459167476351,-3.108101249123912,2.2829601359858525,8.067929059631705,-3.8518010941326666,4.216127965499039,0.5219462363441844,0.08255369607749279,0.2517639194745083,-0.27018231686967603,64.92395744871983,0.047872948157524825,13,13,0.8947368421052632,0.631578947368421,3.1112551773850314,4.956673882246674,6.018157852951118,6.129509315021765,0.6666666666666666,0.2222222222222222,6.463631494633806,1.096059020047846,0.8089548678579064,0.4,0.6,20,-5.8444565587303865,3.1223253406479214,8.966781899378308,3.623762424726182,12.018517232582248,-6.875958241026894,5.142558991555354,0.23461461052713123,0.13175285597213726,-0.42742871091581325,-0.6620433214429444,95.07642038797688,0.09431131149855768,12.0,11.0,0.3157894736842105,0.7894736842105263,9.998283581674816,2.020233650907432,11.998370692320567,9.453055967403849,0.8333333333333334,0.2222222222222222,9.308568226818572,1.4899710455584985,1.4899710455584985,0.6,0.4,2.367555332376277,-0.4564146668366604,-0.33056802243604105,-0.025106770241090093,3.8208231660596654,-2.3086861489620993,0.5860207644492395,-2.124117455559397,3.5430595113733796,-2.1093777650904615,3.4151083052652167,-0.4613523881320729,-3.8518010941326666,2.166356758818451,1.8061285971156527,-0.7205467145206862,-1.445667397509988,4.216127965499039,-1.6049130169893324,-0.7405459167476351,-5.8444565587303865,5.050854435778009,0.7522176953197137,0.5824839392053027,2.705849868982887,-6.747206098420961,5.142558991555354,-1.7404785568167478,2.8112770912562146,-2.126038189448452,-2.266240264826096,0.568669146866358,0.6235771739114062,3.0515035908622776,0.2656911854908506,-6.875958241026894,5.122412451293672,-2.1229635926854664,-2.0760794092149633,3.1223253406479214,-0.913362446070912,-6.017273088053663,2.9495088113246446,1.7598508379067361,49,0.08620689655172414,0.11052631578947368
845a3693-c660-4446-bae5-6c38bc75e6fd,frontierscience,deepseek/deepseek-v3.2_reasoning-auto,chemistry,,deepseek/deepseek-v3.2,0,is_correct,False,,0.2475,True,,,,74,-2.528286032254771,-2.458210674432893,0.07007535782187801,1.8847765044462808,6.716389910649131,-4.042680932499732,2.673708978149399,-1.3362414026665534,0.3100284965619616,0.031313402236632225,1.3675548049031856,35.25188653861997,0.0019878470261473075,14,10,0.2631578947368421,0.05263157894736842,1.5844702580668395,5.131919652582292,3.2653832913134497,3.7661931949352985,0.8333333333333334,1.0,3.3226626623359508,0.6643023343993475,1.014082830864965,0.45,0.55,30,-0.29513344123816576,-0.29896317751206236,-0.0038297362738966,1.4962702889073805,6.854979059034058,-4.404936235220256,2.450042823813802,0.3764357494747578,-0.8705648530712208,0.30826526748316563,-0.06817048199159215,34.46298602101864,0.00011112607223183974,11.0,12.0,0.8421052631578947,0.42105263157894735,4.105973057708193,2.7490060013258644,4.177289077714998,4.828482787455374,0.4444444444444444,0.3888888888888889,3.3019934964596334,0.49998883039010045,0.5804544364039128,0.5,0.5,-2.528286032254771,-4.042680932499732,-2.5868932591459917,-2.526478530959933,-0.23041189261900996,2.673708978149399,-0.11264814933583465,1.5801865748539994,0.9202930252362627,1.6734449774520523,-0.5614031003864439,1.7940681438272157,-1.472828854878056,-1.7635612901712996,0.9377195461164272,-1.9982539006153335,1.267129390698116,1.1315135311510707,1.3079825205024058,-2.458210674432893,-0.29513344123816576,1.0683649481546336,1.8587615721285198,1.305409673751686,-0.9386066785120617,-0.6786918810095628,0.31494605304825557,0.4235465522351183,-4.404936235220256,-0.2276471575052576,1.6007663529825051,-2.323211843194142,0.4742287888476192,-1.636700429644132,0.2925062337379898,-0.5311371908180615,2.450042823813802,0.21120360910187985,-0.27406069342455364,-0.29896317751206236,0.40676297710766784,2.569840210302395,2.5660104740284986,-2.232964758018138,104,0.03184005923731951,0.06896551724137931
60ff38cc-fb55-4c3c-b75c-f59dde5de0c3,frontierscience,deepseek/deepseek-v3.2_reasoning-auto,physics,,deepseek/deepseek-v3.2,0,is_correct,False,,0.31,True,,,,63,2.9366410233508997,-4.745906707780028,-7.682547731130928,2.5323903936499716,8.84282029727996,-4.745906707780028,4.096913589499932,0.7607774672737457,1.0143737657280187,-1.9260159863615742,-2.68679345363532,51.24328748654236,0.14992300666011207,8,7,0.21052631578947367,1.0,0.0,8.84282029727996,6.542694345179247,5.4902905322569975,0.6111111111111112,0.5555555555555556,3.7107732995597775,1.078159564130508,1.0346614284883628,0.55,0.45,41,2.285160333521681,-0.23584704311160473,-2.5210073766332854,1.6695640538699912,7.546650262096673,-3.9298236260358816,3.6168266360607912,-0.09588931180584424,-0.42926325436927104,0.287869225674877,0.38375853748072125,39.992796546766535,0.06303653643438725,14.0,13.0,0.8947368421052632,0.631578947368421,3.693976582924277,3.852673679172396,6.521288274596804,4.570801901928318,0.8888888888888888,0.6111111111111112,3.839217559409287,0.5408417411134977,0.638284371572325,0.5,0.5,2.9366410233508997,0.9133500316036764,-2.564862532465424,0.1813379896271643,4.096913589499932,1.0359942480298363,-1.2739320787298651,-0.2423714334853011,1.4281044733796309,3.307370098857476,1.3390590180132236,-4.151231514243774,2.391462830935473,3.028222886639402,0.9047350926734454,-4.30324529166629,-1.2187927956208497,-0.9454081143964521,-1.2474781013792713,-4.745906707780028,2.285160333521681,-1.5601499374108934,-0.033017819739140294,-0.16919797573587037,0.4895459926714736,0.8547665750263644,-2.5383323509745246,0.5491635258112031,0.04347481594361691,-0.6515725504480709,-0.3795659186424186,0.6409782758924365,-3.9298236260358816,0.7225026968942173,-0.36371857081208203,0.2674180451674162,-2.904461638536013,3.6168266360607912,1.3469979252807542,-0.23584704311160473,0.3789021443880697,7.4099691856897785,4.888961809056493,0.0009551863844166064,104,0.039938556067588324,0.04878048780487805
91a30120-36ab-425f-961f-3dee779b0021,frontierscience,deepseek/deepseek-v3.2_reasoning-auto,chemistry,,deepseek/deepseek-v3.2,0,is_correct,False,,0.2,False,,,,14,6.979065075230357,0.05876496080909087,-6.920300114421266,3.822769584688162,14.068963740505279,-7.089898665274921,6.979065075230357,0.6826174566291667,-2.0617647510890595,1.3363710536815052,0.6537535970523385,55.76181212071627,0.12410464888479263,8,6,0.0,0.3157894736842105,7.148663626084012,6.920300114421266,10.599760016396793,5.2517832410207905,0.3333333333333333,0.4444444444444444,4.358614944436591,1.46453117874464,1.5463214157011511,0.6,0.4,0,,,,,,,,,,,,,,,,,,,,,,,,,,,,,6.979065075230357,3.799467465606951,1.4622413640093104,0.10103685130361333,1.7876987513219438,-2.261288645793087,-7.089898665274921,3.509861351121872,2.3149302982750184,-2.9368529427457726,-4.2378604121334575,-6.995892673688431,-6.859477026886036,0.7729381484333882,-0.2910794858333132,-0.2540784616680043,4.074423778777248,2.961948596241069,1.46824693376294,0.05876496080909087,,,,,,,,,,,,,,,,,,,,,,,,,14,0.3626373626373626,
bc82c611-4407-4da9-8444-48dbf08d0bbf,frontierscience,deepseek/deepseek-v3.2_reasoning-auto,physics,,deepseek/deepseek-v3.2,0,is_correct,False,,0.0125,True,,,,8,-0.18166769476678812,-5.122048709841239,-4.9403810150744505,2.2177839140281153,8.453687026146095,-5.122048709841239,3.331638316304857,1.5954552041526124,-0.21315225433722215,-0.9024897179650679,-2.4979449221176804,27.459833057297786,0.17991300255780265,5,6,0.8421052631578947,1.0,0.0,8.453687026146095,3.4972129993237724,3.482643956930014,0.7777777777777778,1.0,1.1177899807766514,1.005366323743085,0.7923072066972185,0.6,0.4,25,2.544848087883964,-2.4257094112362045,-4.970557499120169,2.238001295450565,8.770694387229469,-4.036332515179454,4.734361872050014,0.3719211149989593,0.2474645724855064,-0.8669487310679796,-1.238869846066939,55.943532863403284,0.08884954604595181,12.0,11.0,0.15789473684210525,0.5789473684210527,1.610623103943249,7.160071283286219,7.019765720296208,6.623115385508187,0.6111111111111112,0.16666666666666666,5.13181813569138,0.9107194193871582,0.954019048087989,0.5,0.5,-0.18166769476678812,0.7722310152265636,1.7261297252199153,2.398304612548591,2.366169943215577,2.3340352738825634,1.7529835537418657,0.7602440454954051,-0.23249546275105493,0.30632119486038467,1.1003972134481415,1.4156323768990458,-1.1421775904711438,-3.6999875578413333,-3.662787682342681,-0.16557468301890843,3.331638316304857,1.8432392040187882,-1.6394047529112248,-5.122048709841239,2.544848087883964,0.6018350167939086,-0.8975856365917596,4.734361872050014,-1.8887535134581726,-1.6736868225518367,-0.8175711991334031,-1.7545665409645048,0.2400550917351334,1.8790453513858407,1.634634445466656,-4.036332515179454,2.9834332051167545,0.7859829698381189,-3.389544027470758,-0.2663874235887591,0.21197211710408342,-1.930243871584927,2.598220230368687,-2.4257094112362045,-0.42404378563376516,7.242853012091437,2.2722955129712687,0.6152540585972517,33,0.25,0.12666666666666668
b818c26a-1311-482d-8c4e-bde09ef34a05,frontierscience,deepseek/deepseek-v3.2_reasoning-auto,chemistry,,deepseek/deepseek-v3.2,0,is_correct,False,,0.0,True,,,,58,-0.12148960523764854,2.616220343948641,2.7377099491862893,2.8874447107896337,11.323008663251024,-5.020920219888019,6.3020884433630044,0.09774195216506731,0.9597642298589094,1.029312850117911,0.9315708979528436,72.02505426549104,0.03801052254809606,12,11,0.6842105263157895,0.47368421052631576,7.63714056383666,3.6858680994143636,7.655830464088467,7.5188165683501325,0.5,0.3888888888888889,6.576222132513946,1.4375847941188709,0.7586637753751059,0.55,0.45,8,2.4852379107095044,2.672392154245021,0.18715424353551668,2.218578273260284,7.586317164532966,-4.419464988516275,3.1668521760166914,0.16141621328409508,-1.0966810607233632,0.36806724184318323,0.20665102855908815,35.15202259520748,0.0053241386901313826,5.0,6.0,0.2631578947368421,0.42105263157894735,7.091857142761295,0.49446002177167037,3.47790965448101,3.5298860619541,0.16666666666666666,0.3888888888888889,1.4144094706911068,0.8058661929934882,1.022788717044277,0.4,0.6,-0.12148960523764854,2.4965071669091192,-4.6321016679835445,-0.25956982629700287,4.911021670163425,0.34469819654835054,-2.054872268947228,5.090642489119382,-2.42817407923075,-5.020920219888019,2.6349102442004484,-0.11548674480184898,0.2552894762501484,6.3020884433630044,1.5074218409522404,2.5907432362170515,0.0021527747056072364,-0.301799847511553,-0.23886124760452146,2.616220343948641,2.4852379107095044,-0.19240706900343474,-2.870052048716374,-3.788967132945328,-0.31105747846431786,3.1668521760166914,2.6403071353919247,-0.8895789265621747,-4.419464988516275,-3.4138310511293977,-1.6522771138523584,-0.012144327704838392,0.899461551665554,1.811067431035946,1.6008974976252746,-0.10497351949348133,-1.8108445366122337,-0.9901761478853279,0.8411080031798468,2.672392154245021,0.024887282854546416,-0.10609515038458994,0.08105909315092674,-1.8398675170550902,66,0.04597701149425287,0.25
0b946e4d-8fc8-4f65-85dc-8fb7fd227a96,frontierscience,deepseek/deepseek-v3.2_reasoning-auto,biology,,deepseek/deepseek-v3.2,0,is_correct,False,,0.2,True,,,,28,2.391736129385436,-4.676680241907405,-7.068416371292841,2.2803688619776907,8.691073683030936,-4.676680241907405,4.014393441123532,0.5956797157465835,-0.312622017666017,-0.910084940500421,-1.5057646562470044,60.84024958014473,0.1161799371316127,14,13,0.15789473684210525,1.0,0.0,8.691073683030936,5.279113522910409,5.34618473585299,0.7777777777777778,1.0,5.769108448458758,0.8581727151590224,1.0321280029809503,0.45,0.55,31,7.748447263296448,2.833209022007164,-4.915238241289284,3.118575927040152,13.30137377949766,-5.55292651620121,7.748447263296448,-0.07205168344122777,0.7328759221336184,0.4017940703712455,0.47384575381247324,73.62682748207308,0.06675879444195885,13.0,14.0,0.0,0.2631578947368421,8.386135538208375,4.915238241289284,5.619894849590006,7.393579291839367,0.2777777777777778,0.0,6.55221572230802,1.428137537723415,1.0763108330697047,0.55,0.45,2.391736129385436,-0.873439958161276,-1.132990169208445,4.014393441123532,-0.8603267287964549,2.098829650290858,-1.4684443544075645,-0.5027691322641297,1.1368581665669364,-2.371126564368552,0.9593732195933933,1.8389577031776096,-2.8263502248092367,-0.42329729155813967,-4.402599733300134,0.8765137896102753,-1.104535660837667,3.177287709486821,0.6695044939455848,-4.676680241907405,7.748447263296448,0.3548679714570817,-0.8202696813938457,0.5686069308066077,-2.870056085442472,-5.55292651620121,0.06696833338879582,-2.388549029289669,0.5549152967848126,2.4649171106194654,5.383690073358295,-0.6995636029433782,2.235033612460322,-2.420312006054519,-1.7399690678702155,3.616064647895307,-2.664296322370076,2.7360304923939998,-2.370274349828706,2.833209022007164,-0.3329403081443724,12.09218719705948,7.176948955770197,1.133616765325776,59,0.07142857142857142,0.08817204301075268
bf7d23f3-0cf6-4d36-868f-1e3a89f688ea,frontierscience,deepseek/deepseek-v3.2_reasoning-auto,physics,,deepseek/deepseek-v3.2,0,is_correct,False,,0.15,True,,,,72,-2.466108678568779,-2.3286193854248998,0.13748929314387937,1.9039478939819077,5.876471765175305,-2.466108678568779,3.4103630866065258,0.30321910989582673,0.845784636061034,-0.5089857375082011,-0.8122048474040278,41.05568145761296,0.003348849373888171,11,10,0.8421052631578947,0.0,0.13748929314387937,5.7389824720314255,5.384401407115535,5.348742468245371,0.8333333333333334,0.7222222222222222,3.9010717365671486,0.9707180599467751,0.7212624701143341,0.5,0.5,21,4.683475716276492,-0.23639101701947648,-4.919866733295969,2.4647377229975835,9.24396388777279,-4.560488171496297,4.683475716276492,0.6290272950957382,-0.6572394352601659,0.07192367843093157,-0.5571036166648066,63.8141928334138,0.07709674783694628,11.0,11.0,0.0,0.05263157894736842,4.32409715447682,4.919866733295969,6.948566328641077,9.24396388777279,0.8888888888888888,0.0,6.0964138629020725,0.9580108482601872,0.9463079937884574,0.5,0.5,-2.466108678568779,-1.1713021098123249,-1.1136205326468254,1.8765973729150496,2.3658218597041376,2.5387160907964663,0.09242976688306287,0.6466442082518828,-0.23824165203230602,2.039088951870535,-1.287077360396692,2.2296880081688095,-0.4843446373241158,3.014734933889125,-2.3340075343562465,-1.9740383205090088,3.4103630866065258,1.200276919849905,-1.0278891912154817,-2.3286193854248998,4.683475716276492,-4.560488171496297,1.6266846288078347,-1.173160081223239,3.9369632750969266,0.07918665052566533,-0.18947095231721528,-2.087071468340725,-1.0070430497972112,0.12639715231143445,0.2038396977878616,0.6213489419583462,0.42710765293147146,-2.8852549736723385,-1.4499108849276743,3.7622811199119663,-3.25563419904533,3.6929321295957465,-2.0817350779296424,-0.23639101701947648,0.16135784200792969,7.1734529437093215,2.253586210413353,-0.23526906458709718,93,0.03482003129890454,0.09523809523809523
222e24bf-14d4-4660-a5dd-01b2b3528cfa,frontierscience,deepseek/deepseek-v3.2_reasoning-auto,physics,,deepseek/deepseek-v3.2,0,is_correct,False,,0.325,True,,,,75,-0.017809697291637908,2.2765719194222895,2.2943816167139275,2.4091354683257715,11.056470298206357,-4.17392612921143,6.882544168994926,0.5247754014619513,1.2411121665755007,-0.19670277487149312,-0.7214781763334445,56.314870590504256,0.04074202058276244,10,9,0.47368421052631576,0.9473684210526315,6.450498048633719,4.605972249572636,6.613999132273768,6.850751644951766,0.4444444444444444,0.5,4.9597829681662216,1.2397281060892038,0.6806782897375434,0.6,0.4,11,0.3798828432387854,3.293466373300649,2.9135835300618638,2.1575985771861226,7.628981284501795,-4.130730223847142,3.4982510606546526,-0.20628970393882073,-0.1499018409664727,0.1577779100007736,0.3640676139395943,37.93349319397855,0.0768076779842769,5.0,6.0,0.6842105263157895,0.10526315789473684,7.424196597147791,0.20478468735400357,4.961975711833403,4.952844228878802,0.6666666666666666,0.7777777777777778,2.265967902768743,0.8362419066589547,0.9135755743755753,0.6,0.4,-0.017809697291637908,0.45607791012188237,1.7583506698778018,1.7982872346647882,-1.5864616880934357,-1.8872228788089713,3.152206259763232,-1.5873378258616346,0.26854503672115776,6.882544168994926,0.031792524043160686,1.193019383065204,3.5740406014209545,-1.6748187223552629,-1.1565123217790876,1.09147322383155,2.3116531898571284,-1.5294765313494099,-4.17392612921143,2.2765719194222895,0.3798828432387854,-2.1982012889651656,-4.130730223847142,-0.2532623828313465,2.621061715273137,1.4828108417323618,0.654410567827626,0.5489950264069862,0.4424275152867784,0.33413204961721876,-0.9623563134968277,-3.4470375740553663,-1.46372465117875,3.4982510606546526,1.5198528139895418,-3.43299141488926,-2.3832076382476473,0.16723313977407628,1.782314186077282,3.293466373300649,-0.5654206352959453,-2.4621097114794495,0.4514738185824143,-4.232531872744964,86,0.033153153153153155,0.18181818181818182
cfcfcb2d-4ec8-42df-9b19-b6c840d5dea4,frontierscience,deepseek/deepseek-v3.2_reasoning-auto,biology,,deepseek/deepseek-v3.2,0,is_correct,False,,0.06,True,,,,5,1.26726469615186,0.843418322383799,-0.4238463737680611,1.4586600485569918,5.52637819120442,-3.3082487039046207,2.218129487299799,-1.3271808521542903,0.874339104785858,-0.11970134428725117,1.207479507867039,14.935427604573961,0.028378589819434332,3,4,0.5263157894736842,0.2631578947368421,4.15166702628842,1.374711164916,1.3143096977430524,1.0324401735773145,0.3888888888888889,0.1111111111111111,0.3121139956224148,0.4863759379792546,0.6807809528443812,0.5,0.5,35,-2.159768606729143,2.7537145006258665,4.91348310735501,2.294616330331223,8.495599155446161,-4.147529707637128,4.348069447809034,0.05878693915733635,-0.23049078092082334,0.6060240523431615,0.5472371131858251,66.16522388900783,0.07426080981147101,12.0,13.0,0.05263157894736842,0.47368421052631576,6.901244208262995,1.5943549471831675,6.777484419304379,6.030931696938948,0.5,0.4444444444444444,6.017419429128747,1.0512384362204645,0.9295275651347368,0.5,0.5,1.26726469615186,0.23482452257454578,-0.7976156510027685,-1.830055824580083,-2.862495998157397,-3.3082487039046207,-1.9939390061615685,-0.6796293084185163,0.6346803893245361,1.9489900870675876,2.218129487299799,1.4420985900211651,0.6660676927425333,-0.10996320453609876,-0.8859941018147319,-0.7763039079473082,-0.3713733503645318,0.03355720721824462,0.4384877648010217,0.843418322383799,-2.159768606729143,4.348069447809034,0.2780497717252079,-2.2777293420486133,1.1959024617013845,0.38680118906156036,-1.359816347418076,-1.8073325393732353,1.8834019893018201,-4.147529707637128,2.6299547116672515,-0.7225371770275126,-2.2873260972254976,2.837933353848539,-2.2184854964435092,3.564792428269607,-1.4274128155007952,-0.1826131732912213,1.146148870399021,2.7537145006258665,-1.648639985420289,-4.651826914533231,0.26165619282177843,4.915670443831441,40,0.5,0.06722689075630252
30a44280-a888-42bf-913a-208aa47c8772,frontierscience,deepseek/deepseek-v3.2_reasoning-auto,biology,,deepseek/deepseek-v3.2,0,is_correct,False,,0.45999999999999996,True,,,,61,-0.1070640091649431,1.9506802773712237,2.057744286536167,1.8198245129914703,5.740513368529256,-3.1103015319862912,2.6302118365429648,0.2542430500543971,0.27307369672146825,0.26334635263819595,0.009103302583798822,44.31580161198321,0.04643364695404139,13,11,0.5263157894736842,0.8947368421052632,5.060981809357515,0.679531559171741,5.388808385709709,4.460019828145631,0.9444444444444444,0.6111111111111112,4.467062128138102,0.9567083896044302,0.6931436224414186,0.55,0.45,28,5.456458215681604,2.940717308385835,-2.515740907295769,2.3254229307715404,8.609693691802057,-3.1532354761204546,5.456458215681604,1.0701080897116908,-1.17945852120004,0.3036432667926789,-0.7664648229190119,53.37326662775092,0.04713484982738031,11.0,12.0,0.0,0.47368421052631576,6.093952784506289,2.515740907295769,4.277775020009599,6.77003234773372,0.05555555555555555,0.0,4.596877755263768,1.0252143214820084,0.9723939924651266,0.4,0.6,-0.1070640091649431,1.7813478537039469,-2.000881655971253,-0.16460297811092578,-1.8082946026444364,2.0329847184553516,2.0462120241130397,-2.082398543469255,0.45420428945615654,-0.6103013236280281,2.6302118365429648,1.9993959571576054,-2.4606238709880257,1.9810275319788595,1.1818438385344274,0.7977526110516117,-1.5184039328652135,-3.1103015319862912,2.2785068537234174,1.9506802773712237,5.456458215681604,-1.313574132052116,2.9642008879574835,-1.3806090027009965,2.074169616104169,-2.1453868848298168,1.8354979278215087,-1.6885552301838107,-2.3834446024323905,-3.1532354761204546,-2.9051334447928165,-1.2776371946137266,2.7411849777210557,0.410611322021865,-1.8971191553319873,2.0814461739466457,-0.059152862114157934,-0.9016213172555076,-0.3424105468747545,2.940717308385835,-0.6405059624082793,2.8652719759021004,0.349531068606332,1.5702553488050235,89,0.03278688524590164,0.07936507936507936
163a8ed3-8fc0-492f-bd91-37ef359bec8a,frontierscience,deepseek/deepseek-v3.2_reasoning-auto,biology,,deepseek/deepseek-v3.2,0,is_correct,False,,0.4,True,,,,10,0.2640220886294333,-2.3525657567064773,-2.6165878453359106,2.1164464587197034,7.696021161089921,-3.29593556222387,4.400085598866051,0.16932211331016017,-0.1874730614243161,0.20438169105222004,0.035059577742059866,32.49175162095448,0.08053083366697993,5,5,0.7894736842105263,0.3157894736842105,0.9433698055173929,6.752651355572528,4.386641104775109,3.4081533795838563,0.3888888888888889,0.8333333333333334,2.090523858025148,0.9142870697111001,0.8593253942353887,0.5,0.5,23,2.3137285169076036,2.7342482975331044,0.42051978062550077,2.445845502240105,8.419582920909832,-4.250091771776487,4.1694911491333455,-0.33456494375905316,-0.16500723402756193,0.6250167665035148,0.9595817102625679,60.182737052255014,0.00698738211690796,14.0,8.0,0.3684210526315789,0.3157894736842105,6.9843400693095905,1.4352428516002411,8.419582920909832,7.565859113692349,0.3333333333333333,0.2777777777777778,5.783548716403663,1.0642648169948086,1.0516100492690694,0.45,0.55,0.2640220886294333,0.31618373755096324,0.3683453864724932,1.2743721456904078,2.2871320436953706,-0.028865046643676617,-3.29593556222387,-1.4605316642338626,2.9261094405412464,3.0132609374030968,-0.3391792520656596,-2.2027364271489294,-2.205189834250334,-1.0440446302157704,2.4442977960907433,4.400085598866051,0.9919322192821944,-2.0541178885773017,-2.2033418226418897,-2.3525657567064773,2.3137285169076036,2.9133915472622602,-4.070229973490808,-1.0751879318367195,-1.4893323352950847,3.3157673419158633,-4.250091771776487,4.1694911491333455,1.1658475726231408,-2.6889868434977586,-1.268683671690039,-0.1171750636919826,-0.1560548361763469,-2.259488944893292,1.886557815720669,0.744163691955136,2.0421004068450466,-2.7321971934679774,-0.9247724195648894,2.7342482975331044,0.2909072351447014,4.957201508758782,5.377721289384283,0.3610340128982692,33,0.2,0.13438735177865613
70c1246f-0a17-4f59-84a2-3699aa395d4d,frontierscience,deepseek/deepseek-v3.2_reasoning-auto,physics,,deepseek/deepseek-v3.2,0,is_correct,False,,0.2,True,,,,288,-2.5234484723630555,-2.440262484507949,0.08318598785510645,1.6699761885891973,7.038735625359525,-3.8956939636977967,3.1430416616617283,-0.3406491322499941,-0.2133017713201058,-0.5396461627644363,-0.19899703051444223,30.950045444715002,0.0026877501037502094,10,8,0.3684210526315789,0.9473684210526315,1.4554314791898477,5.583304146169677,4.6623057790785705,3.9001805737877486,0.7222222222222222,0.3888888888888889,2.954578096075925,0.4695389456842872,0.8253156107631533,0.45,0.55,16,-2.4548409257622845,0.1502468921042166,2.605087817866501,2.0190043647197795,7.433588938307501,-4.171175217207598,3.262413721099903,0.04737757002623517,-0.18715843268633142,0.008834308321365003,-0.038543261704870165,50.114937096994424,0.0519822625502754,11.0,9.0,0.05263157894736842,0.2631578947368421,4.321422109311815,3.1121668289956865,6.5712597089020255,7.3844229191447806,0.2777777777777778,0.2222222222222222,4.265134782821381,0.8184241147053003,0.8646971241399243,0.4,0.6,-2.5234484723630555,-0.5108398707390359,-0.4765921941095522,0.6966921410742568,-0.9571140271833322,1.0976867213994606,0.28907177617129953,3.1430416616617283,-0.7571389121260204,0.24179213146389422,0.36435596428229927,-0.39850293617400867,-0.6327066803187364,-3.453953628029897,1.208352151048674,1.3568244851464564,0.9929618814376759,-0.46005904601367864,-3.8956939636977967,-2.440262484507949,-2.4548409257622845,3.262413721099903,-0.6921439065641364,-1.2259428750138466,3.213247701937182,-4.171175217207598,2.400084491694427,2.3905133296683854,-0.7385690146062666,-2.33595502860096,-0.5031994226068908,-1.7723267113338315,-0.14482400669512607,1.7942518253703694,-0.14729831939088114,-2.163261774883173,-0.9444052801334908,1.0880127250977407,2.0697116071337778,0.1502468921042166,0.005596314421683044,-0.008982126832652426,2.5961056910338485,-0.7457590736166395,304,0.007428377855207124,0.125
0744af3b-0249-4cbb-978a-a8595f8f9672,frontierscience,deepseek/deepseek-v3.2_reasoning-auto,chemistry,,deepseek/deepseek-v3.2,0,is_correct,False,,0.25670000000000004,True,,,,45,0.08160224749461693,-2.276475473608423,-2.35807772110304,1.9012527391806178,7.599320720250697,-4.621071110070574,2.9782496101801232,-0.04323713898850835,-1.8756931721782684,-0.35516521941555573,-0.3119280804270474,30.503175720933893,0.07730597439022473,10,9,0.21052631578947367,0.3157894736842105,2.3445956364621505,5.254725083788546,3.8477392050157775,3.988649392286003,0.6666666666666666,0.2777777777777778,2.530753168204023,0.42254652117215086,1.2007216959051896,0.3,0.7,9,2.4188500456717064,2.864696908913568,0.4458468632418615,1.5252201077681067,5.432981228802923,-2.5682843198893557,2.864696908913568,0.40135817601602364,-1.6234993843190058,0.8433961013756184,0.44203792535959474,20.441756033082253,0.02181059506435347,5.0,4.0,1.0,0.631578947368421,5.432981228802923,0.0,1.9674658214478942,2.1008926662658554,0.16666666666666666,0.2777777777777778,0.9628572090575704,0.5516147542008684,0.7263453466942265,0.45,0.55,0.08160224749461693,-0.1417948550997104,-0.11424212610912735,2.147017978469683,2.9782496101801232,-0.6324217177845708,-4.621071110070574,-3.3708906783704733,-2.5201220929694186,-1.672113733014366,-1.1359018612120033,-1.4362524631422975,-3.4211552907775493,0.42658391423822817,-0.11621585147337514,1.7633965053233243,-0.6859035562275043,1.0540801677370415,-1.8698731082443973,-2.276475473608423,2.4188500456717064,0.43938085860560605,-1.5400883284604943,-1.0527231352053488,0.9147426862425454,1.8651188857620031,-0.23577378050385223,-2.3366664467697076,-1.7274398887903348,-0.7310534416330707,-0.7539292173934667,-1.7960672160715263,-2.5682843198893557,-1.4510551596855765,-0.33382599948179514,0.02683304801560736,0.13530205794421557,0.6233480922702208,1.7440225005918943,2.864696908913568,-0.13032395373266428,4.565001565547465,5.010848428789327,-4.408142965073445,54,0.06262626262626263,0.2222222222222222
b93b8a19-eaca-4495-946f-ba4b73e481c8,frontierscience,deepseek/deepseek-v3.2_reasoning-auto,biology,,deepseek/deepseek-v3.2,0,is_correct,False,,0.0,True,,,,55,-0.19971858935786785,-2.631308839494348,-2.4315902501364803,1.9492595776248933,6.985375085532828,-2.631308839494348,4.354066246038481,-0.22272602510370612,1.825525650011705,0.18467740195049354,0.40740342705419963,41.26909469854594,0.0589203680841139,11,12,0.3684210526315789,1.0,0.0,6.985375085532828,3.7352566395349363,5.047797618563866,0.5555555555555556,1.0,3.260522445191656,1.137255300043144,0.5208722107401964,0.5,0.5,28,2.725030640794341,2.961988984742462,0.2369583439481211,1.975326255648492,9.027823330735831,-4.523296615483941,4.50452671525189,0.5426714808438836,-0.26573753835821523,0.36043641897814,-0.18223506186574362,41.19674933872218,0.005751869935169768,11.0,8.0,0.2631578947368421,0.3684210526315789,7.485285600226403,1.5425377305094279,5.869156667016358,5.494272530261992,0.3888888888888889,0.2777777777777778,3.3638105763617765,0.8666429536687291,0.6615851481053031,0.45,0.55,-0.19971858935786785,2.407926893892471,-0.8675177051978302,-2.378509231664087,-2.553444701196408,-0.001975453238445106,2.034156611036224,4.354066246038481,-0.08874037554049075,1.0265751842370314,-0.8732874770825516,2.8619691624523846,3.4932480314391583,2.004848778537921,-0.587090217818155,1.182314104318853,0.9635122098408382,-0.23585162421374495,2.416488779069518,-2.631308839494348,2.725030640794341,-0.5313224863191497,-0.7490756159774561,-0.61506020757111,-0.5456528652612271,4.50452671525189,-0.9897458150101024,-4.523296615483941,1.3458600515324166,1.1025559399849332,1.1098958767987026,1.5193591850758876,0.1225561724908299,-2.5370933789063352,-0.12717447186417763,1.9410855067031194,-1.273679511039198,-0.43807888903299397,-0.9015231056403719,2.961988984742462,-0.2366131107647899,5.1197263695238995,5.356684713472021,0.18740547505905525,83,0.04511784511784512,0.07407407407407407
44a8a9e1-5336-4f37-bfbf-c76fbc7ad1dc,frontierscience,deepseek/deepseek-v3.2_reasoning-auto,biology,,deepseek/deepseek-v3.2,0,is_correct,False,,0.2,True,,,,37,0.18926954150696826,-2.0840761301591244,-2.2733456716660925,2.431014189219035,7.692147343522258,-4.222294524533875,3.4698528189883833,-0.42169880666990334,-0.29045748208386996,0.37512208369726463,0.796820890367168,64.9409407849693,0.035006355685445543,12,13,0.3157894736842105,0.10526315789473684,2.1382183943747504,5.553928949147508,6.014284617883213,7.081571853445892,0.3888888888888889,0.3333333333333333,6.2209566175209075,0.9825886697497687,1.1193067457044097,0.5,0.5,28,4.735173258085158,2.348445346892397,-2.3867279111927613,2.6424886324051973,8.80520817799569,-4.0700349199105315,4.735173258085158,0.8426143507831289,-0.45978539429954257,-0.24473842134017834,-1.0873527721233072,70.71335462921978,0.033752152244896194,13.0,14.0,0.0,0.7368421052631579,6.418480266802929,2.3867279111927613,6.87703069012178,7.8690199195213175,0.4444444444444444,0.5,6.654743225640789,1.2041131928809528,1.143544584513751,0.5,0.5,0.18926954150696826,-3.762613220833135,-4.222294524533875,1.1305379380528735,2.649102506230154,-2.4057467061006914,3.4698528189883833,-3.6117190344575087,2.402565583425704,0.8135398960778528,-2.1129350500497845,0.8945782805406806,-0.05464776199490995,-0.36458428812912347,-0.88659086513682,2.897856697118572,-2.880927332693224,2.899628157376208,2.3048419756779754,-2.0840761301591244,4.735173258085158,-2.350948446609534,2.951665993479347,-1.3662945819933554,-2.9586567848211573,2.5998477300972582,2.287513287244185,-2.864052868054693,-2.625803072100998,4.251227618020781,-3.6177923015005367,-0.9734941219144151,1.8098531179106079,0.8015638675424546,-4.0700349199105315,2.195628838968021,-1.4281181912292085,0.10134479937884283,-0.6156964021405908,2.348445346892397,0.5197388388331295,7.338988227077412,4.952260315884651,0.20293058603630243,65,0.07507507507507508,0.07142857142857142
7fbca2d0-9e5c-48f8-953c-acab7e25598c,frontierscience,deepseek/deepseek-v3.2_reasoning-auto,physics,,deepseek/deepseek-v3.2,0,is_correct,False,,0.075,True,,,,166,2.4851610251241274,4.658276445810421,2.173115420686294,2.305759904176704,8.838636339955675,-4.180359894145254,4.658276445810421,-0.0989138182172522,1.208220173701499,1.0390000778910087,1.1379138961082609,57.418063273527515,0.03784724347691826,12,10,1.0,0.15789473684210525,8.838636339955675,0.0,6.289117392067107,4.860803083906191,0.16666666666666666,0.8888888888888888,5.364696124805334,1.3626856290125617,0.6627283812257727,0.65,0.35,54,-4.745543510836195,2.5595853608380676,7.305128871674263,2.8576264861650205,9.479579462319737,-4.8218849271760424,4.657694535143694,-0.03495894040598665,0.28730227030163685,0.7806536338435102,0.8156125742494968,51.65156643705623,0.1414309260218944,13.0,5.0,0.47368421052631576,0.7368421052631579,7.3814702880141105,2.0981091743056264,8.063034852956783,6.47537479920003,0.4444444444444444,0.2777777777777778,4.510234350405593,1.420687678527209,1.0981714229106783,0.65,0.35,2.4851610251241274,2.5967076364665775,-2.2556534386828173,-4.180359894145254,2.108757497921853,-2.0800168552176554,0.6330073010124035,2.6298373864638087,0.16853433009616836,3.187907368009693,0.5401575238777698,-1.4409342812432984,2.6587291758807536,0.7133097128255983,0.6378481318382372,-1.790506347793519,4.2354790449238235,-0.6253240389823671,-0.8817727684505446,4.658276445810421,-4.745543510836195,-3.2207618950297525,0.7749312161730462,2.492819802919448,2.488512555343856,4.22035202389386,-2.25502277530617,-1.3161925662805998,-3.4053403178130885,4.657694535143694,1.4791856185039762,2.6345335529743856,0.15991753535480369,-2.1986824657717134,-4.8218849271760424,0.8515549255794417,3.1252310572653625,0.28280974769439937,2.686625638859832,2.5595853608380676,-0.06031073609925169,-9.464130692745869,-2.1590018210716053,0.11421020265627035,220,0.013508579773640015,0.037037037037037035
1ca773ca-3f07-4426-8086-d1f3591cdf5f,frontierscience,deepseek/deepseek-v3.2_reasoning-auto,biology,,deepseek/deepseek-v3.2,0,is_correct,False,,0.04,True,,,,186,2.6772056043375483,-4.986534423327732,-7.6637400276652805,2.0406621757624452,8.256347858425,-4.986534423327732,3.2698134350972685,0.7704977492319595,1.1432672269588602,-1.0786077263489493,-1.8491054755809087,42.90141810231032,0.17863605369381888,10,9,0.631578947368421,1.0,0.0,8.256347858425,4.241826873656981,6.075051463194515,0.3333333333333333,1.0,3.3456069834178077,1.056424087489504,0.7101886637274017,0.65,0.35,8,-0.32537988147503905,-3.1008812828652155,-2.7755014013901764,2.2610989728751525,7.744882395410135,-4.200919528266315,3.5439628671438204,0.007687043811663027,0.8676328107506807,-0.5529946436341473,-0.5606816874458104,23.711801243243414,0.11705147883613629,3.0,4.0,0.15789473684210525,0.3157894736842105,1.1000382454010995,6.644844150009035,1.8050634895120157,3.605403530198145,0.0,0.16666666666666666,0.7544514533860193,1.0207714012150544,0.8803078452084782,0.5,0.5,2.6772056043375483,0.5089229995798776,1.2525753291449027,-0.8682554148370161,2.2113521610470497,1.6521349018679876,-2.040451336516633,2.201375537140348,-2.28967531260487,0.2397795891740504,0.9719774921956622,1.9892653194388548,3.2698134350972685,1.620334528270707,-0.9209434771855745,-2.5490356978852757,-0.5488776121909336,1.4452278126290365,1.0885170398667834,-4.986534423327732,-0.32537988147503905,1.4796836080369766,3.2847470975489923,3.5439628671438204,-0.061440663054324496,-3.6668441932524694,-4.200919528266315,-2.4314987168919364,-0.6620779055175579,0.4751725461643198,1.507061271230781,2.391960676137994,2.3949241600897193,2.397887644041445,1.970550146601394,0.9694780073056426,-0.03159413199010652,-1.0500533062826602,-2.075467294573938,-3.1008812828652155,0.3381843820117565,4.99933892386445,2.2238375224742732,-2.946419011682856,194,0.011915140947399011,0.25
1a5d24e0-9af4-4b36-98d1-2845df696d90,frontierscience,deepseek/deepseek-v3.2_reasoning-auto,physics,,deepseek/deepseek-v3.2,0,is_correct,False,,0.2,True,,,,54,2.5785147413685325,2.4098553552053583,-0.16865938616317422,2.02078866176628,7.803549237388254,-4.465460111033658,3.338089126354596,-0.46295957879358557,-0.2547565906388085,0.23413024689080783,0.6970898256843934,48.113373496155084,0.003505457503965138,11,10,0.42105263157894735,0.5263157894736842,6.875315466239016,0.9282337711492379,3.7251172009276954,5.137695194369708,0.9444444444444444,0.8888888888888888,4.01287347030058,0.731569579743253,0.9125311649773484,0.55,0.45,28,-2.3640719000995913,0.08402453245546658,2.448096432555058,1.6459555376925445,5.21406901396629,-2.3640719000995913,2.8499971138666984,0.37813459605468164,-0.8010897234674381,0.17691524282417181,-0.20121935323050982,35.30148699458987,0.06934825246682218,12.0,11.0,0.10526315789473684,0.0,2.448096432555058,2.7659725814112317,4.920853764336851,2.5313920153113965,0.6666666666666666,0.6111111111111112,3.1268414509371842,0.6635413162824668,0.7585010380296799,0.5,0.5,2.5785147413685325,-0.6098343926364964,-1.846063681803026,0.6725500008697853,-2.7497638112331635,-1.681296290873897,0.39517638275316624,1.2349502899949547,3.338089126354596,0.21018508565833244,-4.465460111033658,-0.7793373371236352,-2.4638285632411447,1.1421053749188954,0.04466471946742559,-0.5262831730902537,2.0089392558580124,-3.1287559385116954,0.596361262416,2.4098553552053583,-2.3640719000995913,-0.8898279044754744,2.8499971138666984,1.3741309762022298,1.919466388062057,-0.5180694237499124,0.27531692257676443,-2.0535767684354003,-2.1743021723383964,-1.4705793979548996,-0.8120310063939111,0.34826384904549457,-2.183128166265902,2.737725598070949,0.3967624273369035,-1.6492547299908962,2.0901226023633526,1.195015915669421,-1.0551792908892164,0.08402453245546658,-0.15809526960225392,-4.932022524907204,-2.483926092352146,-0.5032345645443996,82,0.037037037037037035,0.09259259259259259
8fac71ae-1f4a-4edd-9f0d-88a443912a04,frontierscience,deepseek/deepseek-v3.2_reasoning-auto,physics,,deepseek/deepseek-v3.2,0,is_correct,False,,0.5,True,,,,41,-0.1073338283104182,-2.4118892196928012,-2.304555391382383,1.5890996521563479,5.265534661531462,-2.6431948564313372,2.622339805100125,0.5774149145709967,0.5570429716927778,0.43103764895999097,-0.14637726561100572,35.371673588119464,0.06515256864058676,11,10,0.7368421052631579,0.8421052631578947,0.231305636738536,5.034229024792927,4.736047179259307,4.174215309406672,0.8888888888888888,0.8333333333333334,3.235216958092803,0.9757839724424475,0.4494124175621292,0.7,0.3,28,2.50943519966237,-2.582631466492849,-5.092066666155219,2.8935441105501867,8.545086153301199,-4.233552285965794,4.311533867335405,0.20896602867303438,0.3112131492748217,-0.6987610208279795,-0.9077270495010139,93.30608374733399,0.054573790493063254,14.0,15.0,0.3684210526315789,0.10526315789473684,1.6509208194729448,6.894165333828254,7.015398341165015,6.650834849585894,0.1111111111111111,0.3888888888888889,9.345713666607388,1.3319636815479687,1.359529275514613,0.45,0.55,-0.1073338283104182,2.2655225372869103,2.1114325817781268,-0.9076786083028106,0.2757029747712152,0.14465209747487906,0.2596066472990741,2.3078304579233073,1.5155819166291744,-0.48295492194335754,0.537603966384107,-2.435196916561859,1.1496101133216308,1.3068261860964423,2.622339805100125,1.5310204529753346,-2.6431948564313372,2.0928523228279703,1.3950973889806542,-2.4118892196928012,2.50943519966237,1.4349685047315996,-4.233552285965794,2.781846055199221,-2.5309251711888097,4.0336997494738664,-2.532709851201213,4.311533867335405,-2.3393009822504887,-2.9131708705335697,3.796117460475487,-0.7284961116749389,-2.3798985695565915,2.4317072511284485,-4.095461545247332,2.4040242597939523,-2.7264203203306807,-0.12801833584999145,2.9359412831590235,-2.582631466492849,0.11082861934426265,5.032153038699434,-0.05991362745578499,-0.14986583774785345,69,0.06463414634146342,0.07142857142857142
3182a1e3-e9ad-4d4b-8ef8-de88a9f811b8,frontierscience,deepseek/deepseek-v3.2_reasoning-auto,physics,,deepseek/deepseek-v3.2,0,is_correct,False,,0.075,True,,,,323,2.8032530679551293,-0.11047649809351502,-2.9137295660486444,1.9330016700180042,8.276580935258579,-3.8934684197212386,4.3831125155373405,0.8532596126446369,0.20908018013378774,0.6181686829260391,-0.2350909297185978,51.75735922919914,0.056295947270911986,14,13,0.9473684210526315,0.21052631578947367,3.7829919216277235,4.493589013630856,5.759297174741374,7.583139591354974,0.2222222222222222,0.16666666666666666,4.963715121444855,1.0469777605278707,0.4897082281776102,0.55,0.45,84,0.06935210408809675,2.4740300529214885,2.404677948833392,2.0388705089865997,8.342662004098889,-4.178816659504474,4.1638453445944155,-0.34990821868277877,0.36251324873941165,0.17603632555260407,0.5259445442353828,52.8752367277092,0.045478339155562084,13.0,14.0,0.42105263157894735,0.8421052631578947,6.652846712425962,1.689815291672927,4.283340372954815,6.45078720263686,0.2777777777777778,0.2222222222222222,5.054564320493177,0.8146456031124416,0.7574229449268388,0.6,0.4,2.8032530679551293,0.17038058948987844,1.499310458763686,3.6896711716337354,-3.8934684197212386,1.8658287550201358,-0.16215833462886842,0.704261063535708,0.6709081840451248,-1.1994850830696715,1.2859288904667279,-0.49577547726159255,1.3121269646186247,-0.8144032813984071,-2.3778522861143663,2.5547735494913213,-0.667752909965796,-0.07279227329874993,4.3831125155373405,-0.11047649809351502,0.06935210408809675,-1.9094232492352092,0.5074151566880807,-0.5748067667822073,2.692113085593564,-3.758674117043296,0.5246662559115194,0.5912111611723896,4.1638453445944155,0.8155194799618493,-1.9256576284048157,-0.2841841731709689,0.4877504292935193,-1.3108918722705072,2.42503185094215,1.5164804482094878,-4.178816659504474,0.025496692872270965,-1.2060044321252992,2.4740300529214885,0.04328661587118533,0.2231152180527971,2.627793166886189,-0.04946176152410331,407,0.0064803953618060494,0.023809523809523808
d3acd2cb-8477-4630-b8bb-b4bc22670dc8,frontierscience,deepseek/deepseek-v3.2_reasoning-auto,physics,,deepseek/deepseek-v3.2,0,is_correct,False,,0.0,True,,,,98,2.6038431878328003,-4.837033943166625,-7.440877130999425,2.575110367971982,9.601791466042815,-4.837033943166625,4.764757522876192,1.0783899866819822,-0.15159236431144457,-0.8249477448054211,-1.9033377314874032,57.78360645149017,0.1287714213069429,12,11,0.5263157894736842,1.0,0.0,9.601791466042815,6.826176354470057,5.328597534227317,0.7222222222222222,0.8888888888888888,5.198024809099345,1.1529174137300366,1.0760225693419747,0.55,0.45,13,1.3582081814877964,1.6920584484137249,0.33385026692592845,2.154296745630404,6.548892642153675,-3.5649276740251414,2.9839649681285327,-0.4336720427449886,1.0065121048501837,-0.5297735938379852,-0.09610155109299656,41.08271314217638,0.008126295499777758,7.0,8.0,0.8421052631578947,0.3157894736842105,5.2569861224388665,1.2919065197148079,4.6132388541378875,6.112841153313179,1.0,0.2777777777777778,3.14835444170412,1.017869040335209,0.9763070967497862,0.6,0.4,2.6038431878328003,1.6991875161771612,-1.813890181368039,2.6174387350467345,2.750668666564348,-1.1348154598524334,0.8262974423733045,1.6318602256126877,-2.7984709853343945,0.3754554424713836,4.764757522876192,0.7319429579289218,-1.3681495894036277,-4.398542124331274,2.4276342301387834,-0.296170823337051,2.629262347578415,-2.699335186648902,-2.1740430933971475,-4.837033943166625,1.3582081814877964,-1.5808670604702002,-2.616256590277857,-0.9864861230750384,1.806711487857483,2.547913479288037,-3.5649276740251414,-2.558378609802031,1.6513638147107248,1.939587005959999,2.005115072796561,1.8479480152204104,1.618112206638013,0.541837228427609,-2.214103588855866,0.3645608977752892,2.9839649681285327,-3.08394188276543,-2.9211804057241624,1.6920584484137249,0.9378879066125585,7.13313003126698,7.466980298192908,-0.5555259590940089,111,0.021039343572480537,0.16666666666666666
a466aab3-82ae-4890-94dc-7fd11df89c0f,frontierscience,deepseek/deepseek-v3.2_reasoning-auto,biology,,deepseek/deepseek-v3.2,0,is_correct,False,,0.4,False,,,,61,-2.503736905252412,0.01881978375020805,2.52255668900262,2.0261317899693214,8.316993741367199,-5.537657268120272,2.779336473246927,-0.3156383334674924,-1.4377316965270714,-0.3681529361850359,-0.05251460271754349,54.76304770231235,0.046063117281474934,16,13,0.2631578947368421,0.631578947368421,5.5564770518704805,2.760516689496719,4.843509392478385,5.258624870672245,0.7777777777777778,0.2777777777777778,5.623791012196571,0.5312463963827004,1.2553717877363084,0.4,0.6,0,,,,,,,,,,,,,,,,,,,,,,,,,,,,,-2.503736905252412,-1.034487743344454,1.9260503908352504,0.017795202742056482,-0.9151373550744966,2.779336473246927,-2.479288397425318,1.7772305361325706,-2.4210667632549736,0.5646559641375173,-1.4286450742662502,-0.6614753278105416,-5.537657268120272,-2.3571639425075497,-2.498822014780766,2.344687377697619,-1.2645301629098975,1.196352199111859,-2.005424799979238,0.01881978375020805,,,,,,,,,,,,,,,,,,,,,,,,,61,0.04371584699453552,
d9a6df63-9cdc-41c0-980b-ddc78275bf91,frontierscience,deepseek/deepseek-v3.2_reasoning-auto,biology,,deepseek/deepseek-v3.2,0,is_correct,False,,0.25,True,,,,30,0.13328554311793137,4.814957451579001,4.68167190846107,2.2823091957539363,9.212813103116623,-4.397855651537622,4.814957451579001,-0.7684686543515988,0.24502484783590375,0.38634940101875626,1.154818055370355,56.093159699170755,0.08346243879947238,12,10,1.0,0.10526315789473684,9.212813103116623,0.0,7.9887792974737195,6.151283552654787,0.1111111111111111,0.16666666666666666,5.266350512806579,0.9073718217532847,0.9746723337281509,0.5,0.5,11,-4.86200144802842,2.709386554798686,7.571388002827106,1.7596360284346304,7.571388002827106,-4.86200144802842,2.709386554798686,0.3526501838337343,-0.02367612145508233,-0.23274237851335866,-0.585392562347093,17.543605953911406,0.4315753570114267,4.0,5.0,1.0,0.0,7.571388002827106,0.0,3.812582162879418,1.3337018335777455,0.0,0.2222222222222222,0.5975707515208413,0.6211836730590572,0.5758654647805365,0.5,0.5,0.13328554311793137,1.2000233488053051,-4.397855651537622,3.590923645936097,-2.5603599067186904,-1.1515940757764005,-2.1937034842878127,-1.6958461383237147,2.6184192921523253,0.8667377175727424,0.795208158768163,-1.3920492450185376,-0.8892470117014736,1.4119511614018214,0.09693712612763537,-2.399254031620175,-0.3397319155304026,2.618992989604668,-2.473805214048189,4.814957451579001,-4.86200144802842,-1.049419285149002,2.394624667864142,2.521824732080814,2.3568444167386025,1.023142583160857,0.08353562016914755,0.06348335521152715,0.027028392441667423,-0.03403061704655137,-0.039617392206663694,0.010268066961330619,-0.03886206486345603,-0.15400259068343042,-1.1050728808439756,-2.4143987842933416,-1.5893028272999727,-0.23060140519591865,1.2335350717543707,2.709386554798686,0.12443989366967127,-9.55251900593775,-1.9811310031106437,-2.1520916945347075,41,0.06666666666666667,0.2545454545454545
9c098058-e720-4a0b-8fc5-62fb27aade25,frontierscience,deepseek/deepseek-v3.2_reasoning-auto,biology,,deepseek/deepseek-v3.2,0,is_correct,False,,0.0,True,,,,51,2.6218994079582663,-4.929015044922914,-7.55091445288118,2.2429472696397212,8.836942846655528,-4.929015044922914,3.907927801732615,0.467871195158981,0.6266652870259994,-0.26927434224267105,-0.737145537401652,54.25980040126764,0.13916222317516622,14,11,0.8421052631578947,1.0,0.0,8.836942846655528,5.101518303735047,7.73724608592585,0.9444444444444444,1.0,5.111355348911029,1.1048651073534022,0.8025596412614604,0.55,0.45,41,2.18099284652449,2.5279484720821306,0.3469556255576407,1.7460281583964499,5.32071040912658,-2.653026198077408,2.6676842110491714,-0.35013815962026695,-0.4215633210604867,0.8142592954973896,1.1643974551176566,42.43482518210312,0.008176200186255726,13.0,10.0,0.7368421052631579,0.3157894736842105,5.1809746701595385,0.13973573896704083,5.123857198697881,5.113765676295232,0.3888888888888889,0.4444444444444444,3.9672855760640573,0.7068057068118019,0.7326234364008488,0.45,0.55,2.6218994079582663,0.9608172443014213,3.0616129286741858,-0.6673139351019812,-1.1847001326567634,-0.9331545527983485,-0.5840625942639137,0.1458678784806881,-1.8484846353403896,0.8630142641369494,0.834729286526271,2.576839939932657,-1.0341586774730207,2.8488489529188405,-2.577015989939764,1.467513401403212,3.907927801732615,-2.293287262732111,2.8082310410029363,-4.929015044922914,2.18099284652449,-1.6818300322412387,-1.028594357872712,0.9155167578638975,-0.10142325169927077,-0.08260288183962672,-2.653026198077408,-2.5647469883988165,2.559110210299065,-2.5546554659961678,2.305268163298727,-1.7837947761671984,-0.8125193461371882,-0.09960504432182773,2.6676842110491714,0.19615860758486914,0.6297239692150769,-1.2896703852655231,0.1537108983186135,2.5279484720821306,0.23230664225928038,7.342314533706684,7.689270159264325,0.11329405543324356,92,0.04862745098039216,0.05
790baca4-d2d8-4acb-8494-91adf77e026b,frontierscience,deepseek/deepseek-v3.2_reasoning-auto,physics,,deepseek/deepseek-v3.2,0,is_correct,False,,0.1,False,,,,84,-0.1050783782907063,-2.3813780666400532,-2.276299688349347,1.9480987538572394,7.111256947435571,-3.8165495279251687,3.2947074195104022,-0.3226300904950904,-0.09078976022766337,-0.23851491054132243,0.08411517995376797,50.749724985230685,0.04485343889078811,11,12,0.42105263157894735,0.2631578947368421,1.4351714612851154,5.6760854861504555,4.050419339779493,4.906764408459688,0.3888888888888889,0.2222222222222222,4.296333185895023,0.7232305583562695,0.93948197927163,0.4,0.6,0,,,,,,,,,,,,,,,,,,,,,,,,,,,,,-0.1050783782907063,1.3230185959772114,2.976298419509976,-1.6311250791910803,1.0902148805345198,-3.8165495279251687,-2.0951895440803843,-0.755711920269091,3.2947074195104022,-0.7059925312484743,-0.20748115142714796,1.7767008975781753,-1.1450547621398317,-2.892696273597676,0.5310227001518013,1.4469252560251535,-2.4747009871911896,-0.5786813634317955,2.025722997838149,-2.3813780666400532,,,,,,,,,,,,,,,,,,,,,,,,,84,0.029546758462421115,
3f380f88-7221-4320-a168-348d9a77db2e,frontierscience,deepseek/deepseek-v3.2_reasoning-auto,physics,,deepseek/deepseek-v3.2,0,is_correct,False,,0.0125,True,,,,5,1.8931613860761707,-0.240590390438863,-2.133751776515034,2.797244415419436,9.641931061503438,-5.353472941877944,4.288458119625494,-2.285180014179464,-0.03419909162296423,2.1985740019685722,4.483754016148036,21.41761389952191,0.09962602680790057,2,3,0.7368421052631579,0.2631578947368421,5.112882551439081,4.5290485100643565,1.0850878640650419,1.581268462881694,0.7222222222222222,0.1111111111111111,0.2645576653027671,1.0995967943003588,1.2518072807406375,0.5,0.5,90,2.1525745285424605,2.670746163099975,0.5181716345575147,1.7152193050655777,6.033284189981394,-3.3395159263381418,2.693768263643252,0.017806530835328096,0.6443242878346106,1.4150756404280054,1.3972691095926772,37.54636129369347,0.013800848250095279,13.0,8.0,0.8421052631578947,0.21052631578947367,6.0102620894381165,0.023022100543276913,3.432421644896837,3.729618464133677,1.0,0.3333333333333333,3.4840570376598974,1.1189713740842833,0.46270289542140314,0.65,0.35,1.8931613860761707,0.3118929231944769,-1.2693755396872168,-2.850644002568911,-4.431912465450605,-5.353472941877944,-4.29590945894222,-3.2383459760064968,-2.1807824930707733,-1.1232190101350499,-0.051893336634668,1.0331945274303735,2.1182823914954128,3.203370255560452,4.288458119625494,3.8017847473132362,2.7911909628752127,1.7805971784371888,0.7700033939991631,-0.240590390438863,2.1525745285424605,1.0262729849536623,0.9647841990756156,-2.3066891394577325,-3.3395159263381418,-0.7895798501353286,2.416798919206761,-1.3128195449269162,1.3169022716956011,0.33585846517097123,1.6006798029734055,-0.18684840964849422,2.4698007873322614,0.28669664224544533,2.66490522731325,1.7796392264330054,2.693768263643252,-0.5569295561245884,-0.7616754817968621,2.670746163099975,-0.6300004669866829,1.7631644519946406,2.2813360865521553,0.2517990682825797,95,0.4,0.027215980024968788
1567b1bb-e3e5-44e5-abb8-b58e2626f468,frontierscience,deepseek/deepseek-v3.2_reasoning-auto,chemistry,,deepseek/deepseek-v3.2,0,is_correct,False,,0.2,True,,,,115,0.1699277153913274,0.15698387388717755,-0.012943841504149844,2.9620223459837676,9.73688092049732,-4.776358140372332,4.960522780124989,-1.603626786080874,1.6972521232091435,-0.24929428719098698,1.354332498889887,49.366031717553824,0.00026220137721840033,12,10,0.05263157894736842,0.10526315789473684,4.933342014259509,4.8035389062378115,7.32729943073662,9.73688092049732,0.7777777777777778,0.05555555555555555,4.802863486654707,1.1148066644551462,1.156826082617548,0.5,0.5,18,2.5512816725827228,-0.13895023705176138,-2.690231909634484,2.3546953370778514,7.75654536919713,-4.5348387294065295,3.2217066397906002,-0.12721908242873597,0.01702029448344154,0.10576737639358426,0.23298645882232022,56.87552846847129,0.04730034132563362,10.0,11.0,0.42105263157894735,0.47368421052631576,4.395888492354768,3.3606568768423615,6.470719570957589,7.75654536919713,0.5,0.4444444444444444,5.666316736295524,1.0339802078392313,1.0408195707020087,0.55,0.45,0.1699277153913274,4.960522780124989,-4.776358140372332,-4.762740748841591,-2.387862782144229,-2.4234584675578295,-2.0054178591664535,0.020631249080945442,-0.1000035552271013,2.467759616735154,4.710548796000306,4.710824226229735,-0.07017154352150762,0.14117607316647302,-2.4056959182379924,4.921603512498627,-1.6579075416262374,-2.5469050956556853,0.036155445988188935,0.15698387388717755,2.5512816725827228,2.3546687185119213,-3.3885507990496637,1.6965862301009125,1.8972081432761576,-2.5972796172317154,-3.4044479251914863,1.11978032735431,3.2217066397906002,-4.5348387294065295,1.935880841551059,2.390921055526773,-1.362605984423304,-2.6517020890088183,1.192773665304196,0.5963540631780608,-2.6880564332562695,1.7224427996079084,-0.04995959942062872,-0.13895023705176138,0.18656724864771065,2.5808650473432557,-0.10936686229122827,-2.9417244245531755,133,0.02044241037376049,0.1111111111111111
4525a8e7-9e13-47c9-8b87-c0a97ebd355e,frontierscience,deepseek/deepseek-v3.2_reasoning-auto,biology,,deepseek/deepseek-v3.2,0,is_correct,False,,0.1,True,,,,32,2.9042700056827724,-0.02288033274517043,-2.9271503384279427,2.3141018687898454,9.34226299385847,-5.058385453735989,4.283877540122481,0.7385193024060067,-0.9822440022662178,0.6862960285115912,-0.0522232738944155,52.761933346135976,0.05547845108754554,11,11,0.7368421052631579,0.5789473684210527,5.035505120990818,4.306757872867652,4.905235123689727,6.192062058421387,0.3333333333333333,0.5555555555555556,5.004494243280671,0.9516718668407217,0.831086703238318,0.5,0.5,15,2.412003146367037,-0.39835170714216256,-2.8103548535091996,1.8580189677142576,6.963396020863174,-4.551392874496137,2.412003146367037,0.4555471746383037,-0.5389788767561314,0.16890351904031553,-0.28664365559798816,33.55813361300741,0.0837458628038802,7.0,7.0,0.0,0.631578947368421,4.153041167353974,2.8103548535091996,4.823415854412254,3.5274373051616994,0.16666666666666666,0.6111111111111112,2.369848446604652,0.7554264494519681,0.7339564894811131,0.5,0.5,2.9042700056827724,-2.8878066702785152,0.7327883422216813,2.831623063262666,2.6923361628597577,2.347319204490704,-3.450894991397019,1.454340132292708,-1.6208564410335728,-2.603346293751797,1.1336766046853985,-5.058385453735989,-0.2744441228386507,0.09330755851837816,4.283877540122481,-0.026697394590923018,-0.448482804300406,0.5598987226778869,-0.22793956009432126,-0.02288033274517043,2.412003146367037,2.30938706779908,-0.8885861821901142,-3.0230503116444654,1.8003655427677883,0.6476637477943761,-0.06895278842557581,0.27597680132489666,2.0498289912043464,0.7444010721399228,-0.29575191778056265,-1.0239555693344373,-4.551392874496137,-0.971958640350949,2.256278167597384,2.2802534527288225,0.33237099931570846,-1.458732672633723,-1.998397125624136,-0.39835170714216256,0.3620176435300357,2.796901122642243,-0.013453730866956448,-3.8687377610945326,47,0.08870967741935484,0.13333333333333333
af50243e-3a60-4460-9536-f9a02c4f8eb8,frontierscience,deepseek/deepseek-v3.2_reasoning-auto,physics,,deepseek/deepseek-v3.2,0,is_correct,False,,0.0,False,,,,100,0.006881862808627553,2.5316425335863193,2.5247606707776917,2.0087002986096896,8.526112247970318,-4.7468164992311115,3.779295748739206,0.6741329826823313,0.4636710970879402,0.25544200056514255,-0.4186909821171888,45.451690404135306,0.05554822380265054,9,10,0.47368421052631576,0.7894736842105263,7.27845903281743,1.2476532151528867,7.880718448376204,5.9394333575168385,0.8333333333333334,0.5,4.026052354010157,1.0579849427476362,0.5831209146584986,0.6,0.4,0,,,,,,,,,,,,,,,,,,,,,,,,,,,,,0.006881862808627553,-1.450374570879098,-0.7693864313840297,0.47674674048948606,2.5738473565487254,2.580549507110848,1.300666414081761,1.2835774204381951,-0.7268418178732801,3.779295748739206,-2.1601376087776325,-1.011365321360106,-0.1890186398139413,2.2701878982631403,0.39761525284195454,-4.7468164992311115,3.1339019491450926,0.8247861708993707,-0.6084774038507703,2.5316425335863193,,,,,,,,,,,,,,,,,,,,,,,,,100,0.02404040404040404,
9557097c-9285-46d9-b1fc-51a256d87913,frontierscience,deepseek/deepseek-v3.2_reasoning-auto,physics,,deepseek/deepseek-v3.2,0,is_correct,False,,0.125,True,,,,67,-0.054890675261450216,-0.2905369244410916,-0.23564624917964136,1.552142445738114,6.0408693142593926,-4.250355842055222,1.790513472204171,-0.9654021408620872,-1.8135497527240676,-0.406723219820131,0.5586789210419563,35.90720725411085,0.006562644861573391,11,6,0.2631578947368421,0.8947368421052632,3.9598189176141303,2.0810503966452627,3.992749551546188,5.152399564137689,0.2222222222222222,0.8888888888888888,3.5226449554894668,0.24052123638743383,1.3351713650886272,0.25,0.75,34,-2.309934479436011,2.699942888097416,5.009877367533427,2.514048897723953,10.81973236070945,-6.257080435725484,4.562651924983966,-0.7456144709884299,-0.8746917318945837,0.6412675139132005,1.3868819849016303,57.41190046676838,0.08726200189860088,10.0,9.0,0.7894736842105263,0.7368421052631579,8.9570233238229,1.8627090368865495,10.81973236070945,7.227205363129283,0.7777777777777778,0.7222222222222222,4.876198094554852,0.8054229625453789,1.1801498793804734,0.5,0.5,-0.054890675261450216,-1.4994132990781024,-2.086731469130872,-0.42836180516700884,-2.2022360793420175,1.790513472204171,-2.2766951302593306,-2.496684694855025,-2.15710911680265,0.6115413235427164,-1.4328242366137913,-2.1984740445770194,-2.920820142165075,-2.100477357597629,1.4000393483077311,0.10628686161159043,0.9020437220824675,-4.250355842055222,-0.30781648442626164,-0.2905369244410916,-2.309934479436011,-0.38329614671351475,1.2067510215542683,-0.8921195369204225,-4.431814528313751,2.484236023273917,-0.8931236503634947,-3.672763321369449,-2.0675829718127465,-1.1548442616219532,1.164738768882195,0.1779229905887113,-1.5404382553326421,0.9701249274037986,-6.257080435725484,4.562651924983966,1.4698003978691636,0.08958765722199064,1.2827026510321513,2.699942888097416,-0.10052936126683476,-2.119926916261754,2.889950451271673,2.581176277222532,101,0.030303030303030304,0.07130124777183601
2d0a5720-a17d-4886-877d-ee910ea9626a,frontierscience,deepseek/deepseek-v3.2_reasoning-auto,chemistry,,deepseek/deepseek-v3.2,0,is_correct,False,,0.525,True,,,,84,2.5407794886508195,0.01199512029676993,-2.5287843683540494,2.134514266026659,9.066569952158765,-4.892088945598997,4.17448100655977,0.4830636898059207,-0.5704744942654417,0.6658572960657799,0.18279360625985924,53.03978518563639,0.04767712311623134,14,10,0.8421052631578947,0.42105263157894735,4.904084065895766,4.162485886263,4.469918180929437,7.401545309100347,0.8333333333333334,0.3888888888888889,4.898840049391946,0.9690383867231125,0.7998749794642107,0.55,0.45,33,4.86006436137032,-0.1635756941147054,-5.023640055485025,2.009830858869436,8.318701710325124,-3.4586373489548046,4.86006436137032,0.6164178084660294,-1.005038058564343,0.17097503095810143,-0.44544277750792804,43.955512281112576,0.11428919365919103,12.0,9.0,0.0,0.631578947368421,3.295061654840099,5.023640055485025,5.720630470721954,4.794000339131799,0.9444444444444444,0.0,3.787880839037718,0.7463765592515483,0.8311011374985275,0.45,0.55,2.5407794886508195,-1.2876028495884406,0.7132393295147486,-1.6712691973420624,1.1866247020668943,3.2212137078369576,-1.3215393524974726,2.50945636350135,-4.892088945598997,-0.7944906598471695,1.2231813139687882,1.6699506559815198,-2.178653480532183,-1.5306767073314012,-2.0257412221768227,-0.2954371743696669,4.17448100655977,0.5044525206211932,1.6253935254634364,0.01199512029676993,4.86006436137032,0.06606402223852115,1.018009933811406,-2.3875628023159168,-1.8378917838365658,0.7115546321239608,1.884686295870481,-0.3916222314508865,-0.22600772639747468,-1.1216594692104613,-1.2145470894220871,1.1812662938045626,-3.4586373489548046,-1.8040588383192486,-0.780944934940182,2.5010453950976776,0.21972461100030305,-3.2355148310082193,2.485115639713735,-0.1635756941147054,0.06236823663325426,4.910437477706804,-0.11320257777822107,-2.3685891856789887,117,0.02610441767068273,0.06060606060606061
