id,dataset,run_slug,subject,generator,model,target,target_label,is_correct,final_answer_correct,rubric_score,has_answer_chunks,error_step_index,error_step_position,exit_status,reasoning_n_chunks,reasoning_start,reasoning_end,reasoning_end_minus_start,reasoning_std,reasoning_range,reasoning_min,reasoning_max,reasoning_early_mean,reasoning_mid_mean,reasoning_late_mean,reasoning_late_minus_early,reasoning_total_variation,reasoning_monotonicity,reasoning_direction_changes,reasoning_zero_crossings,reasoning_peak_pos,reasoning_trough_pos,reasoning_rebound_from_trough,reasoning_fall_from_peak,reasoning_max_rise,reasoning_max_drop,reasoning_max_rise_pos,reasoning_max_drop_pos,reasoning_curvature_abs_mean,reasoning_positive_mass,reasoning_negative_mass,reasoning_time_positive,reasoning_time_negative,answer_n_chunks,answer_start,answer_end,answer_end_minus_start,answer_std,answer_range,answer_min,answer_max,answer_early_mean,answer_mid_mean,answer_late_mean,answer_late_minus_early,answer_total_variation,answer_monotonicity,answer_direction_changes,answer_zero_crossings,answer_peak_pos,answer_trough_pos,answer_rebound_from_trough,answer_fall_from_peak,answer_max_rise,answer_max_drop,answer_max_rise_pos,answer_max_drop_pos,answer_curvature_abs_mean,answer_positive_mass,answer_negative_mass,answer_time_positive,answer_time_negative,reasoning_traj_t00,reasoning_traj_t01,reasoning_traj_t02,reasoning_traj_t03,reasoning_traj_t04,reasoning_traj_t05,reasoning_traj_t06,reasoning_traj_t07,reasoning_traj_t08,reasoning_traj_t09,reasoning_traj_t10,reasoning_traj_t11,reasoning_traj_t12,reasoning_traj_t13,reasoning_traj_t14,reasoning_traj_t15,reasoning_traj_t16,reasoning_traj_t17,reasoning_traj_t18,reasoning_traj_t19,answer_traj_t00,answer_traj_t01,answer_traj_t02,answer_traj_t03,answer_traj_t04,answer_traj_t05,answer_traj_t06,answer_traj_t07,answer_traj_t08,answer_traj_t09,answer_traj_t10,answer_traj_t11,answer_traj_t12,answer_traj_t13,answer_traj_t14,answer_traj_t15,answer_traj_t16,answer_traj_t17,answer_traj_t18,answer_traj_t19,answer_minus_reasoning_mean,answer_start_minus_reasoning_end,answer_end_minus_reasoning_end,answer_range_minus_reasoning_range,total_n_chunks,reasoning_pair_density,answer_pair_density
eeb31abb-41cb-4fe6-9864-f98fdcef338d,frontierscience,deepseek/deepseek-v3.2_reasoning-auto_s2,biology,,deepseek/deepseek-v3.2,1,is_correct,True,,,True,,,,6,0.5849054284866314,-3.635641493859215,-4.2205469223458465,4.1493929205971805,15.097106119531638,-5.924633346261866,9.17247277326977,-0.32949446146720296,4.644610653289596,-4.338520314146409,-4.009025852679207,29.310533989726803,0.1439942009867554,3,3,0.5789473684210527,0.8421052631578947,2.2889918524026514,12.808114267128985,2.5277803855957774,4.399635816072985,0.5555555555555556,0.7777777777777778,0.8378434998785038,1.6609366059829553,1.4522020330890408,0.45,0.55,2,-1.7859268489912168,1.7859268489912168,3.5718536979824336,1.084016482920757,3.5718536979824336,-1.7859268489912168,1.7859268489912168,-1.2219499493097798,0.09399614994690607,1.315946099256686,2.537896048566466,3.5718536979824336,1.0,0.0,1.0,1.0,0.0,3.5718536979824336,0.0,0.1879922998938126,0.0,0.5555555555555556,0.6111111111111112,2.0970879354030734e-16,0.4699807497345307,0.4699807497345308,0.5,0.5,0.5849054284866314,0.12155211814530764,-0.3418011921960161,-0.8051545025373398,-1.083528908018055,-0.6219876940563346,-0.16044648009461415,0.30109473386710617,1.589131616482446,4.1169120020782195,6.644692387673993,9.17247277326977,7.543803437864305,3.144167621791329,-1.2554681942816543,-5.6551040103546395,-5.924633346261866,-5.16163606212765,-4.398638777993432,-3.635641493859215,-1.7859268489912168,-1.5979345490974044,-1.4099422492035922,-1.22194994930978,-1.0339576494159677,-0.8459653495221554,-0.6579730496283431,-0.46998074973453074,-0.2819884498407186,-0.0939961499469062,0.09399614994690597,0.2819884498407186,0.4699807497345305,0.6579730496283429,0.8459653495221553,1.0339576494159677,1.2219499493097796,1.409942249203592,1.5979345490974044,1.7859268489912168,2.2699488885505548,4.119663533418553,7.6915172314009865,-13.146762403094886,8,0.9333333333333333,1.0
676e50c1-cea4-4361-81e1-d4409a23422c,frontierscience,deepseek/deepseek-v3.2_reasoning-auto_s2,biology,,deepseek/deepseek-v3.2,0,is_correct,False,,0.12,True,,,,4,2.6697111378370053,-0.130745833809911,-2.8004569716469163,1.4654694202340386,5.01731753337172,-2.347606395534715,2.6697111378370053,1.372805867515844,-1.4235003296594282,-1.0544377345285794,-2.4272436020444235,7.234178095096524,0.3871147398963158,1,1,0.0,0.6842105263157895,2.216860561724804,2.8004569716469163,0.3694767602874678,0.4323017567737204,0.7222222222222222,0.0,0.04454325094784394,0.48048205363054547,0.8145564357393736,0.35,0.65,30,2.410553856702512,-0.08549572775650323,-2.4960495844590156,1.7101797747104226,6.1285374057088795,-3.4433457787581654,2.6851916269507137,0.45086220247043424,-0.1371546413708904,-0.03834736153249449,-0.4892095640029287,43.28857501969333,0.05766070108160142,11.0,11.0,0.21052631578947367,0.42105263157894735,3.357850051001662,2.770687354707217,4.461348818876199,4.213596192753394,0.6111111111111112,0.0,3.936253311030979,0.7438138841719315,0.6455204462468396,0.45,0.55,2.6697111378370053,2.237409381063285,1.8051076242895645,1.372805867515844,0.9405041107421237,0.5082023539684033,0.0759005971946829,-0.32110160178960784,-0.7004540218791836,-1.0798064419687592,-1.459158862058335,-1.838511282147911,-2.2178637022374863,-2.347606395534715,-1.9781296352472473,-1.60865287495978,-1.239176114672313,-0.8696993543848461,-0.5002225940973786,-0.130745833809911,2.410553856702512,-1.8030423360508812,-0.5119532211818029,-0.4255570983144472,2.6851916269507137,-0.7238840166693072,1.5247266058562525,0.7115256559936283,-3.4433457787581654,0.6187060371405058,-0.09810044722515071,-1.8423228741858193,2.61902594469038,0.474428972748389,-1.1103864590206565,-2.619180634157508,1.4769267240586696,2.3551922592975796,-0.24714033161654878,-0.08549572775650323,-0.05378037172062259,2.4875193187918008,-0.00853026566721482,2.562122580916803,34,0.5,0.10804597701149425
90ddb7c3-4bf1-43b6-820a-c89f3858781a,frontierscience,deepseek/deepseek-v3.2_reasoning-auto_s2,biology,,deepseek/deepseek-v3.2,1,is_correct,True,,,True,,,,25,0.2428033771239015,6.8624645949090235,6.619661217785122,2.846716108440255,10.655678891278598,-3.793214296369573,6.8624645949090235,0.954838181785086,-0.39342756165886644,-0.21253109492069808,-1.167369276705784,58.358984461494785,0.11343002759331376,12,10,1.0,0.8421052631578947,10.655678891278598,0.0,9.182526899000496,5.194381754135699,1.0,0.3888888888888889,5.227861590589923,1.190982157315854,1.0582477687478864,0.5,0.5,2,-2.3630446788856396,2.3630446788856396,4.726089357771279,1.4343137196448625,4.726089357771279,-2.3630446788856396,2.3630446788856396,-1.6168200434480693,0.12437077257292824,1.7411908160209972,3.3580108594690667,4.726089357771279,1.0,0.0,1.0,1.0,0.0,4.726089357771279,0.0,0.24874154514585722,0.0,0.5555555555555556,0.6111111111111112,2.220446049250313e-16,0.621853862864642,0.6218538628646421,0.5,0.5,0.2428033771239015,0.5430015451459667,-3.1985321358726457,1.9064832167121397,5.291721025467939,3.0370132117931705,-1.13862296787487,2.7167044916425214,-2.4776772624931773,-0.6401329650176684,-0.6763093382009582,-3.7669150714362227,2.6169633190299018,-0.5266261051364611,0.162671998089297,0.43981636640321886,-3.793214296369573,-2.6268629284646803,-2.320062304091473,6.8624645949090235,-2.3630446788856396,-2.114303133739783,-1.865561588593926,-1.6168200434480693,-1.3680784983022125,-1.1193369531563557,-0.870595408010499,-0.6218538628646422,-0.3731123177187854,-0.12437077257292861,0.12437077257292817,0.3731123177187854,0.6218538628646417,0.8705954080104985,1.1193369531563553,1.3680784983022125,1.6168200434480688,1.8655615885939252,2.1143031337397824,2.3630446788856396,0.4094350400690338,-8.81607423372563,-4.08998487595435,-7.133155798317993,27,0.14666666666666667,1.0
8f121749-9809-45f1-bcb8-7118ccb5d4cc,frontierscience,deepseek/deepseek-v3.2_reasoning-auto_s2,chemistry,,deepseek/deepseek-v3.2,1,is_correct,True,,,True,,,,39,-2.514517695248871,-4.79900119183659,-2.2844834965877188,2.578365782861341,9.868857107555794,-5.107107023174075,4.761750084381719,0.385008388626018,1.358617545152432,-1.2616321171178926,-1.6466405057439106,63.07972786901193,0.0362158109072943,13,12,0.6842105263157895,0.7894736842105263,0.30810583133748537,9.560751276218308,7.621469680551126,5.030782363858734,0.6666666666666666,0.7777777777777778,5.233696753889616,1.0782727556921055,0.8464933140050157,0.5,0.5,2,1.111268572865031,-1.111268572865031,-2.222537145730062,0.6745144408450765,2.222537145730062,-1.111268572865031,1.111268572865031,0.760341655118179,-0.05848781962447528,-0.8188294747426542,-1.5791711298608333,2.222537145730062,1.0,0.0,1.0,0.0,1.0,0.0,2.222537145730062,-0.11697563924895049,0.11697563924895094,0.16666666666666666,0.5555555555555556,1.295260195396016e-16,0.29243909812237656,0.2924390981223765,0.5,0.5,-2.514517695248871,-0.011708217678416004,2.309087686966555,-0.1695679142012254,0.5214171084500718,0.25838771431882024,2.3019600377751908,2.3127381409606635,-0.7072362511546133,4.52412401022678,-0.41079070004932716,1.8894571278712091,-2.859719596169407,4.761750084381719,-0.07632465931534127,-5.107107023174075,0.11803664121468516,2.5684965616764104,-0.273893031272445,-4.79900119183659,1.111268572865031,0.9942929336160803,0.8773172943671297,0.760341655118179,0.6433660158692285,0.5263903766202779,0.40941473737132716,0.29243909812237656,0.17546345887342596,0.05848781962447536,-0.058487819624475135,-0.17546345887342607,-0.29243909812237656,-0.40941473737132705,-0.5263903766202778,-0.6433660158692285,-0.760341655118179,-0.8773172943671295,-0.9942929336160802,-1.111268572865031,1.2246987939309515,7.134968558632572,4.91243141290251,-9.67731730053568,41,0.07827260458839407,1.0
50f7d1e4-51bd-4013-a570-a02988ca3aa2,frontierscience,deepseek/deepseek-v3.2_reasoning-auto_s2,chemistry,,deepseek/deepseek-v3.2,1,is_correct,True,,,True,,,,27,-2.580343441884142,4.565247812549541,7.145591254433683,2.9599571825237923,9.327850902442604,-4.762603089893063,4.565247812549541,0.19006295773461052,0.4627949089657751,-0.7201758419690143,-0.9102387997036248,76.70275248344072,0.0931595154421132,14,15,1.0,0.8421052631578947,9.327850902442604,0.0,8.378863353042902,6.783738562651118,1.0,0.9444444444444444,7.520897886558419,1.3054961376723395,1.2930486369179088,0.55,0.45,6,5.281644865947261,0.05088852410922229,-5.230756341838038,2.3805370047570142,9.906318456133274,-4.624673590186014,5.281644865947261,0.7195249748520582,-2.5423809415938834,0.9104734687297729,0.19094849387771462,20.678587095731384,0.2529552100258246,4.0,2.0,0.0,0.5789473684210527,4.675562114295237,5.230756341838038,1.9384226481686149,1.9206254907523261,0.7777777777777778,0.1111111111111111,0.5364589282375722,0.781089169194572,1.145946716935279,0.4,0.6,-2.580343441884142,2.7391646227421833,2.3145521472418187,-3.7504955114540404,1.903630185549138,3.3618268821738067,-2.6578941802264904,0.6226739522468829,-2.7093225615251395,0.6791381874541056,-0.3608013745271621,4.405231907389705,-0.5970749585807784,1.1997192103028116,1.3486148236390387,-4.628822079773998,-4.762603089893063,2.9701230221577566,-3.8136155404933616,4.565247812549541,5.281644865947261,3.361019375194935,1.4403938844426092,-0.48023160630971695,-1.9342850932769082,-1.5220505651035605,-1.1098160369302126,-0.6975815087568651,-0.9413505328332266,-2.1691248852841554,-3.396899237735084,-4.624673590186014,-3.952729742265224,-2.014307094096614,-0.0758844459279997,1.8625382022406152,1.7872050039237881,1.2084328439856005,0.6296606840474115,0.05088852410922229,0.12566208596214135,0.8420591393598613,-4.388697202478177,0.6555029343381165,33,0.1282051282051282,0.3333333333333333
11c1fcc0-bcad-4507-951b-550e19f1e2aa,frontierscience,deepseek/deepseek-v3.2_reasoning-auto_s2,physics,,deepseek/deepseek-v3.2,1,is_correct,True,,,True,,,,50,0.17270430447619348,-2.1984746781497164,-2.37117898262591,1.8716285455408448,7.321580776169473,-4.203022747819917,3.118558028349556,-0.9436824811605943,-0.2736009605943722,-0.9178526385152921,0.025829842645302192,47.28271856178246,0.050148956209605085,12,11,0.15789473684210525,0.10526315789473684,2.0045480696702005,5.317032706499273,7.321580776169473,4.84838768796417,0.1111111111111111,0.16666666666666666,4.246927775943231,0.42600370711419533,1.1274087032830213,0.4,0.6,2,3.711715997897848,-3.711715997897848,-7.423431995795696,2.252926162073574,7.423431995795696,-3.711715997897848,3.711715997897848,2.5395951564564223,-0.19535347357357072,-2.734948630029993,-5.274543786486415,7.423431995795696,1.0,0.0,1.0,0.0,1.0,0.0,7.423431995795696,-0.39070694714714094,0.3907069471471427,0.6111111111111112,0.7777777777777778,5.427757009278544e-16,0.9767673678678548,0.9767673678678547,0.5,0.5,0.17270430447619348,-1.1550492517322628,-4.203022747819917,3.118558028349556,-1.7298296596146139,-4.000955363426886,1.19181732164377,0.027208093935483152,-1.4213966911051148,-0.3839883042296013,-2.775081356115336,-0.22849718001540031,2.7053043957975227,0.16124431757184166,-0.8847042881808005,0.059378631589686925,-1.3956802208594317,1.083859048919853,-2.1714943244113436,-2.1984746781497164,3.711715997897848,3.321009050750706,2.930302103603564,2.5395951564564223,2.1488882093092805,1.7581812621621384,1.3674743150149968,0.976767367867855,0.5860604207207132,0.1953534735735709,-0.1953534735735709,-0.5860604207207132,-0.9767673678678541,-1.367474315014996,-1.7581812621621378,-2.1488882093092805,-2.5395951564564214,-2.9303021036035632,-3.321009050750706,-3.711715997897848,1.2217358395632751,7.131926515610839,-0.2915054801848562,-2.6715531483455344,52,0.0563265306122449,1.0
30a44280-a888-42bf-913a-208aa47c8772,frontierscience,deepseek/deepseek-v3.2_reasoning-auto_s2,biology,,deepseek/deepseek-v3.2,0,is_correct,False,,0.48,True,,,,40,0.2196256848484989,-2.4755957507130932,-2.695221435561592,1.4110244193303034,5.643130312002786,-2.853308720000411,2.789821592002374,0.20497971528282516,0.17455399821071316,-0.5391864101758713,-0.7441661254586964,32.48951537349027,0.0829566524639746,11,9,0.9473684210526315,0.7368421052631579,0.3777129692873178,5.265417342715468,3.2370826594026445,5.265417342715468,0.9444444444444444,1.0,2.809558209087667,0.5287086405154834,0.5576277638455064,0.5,0.5,29,-0.1024874551127079,2.252670887488986,2.355158342601694,2.2970620343391004,8.5079265651001,-2.5202285587856563,5.987698006314443,0.3836211656593192,-0.3965256589286722,0.41357845222942663,0.029957286570107433,49.1396620634742,0.04792784980001515,12.0,9.0,0.10526315789473684,0.3157894736842105,4.772899446274643,3.735027118825457,8.345813855673757,7.711375450985381,0.7777777777777778,0.8333333333333334,4.691881433374805,0.8629077505870484,0.7433507875624941,0.4,0.6,0.2196256848484989,2.1390829310633404,0.36480624880921697,0.21609374148340005,-0.13457765864864846,-0.7018549099906051,-0.6683180305854264,-1.5188793116743056,0.6490110449614246,1.4335248568140357,-1.302185543111737,-0.3055257241171341,0.16303495798619114,2.1028977066165173,-2.853308720000411,-0.7450485606684962,0.4962740457246686,-0.4472610674002704,2.789821592002374,-2.4755957507130932,-0.1024874551127079,1.2633671917318097,5.987698006314443,0.027494103221496147,-1.5479893899055783,-0.42250573784857237,-2.5202285587856563,-0.3671538727622915,-0.3058088971659893,-1.2106492149162942,-0.9801724097191744,1.0332745150728049,-1.1239464640095054,0.17877673099974417,-2.3741611979697272,5.97165265770403,-1.7397227932813513,-2.1721897597730293,0.543220919207652,2.252670887488986,0.48448909968629994,2.8575973952866853,5.212755737888379,-0.48524924975389183,69,0.052564102564102565,0.09113300492610837
b90fc8dc-2fca-4ff7-9c9f-a2e6a0ac7812,frontierscience,deepseek/deepseek-v3.2_reasoning-auto_s2,physics,,deepseek/deepseek-v3.2,1,is_correct,True,,,True,,,,35,2.671050960234214,-2.410081396663128,-5.081132356897342,2.3767480143634385,7.128009868735167,-4.218107100443097,2.9099027682920697,1.1994357659655834,-0.5496066716998126,-0.20026506300591773,-1.3997008289715012,56.6900278373184,0.0896300910537301,13,9,0.42105263157894735,0.47368421052631576,1.8080257037799692,5.319984164955198,6.968362079015417,7.128009868735167,0.5,0.4444444444444444,5.599283863894774,1.154027168910456,0.9866665048192115,0.55,0.45,4,3.9449035442881657,1.320020999556795,-2.6248825447313706,2.9663200225532873,9.680264575402015,-5.735361031113849,3.9449035442881657,2.48477130755984,-3.075733523235533,-1.6197215132226397,-4.10449282078248,16.73564660607266,0.15684380810114093,1.0,2.0,0.0,0.6842105263157895,7.0553820306706445,2.6248825447313706,1.175897005111775,1.1036413981774613,0.7222222222222222,0.5555555555555556,0.16091494754947758,0.9492092685220935,1.6419624979753782,0.5,0.5,2.671050960234214,2.8302249922857223,1.1256288117730966,2.684309390318671,0.5971292799843668,-4.114979247665353,2.602686174828365,-0.7819361968903111,2.9099027682920697,-4.218107100443097,2.7502549785723196,-2.180026323787522,-0.5342000035955126,-1.793134824046634,-2.216534078211142,-1.4843309250815326,0.9450249541956834,1.117964803205835,2.8463662645187777,-2.410081396663128,3.9449035442881657,3.4581927987120573,2.971482053135949,2.48477130755984,1.9980605619837317,1.5113498164076233,1.024639070831515,0.12664122352117146,-0.9770001746562893,-2.0806415728337497,-3.1842829710112106,-4.287924369188672,-5.3915657673661315,-5.735361031113849,-4.5594640260020745,-3.3835670208902995,-2.207670015778527,-1.0317730106667549,0.1441239944450201,1.320020999556795,1.3259083237126001,7.680893264663894,5.056010719932523,-1.6211972653839517,39,0.08571428571428572,0.5
2db1b6e6-c019-4ce3-9b53-2292f7b2c38c,frontierscience,deepseek/deepseek-v3.2_reasoning-auto_s2,physics,,deepseek/deepseek-v3.2,0,is_correct,False,,0.6,True,,,,94,0.10592531240626127,-3.616443248652909,-3.72236856105917,2.109865949828106,8.84681353874671,-3.616443248652909,5.230370290093801,-0.6582318113593449,0.5370691928498313,0.7891194859391127,1.4473512972984577,40.462706973882504,0.09199504530089522,10,11,0.9473684210526315,1.0,0.0,8.84681353874671,4.754116766667992,8.84681353874671,0.8333333333333334,1.0,3.1979683426822074,0.9224947905339003,0.7281658612304962,0.6,0.4,37,-2.7141569833616996,2.462412241423114,5.176569224784814,1.6722059745459126,5.301412528322141,-2.839000286899027,2.462412241423114,-1.1186228765104171,-0.515004825522223,0.38758287776319905,1.5062057542736162,41.02919073890856,0.12616795826479218,14.0,11.0,1.0,0.3157894736842105,5.301412528322141,0.0,5.204880136562558,5.042563892739704,1.0,0.9444444444444444,3.90781409964922,0.48788019726648957,0.943375029648954,0.35,0.65,0.10592531240626127,-2.093541209224412,-3.248070304754066,0.24754350023859129,-1.435312946277729,0.2990192558266447,1.5168137122692953,1.2808254832821746,-0.4034613038789797,-0.13708804544150024,0.35306053560617423,-0.7397363345693702,1.099747568037618,2.3061364469127024,1.5974847260706961,-2.8896638318109567,1.8644529348570353,2.5485160450770095,5.230370290093801,-3.616443248652909,-2.7141569833616996,-1.7585845981895245,-2.2826734541758045,-0.04906065575497795,0.701715006568107,1.1114008362400065,-2.839000286899027,1.7489983792756152,-1.2764179158999036,-0.21230876623445466,-2.770152711015417,0.5402614997212263,-0.27216249027051376,-1.363251774232114,-0.5574996750206251,0.8927199845014626,-0.029763386785572887,2.3000959976002595,-2.742467895139444,2.462412241423114,0.2809016355009464,1.1831879007921557,6.359757125576969,-1.916567483217662,131,0.023335621139327384,0.05405405405405406
cb11faa6-e12a-4621-9fa7-f6f4b11a9300,frontierscience,deepseek/deepseek-v3.2_reasoning-auto_s2,physics,,deepseek/deepseek-v3.2,1,is_correct,True,,,True,,,,17,3.047524102886536,0.5806345433131544,-2.4668895595733815,2.8313217165980253,13.323930398869496,-6.387761855117371,6.9361685437521245,-1.1467549820121625,-0.39329266202876845,1.7322584429030012,2.879013424915164,50.20690465189079,0.049134468190730786,8,8,0.9473684210526315,0.2631578947368421,6.968396398430525,6.35553400043897,6.066252846532384,6.35553400043897,0.9444444444444444,1.0,3.850839818029799,0.9748689731182948,0.9942081156617203,0.65,0.35,3,4.365732018145643,-3.623974702046823,-7.989706720192466,2.4480079180317555,7.989706720192466,-3.623974702046823,4.365732018145643,2.7528406494368656,-0.7428706557000818,-2.865496442586822,-5.618337092023688,7.989706720192466,1.0,0.0,1.0,0.0,1.0,0.0,7.989706720192466,-0.3033913037839999,0.5376304562362595,0.6111111111111112,0.1111111111111111,0.013013286247347988,0.9968445869402729,1.1530040219084452,0.45,0.55,3.047524102886536,1.9461161296007397,-0.479603031471755,0.038392828001616586,-1.5943714343733468,-6.387761855117371,-4.597581613611558,0.9394934098714165,-2.6772767171861513,-1.7560024663393152,0.06970505142478661,0.1288878259951972,0.17749287321499535,0.36465138881769144,4.0197459656233585,0.3786511026445396,-2.39156519513491,0.8699156972197399,6.9361685437521245,0.5806345433131544,4.365732018145643,3.8281015619093837,3.2904711056731246,2.752840649436865,2.215210193200606,1.6775797369643466,1.1399492807280875,0.6023188244918285,0.06468836825556945,-0.47294208798069004,-0.8934529679908197,-1.1968442717748204,-1.5002355755588204,-1.8036268793428205,-2.1070181831268213,-2.4104094869108215,-2.7138007906948216,-3.0171920944788218,-3.3205833982628223,-3.623974702046823,0.9786406407293723,4.7637381155618606,-3.225968604630605,-6.910983117769497,20,0.2647058823529412,0.6666666666666666
0744af3b-0249-4cbb-978a-a8595f8f9672,frontierscience,deepseek/deepseek-v3.2_reasoning-auto_s2,chemistry,,deepseek/deepseek-v3.2,0,is_correct,False,,0.24500000000000002,True,,,,38,-0.18670392734517366,-2.3024396780933563,-2.1157357507481827,2.0657863348347423,8.15333272137674,-3.8633379643174894,4.289994757059251,-0.18252386757331224,0.3552099220381731,-1.5381468163559717,-1.3556229487826594,53.981426520071764,0.03919377250917025,15,14,0.42105263157894735,0.8947368421052632,1.5608982862241332,6.592434435152607,7.089121374418256,6.812958480067638,0.3888888888888889,0.4444444444444444,5.6640843258889655,0.7059187518686569,1.1069226777127472,0.45,0.55,12,4.857148750235734,-0.17679952409250504,-5.033948274328239,2.0414345842850716,7.312448816522849,-2.4553000662871156,4.857148750235734,0.9809943542590513,-1.353943656264304,0.14992790930466263,-0.8310664449543887,34.541967231151794,0.1457342669756329,7.0,7.0,0.0,0.3684210526315789,2.2785005421946107,5.033948274328239,4.230026732055465,4.187418775850851,0.7777777777777778,0.8888888888888888,2.296802330449783,0.816953561611275,0.9025074445217145,0.45,0.55,-0.18670392734517366,2.3943727062104205,-1.450081608178719,1.468169329005998,-2.0855606158396656,-2.2684419376680163,0.8505789808019701,-2.799126617359005,4.289994757059251,-2.5229637230083872,1.6303297944105393,-1.1217712564922178,1.8607275663161111,1.1492789333409201,0.378697949299692,-1.3340232107565844,0.09622502092823719,-3.8633379643174894,-2.2040030151963297,-2.3024396780933563,4.857148750235734,0.6730623391356527,-1.9993726963112521,-0.6407373966830181,0.9224897722674766,2.656210165653189,0.39815954551557775,-2.4553000662871156,-2.392247342466564,-1.454539311479105,1.0138155070504493,0.3423423232450764,-2.123318290465961,-2.4083584134469063,-1.6940628862705924,2.5359638457848726,2.9398789833374726,-1.2475397925133782,-1.4578731704178933,-0.17679952409250504,0.09443821274151232,7.2540266410706025,2.2200783667423636,-4.7903129473262425,50,0.05405405405405406,0.22727272727272727
19962a30-eaf9-4b7e-86c7-17c02cdb01bd,frontierscience,deepseek/deepseek-v3.2_reasoning-auto_s2,physics,,deepseek/deepseek-v3.2,1,is_correct,True,,,True,,,,47,-0.10125813478960703,-2.3779102367130105,-2.2766521019234034,2.3862116119412695,8.04822693296843,-4.203522115976629,3.8447048169918,1.3196142033879223,1.5739147510682945,-1.4889861855195419,-2.808600388907464,45.777976368101555,0.04973247580052036,9,10,0.10526315789473684,0.7894736842105263,1.8256118792636182,6.222615053704811,5.946982116701456,5.442703582043357,0.8888888888888888,0.6111111111111112,3.8093735386245666,1.3302283866056004,0.7641891082017872,0.6,0.4,3,4.092277789624755,-0.9403284473872778,-5.032606237012033,2.091921332404181,7.1278260321332745,-3.0355482425085194,4.092277789624755,1.8046271164051029,-2.395678827167076,-1.5223339460320675,-3.3269610624371704,9.223045827254516,0.5456555601339911,1.0,1.0,0.0,0.5263157894736842,2.0952197951212415,5.032606237012033,0.23280219945791603,0.7625502244065512,1.0,0.2777777777777778,0.05529735688135956,0.6557706685825135,1.3193389511588243,0.3,0.7,-0.10125813478960703,2.8306700121404815,3.8447048169918,-0.9160582251432547,2.618609102321446,0.5389568119581265,0.42167504023646263,-0.05967705893142122,1.567508391706299,2.89019845931093,3.7718555179396405,3.275754432748993,-2.166949149294364,1.738712663997986,-1.8407404741889288,-4.203522115976629,-3.6176667689985282,2.329315347702927,0.7766071350569166,-2.3779102367130105,4.092277789624755,3.3297275652182043,2.5671773408116536,1.8046271164051029,1.0420768919985526,0.27952666759200184,-0.48302355681454934,-1.2455737812210996,-2.00812400562765,-2.770674230034201,-3.0355482425085194,-2.8027460430506035,-2.569943843592688,-2.3371416441347725,-2.1043394446768566,-1.8715372452189407,-1.6387350457610252,-1.4059328463031098,-1.1731306468451939,-0.9403284473872778,0.8379207174219099,7.308108743759675,2.2755025067476424,-5.002645773396424,50,0.06105457909343201,0.6666666666666666
a1e4e236-3b97-4c36-9cc3-a1711073631e,frontierscience,deepseek/deepseek-v3.2_reasoning-auto_s2,biology,,deepseek/deepseek-v3.2,0,is_correct,False,,0.1,True,,,,50,0.24166064232579224,0.18286818706109834,-0.0587924552646939,2.2542526448283287,9.580677321193136,-4.330935184409726,5.249742136783409,-0.264172241561115,1.9564979044886235,-0.6548713592907155,-0.3906991177296005,54.148136300945396,0.0010857706152236936,11,10,0.5263157894736842,0.7368421052631579,4.513803371470824,5.066873949722311,5.743600297318357,4.491965452276345,0.5,0.6666666666666666,4.42107150193165,1.0646075131485426,0.6687549389111292,0.55,0.45,12,-0.3117165898437033,2.2821125738446444,2.5938291636883477,2.3706519640903623,8.528892561996493,-4.322169225285785,4.206723336710707,1.5625032236762004,-0.4310910225106346,-1.3407835930020546,-2.9032868166782553,34.37683875018957,0.07545281235826387,6.0,5.0,0.2631578947368421,0.8421052631578947,6.60428179913043,1.9246107628660623,4.321043899791792,3.000139555954322,0.5,0.3333333333333333,1.8937639050439457,0.9728322237594906,0.9790730312521587,0.6,0.4,0.24166064232579224,-0.8570980033179862,-1.9375484674267458,3.2098575439842616,-0.7963485408992542,-1.64960259857718,-0.06012626701669275,2.3219096316973196,1.0922562278174146,-0.4938581605349479,5.249742136783409,0.9570332789690625,4.5301838344822265,0.038218382205881696,-4.330935184409726,-1.416855243021962,1.2059472538099811,2.2624731438344066,-1.8327263130180906,0.18286818706109834,-0.3117165898437033,1.0897196107856373,1.7646759144349924,0.5023524928043854,1.4385059019387902,4.206723336710707,2.2472618989025923,-0.7528776570517297,-3.653845344290287,-3.9286269998814536,0.3924168999103381,2.0445774536875154,2.1716618097420572,0.7090566803091183,-1.1471767592795652,-4.059377326099721,-4.322169225285785,-1.4056707233109291,0.6075799021190302,2.2821125738446444,0.5967335892503983,0.1021488123455967,2.6959779760339444,-1.0136300628732045,62,0.05551020408163265,0.16666666666666666
2d0a5720-a17d-4886-877d-ee910ea9626a,frontierscience,deepseek/deepseek-v3.2_reasoning-auto_s2,chemistry,,deepseek/deepseek-v3.2,0,is_correct,False,,0.4,True,,,,61,-2.7661166258121885,2.6733870841858045,5.439503709997993,1.744053129102112,6.062670244896058,-2.7661166258121885,3.2965536190838693,-0.41571135783938395,0.06534367683398658,1.1597001911237346,1.5754115489631184,30.367186986858755,0.17912438555312715,12,7,0.2631578947368421,0.0,5.439503709997993,0.6231665348980648,4.2941541120133335,2.600608149008978,0.2222222222222222,0.7777777777777778,2.7432300864993175,0.7884488971323718,0.5631675281471404,0.45,0.55,24,6.2363137385515275,-0.051265762742196706,-6.287579501293724,2.6693372404269065,11.948281608456792,-5.711967869905265,6.2363137385515275,0.7863347489322682,-0.2530194809412073,-0.5176423865009256,-1.3039771354331937,67.04059732082604,0.09378764140785033,12.0,13.0,0.0,0.47368421052631576,5.660702107163068,6.287579501293724,9.990914172117602,8.077781760587532,0.5,0.4444444444444444,6.48718044421906,1.015879432357875,0.9845118045112813,0.45,0.55,-2.7661166258121885,-2.4258200947242066,-2.4829902911546973,-0.10657628664981189,-0.9976004929294642,3.2965536190838693,2.5725706673108117,0.6908086503166868,-1.2430052205312156,-0.43585471869292514,-0.09065277894832019,1.8869242550569845,-0.3462417018613966,-0.00457274750190767,2.7901839105179738,0.1895757615089959,-0.3639196041366759,1.6288964595992153,0.04007753506709277,2.6733870841858045,6.2363137385515275,-0.44687303068184825,-2.574400408185344,2.0636927661458597,-3.328812499821539,2.4077718064592326,1.1466508700579876,-2.5825362715795617,2.365813890682268,-5.711967869905265,4.278946302212338,0.11403141945401922,-0.059283539571767296,-0.17614029788048247,-2.634808111551818,-1.400757168677138,1.186329204706119,-0.7233911296286655,0.5180386488881459,-0.051265762742196706,0.0736276600477328,3.6365543144134556,-2.6510251868802683,2.873736347015324,85,0.034972677595628415,0.08695652173913043
85b4f862-d881-4a79-8c5d-3e927b486b71,frontierscience,deepseek/deepseek-v3.2_reasoning-auto_s2,chemistry,,deepseek/deepseek-v3.2,0,is_correct,False,,,True,,,,59,-2.6507577550784123,0.21899537061978397,2.869753125698196,2.4474194190557594,9.25780415894771,-5.402428630620089,3.8553755283276203,0.028247799688041347,-0.5035826272808712,-1.982889564843405,-2.0111373645314465,50.299079340518254,0.05705379031433834,11,9,0.631578947368421,0.7368421052631579,5.621424001239873,3.6363801577078365,5.747746908359545,6.25735079136183,0.05555555555555555,0.6666666666666666,4.565113887390875,0.7178051820351364,1.4790392411456483,0.35,0.65,2,3.78159898918506,-3.78159898918506,-7.56319797837012,2.29534352898529,7.56319797837012,-3.78159898918506,3.78159898918506,2.587409834705568,-0.19903152574658195,-2.7864413604521494,-5.373851195157718,7.56319797837012,1.0,0.0,1.0,0.0,1.0,0.0,7.56319797837012,-0.3980630514931631,0.3980630514931649,0.6111111111111112,0.5555555555555556,4.934324553889585e-16,0.9951576287329106,0.9951576287329104,0.5,0.5,-2.6507577550784123,-2.101791638828113,3.6459552695314317,2.173539337962128,-1.4600778691144691,1.7130695662573556,-1.1222023129136314,-1.6731694417434002,-1.446250961877992,0.1416238222439117,-0.1907046281102991,-1.8099774467717307,3.8553755283276203,-2.4019752630342093,-5.402428630620089,-2.561607897784009,-4.186044055443316,-2.5737969215933,2.6075447457604977,0.21899537061978397,3.78159898918506,3.383535937691896,2.9854728861987314,2.5874098347055674,2.189346783212403,1.791283731719239,1.393220680226075,0.9951576287329105,0.5970945772397465,0.19903152574658245,-0.199031525746582,-0.5970945772397469,-0.99515762873291,-1.393220680226074,-1.791283731719239,-2.189346783212403,-2.587409834705567,-2.985472886198731,-3.383535937691895,-3.78159898918506,1.251615590724534,4.81421920928981,-2.74897876908031,-6.069103359556202,61,0.04558737580362361,1.0
94c55a69-1e8d-4934-ae59-2cf0401e1b01,frontierscience,deepseek/deepseek-v3.2_reasoning-auto_s2,physics,,deepseek/deepseek-v3.2,1,is_correct,True,,,True,,,,41,-2.4438564505003804,0.3542671403652273,2.7981235908656075,2.0034187115314688,8.632464008875878,-4.440291893366206,4.192172115509673,-0.32934899013318386,-0.17133490747392838,-0.14896701168678897,0.1803819784463949,49.410259506037654,0.05663041681705178,13,11,0.9473684210526315,0.47368421052631576,4.794559033731433,3.837904975144446,6.578072159323396,6.115157802562485,0.5,0.4444444444444444,4.5654142734873036,0.7203569571532229,0.9402864248217491,0.45,0.55,3,3.9080256689426065,1.6963069378795197,-2.211718731063087,2.628805594485097,9.128114089201489,-5.220088420258882,3.9080256689426065,0.9041230555432173,-4.082366763234841,-0.2249139949367036,-1.129037050479921,16.04450944733989,0.13784894691372318,1.0,2.0,0.0,0.5263157894736842,6.916395358138402,2.211718731063087,0.7684883731264902,1.0013008711331297,0.5555555555555556,0.0,0.09832162468109039,0.6203876571615368,1.800247153334616,0.35,0.65,-2.4438564505003804,1.056528335929134,-0.34328295444759954,-1.8798352937079643,1.4223308039039835,1.4271482060826686,-1.544475578192129,-0.04443364563533134,1.6748659091962788,-4.440291893366206,2.13778026595719,0.9230124307505561,-0.4586648578369467,-0.9916125613830389,1.2190339353697495,-3.013596350431456,-1.7813421290540836,-1.8643367818798438,4.192172115509673,0.3542671403652273,3.9080256689426065,2.906724797809477,1.905423926676347,0.9041230555432174,-0.09717781558991234,-1.098478686723042,-2.0997795578561718,-3.1010804289893015,-4.102381300122431,-5.10368217125556,-5.220088420258882,-4.451600047132392,-3.683111674005904,-2.914623300879416,-2.146134927752926,-1.3776465546264367,-0.6091581814999483,0.15933019162654016,0.9278185647530295,1.6963069378795197,0.9174890958793862,4.471247624456765,2.2595288933936786,-0.7703383386162983,44,0.07195121951219512,0.6666666666666666
7c94f50a-0896-450f-8d55-00c98aca5158,frontierscience,deepseek/deepseek-v3.2_reasoning-auto_s2,chemistry,,deepseek/deepseek-v3.2,0,is_correct,False,,0.47000000000000003,True,,,,8,-3.4501001576964696,4.098412246815615,7.548512404512085,2.4245244421920527,7.6446013110156,-3.546189064199985,4.098412246815615,0.47802876991823046,-1.5223534838742414,1.115274725926375,0.6372459560081447,25.0014312203012,0.301923211435299,4,5,1.0,0.6842105263157895,7.6446013110156,0.0,2.778380939867899,1.8624463187198095,0.0,0.5,0.7952605941397201,1.000456324410333,1.0313875565170243,0.5,0.5,31,-4.623524874894253,2.983183769273611,7.606708644167863,2.564204654105245,9.178749529186428,-4.623524874894253,4.555224654292175,-1.0103926042576004,-0.5668544151667405,1.477544874084,2.4879374783416006,62.59387890182207,0.12152480046968996,12.0,11.0,0.7894736842105263,0.0,7.606708644167863,1.572040885018564,6.419545566753422,6.511854325732877,0.3333333333333333,0.2777777777777778,5.429335051162229,1.0263212522161274,1.1350942467894467,0.4,0.6,-3.4501001576964696,-0.6717192178285707,2.106661722039328,3.5930891253565096,1.8496326872969013,0.10617624923729263,-0.18753901897737818,0.6060515901916526,1.3996421993606836,-0.08337027251786333,-1.9458165912376728,-3.5424651444110085,-3.5443271043054967,-3.546189064199985,-2.7538034589596894,-0.9024211002063502,0.9489612585469849,2.167528857302589,3.132970552059102,4.098412246815615,-4.623524874894253,-0.3497237250127214,2.784328278042063,-1.0868962318875992,-2.4974300494769355,2.6061763495795596,-3.9056779761533176,2.513867590600105,-0.3335686995445277,2.761832704386479,-2.7497678310862956,-1.3901555323193486,-3.6359709936707887,-1.1342181445328072,2.1905559447309293,4.555224654292175,-0.45505534289613087,-0.5398955343142084,0.1312557534176236,2.983183769273611,-1.128131082113974,-9.850068203823842,-2.2433595596559783,2.8990328170895197,39,0.25,0.1032258064516129
e5e3780b-d0a6-4a42-b468-2b196bfe4663,frontierscience,deepseek/deepseek-v3.2_reasoning-auto_s2,physics,,deepseek/deepseek-v3.2,0,is_correct,False,,0.0,True,,,,121,-0.09123610233754088,-4.856528039756406,-4.765291937418866,2.3898661953383367,10.023727329398925,-4.856528039756406,5.167199289642519,0.9804775166894805,0.14885963152048706,-0.8241908095176945,-1.804668326207175,45.98212460638431,0.1036335745294648,13,6,0.7894736842105263,1.0,0.0,10.023727329398925,3.659345907742881,9.766378308330452,0.7777777777777778,0.8333333333333334,4.2909366072432675,1.0121761652826424,0.8641654062644625,0.5,0.5,22,4.804944911722806,0.027308090887401035,-4.777636820835404,2.3948764399359352,9.348782043725237,-4.543837132002432,4.804944911722806,0.4052786216127327,-0.399562441053514,0.07482556929644175,-0.33045305231629096,61.15983175624937,0.07811723289031483,12.0,12.0,0.0,0.5263157894736842,4.571145222889833,4.777636820835404,8.286043094176542,8.584822270606363,0.4444444444444444,0.5,5.802170797554227,0.9223000551329376,0.8978517211482784,0.55,0.45,-0.09123610233754088,1.8028931765775242,0.10644887613574133,2.368195665831483,-0.3688931342201369,0.6185453614871115,2.4273887733521815,1.345611567721899,2.5955185315224796,-0.5551362537517195,-2.6150571471070823,-1.1924602355860867,-0.8403277236383575,2.303868681482277,1.507853381899638,5.167199289642519,-4.599179018687933,-1.3933911096828262,-0.7710993605211587,-4.856528039756406,4.804944911722806,0.08695053676597367,-0.7744654306993095,-2.740790227747392,0.4711742489245734,-0.29049390890505755,1.279630221227535,1.1846561165162366,-4.24505795557261,4.040985138603932,-4.543837132002432,1.8696477814517587,0.018282571747868875,-1.1216136081193526,-1.399729838513143,2.851380989142195,-0.19371679145838883,-2.6473295299478825,1.8110404956684687,0.027308090887401035,0.13814486855965658,9.799617820038868,5.021980999203464,-2.207188145160586,143,0.019008264462809916,0.09090909090909091
70929247-a356-4a12-8534-49fd885f0c3e,frontierscience,deepseek/deepseek-v3.2_reasoning-auto_s2,physics,,deepseek/deepseek-v3.2,1,is_correct,True,,,True,,,,48,-2.4520662850872683,-4.603119851775594,-2.1510535666883253,2.525963821967367,9.073732129972576,-4.603119851775594,4.470612278196983,0.6691623434568451,0.4481383961640582,-0.807915834793303,-1.477078178250148,49.16327128178823,0.04375326357676996,9,10,0.10526315789473684,1.0,0.0,9.073732129972576,4.315368506240771,6.718015639076453,0.16666666666666666,0.1111111111111111,3.9291973951028276,1.1502742231806775,1.0015937147513525,0.5,0.5,2,3.657028015265727,-3.657028015265727,-7.314056030531454,2.219731815606142,7.314056030531454,-3.657028015265727,3.657028015265727,2.5021770630765503,-0.19247515869819587,-2.694652221774746,-5.1968292848512965,7.314056030531454,1.0,0.0,1.0,0.0,1.0,0.0,7.314056030531454,-0.38495031739639174,0.3849503173963935,0.6111111111111112,0.7222222222222222,4.194175870806147e-16,0.9623757934909808,0.9623757934909806,0.5,0.5,-2.4520662850872683,1.4049263533495173,4.470612278196983,-2.24740336087947,2.0679651453613013,1.557211337704816,-0.11710906444796326,2.6542753236933034,4.193071675726232,-1.033768204078953,-3.1594554499569028,0.6548989468393487,0.21582039423207708,-0.38787391330669835,2.031050270762195,3.755652737747779,-1.5379556036033832,-1.990368114020521,-2.5027544478702946,-4.603119851775594,3.657028015265727,3.2720776978693347,2.8871273804729425,2.50217706307655,2.1172267456801577,1.7322764282837655,1.3473261108873733,0.9623757934909807,0.5774254760945885,0.1924751586981963,-0.19247515869819587,-0.5774254760945885,-0.9623757934909802,-1.347326110887372,-1.7322764282837655,-2.117226745680158,-2.50217706307655,-2.8871273804729416,-3.2720776978693342,-3.657028015265727,1.2042372004431718,9.464385067484493,2.150329036953039,-2.998826054853737,50,0.05939716312056738,1.0
c330f0d8-a6ff-4ddd-940c-4d263df8bea6,frontierscience,deepseek/deepseek-v3.2_reasoning-auto_s2,chemistry,,deepseek/deepseek-v3.2,0,is_correct,False,,0.445,True,,,,30,2.4116639434804092,-2.1416573305313413,-4.553321274011751,2.661354901200025,11.55440889237311,-4.666156502426931,6.888252389946178,-0.7484031041802458,-0.5396270765518024,0.07924883488710321,0.827651939067349,67.11030977354511,0.06784831256741822,14,11,0.7368421052631579,0.8947368421052632,2.52449917189559,9.02990972047752,7.016914208368238,8.367417027352236,0.9444444444444444,0.7777777777777778,6.386485250179565,0.8717632935469822,1.2987992063370681,0.4,0.6,24,-2.484696209531387,2.5695256338385897,5.054221843369977,2.513518877306277,7.874907726992477,-4.290271706445367,3.584636020547111,-0.20414042326621634,-0.3967707973915043,0.6261202505182282,0.8302606737844445,70.62434694432677,0.07156486483838531,12.0,11.0,0.5789473684210527,0.21052631578947367,6.859797340283956,1.0151103867085212,7.054172980605847,6.187272858009887,0.5555555555555556,0.3888888888888889,6.523818246343697,1.0623348736387963,1.08481772571353,0.5,0.5,2.4116639434804092,-0.7773756257247051,-1.7220600359650258,-0.255346373364143,-4.016384931200512,1.8340354815312758,-2.7133541880190206,0.6680237853694782,-2.5730441565594964,-3.375966391864619,0.5172878521819751,0.5089296643026358,-1.7789353374789765,2.2563150481863863,6.888252389946178,-1.4791646374060567,-0.47653861620053695,-4.666156502426931,2.350757705941307,-2.1416573305313413,-2.484696209531387,2.7103746633007866,2.442580052688039,0.7954044689147302,-4.290271706445367,-0.39335145177129677,-0.20902278001901942,2.7114939646838683,-3.475778893326019,-0.45714991580766196,-3.4695369600587354,3.584636020547111,0.20385069688155746,-1.8749104946606503,0.14525831130819045,3.5585634283069414,-1.7513822256575713,2.525010232306111,-3.290253876992892,2.5695256338385897,-0.08387663849272764,-0.42691551749277323,4.627306325877203,-4.3185720379940165,54,0.0735632183908046,0.10507246376811594
60ff38cc-fb55-4c3c-b75c-f59dde5de0c3,frontierscience,deepseek/deepseek-v3.2_reasoning-auto_s2,physics,,deepseek/deepseek-v3.2,0,is_correct,False,,0.35,True,,,,30,2.395641513853842,2.1970768324207444,-0.1985646814330977,2.4719094692221018,8.349013477793074,-4.27507191002074,4.073941567772334,0.24307596591061031,0.29138733907353537,-0.2908299811667632,-0.5339059470773735,65.6286332492332,0.0030255800189990653,11,12,0.10526315789473684,0.21052631578947367,6.472148742441485,1.8768647353515893,6.463445823976025,6.951692149186622,0.2222222222222222,0.16666666666666666,6.232638064567569,1.1163084453137326,1.0164952829193106,0.55,0.45,29,-4.640866737483753,2.9081872604355774,7.54905399791933,2.410873238744756,8.056442853519158,-4.640866737483753,3.415576116035406,0.11715962793227666,-0.3488841027106079,0.27840526649615144,0.16124563856387478,64.04402250920906,0.11787288964920703,12.0,11.0,0.6842105263157895,0.0,7.54905399791933,0.5073888555998285,7.465063069242684,6.000394553189823,0.0,0.4444444444444444,5.9679992250912575,0.9685927103529408,0.9661746965765113,0.65,0.35,2.395641513853842,-1.3434701572978676,4.073941567772334,2.676620239165882,-4.27507191002074,2.1883739139552847,-4.014503406054463,0.6319801554506348,0.5575951478007788,0.21350042302295869,-0.41701936264432904,-3.54193208199225,1.5509457989173878,3.0446412929595663,-1.8331039434957042,-2.4758013522850666,2.7958520209552375,-2.132389592735865,-0.29661385185992506,2.1970768324207444,-4.640866737483753,2.824196331758931,0.5252304742503662,0.2579882947047486,0.22708631018439404,-1.7515330693039517,3.3780157914152014,-2.2589959911741695,2.7025813474774556,-3.297813205712367,0.1713553632541406,-0.8330961950434828,-2.3417961538112375,3.415576116035406,0.02928839179900411,1.9355166984997387,0.9269007871902355,-4.199392579001265,0.06993104005361817,2.9081872604355774,-0.5027877158048983,-7.340731285709396,0.20832271220993448,-1.004990188252691,59,0.08505747126436781,0.07635467980295567
0b946e4d-8fc8-4f65-85dc-8fb7fd227a96,frontierscience,deepseek/deepseek-v3.2_reasoning-auto_s2,biology,,deepseek/deepseek-v3.2,0,is_correct,False,,0.15,True,,,,30,2.607441868871757,-4.450503484843285,-7.057945353715041,2.360685861771534,7.666960564069894,-4.450503484843285,3.2164570792266094,0.7753166472198283,0.020639407046893283,-0.7880207542992332,-1.5633374015190615,56.91485098143364,0.12400885238226196,12,11,0.6842105263157895,1.0,0.0,7.666960564069894,6.433319733891947,5.310967662254088,0.6666666666666666,0.6111111111111112,5.2138801028808475,1.0905913306226318,1.0484129379190492,0.55,0.45,28,4.755352106272059,-0.21847314489524627,-4.973825251167305,2.5500476296845758,8.24943573281143,-3.4940836265393704,4.755352106272059,0.41540355945477625,0.05428551358235983,-0.09456100180471504,-0.5099645612594913,72.14856224010428,0.06893866068480807,16.0,15.0,0.0,0.21052631578947367,3.275610481644124,4.973825251167305,7.400563867826332,6.95055733068069,0.2222222222222222,0.3888888888888889,7.603787008097693,1.12833811073288,0.9923152357112969,0.45,0.55,2.607441868871757,-0.9217324585469435,2.6957458321544068,0.42734009380804305,1.6786294869464071,1.3400119666877952,-2.400220259382667,0.7918810538092291,-2.4268208873397343,-2.20272900691626,1.8884452576249964,2.0941050075887504,-3.216862654665338,3.2164570792266094,-1.1300967889379185,-3.366429367797778,2.5248601455251642,2.546908820209478,-0.8528638499510602,-4.450503484843285,4.755352106272059,-0.12495719729966615,0.41483114188226033,-0.0029343381633901294,-3.4940836265393704,3.9064802412869617,-2.54686341125542,4.405549613237815,-2.5450077174428745,3.158868979051057,-3.3465626480544524,2.4359267789434136,-2.4123848796684473,-1.3163915309899927,-2.6627432696953877,1.6533589212209163,1.2161557831043703,-1.1759029502216907,0.6202386496587478,-0.21847314489524627,0.1851688720266732,9.391024463142017,4.417199211974712,-0.01362606341725936,58,0.08045977011494253,0.08465608465608465
fcbd76ad-1b45-4f40-ad9d-d2bc5016f02c,frontierscience,deepseek/deepseek-v3.2_reasoning-auto_s2,biology,,deepseek/deepseek-v3.2,0,is_correct,False,,,True,,,,14,0.42892193991318706,0.21455985728716953,-0.21436208262601752,2.2065040503762394,8.022345733586368,-3.913132558252634,4.109213175333735,-0.5317046720507254,0.5713182935395545,0.1726448754569371,0.7043495475076624,46.03432231203148,0.004656570833671035,9,8,0.47368421052631576,0.9473684210526315,4.127692415539803,3.894653318046565,4.127692415539803,6.178215691864825,1.0,0.8888888888888888,3.5580903312644687,0.9244077326187036,0.8587495024605319,0.6,0.4,2,-1.5028840049813645,1.5028840049813645,3.005768009962729,0.9122159926303749,3.005768009962729,-1.5028840049813645,1.5028840049813645,-1.028289056039881,0.07909915815691385,1.1073882141967948,2.135677270236676,3.005768009962729,1.0,0.0,1.0,1.0,0.0,3.005768009962729,0.0,0.15819831631382808,0.0,0.5555555555555556,0.6111111111111112,1.603655480014115e-16,0.39549579078456953,0.39549579078456965,0.5,0.5,0.42892193991318706,0.2887596810170906,-1.3565563350684475,-3.895511827845952,-1.6765595384070484,0.6073981452222147,1.881615230813879,-2.6211970153306385,0.393938631940709,4.109213175333735,-0.979416543706054,-0.6400743962894684,1.1588425250349017,2.577921677793698,1.3682616292154561,1.373048301247601,4.085673857554427,-2.0925418343103974,-3.913132558252634,0.21455985728716953,-1.5028840049813645,-1.3446856886675367,-1.1864873723537088,-1.028289056039881,-0.8700907397260532,-0.7118924234122254,-0.5536941070983975,-0.39549579078456976,-0.2372974744707419,-0.07909915815691404,0.07909915815691382,0.2372974744707419,0.39549579078456953,0.5536941070983974,0.711892423412225,0.8700907397260531,1.0282890560398807,1.1864873723537084,1.3446856886675365,1.5028840049813645,4.224585511192319,2.5071416489237848,5.512909658886514,-8.0959656967281,16,0.32967032967032966,1.0
7e32b7a6-9340-4a41-8c1f-89a0a91a6d3f,frontierscience,deepseek/deepseek-v3.2_reasoning-auto_s2,biology,,deepseek/deepseek-v3.2,0,is_correct,False,,0.375,True,,,,93,2.773377204086418,-0.13965591718753348,-2.9130331212739513,1.5184558476874597,5.354972962690917,-2.5815957586044997,2.773377204086418,0.46616354479109023,-0.17214915988612597,-0.13342795514386258,-0.5995914999349528,31.366685537221027,0.09287028805824013,15,9,0.0,0.5789473684210527,2.4419398414169664,2.9130331212739513,4.691817760631544,4.2992484316348145,0.6111111111111112,0.5555555555555556,3.219340123643881,0.6670454254119186,0.60416877723834,0.45,0.55,8,-0.31531900028410886,-2.9490381116458297,-2.633719111361721,1.94929907999121,8.39978923885867,-4.572633817935575,3.8271554209230954,1.0588253247429467,-0.7280350290981248,0.017069354909986362,-1.0417559698329604,27.38866568463493,0.09616091348470619,6.0,4.0,0.2631578947368421,0.42105263157894735,1.6235957062897453,6.776193532568925,2.6315738605171703,3.576708093936757,0.5,0.3888888888888889,1.180883408628369,0.8048677165192817,0.6839703065705981,0.55,0.45,2.773377204086418,1.2688483240705777,1.6936477392384477,-1.2299914706047672,-0.6815235594984412,-0.6398725126372377,0.07865908888263379,-0.6343314680757608,-0.6165152415060025,-1.1990503547341542,1.7176526730303148,-2.5815957586044997,2.1102220020270437,-0.001425971339823029,2.0065853939884795,0.615480321210975,1.076435761703483,-2.537728329719218,-1.8216849608593613,-0.13965591718753348,-0.31531900028410886,-0.3560834468852237,-0.39684789348633853,0.10567474168914393,1.9664150813061196,3.8271554209230954,2.5807823699379386,-0.995925723998818,-4.572633817935575,-2.827957379483251,-0.19638351896608075,1.9475387844882592,1.1655517455656177,0.38356470664297615,0.28670726364503923,1.1033559485467084,1.9200046334483756,0.8106036341923597,-1.069217238726735,-2.9490381116458297,0.2816167419944889,0.10595365889791353,-2.5277654524638073,-3.2740357887459623,101,0.025946704067321177,0.25
cc251e69-6a32-4ed7-9315-beee80404866,frontierscience,deepseek/deepseek-v3.2_reasoning-auto_s2,chemistry,,deepseek/deepseek-v3.2,1,is_correct,True,,,True,,,,162,-2.541945215303572,2.304630270646348,4.84657548594992,2.0321406843521976,7.42369791651732,-4.891035914738587,2.532662001778733,-1.2917842768262147,-0.8605573447129082,-0.3281461987166614,0.9636380781095533,52.20419501204782,0.09283881275884849,14,11,0.21052631578947367,0.10526315789473684,7.195666185384935,0.22803173113238495,4.032019391484609,5.080603976298181,0.4444444444444444,0.2222222222222222,4.883873030998834,0.5063632843109944,1.358126711464686,0.35,0.65,2,0.048539188390069654,-0.048539188390069654,-0.09707837678013931,0.02946216991594717,0.09707837678013931,-0.048539188390069654,0.048539188390069654,0.03321102363531082,-0.002554694125793136,-0.03576571776110395,-0.06897674139641477,0.09707837678013931,1.0,0.0,1.0,0.0,1.0,0.0,0.09707837678013931,-0.005109388251586272,0.005109388251586286,0.6111111111111112,0.5555555555555556,3.469446951953614e-18,0.0127734706289657,0.012773470628965698,0.5,0.5,-2.541945215303572,0.04206890636925342,-4.891035914738587,-1.488451549545446,2.532662001778733,-2.547941974519448,-0.14784619182443642,-0.7049286939977277,-3.956415288071315,0.07560410341329443,-1.9538709297605832,1.3668554927504335,1.6271784541789218,-2.4783245515033814,-1.892440146157563,-1.9815364051073434,-1.1236062542571332,2.178266457082905,-1.4541911145071822,2.304630270646348,0.048539188390069654,0.043429800138483375,0.038320411886897096,0.03321102363531082,0.028101635383724538,0.02299224713213826,0.01788285888055198,0.012773470628965701,0.007664082377379422,0.002554694125793143,-0.002554694125793136,-0.007664082377379422,-0.012773470628965694,-0.017882858880551966,-0.022992247132138252,-0.028101635383724538,-0.03321102363531081,-0.03832041188689708,-0.04342980013848337,-0.048539188390069654,0.047926891502217045,-2.2081641907540615,-2.3052425675342008,-10.074409747371735,164,0.013879303734376198,1.0
ee749fc0-8faa-45f7-881b-b5703b1a4b01,frontierscience,deepseek/deepseek-v3.2_reasoning-auto_s2,chemistry,,deepseek/deepseek-v3.2,1,is_correct,True,,,True,,,,38,-2.4873949036473504,-2.5381475559098035,-0.05075265226245307,2.8609715892363803,10.364610877534496,-6.115570450152589,4.249040427381908,-0.45552170960050653,-0.24410293661189192,2.103836690381679,2.5593583999821856,53.08107663469404,0.0009561345677242894,12,4,0.9473684210526315,0.631578947368421,3.5774228942427855,6.787187983291711,7.743837446405733,6.787187983291711,0.16666666666666666,1.0,4.847288945658306,1.3832687090933597,0.9969863281531952,0.65,0.35,2,3.7015973551296426,-3.7015973551296426,-7.403194710259285,2.2467843788579196,7.403194710259285,-3.7015973551296426,3.7015973551296426,2.532671874562387,-0.1948209134278756,-2.7274927879902626,-5.26016466255265,7.403194710259285,1.0,0.0,1.0,0.0,1.0,0.0,7.403194710259285,-0.3896418268557511,0.3896418268557529,0.6666666666666666,0.7777777777777778,5.921189464667501e-16,0.9741045671393798,0.9741045671393795,0.5,0.5,-2.4873949036473504,-3.9789352950149732,-0.08013595970488582,-3.829054560165211,3.914782886240522,2.329573812931476,0.9425120521568757,3.1326629334145775,0.40875634696960406,0.1399561113723351,0.2486546376986195,-0.910487838469094,-6.115570450152589,1.3873077028833034,2.65364936664191,3.3689725226530025,1.1599075982715061,3.7295977832515543,4.249040427381908,-2.5381475559098035,3.7015973551296426,3.3119555282738906,2.922313701418139,2.532671874562387,2.1430300477066355,1.7533882208508835,1.3637463939951315,0.97410456713938,0.584462740283628,0.194820913427876,-0.19482091342787555,-0.5844627402836275,-0.9741045671393795,-1.3637463939951306,-1.7533882208508826,-2.1430300477066355,-2.5326718745623866,-2.9223137014181377,-3.3119555282738906,-3.7015973551296426,1.2242185689792593,7.463963480018705,0.06076876975942014,-5.766282034558575,40,0.08108108108108109,1.0
8b695bb3-ea3c-4372-9222-9f0b79a68b6c,frontierscience,deepseek/deepseek-v3.2_reasoning-auto_s2,biology,,deepseek/deepseek-v3.2,0,is_correct,False,,,True,,,,71,-2.7736399075120732,-4.898719684399744,-2.1250797768876706,2.005144239603864,8.430330588018723,-4.898719684399744,3.53161090361898,-0.37511504319466465,0.749922330411004,-1.1084490162308247,-0.7333339730361601,48.87946551879439,0.04347592090733003,15,12,0.5263157894736842,1.0,0.0,8.430330588018723,5.089118093926272,6.741958068826552,0.5,1.0,4.350472752997877,0.7176727030265309,0.9190248573700593,0.45,0.55,2,3.6459709221005454,-3.6459709221005454,-7.291941844201091,2.213020414603902,7.291941844201091,-3.6459709221005454,3.6459709221005454,2.494611683542478,-0.19189320642634428,-2.686504889968823,-5.181116573511301,7.291941844201091,1.0,0.0,1.0,0.0,1.0,0.0,7.291941844201091,-0.3837864128526878,0.38378641285268955,0.8888888888888888,0.7222222222222222,3.9474596431116675e-16,0.9594660321317224,0.9594660321317224,0.5,0.5,-2.7736399075120732,1.7570046094070242,-0.3190373120636303,0.27803615117038594,-0.9254625695220196,1.6149856180773141,-2.2576918919196536,-0.5870480288521598,-0.16091052530192362,-1.557507190307292,3.53161090361898,1.3133287871409252,2.5075437313953555,0.20243863518314212,-1.9794427006390944,1.3052672401106817,-2.2009639732258934,-0.7200733636577064,1.8432383844268085,-4.898719684399744,3.6459709221005454,3.2621845092478563,2.878398096395167,2.4946116835424785,2.1108252706897894,1.7270388578371005,1.3432524449844117,0.9594660321317225,0.5756796192790334,0.19189320642634478,-0.19189320642634433,-0.5756796192790334,-0.9594660321317221,-1.3432524449844108,-1.7270388578371003,-2.11082527068979,-2.4946116835424785,-2.8783980963951663,-3.262184509247856,-3.6459709221005454,1.1424666669989316,9.68715727349922,2.39521542929813,-2.94127606842779,73,0.03621730382293763,1.0
1b340ded-5f04-4f7f-b8ca-d0887b292332,frontierscience,deepseek/deepseek-v3.2_reasoning-auto_s2,biology,,deepseek/deepseek-v3.2,0,is_correct,False,,0.1,True,,,,23,-0.320123406457978,-2.8154108374796367,-2.4952874310216586,2.067402138379357,7.855330745069778,-3.280911753316232,4.574418991753546,0.9688769287799224,-0.5950496917030071,-0.468073232361171,-1.4369501611410933,59.46952852680278,0.04195909220798746,15,14,0.3157894736842105,0.5789473684210527,0.4655009158365955,7.389829829233182,6.070714788823304,5.7564665892179585,0.7222222222222222,0.7777777777777778,5.9467821676755115,0.8275389544535839,0.837121391185015,0.45,0.55,38,4.705841124591621,2.780609878095052,-1.925231246496569,2.4896632357303967,10.006042732090911,-5.3002016074992895,4.705841124591621,0.015541359386047457,0.4335451500434571,-0.5107115836796762,-0.5262529430657237,63.26439787169603,0.030431511422918348,13.0,10.0,0.0,0.7894736842105263,8.080811485594342,1.925231246496569,4.917905577643546,8.863349855617823,0.8333333333333334,0.0,5.852288378675004,0.9446926351734044,0.9407258319769806,0.55,0.45,-0.320123406457978,0.34852551851736624,1.5946264928210363,-0.422115895454203,1.4201219486167789,-0.41331514833708966,4.574418991753546,-0.4630486220369989,-2.180003170862402,0.8100337166694062,2.2390115572418194,-3.280911753316232,1.131848761143945,-2.4222783307605873,3.648436458062717,-2.1080301311552416,-0.18453383508900245,-2.1326566927509276,0.7837556442450655,-2.8154108374796367,4.705841124591621,-4.157508731026201,0.2559081715076128,0.7325457692773933,-3.1508344360642075,1.4046856693552945,0.3181519480608195,2.403401752774665,-1.6744805915252927,-0.2027064612985896,0.10407626188174257,3.1418469939214617,-0.8529890467724818,0.11566714132269462,2.931117992679732,-5.3002016074992895,-0.38229602985574357,-2.8398088215252244,-0.25369091397258337,2.780609878095052,-0.42891406581249536,7.092337896258762,5.167106649762193,2.3643513019367646,61,0.08695652173913043,0.07112375533428165
af36a1cb-5949-4385-93a0-1f875500c34a,frontierscience,deepseek/deepseek-v3.2_reasoning-auto_s2,biology,,deepseek/deepseek-v3.2,0,is_correct,False,,,True,,,,77,-2.542548229543623,-0.1481165781636375,2.3944316513799855,2.292948219297773,7.52339296389993,-4.980744523536174,2.5426484403637564,-0.7119485348007678,-0.0006126321225578783,0.6518154340702186,1.3637639688709864,61.32450837116429,0.039045264527646555,15,10,0.15789473684210525,0.10526315789473684,4.832627945372536,2.6907650185273937,7.52339296389993,7.084272029365067,0.1111111111111111,0.3333333333333333,6.178590214783963,0.8437965108993408,0.8976482891014393,0.5,0.5,2,-0.005622501189986195,0.005622501189986195,0.01124500237997239,0.0034127287848487804,0.01124500237997239,-0.005622501189986195,0.005622501189986195,-0.0038469744984116075,0.0002959211152624309,0.004142895613674038,0.007989870112085646,0.01124500237997239,1.0,0.0,1.0,1.0,0.0,0.01124500237997239,0.0,0.0005918422305248635,0.0,0.5555555555555556,0.6111111111111112,4.336808689942018e-19,0.0014796055763121566,0.0014796055763121568,0.5,0.5,-2.542548229543623,-0.02283500296273616,-4.980744523536174,2.5426484403637564,-2.4847822231047583,0.08421006707649809,2.4204117281016626,-4.663860301263405,2.309285289012181,-0.1379837592200414,2.4199840698974175,0.22299037909185798,2.5420249657342073,-2.696729068110123,0.2383821116884451,1.745019418259638,2.350973748761153,-0.14434257140126022,-0.13102352472302642,-0.1481165781636375,-0.005622501189986195,-0.005030658959461333,-0.00443881672893647,-0.0038469744984116075,-0.003255132267886745,-0.0026632900373618823,-0.0020714478068370196,-0.001479605576312157,-0.0008877633457872944,-0.00029592111526243175,0.0002959211152624309,0.0008877633457872944,0.0014796055763121561,0.002071447806837018,0.0026632900373618814,0.003255132267886745,0.0038469744984116067,0.004438816728936468,0.005030658959461332,0.005622501189986195,-0.03162202539181508,0.11087205158183622,0.12211705396180861,-10.129463631753708,79,0.032809295967190705,1.0
70c1246f-0a17-4f59-84a2-3699aa395d4d,frontierscience,deepseek/deepseek-v3.2_reasoning-auto_s2,physics,,deepseek/deepseek-v3.2,0,is_correct,False,,0.1,True,,,,117,-2.5851699695172385,2.4121177124232993,4.997287681940538,2.8239421339326647,11.858356423772722,-5.0919295465440815,6.766426877228642,-0.43425449955091855,-1.3511528193554834,-0.18659245836999405,0.2476620411809245,61.23449451552422,0.08160902970585675,8,9,0.8947368421052632,0.5263157894736842,7.504047258967381,4.3543091648053425,7.648552002435079,10.68682264632293,0.8888888888888888,0.9444444444444444,5.19233154258717,0.8188541218373878,1.4997244209656264,0.35,0.65,26,-2.3137753968330346,0.01773886055141352,2.3315142573844483,1.4850215897806314,5.436584109709875,-2.3137753968330346,3.1228087128768403,-0.002196232500516006,0.1894552750452487,-0.501901727072032,-0.499705494571516,37.97508103360291,0.061395899466846884,12.0,13.0,0.2631578947368421,0.0,2.3315142573844483,3.1050698523254265,4.839662029902197,5.3904135221997995,0.0,0.2777777777777778,3.722375708356703,0.537804300524315,0.6228341537552682,0.4,0.6,-2.5851699695172385,-0.35470577030921385,-0.25428288833466706,0.0540160078479377,2.831998752020203,-0.2104548111728528,-2.5211828173905984,1.9528908243507057,-2.462508538604511,-4.588317135363684,-5.0919295465440815,2.257445560136435,0.10218670274053467,-1.6278376022037828,-2.719245175544295,-2.776333270026884,-0.8821251252064375,6.766426877228642,-3.9203957690942888,2.4121177124232993,-2.3137753968330346,2.5258866330691627,-1.0418385980443623,-0.2194045619685491,0.17855439271929008,3.1228087128768403,-2.2676048093229593,1.2106187160647484,-1.263338952325013,2.0575291644325526,-0.4815161761403647,-0.22852965590711571,0.4978909892604373,-0.4664671600685041,-0.5647647594369092,-1.4017509099976166,-2.194808894574394,1.1450585415118573,-0.012883200486542457,0.01773886055141352,0.15988378662842473,-4.5660093226279095,-2.234495065243461,-1.5236731686081164,143,0.01989389920424403,0.07692307692307693
57390923-7cfd-4adf-8d0b-33c5791f6e51,frontierscience,deepseek/deepseek-v3.2_reasoning-auto_s2,chemistry,,deepseek/deepseek-v3.2,1,is_correct,True,,,True,,,,145,2.7388260401595277,2.267550788592186,-0.4712752515673415,2.0864621535611425,8.193283268548694,-4.338062811280707,3.855220457267987,0.9441236063620512,-1.2393916718913875,0.683433698003351,-0.2606899083587002,39.03082726837564,0.012074436658153742,9,8,0.2631578947368421,0.3684210526315789,6.6056135998728935,1.587669668675801,4.359288390612855,6.0938684148113005,0.9444444444444444,0.2777777777777778,3.3577350022294143,0.9387023247004457,0.8370160382347083,0.6,0.4,2,1.3803258862295706,-1.3803258862295706,-2.7606517724591413,0.8378260359993138,2.7606517724591413,-1.3803258862295706,1.3803258862295706,0.9444335011044432,-0.07264873085418785,-1.017082231958631,-1.9615157330630741,2.7606517724591413,1.0,0.0,1.0,0.0,1.0,0.0,2.7606517724591413,-0.14529746170837554,0.1452974617083762,0.6666666666666666,0.7222222222222222,1.603655480014115e-16,0.3632436542709397,0.3632436542709396,0.5,0.5,2.7388260401595277,0.3413655545354013,-1.2974829751095103,1.5121985259680462,1.6973855992562186,3.855220457267987,-2.2386479575433134,-4.338062811280707,-1.7548367863984677,-2.701073729531662,0.441393636336358,-1.498923839355135,-0.155560103341831,1.3313219303317307,1.879171995195535,0.7071876275667501,0.3988685103198555,-2.7557325621335385,1.6035558284793172,2.267550788592186,1.3803258862295706,1.2350284245211949,1.089730962812819,0.9444335011044431,0.7991360393960673,0.6538385776876914,0.5085411159793155,0.36324365427093963,0.21794619256256387,0.0726487308541881,-0.07264873085418788,-0.21794619256256387,-0.36324365427093963,-0.5085411159793152,-0.6538385776876914,-0.7991360393960671,-0.9444335011044429,-1.0897309628128187,-1.2350284245211944,-1.3803258862295706,-1.4487328916741145,-2.33595779403673,-5.0966095664958715,-9.682083942529548,147,0.015708812260536397,1.0
bdb3fc5f-9374-4e37-9af9-6036e3e29093,frontierscience,deepseek/deepseek-v3.2_reasoning-auto_s2,physics,,deepseek/deepseek-v3.2,0,is_correct,False,,,False,,,,55,2.5102836359375593,-0.03398061498885467,-2.544264250926414,2.478646450661357,8.632540330204284,-4.977239928666216,3.655300401538068,1.2488073909300517,0.09130390237187262,-1.1194505912738573,-2.368257982203909,51.11327325915572,0.04977697745997259,13,9,0.5789473684210527,0.6842105263157895,4.943259313677361,3.6892810165269228,5.61441672369628,7.3915444062266396,0.7222222222222222,0.6111111111111112,4.91789568567795,1.0341415006582513,0.900937725384735,0.65,0.35,0,,,,,,,,,,,,,,,,,,,,,,,,,,,,,2.5102836359375593,0.6643134305297929,1.7931148782714832,2.264265124265431,-0.05295674505888234,0.9686261579646027,0.5940052546003746,-0.7870571692664212,3.248169801458428,1.0062416101757201,2.229956606052101,3.655300401538068,-3.7362440046885714,-4.977239928666216,0.6371767950300642,-4.804940929218532,0.1444043258062493,0.966971991535154,-3.626335115807224,-0.03398061498885467,,,,,,,,,,,,,,,,,,,,,,,,,55,0.04983164983164983,
f44b0903-1c29-44a5-9f9b-b6ccdd164e1c,frontierscience,deepseek/deepseek-v3.2_reasoning-auto_s2,chemistry,,deepseek/deepseek-v3.2,0,is_correct,False,,,False,,,,47,0.07934481088314967,0.09595988934132989,0.01661507845818022,2.6689848831445318,8.557239773313196,-4.554179440484489,4.0030603328287055,-0.5185061181941119,0.40799655159834913,-0.583652268135862,-0.06514614994175016,61.85927512144924,0.0002685947810665351,11,10,0.47368421052631576,0.10526315789473684,4.650139329825819,3.9071004434873755,6.047741394734061,7.444760144624241,0.7777777777777778,0.5,5.70187965332309,1.0708896687996021,1.2846636975488777,0.55,0.45,0,,,,,,,,,,,,,,,,,,,,,,,,,,,,,0.07934481088314967,-1.8516685947762004,-4.554179440484489,-1.45247339834183,0.6731553860338908,2.4345027028135044,1.0417757065131923,2.025133874306033,-1.949873955963244,4.0030603328287055,-3.4416998117955355,-3.3670446107757726,2.6687286153639334,2.917671417224324,-4.295813802178177,1.7519275925558842,3.726533048128094,-2.5352925314034653,-2.2452278052588377,0.09595988934132989,,,,,,,,,,,,,,,,,,,,,,,,,47,0.06105457909343201,
f7b49518-6e84-44e3-9480-4cf91d149702,frontierscience,deepseek/deepseek-v3.2_reasoning-auto_s2,biology,,deepseek/deepseek-v3.2,0,is_correct,False,,,True,,,,95,2.6488570455203626,-2.3508815345156004,-4.999738580035963,2.351963744840346,8.353053366407792,-4.17494555787559,4.178107808532202,0.4298177427986394,0.45350394118697446,-0.7948093751550857,-1.224627117953725,44.086413348079915,0.11340769639301392,14,7,0.10526315789473684,0.3157894736842105,1.8240640233599899,6.528989343047803,4.1909486652941474,5.542681653427049,0.3888888888888889,0.7222222222222222,3.9640185354885316,1.0990245864807215,1.0283048096322824,0.55,0.45,2,-0.049741677041147625,0.049741677041147625,0.09948335408229525,0.030192052844259697,0.09948335408229525,-0.049741677041147625,0.049741677041147625,-0.03403377902815364,0.002617983002165661,0.0366517620303193,0.07068554105847294,0.09948335408229525,1.0,0.0,1.0,1.0,0.0,0.09948335408229525,0.0,0.0052359660043313355,0.0,0.5555555555555556,0.6111111111111112,3.469446951953614e-18,0.013089915010828321,0.013089915010828323,0.5,0.5,2.6488570455203626,2.3636062038399417,4.178107808532202,2.060772966068129,-2.097348194346134,-1.970326072148434,-4.17494555787559,-1.9807459242760563,2.2102027410180916,-0.3192075213625507,-1.938935273493366,1.5392476863549014,1.0487288764323188,2.6152370036354826,-2.927444649791567,-2.806261464836347,1.2006606549332077,0.03560088840883177,2.0794698548709616,-2.3508815345156004,-0.049741677041147625,-0.044505711036816296,-0.03926974503248497,-0.03403377902815364,-0.02879781302382231,-0.023561847019490982,-0.018325881015159654,-0.013089915010828325,-0.007853949006496996,-0.0026179830021656678,0.002617983002165661,0.007853949006496996,0.013089915010828318,0.01832588101515964,0.023561847019490975,0.02879781302382231,0.03403377902815363,0.039269745032484954,0.04450571103681629,0.049741677041147625,-0.06912723891802464,2.2320126185564284,2.3314959726387237,-10.220112714959381,97,0.02553191489361702,1.0
3d762ba1-3958-453b-b34e-fe24c2822994,frontierscience,deepseek/deepseek-v3.2_reasoning-auto_s2,chemistry,,deepseek/deepseek-v3.2,0,is_correct,False,,,True,,,,72,2.6833905669217457,-4.756798192382596,-7.440188759304341,2.080486742364522,9.085188068809654,-4.756798192382596,4.328389876427057,0.20950899966111966,-0.19717456588212243,0.3218587072421668,0.11234970758104715,45.828058549360286,0.16235007536465232,12,9,0.7894736842105263,1.0,0.0,9.085188068809654,4.267109043378302,5.960616118767733,0.7777777777777778,0.0,3.7887748048597567,0.8607912580247394,0.7599165940294401,0.6,0.4,2,3.6527845447195038,-3.6527845447195038,-7.3055690894390075,2.2171561266749333,7.3055690894390075,-3.6527845447195038,3.6527845447195038,2.4992736358607135,-0.19225181814313164,-2.6915254540038447,-5.190799089864559,7.3055690894390075,1.0,0.0,1.0,0.0,1.0,0.0,7.3055690894390075,-0.3845036362862624,0.38450363628626416,0.6666666666666666,0.5555555555555556,5.181040781584064e-16,0.9612590907156591,0.9612590907156587,0.5,0.5,2.6833905669217457,-3.277225551845987,-1.2721809115685034,1.2679925060159536,0.37520614131402485,0.9653476495457396,0.7240325972448645,-2.575802890221218,0.2988387146647624,1.6059916057551606,-0.9787597139211495,2.5866642714257626,-1.1891014255734973,-1.1280525233046779,0.061280833048754424,4.328389876427057,0.7624124262602452,1.5562779718707151,-0.02041067177117445,-4.756798192382596,3.6527845447195038,3.26828090843324,2.8837772721469768,2.499273635860713,2.1147699995744498,1.730266363288186,1.3457627270019223,0.9612590907156591,0.5767554544293954,0.19225181814313208,-0.19225181814313164,-0.5767554544293958,-0.9612590907156591,-1.3457627270019215,-1.7302663632881856,-2.1147699995744498,-2.499273635860713,-2.8837772721469763,-3.2682809084332396,-3.6527845447195038,1.1404939017801392,9.550076638882238,2.244507549443231,-2.7283883389418584,74,0.03560250391236307,1.0
5c97845c-c039-48d8-abcf-703afc476b98,frontierscience,deepseek/deepseek-v3.2_reasoning-auto_s2,physics,,deepseek/deepseek-v3.2,1,is_correct,True,,,True,,,,146,2.530352539882444,0.025046512953907193,-2.5053060269285368,2.366576878692095,8.20222150482058,-3.679728669463617,4.522492835356963,1.4277936399962197,-0.8452145785953151,-1.19400234130461,-2.6217959813008296,54.382809818061915,0.046067976908696996,11,10,0.15789473684210525,0.8947368421052632,3.704775182417524,4.497446322403055,4.757716173463971,6.639927544397612,0.05555555555555555,0.2777777777777778,4.643384138738966,0.8509603212551179,1.0052583521561842,0.5,0.5,3,4.315162543429512,-3.6032306415991897,-7.918393185028702,2.424734043574077,7.918393185028702,-3.6032306415991897,4.315162543429512,2.727659034400091,-0.7195779907698964,-2.84236255218633,-5.570021586586421,7.918393185028702,1.0,0.0,1.0,0.0,1.0,0.0,7.918393185028702,-0.30434723576514333,0.5291678363431407,0.8888888888888888,0.0,0.01249003336544452,0.9893210391256275,1.1392014395109584,0.45,0.55,2.530352539882444,-2.1000416684565226,2.6576745050074484,4.522492835356963,0.016554292672329093,4.503725259954243,-2.136202284443368,-1.001188325695094,0.13250005577072418,-3.346776987420561,0.2193736010086682,2.395710068196092,-1.218815370103547,-3.097305091923488,-0.05300857271262066,0.015776754299537787,-2.308164524337956,-3.679728669463617,-1.1639355485669114,0.025046512953907193,4.315162543429512,3.7859947070863713,3.256826870743231,2.727659034400091,2.19849119805695,1.66932336171381,1.1401555253706697,0.610987689027529,0.0818198526843883,-0.4473479836587515,-0.8641055197128941,-1.1684527554780384,-1.472799991243182,-1.7771472270083255,-2.0814944627734695,-2.3858416985386137,-2.690188934303758,-2.9945361700689013,-3.2988834058340455,-3.6032306415991897,0.8413487298628587,5.1314647603384635,-2.786928424690238,-2.3323021052496067,149,0.015588096362777516,0.6666666666666666
469cc7c7-ae71-4ea2-bc13-3af3770fd8da,frontierscience,deepseek/deepseek-v3.2_reasoning-auto_s2,chemistry,,deepseek/deepseek-v3.2,1,is_correct,True,,,True,,,,34,-2.4400699903815983,-4.942265704312909,-2.502195713931311,2.375954508823788,9.06245920730063,-4.942265704312909,4.120193502987722,-0.6750404549586057,0.6175661595370237,-0.22107689647954198,0.45396355847906367,59.40048625330024,0.04212416213667428,13,12,0.7368421052631579,1.0,0.0,9.06245920730063,7.420476234385761,7.21310038980293,0.7222222222222222,0.6666666666666666,5.5941820965299245,0.876967655971131,0.9634067283125471,0.5,0.5,2,3.646019642225305,-3.646019642225305,-7.29203928445061,2.213049986598029,7.29203928445061,-3.646019642225305,3.646019642225305,2.4946450183646824,-0.1918957706434369,-2.6865407890081188,-5.181185807372801,7.29203928445061,1.0,0.0,1.0,0.0,1.0,0.0,7.29203928445061,-0.38379154128687354,0.3837915412868744,0.6666666666666666,0.05555555555555555,4.194175870806147e-16,0.9594788532171854,0.9594788532171854,0.5,0.5,-2.4400699903815983,-0.22182731297166214,1.616167885031392,-1.1133398239241366,-0.2598990573729587,0.2938066861514366,-2.6001215712427115,0.09734817027524634,-2.2947507524966952,3.9503449328363462,0.13907411862843944,1.8184117205089754,3.912817658404892,-3.3002827313980387,4.120193502987722,-1.5475253884103877,1.3014502947723012,0.2897381498258689,-0.5480522337398476,-4.942265704312909,3.646019642225305,3.262228100938431,2.8784365596515564,2.4946450183646824,2.110853477077808,1.727061935790934,1.3432703945040596,0.9594788532171856,0.5756873119303116,0.1918957706434372,-0.19189577064343677,-0.5756873119303112,-0.9594788532171856,-1.3432703945040592,-1.7270619357909336,-2.110853477077808,-2.4946450183646816,-2.878436559651556,-3.2622281009384304,-3.646019642225305,1.245273410284515,9.833558756822729,2.5415194723721193,-3.0640019162843295,36,0.0944741532976827,1.0
4225f097-0cee-4e43-b5b9-6efbab4c3447,frontierscience,deepseek/deepseek-v3.2_reasoning-auto_s2,physics,,deepseek/deepseek-v3.2,0,is_correct,False,,,True,,,,60,0.021058844865126145,-4.643347337656096,-4.664406182521223,2.069855450061096,9.29250785216848,-4.643347337656096,4.649160514512385,-0.8044679328143687,1.4418418046461905,-1.4472350012213469,-0.6427670684069782,47.32174719933455,0.0985679197953793,14,7,0.5263157894736842,1.0,0.0,9.29250785216848,4.599647611232298,4.405582082955824,0.5,0.5555555555555556,4.51082257698152,0.6553592345717526,0.866448879797019,0.45,0.55,2,3.6576272101844705,-3.6576272101844705,-7.315254420368941,2.2200955131275535,7.315254420368941,-3.6576272101844705,3.6576272101844705,2.502587038547269,-0.19250669527286673,-2.6950937338201357,-5.197680772367405,7.315254420368941,1.0,0.0,1.0,0.0,1.0,0.0,7.315254420368941,-0.38501339054573336,0.38501339054573425,0.1111111111111111,0.5555555555555556,3.20731096002823e-16,0.9625334763643345,0.9625334763643341,0.5,0.5,0.021058844865126145,-1.3117309009948914,0.04336429784687382,-0.8379776987764239,-2.2006355742025576,1.4123955917244673,-2.7577500901631744,1.4714211344437849,3.212562193072194,0.04951290328008717,4.649160514512385,0.24357843155656073,2.0041307801335724,-1.5374733244752488,-0.011539670838617955,-2.543028395302196,-0.936740957179198,-0.038930148345629495,-0.5098234980063445,-4.643347337656096,3.6576272101844705,3.2726138196387367,2.887600429093003,2.5025870385472695,2.1175736480015357,1.7325602574558019,1.347546866910068,0.9625334763643343,0.5775200858186009,0.19250669527286712,-0.19250669527286668,-0.5775200858186009,-0.9625334763643343,-1.3475468669100676,-1.7325602574558019,-2.1175736480015352,-2.5025870385472686,-2.887600429093002,-3.272613819638736,-3.6576272101844705,1.1513042198347214,9.452278767675288,2.1370243473063475,-2.924779351362435,62,0.04463276836158192,1.0
f398c3ad-6cff-45b1-a21d-5ce963db75aa,frontierscience,deepseek/deepseek-v3.2_reasoning-auto_s2,physics,,deepseek/deepseek-v3.2,1,is_correct,True,,,True,,,,87,2.674430141274572,-4.756269048192736,-7.430699189467308,2.391258567602525,8.789529101656125,-4.756269048192736,4.033260053463389,1.382123529111027,-1.026478176077006,-0.9745959960781209,-2.3567195251891477,48.51035207936414,0.15317759758392394,12,7,0.21052631578947367,1.0,0.0,8.789529101656125,5.2510001959952,5.429115326044576,0.05555555555555555,0.0,4.210792908756286,0.9086515963511965,1.0765545216127255,0.55,0.45,2,3.652713928937006,-3.652713928937006,-7.305427857874012,2.217113264520627,7.305427857874012,-3.652713928937006,3.652713928937006,2.4992253197990038,-0.19224810152300012,-2.6914734213220037,-5.1906987411210075,7.305427857874012,1.0,0.0,1.0,0.0,1.0,0.0,7.305427857874012,-0.38449620304599996,0.38449620304600085,0.6666666666666666,0.05555555555555555,4.194175870806147e-16,0.9612405076150015,0.9612405076150015,0.5,0.5,2.674430141274572,-2.7546851847700036,2.496315011225197,0.3892256503320928,4.033260053463389,1.3250259022769884,1.5112931299749535,-1.7540700877026527,-2.6341631623587363,-3.4930676497518753,1.2321146257212845,2.668982926293371,0.9158451982060996,-4.120989082946533,0.5987124387843523,0.32782684947163077,-0.7767236776850549,-0.199951157337233,-1.041171381509685,-4.756269048192736,3.652713928937006,3.2682177258910055,2.8837215228450046,2.499225319799004,2.1147291167530033,1.730232913707003,1.345736710661002,0.9612405076150017,0.5767443045690013,0.19224810152300043,-0.19224810152299998,-0.5767443045690008,-0.9612405076150017,-1.3457367106610016,-1.7302329137070025,-2.1147291167530033,-2.4992253197990033,-2.883721522845004,-3.268217725891005,-3.652713928937006,1.1425224007524801,9.551505377882222,2.2460775200082104,-4.566409055041749,89,0.028334669874365143,1.0
1875e781-bd89-4528-8bc3-94b7b436402f,frontierscience,deepseek/deepseek-v3.2_reasoning-auto_s2,chemistry,,deepseek/deepseek-v3.2,0,is_correct,False,,0.65,True,,,,52,2.462568428346669,-0.20376243482773623,-2.666330863174405,1.7376158500394594,5.270738777889417,-2.4745461949122527,2.7961925829771634,0.6476173508092965,0.290633341991317,-0.10607596163808826,-0.7536933124473848,43.49759072926854,0.061298357414087574,12,11,0.3684210526315789,0.15789473684210525,2.2707837600845164,2.9999550178048997,4.807249236161932,4.6060463532141895,0.6666666666666666,0.3888888888888889,4.311887733215425,0.9420351790532479,0.6454702250644596,0.55,0.45,18,-2.0124904465772486,2.8423084452341003,4.854798891811349,2.7254686403956754,10.681997289805793,-6.209912263870775,4.472085025935018,0.776688305318306,-0.9804364557754123,0.20007256051280295,-0.576615744805503,68.12870731802927,0.07125922511855141,12.0,11.0,0.05263157894736842,0.47368421052631576,9.052220709104876,1.6297765807009181,8.129592415406218,6.817547906544668,0.5,0.9444444444444444,6.448798277985066,1.1228507956520235,1.1341408801581698,0.4,0.6,2.462568428346669,2.399940938352898,1.4623554138373784,-2.4745461949122527,-1.3843838542139437,1.6103927758123757,0.4569939484419503,2.7961925829771634,-1.8098537702370265,-1.4460466517633257,1.3117221328438982,0.8886573618740168,-2.2567437489587197,2.5505054872032127,-0.17277516920721578,-1.428290372530486,2.0520870714863677,-1.7330023046384864,0.8492874398890271,-0.20376243482773623,-2.0124904465772486,4.472085025935018,-0.4560658818280272,2.9593197020939126,0.9286730312827016,-0.20956441901682998,-0.24513887466138362,-3.0943472555989886,-1.2786941848603415,-6.209912263870775,1.9196801515354442,-1.5667888936299117,-0.2552884519855003,3.6222957079821865,2.7697459459151466,-1.7976056089503687,-1.6822813187013153,2.942907903061961,-3.8746400034827064,2.8423084452341003,-0.4978972988118352,-2.3066253105613477,2.5481735812500013,4.30866188156055,70,0.038461538461538464,0.1568627450980392
3f380f88-7221-4320-a168-348d9a77db2e,frontierscience,deepseek/deepseek-v3.2_reasoning-auto_s2,physics,,deepseek/deepseek-v3.2,0,is_correct,False,,0.25,True,,,,8,2.4354932501218802,-0.25506750357477825,-2.6905607536966585,1.8973572681126876,7.595026856426015,-5.1595336063041355,2.4354932501218802,0.2124735791892043,-1.247891948870567,0.8908533788584373,0.678379799669233,20.19056168815519,0.1332583409640891,4,3,0.0,0.42105263157894735,4.904466102729357,2.6905607536966585,2.7180136394756578,1.768795559325107,0.5,0.3888888888888889,0.7706325473732847,0.6607295073031724,0.7558699230341184,0.55,0.45,113,-0.24603998608873354,2.5018636191293724,2.747903605218106,2.02800786296515,8.476975009713405,-5.262292496295372,3.2146825134180324,0.5586161749687935,0.01621570544135244,-0.1322831916953077,-0.6908993666641011,47.43691621217488,0.057927534600422555,11.0,7.0,0.5789473684210527,0.3684210526315789,7.764156115424745,0.71281889428866,4.269231825325191,5.56841762575222,0.3888888888888889,0.3333333333333333,3.8019567974775463,0.8587742680755662,0.6972680674406075,0.55,0.45,2.4354932501218802,1.4508008595319684,0.4661084689420565,-0.2766073364555778,-0.41438167887251787,-0.552156021289458,-1.621942487653922,-3.3907380469790285,-5.1595336063041355,-3.082492709514302,-0.36447907003864444,1.8555077012705183,1.0873332635807134,0.3191588258909084,0.25197896713700857,1.1194585469643155,1.9869381267916206,1.5795639250798974,0.6622482107525596,-0.25506750357477825,-0.24603998608873354,-2.1838234776650203,0.1464674931707725,1.7598844132666212,2.8319289098504674,1.295770742790599,0.3061251294568481,-5.262292496295372,-0.9930606709701818,2.2360962926136314,0.3553570695709922,3.2146825134180324,-1.8513410104100203,2.4140682401623854,-0.08752377300045622,-1.1150189344392845,-0.18480475782959171,-2.021456242113489,0.11324093808160278,2.5018636191293724,-0.36753975192346455,-0.35851223443741986,2.389391370780686,4.186532576362708,121,0.25,0.020859671302149177
69bd11e8-5f96-45dc-8123-b9d800101430,frontierscience,deepseek/deepseek-v3.2_reasoning-auto_s2,physics,,deepseek/deepseek-v3.2,1,is_correct,True,,,True,,,,64,-0.12104233016623162,0.12337747434088592,0.24441980450711753,2.3491811806877716,9.687092806354329,-4.677285761724164,5.009807044630165,-0.08310938215695149,-0.6481644707977676,0.6121325640760518,0.6952419462330033,67.44047405428644,0.0036242302257598453,14,11,0.15789473684210525,0.3157894736842105,4.80066323606505,4.886429570289279,6.351202019977381,7.540159351311047,0.6111111111111112,0.16666666666666666,6.736835773363224,0.9156712127862073,0.9879772920975436,0.5,0.5,4,4.513342627686388,-0.7933444553277518,-5.30668708301414,2.2255501421725463,7.598063219479741,-3.0847205917933525,4.513342627686388,2.1348219010531118,-2.0349593012670373,-1.748084512188419,-3.882906413241531,9.889439355945342,0.5366014080286423,1.0,1.0,0.0,0.6842105263157895,2.2913761364656007,5.30668708301414,0.38189602274426715,0.7928402422110921,0.7777777777777778,0.0,0.06526312583085342,0.7593726066475973,1.2488460503789969,0.3,0.7,-0.12104233016623162,-0.7681790417092553,0.24011880807685326,5.009807044630165,-2.530352306680882,2.2651679124748547,-4.677285761724164,-1.5537942858011025,2.4603697043059953,-2.2091957387614647,-0.3448781159283922,-3.7655432713729677,2.5856587486044136,-1.7097683366308551,0.6493386045168834,1.9083560782857085,-2.079506653175554,2.218134446968892,0.8530954335194945,0.12337747434088592,4.513342627686388,3.720502385475296,2.927662143264204,2.1348219010531118,1.3419816588420197,0.5491414166309276,-0.24369882558016442,-0.7926147336565894,-1.2195684746656807,-1.6465222156747723,-2.073475956683864,-2.5004296976929554,-2.9273834387020465,-3.0847205917933525,-2.7028245690490857,-2.3209285463048186,-1.9390325235605521,-1.5571365008162859,-1.175240478072019,-0.7933444553277518,0.6446852221908423,5.034650375536344,-0.2720367074777954,-5.172878445262679,68,0.04117063492063492,0.5
1567b1bb-e3e5-44e5-abb8-b58e2626f468,frontierscience,deepseek/deepseek-v3.2_reasoning-auto_s2,chemistry,,deepseek/deepseek-v3.2,0,is_correct,False,,0.1,True,,,,38,-0.08184181218688108,-2.3150352477750973,-2.233193435588216,2.1103971832332884,7.7457938487710845,-3.475963155114287,4.269830693656798,0.7786909064982256,-0.7289181127090403,-0.25998312111912736,-1.038674027617353,51.87703989440534,0.04304781923050806,13,12,0.10526315789473684,0.21052631578947367,1.1609279073391896,6.584865941431895,5.796595089395607,5.855521434838451,0.2222222222222222,0.6666666666666666,4.700989019974286,0.8678053146628946,0.9283797731724178,0.45,0.55,33,5.42781886889901,2.9238935013646916,-2.5039253675343183,2.5354192864736844,9.825761133854947,-4.397942264955936,5.42781886889901,0.4313280686724253,-1.48774920866998,0.11949400893487712,-0.3118340597375482,54.038557513023164,0.046335903154536985,9.0,8.0,0.0,0.8421052631578947,7.3218357663206275,2.5039253675343183,6.1762085015326775,7.100005048063962,0.2222222222222222,0.8333333333333334,3.9716312423521547,0.8824047634894292,1.21630395980811,0.35,0.65,-0.08184181218688108,2.2866416478598857,4.269830693656798,1.964485070392386,-3.475963155114287,2.32063193428132,-1.8329480334016441,-1.7477945861395436,-1.938198415429679,-0.378805035920994,1.2513434041105582,-2.5667751184765404,3.066662198865684,-2.788859235972767,1.0849143602922957,-1.2104281866785005,-0.2309466363524244,0.6813212670811546,0.43027571671780773,-2.3150352477750973,5.42781886889901,1.3330725774898804,-1.3988909754543195,-1.9647804213171045,-2.570452434059135,3.6057560674735427,-1.4132272023248975,-0.450540387205038,0.4981140054216944,-1.1758014258219394,-3.492106116171559,-0.01586655183915564,-1.59841573536977,-4.179628249704091,-0.5523580852907175,2.702062783108026,-4.397942264955936,-1.1160693466485394,1.157377466031738,2.9238935013646916,-0.38955800975516736,7.35329610691894,4.8493707393846215,1.1501017237825764,71,0.06401137980085349,0.06060606060606061
fbec81f3-a103-43e1-b4a8-bb2487cc24e8,frontierscience,deepseek/deepseek-v3.2_reasoning-auto_s2,chemistry,,deepseek/deepseek-v3.2,1,is_correct,True,,,True,,,,82,-2.597883959538129,-2.3984290840897367,0.19945487544839224,2.8369206971574736,9.036976262527258,-4.292161084824571,4.744815177702688,0.09736173359001223,-0.09893011950942521,-2.1773001121783593,-2.2746618457683714,71.7164668043673,0.0027811586980780556,12,12,0.21052631578947367,0.7368421052631579,1.893732000734834,7.143244261792425,7.381943271778747,7.149426054897252,0.16666666666666666,0.6111111111111112,6.794160971437671,1.0095167862729635,1.6632557549982656,0.35,0.65,2,1.1613252880225993,-1.1613252880225993,-2.3226505760451985,0.7048977145734061,2.3226505760451985,-1.1613252880225993,1.1613252880225993,0.7945909865417785,-0.06112238358013671,-0.8557133701219151,-1.6503043566636935,2.3226505760451985,1.0,0.0,1.0,0.0,1.0,0.0,2.3226505760451985,-0.12224476716027333,0.12224476716027377,0.6666666666666666,0.5555555555555556,1.4802973661668753e-16,0.30561191790068404,0.3056119179006839,0.5,0.5,-2.597883959538129,1.8328628891621066,-1.519217258295007,-2.637128094076058,4.744815177702688,-2.39901560348334,3.2570989836578255,3.4421204252796667,-0.49608895493361566,-3.523409815954793,-2.4794516306438243,4.174792726462334,-2.9746333284349182,1.1641597416591742,-4.292161084824571,-4.068117324360621,-0.8806576654463758,1.5744857815354738,-2.9989212958843257,-2.3984290840897367,1.1613252880225993,1.0390805208623257,0.9168357537020521,0.7945909865417784,0.6723462193815049,0.5501014522212313,0.42785668506095764,0.3056119179006841,0.18336715074041043,0.061122383580136885,-0.06112238358013666,-0.18336715074041043,-0.305611917900684,-0.4278566850609573,-0.5501014522212311,-0.6723462193815049,-0.7945909865417784,-0.9168357537020517,-1.0390805208623255,-1.1613252880225993,1.3405623860133367,4.900316758125673,2.577666182080474,-8.067562569297163,84,0.0304125263474857,1.0
b36273bb-c098-4037-90cc-cfd05cbe5bb9,frontierscience,deepseek/deepseek-v3.2_reasoning-auto_s2,chemistry,,deepseek/deepseek-v3.2,1,is_correct,True,,,True,,,,77,0.03329133838913069,-2.332751393112534,-2.3660427315016648,2.824297266423271,12.178879144807794,-5.123646143142149,7.055233001665646,-1.0001099668598565,0.04670620071469538,-1.1594867534202251,-0.15937678656036858,61.313833819621905,0.03858905216174028,10,11,0.2631578947368421,0.3157894736842105,2.7908947500296146,9.38798439477818,6.869823171338545,12.178879144807794,0.2222222222222222,0.2777777777777778,5.964144727678984,0.7373907975102816,1.4189281416871558,0.5,0.5,2,3.5466892933569447,-3.5466892933569447,-7.093378586713889,2.152758751551984,7.093378586713889,-3.5466892933569447,3.5466892933569447,2.4266821480863308,-0.1866678575451021,-2.6133500056314327,-5.040032153717764,7.093378586713889,1.0,0.0,1.0,0.0,1.0,0.0,7.093378586713889,-0.3733357150902039,0.3733357150902057,0.6111111111111112,0.7777777777777778,5.674473236973022e-16,0.9333392877255118,0.9333392877255114,0.5,0.5,0.03329133838913069,-4.793863945827627,-4.342046777185398,-0.015147072245699427,0.18540983032709993,7.055233001665646,-5.123646143142149,-2.302080038803975,0.05360311133974395,0.05373408958604077,0.06940375884223517,-2.525022799084613,2.631815765223504,2.345489517899932,-2.432217673717705,2.264938025985462,-1.988930070999071,-2.5228569196243416,0.054897510946837716,-2.332751393112534,3.5466892933569447,3.17335357826674,2.800017863176535,2.4266821480863308,2.053346432996126,1.6800107179059214,1.3066750028157168,0.933339287725512,0.5600035726353072,0.1866678575451024,-0.18666785754510196,-0.5600035726353072,-0.9333392877255111,-1.306675002815716,-1.6800107179059207,-2.0533464329961264,-2.4266821480863303,-2.8000178631765342,-3.17335357826674,-3.5466892933569447,1.0414255174241132,6.920866203893592,-0.17251238282029746,-5.220541153251794,79,0.032467532467532464,1.0
4ee82eb3-a457-42c5-9c62-5730d41f67a6,frontierscience,deepseek/deepseek-v3.2_reasoning-auto_s2,biology,,deepseek/deepseek-v3.2,0,is_correct,False,,,True,,,,52,-0.0387452492335087,4.7512238078188975,4.7899690570524065,2.5194946292677343,8.18006733609609,-3.4288435282771936,4.7512238078188975,0.7237574252634744,-0.7585308146224686,1.5015883073891263,0.7778308821256519,57.79737673145942,0.08287519828638175,10,9,1.0,0.3684210526315789,8.18006733609609,0.0,7.022410754591761,7.7419455310088505,0.8333333333333334,0.3333333333333333,5.066255197800313,1.2375325704613218,0.7992267645202321,0.65,0.35,2,-3.6527260974280633,3.6527260974280633,7.305452194856127,2.217120650514564,7.305452194856127,-3.6527260974280633,3.6527260974280633,-2.4992336456086752,0.19224874196989777,2.691482387578573,5.190716033187249,7.305452194856127,1.0,0.0,1.0,1.0,0.0,7.305452194856127,0.0,0.3844974839397972,0.0,0.7222222222222222,0.6111111111111112,5.181040781584064e-16,0.9612437098494901,0.9612437098494905,0.5,0.5,-0.0387452492335087,0.7999855835907588,1.2337625753660069,0.45226938263495675,-3.3422029856805158,1.6481306674349663,4.313102002731657,-3.4288435282771936,1.0792702239766863,3.604527837477547,-0.7355163754605512,-2.694121366171689,-3.331468068834609,0.196435574932529,0.7715771048853046,-2.4136377167465746,4.608773037845187,0.5441910206410876,0.7474025898908552,4.7512238078188975,-3.6527260974280633,-3.268228613488267,-2.883731129548471,-2.4992336456086752,-2.114736161668879,-1.7302386777290828,-1.3457411937892867,-0.9612437098494904,-0.5767462259096945,-0.19224874196989816,0.19224874196989772,0.5767462259096945,0.9612437098494899,1.3457411937892854,1.7302386777290826,2.114736161668879,2.4992336456086743,2.8837311295484707,3.268228613488267,3.6527260974280633,-1.1473094547149818,-9.551259359961943,-2.2458071651058162,-2.5202866674593416,54,0.053544494720965306,1.0
516da073-8d2a-4db5-a739-c752655ec14c,frontierscience,deepseek/deepseek-v3.2_reasoning-auto_s2,physics,,deepseek/deepseek-v3.2,1,is_correct,True,,,True,,,,15,2.8082417356289366,-4.347638685102446,-7.155880420731382,3.128430530968612,9.816457252400369,-4.956804631255394,4.859652621144976,1.5476062101544632,-1.3057122142538853,-0.23285675574226392,-1.780462965896727,46.64837990757885,0.1534004060785996,7,5,0.15789473684210525,0.3157894736842105,0.609165946152948,9.207291306247422,4.175244423192403,7.2792222272606475,0.6666666666666666,0.2222222222222222,3.2288769342471237,1.4178280084119694,1.4030221365694466,0.45,0.55,3,3.888899127301174,1.7126278901630214,-2.1762712371381525,2.6248478359290495,9.105470623311305,-5.216571496010132,3.888899127301174,0.891922450006847,-4.079419394720406,-0.21214971710729955,-1.1040721671141465,16.034670009484458,0.13572285777324353,1.0,2.0,0.0,0.5263157894736842,6.929199386173153,2.1762712371381525,0.7699110429081295,0.9989922257647761,1.0,0.2777777777777778,0.09827240381516199,0.619489684819036,1.7987585306009717,0.35,0.65,2.8082417356289366,3.0132337941690226,4.017659272259578,4.859652621144976,4.185241453197386,-3.0939807740632617,-4.956804631255394,-2.500425492320317,-0.49923578884651487,-1.1609865915865474,-1.8581188056818174,-2.163200530415192,-2.5666313570596064,1.6086130661327966,3.8805315452413103,1.6512519851673009,-4.457972417899811,-0.45544765715802615,2.332134695298088,-4.347638685102446,3.888899127301174,2.8899069015363983,1.8909146757716226,0.891922450006847,-0.10706977575792864,-1.1060620015227038,-2.10505422728748,-3.104046453052255,-4.103038678817031,-5.102030904581806,-5.216571496010132,-4.446660453102003,-3.676749410193876,-2.9068383672857485,-2.13692732437762,-1.3670162814694908,-0.5971052385613635,0.17280580434676374,0.9427168472548919,1.7126278901630214,0.9156218145839955,9.152159626987615,6.975888389849462,-1.9933038483301395,18,0.3238095238095238,0.6666666666666666
ae667a28-9659-4f33-a51e-7a19f133e111,frontierscience,deepseek/deepseek-v3.2_reasoning-auto_s2,physics,,deepseek/deepseek-v3.2,1,is_correct,True,,,True,,,,48,-2.4959922249131714,-2.238755409968183,0.2572368149449886,2.362002572532221,9.43650150471337,-4.611411162165697,4.825090342547671,0.29098153940808646,-0.17851781076672874,-0.2612334791000476,-0.552215018508134,55.7446177978252,0.004614558770102903,11,10,0.21052631578947367,0.10526315789473684,2.3726557521975145,7.063845752515855,5.316932063813259,6.4443558698317895,0.1111111111111111,0.5555555555555556,4.489503657409543,0.917645095026708,0.9566528337322472,0.55,0.45,6,2.285582466335832,-2.474754414118216,-4.760336880454048,2.5723217443533537,8.598002820667388,-4.256689300819685,4.341313519847702,-1.0367402934814778,-0.046546039412366715,1.3069785343616072,2.3437188278430847,36.72565356717275,0.12961884726563663,4.0,5.0,0.7894736842105263,0.21052631578947367,1.7819348867014693,6.816067933965918,2.496249346800545,2.4615518408973225,0.2222222222222222,0.5555555555555556,1.0374549214440798,1.129071462627507,1.1161281188318701,0.5,0.5,-2.4959922249131714,0.20527149058667415,-4.611411162165697,0.7055209016475619,4.825090342547671,0.20686947412874446,3.2015219540248223,1.5649042689534896,-0.6373155246811475,0.5710239624189604,2.3945605155701113,-4.049795354261678,-1.6399597564245205,0.5469572130576837,-0.5586070363625115,-2.718949076805227,2.5209319218999573,1.610249855698485,-0.18227112906280674,-2.238755409968183,2.285582466335832,0.43255045672645687,-1.4204815528829182,-3.273513562492293,-4.256689300819685,-1.7604399540191404,0.7358093927814044,3.232058739581949,3.745187611303352,1.2836357704060322,-1.177916070491288,-3.6394679113886106,-3.1298549531483393,-0.639465462149662,1.85092402884902,4.341313519847702,3.2995712428546744,1.3747960238637136,-0.5499791951272508,-2.474754414118216,-0.06162908898315796,4.462708787320857,-0.2976280931331914,-0.647308101865594,54,0.05939716312056738,0.3333333333333333
0eb69a4c-0774-46b6-87dd-6686f639b7fa,frontierscience,deepseek/deepseek-v3.2_reasoning-auto_s2,chemistry,,deepseek/deepseek-v3.2,0,is_correct,False,,0.25,True,,,,22,0.24482462856693582,-2.0626293314967574,-2.307453960063693,1.743716726436391,6.996675984584724,-2.959502742808409,4.037173241776315,0.24277943131717744,0.417626613976222,-0.8138147397024086,-1.056594171019586,40.990873628440525,0.056291895141818156,12,11,0.631578947368421,0.6842105263157895,0.8968734113116517,6.099802573273072,4.687326462086144,6.996675984584724,0.6111111111111112,0.6666666666666666,3.9423047890841354,0.6955175731080081,0.7085198791660409,0.55,0.45,14,4.291981772646151,4.677780565474913,0.38579879282876206,2.3683105486419573,8.176708251440905,-3.4989276859659912,4.677780565474913,-0.44915070888488007,0.7890639744647931,-0.20556499027247513,0.24358571861240494,42.37493377304,0.009104410520028163,9.0,6.0,1.0,0.2631578947368421,8.176708251440905,0.0,5.393568235191158,6.573775827998251,0.1111111111111111,0.16666666666666666,3.1754461204787074,0.9616069091281055,0.9043067632568784,0.3,0.7,0.24482462856693582,-1.6154218453472058,1.6491920025070688,0.37276546347962913,1.088325899327744,-2.015462908056923,1.975232778742993,2.9422042420107593,0.8672572564083003,0.03752440392019457,-1.351116883163776,-0.6501532203098297,4.037173241776315,-2.959502742808409,0.1107585672828213,-0.5126935565731152,-1.3602239872496233,0.5850929781373997,-1.6431931083151765,-2.0626293314967574,4.291981772646151,-2.1931041085502994,-1.7449954114205686,3.6485728237705897,-2.9252030042276616,-3.4989276859659912,-0.7223793484463807,-0.1445052202766286,-0.18515216280319616,-0.4128696593235028,-0.3478281570135726,0.8275747796226693,2.260951781033003,3.52527646001478,-0.13198341634387623,-2.359922403673968,-0.8692142797320215,-2.077632076168984,-0.4724183311909145,4.677780565474913,0.8937041279317548,7.248315232074663,7.634114024903425,-0.667031318657294,36,0.10822510822510822,0.18681318681318682
62dc1c65-0200-41d8-91fd-aa3c606e46cc,frontierscience,deepseek/deepseek-v3.2_reasoning-auto_s2,physics,,deepseek/deepseek-v3.2,0,is_correct,False,,,True,,,,67,0.10620293550496449,-4.790533201644503,-4.8967361371494675,2.128197458237628,8.631942467546441,-4.790533201644503,3.8414092659019383,0.6525673364052693,-0.3197431062162957,-0.9884922031293933,-1.6410595395346625,44.860501484274955,0.10915473468048346,11,9,0.21052631578947367,1.0,0.0,8.631942467546441,4.970461472047196,5.572694525695731,0.6666666666666666,0.7777777777777778,3.946376726448246,0.7858086688851718,0.9658678492578489,0.45,0.55,2,-0.10761204973860927,0.10761204973860927,0.21522409947721854,0.06531803681849149,0.21522409947721854,-0.10761204973860927,0.10761204973860927,-0.07362929718957478,0.005663792091505744,0.07929308928108052,0.1529223864706553,0.21522409947721854,1.0,0.0,1.0,1.0,0.0,0.21522409947721854,0.0,0.011327584183011524,0.0,0.7222222222222222,0.6111111111111112,1.1564823173178714e-17,0.02831896045752875,0.02831896045752876,0.5,0.5,0.10620293550496449,0.869760758949506,-1.7222939761035905,2.539598771355111,3.8414092659019383,1.2122956088829397,-2.279002009653984,0.9382308455930835,-1.8791467070828023,0.6050589408944302,-0.6958988456457877,-1.2803811381630357,-2.448263155578577,2.5221983164686197,3.0814179341528405,-2.49127659154289,-0.42222568101121993,-0.06777457638593437,-1.2405611023446539,-4.790533201644503,-0.10761204973860927,-0.09628446555559778,-0.08495688137258627,-0.07362929718957477,-0.062301713006563265,-0.05097412882355176,-0.039646544640540266,-0.028318960457528755,-0.01699137627451726,-0.005663792091505762,0.005663792091505748,0.01699137627451726,0.02831896045752874,0.03964654464054024,0.05097412882355176,0.06230171300656326,0.07362929718957476,0.08495688137258625,0.09628446555559775,0.10761204973860927,-0.13626786445187314,4.546653287454021,4.761877386931239,-9.925130434479371,69,0.03889642695612845,1.0
b93b8a19-eaca-4495-946f-ba4b73e481c8,frontierscience,deepseek/deepseek-v3.2_reasoning-auto_s2,biology,,deepseek/deepseek-v3.2,0,is_correct,False,,0.4,True,,,,50,-0.36621032828698213,-0.4641221437145901,-0.09791181542760796,1.8258087468106416,7.349416286628656,-3.9193835369852907,3.430032749643365,-1.0573960926285733,0.34780932528248015,0.37779583177247683,1.43519192440105,34.779834961035405,0.002815189190440399,8,8,0.8947368421052632,0.10526315789473684,3.4552613932707006,3.894154893357955,4.826349124047553,2.989645186982015,0.8888888888888888,0.05555555555555555,2.9880314071589678,0.6887701186531278,0.8237867376925173,0.4,0.6,31,-1.9219426288950996,3.2110066914576865,5.132949320352786,1.9316504041688345,6.773397637803743,-3.5623909463460564,3.2110066914576865,0.17641842488299544,-0.7411848482791059,0.11535875218454124,-0.061059672698454207,50.144904060855026,0.10236233205518798,12.0,13.0,1.0,0.5263157894736842,6.773397637803743,0.0,6.095298409300854,4.557764443946356,0.5555555555555556,0.6111111111111112,4.5013336591307995,0.7788079064473455,0.941868528980622,0.45,0.55,-0.36621032828698213,-0.9297383500032756,-3.9193835369852907,-1.8964788406079687,-1.8828100758979438,-0.5027081378832965,2.0955566212647443,2.004117944411263,-0.8716025028038632,2.233874918363649,2.5081296695494393,0.3185940643454206,-2.510784448490804,-1.2476643683977433,-0.48791564637439877,0.6091556696622069,-1.3963163744041887,3.430032749643365,0.5759407358224671,-0.4641221437145901,-1.9219426288950996,1.1245406198264503,-0.6019789849164593,-0.7902438686323991,1.4101766416710488,2.489133616844,-0.47475642171657295,-1.7578248944870642,0.9338350749684414,-2.7590946073389944,-3.5623909463460564,2.5329074629547974,-2.024856980991558,1.449130953286692,-1.2732002795939734,-1.3471847633351999,2.1700319852194,0.2553950827183948,-2.3238962033590607,3.2110066914576865,-0.6634725588508732,-2.1212930440313826,3.0116562763214034,-0.3235731096336316,81,0.04897959183673469,0.06451612903225806
f8b3f2c7-7747-42d9-85bb-f8b370cc50e9,frontierscience,deepseek/deepseek-v3.2_reasoning-auto_s2,chemistry,,deepseek/deepseek-v3.2,0,is_correct,False,,0.6,True,,,,14,-1.9531839977769232,3.0182882320898248,4.971472229866748,2.265406747644559,8.308327217200116,-4.170242632339733,4.138084584860382,0.7056727305085543,-1.1000312083662178,0.3019151509976238,-0.4037575795109305,45.4862401312065,0.10929617870209495,8,9,0.47368421052631576,0.631578947368421,7.188530864429557,1.1197963527705577,5.072030228821215,4.993576556172904,0.0,0.5,3.1933684867170604,0.8958933326400276,0.9433442545909229,0.45,0.55,52,-2.5571591725353593,2.276634828598142,4.833794001133501,2.400487458954271,9.419857161212583,-6.128911498670561,3.290945662542021,0.4442475893556092,-0.07865272994213639,0.4667606804236013,0.022513091067992097,41.98522283823346,0.11513084067120041,8.0,7.0,0.631578947368421,0.47368421052631576,8.405546327268704,1.0143108339438789,6.39208233763256,5.36910792718243,0.5,0.2777777777777778,3.220714498279421,1.1356866961279029,0.867700291206107,0.7,0.3,-1.9531839977769232,3.1188462310442917,2.792939982087844,-1.6741711650223152,-0.31410874712100956,1.1795004975270427,1.7898863128209492,-2.916523950274911,0.2088175683633926,4.138084584860382,-0.8554919713125217,-3.766501897795088,-4.170242632339733,-0.3383601600650472,0.3423293378968663,-0.29023637349332443,-2.107299736410428,-0.48076446020715435,1.3291739061099583,3.0182882320898248,-2.5571591725353593,2.4405661282803695,1.7805671704808592,2.1986920390287015,1.9955782084978342,1.3102983394596446,-4.058809587722785,1.1926337130491316,-2.6952468908662435,-6.128911498670561,0.2631708389619989,1.0783106437506644,3.290945662542021,2.4485284216380343,0.38185322628125196,-1.0457229597372661,-0.868155714589925,0.5738875552245168,1.4820671467648883,2.276634828598142,0.7890250352747726,-4.7864223693504115,0.047371631783089896,1.7851919739711057,66,0.18681318681318682,0.0392156862745098
23cb57a5-1c57-4f6e-8205-7ffb6116a16a,frontierscience,deepseek/deepseek-v3.2_reasoning-auto_s2,chemistry,,deepseek/deepseek-v3.2,1,is_correct,True,,,True,,,,66,-0.06172612251431283,1.8848975542607131,1.946623676775026,2.1444796568929108,7.943004556622796,-3.8203353847028056,4.12266917191999,-0.8644762678317945,0.6640942985897169,-0.5338747455381087,0.3306015222936859,47.175401836451364,0.04126353143792225,11,9,0.3684210526315789,0.7368421052631579,5.705232938963519,2.237771617659277,5.58879217208251,5.34155145307637,0.3333333333333333,0.7222222222222222,4.505959444574856,0.8152007862361204,1.0454968991322802,0.45,0.55,2,-3.725290512666115,3.725290512666115,7.45058102533223,2.261165580034486,7.45058102533223,-3.725290512666115,3.725290512666115,-2.5488829823504995,0.19606792171926907,2.744950904069769,5.293833886420268,7.45058102533223,1.0,0.0,1.0,1.0,0.0,7.45058102533223,0.0,0.39213584343853913,0.0,0.5555555555555556,0.6111111111111112,4.934324553889585e-16,0.980339608596346,0.9803396085963462,0.5,0.5,-0.06172612251431283,1.8767214604903888,-2.3294673622030193,0.49678033869833693,-0.8619952788939254,-3.7055239102375106,-1.4661230001625196,4.12266917191999,1.6867888615329898,1.391403408714333,1.033351517440693,-2.7148147581100206,-2.3919541797435317,1.521216068373564,-3.8203353847028056,-0.29829818674984376,-1.9198690228216917,-1.3398307765064226,2.2901873432913984,1.8848975542607131,-3.725290512666115,-3.333154669227577,-2.941018825789038,-2.5488829823505,-2.1567471389119612,-1.764611295473423,-1.3724754520348847,-0.9803396085963461,-0.5882037651578078,-0.19606792171926957,0.19606792171926912,0.5882037651578083,0.9803396085963456,1.3724754520348839,1.764611295473423,2.1567471389119612,2.5488829823504995,2.9410188257890377,3.333154669227576,3.725290512666115,-1.2582490608847714,-6.8684371278116,0.5821438975206306,-2.8661427261826944,68,0.039627039627039624,1.0
163a8ed3-8fc0-492f-bd91-37ef359bec8a,frontierscience,deepseek/deepseek-v3.2_reasoning-auto_s2,biology,,deepseek/deepseek-v3.2,0,is_correct,False,,0.3,True,,,,29,0.294432611642875,0.17323108052288866,-0.12120153111998633,2.085553318389688,7.813426689776925,-3.5277175479085945,4.285709141868331,-0.0974390968968093,0.2143741801035098,0.4119264487663595,0.5093655456631687,58.40719499630924,0.0020751130255038798,15,10,0.21052631578947367,0.3157894736842105,3.700948628431483,4.112478061345443,6.3358045950101385,5.265660605607133,0.3333333333333333,0.5555555555555556,5.950821362436019,0.9172863190572442,0.7527811053049911,0.5,0.5,25,1.8777946799515695,2.2870052336569513,0.40921055370538184,1.8727236912527916,5.775995068418409,-3.059007260339826,2.7169878080785823,0.779608336479794,-0.43365182911807787,-0.2786291790559525,-1.0582375155357466,44.40968360982542,0.009214444248255037,11.0,10.0,0.5789473684210527,0.631578947368421,5.346012493996778,0.429982574421631,4.079712778749717,5.775995068418409,0.3888888888888889,0.6111111111111112,4.139202582497968,0.8330631836995451,0.7955671598397301,0.6,0.4,0.294432611642875,-1.8258475779592187,2.056460343315996,-1.4560806331773057,4.285709141868331,-0.5090300160597483,-3.5277175479085945,2.8080870471015436,-1.0805064320305688,-0.471360676136178,3.314091435752099,-1.951569169855034,-0.49057727738959667,-0.6275456667176964,-3.1153871088658818,1.7500038621111456,0.563904959159677,2.97629674417281,0.1235091554975174,0.17323108052288866,1.8777946799515695,0.947922528443023,0.8543271426635459,-1.2127096896832326,2.1711036579155505,1.880906652910673,-1.062086616842571,-3.0282889758063796,1.0514238029433374,0.016993981914013467,0.08051951760756104,2.7169878080785823,-3.059007260339826,-0.8141916782238336,2.1879189562670702,-2.6921908925967237,-2.611423008549304,0.5883597116390258,-1.4314450747527343,2.2870052336569513,0.698887536750281,2.403451136178962,2.8126616898843437,-2.2977085066140503,54,0.09113300492610837,0.08
d1cec1fb-13bb-475a-b2f1-956db5ef3b77,frontierscience,deepseek/deepseek-v3.2_reasoning-auto_s2,physics,,deepseek/deepseek-v3.2,1,is_correct,True,,,True,,,,62,-0.08074893765364774,-4.622147703360471,-4.541398765706823,2.9569842100468375,11.19468126615098,-4.622147703360471,6.572533562790509,1.4345881803318965,0.13011177191707773,0.08503715029444277,-1.3495510300374538,78.47663241357625,0.05786943993434118,13,14,0.2631578947368421,1.0,0.0,11.19468126615098,10.008600467341154,9.23359921956149,0.2222222222222222,0.5,7.763991161792199,1.5038311310917152,0.9306750027162412,0.6,0.4,2,3.65713815505857,-3.65713815505857,-7.31427631011714,2.219798667924833,7.31427631011714,-3.65713815505857,3.65713815505857,2.50225242188218,-0.19248095552939817,-2.6947333774115783,-5.196985799293758,7.31427631011714,1.0,0.0,1.0,0.0,1.0,0.0,7.31427631011714,-0.38496191105879607,0.38496191105879785,0.6111111111111112,0.7777777777777778,5.674473236973022e-16,0.9624047776469922,0.9624047776469918,0.5,0.5,-0.08074893765364774,0.9301911573551063,3.026078604230525,3.2354903953657463,-3.4360669045506453,6.572533562790509,-0.20536061521431992,2.3558017357365366,-1.7643081619047134,4.670735223380265,-4.562863996181225,1.9137028031286418,1.3489466134834434,-3.0512318142234047,0.29926553820641055,-0.8907719212363964,0.3888977930745332,1.4062439807203153,3.9287352143622654,-4.622147703360471,3.65713815505857,3.2721762439997732,2.8872143329409763,2.50225242188218,2.117290510823383,1.732328599764586,1.3473666887057894,0.9624047776469924,0.5774428665881954,0.19248095552939848,-0.19248095552939803,-0.5774428665881954,-0.9624047776469915,-1.3473666887057885,-1.7323285997645854,-2.1172905108233833,-2.5022524218821793,-2.8872143329409754,-3.2721762439997732,-3.65713815505857,1.1828772343459477,9.462163092764989,2.1478867826478485,-4.734112418344054,64,0.04283447911158118,1.0
20daab54-df1b-4006-a544-7198daee7847,frontierscience,deepseek/deepseek-v3.2_reasoning-auto_s2,physics,,deepseek/deepseek-v3.2,0,is_correct,False,,,True,,,,85,-2.467831439975027,0.2807646205334271,2.7485960605084543,2.198400301793681,8.129868395467504,-4.584397862019587,3.545470533447917,-0.2355262584514431,-0.27594435452619565,-1.1488523745025898,-0.9133261160511468,51.81903571391081,0.05304220780338825,10,9,0.3157894736842105,0.631578947368421,4.865162482553014,3.26470591291449,7.199590148166765,5.175356876699886,0.6666666666666666,0.7222222222222222,4.519354509260752,0.7148990560089954,1.2385694829019458,0.35,0.65,2,3.7674976062824825,-3.7674976062824825,-7.534995212564965,2.286784314196059,7.534995212564965,-3.7674976062824825,3.7674976062824825,2.577761520088014,-0.19828934769907786,-2.7760508677870916,-5.353812387875106,7.534995212564965,1.0,0.0,1.0,0.0,1.0,0.0,7.534995212564965,-0.3965786953981558,0.3965786953981567,0.0,0.7777777777777778,3.20731096002823e-16,0.9914467384953902,0.9914467384953902,0.5,0.5,-2.467831439975027,-0.7725764329699074,2.5116378707280314,-2.5739329958443857,-2.6166398477080173,0.7251885031612871,3.545470533447917,2.5846162106999957,-1.5382935456890627,-0.6488852041178994,2.035111095462072,-2.3949534621660655,-4.584397862019587,2.6151922861471775,-2.5601645905527084,-0.003198213069535605,-2.5315104080161426,-1.3363979563807589,-0.7426076995298205,0.2807646205334271,3.7674976062824825,3.3709189108843267,2.9743402154861704,2.577761520088014,2.1811828246898584,1.7846041292917023,1.3880254338935463,0.9914467384953904,0.5948680430972342,0.19828934769907836,-0.1982893476990779,-0.5948680430972342,-0.99144673849539,-1.3880254338935458,-1.7846041292917016,-2.1811828246898584,-2.577761520088014,-2.97434021548617,-3.370918910884326,-3.7674976062824825,1.3009558669978765,4.787688852746932,-2.747306359818033,-2.67720816382516,87,0.029131652661064426,1.0
f10254b9-f0a1-407f-8af9-3169e23eee5e,frontierscience,deepseek/deepseek-v3.2_reasoning-auto_s2,physics,,deepseek/deepseek-v3.2,0,is_correct,False,,,True,,,,239,-2.497517773995483,-0.11961002648494914,2.377907747510534,2.1326217867648407,8.089414829152242,-4.120660957965625,3.968753871186617,-0.7184439504294193,-0.7484525417597637,-0.10800483110590786,0.6104391193235115,52.280853912017065,0.04548333796368918,13,14,0.8947368421052632,0.3157894736842105,4.001050931480676,4.088363897671567,5.420642788312907,4.09901801645792,0.8888888888888888,0.2222222222222222,4.9617300705030525,0.5921780007198704,1.1379932223178568,0.4,0.6,3,1.8125968800246413,-3.5123714515185873,-5.324968331543229,1.7905096934729468,5.324968331543229,-3.5123714515185873,1.8125968800246413,1.7769687825938951,1.0803840783253424,-2.140754077041605,-3.9177228596355,5.324968331543229,1.0,0.0,1.0,0.0,1.0,0.0,5.324968331543229,-0.011876032476915155,0.5486469497907938,0.1111111111111111,0.7777777777777778,0.029820606517438033,1.0110979889604246,0.6532507107511729,0.65,0.35,-2.497517773995483,1.491619369708896,0.40510317605291823,-1.037355292033555,2.414360920842417,-1.6846570956155031,-4.120660957965625,0.007457848121226518,-2.8773678374202207,-3.497679112590932,-2.1834949305359355,2.7690493974294794,-0.0707507789620232,0.6136176216400602,-3.2150711587453977,0.1735978094157944,-1.4518889171262899,3.968753871186617,-0.0038105648812218895,-0.11961002648494914,1.8125968800246413,1.8007208475477259,1.7888448150708105,1.7769687825938953,1.76509275011698,1.7532167176400646,1.7413406851631492,1.729464652686234,1.7175886202093187,1.7057125877324033,1.4254510965985494,0.876804146807756,0.32815719701696366,-0.22048975277382876,-0.7691367025646221,-1.3177836523554158,-1.8664306021462078,-2.4150775519370007,-2.963724501727794,-3.5123714515185873,0.8798232792908477,2.812030185800438,-2.5129381457427904,-4.991014121172714,242,0.009071410991174712,0.6666666666666666
e2aee1ae-6baa-4d30-a409-e0fc9c90f1fb,frontierscience,deepseek/deepseek-v3.2_reasoning-auto_s2,chemistry,,deepseek/deepseek-v3.2,0,is_correct,False,,0.2,True,,,,37,-2.7375314949748013,-4.313047905565179,-1.575516410590378,2.798555668744194,9.185611218644317,-4.313047905565179,4.872563313079137,-0.29301560366361645,1.3311302428950846,0.10733848865992357,0.40035409232354,86.02982910640222,0.018313606187009505,15,16,0.6842105263157895,1.0,0.0,9.185611218644317,7.33127057771081,8.332390008468577,0.6666666666666666,1.0,8.273064890057006,1.4337384865159057,1.038196816186915,0.45,0.55,8,0.43124260514103296,-0.11679425702304203,-0.548036862164075,1.7278555827685713,6.72480682405322,-2.7073067276397307,4.01750009641349,1.616591010820255,-1.5562800056141772,-0.1541791053784785,-1.7707701161987335,13.294900409151635,0.04122158461501751,3.0,1.0,0.2631578947368421,0.5789473684210527,2.5905124706166887,4.134294353436532,1.6857556030719525,2.4811470000507736,0.16666666666666666,0.3333333333333333,0.5743242731478668,0.607857928669602,0.6330028084610183,0.4,0.6,-2.7375314949748013,4.562109723206912,-0.7212352839862068,-0.8344677513521384,-2.7029380387767663,1.2659300147893608,-0.8829763945516749,3.0005739789818398,-1.749708109648072,2.174777935572473,-0.3130719049225754,3.7914837518344617,-2.4587072646316726,4.872563313079137,1.3427987652469697,-2.8767294174544067,3.6451901447035637,-1.173522757874804,4.019342102903398,-4.313047905565179,0.43124260514103296,0.332911699338715,0.23458079353639705,0.645988890269585,2.3317444933415374,4.01750009641349,3.3221684977010275,0.8410214976502539,-1.6401255024005197,-2.2627368479297245,-2.575592251038667,-2.7073067276397307,-1.752175645193528,-0.7970445627473248,-0.23197953898124776,-0.1870025934553402,-0.14202564792943276,-0.12591697758019152,-0.12135561730161677,-0.11679425702304203,0.15320261976416796,4.89749313047038,4.349456268306305,-2.6506451650506406,45,0.06306306306306306,0.32142857142857145
078d0957-0a51-46be-b820-da8f749b30b5,frontierscience,deepseek/deepseek-v3.2_reasoning-auto_s2,chemistry,,deepseek/deepseek-v3.2,1,is_correct,True,,,True,,,,18,-2.3988241604457823,6.348893536194035,8.747717696639818,3.3654982769988546,11.76857225553471,-4.916557376031409,6.852014879503301,-0.5197537925265605,-1.5345400909713942,2.3813579596878154,2.901111752214376,64.72439802959553,0.13515332645720216,10,7,0.7894736842105263,0.42105263157894735,11.265450912225443,0.5031213433092656,6.880425134654137,6.040322683664762,0.0,0.8888888888888888,4.6283579737768274,1.423238937246402,1.4278344085643415,0.4,0.6,2,1.2076351951787636,-1.2076351951787636,-2.415270390357527,0.7330067621013986,2.415270390357527,-1.2076351951787636,1.2076351951787636,0.826276712490733,-0.06355974711467167,-0.8898364596054047,-1.7161131720961378,2.415270390357527,1.0,0.0,1.0,0.0,1.0,0.0,2.415270390357527,-0.1271194942293432,0.12711949422934365,0.8888888888888888,0.0,1.4802973661668753e-16,0.3177987355733588,0.31779873557335875,0.5,0.5,-2.3988241604457823,4.481600974208355,2.807378387283765,-2.796946485411488,-3.120846735324962,-0.9897673456011911,-1.6208711823946207,-4.431869116701329,-4.916557376031409,-1.7139413765783853,-0.03233772423848724,-1.790791108698832,3.1046986026903403,-0.9609825372416578,2.0280124291197783,6.852014879503301,2.2573696610460763,-3.7829530226186856,0.5848102748823888,6.348893536194035,1.2076351951787636,1.08051570094942,0.9533962067200765,0.8262767124907331,0.6991572182613894,0.572037724032046,0.44491822980270246,0.3177987355733589,0.19067924134401526,0.06355974711467183,-0.0635597471146716,-0.19067924134401526,-0.3177987355733587,-0.4449182298027021,-0.5720377240320458,-0.6991572182613894,-0.8262767124907331,-0.9533962067200763,-1.08051570094942,-1.2076351951787636,1.4920685317553701,-3.6491898092599016,-6.064460199617429,-10.919023412539424,20,0.23529411764705882,1.0
3182a1e3-e9ad-4d4b-8ef8-de88a9f811b8,frontierscience,deepseek/deepseek-v3.2_reasoning-auto_s2,physics,,deepseek/deepseek-v3.2,0,is_correct,False,,0.0125,True,,,,159,2.4476772477747506,-0.0777121346060437,-2.5253893823807942,1.7995293922804148,6.514724919112753,-2.141340437582758,4.373384481529995,0.7843596108312878,1.3991750473987068,0.1423697009051866,-0.6419899099261012,43.09067501584912,0.05860640107057813,13,9,0.6842105263157895,0.8421052631578947,2.0636283029767144,4.451096616136039,4.7770828590044,4.498555024052261,0.8888888888888888,0.9444444444444444,3.8219704653636137,1.2311191913706874,0.42417115071863315,0.6,0.4,13,-4.505920153376632,3.1453105697183013,7.651230723094933,2.444016502857362,9.614596459984096,-4.505920153376632,5.108676306607464,-0.08532758078080104,-0.6436829613763232,1.1153169526160338,1.2006445333968347,42.67785872755147,0.17927869277461062,8.0,7.0,0.15789473684210525,0.0,7.651230723094933,1.9633657368891626,4.675769376935401,4.629380742802979,1.0,0.8888888888888888,2.495324950065724,1.1339537290231747,1.0545123329933581,0.45,0.55,2.4476772477747506,0.8666459241694238,-1.014843648285087,-2.1066927745736663,2.497069744286169,3.038274366260733,-0.237613583813308,1.9279637097581355,0.9030089164818804,1.60303733379041,-0.8331107826858422,1.1616665233456733,0.6582751495706942,4.373384481529995,2.5096380090242385,-0.2092970501953402,-2.141340437582758,2.635742421421642,-1.862812602630619,-0.0777121346060437,-4.505920153376632,-1.2717060271944334,1.9366122405870303,5.108676306607464,1.7202140559043713,-1.8010026344198868,-1.7841668535735207,-1.7910517088824491,-1.7354441496428468,-0.8619565315152905,0.627925927155033,2.734203226368127,-1.0431499157173554,-2.4363075773994796,2.0086767110521286,3.09715710119622,2.300298441874816,-2.329082300928163,-1.5304588072170997,3.1453105697183013,-0.6949424329907379,-5.123150451761326,2.5280802713336072,-2.097438065698565,172,0.012578616352201259,0.1794871794871795
4c2bdcf2-82c0-4190-b2fc-9696d2ef499a,frontierscience,deepseek/deepseek-v3.2_reasoning-auto_s2,biology,,deepseek/deepseek-v3.2,0,is_correct,False,,0.0,True,,,,105,2.6602904206443836,-2.3473177188917407,-5.007608139536124,1.9091259493334125,6.764764187406609,-3.376932041811491,3.3878321455951173,-0.12105169461313624,1.32155494989282,0.4693023578827428,0.590354052495879,43.75948724268405,0.11443479928740077,12,9,0.42105263157894735,0.3157894736842105,1.0296143229197505,5.735149864486858,4.556214264454517,5.013533829678858,0.5555555555555556,0.2777777777777778,3.5716926549355867,1.127358034464001,0.5663911877512888,0.7,0.3,17,2.369252123106142,0.13715438764947283,-2.2320977354566693,2.0625112794295513,7.856209536848757,-3.3081713636009655,4.548038173247792,0.8377062496190023,-0.4338856328875945,-0.3844521193998726,-1.2221583690188749,61.007559244697724,0.036587232190421794,14.0,14.0,0.3157894736842105,0.7368421052631579,3.4453257512504383,4.410883785598319,5.428883538853521,6.008476560360095,0.2777777777777778,0.3333333333333333,5.993480403339959,0.9115460850988331,0.885544505062802,0.55,0.45,2.6602904206443836,1.1551192857325745,-1.9618596282869407,-1.5991247259116297,0.6385430394737839,1.6366017878673662,-3.376932041811491,0.010227226862194794,3.3878321455951173,0.10144351765147921,-1.8516359575356105,2.7045783069189064,1.7119980971644246,3.18644131259323,0.9557966770107227,2.4488661626337365,0.6513894092137523,-0.19095368258836481,1.2980332999183508,-2.3473177188917407,2.369252123106142,-1.4748595423782405,2.676307117186267,1.054656650429541,-2.428605408652757,-0.8808453656057282,4.548038173247792,-1.460438387112303,0.9902019777260533,-1.9601802025173902,-1.9172560443604794,1.0633007236024574,-1.750617449411536,1.9977899518600366,-3.3081713636009655,1.1913734507334661,0.19491647746080787,-2.5299163376166405,2.0079306689746232,0.13715438764947283,-0.007304345550517796,4.709265496447365,2.477167760990696,-0.3380711811445565,122,0.022344322344322345,0.11764705882352941
ff4a744b-45ac-46d9-b0ba-6461a71e278a,frontierscience,deepseek/deepseek-v3.2_reasoning-auto_s2,chemistry,,deepseek/deepseek-v3.2,1,is_correct,True,,,True,,,,73,-2.524975668889312,2.1334772511724043,4.658452920061716,2.2556384927769697,8.257794075832798,-4.430127798595107,3.827666277237692,-1.5097300899236454,0.03875056188318788,0.7441512791453689,2.2538813690690143,49.050812141156314,0.09497198347411295,16,9,0.47368421052631576,0.7368421052631579,6.563605049767512,1.6941890260652879,6.614320662267416,7.096037454802778,0.7777777777777778,0.7222222222222222,5.394350198619606,0.8474649836049064,1.1390624346754559,0.45,0.55,2,2.59949389749616,-2.59949389749616,-5.19898779499232,1.5778329519652217,5.19898779499232,-2.59949389749616,2.59949389749616,1.7786010877605303,-0.13681546828927144,-1.915416556049802,-3.6940176438103323,5.19898779499232,1.0,0.0,1.0,0.0,1.0,0.0,5.19898779499232,-0.27363093657854254,0.2736309365785434,0.8888888888888888,0.05555555555555555,3.20731096002823e-16,0.6840773414463579,0.6840773414463578,0.5,0.5,-2.524975668889312,-2.7905677765014802,-0.6229886270494331,-1.7281738133519196,-0.8199928926291644,-2.1976768207172985,0.11626496967308979,-2.5109790397283094,-2.522750258295413,3.827666277237692,-2.442472212386963,1.4444232955123526,-0.19054378536471495,2.665909656207671,-4.430127798595107,2.184192863672309,0.9100445561775754,1.0004317234958562,2.6668890789491755,2.1334772511724043,2.59949389749616,2.325862960917617,2.0522320243390735,1.7786010877605305,1.5049701511819873,1.2313392146034443,0.9577082780249011,0.6840773414463579,0.4104464048678147,0.1368154682892717,-0.13681546828927127,-0.4104464048678147,-0.6840773414463577,-0.9577082780249007,-1.231339214603444,-1.504970151181987,-1.7786010877605305,-2.052232024339073,-2.3258629609176165,-2.59949389749616,-0.049502092086079974,0.4165145542376756,-4.782473240754644,-5.017473169835256,75,0.0350076103500761,1.0
783fc5fc-cf8a-44be-9c48-3b8f86e96720,frontierscience,deepseek/deepseek-v3.2_reasoning-auto_s2,chemistry,,deepseek/deepseek-v3.2,0,is_correct,False,,0.1,True,,,,61,-2.686027883783819,-4.7930285857539445,-2.1070007019701253,2.6258711812321245,10.562626706525322,-4.7930285857539445,5.769598120771377,-0.31008680975971126,1.116314981280161,-0.7301315913243599,-0.42004478156464864,59.427837483180184,0.0354547766030771,13,8,0.8947368421052632,1.0,0.0,10.562626706525322,5.755539824186657,7.999957845779024,0.8888888888888888,0.9444444444444444,5.859922492785551,1.1081691990163391,1.0450288163814896,0.65,0.35,31,2.7921023078030167,2.7956138972416475,0.0035115894386308355,2.0006872692509208,6.228031403505385,-2.92321048125603,3.3048209222493554,0.9099105365118244,-0.6089450833778843,0.07071337540512257,-0.8391971611067018,47.60444100120827,7.376600512002033e-05,11.0,10.0,0.47368421052631576,0.8421052631578947,5.718824378497677,0.5092070250077079,5.620998089916714,5.105674358342822,0.8888888888888888,0.9444444444444444,4.11493084746519,0.9709292720140944,0.8443773507956787,0.5,0.5,-2.686027883783819,-1.6655547708699396,0.6268000749515085,0.3492715101624091,0.6074534290812448,3.303817583330637,-2.706367611190019,1.6941698254224942,0.10966101761989606,1.8723732153710655,-2.6315649106599643,1.7423879769414419,2.6084019633029194,2.418775780963274,-4.187672840364459,1.0466151858237942,0.014058296584719798,5.769598120771377,-2.230359725007647,-4.7930285857539445,2.7921023078030167,0.6768235917073531,1.131879193538007,-1.2678808910949977,1.194728311106312,1.90784419673611,-0.06612295421303038,-2.092955899237235,-1.4865437322444925,3.3048209222493554,-0.6908538824987014,-2.3520596324399845,-2.2631483558189194,1.3181249963447872,1.5988604148946153,-1.336884437428044,-2.92321048125603,2.697787608660684,-2.4078867496821377,2.7956138972416475,-0.20395534151635197,7.3811755520406095,7.38468714147924,-1.4491475531296274,92,0.034972677595628415,0.07096774193548387
1a5d24e0-9af4-4b36-98d1-2845df696d90,frontierscience,deepseek/deepseek-v3.2_reasoning-auto_s2,physics,,deepseek/deepseek-v3.2,0,is_correct,False,,0.225,True,,,,20,-2.602349770781651,-2.727144036998774,-0.12479426621712264,2.949782226280901,9.83348111280057,-5.002316236247894,4.831164876552676,0.2503533109242439,-0.3941980368514339,0.167818846915055,-0.0825344640091889,86.06052933936766,0.0014500755128406648,13,12,0.05263157894736842,0.5789473684210527,2.27517219924912,7.55830891355145,8.291676652373326,9.826540948188452,0.2777777777777778,0.5555555555555556,8.007093317260919,1.2258025195445832,1.225802519544583,0.55,0.45,34,0.09511812211561237,0.08939289462902282,-0.005725227486589546,1.8220948891802036,6.889320706861465,-3.4801969448699364,3.4091237619915282,-0.3669384330311017,0.15375899454480738,0.7607502849581236,1.1276887179892252,48.76007691057966,0.00011741629319184525,13.0,12.0,0.8421052631578947,0.3157894736842105,3.5695898394989594,3.3197308673625052,6.589887227162383,6.193094818878615,0.3333333333333333,0.2777777777777778,4.464470819249232,0.7493782300343297,0.5957659480170955,0.6,0.4,-2.602349770781651,4.831164876552676,-2.2074994432648873,4.109205585247131,-2.4141093745173388,-4.127807674569774,4.163868977803552,0.12181927355660971,-2.6532490924714063,0.15838791803659458,4.824224711940558,-5.002316236247894,-0.33706878857716394,0.12881595580266403,2.3922188456300395,-2.444505973462772,2.3295263444529644,0.08844394885945572,1.3683739530094163,-2.727144036998774,0.09511812211561237,-2.853360892344987,0.14795381210497371,0.5499513330468208,0.25906766472112563,2.712897874008679,-3.4801969448699364,3.109690282292447,-0.40389141571455234,0.4984628197384149,1.1454281615843667,-0.19307824389581996,-2.426846714903631,-0.6534519272875734,2.5509704095562853,-0.25080477998513584,3.4091237619915282,0.4195074648973165,-1.653688041340275,0.08939289462902282,-0.1905835712365465,2.6316785878778397,2.62595336039125,0.15554210477824526,54,0.1631578947368421,0.058823529411764705
677d66f3-b5f3-432d-bb04-2a8807d5491f,frontierscience,deepseek/deepseek-v3.2_reasoning-auto_s2,chemistry,,deepseek/deepseek-v3.2,0,is_correct,False,,,True,,,,46,-0.028792306374412328,-0.1317949670957922,-0.10300266072137987,2.172519156901494,7.861576691651573,-3.2212457111458934,4.64033098050568,1.1129884226805014,0.382598185156828,0.1773878802368749,-0.9356005424436264,56.419825228780454,0.0018256465755380775,15,14,0.42105263157894735,0.631578947368421,3.0894507440501013,4.772125947601472,6.553154648496186,7.782115545718879,0.5555555555555556,0.6111111111111112,5.776519290566442,1.1151297140673087,0.538458037253181,0.5,0.5,2,0.004110550846094796,-0.004110550846094796,-0.008221101692189592,0.002495009733219223,0.008221101692189592,-0.004110550846094796,0.004110550846094796,0.002812482157854334,-0.00021634478137341005,-0.003028826939227744,-0.005841309097082078,0.008221101692189592,1.0,0.0,1.0,0.0,1.0,0.0,0.008221101692189592,-0.0004326895627468196,0.00043268956274682135,0.6666666666666666,0.5555555555555556,4.336808689942018e-19,0.0010817239068670517,0.0010817239068670512,0.5,0.5,-0.028792306374412328,2.555368781940339,-0.5213803141008944,3.6994123587195578,2.3389548690325834,-0.33915493438015876,0.08651050392649573,-0.9027990471953355,4.64033098050568,-2.8691838915791394,-1.9922848139231997,4.560869834572986,-3.2212457111458934,2.462499944862698,0.22455699522132982,1.5827250862894262,-0.001195101886017652,-0.7613296573827749,0.15136492627507803,-0.1317949670957922,0.004110550846094796,0.0036778612833479754,0.003245171720601155,0.002812482157854334,0.0023797925951075135,0.001947103032360693,0.0015144134696138721,0.0010817239068670517,0.0006490343441202312,0.00021634478137341068,-0.0002163447813734098,-0.0006490343441202312,-0.0010817239068670517,-0.0015144134696138713,-0.0019471030323606926,-0.002379792595107513,-0.0028124821578543336,-0.003245171720601154,-0.0036778612833479746,-0.004110550846094796,-0.044081447187083296,0.0918240707548037,0.08360296906261411,-10.438247918379169,48,0.06280193236714976,1.0
aeaa8d2c-fcb9-423f-b1c0-ac9c122999e6,frontierscience,deepseek/deepseek-v3.2_reasoning-auto_s2,physics,,deepseek/deepseek-v3.2,1,is_correct,True,,,True,,,,47,2.539178831516439,-4.780712168029067,-7.319890999545507,2.503489359726942,8.368997719179989,-4.780712168029067,3.5882855511509213,0.4415623037500345,-1.3636516219337496,-1.117239686274304,-1.5588019900243384,61.16737839996553,0.11966985002498705,13,11,0.7368421052631579,1.0,0.0,8.368997719179989,6.5365122318689135,7.41989186444097,0.2777777777777778,0.7777777777777778,5.83029088707816,0.7851556789661271,1.4430588462127187,0.45,0.55,2,1.11126734552208,-1.11126734552208,-2.22253469104416,0.6745136958761603,2.22253469104416,-1.11126734552208,1.11126734552208,0.7603408153572128,-0.05848775502747779,-0.8188285703846905,-1.5791693857419031,2.22253469104416,1.0,0.0,1.0,0.0,1.0,0.0,2.22253469104416,-0.11697551005495566,0.1169755100549561,0.4444444444444444,0.7777777777777778,1.295260195396016e-16,0.2924387751373895,0.2924387751373894,0.5,0.5,2.539178831516439,2.9062572893143925,1.635267851939982,-1.586211822390978,-1.6683262991839907,-3.635870978407258,2.9006412534616555,-4.215386507961414,-1.9106753109879777,0.1321356433598752,-2.550914482104636,1.2081999783229431,-2.23381500332976,0.02489432916472148,3.5882855511509213,-3.831606313290049,-0.4780506793186534,-1.9696073592505865,0.7682528510916118,-4.780712168029067,1.11126734552208,0.9942918354671243,0.8773163254121685,0.7603408153572127,0.6433653053022569,0.5263897952473011,0.40941428519234535,0.2924387751373896,0.1754632650824337,0.05848775502747805,-0.05848775502747783,-0.1754632650824337,-0.29243877513738936,-0.409414285192345,-0.5263897952473009,-0.643365305302257,-0.7603408153572127,-0.8773163254121683,-0.994291835467124,-1.11126734552208,1.2430136874458186,7.134993200996966,4.912458509952806,-10.319133673563158,49,0.06105457909343201,1.0
1440c195-fba2-48dc-a03d-7b9420891daf,frontierscience,deepseek/deepseek-v3.2_reasoning-auto_s2,chemistry,,deepseek/deepseek-v3.2,1,is_correct,True,,,True,,,,101,-2.5534520782335415,0.3163449323018979,2.8697970105354393,2.4644177867211057,10.547019678413943,-7.090802446234103,3.4562172321798386,-0.8743745508309965,-0.7055125736841665,-0.08787894771377484,0.7864956031172217,61.083527362151116,0.04698152078744616,14,11,0.2631578947368421,0.21052631578947367,7.407147378536001,3.1398722998779407,10.547019678413943,7.617176510025695,0.2222222222222222,0.16666666666666666,5.826998817796289,0.5950664826993719,1.1743906605938115,0.55,0.45,2,2.545548206706899,-2.545548206706899,-5.091096413413798,1.5450891595578582,5.091096413413798,-2.545548206706899,2.545548206706899,1.7416908782731415,-0.13397622140562607,-1.8756670996787674,-3.617357977951909,5.091096413413798,1.0,0.0,1.0,0.0,1.0,0.0,5.091096413413798,-0.26795244281125186,0.26795244281125274,0.8888888888888888,0.0,2.9605947323337506e-16,0.6698811070281312,0.6698811070281312,0.5,0.5,-2.5534520782335415,0.10390488679012716,0.08552907305126434,0.5263740637915926,-7.090802446234103,3.4562172321798386,-0.6483925871621539,-1.8537555171049345,0.1742074542488145,-2.6548113236950255,0.9128994407357578,2.172868871561023,-3.342438627908213,-0.34755831362658807,-4.493228807292738,0.10984463635090869,3.167969821060355,0.8751692419158563,-0.5033735106189292,0.3163449323018979,2.545548206706899,2.277595763895646,2.009643321084394,1.7416908782731415,1.4737384354618888,1.2057859926506365,0.9378335498393839,0.6698811070281314,0.4019286642168787,0.13397622140562637,-0.13397622140562593,-0.4019286642168787,-0.669881107028131,-0.9378335498393833,-1.205785992650636,-1.4737384354618888,-1.7416908782731415,-2.0096433210843934,-2.277595763895646,-2.545548206706899,-0.14326390451137078,2.08593936989363,-3.0051570435201675,-7.620507540555522,103,0.023762376237623763,1.0
4525a8e7-9e13-47c9-8b87-c0a97ebd355e,frontierscience,deepseek/deepseek-v3.2_reasoning-auto_s2,biology,,deepseek/deepseek-v3.2,0,is_correct,False,,0.4,True,,,,57,-0.12670072495728266,0.5005076628768657,0.6272083878341483,2.6001097994290765,9.924783914785236,-3.763953549998487,6.160830364786748,0.539532892438271,-0.9063040199109549,0.8671614766989405,0.32762858426066954,51.77574894858778,0.01211394138319376,8,9,0.8421052631578947,0.47368421052631576,4.264461212875353,5.660322701909882,5.529113047463712,9.78601737578871,0.2777777777777778,0.8888888888888888,3.8422391054138814,1.1000979841749157,0.9683194357806728,0.5,0.5,12,5.107375146212619,-2.5243438371102003,-7.63171898332282,2.469920411193041,9.47748165541842,-4.370106509205801,5.107375146212619,-0.2997402993037984,0.5853822940888479,-0.44228748734586526,-0.14254718804206684,47.075481039618715,0.16211664362813344,8.0,9.0,0.0,0.15789473684210525,1.8457626720956006,7.63171898332282,4.275306942539919,4.285377125666294,0.2222222222222222,1.0,3.039140125063412,1.0300904156702484,1.0628019636992405,0.45,0.55,-0.12670072495728266,2.306468220079245,4.081181590671486,0.8589442904059046,-3.067334885709665,-2.902470645442751,2.6266424020209604,0.3975887306007593,-0.6098925102621742,-3.763953549998487,-1.0378663544843445,-0.3084531948455074,0.6137946079002898,-1.63534586828722,1.074860917556039,3.381140896600015,6.160830364786748,-3.625187011001962,-2.289183970624063,0.5005076628768657,5.107375146212619,0.9028270776273075,-2.6296861587428224,-4.370106509205801,-2.8292210634853823,1.446085879054536,0.274543533412954,-1.5503945844509515,2.194819104754174,3.1261131319782542,-0.8669522492645259,-0.611892729964693,2.0706667325023367,-0.26468334693265794,-2.5732175223848515,-2.5030208360584636,-0.5325204363844609,3.7183444193066912,1.7610332885560935,-2.5243438371102003,0.04135366288447634,4.64822114622023,-2.9834978371025898,-2.062400376981227,69,0.03822055137844611,0.18181818181818182
7fbca2d0-9e5c-48f8-953c-acab7e25598c,frontierscience,deepseek/deepseek-v3.2_reasoning-auto_s2,physics,,deepseek/deepseek-v3.2,0,is_correct,False,,0.215,True,,,,205,-0.10614955609693999,-2.2969135447947218,-2.190763988697782,1.8693763089256183,6.525360260271025,-3.8471912540178117,2.678169006253214,-0.3342838628543065,-0.940092145340303,0.2710050882150305,0.605288951069337,43.33988938598284,0.05054844439465338,13,8,0.8947368421052632,0.15789473684210525,1.55027770922309,4.975082551047936,5.9603598871917605,5.163541608151357,0.16666666666666666,0.1111111111111111,4.207483007869473,0.6098078754173515,0.9745379518209558,0.45,0.55,73,-0.18561264027801322,2.7133599588766795,2.8989725991546926,2.0142080980247905,7.756602381730481,-3.875450698691513,3.8811516830389676,-1.10530091097283,-0.09567660999168415,0.12937462232803335,1.2346755333008634,44.211908046802925,0.06556994998012361,11.0,9.0,0.47368421052631576,0.7894736842105263,6.588810657568192,1.1677917241622882,6.427185966471006,5.637414797553824,0.4444444444444444,0.5,4.015478774997076,0.6498282947487868,1.0313580403879565,0.4,0.6,-0.10614955609693999,1.0016171306370159,1.3163503541335453,-3.8471912540178117,2.1131686331739483,-1.789932982709594,-1.0278493651003093,-3.280611635207187,-0.34667119766946586,-0.6700751854298588,2.314297710825295,-1.7833821371423484,-3.1631241587873102,0.3489215860287538,0.9338183160846586,0.26380553130705864,1.2260092399035396,2.678169006253214,-1.178858019463567,-2.2969135447947218,-0.18561264027801322,-2.225698783470971,-1.4086782512977178,-0.09288326271075399,-3.2706794585452803,0.0013737825171888929,-0.5549277630242626,1.067825207770903,-2.5460342834320384,3.8811516830389676,-1.756263114514856,-1.7950562207168357,-1.2381252876928497,1.7167657456049203,0.11555633054543814,-3.875450698691513,-1.6777510433840397,0.9577419730752355,2.5427912135464004,2.7133599588766795,0.12078417455972174,2.2320850790764304,5.131057678231123,-0.008479369981767348,278,0.010282161645145864,0.0273972602739726
e1b0b588-915d-46ad-990e-ba5aa554053e,frontierscience,deepseek/deepseek-v3.2_reasoning-auto_s2,physics,,deepseek/deepseek-v3.2,0,is_correct,False,,,True,,,,37,3.0635336640946327,-2.409774041853231,-5.473307705947864,2.843659265240059,8.839309118387337,-4.158470385262692,4.680838733124646,0.7797821302476515,0.42932923135221207,-0.19165696546656416,-0.9714390957142157,86.39975133834535,0.06334865113805874,14,13,0.47368421052631576,0.8421052631578947,1.7486963434094611,7.090612774977878,7.85769804851234,8.294372078156535,0.05555555555555555,0.5,7.643832545283492,1.4504731736244576,1.0847812867044746,0.55,0.45,2,3.7016506924770507,-3.7016506924770507,-7.403301384954101,2.246816753399899,7.403301384954101,-3.7016506924770507,3.7016506924770507,2.53270836853693,-0.1948237206566866,-2.727532089193616,-5.260240457730546,7.403301384954101,1.0,0.0,1.0,0.0,1.0,0.0,7.403301384954101,-0.3896474413133726,0.38964744131337437,0.6111111111111112,0.5555555555555556,6.167905692361981e-16,0.9741186032834346,0.9741186032834342,0.5,0.5,3.0635336640946327,-3.9407674321404063,3.9169306163719333,1.8148005698662555,0.3799062857293478,2.807256573322513,-2.5831853655107158,1.4797538055229709,-0.7145391389796701,4.680838733124646,-3.613533345031889,3.254194047033229,1.0206752119493188,-3.1020846941531217,2.419297359151625,-0.88855771343554,-4.158470385262692,-0.2847136177222249,4.172276606322678,-2.409774041853231,3.7016506924770507,3.3120032511636768,2.9223558098503033,2.5327083685369294,2.143060927223556,1.753413485910182,1.3637660445968085,0.9741186032834346,0.5844711619700607,0.19482372065668718,-0.19482372065668674,-0.5844711619700611,-0.9741186032834337,-1.3637660445968072,-1.7534134859101815,-2.143060927223556,-2.5327083685369294,-2.922355809850302,-3.3120032511636763,-3.7016506924770507,1.2184293661118448,7.329854100442127,-0.07344728451197469,-4.552830713100931,39,0.08408408408408409,1.0
218df0c2-18db-495f-8c53-eb6758feaff2,frontierscience,deepseek/deepseek-v3.2_reasoning-auto_s2,physics,,deepseek/deepseek-v3.2,1,is_correct,True,,,True,,,,40,-2.466143861944545,-4.648774928577023,-2.182631066632478,2.4743419819365444,9.246355715019085,-4.648774928577023,4.5975807864420615,-0.02990890055292799,-0.4815923801440058,0.08443566053398488,0.11434456108691288,56.485859973299604,0.038640308701402254,12,10,0.10526315789473684,1.0,0.0,9.246355715019085,8.697292990375056,6.6141051154299735,0.05555555555555555,1.0,5.3070588731826165,0.9730013545491755,1.1266961046329067,0.55,0.45,2,3.637123966503637,-3.637123966503637,-7.274247933007274,2.2076505162252906,7.274247933007274,-3.637123966503637,3.637123966503637,2.4885585033972255,-0.19142757718440176,-2.6799860805816267,-5.168544583978852,7.274247933007274,1.0,0.0,1.0,0.0,1.0,0.0,7.274247933007274,-0.38285515436880324,0.38285515436880413,0.6666666666666666,0.05555555555555555,4.194175870806147e-16,0.9571378859220097,0.9571378859220097,0.5,0.5,-2.466143861944545,-4.099712203932994,4.5975807864420615,1.4932740257952615,0.2362010468492637,-1.8353760686061016,1.8648139715265581,-0.9220341367217119,-0.4718718112671527,0.07877126907934429,1.9921453250475656,-2.7341752042676943,-3.2101127336841984,1.8961306308058072,0.7018393632301714,1.309443856067455,3.3244966292870686,-2.1457211436567136,1.9653301868529507,-4.648774928577023,3.637123966503637,3.2542688121348333,2.871413657766029,2.4885585033972255,2.1057033490284214,1.7228481946596177,1.3399930402908136,0.9571378859220099,0.5742827315532062,0.19142757718440206,-0.19142757718440162,-0.5742827315532057,-0.9571378859220099,-1.3399930402908131,-1.7228481946596172,-2.1057033490284214,-2.4885585033972246,-2.8714136577660287,-3.254268812134833,-3.637123966503637,1.181915423417738,9.467814318498398,2.193566385491124,-2.93012851056697,42,0.07564102564102564,1.0
422512ca-5a0c-4a23-b987-7fa2eb2024e6,frontierscience,deepseek/deepseek-v3.2_reasoning-auto_s2,physics,,deepseek/deepseek-v3.2,1,is_correct,True,,,True,,,,153,-2.4753017638891994,-0.10946405876791288,2.3658377051212867,2.6935185440377185,9.616140209040125,-4.784050048707827,4.8320901603322985,0.42835064555042884,-1.4075134588428193,1.287492405625017,0.8591417600745881,57.196870305992,0.041363062217644436,12,10,0.7368421052631579,0.3684210526315789,4.674585989939914,4.941554219100212,7.1437808144622075,7.389106993406344,0.05555555555555555,0.3333333333333333,5.2859351089228745,1.1585110138677348,1.1149702768325664,0.5,0.5,2,1.2093994769171577,-1.2093994769171577,-2.4187989538343153,0.7340776405004863,2.4187989538343153,-1.2093994769171577,1.2093994769171577,0.8274838526275289,-0.0636526040482714,-0.8911364566758003,-1.7186203093033292,2.4187989538343153,1.0,0.0,1.0,0.0,1.0,0.0,2.4187989538343153,-0.12730520809654244,0.12730520809654333,0.8888888888888888,0.9444444444444444,1.7270135938613546e-16,0.3182630202413573,0.3182630202413573,0.5,0.5,-2.4753017638891994,-4.687814343546173,2.4559664709160347,2.6038302636682924,-0.09766398712457358,2.5943809341301036,2.6050569446985175,-4.784050048707827,-2.5782432658046166,0.2955825597536256,-2.5288468741203833,-2.5390976079818945,-0.05867645909167918,2.3407374840530397,4.8320901603322985,-2.440247127617067,2.591166610766869,0.2733272488382029,2.5780816001977125,-0.10946405876791288,1.2093994769171577,1.0820942688206148,0.9547890607240719,0.827483852627529,0.700178644530986,0.5728734364344431,0.4455682283379002,0.31826302024135733,0.19095781214481433,0.06365260404827144,-0.06365260404827144,-0.19095781214481433,-0.3182630202413572,-0.4455682283378999,-0.572873436434443,-0.7001786445309861,-0.827483852627529,-0.9547890607240714,-1.0820942688206148,-1.2093994769171577,1.3839779461371482,2.702841481822219,0.2840425279879035,-9.596621644176206,155,0.01479188166494668,1.0
09d32726-331e-4c45-98f4-b01a913bb623,frontierscience,deepseek/deepseek-v3.2_reasoning-auto_s2,chemistry,,deepseek/deepseek-v3.2,0,is_correct,False,,0.075,True,,,,138,2.4645983537127707,5.0672632842379715,2.6026649305252008,2.1829232800218263,10.054822580376477,-4.987559296138506,5.0672632842379715,0.3533816587177272,-0.2605527195762711,-0.35715999559344686,-0.710541654311174,50.686624801824266,0.05134816020402148,13,14,1.0,0.7368421052631579,10.054822580376477,0.0,5.794669988293508,3.9423971946633447,1.0,0.0,4.393197131946528,0.831327966633363,0.9059858366118874,0.55,0.45,21,-1.8033292246977242,0.3389581177116935,2.1422873424094178,1.9103724662726658,7.986034905936695,-4.025671411728566,3.960363494208129,-0.008205890716248807,0.16849746001498614,-0.19985219143612487,-0.19164630071987607,44.60843152272276,0.048024269611859675,10.0,9.0,0.6842105263157895,0.15789473684210525,4.3646295294402595,3.6214053764964356,4.825949891570378,3.6888555111185743,0.16666666666666666,0.1111111111111111,3.367177681350633,0.6999328072128631,0.7037864153891427,0.55,0.45,2.4645983537127707,-1.4777988409505742,0.5880802086797585,-1.919909928617019,-0.32962207518498765,1.890466918384028,1.257856975000114,-1.407538359498611,0.783540748047961,-2.49827615928202,1.7872297969628874,1.6441845423752932,0.13617982340885115,-2.269189429048259,-4.987559296138506,0.2725687831078979,-2.5024159394622365,0.7345898987497277,-0.7274067040555363,5.0672632842379715,-1.8033292246977242,2.6738124114324777,-0.3368159006099918,-4.025671411728566,0.8002784798418121,2.927911126802983,-0.29362671605473256,-3.399727436666641,0.5582874511337494,0.20155608069305408,0.1451175814932144,-0.7549152216102477,0.46880027085364434,3.960363494208129,1.8017268527538701,-1.6640344120865405,-0.2646294299205354,-1.5329785544078733,0.12184427733263625,0.3389581177116935,-0.40332231192313883,-7.273914820858835,-5.131627478449417,0.15211508672889806,159,0.015339045805564371,0.10476190476190476
824508b0-030f-4ed6-a642-c1dcf2ab15d7,frontierscience,deepseek/deepseek-v3.2_reasoning-auto_s2,biology,,deepseek/deepseek-v3.2,0,is_correct,False,,0.05,True,,,,38,-2.39468786672691,0.135523571115103,2.530211437842013,1.900305995958699,7.421698037547433,-2.39468786672691,5.027010170820523,0.18128904625964196,-0.3252316340571045,0.31451531944557437,0.13322627318593241,45.42460886642128,0.05570133680804002,11,11,0.05263157894736842,0.0,2.530211437842013,4.89148659970542,7.421698037547433,5.189192116874787,0.0,0.5,3.7874905251827835,0.7486470883599419,0.7046723982553815,0.4,0.6,42,-2.64678107572865,2.21209971022546,4.85888078595411,2.2566904940482626,8.385460985572555,-3.9230809763946746,4.46238000917788,-0.6052036003923436,1.8399720817139513,-0.16109210196553106,0.4441114984268125,42.19985960148799,0.1151397381848821,13.0,9.0,0.6842105263157895,0.05263157894736842,6.135180686620135,2.25028029895242,5.018231971731429,6.094064996611376,0.8888888888888888,0.7222222222222222,4.122056374444781,1.1208167490716465,0.7369754111987432,0.5,0.5,-2.39468786672691,5.027010170820523,-0.08704943501580864,-1.8797926563389582,-0.18680457632575864,1.1358879264522628,-0.34554023904785636,-0.7495641865497715,-0.4187910547499474,2.824150056108099,-2.3650420607666884,-0.9415582918714822,0.6719721228117115,-1.297788023381652,-2.073490939038042,3.1387500833216126,1.6759243886672122,-1.353338635294754,0.3637234479023147,0.135523571115103,-2.64678107572865,-3.9230809763946746,-0.12143078848556854,-0.1731789973205764,1.2006894940225812,-0.6709723132873076,2.098329454447791,2.5201190987789555,-0.7805906833428261,1.5118805625026583,0.06738942788986035,0.8380934027651721,4.26053275422596,4.46238000917788,-1.6316849874334962,-2.572479129883775,-1.773410904334816,3.2448210673966127,-0.4458983677631719,2.21209971022546,0.6715022003049649,-2.110802446538788,2.748078339415322,0.3170861377566361,80,0.05263157894736842,0.06039488966318235
4f1cf869-3ea3-400c-8fa3-e4d3f6fe1cdf,frontierscience,deepseek/deepseek-v3.2_reasoning-auto_s2,physics,,deepseek/deepseek-v3.2,1,is_correct,True,,,True,,,,171,-0.03018518235271815,2.6998016015612682,2.7299867839139864,1.7770605483271409,8.564891721834131,-4.424071145267431,4.140820576566701,0.6567275344760855,0.08185333664143744,1.5152480930416168,0.8585205585655313,34.443689205903894,0.07925941868753267,11,5,0.10526315789473684,0.05263157894736842,7.123872746828699,1.4410189750054325,8.564891721834131,4.3938859629147125,0.05555555555555555,0.0,2.8711245935109733,1.0732277290157997,0.3601499962121817,0.7,0.3,3,0.9111363458120442,0.759969106175839,-0.15116723963620515,0.7592638872387057,2.4542905052649946,-1.5431541594529503,0.9111363458120442,0.09569156755943563,-1.2039071879967636,0.1202126435011752,0.02452107594173958,4.757413770893784,0.03177508766655062,1.0,2.0,0.0,0.5263157894736842,2.3031232656287894,0.15116723963620515,0.25590258506986574,0.271814926084203,0.5555555555555556,0.16666666666666666,0.029317639508559583,0.17629276950304398,0.5281044436057563,0.35,0.65,-0.03018518235271815,-4.424071145267431,4.140820576566701,3.1338492297147242,1.3365710178331964,0.3377059682061665,0.10240227663195878,1.1645836803303045,0.7105325063180388,-0.2632314767177455,-1.3924291041542949,-0.09389232609448081,1.4466007664652043,-0.9991906896569642,2.0129810233601937,1.8788622379146838,0.9557675525386152,1.4543026897960458,0.08977345307889359,2.6998016015612682,0.9111363458120442,0.6393214197278413,0.3675064936436384,0.09569156755943564,-0.17612335852476735,-0.44793828460897,-0.7197532106931729,-0.9915681367773758,-1.2633830628615788,-1.5351979889457814,-1.5431541594529503,-1.2872515743830846,-1.0313489893132193,-0.7754464042433542,-0.5195438191734885,-0.2636412341036227,-0.00773864903375765,0.24816393603610765,0.5040665211059734,0.759969106175839,-0.9281800804159793,-2.7168453361652034,-2.8680125758014086,-7.814127107336937,174,0.013071895424836602,0.6666666666666666
44a8a9e1-5336-4f37-bfbf-c76fbc7ad1dc,frontierscience,deepseek/deepseek-v3.2_reasoning-auto_s2,biology,,deepseek/deepseek-v3.2,0,is_correct,False,,0.175,True,,,,6,1.2136320362300583,-1.3927733188673035,-2.606405355097362,2.37085766277838,8.665666586426607,-5.63099178063513,3.0346748057914765,-2.32375019711846,2.1001991243087175,0.30166636870407243,2.625416565822533,19.93773852795057,0.13072723124758914,2,3,0.42105263157894735,0.21052631578947367,4.2382184617678265,4.42744812465878,2.45118500062585,1.9302265307869364,0.2222222222222222,0.1111111111111111,0.45699441096962956,0.988511572167765,0.9762545370399532,0.6,0.4,20,-4.738944854089218,2.981517470463627,7.7204623245528445,3.170813519741326,10.291186778693874,-5.0462963431297245,5.244890435564149,-0.16353024571610644,0.2728081803287378,-0.1274909237147365,0.036039322001369944,74.15439663718281,0.10411334559604005,10.0,11.0,0.5263157894736842,0.8421052631578947,8.027813813593351,2.263372965100522,7.613515463854014,7.895730945773394,0.6666666666666666,0.8333333333333334,6.726481464202362,1.4564140932215675,1.456414093221568,0.45,0.55,1.2136320362300583,-0.7165944945568776,-2.6468210253438134,-4.57704755613075,-5.63099178063513,-3.1798067800092795,-0.7286217793834293,1.722563221242421,3.0346748057914765,2.6381762662253356,2.2416777266591947,1.8451791870930532,1.6445697132528732,1.5745529498966677,1.5045361865404623,1.4345194231842568,0.8282446201171602,0.0879053071223399,-0.6524340058724818,-1.3927733188673035,-4.738944854089218,-2.193048780508802,2.6542004942023723,-2.0526707051939597,3.817325708270546,3.015041279287258,-1.6466148619809418,2.7720106177779598,-0.12472774489693228,-2.1359194191972457,5.244890435564149,-1.7934193121704483,-4.8333463893151665,2.7801690745388483,3.0136921816829214,2.84943460264367,-5.0462963431297245,-2.542919122305959,-2.020374331642954,2.981517470463627,-1.6255623076197687,-4.971733842841683,2.7487284817111615,0.9766837763156424,26,0.4,0.18421052631578946
1ca773ca-3f07-4426-8086-d1f3591cdf5f,frontierscience,deepseek/deepseek-v3.2_reasoning-auto_s2,biology,,deepseek/deepseek-v3.2,0,is_correct,False,,0.15,True,,,,94,-2.4947839980242272,-5.127814873256351,-2.6330308752321234,2.7899251343281604,9.375423415816975,-5.127814873256351,4.2476085425606245,1.7895418564105003,-0.48716037549415286,-0.6649331478346941,-2.4544750042451944,43.825571480433965,0.06007978415997716,9,6,0.5789473684210527,1.0,0.0,9.375423415816975,8.862358848253603,4.944053890768617,0.5555555555555556,0.9444444444444444,3.9529799182616423,1.3524725434387341,1.0961189694684208,0.6,0.4,11,-0.250529673851103,2.535322687267156,2.785852361118259,2.347172590921035,8.891455874356101,-4.477385756231722,4.414070118124379,1.0795723247234323,-0.46365237878444265,-0.8789096220808269,-1.9584819468042594,40.39400187538496,0.06896698103130713,6.0,7.0,0.10526315789473684,0.7894736842105263,7.012708443498878,1.8787474308572234,3.923014335935695,3.921363302263474,0.5555555555555556,0.7777777777777778,2.202241244381892,0.9370494874822007,0.9851503930278023,0.55,0.45,-2.4947839980242272,4.166257077957004,4.01633365191721,1.4148746652947657,1.1750065469164883,2.5710957847863973,1.6780092660258634,-1.3372401239639984,-1.5264184721822922,-2.1312234857284302,-4.614750305692979,4.2476085425606245,0.7964473432658841,1.1554538732821218,2.582653617246054,2.173470186140025,-0.8183345531337631,1.0722403133822433,-3.8718135773863738,-5.127814873256351,-0.250529673851103,2.4045495771686705,4.414070118124379,0.6135622685034896,-1.9380518449742565,0.5059089861205814,1.8074968419722643,0.4435477555899041,-1.4043546176607422,-3.9781869212138217,-3.3035959050225183,0.6194184309131767,2.1887213312860005,2.188883274616903,-0.5560224539682475,-4.477385756231722,-3.191370371842818,-0.6035103157908166,1.019508478081488,2.535322687267156,0.24586797766052645,5.123153177065774,7.909005538184033,-3.41198624390627,105,0.02585220773278426,0.18181818181818182
b188cad8-92b9-4c72-98a2-b78e04b764f1,frontierscience,deepseek/deepseek-v3.2_reasoning-auto_s2,chemistry,,deepseek/deepseek-v3.2,1,is_correct,True,,,True,,,,70,-2.543197432130211,4.565792832180754,7.108990264310965,2.2792810413590368,7.953748478285629,-3.3879556461048748,4.565792832180754,-0.2644526704506843,-0.2677871926146354,0.3344419446022117,0.598894615052896,45.24083134098325,0.1571365966007569,10,9,1.0,0.47368421052631576,7.953748478285629,0.0,5.644444110263753,4.8243121678342895,1.0,0.3333333333333333,3.466623447491436,0.90417592409571,0.9901272927879086,0.35,0.65,1,0.0,0.0,0.0,0.0,0.0,0.0,0.0,0.0,0.0,0.0,0.0,0.0,0.0,0.0,0.0,0.0,0.0,0.0,0.0,0.0,0.0,0.0,0.0,0.0,0.0,0.0,0.0,0.0,-2.543197432130211,-0.7272232521999005,-0.4907869832840024,-2.1485446416651226,0.23329104678418222,-0.10324083144776883,3.9285334007880324,-0.8957787670462576,-2.564890419112436,-3.3879556461048748,-1.0733607936942335,1.834295077588831,2.9815648471265805,1.2316153529399436,-2.0313954045875477,-2.386499905114705,-0.371020501288111,3.30842592450588,-1.0786512780829993,4.565792832180754,0.0,0.0,0.0,0.0,0.0,0.0,0.0,0.0,0.0,0.0,0.0,0.0,0.0,0.0,0.0,0.0,0.0,0.0,0.0,0.0,-2.596153536046793,-7.161946368227547,-7.161946368227547,-10.207284636458098,71,0.036853002070393374,
4195adea-9fa5-4f25-91ef-ebd6c57cfb88,frontierscience,deepseek/deepseek-v3.2_reasoning-auto_s2,physics,,deepseek/deepseek-v3.2,1,is_correct,True,,,True,,,,88,-0.1222611701387131,-2.343640991477382,-2.221379821338669,2.1480534394020085,7.751360163328975,-4.569879787612708,3.1814803757162675,0.05273848414479373,-0.7694991269706148,1.4516641164179918,1.398925632273198,37.593079827451675,0.05909012593633113,13,6,0.8947368421052632,0.631578947368421,2.2262387961353256,5.52512136719365,7.032490351474438,3.8082968898637226,0.6666666666666666,1.0,2.881770794444586,1.0009389339277726,0.8163059239914123,0.55,0.45,2,3.706183836987549,-3.706183836987549,-7.412367673975098,2.249568267758742,7.412367673975098,-3.706183836987549,3.706183836987549,2.5358099937283227,-0.19506230720987075,-2.730872300938193,-5.266682294666516,7.412367673975098,1.0,0.0,1.0,0.0,1.0,0.0,7.412367673975098,-0.390124614419741,0.3901246144197428,0.8333333333333334,0.7777777777777778,3.4540271877227093e-16,0.975311536049355,0.9753115360493547,0.5,0.5,-0.1222611701387131,0.6587843844199801,0.5558264083710687,1.8609165197429518,-0.9523460865495132,-0.46512726749156763,-1.1666233993406507,-4.181744275140084,-0.865799372588633,2.2098276719912744,1.2171874401831104,-1.658696129488994,-4.569879787612708,2.462610563861731,1.5518677309921154,2.45722112981432,2.39840055507629,3.1814803757162675,1.4646558983863405,-2.343640991477382,3.706183836987549,3.316059222567807,2.925934608148065,2.535809993728323,2.1456853793085813,1.755560764888839,1.365436150469097,0.9753115360493552,0.5851869216296133,0.1950623072098714,-0.19506230720987094,-0.5851869216296128,-0.9753115360493547,-1.3654361504690966,-1.7555607648888385,-2.1456853793085813,-2.5358099937283223,-2.925934608148064,-3.316059222567806,-3.706183836987549,1.1913714698139095,7.24119629827884,-0.1711713756962574,-2.660550452377958,90,0.027951933124346916,1.0
ea576eec-eb50-4d75-9849-ccd4c83a15fe,frontierscience,deepseek/deepseek-v3.2_reasoning-auto_s2,chemistry,,deepseek/deepseek-v3.2,1,is_correct,True,,,True,,,,18,0.13677606327672187,2.4497896441317426,2.3130135808550207,2.9801293370698834,10.434265336037711,-6.368434060657779,4.065831275379933,1.10821880489589,-1.2506350444052379,0.14595400938127376,-0.9622647955146163,57.47129721836544,0.04024641330204528,10,8,0.5263157894736842,0.47368421052631576,8.81822370478952,1.6160416312481907,10.434265336037711,6.607655727750419,0.5,0.9444444444444444,5.061418034646028,1.267052967902432,1.2731124489163217,0.5,0.5,2,2.595984344087155,-2.595984344087155,-5.19196868817431,1.5757027338405538,5.19196868817431,-2.595984344087155,2.595984344087155,1.776199814375422,-0.13663075495195534,-1.9128305693273768,-3.689030383702799,5.19196868817431,1.0,0.0,1.0,0.0,1.0,0.0,5.19196868817431,-0.2732615099039104,0.27326150990391174,0.6666666666666666,1.0,2.9605947323337506e-16,0.6831537747597777,0.6831537747597773,0.5,0.5,0.13677606327672187,2.438939318597611,2.4928959213398554,3.264869190831326,4.054796236718744,-0.16815845287366749,-4.4625866436193595,-3.0601808965104143,-3.3096470963450115,-6.368434060657779,4.065831275379933,-1.1481515574291015,-0.4832190534468386,1.5493560781725433,2.1860726188209676,-0.8101539055837224,-1.7457945948893223,2.7017330107791984,-3.9059227169712214,2.4497896441317426,2.595984344087155,2.322722834183244,2.0494613242793327,1.7761998143754218,1.5029383044715108,1.2296767945675997,0.9564152846636886,0.6831537747597778,0.4098922648558667,0.13663075495195587,-0.13663075495195542,-0.4098922648558667,-0.6831537747597776,-0.956415284663688,-1.2296767945675993,-1.5029383044715106,-1.7761998143754214,-2.0494613242793323,-2.322722834183243,-2.595984344087155,-0.07594285014136304,0.0702518498140492,-5.1217168383602605,-6.469857275632549,20,0.24183006535947713,1.0
e2bef5ee-c2ee-4704-b52a-63bb2e7aea7a,frontierscience,deepseek/deepseek-v3.2_reasoning-auto_s2,physics,,deepseek/deepseek-v3.2,1,is_correct,True,,,True,,,,74,-2.7554849635833913,0.2525687130080745,3.008053676591466,2.5180919347551756,8.466053048103563,-4.160733102822011,4.305319945281552,0.6421038409584054,-0.26813616129961954,0.3190067360359258,-0.32309710492247967,60.40134046487444,0.049801107946284034,13,9,0.6842105263157895,0.7368421052631579,4.413301815830085,4.0527512322734776,8.445622349805317,8.466053048103563,0.6666666666666666,0.7222222222222222,5.541222773763422,1.1918929038684674,0.9653021951771145,0.65,0.35,2,2.5511275145419994,-2.5511275145419994,-5.102255029083999,1.5484756709706597,5.102255029083999,-2.5511275145419994,2.5511275145419994,1.7455082994234732,-0.13426986918642084,-1.879778168609894,-3.625286468033367,5.102255029083999,1.0,0.0,1.0,0.0,1.0,0.0,5.102255029083999,-0.2685397383728416,0.2685397383728425,0.6111111111111112,0.5555555555555556,2.713878504639272e-16,0.6713493459321052,0.6713493459321049,0.5,0.5,-2.7554849635833913,3.561305637131769,1.5882856708794781,1.4360441360868812,1.6711039838386044,-1.3950987819045069,0.3885712042600038,4.0471101672964345,-3.5906428070348375,-1.4377637496687596,0.7653438135570583,-1.8260180940050181,-4.140302404523766,4.305319945281552,-4.160733102822011,2.395669539961768,1.3498511519296006,0.8620290271269926,1.21465508701113,0.2525687130080745,2.5511275145419994,2.2825877761691573,2.0140480377963152,1.7455082994234732,1.4769685610506313,1.2084288226777893,0.9398890843049472,0.6713493459321052,0.4028096075592633,0.13426986918642125,-0.1342698691864208,-0.4028096075592633,-0.6713493459321049,-0.9398890843049466,-1.208428822677789,-1.4769685610506311,-1.7455082994234727,-2.0140480377963144,-2.282587776169157,-2.5511275145419994,-0.08080206767531052,2.2177567338586144,-2.8844982952253844,-5.138169718786276,76,0.03443169196593854,1.0
a2d2c8a2-86ef-49a6-9e56-804cbb89c848,frontierscience,deepseek/deepseek-v3.2_reasoning-auto_s2,chemistry,,deepseek/deepseek-v3.2,1,is_correct,True,,,True,,,,120,2.786872071777537,2.469347585561699,-0.31752448621583795,2.002112161229539,6.337526440697586,-1.9824236439194245,4.355102796778162,1.2513390237058746,1.2251465917268727,1.005637628524689,-0.2457013951811855,46.04477117106614,0.006895994444975452,12,8,0.7894736842105263,0.21052631578947367,4.451771229481124,1.885755211216463,3.5983130614936174,5.907287039601957,0.6111111111111112,0.16666666666666666,4.315319499591675,1.5863542566907485,0.41789300273188035,0.7,0.3,1,0.0,0.0,0.0,0.0,0.0,0.0,0.0,0.0,0.0,0.0,0.0,0.0,0.0,0.0,0.0,0.0,0.0,0.0,0.0,0.0,0.0,0.0,0.0,0.0,0.0,0.0,0.0,0.0,2.786872071777537,3.657700815458398,1.5749714037703648,3.9248633956825323,-1.9824236439194245,-1.7338740546099332,0.5312631777816477,3.630867334004171,-0.364239728478959,0.4829293019247545,2.255870290200845,-1.7827261492995805,1.8155869121940371,2.53773818154284,1.001666653728082,4.355102796778162,-1.2283429275551867,-1.266253550774522,0.7023052134098993,2.469347585561699,0.0,0.0,0.0,0.0,0.0,0.0,0.0,0.0,0.0,0.0,0.0,0.0,0.0,0.0,0.0,0.0,0.0,0.0,0.0,0.0,0.14899640442691678,-2.3203511811347823,-2.3203511811347823,-10.422089806675231,121,0.01946778711484594,
1dba0086-bca8-4b25-8843-e6e428f9284d,frontierscience,deepseek/deepseek-v3.2_reasoning-auto_s2,physics,,deepseek/deepseek-v3.2,1,is_correct,True,,,True,,,,26,2.674346408520947,0.14567754410693864,-2.5286688644140085,2.3675423315070456,9.858151050770735,-5.434361313301891,4.4237897374688435,1.1972225114313915,-0.40100704663242964,-0.983201720869236,-2.1804242323006275,46.079283304172776,0.054876479907946425,11,10,0.47368421052631576,0.6842105263157895,5.580038857408829,4.278112193361905,5.702171933957387,4.683983988847772,0.7222222222222222,0.5,4.214286706808462,0.8527716003765173,0.8690567039576512,0.45,0.55,2,3.762569196281815,-3.762569196281815,-7.52513839256363,2.2837928827842218,7.52513839256363,-3.762569196281815,3.762569196281815,2.574389450087558,-0.1980299576990426,-2.7724194077866002,-5.346808857874159,7.52513839256363,1.0,0.0,1.0,0.0,1.0,0.0,7.52513839256363,-0.3960599153980846,0.3960599153980864,0.6111111111111112,0.5555555555555556,6.167905692361981e-16,0.9901497884952146,0.9901497884952143,0.5,0.5,2.674346408520947,-0.8773666703284779,-2.1034561875780047,2.1643837981840752,3.106095509159155,3.1279589159947,0.2885958060673457,-0.017614787295448964,-0.015847594591083897,4.4237897374688435,-0.26019425137892827,-0.14649099522458942,-1.3563301221039086,-5.434361313301891,0.26781062065549577,-1.8853109673998212,-4.401352199237913,0.8567736673728453,-0.8828089907129608,0.14567754410693864,3.762569196281815,3.366509280883729,2.9704493654856434,2.5743894500875575,2.178329534689472,1.782269619291386,1.3862097038933006,0.9901497884952146,0.5940898730971287,0.1980299576990432,-0.19802995769904275,-0.5940898730971291,-0.9901497884952137,-1.3862097038932992,-1.7822696192913856,-2.178329534689472,-2.5743894500875575,-2.970449365485642,-3.3665092808837285,-3.762569196281815,1.2688582518006997,4.885749903975576,-2.639388488588054,-4.323289972056468,28,0.13846153846153847,1.0
ecb58594-7fd9-4a94-b799-0f1c13acb752,frontierscience,deepseek/deepseek-v3.2_reasoning-auto_s2,chemistry,,deepseek/deepseek-v3.2,1,is_correct,True,,,True,,,,52,2.767227454509804,-2.295218882658908,-5.062446337168712,2.29244468003991,8.45006581136474,-3.6324640233497707,4.817601788014969,-0.27116956373317447,-1.1662464144259534,-0.4894289754976111,-0.21825941176443664,50.111377163154906,0.10102389165410817,12,11,0.6842105263157895,0.2631578947368421,1.3372451406908628,7.112820670673877,8.017359378684677,6.5127716436891765,0.6666666666666666,0.7222222222222222,4.5556630158405245,0.6990830073595282,1.3490072923645062,0.35,0.65,2,3.668753018539755,-3.668753018539755,-7.33750603707951,2.226848622668271,7.33750603707951,-3.668753018539755,3.668753018539755,2.5101994337377276,-0.19309226413367103,-2.7032916978713986,-5.213491131609127,7.33750603707951,1.0,0.0,1.0,0.0,1.0,0.0,7.33750603707951,-0.38618452826734195,0.38618452826734373,0.6111111111111112,0.7222222222222222,5.181040781584064e-16,0.9654613206683568,0.9654613206683564,0.5,0.5,2.767227454509804,0.9141319178210676,-0.6555197090303513,2.570303987953451,-2.3220484061183213,-3.6324640233497707,-1.5398181679181007,0.9885488447730735,-3.5535791134484502,-1.440530264261199,-2.4344550266608715,-3.341553538729488,-3.1997575906697078,4.817601788014969,-1.6951698556742079,1.3001277626791643,-0.08362260660841381,-0.7864086621623376,0.6237183914390363,-2.295218882658908,3.668753018539755,3.2825684902724124,2.89638396200507,2.5101994337377276,2.1240149054703847,1.7378303772030421,1.3516458489356995,0.9654613206683567,0.5792767924010143,0.19309226413367142,-0.19309226413367098,-0.5792767924010143,-0.9654613206683562,-1.3516458489356982,-1.737830377203042,-2.1240149054703847,-2.5101994337377267,-2.8963839620050695,-3.2825684902724124,-3.668753018539755,1.203016278298099,7.166988179496762,-0.17051785758274818,-6.491423962987831,54,0.05203619909502263,1.0
0f13c295-7991-43dc-a79f-d8f3d3fc0d57,frontierscience,deepseek/deepseek-v3.2_reasoning-auto_s2,chemistry,,deepseek/deepseek-v3.2,0,is_correct,False,,0.3,False,,,,40,0.09229132749121653,2.6055942692938805,2.513302941802664,2.343661206410879,7.376231272807085,-4.007359909154006,3.3688713636530787,-0.8412083234288532,-0.15812233190611097,0.389904189942975,1.2311125133718281,63.120035377165756,0.039817831640694454,13,14,0.7894736842105263,0.7368421052631579,6.612954178447887,0.7632770943591982,7.376231272807085,5.444339101590311,0.7777777777777778,0.8333333333333334,6.437891593305256,0.9010738484129772,1.1338683207973221,0.45,0.55,0,,,,,,,,,,,,,,,,,,,,,,,,,,,,,0.09229132749121653,-2.4776796729306048,-2.22514462971318,-2.100081676261561,2.317174681451444,-2.951215711316359,1.4561974172770724,-2.782543288007731,-3.6814658468462764,2.2630397495699075,-0.20326528184247739,2.649737043119208,0.664877301956341,-0.017236001291748224,-4.007359909154006,3.3688713636530787,-2.075467737937232,2.603693814447396,-0.15590666064526673,2.6055942692938805,,,,,,,,,,,,,,,,,,,,,,,,,40,0.07564102564102564,
8be6ce44-a0c8-4636-80ca-2667dcc9d2af,frontierscience,deepseek/deepseek-v3.2_reasoning-auto_s2,chemistry,,deepseek/deepseek-v3.2,0,is_correct,False,,,False,,,,43,-2.6657433878769887,0.12261806989080666,2.7883614577677953,2.387995256651038,7.473315320668052,-3.763373008777078,3.7099423118909742,-0.5471801764077723,-0.8704861701654033,1.3971470136452757,1.9443271900530479,57.06910066981528,0.04885939019611365,15,11,0.5263157894736842,0.21052631578947367,3.8859910786678844,3.5873242420001676,7.110088072541487,6.743451006702161,0.2222222222222222,0.5555555555555556,5.895936983326648,1.0101920299746863,1.087231147181715,0.5,0.5,0,,,,,,,,,,,,,,,,,,,,,,,,,,,,,-2.6657433878769887,1.1811643122289672,-3.487575267998142,-1.4273075254306773,-3.763373008777078,3.3467150637644085,2.9858585792351047,-1.3779118952148395,0.11801192552974865,-1.6641417523262234,3.7099423118909742,-3.0335086948111867,-1.425564584071974,-2.4202305021543227,2.291599466957069,2.8260158407141187,-0.47926632497286814,2.7080028850343187,0.9139121442482088,0.12261806989080666,,,,,,,,,,,,,,,,,,,,,,,,,43,0.06866002214839424,
f9fdb988-7a10-4510-a8ab-d011e663be3f,frontierscience,deepseek/deepseek-v3.2_reasoning-auto_s2,physics,,deepseek/deepseek-v3.2,0,is_correct,False,,,True,,,,203,0.037130530197750276,-2.3110554046403133,-2.348185934838064,1.874731035484226,7.854978990193411,-4.5254322224192975,3.329546767774113,-0.7457131816181286,-0.5727626034050802,-0.2975815818247091,0.4481315997934195,45.039104175150186,0.05213660390993408,12,11,0.9473684210526315,0.42105263157894735,2.214376817778984,5.640602172414426,5.322222909004097,5.640602172414426,0.4444444444444444,1.0,4.285894524148693,0.5334471599022776,1.0841881592078133,0.4,0.6,5,4.4231339251546995,-2.993581525408326,-7.416715450563025,2.525970993655368,7.416715450563025,-2.993581525408326,4.4231339251546995,0.1170942213738954,-1.1564248661190357,0.7736547522805317,0.6565605309066364,21.304648718235487,0.3481266247875172,2.0,3.0,0.0,1.0,0.0,7.416715450563025,1.5431269381112656,1.5585897898753212,0.7222222222222222,0.9444444444444444,0.34392141211504434,1.0560586981889633,1.1877279981656026,0.45,0.55,0.037130530197750276,-0.6601322941616892,-1.7292824439845123,-1.6600055864227548,-1.0823751653044176,1.993119484670612,-2.1184467963218885,0.6338704283697956,-4.5254322224192975,0.7967906865847993,-2.4629951860067334,-0.05197709953454499,0.8166374298417702,0.7837677393286495,-2.664878565759782,-1.0713616555887873,-1.345820764011547,2.2780801312780623,3.329546767774113,-2.3110554046403133,4.4231339251546995,2.8773921731817627,1.3316504212088263,-0.21409133076411013,-1.759833082737047,-2.919191690548977,-2.919400865877885,-2.919610041206793,-2.9198192165357013,-2.9200283918646095,-2.148569510473432,-0.605442572362167,0.9376843657490954,2.480811303860357,4.0239382419716225,3.2407776340929506,1.6821878442176335,0.12359805434231586,-1.4349917355330053,-2.993581525408326,0.49756136708124876,7.2317506968762615,-0.18496475368676357,-2.999034554643327,208,0.010827683753597035,0.4
319ae242-19fc-4542-b75a-d32b325ea923,frontierscience,deepseek/deepseek-v3.2_reasoning-auto_s2,chemistry,,deepseek/deepseek-v3.2,0,is_correct,False,,,True,,,,122,-0.1275598963203566,2.2179012032068246,2.3454610995271814,1.3978935293391745,5.2336573737151575,-2.4292657406748916,2.8043916330402663,0.37891283065655795,0.8149646399345208,1.3148128775236092,0.9359000468670513,26.207706601933427,0.08949509146878762,13,7,0.6842105263157895,0.42105263157894735,4.647166943881716,0.5864904298334417,4.1590558390458545,3.7516878134435805,0.4444444444444444,0.3333333333333333,2.5846280418991663,1.0976079883637788,0.28530701039981843,0.7,0.3,2,-2.4965187206499895,2.4965187206499895,4.993037441299979,1.515329390245445,4.993037441299979,-2.4965187206499895,2.4965187206499895,-1.708144387813151,0.13139572213947295,1.8395401099526234,3.5476844977657747,4.993037441299979,1.0,0.0,1.0,1.0,0.0,4.993037441299979,0.0,0.26279144427894696,0.0,1.0,0.6666666666666666,2.9605947323337506e-16,0.6569786106973654,0.6569786106973657,0.5,0.5,-0.1275598963203566,-0.3527120305796374,0.8765217951216677,-0.5359793903311896,0.05226854871107324,0.3014163184542058,2.4384344695401428,-1.3132533439034375,-2.4292657406748916,1.7297900983709629,0.8119448770149138,2.4123375280217796,1.6888074276720517,2.8043916330402663,2.1943212014490383,-0.9473698061868554,1.3804059177959838,1.3477734574529299,1.6958452914237339,2.2179012032068246,-2.4965187206499895,-2.2337272763710434,-1.9709358320920969,-1.7081443878131508,-1.4453529435342045,-1.1825614992552582,-0.9197700549763119,-0.6569786106973659,-0.39418716641841955,-0.13139572213947348,0.13139572213947304,0.39418716641841955,0.6569786106973656,0.9197700549763113,1.1825614992552578,1.4453529435342043,1.7081443878131504,1.9709358320920964,2.2337272763710425,2.4965187206499895,0.16286671824649598,-4.551553205610318,0.44148423568966066,-6.847713458768581,124,0.01910310256062864,1.0
f4681d73-b08d-450c-89d3-85b9d1250419,frontierscience,deepseek/deepseek-v3.2_reasoning-auto_s2,physics,,deepseek/deepseek-v3.2,1,is_correct,True,,,True,,,,103,-2.6422449568745687,0.10522888097137247,2.7474738378459413,2.4173996168859673,8.596885168811506,-4.264704225283224,4.332180943528281,-0.5571955252463887,1.8415297626701483,-1.3153534611938513,-0.7581579359474626,46.91097004430154,0.058567832540049714,10,7,0.42105263157894735,0.8421052631578947,4.369933106254597,4.226952062556909,4.8402025935870086,6.223799544619899,0.1111111111111111,0.6111111111111112,4.216205229007713,1.0708590610264805,1.0159481162863202,0.5,0.5,2,2.545496037567947,-2.545496037567947,-5.090992075135894,1.5450574940915174,5.090992075135894,-2.545496037567947,2.545496037567947,1.7416551835991216,-0.13397347566147075,-1.8756286592605924,-3.617283842859714,5.090992075135894,1.0,0.0,1.0,0.0,1.0,0.0,5.090992075135894,-0.26794695132294155,0.26794695132294244,0.0,1.0,1.9737298215558337e-16,0.6698673783073545,0.6698673783073544,0.5,0.5,-2.6422449568745687,-1.5632000552648613,-0.9642006615975789,3.876001931989429,-1.4106561967656024,-1.6123307687962822,0.41626203058474315,0.9793375416135954,4.332180943528281,1.0664262025045503,2.5673566689062772,4.155482544071777,-2.068317000548122,1.8582414386146786,2.0606630377449067,-1.4110761271105297,-4.264704225283224,-1.8018692398576546,-2.5803630936279798,0.10522888097137247,2.545496037567947,2.2775490862450054,2.0096021349220634,1.7416551835991216,1.4737082322761799,1.205761280953238,0.9378143296302963,0.6698673783073545,0.40192042698441277,0.13397347566147122,-0.13397347566147078,-0.40192042698441277,-0.6698673783073543,-0.9378143296302959,-1.2057612809532379,-1.4737082322761799,-1.7416551835991214,-2.009602134922063,-2.2775490862450045,-2.545496037567947,-0.11126384736335575,2.3290033092332187,-2.761988765902675,-4.855786295756282,105,0.02322482391014658,1.0
22f5a060-b2ba-4d68-8ad1-cbcbd58a788e,frontierscience,deepseek/deepseek-v3.2_reasoning-auto_s2,chemistry,,deepseek/deepseek-v3.2,1,is_correct,True,,,True,,,,29,-2.4251862844174563,-2.3405841245350483,0.08460215988240805,2.719041507121602,8.94165006879832,-4.574281988376239,4.3673680804220805,0.30351599400739504,-0.5735622880137737,-0.3399853736719553,-0.6435013676793504,71.26523783643735,0.0011871448472055984,11,12,0.3157894736842105,0.21052631578947367,2.2336978638411904,6.707952204957129,6.819830218794703,6.914829774951311,0.2222222222222222,0.3333333333333333,6.073183173435434,1.063908183569373,1.260419998573192,0.5,0.5,2,3.7127784873005947,-3.7127784873005947,-7.425556974601189,2.2535710686811186,7.425556974601189,-3.7127784873005947,3.7127784873005947,2.5403221228898802,-0.1954093940684522,-2.735731516958333,-5.276053639848213,7.425556974601189,1.0,0.0,1.0,0.0,1.0,0.0,7.425556974601189,-0.3908187881369036,0.3908187881369054,0.6111111111111112,0.5555555555555556,4.934324553889585e-16,0.9770469703422618,0.9770469703422616,0.5,0.5,-2.4251862844174563,3.9547504976073258,0.19148790887804523,-1.635074486480455,-4.574281988376239,2.2455482304184637,4.3673680804220805,-2.547461694529231,4.123527160134958,0.1275378487893583,-2.534796712368962,-3.727321414839163,1.431158439304422,-0.8875796425877983,1.1786279356099936,-4.354089844182085,1.5545905540736822,2.1035670161491247,-0.18202377914739856,-2.3405841245350483,3.7127784873005947,3.32195969916369,2.931140911026785,2.5403221228898807,2.1495033347529757,1.7586845466160712,1.3678657584791667,0.9770469703422617,0.5862281822053572,0.1954093940684527,-0.19540939406845226,-0.5862281822053577,-0.9770469703422613,-1.3678657584791658,-1.7586845466160712,-2.1495033347529757,-2.5403221228898802,-2.9311409110267848,-3.3219596991636893,-3.7127784873005947,1.2598449745736444,7.313207586409288,-0.11234938819190177,-2.8573565212737186,31,0.11822660098522167,1.0
222e24bf-14d4-4660-a5dd-01b2b3528cfa,frontierscience,deepseek/deepseek-v3.2_reasoning-auto_s2,physics,,deepseek/deepseek-v3.2,0,is_correct,False,,0.325,False,,,,91,-0.02322155226390162,0.09086049096979924,0.11408204323370086,2.564752483506826,8.377115009739754,-4.2173727243926,4.1597422853471535,0.6908400335105114,0.981701381260286,-0.2848035930963129,-0.9756436266068242,55.43864650681984,0.002057807151184092,10,11,0.7894736842105263,0.21052631578947367,4.3082332153623994,4.068881794377354,7.60699402025561,6.897567936603133,0.2222222222222222,0.16666666666666666,5.396835492272897,1.3440772379715662,0.844128820730681,0.55,0.45,0,,,,,,,,,,,,,,,,,,,,,,,,,,,,,-0.02322155226390162,0.7740624530648681,2.409308412001801,2.6801952122105326,-4.2173727243926,3.3896212958630096,-0.17671286191013022,4.049150945218632,3.5207773655680974,1.8084373059505223,1.7064701769222497,-2.3374687752147425,-4.168376165937415,2.2929188163146588,-0.03902088489296318,4.1597422853471535,-0.942087765311737,-2.4891446449841594,-2.4891710397059708,0.09086049096979924,,,,,,,,,,,,,,,,,,,,,,,,,91,0.026862026862026864,
eec8840a-2d00-4e70-b043-0da51bd1b288,frontierscience,deepseek/deepseek-v3.2_reasoning-auto_s2,chemistry,,deepseek/deepseek-v3.2,1,is_correct,True,,,True,,,,36,-2.574533938266293,-3.0075947068876348,-0.4330607686213419,1.9769636692724788,7.734976691957748,-3.0075947068876348,4.727381985070113,-0.975814938200888,0.9602544365129724,0.13976421326269448,1.1155791514635824,40.68000840878322,0.010645542750867272,11,10,0.6842105263157895,1.0,0.0,7.734976691957748,7.188684679261639,4.608667505456637,0.6666666666666666,0.6111111111111112,3.9040512976472823,0.7842790911317249,0.747796002743687,0.55,0.45,2,-0.060360037168585734,0.060360037168585734,0.12072007433717147,0.03663715299280899,0.12072007433717147,-0.060360037168585734,0.060360037168585734,-0.041298972799558666,0.003176844061504507,0.04447581686106317,0.08577478966062183,0.12072007433717147,1.0,0.0,1.0,1.0,0.0,0.12072007433717147,0.0,0.006353688123009044,0.0,0.7777777777777778,0.6111111111111112,6.5533997981346044e-18,0.01588422030752256,0.01588422030752256,0.5,0.5,-2.574533938266293,-2.537603226409792,-0.2182978386024024,0.03504237704103952,0.5575791651797196,-2.028992045357768,-0.0638990609907202,0.06481572393869926,0.6575757175804526,0.27765567053968,1.308289841388278,2.1473648112651107,-2.461302694191526,4.727381985070113,2.7271739410893723,-0.6134458341480258,2.4207820020903887,-1.4502507100195785,0.7619205874516446,-3.0075947068876348,-0.060360037168585734,-0.05400634904557671,-0.04765266092256769,-0.04129897279955866,-0.034945284676549636,-0.028591596553540613,-0.02223790843053159,-0.015884220307522567,-0.009530532184513538,-0.003176844061504515,0.003176844061504508,0.009530532184513538,0.015884220307522554,0.02223790843053157,0.0285915965535406,0.03494528467654964,0.04129897279955866,0.047652660922567674,0.054006349045576704,0.060360037168585734,-0.12997268759242886,2.8172619821266203,2.9379820564637917,-11.006548511644969,38,0.0873015873015873,1.0
8fac71ae-1f4a-4edd-9f0d-88a443912a04,frontierscience,deepseek/deepseek-v3.2_reasoning-auto_s2,physics,,deepseek/deepseek-v3.2,0,is_correct,False,,0.15,True,,,,27,-2.6678175914673092,2.3164154898560225,4.984233081323332,2.1034697135628084,6.951635724049909,-3.7390029494474444,3.2126327746024654,-0.6058704701419255,0.10811434946930865,0.6454450218517188,1.2513154919936444,59.37107604698884,0.0839505263030536,12,13,0.7368421052631579,0.7894736842105263,6.055418439303467,0.8962172847464429,5.772540348600733,6.951635724049909,0.0,0.7777777777777778,5.272400733624125,0.9434755909045276,0.9240567265844277,0.5,0.5,24,-1.9979194287573638,2.9189733486530858,4.91689277741045,1.9179261741890803,8.402854717385086,-3.6145837007049257,4.788271016680159,-0.36920883771611585,0.14928091685790904,0.26831895494868135,0.6375277926647972,41.42459533032934,0.11869501049321074,14.0,9.0,0.47368421052631576,0.2631578947368421,6.533557049358011,1.8692976680270736,4.61094894934564,4.730065792540365,0.0,0.5,3.6099983622139056,0.7181373224466843,0.7146164082624522,0.5,0.5,-2.6678175914673092,3.1047227571334237,-0.16277144603844867,-2.7042831276295325,-1.6136592803284142,1.8980679677139887,-2.095352570377186,1.2486005743971185,-2.345724241882131,1.1206690237202386,2.7328325389286094,0.17282720288722492,-0.9387874664594666,-1.2336171853064335,3.2126327746024654,-3.7390029494474444,1.8984661226622341,1.1642773661892218,-0.9801186727521869,2.3164154898560225,-1.9979194287573638,2.613029520588276,0.6697984897666263,0.8988173672617563,0.3821727778142816,-3.6145837007049257,-1.5357768899814617,-2.5935087779402504,0.23938847732183616,4.788271016680159,0.05820522413979484,-0.6804564083404703,0.10402569997950062,-0.8709588138352071,-0.032301323732348175,-1.3921613666279424,1.6900645267283676,-1.2458507812530202,-0.32881067407605435,2.9189733486530858,-0.29600494274500766,-4.610339861358394,0.3065529160520555,0.09779029984333576,51,0.07407407407407407,0.12318840579710146
cfcfcb2d-4ec8-42df-9b19-b6c840d5dea4,frontierscience,deepseek/deepseek-v3.2_reasoning-auto_s2,biology,,deepseek/deepseek-v3.2,0,is_correct,False,,0.27999999999999997,True,,,,12,0.39728997751868356,-4.622897433488573,-5.020187411007257,1.7335545256095324,7.359701567512802,-4.622897433488573,2.7368041340242293,-0.47659683385831336,0.22540775281511147,0.4358455558129061,0.9124423896712195,21.165145860515896,0.2371912503741607,8,5,0.8421052631578947,1.0,0.0,7.359701567512802,2.6103486961651967,3.928526740354363,0.1111111111111111,1.0,1.311928712944474,0.7199459890261621,0.677108500647411,0.6,0.4,20,-0.24123946729772372,6.965124473873172,7.2063639411708955,3.7732625222172747,12.272895714655164,-5.3077712407819915,6.965124473873172,0.4413628950692127,-0.9934186816484382,0.64406508434243,0.20270218927321731,110.79241286107623,0.06504383969150515,14.0,13.0,1.0,0.631578947368421,12.272895714655164,0.0,12.014377625070317,9.564829787442939,1.0,0.05555555555555555,10.697994721720184,1.584668349645338,1.5846683496453378,0.4,0.6,0.39728997751868356,-0.9772957300188292,-1.2650811456374218,1.3452675505277751,1.0445286613016231,-1.6821165490839896,-2.198770601616035,-2.0418125800899385,-0.05982527987922248,1.082412381700315,0.7550881756752836,0.6387858639303108,0.6430674917739427,0.560138216595089,0.7437489860642374,2.1660348628095267,2.7368041340242293,2.285753478602226,-0.6943706931342102,-4.622897433488573,-0.24123946729772372,4.680305572323403,-4.884524215119536,4.572065390542311,-2.6214355115901955,-2.5156315755351595,4.10000007216139,-4.863480200994689,-0.5931374725560689,-2.4960136984769856,4.801853690211947,-0.23603672110343454,-5.3077712407819915,1.7406548721621573,-2.4424571101545243,4.82634720679246,0.007015714839920251,-0.4423866280993026,-5.049253151197145,6.965124473873172,0.7301294156917114,5.111787381882561,12.318151323053456,4.708171121950542,32,0.3181818181818182,0.10526315789473684
790baca4-d2d8-4acb-8494-91adf77e026b,frontierscience,deepseek/deepseek-v3.2_reasoning-auto_s2,physics,,deepseek/deepseek-v3.2,0,is_correct,False,,0.1,False,,,,52,-0.07578967380091645,2.577115228346958,2.652904902147874,2.2888893833570827,8.650944254482358,-5.408281367677275,3.2426628868050824,-0.33764739481031075,-0.8954773319945483,0.9431605081023265,1.2808079029126374,56.81865595073315,0.04669073665607612,13,11,0.3684210526315789,0.5789473684210527,7.985396596024232,0.6655476584581246,7.2865872459829415,6.814467489279505,0.16666666666666666,0.1111111111111111,5.256826146599919,0.8277440312276377,0.9763895331786404,0.5,0.5,0,,,,,,,,,,,,,,,,,,,,,,,,,,,,,-0.07578967380091645,-1.0743498711693684,2.056811732495107,-4.7576557567843984,2.5289314891985426,0.999587628748259,-2.0410673123594,3.2426628868050824,-0.22082863648048257,1.2026281517649304,-1.6868077674928448,-5.408281367677275,-1.0742588502780546,-2.3234557406031944,0.1807459819004742,1.1087094629923069,2.510955416106954,0.14673264619414095,-0.8652956869268746,2.577115228346958,,,,,,,,,,,,,,,,,,,,,,,,,52,0.053544494720965306,
431c9b49-2795-4750-ae7b-ae9f1450cb4e,frontierscience,deepseek/deepseek-v3.2_reasoning-auto_s2,chemistry,,deepseek/deepseek-v3.2,0,is_correct,False,,0.5599999999999999,True,,,,24,2.3262691427110713,-5.147488856361909,-7.47375799907298,2.8053918396084128,10.284778043014018,-5.147488856361909,5.13728918665211,0.14618847526580095,-0.12277106565210419,-0.12587083642315497,-0.2720593116889559,72.05703238308092,0.1037200360866905,12,11,0.9473684210526315,1.0,0.0,10.284778043014018,6.131255083906771,10.284778043014018,0.7222222222222222,1.0,5.911094133918408,1.121703658622507,1.1512688161846598,0.4,0.6,28,0.37252145222677185,2.8485894401143397,2.4760679878875678,3.256879563341314,9.022195840950692,-4.591171229270544,4.431024611680148,-0.38627531926536346,-0.2921498990089239,0.15307164348806887,0.5393469627534323,89.21821891764526,0.027752941248167642,14.0,12.0,0.6842105263157895,0.21052631578947367,7.439760669384883,1.5824351715658085,8.220212341578183,8.705367695422101,0.2222222222222222,0.7222222222222222,8.167437326895199,1.3524332712571252,1.5439606046067051,0.6,0.4,2.3262691427110713,-1.8665799253120765,1.7441262614542667,0.8217619216934997,3.5461888990458648,-5.088417393114294,-0.46002957961772606,3.0414181180987003,-1.494951612781815,-1.1077583985926074,-0.35774195524354346,1.3358659125078136,-0.6261281699333221,-1.6501013536199554,4.481153730286815,-1.1994866999895686,-3.727306720823755,-0.2993856583026223,5.13728918665211,-5.147488856361909,0.37252145222677185,3.305910208036855,-4.218983842593865,-3.857291202303567,-4.591171229270544,3.629041112307638,2.6560462667391667,-3.4567813816549435,3.545128124251108,0.18760850737180212,-4.256523192639896,1.064688411453854,-3.5601943735245407,4.431024611680148,-4.274343083741953,0.257106777694755,4.230653309622278,0.5203472036437855,-2.6639237864047924,2.8485894401143397,-0.730996898299707,4.789013410288973,7.265081398176541,1.88209530295439,52,0.08333333333333333,0.09523809523809523
dbe975d5-c431-4d73-8f7c-f8bba77ea458,frontierscience,deepseek/deepseek-v3.2_reasoning-auto_s2,physics,,deepseek/deepseek-v3.2,1,is_correct,True,,,True,,,,126,2.656471155254852,-2.4385776037393083,-5.09504875899416,1.82114884114133,5.844197841130247,-2.54448605920617,3.2997117819240764,-0.44994077508172126,1.152418810365243,-1.4566353217938817,-1.0066945467121604,28.08076341806315,0.1814426724494511,10,7,0.47368421052631576,0.15789473684210525,0.1059084554668619,5.738289385663385,2.6101421685990993,2.946689476214585,0.8888888888888888,0.6111111111111112,2.112331264250281,0.6840012472662502,0.8751245314551822,0.45,0.55,2,1.1606926052531499,-1.1606926052531499,-2.3213852105062998,0.7045136906975511,2.3213852105062998,-1.1606926052531499,1.1606926052531499,0.7941580983311025,-0.06108908448700782,-0.8552471828181103,-1.6494052811492128,2.3213852105062998,1.0,0.0,1.0,0.0,1.0,0.0,2.3213852105062998,-0.12217816897401557,0.12217816897401601,0.6111111111111112,0.5555555555555556,1.356939252319636e-16,0.30544542243503947,0.3054454224350394,0.5,0.5,2.656471155254852,0.9432646068380797,-1.1190681699451885,-2.54448605920617,0.008949359853929998,-1.810102549804966,-1.2846137685625858,0.09551146050437255,1.0893349691997736,3.2997117819240764,2.5631955715924692,2.7114199770467713,-0.23526949916781392,-1.4569725885429479,-1.8047048892143582,-0.73346388452241,-2.29797610548842,0.3121660631106793,-1.7772555109094736,-2.4385776037393083,1.1606926052531499,1.038514436279134,0.9163362673051183,0.7941580983311025,0.6719799293570867,0.549801760383071,0.42762359140905526,0.30544542243503947,0.18326725346102368,0.061089084487008005,-0.06108908448700778,-0.1832672534610238,-0.30544542243503936,-0.4276235914090549,-0.5498017603830709,-0.6719799293570867,-0.7941580983311025,-0.9163362673051183,-1.0385144362791339,-1.1606926052531499,1.3135428978093342,4.912813106801792,2.5914278962954924,-8.854154440413996,128,0.018412698412698412,1.0
9557097c-9285-46d9-b1fc-51a256d87913,frontierscience,deepseek/deepseek-v3.2_reasoning-auto_s2,physics,,deepseek/deepseek-v3.2,0,is_correct,False,,0.175,True,,,,96,0.22212009501474972,5.01956206482768,4.79744196981293,2.7750090514234347,9.806680198612824,-4.787118133785144,5.01956206482768,-0.1352236991151414,0.0691426633903346,1.2921798649973526,1.427403564112494,62.017135473633,0.07735671654574557,11,8,1.0,0.5789473684210527,9.806680198612824,0.0,9.682780295631296,6.817346664671486,1.0,0.9444444444444444,5.457693662872156,1.2665513787750584,0.9020257817795347,0.75,0.25,39,-4.818990693190208,2.238758106445524,7.057748799635732,3.45783073676209,11.674365796940346,-5.158636927881278,6.5157288690590685,-2.184425772092716,-1.5453135875633859,0.9574788765574805,3.1419046486501965,55.53254770718198,0.12709211248240568,14.0,9.0,0.7368421052631579,0.5263157894736842,7.397395034326802,4.276970762613544,9.717020374938894,7.136786861735558,0.5555555555555556,0.2777777777777778,5.251082003765402,0.9846872654730554,2.002852378385447,0.35,0.65,0.22212009501474972,-4.031430870064392,2.3216445209573116,2.5574196118930295,2.542429149330855,-2.3013733474499625,-2.2573750534875807,2.3320308808156844,0.026312619312013563,2.532262177849352,0.009143802527018519,-4.787118133785144,0.14922320197770977,0.2221440950357083,0.02477736331827307,0.2060102669452326,5.011819291828678,2.1541284338678697,-4.663218230803617,5.01956206482768,-4.818990693190208,-4.700060321556335,-4.785116600780586,-0.14093549420006385,1.9335558556391712,2.178676855587285,-4.9581100061482735,-4.738399403746139,-4.8174724574296475,-2.517975671449064,-5.158636927881278,4.558383447057616,2.2145339156937043,-0.35762801518888937,6.5157288690590685,-0.25374856472517054,-2.558530824241884,0.05410825997874097,-0.25144258717139595,2.238758106445524,0.36447444629029896,-9.474078311727588,-2.416329512091856,1.679644754566791,135,0.02324561403508772,0.05128205128205128
111d5872-2705-42c0-8df4-0fb386ba7084,frontierscience,deepseek/deepseek-v3.2_reasoning-auto_s2,biology,,deepseek/deepseek-v3.2,1,is_correct,True,,,True,,,,23,-2.8668327915233114,-2.094307887866531,0.7725249036567803,2.5153917769877308,10.693232455953876,-4.958213492036751,5.735018963917124,-0.9645804310000393,0.300722028628107,0.5657064921024816,1.530286923102521,56.86965528766225,0.013584131990059345,13,8,0.7894736842105263,0.6842105263157895,2.8639056041702196,7.829326851783655,6.284084842410811,7.1013275579507935,0.7222222222222222,0.8333333333333334,4.9425225594557345,1.0200553997133182,1.08269389291275,0.4,0.6,2,-1.2942772119091757,1.2942772119091757,2.5885544238183513,0.7855964716420297,2.5885544238183513,-1.2942772119091757,1.2942772119091757,-0.8855580923589097,0.06811985325837758,0.9536779456172871,1.839236037976197,2.5885544238183513,1.0,0.0,1.0,1.0,0.0,2.5885544238183513,0.0,0.13623970651675554,0.0,0.5555555555555556,0.6111111111111112,1.1102230246251565e-16,0.3405992662918883,0.34059926629188836,0.5,0.5,-2.8668327915233114,-0.5580822383956845,-0.5674349293102983,-1.1433132976777665,-0.31074941410334844,-3.1460785760340846,1.8404282300442167,-2.259007834463062,1.7971609974430809,2.969422577412853,2.1198011605583025,2.54143716320186,-0.10554637171953485,-4.958213492036751,1.3258713503740607,5.735018963917124,-1.3663085940336694,-2.2780024310909583,2.071967551314864,-2.094307887866531,-1.2942772119091757,-1.1580375053924203,-1.021797798875665,-0.8855580923589097,-0.7493183858421544,-0.6130786793253991,-0.47683897280864374,-0.3405992662918884,-0.2043595597751331,-0.06811985325837777,0.06811985325837755,0.2043595597751331,0.3405992662918882,0.4768389728086435,0.6130786793253988,0.7493183858421544,0.8855580923589095,1.0217977988756646,1.1580375053924201,1.2942772119091757,-1.494277998115553,-0.6942473221581977,1.8943071016601536,-11.236027540823024,25,0.16600790513833993,1.0
9c098058-e720-4a0b-8fc5-62fb27aade25,frontierscience,deepseek/deepseek-v3.2_reasoning-auto_s2,biology,,deepseek/deepseek-v3.2,0,is_correct,False,,0.24,False,,,,24,-2.4579360129110457,2.7066895547302705,5.164625567641316,3.0913265018237857,9.206811020327063,-4.759507949217684,4.447303071109379,0.9331353980072851,-0.11640222660474109,-0.9670280292001597,-1.9001634272074448,77.72537332903698,0.06644709888722905,14,13,0.15789473684210525,0.5789473684210527,7.466197503947955,1.740613516379108,7.592682899679767,8.763697740976177,0.2222222222222222,0.5555555555555556,7.677058072501653,1.332147978968042,1.3363997777371994,0.5,0.5,0,,,,,,,,,,,,,,,,,,,,,,,,,,,,,-2.4579360129110457,4.038199685661484,1.7102407318471182,4.447303071109379,-3.159398612431291,4.433284287248476,-2.4797453644731253,-0.41397666390371324,0.7410967709227672,-0.2726009949829318,4.004189791758492,-4.759507949217684,-3.1399935188681534,3.0259769780580363,-4.675046429484218,-4.525876243097789,1.110350911823033,0.4256277962017805,-0.8439137653740376,2.7066895547302705,,,,,,,,,,,,,,,,,,,,,,,,,24,0.15579710144927536,
bc82c611-4407-4da9-8444-48dbf08d0bbf,frontierscience,deepseek/deepseek-v3.2_reasoning-auto_s2,physics,,deepseek/deepseek-v3.2,0,is_correct,False,,0.1375,True,,,,47,0.19329724607040985,-4.718045021601791,-4.9113422676722,2.2647989043083734,7.781317586211914,-4.718045021601791,3.0632725646101235,-0.3610183911613395,-1.2479676501428483,-0.4740985750116673,-0.11308018385032781,59.10256495231652,0.08309863153375209,17,9,0.7368421052631579,1.0,0.0,7.781317586211914,6.433283016221587,6.106755345584895,0.2222222222222222,0.2777777777777778,6.203395241774998,0.626944205985178,1.332318892945144,0.4,0.6,21,-0.4522518304257571,2.176585877262406,2.628837707688163,2.2350423000450195,8.388749371044016,-3.998095485058346,4.390653885985669,-0.4741671237640693,0.050382990867030894,0.5095405589661681,0.9837076827302373,60.7342393347522,0.04328427813508383,14.0,11.0,0.05263157894736842,0.3157894736842105,6.174681362320753,2.214068008723263,7.196196179205604,5.358988197616524,0.16666666666666666,0.05555555555555555,5.297901330374549,0.8926123067982518,0.8880745856223647,0.55,0.45,0.19329724607040985,0.7675682054129189,0.19440981138850147,0.26828850826736655,-3.570167732042284,2.863115284179303,-3.243640061405592,2.4853775978765382,-0.7105656773977709,-1.400139654200237,-1.1586541837504398,-3.974645131786542,-1.656710345566852,-2.3204361561746336,3.0632725646101235,-1.4561174004569595,2.703554901898398,-2.309808112653621,-0.12744838186615493,-4.718045021601791,-0.4522518304257571,4.390653885985669,-0.9683343116308554,-3.820203613664071,3.3759925655415324,-1.8469310770966572,-3.998095485058346,1.3179145043747513,0.4074409481403132,-0.6439139187843317,0.6474690425725287,0.078666227573851,1.7716666873304625,-3.2265625551383588,-0.25364073501858986,2.1004544704812527,0.14925990007901868,1.4361420266232519,-2.5515581856303307,2.176585877262406,0.6551840986153191,4.920977289791352,7.5498149974795155,0.14220135676393042,68,0.058279370952821465,0.09523809523809523
27c865e6-1c87-489b-b7ea-b197fe3356ba,frontierscience,deepseek/deepseek-v3.2_reasoning-auto_s2,physics,,deepseek/deepseek-v3.2,0,is_correct,False,,,False,,,,16,-2.3754080072773665,-2.829161929551754,-0.4537539222743874,3.2823198436499164,11.229748224364574,-4.490565645442045,6.739182578922529,0.6971739385402137,1.4011270848087203,-2.1493544515659777,-2.8465283901061915,61.53407686006892,0.007374026643907292,9,8,0.5263157894736842,0.15789473684210525,1.661403715890291,9.568344508474283,8.956441577316852,5.760494019488299,0.2222222222222222,0.5555555555555556,4.605386929326689,1.3920951962313113,1.302496173528978,0.4,0.6,0,,,,,,,,,,,,,,,,,,,,,,,,,,,,,-2.3754080072773665,4.713547850698474,0.1798191295493874,-4.490565645442045,-2.6963625651004333,6.260079012216419,3.2891077951370606,-1.5054804069659706,-1.871981800928812,4.497381607757094,6.739182578922529,0.9786885594342296,-0.21399833546906222,1.1840973909110326,-0.15154434200536382,-4.054741192005028,-2.3884553430235957,-1.3634403449734973,-2.108783557836629,-2.829161929551754,,,,,,,,,,,,,,,,,,,,,,,,,16,0.2916666666666667,
b818c26a-1311-482d-8c4e-bde09ef34a05,frontierscience,deepseek/deepseek-v3.2_reasoning-auto_s2,chemistry,,deepseek/deepseek-v3.2,0,is_correct,False,,0.13,True,,,,40,-2.598947997243986,-1.9895491690012965,0.6093988282426894,2.3878305963912205,7.28591825004901,-2.6915114291203803,4.594406820928629,1.0753661774655163,-0.04265247799112142,-0.42420931572539605,-1.4995754931909124,50.49894599632366,0.012067555395850318,15,12,0.05263157894736842,0.21052631578947367,0.7019622601190838,6.583955989929926,7.193354818172615,7.005740880857805,0.0,0.16666666666666666,4.834825777697396,1.1311276014099398,0.8969406013115206,0.5,0.5,17,2.4917333669942865,2.2622174183429857,-0.22951594865130076,2.2800329435701827,8.990856975137568,-4.645951089702289,4.34490588543528,0.5795205732689361,-0.6477554523979805,0.017245997729981404,-0.5622745755389548,53.92579838272248,0.004256143729618593,10.0,10.0,0.05263157894736842,0.3684210526315789,6.908168508045275,2.082688467092294,6.215311827276678,6.007763134440063,0.6111111111111112,0.6666666666666666,4.1330877939279755,0.955733242051265,0.9744416504274358,0.45,0.55,-2.598947997243986,4.594406820928629,3.88475231999496,4.3142294517374244,-2.6915114291203803,-0.1716956269503066,0.19632970291227236,-1.6658827936689864,1.3723565935291562,0.1011312373682951,-2.2066316505847636,2.033824111896224,-0.690739571270673,0.7573747267928979,-2.1337649554270524,1.9254331447961026,3.4427139182428395,-2.2651499209429096,-1.52493891202006,-1.9895491690012965,2.4917333669942865,4.34490588543528,-0.14259650812522917,-2.482606866718541,-0.9015867712930656,1.4613769089286306,-0.7145820023388073,-4.645951089702289,-1.6198048082955059,2.4716549872290146,0.5014415253850286,-2.5548297671718014,3.6604820601048766,-2.3472810743351866,-0.8898042244316189,1.0825828397463082,0.8382698488588898,-1.1638042098217136,-2.0259856863149626,2.2622174183429857,0.5687834362311037,5.050065972226687,4.820550023575386,-0.0011460125302065194,57,0.06538461538461539,0.11764705882352941
0a1877af-e331-40b9-b9a3-c1a06dd51ec5,frontierscience,deepseek/deepseek-v3.2_reasoning-auto_s2,biology,,deepseek/deepseek-v3.2,0,is_correct,False,,0.18,True,,,,36,-0.27863195110964634,2.549442748176349,2.8280746992859953,2.9759110999633243,10.26203058121766,-5.528261387127589,4.733769194090071,0.687886320216237,-0.9725923813083673,-0.32019870152395513,-1.0080850217401922,91.45533907349554,0.030923013658210725,16,15,0.3157894736842105,0.5789473684210527,8.077704135303938,2.184326445913722,7.150116588025733,8.832601444676845,0.6666666666666666,0.7222222222222222,8.84665629188768,1.1968515445934265,1.3925582764328586,0.45,0.55,34,-4.639560009932461,2.7743162387259357,7.413876248658397,2.7407621876392003,10.326115550360164,-6.316678749041232,4.009436801318932,-1.3664896798171218,-0.18310700904561267,0.4891474368299947,1.8556371166471164,74.51024698181354,0.0995014316684251,14.0,13.0,0.8421052631578947,0.21052631578947367,9.090994987767168,1.2351205625929964,8.623631644094354,8.868612041356212,0.8333333333333334,0.16666666666666666,7.156943230031889,0.8740888689380497,1.2697034789910087,0.55,0.45,-0.27863195110964634,3.790193781994208,-1.8434643319479802,1.0398936539961796,-3.397422731612462,0.7708666261032882,4.733769194090071,-3.9598541581069826,-0.7234540940942313,-1.2941439506853742,2.404879772516225,-5.528261387127589,-2.4287147198431756,4.721401868182557,-4.111199576494288,2.451952544742885,-1.358320686445166,1.4746307020667644,-2.9276979411902753,2.549442748176349,-4.639560009932461,-0.04224921664389125,-1.0249746066317682,2.551933292314979,-6.316678749041232,1.6320580977189865,-1.725956566504466,0.4179568701941003,1.4806661048026075,0.8500443588103339,0.1117766154440499,-4.137773033736038,0.5343715050916724,-0.5387914839260146,2.66970842873047,-4.614194842775422,4.009436801318932,0.4495090656089298,-2.3538910706288774,2.7743162387259357,-0.2954204344685746,-7.484423192577385,-0.07054694391898764,-2.076100020157625,70,0.05873015873015873,0.0677361853832442
6646019d-bda1-4b1c-83ac-7953e853effd,frontierscience,deepseek/deepseek-v3.2_reasoning-auto_s2,physics,,deepseek/deepseek-v3.2,1,is_correct,True,,,True,,,,50,2.593047237085441,-4.60319654751754,-7.196243784602981,2.317433678872623,8.713625458235986,-4.60319654751754,4.110428910718446,0.14884828271298906,-0.08372264881845805,-0.711346060417438,-0.8601943431304271,49.43755575255982,0.14556228913542854,12,11,0.5263157894736842,1.0,0.0,8.713625458235986,4.71731051478859,5.757658600609563,0.5,0.5555555555555556,4.855783051470869,0.904753881186658,1.0953637274488037,0.5,0.5,2,3.6576834023146816,-3.6576834023146816,-7.315366804629363,2.220129620456974,7.315366804629363,-3.6576834023146816,3.6576834023146816,2.5026254857942556,-0.19250965275340423,-2.6951351385476596,-5.197760624341916,7.315366804629363,1.0,0.0,1.0,0.0,1.0,0.0,7.315366804629363,-0.3850193055068081,0.3850193055068094,0.16666666666666666,0.5555555555555556,3.9474596431116675e-16,0.9625482637670215,0.9625482637670213,0.5,0.5,2.593047237085441,2.2989446555804443,-0.9778138639645015,2.179775281933699,1.0510619733712419,-3.8400110417353694,-2.2630662632800322,-2.1720931887983674,0.6033743045018967,-0.6068816040701435,4.110428910718446,-1.6472296898911174,-2.1176928161637742,1.2440355419738531,-2.3243679550867644,-1.354921578468463,3.080967825421088,0.4490675273690834,0.4843743657779678,-4.60319654751754,3.6576834023146816,3.272664096807873,2.8876447913010646,2.5026254857942556,2.1176061802874475,1.7325868747806388,1.34756756927383,0.9625482637670215,0.577528958260213,0.19250965275340448,-0.19250965275340404,-0.5775289582602134,-0.9625482637670215,-1.3475675692738296,-1.7325868747806386,-2.1176061802874475,-2.5026254857942556,-2.8876447913010637,-3.2726640968078726,-3.6576834023146816,1.1902602439512127,9.451140193783434,2.135773389154071,-4.768321403159568,52,0.0563265306122449,1.0
f12a8706-3ddd-4255-9234-0655babceb8e,frontierscience,deepseek/deepseek-v3.2_reasoning-auto_s2,chemistry,,deepseek/deepseek-v3.2,1,is_correct,True,,,True,,,,51,2.5815896985224405,-0.1992295484112697,-2.78081924693371,2.706122494926934,11.243736605782889,-4.339343753185328,6.90439285259756,2.1521740781801055,-0.17209049922078457,-0.9295768838323478,-3.0817509620124532,59.66894465679973,0.046604129885793356,13,11,0.05263157894736842,0.8421052631578947,4.140114204774058,7.10362240100883,7.820505239831269,6.132452454106508,0.3888888888888889,0.3333333333333333,5.353530346947663,1.238568336816512,0.8244121493304541,0.5,0.5,3,-2.6619115947720857,2.7169073554994014,5.378818950271487,1.6326001675398072,5.378818950271487,-2.6619115947720857,2.7169073554994014,-1.838675015600053,0.10205842989843264,1.9874591670186863,3.8261341826187394,5.378818950271489,0.9999999999999997,0.0,1.0,1.0,0.0,5.378818950271487,0.0,0.2917792753922863,0.0,0.5555555555555556,0.0,0.0009648379074969318,0.701950308117057,0.7135283630070184,0.5,0.5,2.5815896985224405,6.90439285259756,2.9991194801048735,-0.09806058406935253,1.5145038957003965,-2.2384887524501775,3.402161956854997,-2.730290497251511,5.090214742579758,0.009507790162579965,0.7505922920444977,-0.4656335410036603,-1.4111974419558377,-2.4478268391213183,0.3077263717055375,-2.238502474741674,-4.339343753185328,-0.3196695544189492,1.2115576560575965,-0.1992295484112697,-2.6619115947720857,-2.3874994017147415,-2.1130872086573973,-1.838675015600053,-1.5642628225427089,-1.2898506294853647,-1.0154384364280205,-0.7410262433706762,-0.46661405031333203,-0.19220185725598782,0.09089387696882714,0.38267315236111343,0.6744524277533991,0.9662317031456849,1.2580109785379712,1.5497902539302575,1.8415695293225431,2.133348804714829,2.425128080107115,2.7169073554994014,0.13279910401116038,-2.3298829423496557,3.0489360079218315,-9.036802658489346,54,0.054901960784313725,0.6666666666666666
896bb6e5-d69d-4e9c-9f57-e86b485fd2cf,frontierscience,deepseek/deepseek-v3.2_reasoning-auto_s2,chemistry,,deepseek/deepseek-v3.2,0,is_correct,False,,0.2,True,,,,318,2.6638992136567428,-2.447345605613142,-5.111244819269885,2.2135484435625474,8.291881418818495,-5.627982205161752,2.6638992136567428,0.6553121469274235,-0.8362849898885444,-1.2720664475954024,-1.927378594522826,40.20315570365817,0.12713541337265727,11,7,0.0,0.3157894736842105,3.1806365995486097,5.111244819269885,5.75560258674412,7.4293137174177435,0.3333333333333333,0.2777777777777778,3.9474467946925174,0.6412142683662321,1.0861746976812452,0.55,0.45,17,4.8633625307023625,2.4929987173773767,-2.370363813324986,2.1657519581008784,8.3591881078832,-3.4958255771808386,4.8633625307023625,0.2535692182253329,-0.09046736204829574,-0.2260449713818303,-0.4796141896071632,49.46223289007505,0.047922701318254,11.0,10.0,0.0,0.10526315789473684,5.988824294558215,2.370363813324986,4.663077234087044,4.2100126218658325,0.7777777777777778,0.0,4.14678962985037,0.9257900130070776,0.936517854759664,0.5,0.5,2.6638992136567428,2.483406577646826,0.13165787831467382,2.0736740113200036,1.0611980404594785,1.8013315122559914,-5.627982205161752,0.1276203815823675,0.061161966416467095,-0.4494616390544058,-3.3933657893496516,0.12493961944834231,0.13232434261311574,-2.457213810876046,-1.41158002457983,-0.030082016007711265,2.1630718236106334,-2.4968897731704898,-3.409573089811875,-2.447345605613142,4.8633625307023625,0.65334990883653,-3.4958255771808386,0.04583818369371606,2.004854557391821,-2.0256710522284136,-0.2709240236378469,-0.2697795174183477,-1.897408346948421,1.7211336503879795,1.7723102676035531,-1.1615997416324053,1.6690966086281032,-2.467024454958532,-2.630824695049484,2.0322525390375605,1.2606032964825538,-2.6328719527154,-1.8784277334235888,2.4929987173773767,0.1430681455119437,7.453776281827448,5.083412468502463,-2.7645829224751175,335,0.006686109953772593,0.11764705882352941
6e9aca19-46c4-46ea-9643-86b138e8f2f5,frontierscience,deepseek/deepseek-v3.2_reasoning-auto_s2,physics,,deepseek/deepseek-v3.2,0,is_correct,False,,,False,,,,55,0.0394863067542063,0.15564271972074564,0.11615641296653934,2.4781021817138935,8.15807851305815,-3.53926273837737,4.6188157746807805,-0.3620641494121041,0.4731977836954137,-0.5748407688227642,-0.21277661941066017,50.64843838162902,0.002293385870879507,9,10,0.3684210526315789,0.05263157894736842,3.6949054580981153,4.463173054960035,6.284768296977926,6.004462298867302,0.2777777777777778,0.3888888888888889,4.385888958542616,0.9688342860426058,1.1023897446902768,0.45,0.55,0,,,,,,,,,,,,,,,,,,,,,,,,,,,,,0.0394863067542063,-3.53926273837737,-2.0907077661998397,2.045517994218602,-1.0435732696521383,-2.1153389348030576,4.169429362174869,4.6188157746807805,-1.3856465241865212,-1.5729335600208942,-3.242457390235594,-1.744634191106197,4.428958645761195,2.210281730975127,1.5390707945407258,-0.24641971174935406,-2.3903704624187094,0.1694823920258668,-2.6764503450558603,0.15564271972074564,,,,,,,,,,,,,,,,,,,,,,,,,55,0.04983164983164983,
36c373f1-468f-4bba-a8d9-5a73a3be5876,frontierscience,deepseek/deepseek-v3.2_reasoning-auto_s2,chemistry,,deepseek/deepseek-v3.2,0,is_correct,False,,,False,,,,73,2.777781447373059,-0.011511959761697825,-2.789293407134757,1.9928698706937402,7.124614885872965,-2.9922859101130075,4.1323289757599575,1.669075464031091,-0.826086344277697,0.5416193473424055,-1.1274561166886854,46.479083360315265,0.06001179897442446,12,11,0.2631578947368421,0.10526315789473684,2.9807739503513098,4.143840935521656,4.988635574695655,4.86658810964123,0.1111111111111111,0.3333333333333333,4.273312544126095,1.0988638297607065,0.641331833644297,0.55,0.45,0,,,,,,,,,,,,,,,,,,,,,,,,,,,,,2.777781447373059,1.164476625473112,-2.9922859101130075,1.996349664582647,0.8930567095195587,4.1323289757599575,3.71182073562231,-1.154767374018919,0.9513969182422493,-2.121107907593852,-0.5604194685570771,1.4084139074073385,-2.457597455154474,-1.8485230302691447,-0.029862345192443365,2.1542622595879193,-1.6505612222253239,1.7188800914241247,1.0685092602218538,-0.011511959761697825,,,,,,,,,,,,,,,,,,,,,,,,,73,0.0350076103500761,
20fcf049-b356-45cf-83d8-833f280ee107,frontierscience,deepseek/deepseek-v3.2_reasoning-auto_s2,physics,,deepseek/deepseek-v3.2,1,is_correct,True,,,True,,,,71,2.8246409772326717,0.14027877297861413,-2.6843622042540574,2.3347500542420354,10.084616273368177,-5.683342970103764,4.4012733032644125,-1.3948069210234,0.29377289655582556,0.48531088874047185,1.8801178097638718,51.88572572602187,0.05173604429142231,12,10,0.8421052631578947,0.3157894736842105,5.823621743082378,4.2609945302857986,5.605711526459696,6.8588212713545555,0.8333333333333334,0.2777777777777778,4.580094670027545,0.7554840626889806,0.9952527046304901,0.5,0.5,21,-0.4303055818796891,-0.12687137903200624,0.30343420284768285,1.8626335934427896,6.7386453531763255,-4.408742632968073,2.3299027202082527,0.2052916343123746,-0.36056912331309604,0.17626955329986185,-0.029022081012512746,46.64041271284675,0.006505821565427619,11.0,10.0,0.5263157894736842,0.8947368421052632,4.281871253936067,2.456774099240259,6.110464859262593,6.159725374888442,0.9444444444444444,0.8888888888888888,4.054695826331782,0.7458657439559078,0.7473319991162019,0.45,0.55,2.8246409772326717,-1.6719494968605444,-1.3357454120601417,-4.111044368637568,-0.9616854779852437,1.1754783012507914,-5.683342970103764,-0.9235509713284662,0.2906801128495644,3.2394452873696404,2.2579604805335203,0.11125484554782039,-2.6868683561519786,-0.23251112292932286,0.4521114929942618,-1.2044382231952833,4.4012733032644125,-1.0939176933574888,0.21655767975831544,0.14027877297861413,-0.4303055818796891,-0.00816314321231909,2.0571227534607313,-0.6530959516122041,-2.2712624977603095,0.4621082296287777,2.280637631561635,-0.7025819676194875,-3.1644079926115194,2.19431221245951,2.3299027202082527,-0.2027343715995048,-1.915912056667695,-1.0625624073612283,1.6507254930493922,0.4898008705349679,1.7509827419203696,-4.408742632968073,1.7017222262945202,-0.12687137903200624,0.2971892687145313,-0.27339508614377195,0.030039116703910906,-1.492870210583142,92,0.03501006036217304,0.09523809523809523
84bba88d-2aee-4fcb-baab-4c6eea17b0d8,frontierscience,deepseek/deepseek-v3.2_reasoning-auto_s2,physics,,deepseek/deepseek-v3.2,0,is_correct,False,,,True,,,,31,0.02412940216672533,0.6591226462228585,0.6349932440561332,2.569748163806707,8.576144320577141,-4.174772277089454,4.401372043487687,0.46758636002423754,0.43416371308537066,-0.2174696604105764,-0.685056020434814,68.77841154398494,0.00923244997669137,14,12,0.5263157894736842,0.2631578947368421,4.833894923312313,3.7422493972648283,5.397144006458243,8.355954155823756,0.2777777777777778,0.5555555555555556,6.708734294194037,1.1915625024024517,0.9411908749372616,0.65,0.35,2,4.9235378506729575,-4.9235378506729575,-9.847075701345915,2.988474128953515,9.847075701345915,-4.9235378506729575,4.9235378506729575,3.368736424144655,-0.2591335710880501,-3.627869995232705,-6.99660641937736,9.847075701345915,1.0,0.0,1.0,0.0,1.0,0.0,9.847075701345915,-0.5182671421760991,0.5182671421761018,0.8333333333333334,0.5555555555555556,8.881784197001252e-16,1.2956678554402523,1.2956678554402519,0.5,0.5,0.02412940216672533,-1.0656664374723441,4.293264902184453,0.3347932656929681,2.6389839353185267,-4.174772277089454,1.2223717293687884,3.469798934519142,-1.8153474603248045,3.0415613186656496,4.401372043487687,-3.9545821123360687,-2.139514752755667,0.03585802034165653,-2.7171133528817935,0.19207877220809877,2.3905644864991578,-2.9568211058851004,1.1273505913733204,0.6591226462228585,4.9235378506729575,4.4052707084968565,3.887003566320756,3.368736424144655,2.8504692819685546,2.3322021397924537,1.8139349976163528,1.2956678554402523,0.7774007132641518,0.2591335710880509,-0.25913357108805,-0.7774007132641518,-1.2956678554402519,-1.813934997616352,-2.332202139792453,-2.8504692819685546,-3.368736424144654,-3.8870035663207556,-4.405270708496856,-4.9235378506729575,0.09941404183667069,4.36382924628677,-5.483246455059145,-2.029841507461498,33,0.1053763440860215,1.0
af50243e-3a60-4460-9536-f9a02c4f8eb8,frontierscience,deepseek/deepseek-v3.2_reasoning-auto_s2,physics,,deepseek/deepseek-v3.2,0,is_correct,False,,0.025,True,,,,198,2.6358345188121803,-2.2343343198511874,-4.870168838663368,1.7315965804476643,6.506126013492665,-2.661377519667469,3.8447484938251955,0.724385945386533,1.1402588256420645,0.05212060049706069,-0.6722653448894723,41.536283533442266,0.11725095324771245,12,7,0.5789473684210527,0.3157894736842105,0.4270431998162816,6.079082813676383,5.992477916558935,4.599088965834902,0.1111111111111111,1.0,3.8763381536684753,1.0688621206426672,0.40060027063353987,0.8,0.2,18,4.178716354166562,2.634370738637008,-1.5443456155295543,2.8463732202358893,10.334843499130649,-6.12918402984382,4.205659469286829,0.29181654504716176,0.6538066632287605,-1.1041413087626581,-1.3959578538098198,73.78210116990263,0.020931168820650603,11.0,12.0,0.5263157894736842,0.8947368421052632,8.763554768480828,1.5712887306498207,8.515541436818628,8.167908183987764,0.5,0.0,6.500316746437971,1.1635274312296566,1.1638017009618813,0.45,0.55,2.6358345188121803,0.6422682600822374,-2.2062394071250724,3.786238509433862,1.2177817679793863,1.6561954881906051,-2.661377519667469,1.6051226162783512,0.2894458331410723,0.0487843988675027,0.767519644052181,3.8447484938251955,0.7488375580763957,0.6773532352537528,0.42037228094366563,0.05354624711412104,0.6184389148191185,-0.9100541660270682,2.3647546459837145,-2.2343343198511874,4.178716354166562,-3.989191829821202,0.7763810443361896,2.3111728564852183,-1.8777651910788062,-0.4437902345858422,1.0871928158280122,-2.3599768560416576,3.0710751811284407,-4.309881967531799,4.205659469286829,-1.0362093489653637,3.10719749253839,1.8987826721864844,-0.028775447033849766,-0.29552667076369277,-2.7600315580715535,-6.12918402984382,-0.04570088550004048,2.634370738637008,0.13511117803696523,6.548161852054715,5.003816236525161,-0.032230502610726575,216,0.010972670871148029,0.1111111111111111
16318af5-cfa6-4b2c-bf25-9eb3ac468b48,frontierscience,deepseek/deepseek-v3.2_reasoning-auto_s2,physics,,deepseek/deepseek-v3.2,0,is_correct,False,,,False,,,,7,-5.649657891971262,5.641162270267135,11.290820162238397,4.439590800546461,13.3188796742254,-5.920255248374291,7.398624425851109,-3.8532996890482036,-0.20896366053356466,4.740797701126821,8.594097390175024,35.557140463774736,0.3175401625375745,3,3,0.8421052631578947,0.6842105263157895,11.561417518641427,1.7574621555839736,4.735241103757675,4.1526772818236015,0.7777777777777778,0.5555555555555556,1.256841077976035,1.986187846077875,1.9857407080934473,0.4,0.6,0,,,,,,,,,,,,,,,,,,,,,,,,,,,,,-5.649657891971262,-5.039399296852991,-4.42914070173472,-3.8188821066164493,-3.2451270080167056,-2.6786726087206674,-2.112218209424629,-0.32868937054198577,2.0633766881339604,4.455442746809906,3.5751371352360843,-0.5775401465875172,-4.73021742841111,-5.920255248374291,-1.1850141446166171,3.5502269591410576,7.398624425851109,6.812803707323119,6.226982988795127,5.641162270267135,,,,,,,,,,,,,,,,,,,,,,,,,7,1.0,
a6176b58-f026-4fbc-9301-28190a36879c,frontierscience,deepseek/deepseek-v3.2_reasoning-auto_s2,chemistry,,deepseek/deepseek-v3.2,0,is_correct,False,,0.5,True,,,,71,2.7265702452772627,-5.057018160404443,-7.783588405681705,2.479629206405471,8.84374058588792,-5.658048716241666,3.185691869646254,0.9181546262358403,-1.5367109700385853,0.15513604491679164,-0.7630185813190486,55.4129922064877,0.14046504431086126,12,11,0.10526315789473684,0.47368421052631576,0.6010305558372231,8.242710030050697,6.3145272286761704,6.995989558881145,0.5,1.0,5.095094319245046,0.9252087567662486,1.0951626636221716,0.6,0.4,24,-0.30996962380029097,2.465605728210009,2.7755753520103,2.1428311657232832,8.551346799559894,-4.7363339515152125,3.815012848044681,-0.03973100518500632,0.60486557682783,-0.5932111112618131,-0.5534801060768069,56.979883431236715,0.04871149579236789,14.0,11.0,0.05263157894736842,0.7368421052631579,7.201939679725221,1.3494071198346722,7.621630220542348,6.134382055035479,0.7777777777777778,0.7222222222222222,5.4032740078215475,0.9009130713111754,0.881079304614731,0.4,0.6,2.7265702452772627,0.7277041819997228,3.185691869646254,0.4220288308386948,-0.48309253978589073,2.090524024937131,-2.242344229262292,0.42716717242687174,-1.217577333849498,-5.658048716241666,0.6564785124345047,0.04861155605477174,-2.6253654136439746,-2.388242567451106,1.967624410622261,3.00315789374287,-2.2315643118045636,1.3096450388679237,1.9389713984767019,-5.057018160404443,-0.30996962380029097,3.815012848044681,-0.20683041770705643,-1.9794747851849521,-0.7392079121073403,1.6472918453630059,-2.5049389909030912,3.28456559632635,0.4991379761481358,2.0233030595839265,-0.21510954902334195,-1.2093289894302013,-1.546557159330325,1.3980481035202663,-4.7363339515152125,2.885296269027135,-1.5556232402219923,-1.1966826531652073,-1.4215288199056109,2.465605728210009,0.3990787667982289,5.1461273034023804,7.92170265541268,-3.413805746678783,95,0.035412474849094565,0.08333333333333333
afb2ebc7-421e-4e61-8073-7c4393aa9855,frontierscience,deepseek/deepseek-v3.2_reasoning-auto_s2,physics,,deepseek/deepseek-v3.2,0,is_correct,False,,,True,,,,171,2.491608799400741,0.12368624158184759,-2.3679225578188934,2.540859404818436,8.663059751874382,-5.267470252273838,3.395589499600544,-0.3678007904950067,-1.585465864732423,0.5496784917762556,0.9174792822712623,66.93382751078984,0.035377067857611764,14,10,0.3157894736842105,0.42105263157894735,5.391156493855685,3.271903258018696,6.779601114989151,6.6435555941593325,0.16666666666666666,0.0,6.404782921655996,0.8174784358139451,1.3362182176106685,0.5,0.5,2,2.546644702581208,-2.546644702581208,-5.093289405162416,1.545754707310767,5.093289405162416,-2.546644702581208,2.546644702581208,1.7424411122924057,-0.13403393171480033,-1.876475044007206,-3.618916156299612,5.093289405162416,1.0,0.0,1.0,0.0,1.0,0.0,5.093289405162416,-0.2680678634296001,0.2680678634296014,0.8333333333333334,0.7777777777777778,2.9605947323337506e-16,0.6701696585740021,0.670169658574002,0.5,0.5,2.491608799400741,-4.151946794758592,-0.5744338281506183,-4.146763771324015,2.6328373436651358,-2.2214967818982414,3.395589499600544,0.2578200696594788,-5.267470252273838,-1.503821514988886,-2.4598412916437167,0.1377898191119497,-1.5736584199582406,-0.6890794630337065,1.2570592120748734,1.8152161199771515,2.2931531184056144,-4.135852234183519,1.9448084928015659,0.12368624158184759,2.546644702581208,2.278576839151607,2.0105089757220065,1.7424411122924055,1.4743732488628047,1.2063053854332038,0.938237522003603,0.6701696585740022,0.4021017951444015,0.1340339317148005,-0.1340339317148005,-0.4021017951444015,-0.670169658574002,-0.9382375220036026,-1.2063053854332035,-1.474373248862805,-1.742441112292405,-2.010508975722006,-2.278576839151607,-2.546644702581208,-0.11705783377381308,2.3059006272255473,-2.7873887779368687,-5.343912153162009,173,0.013071895424836602,1.0
f3ba1aae-2fc3-4d9b-a5a3-42bb91de4d7d,frontierscience,deepseek/deepseek-v3.2_reasoning-auto_s2,physics,,deepseek/deepseek-v3.2,0,is_correct,False,,,True,,,,110,-0.0019381274023290533,-2.2354741148882016,-2.2335359874858725,2.245971631318899,8.966009816116884,-4.5590428267171,4.406966989399783,-0.07850704162185698,0.4507850085024132,0.40428715362233514,0.4827941952441921,51.012982788730724,0.043783677514722445,10,10,0.5789473684210527,0.21052631578947367,2.3235687118288983,6.642441104287984,5.803650324854717,6.143164994736727,0.5,0.6111111111111112,4.400144806405688,1.0200775651843637,0.7684941306894685,0.45,0.55,4,4.397382334596215,-3.198490534300828,-7.595872868897043,1.9665370542691796,7.595872868897043,-3.198490534300828,4.397382334596215,0.9078120738637596,-0.2982299824913789,-1.237008843572771,-2.1448209174365305,15.777520289527452,0.48143641900045026,2.0,3.0,0.0,1.0,0.0,7.595872868897043,0.7484344154814564,1.1631900869108187,0.5555555555555556,0.05555555555555555,0.19136953300916454,0.731938652457609,0.8896875735491069,0.4,0.6,-0.0019381274023290533,-0.18168870405892498,-0.14446592937599467,0.9148700947552839,-4.5590428267171,0.8430779086833744,2.5796382927626915,0.9805466417833658,-1.9453780605587307,-3.233961426366908,2.5696888984878083,4.406966989399783,-1.7361980053369446,2.1138300221085182,3.559615382627067,-0.1212261165383101,-0.7844246055183395,2.4333170730793823,-0.42608469702758756,-2.2354741148882016,4.397382334596215,3.234192247685397,2.071002160774578,0.9078120738637598,-0.25537801304705887,-1.4185680999578771,-2.5817581868686954,-2.470531938851332,-1.7220975233698768,-0.9736631078884213,-0.22522869240696597,0.5232057230744904,1.271640138555945,1.5090655234465087,0.7244728471552853,-0.06011982913593794,-0.8447125054271596,-1.6293051817183812,-2.413897858009605,-3.198490534300828,0.5183030403308259,7.151159489815242,-0.44471337908180075,-5.081902650783007,114,0.021351125938281902,0.5
d9a6df63-9cdc-41c0-980b-ddc78275bf91,frontierscience,deepseek/deepseek-v3.2_reasoning-auto_s2,biology,,deepseek/deepseek-v3.2,0,is_correct,False,,0.0,True,,,,22,-5.594802517745898,-6.892152807840728,-1.2973502900948297,2.844454202400583,11.362998552583726,-6.892152807840728,4.470845744742999,0.3593237694021053,0.21804030555719692,-0.8495426934992466,-1.208866462901352,56.59648420378295,0.02292280710270893,15,8,0.47368421052631576,1.0,0.0,11.362998552583726,7.4981658477393625,6.347686735652095,0.0,0.8888888888888888,5.2159062031142644,1.0380350735158843,1.0908204553299026,0.6,0.4,19,2.516441359188693,2.9201915897445896,0.40375023055589665,1.9073503313830906,6.690576911756697,-3.7703853220121077,2.9201915897445896,1.286223148238778,-1.1345702897323586,-0.1769283349241554,-1.4631514831629335,38.143399080566965,0.010585061643381345,12.0,8.0,1.0,0.7368421052631579,6.690576911756697,0.0,5.0865381754339225,4.732043934747016,0.7777777777777778,0.05555555555555555,3.4864824489172808,0.7910641480522381,0.7910641480522379,0.6,0.4,-5.594802517745898,1.9033633299934645,0.9063393234821753,4.251044521234069,1.9590857577695058,-0.00606664966377668,-0.903697379254802,0.8785428437963096,-1.6712810128477762,4.470845744742999,0.05576111767077179,0.22106027753427634,0.017425613141945018,-2.446072445138147,1.9875765447320868,0.8478084477706859,3.2618479484494,-3.0858387872026958,-1.2164975069042288,-6.892152807840728,2.516441359188693,2.786074162326313,-1.9459697724207028,1.7306309703937397,0.810676943986292,2.091755278226488,1.0139530959706242,0.09506876704730882,-1.3561048925107948,0.08986415386765012,-1.1363094152386588,-3.0437041496393533,-0.4281431033976154,-2.162663388255047,-3.7703853220121077,1.316152853421815,-1.9780029175704776,0.05063714204186766,0.39983664482938014,2.9201915897445896,-0.3248097155381452,9.083784451491276,9.487534682047173,-3.142939964748109,41,0.09956709956709957,0.14619883040935672
2f43ac4a-f7e3-46c9-aaee-2f112ff662cb,frontierscience,deepseek/deepseek-v3.2_reasoning-auto_s2,biology,,deepseek/deepseek-v3.2,0,is_correct,False,,0.2,True,,,,114,0.14965832635336,-2.330078929286551,-2.479737255639911,2.1869851795070883,7.9792233250389515,-3.7811637481920926,4.198059576846859,0.2199797692768491,-0.6899920058820579,-0.6504270350682012,-0.8704068043450504,40.38621638072932,0.06140058361156956,13,7,0.8421052631578947,0.7368421052631579,1.4510848189055414,6.52813850613341,6.446887034453672,6.767917901101919,0.7777777777777778,0.8888888888888888,3.8375153181835153,0.7687993504968045,1.1284317438290878,0.4,0.6,19,2.584630680426019,2.6606590723270664,0.0760283919010476,1.7520099941433664,5.148908056756942,-2.4882489844298754,2.6606590723270664,0.658211618405461,-0.4148669367858329,-0.2839021285562305,-0.9421137469616916,40.92908659846667,0.001857563855429304,12.0,10.0,1.0,0.7368421052631579,5.148908056756942,0.0,4.710533715352977,4.395447773999939,1.0,0.05555555555555555,3.624944505745006,0.7945040515891688,0.7945040515891681,0.45,0.55,0.14965832635336,2.225848168445353,1.8291175231457153,2.0464947871298484,-3.2627196379092815,-2.178049057074297,0.7295082748472457,-0.7005989136378434,-0.35983077057354507,1.5315770669061282,-0.12802313331640258,-2.334372457021389,-2.405063409594683,-0.43363242393667134,-3.7811637481920926,2.6657232862615796,4.198059576846859,-2.56985832425506,-2.085244071783942,-2.330078929286551,2.584630680426019,2.5856105085326697,-1.809837265467269,1.5926671766912563,-1.4531556092418687,-0.6449659157822998,1.7525317536797203,0.944488354056854,-1.4327148855126766,-0.021081316956833795,-1.1849097531925388,-1.8837209137201563,1.4501450767907649,-0.7762751189662439,-2.4882489844298754,-2.1452966254876893,0.3702448061315493,1.9491036031474769,-2.0498746430259107,2.6606590723270664,0.008218213365001753,4.922927823077572,4.9989562149786195,-2.6809267366161613,133,0.020493712156497437,0.10526315789473684
1c77dfab-266d-40d4-b3a0-2c27f0b32139,frontierscience,deepseek/deepseek-v3.2_reasoning-auto_s2,physics,,deepseek/deepseek-v3.2,0,is_correct,False,,0.4,True,,,,88,0.07243695385803955,0.23345795430962307,0.16102100045158352,1.3351941835947132,5.252831613837111,-2.7542201419182915,2.49861147191882,0.541644128460248,0.30517014068411275,0.23372085069393733,-0.3079232777663107,32.252039128468056,0.0049925835637925405,15,10,0.3684210526315789,0.5263157894736842,2.9876780962279144,2.265153517609197,2.9035475724743245,3.314118472261166,0.5555555555555556,0.3888888888888889,3.1276607948984845,0.7010208789165218,0.3345196295078144,0.7,0.3,74,3.7589790251074437,2.5337666205165914,-1.2252124045908523,2.253696587000259,8.283539865737428,-4.524560840629984,3.7589790251074437,0.18438394443732806,-1.0810515433745265,0.9820869652481425,0.7977030208108145,60.579234001478646,0.02022495703001043,15.0,16.0,0.0,0.6842105263157895,7.058327461146575,1.2252124045908523,6.360293202688983,5.20976856265376,0.2222222222222222,0.0,5.577862741328331,0.8924087981083536,0.9116163681619304,0.5,0.5,0.07243695385803955,-0.0014932760828541836,2.0372787814280526,1.9902637935443164,-0.9130132282065324,0.46637034104356223,0.13966553363715128,2.49861147191882,-0.8155070003423457,0.11917407130043442,-2.7542201419182915,0.14932743055603281,2.3986850340859918,0.5401201191881475,2.086296099204135,0.13509768529562827,1.1536323089605012,-0.6624852498266609,-1.5436736937796027,0.23345795430962307,3.7589790251074437,-1.4507895375463162,0.6729454880282384,-1.5330347699675309,-3.198844771926953,3.1614484307620305,-0.12001625339561615,-4.131619212747912,0.9646457049593313,-0.42865712404448386,1.3922199213276243,-0.8613961795781696,0.02200692709190983,-4.524560840629984,1.8115531031126246,-1.95992613831659,0.9914624784911958,2.5391482627700834,-0.023482535085050077,2.5337666205165914,0.18993068401292285,3.7154517548107435,2.490239350219891,-0.24859277977600414,162,0.022988505747126436,0.029618659755646058
845a3693-c660-4446-bae5-6c38bc75e6fd,frontierscience,deepseek/deepseek-v3.2_reasoning-auto_s2,chemistry,,deepseek/deepseek-v3.2,0,is_correct,False,,0.205,True,,,,28,-0.33708727529822063,-2.561679342090699,-2.2245920667924786,2.054797698162241,6.513501963141053,-2.5778482902695132,3.935653672871539,0.13317327297772996,-0.21496688096982908,0.07855780301243202,-0.05461546996529794,52.660229376677265,0.042244253265211376,13,10,0.2631578947368421,0.5789473684210527,0.01616894817881409,6.497333014962239,6.390324357205619,5.642604176577041,0.6111111111111112,0.6666666666666666,4.973454012670683,0.8444896759710462,0.8495500978645513,0.5,0.5,31,2.8589531353453355,0.36819329248237476,-2.4907598428629605,1.710752322281182,5.850405382542576,-2.2051642718951063,3.645241110647469,0.4621820641623078,-0.7436028000983705,0.39481236245737,-0.06736970170493778,42.76919954408109,0.05823723308863426,11.0,12.0,0.10526315789473684,0.631578947368421,2.5733575643774813,3.2770478181650944,5.6817414729849105,4.895453497682777,0.05555555555555555,0.0,3.682673102348369,0.7520413064266448,0.7320948552670559,0.5,0.5,-0.33708727529822063,0.7861936785779136,-1.9405934743054938,-0.05657251589934753,-1.9401874931885428,3.935653672871539,0.4848063180862616,-1.7416323142911048,2.427404414852093,0.23905987118366978,-1.8340998055591196,-2.5778482902695132,3.812476066936106,-1.8301281096409348,-2.171173336748048,3.317478739611133,0.5928189257665417,0.8794813396585763,0.4144204918770882,-2.561679342090699,2.8589531353453355,-2.0365003623374416,3.645241110647469,0.8384346394323643,-0.4253704126238308,-2.1247960482197605,0.47931238689201905,-1.9902974394706847,0.4590962334308493,-1.0983123200317442,-1.2993649055277965,1.916915229778672,-2.2051642718951063,-0.9880921269727834,1.1350497016196552,2.2251701653979246,1.1144602335062324,-1.3891684045289656,-1.0848308137330016,0.36819329248237476,-0.7204945283923732,4.700137949043661,2.2093781061807007,0.17679483779195238,59,0.08465608465608465,0.06451612903225806
2c46387b-36e6-43cb-9e73-dbf1341bfafd,frontierscience,deepseek/deepseek-v3.2_reasoning-auto_s2,physics,,deepseek/deepseek-v3.2,0,is_correct,False,,,True,,,,240,-2.5124471438851246,0.14018881347611295,2.6526359573612375,2.2216098656078134,7.532174285855364,-3.7822881753034707,3.749886110551893,-0.17534969440012055,-0.561165591006481,1.4873836662213469,1.6627333606214674,56.33621725716149,0.047085801754359585,11,11,0.8421052631578947,0.10526315789473684,3.9224769887795836,3.60969729707578,6.900590422061239,4.888366967766528,0.1111111111111111,0.2222222222222222,5.029215930960814,1.0709773011816182,0.8825425512075247,0.6,0.4,2,3.762462913899709,-3.762462913899709,-7.524925827799418,2.283728371825046,7.524925827799418,-3.762462913899709,3.762462913899709,2.5743167305629586,-0.19802436388945813,-2.772341094452417,-5.346657825015376,7.524925827799418,1.0,0.0,1.0,0.0,1.0,0.0,7.524925827799418,-0.39604872777891575,0.39604872777891753,0.8333333333333334,0.7777777777777778,3.4540271877227093e-16,0.9901218194472919,0.9901218194472918,0.5,0.5,-2.5124471438851246,0.6114261111425447,-3.7822881753034707,3.1183022467577683,2.506236682319494,-2.382130285447034,1.2134527036149787,-2.850476864522359,2.0739251747681187,-2.0730757143872878,-1.4298197261518735,2.681991124942884,0.11432182024305007,-2.445024951937899,-0.175588162515446,1.797328533928836,3.749886110551893,1.9885768893275504,1.4239098125591356,0.14018881347611295,3.762462913899709,3.3664141861207924,2.9703654583418757,2.574316730562959,2.1782680027840424,1.7822192750051253,1.3861705472262087,0.990121819447292,0.5940730916683754,0.19802436388945877,-0.19802436388945832,-0.594073091668375,-0.9901218194472916,-1.3861705472262082,-1.782219275005125,-2.1782680027840424,-2.574316730562958,-2.970365458341875,-3.3664141861207915,-3.762462913899709,1.2655882000230991,4.887862300446695,-2.6370635273527228,-2.8063900866458376,242,0.00903068340306834,1.0
a466aab3-82ae-4890-94dc-7fd11df89c0f,frontierscience,deepseek/deepseek-v3.2_reasoning-auto_s2,biology,,deepseek/deepseek-v3.2,0,is_correct,False,,0.4,True,,,,61,2.7164029413726887,-2.5763453154793154,-5.292748256852004,2.1040349810133976,7.984000329149194,-4.260653044491152,3.7233472846580424,1.3004885650947038,-0.06877832709883787,0.42066054657162244,-0.8798280185230813,52.206842729416,0.10138035514393977,14,9,0.631578947368421,0.6842105263157895,1.6843077290118362,6.299692600137358,6.397978397665339,7.984000329149194,0.7222222222222222,0.6666666666666666,4.957464942931517,1.2476200535311281,0.6903233062610885,0.65,0.35,14,1.8718044106996177,2.096531336202144,0.22472692550252638,2.0193908194816808,7.893294299905769,-2.8652606305277555,5.028033669378013,1.4356760533199382,-0.8957911869034341,-0.7604770642312725,-2.196153117551211,31.833071501824985,0.007059542636017477,7.0,6.0,0.21052631578947367,0.6842105263157895,4.9617919667298995,2.931502333175869,4.82891914142022,4.459212905077934,0.16666666666666666,0.2777777777777778,1.999653942204831,0.7736508360974301,0.8128342521210353,0.4,0.6,2.7164029413726887,2.147226445460991,-2.683227562479083,1.2631955149680292,2.264254830673914,0.8531434821994521,2.542424303466936,-0.30621195150285796,-2.016006321787787,-0.3796672680629727,1.5491069354485782,1.2086360760462838,3.7233472846580424,-4.260653044491152,2.137325353174188,-1.5843546614186006,1.4516759966224093,0.8946057031120036,2.20105620341905,-2.5763453154793154,1.8718044106996177,0.15913757133556694,-0.4622249524358121,0.19911452795779272,5.028033669378013,3.856540025691162,-0.6026728793867724,-2.517922773310045,-1.8982513275902366,-0.1501454180654177,1.6039696824493024,0.6578854982350024,-1.1008133395148878,-2.8652606305277555,-1.72884042027603,-0.7015626878606337,-0.6928016476239887,-2.147757816984672,-1.3884311488444547,2.096531336202144,0.6339318004335116,5.082081526612445,5.306808452114971,-0.42238057811718477,75,0.04262295081967213,0.14285714285714285
4adee97f-5a2a-42f4-9152-ca7bbd9b4148,frontierscience,deepseek/deepseek-v3.2_reasoning-auto_s2,chemistry,,deepseek/deepseek-v3.2,0,is_correct,False,,0.125,True,,,,93,-0.09991601151462187,-4.753090753594814,-4.653174742080193,2.399640905757153,8.938800922177517,-4.753090753594814,4.185710168582703,0.4030640406713246,0.5852667169348644,-0.8583906392532702,-1.261454679924595,53.997186173416075,0.08617439299774192,10,8,0.631578947368421,1.0,0.0,8.938800922177517,7.779744000184582,7.144044018480817,0.6111111111111112,1.0,4.779147624230615,1.0096329215600357,0.9212343481738504,0.45,0.55,14,2.1246714086524188,-0.4801596747941651,-2.6048310834465838,1.5737374549967509,6.276107192379143,-2.0862493299650695,4.189857862414073,0.6417063746032515,-0.5760964673407746,0.06130804886926731,-0.5803983257339842,28.701493675531964,0.09075594158596713,8.0,7.0,0.8421052631578947,0.47368421052631576,1.6060896551709045,4.670017537208238,4.878606515924914,4.207304725867466,0.8333333333333334,0.8888888888888888,2.5443069478735123,0.635153450158619,0.5937975679559722,0.3,0.7,-0.09991601151462187,-0.2871937482595124,3.4594087222172907,1.5716943853890162,1.0239756036733658,-0.815603208912842,-2.0309174578934233,-0.0697157158865993,-2.1923510034524725,2.673546574986216,1.0208278442339749,-3.59403383160188,4.185710168582703,2.072882981682109,-0.16572814426115273,-0.4885304284246512,-3.9276066596750376,1.7936588855500326,2.3909532648860026,-4.753090753594814,2.1246714086524188,2.2773526800706936,1.4055671148423325,-0.21686015426136407,-0.30961469293225374,-0.36245738261768085,-0.42671435153138587,-0.690946837088149,-1.7539901778686904,-2.0862493299650695,1.2008623027728627,-0.4943546970984012,-1.7127541665579757,1.5047576344200007,-0.6430746276623127,-0.6887486535108402,4.189857862414073,-0.017446863453392858,-1.9925797497777584,-0.4801596747941651,0.37904014313365747,7.256802305380891,4.651971221934307,-4.9446853395115795,107,0.025946704067321177,0.14285714285714285
4a737e9f-5afd-4a14-a17b-c468cda1a8bb,frontierscience,deepseek/deepseek-v3.2_reasoning-auto_s2,chemistry,,deepseek/deepseek-v3.2,1,is_correct,True,,,True,,,,160,0.15356198266665005,-0.00865808694064012,-0.16222006960729018,1.4424204163317247,5.443338148113979,-2.1933055126932053,3.250032635420773,0.21651819940342434,0.6360782406237412,0.5920990219605727,0.3755808225571484,32.860052011022766,0.004936695460885885,12,9,0.6842105263157895,0.5789473684210527,2.184647425752565,3.258690722361413,2.8274426463726843,3.7397210372574827,0.6666666666666666,0.2777777777777778,2.5848289329362455,0.7975821662931759,0.32154370569549606,0.7,0.3,2,-2.540977472541428,2.540977472541428,5.081954945082856,1.5423148291438111,5.081954945082856,-2.540977472541428,2.540977472541428,-1.738563533844135,0.13373565644954868,1.8722991902936836,3.6108627241378186,5.081954945082856,1.0,0.0,1.0,1.0,0.0,5.081954945082856,0.0,0.2674713128990982,0.0,0.5555555555555556,0.6111111111111112,3.20731096002823e-16,0.6686782822477442,0.6686782822477444,0.5,0.5,0.15356198266665005,-0.30811008966221687,-2.175179711680152,0.3735260310005292,2.9521034535623714,2.1297233835971356,-1.609997653660347,1.0348615525910472,0.2489717677343286,1.597914186753873,0.09148306551128371,-2.1933055126932053,0.42258998904808864,3.250032635420773,1.6125233479148613,0.21774097862781794,1.8434916360025566,-0.13562305927336057,0.0231193154322014,-0.00865808694064012,-2.540977472541428,-2.2735061596423303,-2.0060348467432325,-1.738563533844135,-1.4710922209450374,-1.2036209080459397,-0.9361495951468419,-0.6686782822477444,-0.40120696934864686,-0.1337356564495491,0.13373565644954866,0.40120696934864686,0.6686782822477442,0.9361495951468415,1.2036209080459392,1.471092220945037,1.7385635338441343,2.0060348467432325,2.27350615964233,2.540977472541428,0.11441600223093036,-2.4179033833698576,2.6640515617129985,-5.10052634717076,162,0.014072327044025158,1.0
328c6a47-15d7-470e-99f5-73e468634614,frontierscience,deepseek/deepseek-v3.2_reasoning-auto_s2,physics,,deepseek/deepseek-v3.2,1,is_correct,True,,,True,,,,157,2.7845245555348104,2.318612343952056,-0.4659122115827543,2.270253718589842,8.085509000711092,-4.418085608624242,3.6674233920868495,0.2940014706454234,0.2411739603026277,0.3095550053224286,0.015553534677005154,60.532653405433365,0.007696874089793896,11,12,0.5263157894736842,0.47368421052631576,6.736697952576298,1.3488110481347935,8.085509000711092,5.521530222092711,0.5,0.3333333333333333,5.560241700633613,1.1326036490323752,0.8524257466038282,0.6,0.4,2,0.04923124310218263,-0.04923124310218263,-0.09846248620436526,0.029882231194177687,0.09846248620436526,-0.04923124310218263,0.04923124310218263,0.03368453475412496,-0.0025911180580096083,-0.036275652812134566,-0.06996018756625952,0.09846248620436526,1.0,0.0,1.0,0.0,1.0,0.0,0.09846248620436526,-0.005182236116019215,0.005182236116019229,0.6666666666666666,0.05555555555555555,5.782411586589357e-18,0.012955590290048063,0.012955590290048058,0.5,0.5,2.7845245555348104,-1.9053599432454658,2.9460805082589383,-2.572297886872855,-2.141818803164272,0.011822169190182755,2.9350596948166254,-2.586470527276085,0.9754310959537285,-4.418085608624242,3.6674233920868495,1.7674974775611556,1.2773607144485144,1.0050611779684728,-0.11893599633637697,-2.5044069580815513,0.5601964215949684,2.403003429281194,-0.8011392084757192,2.318612343952056,0.04923124310218263,0.04404900698616341,0.03886677087014418,0.03368453475412496,0.028502298638105734,0.023320062522086512,0.018137826406067287,0.012955590290048065,0.007773354174028836,0.0025911180580096144,-0.0025911180580096074,-0.007773354174028836,-0.012955590290048058,-0.018137826406067273,-0.0233200625220865,-0.02850229863810573,-0.03368453475412496,-0.038866770870144174,-0.0440490069861634,-0.04923124310218263,0.047505694908466,-2.2218754059414074,-2.3203378921457727,-10.112441819555887,159,0.014372039849746856,1.0
bc8a05ac-9db5-47b4-8618-84aa4a46466a,frontierscience,deepseek/deepseek-v3.2_reasoning-auto_s2,physics,,deepseek/deepseek-v3.2,1,is_correct,True,,,True,,,,55,-2.5855847061665944,-4.850175325778261,-2.264590619611667,2.3770148819358328,8.180436757323609,-4.850175325778261,3.3302614315453463,-1.6951529663615357,0.6169430323716102,-1.2943677977264574,0.4007851686350783,54.48896731752783,0.041560534748530664,12,12,0.6842105263157895,1.0,0.0,8.180436757323609,4.963430259933178,7.064092390434761,0.16666666666666666,1.0,4.843846651125921,0.7247569151254946,1.4904407313399055,0.4,0.6,14,5.146140417871529,0.4819159497803308,-4.664224468091199,2.3552899349091856,8.32154861684858,-3.1754081989770495,5.146140417871529,-0.8650563319688214,0.014443787922521434,0.8211274751759211,1.6861838071447424,47.10226835456605,0.09902335133800522,9.0,10.0,0.0,0.3157894736842105,3.65732414875738,4.664224468091199,3.742714293564079,6.573365499272798,0.3888888888888889,0.5,3.7236420891492497,0.9652791007580099,1.0166552486214386,0.45,0.55,-2.5855847061665944,-4.19596803809207,-3.436334959309437,-2.732626561864149,2.2308036980690282,-1.6521119533014568,0.5057517561339289,-0.6341418898864568,-1.2836060120251926,2.6539893832002863,0.1671050629058941,-2.0484328823332105,2.1334261331946043,3.3302614315453463,-2.7402253768397946,-1.6523699412445287,1.2598837728043055,-1.9972369799569636,2.213917064656499,-4.850175325778261,5.146140417871529,-1.4116786754202213,-2.637892235589649,0.304756197973718,-1.5656226414990186,-2.715689188141059,-3.1754081989770495,-2.314289269485281,1.4284250240787983,3.7756663275257702,-2.797699171747028,-0.57840272299442,1.835440248182577,-1.2480339201027668,2.410619248935004,3.5079198303180537,-1.4542898630404846,-0.4340990854317943,0.41469877049441706,0.4819159497803308,-0.5764181649604181,9.419897578689373,4.755673110598174,-5.091031882836088,69,0.04579124579124579,0.14285714285714285
fec1882e-053d-458a-a628-106fbb843235,frontierscience,deepseek/deepseek-v3.2_reasoning-auto_s2,chemistry,,deepseek/deepseek-v3.2,0,is_correct,False,,0.45,False,,,,40,0.12209354335226993,2.51088129280811,2.3887877494558403,2.414083388490218,7.549161588160102,-4.118733042848799,3.4304285453113033,-1.0471923345239225,1.3470409760677988,0.8780040796784205,1.925196414202343,49.56226076581345,0.04819771561154357,13,10,0.8947368421052632,0.05263157894736842,6.629614335656909,0.9195472525031931,4.8668862761482306,7.1125943912855645,0.7777777777777778,0.7222222222222222,4.750778385826637,1.2256884283501304,0.8573401799062472,0.6,0.4,0,,,,,,,,,,,,,,,,,,,,,,,,,,,,,0.12209354335226993,-4.118733042848799,-2.856373976540951,1.609271985212203,1.9979360087874087,-3.5738335128795464,-0.5107073467500423,1.8659011093423203,-1.7538335398929759,-0.07073413762567649,0.249380174074592,3.1241543199596147,2.6563257409549514,3.3580931656617654,-3.754501225623799,1.1123850505244315,-0.5080868159631557,3.4304285453113033,2.476917631013633,2.51088129280811,,,,,,,,,,,,,,,,,,,,,,,,,40,0.07564102564102564,
710c1336-0995-4d45-bfea-48ff475f255f,frontierscience,deepseek/deepseek-v3.2_reasoning-auto_s2,physics,,deepseek/deepseek-v3.2,0,is_correct,False,,,True,,,,68,0.08225216852947692,-2.1162450418296377,-2.1984972103591147,1.684769904380051,6.593164413311927,-2.3795101183714253,4.213654294940501,-0.9664112884350491,0.2821329474471838,0.6170872514084578,1.5834985398435069,27.441888800521316,0.08011464612878068,10,7,0.7894736842105263,0.2631578947368421,0.26326507654178766,6.329899336770139,3.127354786340576,3.6496154785687476,0.6111111111111112,0.8333333333333334,2.3940354349094823,0.5884754316349595,0.642846675558175,0.4,0.6,4,4.424699269825444,-0.7592082257926567,-5.183907495618101,2.1889093800384805,7.476400157351012,-3.051700887525568,4.424699269825444,2.0983751379239957,-2.0068820028034184,-1.7144135015147028,-3.8127886394386987,9.768892819083923,0.5306545574428998,1.0,1.0,0.0,0.6842105263157895,2.2924926617329113,5.183907495618101,0.382082110288819,0.7754413773004831,0.7222222222222222,0.1111111111111111,0.06430686042162817,0.7458287479722712,1.2281302011344803,0.3,0.7,0.08225216852947692,-0.14046344756002327,-2.372952462176048,0.2579877466051792,-0.04351574407079356,-2.3795101183714253,-2.168677162001709,-0.89452146017947,-1.010527978109799,-0.41232062978352424,0.7840933375153369,-0.12450544622556434,3.002849340115012,0.6298634687982951,2.234769459823634,4.213654294940501,0.5640388163717538,-0.12599902343667768,-1.0676949974188277,-2.1162450418296377,4.424699269825444,3.6492578925249615,2.873816515224479,2.0983751379239957,1.322933760623513,0.5474923833230303,-0.22794899397745283,-0.7698644149594622,-1.1950168577822349,-1.6201693006050073,-2.04532174342778,-2.470474186250553,-2.895626629073325,-3.051700887525568,-2.669618777236749,-2.28753666694793,-1.9054545566591123,-1.5233724463702942,-1.1412903360814757,-0.7592082257926567,0.6896243821829698,7.230568693838052,2.046661198219951,-3.0497614490149303,72,0.038191395961369626,0.5
1510d6bd-6785-456d-8988-b9382a3aef9c,frontierscience,deepseek/deepseek-v3.2_reasoning-auto_s2,biology,,deepseek/deepseek-v3.2,1,is_correct,True,,,True,,,,109,2.648453149264724,-2.33712096513315,-4.985574114397874,2.372479610607162,8.73952788457209,-4.784027059657775,3.955500824914314,-0.4543715248474832,0.030398447505683608,-0.576071014769469,-0.12169948992198576,51.090385597051565,0.09758341136273578,10,7,0.3157894736842105,0.15789473684210525,2.446906094524625,6.292621790047464,6.048301956871843,6.027206162253668,0.6666666666666666,0.4444444444444444,4.508425352596966,0.8509303886319127,1.1721422701323834,0.45,0.55,2,3.7067119205019115,-3.7067119205019115,-7.413423841003823,2.2498888022947727,7.413423841003823,-3.7067119205019115,3.7067119205019115,2.5361713140276234,-0.19509010107904784,-2.731261415106671,-5.267432729134295,7.413423841003823,1.0,0.0,1.0,0.0,1.0,0.0,7.413423841003823,-0.39018020215809557,0.39018020215809646,0.1111111111111111,0.5555555555555556,3.20731096002823e-16,0.97545050539524,0.9754505053952396,0.5,0.5,2.648453149264724,-1.6338143511148133,-2.3482324691554988,-4.784027059657775,-1.067630380057473,0.049149611874139396,3.955500824914314,1.2338012619366823,2.52148360363111,-3.5057225586225575,2.047198681153354,-0.15388061885355092,-3.989196596788547,2.059105360083295,1.9908091509431571,0.5131061288374807,-2.076090119762899,-0.6521178013503204,-0.8950124821510828,-2.33712096513315,3.7067119205019115,3.3165317183438154,2.9263515161857194,2.536171314027624,2.145991111869528,1.7558109097114318,1.3656307075533358,0.9754505053952398,0.5852703032371442,0.19509010107904823,-0.19509010107904778,-0.5852703032371442,-0.9754505053952398,-1.3656307075533354,-1.7558109097114318,-2.1459911118695274,-2.536171314027623,-2.9263515161857185,-3.316531718343815,-3.7067119205019115,1.187014001245303,7.230846886880364,-0.18257695412345853,-4.717803266183015,111,0.021746517159361198,1.0
dcfa830a-3f87-43eb-9ec7-6649fcdd0473,frontierscience,deepseek/deepseek-v3.2_reasoning-auto_s2,biology,,deepseek/deepseek-v3.2,0,is_correct,False,,0.185,True,,,,32,3.06407183626881,-4.782731830583887,-7.846803666852697,2.173988619854744,7.846803666852697,-4.782731830583887,3.06407183626881,-0.8645300313338069,0.2034162649398439,-0.4080299048833595,0.4565001264504474,58.48370780257842,0.1341707624513292,14,15,0.0,1.0,0.0,7.846803666852697,4.8824353805415095,5.99452176157981,0.05555555555555555,0.0,5.208429268135877,0.6957699226714209,1.0495687123743158,0.5,0.5,41,1.8640151610166176,-2.8721467086266723,-4.73616186964329,2.5067999603724265,8.707278940666454,-4.518284610649326,4.1889943300171275,0.46488718472574647,-1.7955959444300051,0.7823967840700344,0.31750959934428796,57.1429310475977,0.08288272552379686,15.0,9.0,0.05263157894736842,0.47368421052631576,1.6461379020226539,7.0611410386438,6.103278336115846,7.051892855801992,0.1111111111111111,0.05555555555555555,5.576897726682111,0.9899522634760511,1.2209812941515314,0.45,0.55,3.06407183626881,-2.930449925311,1.9519854552305096,-3.5657073568306017,0.06611683801082663,-3.5482657251909,-1.0894613415142929,1.7181188269023548,-1.4662222934069562,0.45852027999872913,0.20443252917277288,-0.08396000699790118,2.912360693741103,-2.319336174831195,-0.25518724317438846,1.528306305877305,-0.9500523496451957,1.819049835888285,0.19243585233772448,-4.782731830583887,1.8640151610166176,4.1889943300171275,-2.862898525784865,3.2403798103309813,-1.84057023257735,-1.391572476711959,0.055862226789673564,-2.525961913967263,-2.2341487156879967,-4.518284610649326,-0.06945415686756518,-3.619083501914411,-1.292345829401261,1.6901071174777869,-1.1931592108419609,2.2947854056355568,0.6488150722742878,2.9897308088373697,2.826355337141626,-2.8721467086266723,0.5217920624736405,7.168539054074145,2.4323771844308553,-0.2419606707893216,73,0.07056451612903226,0.05609756097560976
84b13a21-19c8-47a2-8661-a1b59f1062f5,frontierscience,deepseek/deepseek-v3.2_reasoning-auto_s2,chemistry,,deepseek/deepseek-v3.2,1,is_correct,True,,,True,,,,29,0.21514174946314973,2.643568340209313,2.428426590746163,2.237659864400501,7.964308795369291,-3.4134027049919493,4.5509060903773415,-0.5023708943803563,-0.08471877609194392,1.2106367137735743,1.7130076081539305,58.3456995706507,0.041621346707919504,14,12,0.8947368421052632,0.42105263157894735,6.056971045201262,1.9073377501680286,7.431004080883164,6.973411558759303,0.8888888888888888,0.9444444444444444,5.773630369810104,1.0149173822860384,0.8572077528192714,0.6,0.4,2,2.6005158056032656,-2.6005158056032656,-5.201031611206531,1.5784532266605478,5.201031611206531,-2.6005158056032656,2.6005158056032656,1.7793002880443396,-0.1368692529264876,-1.9161695409708273,-3.695469829015167,5.201031611206531,1.0,0.0,1.0,0.0,1.0,0.0,5.201031611206531,-0.27373850585297443,0.2737385058529762,0.8888888888888888,0.9444444444444444,2.9605947323337506e-16,0.6843462646324383,0.6843462646324383,0.5,0.5,0.21514174946314973,0.3757633030053156,-2.716759824514593,1.2230359369102386,-2.146492120645971,-1.7200632959336515,1.2527779910530175,-0.8285229138887247,-3.4134027049919493,0.6619409413385794,0.8480058622645581,-1.0163107375227554,0.05957317319025002,3.095684946966434,1.6775278990651308,3.694421411877444,-2.8800979905058224,4.5509060903773415,-2.422505468381962,2.643568340209313,2.6005158056032656,2.3267772997502902,2.053038793897315,1.7793002880443396,1.5055617821913643,1.231823276338389,0.9580847704854136,0.6843462646324383,0.410607758779463,0.13686925292648766,-0.13686925292648766,-0.410607758779463,-0.6843462646324383,-0.9580847704854132,-1.231823276338389,-1.5055617821913643,-1.7793002880443396,-2.053038793897314,-2.3267772997502902,-2.6005158056032656,0.04006972018187178,-0.002982814424175473,-5.204014425630707,-5.9615930869844185,31,0.11822660098522167,1.0
1e2f4cbe-4a38-4dd3-9378-14df40f7599f,frontierscience,deepseek/deepseek-v3.2_reasoning-auto_s2,physics,,deepseek/deepseek-v3.2,1,is_correct,True,,,True,,,,98,-0.12789073310927013,-4.765659078615931,-4.637768345506661,2.237051527247756,8.474968097583297,-6.062645523391238,2.4123225741920584,-0.0859412787257896,-2.0900196241390687,-1.7225473029308758,-1.6366060242050862,37.989053977716225,0.12208170143502657,9,10,0.05263157894736842,0.47368421052631576,1.2969864447753068,7.17798165280799,4.717630990420407,4.306743536185538,0.5555555555555556,0.05555555555555555,2.955391780244822,0.32814220486942247,1.6064927117513856,0.3,0.7,2,3.652725436289467,-3.652725436289467,-7.305450872578934,2.2171202492186564,7.305450872578934,-3.652725436289467,3.652725436289467,2.499233193250688,-0.19224870717312978,-2.6914819004238173,-5.1907150936745055,7.305450872578934,1.0,0.0,1.0,0.0,1.0,0.0,7.305450872578934,-0.38449741434625917,0.3844974143462605,0.16666666666666666,0.5555555555555556,3.9474596431116675e-16,0.9612435358656493,0.961243535865649,0.5,0.5,-0.12789073310927013,2.4123225741920584,-1.8944209619934789,-1.661578575938183,-0.46453450034800836,-0.2611959973291502,1.3957092434455047,-0.7163834094444079,-3.8593509983662164,-6.062645523391238,-4.383368600405134,0.33426239001527264,-1.170139352243068,1.2274881248613103,-1.2682209306492118,0.4105187826699348,0.7825429822043684,-1.3699521475988132,-4.124513425595602,-4.765659078615931,3.652725436289467,3.2682280219432074,2.8837306075969478,2.4992331932506877,2.1147357789044285,1.7302383645581687,1.3457409502119089,0.9612435358656493,0.5767461215193896,0.19224870717313003,-0.19224870717312958,-0.5767461215193901,-0.9612435358656493,-1.3457409502119084,-1.7302383645581685,-2.1147357789044285,-2.4992331932506877,-2.883730607596947,-3.268228021943207,-3.652725436289467,1.1328882185978237,9.551272733503222,2.2458218609242877,-5.584292395063425,100,0.02461603197980223,1.0
91a30120-36ab-425f-961f-3dee779b0021,frontierscience,deepseek/deepseek-v3.2_reasoning-auto_s2,chemistry,,deepseek/deepseek-v3.2,0,is_correct,False,,0.45,True,,,,61,2.8376020088710012,-2.381122009378367,-5.218724018249368,1.8736105528436802,6.976963296202719,-2.6106379695064525,4.366325326696266,0.6722800499162371,1.3288715314836204,-1.161272725306393,-1.8335527752226302,40.78761634884632,0.12794873751912644,17,9,0.05263157894736842,0.10526315789473684,0.22951596012808562,6.747447336074633,3.1171311168842077,6.976963296202719,0.2222222222222222,0.05555555555555555,4.246124775257751,0.9372050901367945,0.5851838542387624,0.6,0.4,44,-2.406946901135216,2.5258952741290894,4.932842175264305,2.1021609559966294,7.865054174928572,-3.8080172961750396,4.057036878753532,-1.3858667712515977,0.16664657624681453,0.9877318414827059,2.3735986127343036,45.24570456238177,0.10902343599187919,10.0,7.0,0.5789473684210527,0.631578947368421,6.333912570304129,1.5311416046244428,5.39379653294002,7.865054174928572,0.6666666666666666,0.6111111111111112,3.9557740975347815,0.816787644162418,0.9471951599692805,0.45,0.55,2.8376020088710012,4.366325326696266,-2.6106379695064525,0.3316738794225227,-1.5821917304731499,1.5349393864110579,-0.17175055200758566,2.6448798510771003,0.30205080558738584,2.581642149169279,1.303358339402155,1.9742114687044636,0.02637815336603086,0.4695799530789275,-1.3396560455464102,-1.9581707666798418,0.3714604809497013,-1.658259984766071,-0.0018880264173695982,-2.381122009378367,-2.406946901135216,-0.21244508956952401,-0.9463170674193675,-3.2299157454372738,-2.219431782286183,-0.7935854269114011,0.10757461399777944,2.216692283689956,-1.955538986576844,-2.2538608645489457,1.3244347818200621,4.057036878753532,-3.8080172961750396,1.5857792367649806,-0.7782850738782292,-0.3395589654475857,2.8254451136505447,0.38615620977024534,1.3067384906721702,2.5258952741290894,0.03834344282859907,0.01251855107175004,4.945360726336055,-2.5071680421634106,105,0.03934426229508197,0.045454545454545456
af50243e-3a60-4460-9536-f9a02c4f8eb8,frontierscience,deepseek/deepseek-v3.2_reasoning-auto_s2,physics,,deepseek/deepseek-v3.2,0,is_correct,False,,0.0,True,,,,198,2.6358345188121803,-2.2343343198511874,-4.870168838663368,1.7315965804476643,6.506126013492665,-2.661377519667469,3.8447484938251955,0.724385945386533,1.1402588256420645,0.05212060049706069,-0.6722653448894723,41.536283533442266,0.11725095324771245,12,7,0.5789473684210527,0.3157894736842105,0.4270431998162816,6.079082813676383,5.992477916558935,4.599088965834902,0.1111111111111111,1.0,3.8763381536684753,1.0688621206426672,0.40060027063353987,0.8,0.2,18,4.178716354166562,2.634370738637008,-1.5443456155295543,2.8463732202358893,10.334843499130649,-6.12918402984382,4.205659469286829,0.29181654504716176,0.6538066632287605,-1.1041413087626581,-1.3959578538098198,73.78210116990263,0.020931168820650603,11.0,12.0,0.5263157894736842,0.8947368421052632,8.763554768480828,1.5712887306498207,8.515541436818628,8.167908183987764,0.5,0.0,6.500316746437971,1.1635274312296566,1.1638017009618813,0.45,0.55,2.6358345188121803,0.6422682600822374,-2.2062394071250724,3.786238509433862,1.2177817679793863,1.6561954881906051,-2.661377519667469,1.6051226162783512,0.2894458331410723,0.0487843988675027,0.767519644052181,3.8447484938251955,0.7488375580763957,0.6773532352537528,0.42037228094366563,0.05354624711412104,0.6184389148191185,-0.9100541660270682,2.3647546459837145,-2.2343343198511874,4.178716354166562,-3.989191829821202,0.7763810443361896,2.3111728564852183,-1.8777651910788062,-0.4437902345858422,1.0871928158280122,-2.3599768560416576,3.0710751811284407,-4.309881967531799,4.205659469286829,-1.0362093489653637,3.10719749253839,1.8987826721864844,-0.028775447033849766,-0.29552667076369277,-2.7600315580715535,-6.12918402984382,-0.04570088550004048,2.634370738637008,0.13511117803696523,6.548161852054715,5.003816236525161,-0.032230502610726575,216,0.010972670871148029,0.1111111111111111
b7337452-ab08-43e5-9f3b-419107415280,frontierscience,deepseek/deepseek-v3.2_reasoning-auto_s2,chemistry,,deepseek/deepseek-v3.2,1,is_correct,True,,,True,,,,120,-2.5141159195922764,0.1256304081159653,2.6397463277082416,2.1094149918870033,6.287445832183643,-2.7631876454956954,3.5242581866879474,-0.7900393656784929,0.5511483893445587,-0.4076136795068588,0.3824256861716341,56.25680528771151,0.04692314670568142,11,11,0.5263157894736842,0.2631578947368421,2.8888180536116606,3.3986277785719823,5.7001765703082,6.127850750442777,0.5,0.5555555555555556,5.1600150179926265,0.8280089096812965,1.0339048552502308,0.5,0.5,2,2.5467026656394705,-2.5467026656394705,-5.093405331278941,1.5457898895527455,5.093405331278941,-2.5467026656394705,2.5467026656394705,1.7424807712270063,-0.1340369824020772,-1.8765177536290834,-3.6189985248560896,5.093405331278941,1.0,0.0,1.0,0.0,1.0,0.0,5.093405331278941,-0.26807396480415413,0.268073964804155,0.8888888888888888,0.0,2.9605947323337506e-16,0.6701849120103869,0.6701849120103869,0.5,0.5,-2.5141159195922764,0.03316187527974291,1.353455223736771,-1.9820959608897837,2.7336181291488404,-2.7631876454956954,-2.3911112619370494,2.4995425741135624,0.038457926754933675,-2.1759183836202527,3.5242581866879474,-2.60359256375483,-0.5193318357883812,3.094622821018931,-2.3789133443622483,-2.180799917791773,-1.1690302717723287,1.332475993480496,1.8249550552887364,0.1256304081159653,2.5467026656394705,2.2786287008353154,2.010554736031161,1.7424807712270063,1.4744068064228513,1.2063328416186967,0.9382588768145419,0.6701849120103871,0.4021109472062321,0.1340369824020775,-0.13403698240207707,-0.4021109472062321,-0.6701849120103867,-0.9382588768145412,-1.2063328416186962,-1.4744068064228513,-1.7424807712270063,-2.0105547360311604,-2.2786287008353154,-2.5467026656394705,-0.11631107098095568,2.3047611865425495,-2.7886441447363914,-6.875442251708819,122,0.01946778711484594,1.0
a74ccc5b-fd37-49fa-b784-871dbcc41e9e,frontierscience,deepseek/deepseek-v3.2_reasoning-auto_s2,chemistry,,deepseek/deepseek-v3.2,1,is_correct,True,,,True,,,,101,2.539496264504657,-4.667402301980611,-7.206898566485268,2.22441320552497,7.572660740064567,-4.667402301980611,2.9052584380839552,-0.3214781428530339,0.5353805725151399,0.061410480646030496,0.3828886234990644,50.7273446187287,0.14207127577153839,12,9,0.5263157894736842,1.0,0.0,7.572660740064567,4.749334891140396,6.73373044457106,0.1111111111111111,1.0,4.780692653747035,0.9720729601045475,0.8787839655290014,0.55,0.45,2,3.6570786296730766,-3.6570786296730766,-7.314157259346153,2.2197625373861922,7.314157259346153,-3.6570786296730766,3.6570786296730766,2.5022116939868417,-0.1924778226143722,-2.6946895166012137,-5.196901210588056,7.314157259346153,1.0,0.0,1.0,0.0,1.0,0.0,7.314157259346153,-0.3849556452287439,0.3849556452287457,0.8333333333333334,0.7777777777777778,3.4540271877227093e-16,0.9623891130718624,0.962389113071862,0.5,0.5,2.539496264504657,2.001789190981336,-2.7550766314061694,1.9942582597342264,-4.37966465220112,-1.0279630553204058,-0.6231863762637619,-1.8960555936613903,-0.15794982437333088,0.8630770721812785,2.9052584380839552,-2.0299899703507505,2.6866430615029997,1.3766808242232174,0.836253609088716,0.26996529568409366,1.9017090435160222,-0.038390905022487765,2.0663281425904496,-4.667402301980611,3.6570786296730766,3.272122984444332,2.887167339215587,2.502211693986842,2.1172560487580974,1.732300403529352,1.3473447583006073,0.9623891130718625,0.5774334678431177,0.19247782261437285,-0.1924778226143724,-0.5774334678431172,-0.962389113071862,-1.3473447583006068,-1.7323004035293517,-2.1172560487580974,-2.5022116939868413,-2.887167339215586,-3.272122984444331,-3.6570786296730766,1.1388839137063878,9.463364845360076,2.1492075860139224,-2.77991353384866,103,0.023762376237623763,1.0
f88cc0c0-2ca6-4cb0-bd1e-a37ddcf11294,frontierscience,deepseek/deepseek-v3.2_reasoning-auto_s2,physics,,deepseek/deepseek-v3.2,1,is_correct,True,,,True,,,,165,-2.5283617568154924,-0.284041014301664,2.2443207425138283,2.25739132121763,9.63889368238558,-5.027268035339242,4.611625647046338,-0.7827956763133704,-0.07175865746291028,0.017309778587786068,0.8001054549011565,47.397575287790694,0.04735096107525886,10,10,0.42105263157894735,0.5263157894736842,4.743227021037578,4.895666661348002,5.578522024108787,6.803301860237095,0.05555555555555555,0.5,4.0522150744514285,0.7057887837373247,0.9996898669826872,0.35,0.65,3,-2.51020857981973,0.09505315126270612,2.605261731082436,1.350878572077711,4.803253362203368,-2.51020857981973,2.2930447823836384,-0.9548304719112818,1.80275007132319,0.7056063821296319,1.6604368540409138,7.001244993324301,0.372114064508035,1.0,1.0,0.5263157894736842,0.0,2.605261731082436,2.1979916311209324,0.5184593693028168,0.2442212923467706,0.4444444444444444,0.7222222222222222,0.0423711478694218,0.8767762347365821,0.3683224603035245,0.75,0.25,-2.5283617568154924,-1.9350821995340906,3.6434398245746973,-0.14796485114206792,-1.3811148685345762,-2.6960665919992386,-0.4344192907428259,0.3532507934160276,4.611625647046338,1.7760338248978527,-5.027268035339242,-2.4624923936755607,0.410547903237132,-0.16400834182291982,0.0898767641576297,-0.23018474870164018,-1.8674500286795879,3.231000917416815,-0.8353432183648363,-0.284041014301664,-2.51020857981973,-1.991749210516914,-1.4732898412140978,-0.9548304719112817,-0.43637110260846557,0.08208826669435076,0.6005476359971667,1.119007005299983,1.6374663746027989,2.1559257439056156,2.2930447823836384,2.048823490036868,1.804602197690098,1.5603809053433282,1.3161596129965576,1.071938320649787,0.8277170283030171,0.5834957359562469,0.33927444360947634,0.09505315126270612,0.018031254676150438,-2.2081363108419154,0.39712542024052055,-8.472787909985875,168,0.01359940872135994,0.6666666666666666
b75893ef-5c56-4d43-9ae1-8c9caaf32ee2,frontierscience,deepseek/deepseek-v3.2_reasoning-auto_s2,chemistry,,deepseek/deepseek-v3.2,0,is_correct,False,,,True,,,,204,-2.540605501053568,-2.575458118847321,-0.03485261779375293,2.1210663405436314,6.957511285571501,-4.289462021097919,2.668049264473581,-0.5445775705068343,0.350499063372296,-1.2900089105679486,-0.7454313400611143,45.91374087567947,0.0007590890467436159,9,8,0.3684210526315789,0.8421052631578947,1.7140039022505982,5.243507383320902,5.124726917541503,5.122839161704958,0.6666666666666666,0.3888888888888889,4.1041742171633935,0.7141899109474411,1.169120061614914,0.45,0.55,2,-2.600577120165653,2.600577120165653,5.201154240331306,1.578490443188374,5.201154240331306,-2.600577120165653,2.600577120165653,-1.7793422401133416,0.13687248000871838,1.9162147201220598,3.6955569602354013,5.201154240331306,1.0,0.0,1.0,1.0,0.0,5.201154240331306,0.0,0.27374496001743776,0.0,0.7777777777777778,0.05555555555555555,2.9605947323337506e-16,0.6843624000435927,0.6843624000435928,0.5,0.5,-2.540605501053568,1.7696076939083802,0.8691294558145963,-0.06606198136543537,-3.6118454481295736,-2.4538444523895837,2.2215772396673445,2.668049264473581,-2.454789897231377,1.075345906252587,1.5205907690282414,-0.12559187166748575,-2.6774188223954885,2.447308095146014,0.9232087926376751,0.7889810020204033,-4.289462021097919,-1.040233383521282,-1.5470897345992478,-2.575458118847321,-2.600577120165653,-2.3268321601482156,-2.0530872001307787,-1.7793422401133414,-1.5055972800959043,-1.2318523200784672,-0.9581073600610301,-0.684362400043593,-0.41061744002615574,-0.13687248000871888,0.13687248000871843,0.41061744002615574,0.6843624000435926,0.9581073600610295,1.2318523200784668,1.5055972800959045,1.7793422401133414,2.0530872001307783,2.326832160148215,2.600577120165653,0.029311985724676214,0.004192984406344635,5.20534722473765,-5.247007046733028,206,0.010769825171447889,1.0
8a983c4c-070e-45b1-b2ce-300c7a68feb6,frontierscience,deepseek/deepseek-v3.2_reasoning-auto_s2,physics,,deepseek/deepseek-v3.2,0,is_correct,False,,,True,,,,187,2.5381323641720277,-2.3108129579126215,-4.848945322084649,1.7269426042760863,6.4280373048484165,-3.7614770963742314,2.6665602084741855,-0.5094915649648786,-0.6906709682384408,0.4095085099838787,0.9190000749487572,36.76217902529637,0.13190037834123078,12,9,0.8421052631578947,0.5263157894736842,1.45066413846161,4.977373166386807,4.623621048960192,4.42774261959751,0.5555555555555556,0.0,3.084911655102908,0.5557742699398082,0.8529786035658062,0.5,0.5,5,4.549932813773113,-3.0047990646554417,-7.554731878428555,2.788017525071458,9.406484757365806,-4.8565519435926925,4.549932813773113,1.3895745858625201,-2.3838200661522286,0.6855698917492349,-0.7040046941132853,24.829711240433426,0.30426176950967554,2.0,3.0,0.0,0.47368421052631576,1.8517528789372508,7.554731878428555,2.0343589708287153,1.5356476936362888,0.7222222222222222,0.9444444444444444,0.36996085589863703,1.126715745639962,1.26903069621659,0.5,0.5,2.5381323641720277,-1.8896102554254819,0.3637360946862347,-0.4068406529586972,-1.1006721329210787,-2.2872098649687906,-0.7839765073383638,-1.466558536238638,-2.5367688602405445,0.131449783982341,-3.7614770963742314,0.8621439525859611,2.452159185553704,-0.5156452069376773,0.11023583256974884,1.228039622821898,2.6665602084741855,0.31352577582451424,0.4495025781255475,-2.3108129579126215,4.549932813773113,3.495003042891378,2.4400732720096427,1.3851435011279074,0.3302137302461725,-0.719546441778515,-1.7537978172320594,-2.7880491926856035,-3.8223005681391475,-4.8565519435926925,-4.3564981459051095,-2.3221391750763947,-0.28778020424768336,1.7465787665810266,3.780937737409742,3.137791709889706,1.6021440162534208,0.06649632261713556,-1.4691513710191533,-3.0047990646554417,0.4826495495734098,7.343395321259145,-0.21133655716941036,-0.16758447107800123,192,0.011845207291127594,0.4
441c416a-8f5e-431c-9675-faeac34ff290,frontierscience,deepseek/deepseek-v3.2_reasoning-auto_s2,chemistry,,deepseek/deepseek-v3.2,0,is_correct,False,,,True,,,,138,-2.6331857711665023,-2.4336112877274445,0.19957448343905781,2.319255132224171,8.442076264941198,-4.602505641548558,3.8395706233926394,-1.0012720223545153,1.2989835157954528,-1.5313701766855796,-0.5300981543310643,53.59871672463072,0.0037234936885596273,12,8,0.5263157894736842,0.7368421052631579,2.1688943538211136,6.2731819111200835,3.920239573421292,7.1017772002259925,0.2222222222222222,0.7222222222222222,4.560672226524231,0.7508572497695265,1.106069280070872,0.35,0.65,2,1.1601755790689339,-1.1601755790689339,-2.3203511581378677,0.7041998677063639,2.3203511581378677,-1.1601755790689339,1.1601755790689339,0.7938043435734811,-0.0610618725825754,-0.8548662161560564,-1.6486705597295375,2.3203511581378677,1.0,0.0,1.0,0.0,1.0,0.0,2.3203511581378677,-0.12212374516515068,0.12212374516515112,0.6666666666666666,0.5555555555555556,1.356939252319636e-16,0.30530936291287736,0.30530936291287725,0.5,0.5,-2.6331857711665023,-0.08838571517051519,-1.4346333184904034,-0.2827383124189238,-4.140659105080785,-0.22041953165949352,1.7911175975050164,3.8279921029354806,0.22352801026814095,-0.07140952059852601,3.8395706233926394,-1.5113868019469472,0.28531863783994904,2.4992715586774343,-4.602505641548558,-1.0588203858879461,2.550346464771868,-1.050710198978769,-2.5929200107426276,-2.4336112877274445,1.1601755790689339,1.038051833903783,0.9159280887386321,0.7938043435734811,0.6716805984083302,0.5495568532431793,0.42743310807802826,0.30530936291287736,0.18318561774772646,0.06106187258257556,-0.06106187258257534,-0.18318561774772646,-0.30530936291287736,-0.42743310807802803,-0.5495568532431792,-0.67168059840833,-0.793804343573481,-0.9159280887386316,-1.0380518339037828,-1.1601755790689339,1.3291511575382986,4.922938024334677,2.602586866196809,-8.037582823042467,140,0.016608484079128318,1.0
bf7d23f3-0cf6-4d36-868f-1e3a89f688ea,frontierscience,deepseek/deepseek-v3.2_reasoning-auto_s2,physics,,deepseek/deepseek-v3.2,0,is_correct,False,,0.15,True,,,,158,2.5195180954793632,-2.366523756892693,-4.886041852372056,2.3187489050146075,7.869838234219108,-4.55142746093278,3.318410773286328,0.5990003438254138,-0.004879921417754459,-0.6873415334717962,-1.28634187729721,59.54933026098114,0.0820503241759138,15,9,0.15789473684210525,0.7894736842105263,2.1849037040400874,5.684934530179021,5.783239412824596,7.48976257415176,0.2222222222222222,0.16666666666666666,6.144017288803346,0.9470895680527829,0.9453498802516409,0.7,0.3,60,-0.24735399103136432,-0.022277867761424673,0.22507612326993964,2.5603306118380105,10.092195340318522,-5.932650478917703,4.15954486140082,-0.8341769233148015,0.5327565199215191,0.09396471575186906,0.9281416390666706,65.36893301673429,0.0034431665453728715,13.0,10.0,0.5263157894736842,0.05263157894736842,5.910372611156278,4.181822729162245,7.453428017929709,7.879463477177007,0.6111111111111112,0.5555555555555556,6.2564357206948165,1.0100537516036632,1.0873614780657512,0.5,0.5,2.5195180954793632,0.18736600809113815,0.30572687450552927,3.318410773286328,-4.171351800865432,1.6118876119591632,0.4214448443218073,1.0556820809007528,-1.139874345575862,1.8961708202427434,0.18716874473124623,1.8238452045959002,-4.135389251570615,0.2782372967515534,1.716628244817687,-4.55142746093278,1.0886557869737141,2.5310489743987272,-2.5424309891954326,-2.366523756892693,-0.24735399103136432,-5.932650478917703,-2.8941565172493475,1.529740855474906,2.941266647772779,-2.880466885392894,1.6443819061400133,-0.600077489743668,1.5115270916969434,-1.8847677739146746,4.15954486140082,-3.7199186157761863,3.7335094021535227,0.5294781636338763,1.0701249832030206,1.46769328945444,1.6138078311429407,-2.726841617345265,-0.8387183241824974,-0.022277867761424673,0.011268381511432337,2.130438147372761,2.3555142706427006,-0.057896913552212936,218,0.01354511005401919,0.03333333333333333
4842f95d-b84a-4ff4-8165-64fc7bfcf00d,frontierscience,deepseek/deepseek-v3.2_reasoning-auto_s2,chemistry,,deepseek/deepseek-v3.2,0,is_correct,False,,,False,,,,250,2.6520741416235047,-2.532932052320046,-5.185006193943551,1.6923501052027545,6.302309275132573,-2.532932052320046,3.769377222812527,-0.2761263090510732,0.4230881355332797,-1.1059563427361117,-0.8298300336850384,33.23358543003934,0.15601705704786523,10,9,0.631578947368421,1.0,0.0,6.302309275132573,4.070392896029058,4.5053296780169685,0.6111111111111112,0.6666666666666666,2.7240975605325786,0.5705039290828404,0.8508541926349018,0.35,0.65,0,,,,,,,,,,,,,,,,,,,,,,,,,,,,,2.6520741416235047,-0.6901020550779813,-1.9375411299062304,-0.20888084390471562,0.37093026572057486,-1.3524989327581076,-0.7668656090545571,-0.528683033518484,0.7548763644168286,2.213648622383576,-2.2106340989405178,-0.3010156732165306,3.769377222812527,-0.7359524552044414,0.25057544845876834,1.3985965162410288,-1.7347960598980867,-2.02614614148961,-1.9910357674087251,-2.532932052320046,,,,,,,,,,,,,,,,,,,,,,,,,250,0.008642570281124497,
079657b3-e215-4944-8a67-8bb5347e4f15,frontierscience,deepseek/deepseek-v3.2_reasoning-auto_s2,chemistry,,deepseek/deepseek-v3.2,0,is_correct,False,,,True,,,,321,2.628910688540021,-2.579042320914244,-5.207953009454265,2.299786260620908,8.675408121827719,-4.310700141550292,4.364707980277427,0.9260292998439679,0.12944771285825712,-0.09161536592512176,-1.0176446657690896,52.39079841545136,0.09940587215632715,10,9,0.15789473684210525,0.6842105263157895,1.7316578206360482,6.943750301191671,7.948660848169086,4.038668430072502,0.1111111111111111,0.6666666666666666,4.072601335832238,1.1062079416679136,0.7642755969996715,0.6,0.4,247,0.011442496008499569,2.674118675558547,2.662676179550047,1.8344693079275434,7.306925608993109,-4.397384466301531,2.9095411426915776,0.62352627019264,0.06249158423716412,-0.416623228949846,-1.040149499142486,46.07452851434177,0.05779063325023993,14.0,12.0,0.42105263157894735,0.9473684210526315,7.071503141860078,0.23542246713303072,7.071503141860078,4.121841232672479,1.0,0.4444444444444444,4.181084412450833,0.8179790439372218,0.7028597635717442,0.6,0.4,2.628910688540021,-1.3346967154766203,-3.583952867891659,4.364707980277427,2.55982016664182,0.04464006513010616,1.8027757816866794,4.122561041002985,0.44291935355589374,-0.7564765040132011,-0.7507655403580045,2.430627492848208,-0.27203171147778993,-4.310700141550292,1.1324652603552012,1.9462841217756615,0.2255404010866684,-1.6978461383116175,0.42290648045759954,-2.579042320914244,0.011442496008499569,2.1019390802489424,2.1175786887492527,-0.33118852953927846,0.7236980885380615,-1.087844647419887,0.8290587147628878,0.10996933308807541,2.9095411426915776,-1.212300089980902,1.3144489359531784,0.48308363280933,-1.3275948716308084,-1.839706993270302,1.0918818278635656,-1.9684431129409994,1.9928202624725166,-1.8927325603511744,-4.397384466301531,2.674118675558547,-0.04821860945101343,2.54226620747173,5.204942387021777,-0.7488509476893981,568,0.006503115264797508,0.008097165991902834
1eca2503-b141-4f9f-ab10-e27d272c93b0,frontierscience,deepseek/deepseek-v3.2_reasoning-auto_s2,biology,,deepseek/deepseek-v3.2,0,is_correct,False,,,True,,,,70,-2.608679383592331,-2.426742394259978,0.18193698933235325,1.9035120917582231,7.285563466841587,-4.566915565818401,2.7186479010231865,0.12164000131785244,1.111055980482274,-0.8116405636522686,-0.933280564970121,40.375769340769736,0.004506093439280698,11,12,0.631578947368421,0.7368421052631579,2.140173171558423,5.145390295283164,4.777866733881195,4.135775803955681,0.7777777777777778,0.5,3.4083851071616404,0.8707834642538211,0.6828320397194575,0.55,0.45,2,3.7010068687231836,-3.7010068687231836,-7.402013737446367,2.246425967202983,7.402013737446367,-3.7010068687231836,3.7010068687231836,2.532267857547442,-0.19478983519595688,-2.7270576927433985,-5.259325550290841,7.402013737446367,1.0,0.0,1.0,0.0,1.0,0.0,7.402013737446367,-0.389579670391913,0.38957967039191477,0.6111111111111112,0.5555555555555556,4.934324553889585e-16,0.9739491759797853,0.973949175979785,0.5,0.5,-2.608679383592331,1.153720723461868,1.281485304028216,1.5150494062470052,-0.10291930275901029,0.662701321130717,-1.0498780592914976,-0.018516082373266768,2.4428252276565803,2.477846354270001,-1.657929449685681,2.3178138674578883,2.7186479010231865,-0.5032959549727918,-4.566915565818401,0.21095116806279446,-0.7217646016361929,1.9855706515342286,0.6490573602039371,-2.426742394259978,3.7010068687231836,3.3114271983312698,2.9218475279393554,2.5322678575474415,2.1426881871555272,1.7531085167636133,1.3635288463716995,0.9739491759797851,0.5843695055878713,0.19478983519595738,-0.19478983519595694,-0.5843695055878717,-0.9739491759797847,-1.3635288463716986,-1.7531085167636133,-2.1426881871555272,-2.532267857547441,-2.921847527939355,-3.311427198331269,-3.7010068687231836,1.2146662674828412,7.342415530466003,-0.059598206980364665,-3.9758904936296524,72,0.036853002070393374,1.0
6681ea07-9b3a-4a71-9b31-a88212189f27,frontierscience,deepseek/deepseek-v3.2_reasoning-auto_s2,chemistry,,deepseek/deepseek-v3.2,1,is_correct,True,,,True,,,,42,0.060568120377861114,0.15576139072066889,0.09519327034280778,2.444737916672704,8.934539157750574,-4.150743649511034,4.78379550823954,0.995361028109886,-0.6149766335881285,-0.24682338192276324,-1.2421844100326493,70.21768324388486,0.0013556879968850011,15,12,0.3157894736842105,0.5263157894736842,4.306505040231703,4.628034117518871,8.235902696669509,7.503383839459619,0.2777777777777778,0.3333333333333333,6.814303083168233,1.048199104189651,0.9891115806838652,0.55,0.45,2,1.1395958726691546,-1.1395958726691546,-2.2791917453383093,0.6917084596939744,2.2791917453383093,-1.1395958726691546,1.1395958726691546,0.7797234918262637,-0.05997873014048175,-0.8397022219667454,-1.619425713793009,2.2791917453383093,1.0,0.0,1.0,0.0,1.0,0.0,2.2791917453383093,-0.11995746028096343,0.11995746028096388,0.6111111111111112,0.5555555555555556,1.356939252319636e-16,0.29989365070240914,0.2998936507024091,0.5,0.5,0.060568120377861114,4.10106672038551,1.8572251848343897,-1.2652262791086157,0.8822051304704857,-3.4521071884299688,4.78379550823954,-2.719588331220079,-0.7909902758648168,0.8160092784464004,-4.150743649511034,2.5423573531882933,-2.530494352696183,2.5286135425405183,0.5224430471799348,-1.2163343499802832,-1.0711096505004805,-2.5856375363658395,2.7139368074094197,0.15576139072066889,1.1395958726691546,1.019638412388191,0.8996809521072273,0.7797234918262637,0.6597660315453,0.5398085712643365,0.4198511109833728,0.29989365070240914,0.17993619042144549,0.05997873014048194,-0.05997873014048172,-0.1799361904214456,-0.29989365070240903,-0.41985111098337247,-0.5398085712643363,-0.6597660315453,-0.7797234918262637,-0.8996809521072273,-1.0196384123881908,-1.1395958726691546,1.3142489963263937,2.2980834782748794,0.018891732936570094,-9.544404718791789,44,0.06968641114982578,1.0
0949d931-d0ad-4146-86e7-ef725919e3de,frontierscience,deepseek/deepseek-v3.2_reasoning-auto_s2,chemistry,,deepseek/deepseek-v3.2,0,is_correct,False,,,True,,,,218,2.8313285861041293,-2.1682808056657046,-4.999609391769834,2.24952633898838,7.65257013918932,-3.2042367261700497,4.44833341301927,-0.2700257143033797,0.921166630907857,0.4733261473527511,0.7433518616561308,53.69934784159196,0.09310372644595634,12,9,0.7368421052631579,0.5789473684210527,1.0359559205043452,6.616614218684974,5.528710732877862,6.361360960227432,0.6111111111111112,0.5555555555555556,4.854287197349629,1.1583528769207492,0.7884557119033568,0.65,0.35,2,3.712888707295484,-3.712888707295484,-7.425777414590968,2.2536379696806055,7.425777414590968,-3.712888707295484,3.712888707295484,2.5403975365705946,-0.19541519512081454,-2.7358127316914085,-5.276210268262004,7.425777414590968,1.0,0.0,1.0,0.0,1.0,0.0,7.425777414590968,-0.39083039024162947,0.39083039024163035,0.1111111111111111,0.16666666666666666,2.9605947323337506e-16,0.9770759756040748,0.9770759756040747,0.5,0.5,2.8313285861041293,-3.0211304147712594,-1.4630919656109431,0.5806288242552146,2.5534041773396514,-2.170450849876711,-1.2008683575637398,0.1268413824845243,0.8123933836062227,0.6098592796100886,3.1571242340573824,-3.2042367261700497,2.3244740067078116,2.6217108560590194,4.44833341301927,0.02467960394990154,2.636337455635958,-2.541055118408731,0.4399423355858132,-2.1682808056657046,3.712888707295484,3.322058317053854,2.931227926812224,2.5403975365705946,2.1495671463289643,1.7587367560873346,1.367906365845705,0.977075975604075,0.5862455853624451,0.19541519512081518,-0.19541519512081473,-0.5862455853624446,-0.9770759756040741,-1.3679063658457036,-1.758736756087334,-2.1495671463289643,-2.5403975365705938,-2.931227926812223,-3.3220583170538536,-3.712888707295484,1.2274283544527242,7.108597867413913,-0.3171795471770551,-5.41725127110605,220,0.010019870629518455,1.0
d50f3722-14fb-485a-a417-ed6ae79f3c07,frontierscience,deepseek/deepseek-v3.2_reasoning-auto_s2,physics,,deepseek/deepseek-v3.2,0,is_correct,False,,0.05,True,,,,107,-2.7474414664414253,2.3578593047789242,5.1053007712203495,2.2188970609763934,8.43906661089166,-3.653032723606459,4.786033887285201,0.32583155492866583,1.0389129216438333,-0.6057848526596845,-0.9316164075883504,48.32009758623248,0.10565584562633351,12,9,0.3684210526315789,0.7894736842105263,6.010892028385383,2.4281745825062764,5.264115081279531,5.410239563809761,0.3333333333333333,0.7777777777777778,4.343307714575995,1.0253885122009634,0.7294634011984938,0.55,0.45,53,0.1917504800768241,-2.4344905505481402,-2.626241030624964,1.7982917127388125,6.6028369297618426,-3.5899117098988724,3.0129252198629706,0.010541404414670172,-1.1465752452732834,-0.4990676196784855,-0.5096090240931557,39.969149992385375,0.06570670207210551,12.0,11.0,0.10526315789473684,0.3684210526315789,1.1554211593507322,5.44741577041111,4.940129087038498,4.728011733359536,0.4444444444444444,0.6666666666666666,3.5363668081698316,0.5085313737128164,1.0558635039168767,0.4,0.6,-2.7474414664414253,-0.15822433760952395,0.461504523562215,2.295395046265206,2.383237495414087,0.5244308173044328,-0.47808119399433036,4.786033887285201,0.3775832329093305,1.094478256441774,-2.7535017522237437,-0.05879619952728074,4.052982771839194,-0.22638974521764155,1.7572068402033028,-3.653032723606459,-1.8568818155799058,-2.656918789769568,0.41705806801559886,2.3578593047789242,0.1917504800768241,-0.589641539350342,3.0129252198629706,1.5283968909311036,-2.027645221116709,-1.3104823212755012,-0.7315136782256548,-3.5899117098988724,-3.4182096859144093,1.5219194011240882,0.19094995128947945,-1.6203894686568299,1.8088132642515484,-2.9191984691079877,-1.4655074425053183,0.35818383746981797,-0.39665159901619584,1.5576884292504956,-0.613628392721572,-2.4344905505481402,-0.31438388886224894,-2.480492713564349,-5.106733744189313,-0.2025010279596664,160,0.018691588785046728,0.04281567489114659
07fd78cd-81de-4a62-9952-369093ec303f,frontierscience,deepseek/deepseek-v3.2_reasoning-auto_s2,physics,,deepseek/deepseek-v3.2,0,is_correct,False,,0.0,True,,,,246,-2.5117240312713607,-4.7441733227297975,-2.232449291458437,2.381929019073026,8.93433810139402,-4.7441733227297975,4.190164778664223,0.9097886448958797,0.09729892221674426,-0.005981133739866677,-0.9157697786357464,52.232928528282315,0.04274026661648204,13,8,0.9473684210526315,1.0,0.0,8.93433810139402,6.025573767764385,8.93433810139402,0.9444444444444444,1.0,4.599366264261239,1.231768903018025,0.8810825946505668,0.6,0.4,18,2.293639595151634,2.4673362871544016,0.1736966920027676,2.3323333256715433,8.895970873299596,-4.9590614399682185,3.9369094333313788,0.33779650847248593,-1.0101407436833192,0.736818774756609,0.399022266284123,55.7903425363833,0.003113382784654754,10.0,10.0,0.42105263157894735,0.5263157894736842,7.42639772712262,1.4695731461769772,6.34576039918843,4.493679919148608,0.3888888888888889,0.5,4.091193197648688,0.9904898154829948,1.0047646653798037,0.5,0.5,-2.5117240312713607,2.1491902294597156,-2.4031418905910957,1.8309961929315346,2.5138453013292237,2.337367960626161,2.45198675178698,2.0401860933542437,-3.358861151610463,-0.19087207364536743,-2.0310421125315647,-0.5464283215315229,3.0537221201467277,1.7143879013351566,0.13905144352306809,1.1684437397150176,1.046035547488451,-1.8354089891001624,4.190164778664223,-4.7441733227297975,2.293639595151634,2.4710765518481503,0.2886917818972572,-3.6586773128562204,-0.8938839211355658,2.2557643874014226,-0.3920355229992767,-2.4088509658570514,3.9369094333313788,-0.4653815208196108,-4.9590614399682185,0.8684509521500896,-1.314435701955865,-2.7286159626639575,-1.3261288828681894,1.1058190070070455,2.5726938396416603,1.5494144740768523,-1.9482220764721163,2.4673362871544016,0.2041892815936532,7.242002199475085,7.415698891477852,-0.4183725601566053,264,0.008694209391073503,0.1111111111111111
3a998a27-4c4b-47c6-bd2c-dd1c9deb3d63,frontierscience,deepseek/deepseek-v3.2_reasoning-auto_s2,physics,,deepseek/deepseek-v3.2,0,is_correct,False,,,True,,,,152,-2.77066640605345,-2.463380907592355,0.3072854984610949,2.198270165501549,7.81701915422316,-3.648850779762731,4.1681683744604285,-0.38231425688848947,0.679723827083914,-1.2872395756149275,-0.9049253187264381,44.69104039253439,0.006875774109578052,11,10,0.15789473684210525,0.10526315789473684,1.1854698721703762,6.6315492820527835,7.81701915422316,4.6988841407274755,0.1111111111111111,0.4444444444444444,4.424494473190399,0.8319963943138872,1.1140749174299667,0.45,0.55,2,3.7005354196257,-3.7005354196257,-7.4010708392514,2.2461398084541973,7.4010708392514,-3.7005354196257,3.7005354196257,2.5319452871123214,-0.19476502208556287,-2.726710309197884,-5.258655596310206,7.4010708392514,1.0,0.0,1.0,0.0,1.0,0.0,7.4010708392514,-0.38953004417112513,0.3895300441711269,0.6111111111111112,0.5555555555555556,6.167905692361981e-16,0.9738251104278159,0.9738251104278156,0.5,0.5,-2.77066640605345,-2.3203710555461914,-3.648850779762731,4.1681683744604285,2.7461665912291355,0.004841393504932418,-0.8554879160515505,0.7871997327163509,2.199857747827185,-2.4990263929002903,2.5216658566919836,-0.24724078463621924,1.127446339404211,0.8681642904841771,-2.5647058432965415,-1.4311581124105892,-1.290602117874124,2.21641755995934,-2.190008032475295,-2.463380907592355,3.7005354196257,3.3110053754545734,2.9214753312834474,2.531945287112321,2.142415242941195,1.7528851987700684,1.3633551545989424,0.9738251104278159,0.5842950662566895,0.19476502208556346,-0.194765022085563,-0.5842950662566899,-0.973825110427815,-1.363355154598941,-1.752885198770068,-2.142415242941195,-2.531945287112321,-2.921475331283446,-3.311005375454573,-3.7005354196257,1.1876509151926582,7.351567242410713,-0.049503596840686725,-8.15106454561974,154,0.014900662251655629,1.0
d3acd2cb-8477-4630-b8bb-b4bc22670dc8,frontierscience,deepseek/deepseek-v3.2_reasoning-auto_s2,physics,,deepseek/deepseek-v3.2,0,is_correct,False,,0.27,True,,,,303,2.626571274785213,2.568332677750426,-0.058238597034787176,2.2558620708174377,7.746771483304859,-4.065439897186312,3.6813315861185467,-0.6256263511928358,-1.0024394670619812,1.2605868991284488,1.8862132503212847,46.32255097589283,0.0012572407133859206,12,12,0.9473684210526315,0.5789473684210527,6.633772574936739,1.1129989083681209,5.512407893050873,6.66160712346883,0.3888888888888889,0.0,3.8423430911932277,0.8463342385968478,1.037981205247499,0.45,0.55,40,2.589003615387523,2.5269795511194326,-0.062024064268090484,1.8056356536921256,6.057589447806523,-1.8739425844609883,4.183646863345534,2.2404736348855296,0.2827741939658275,1.5194521822598925,-0.7210214526256371,37.11243402983709,0.001671247545181901,12.0,8.0,0.9473684210526315,0.3684210526315789,4.400922135580421,1.6566673122261015,5.8024539182461865,4.414246400721421,0.8888888888888888,0.3333333333333333,3.5490690226671955,1.6420547418307698,0.30308234705482706,0.7,0.3,2.626571274785213,-4.035035848683616,-2.547605196236228,-1.8207853824020102,1.980757216304073,-1.4228102584714555,0.8395237363541741,-2.3652578622337037,3.147150030817169,-0.01944131813030021,-1.9623076108006305,-4.065439897186312,-2.310917430570486,0.5591378186703948,-0.14794963740746284,0.8256886343543419,-0.0620736628277756,0.6981917967826152,3.6813315861185467,2.568332677750426,2.589003615387523,1.8491345414002405,3.6655042139112375,2.0160265403272013,0.8465133878216067,2.176829329090468,2.5403038162604323,-1.8739425844609883,1.828709679651428,-1.107342372212476,-0.38400459263548115,2.833747521997145,-0.36168620211591485,1.0439379075370798,0.7203357010339946,-0.55263943915757,-1.7820317505141112,4.020422167732075,4.183646863345534,2.5269795511194326,-0.010344608650684985,0.010326328986412392,-0.05169773528167809,-2.8819289713311846,343,0.007037789871702402,0.05
5ef8b29d-7665-45e6-a26a-bd4a27f450ad,frontierscience,deepseek/deepseek-v3.2_reasoning-auto_s2,chemistry,,deepseek/deepseek-v3.2,0,is_correct,False,,,True,,,,714,2.808505919119004,-2.451945914090373,-5.260451833209377,2.4608950431029277,9.139192922960762,-3.333241402504185,5.805951520456577,1.278868928084098,1.394485898330851,-1.3262512288529422,-2.60512015693704,40.25125142505647,0.1306903921485218,10,9,0.42105263157894735,0.5789473684210527,0.8812954884138122,8.25789743454695,3.4599297429410094,5.612354860347855,0.6111111111111112,0.5555555555555556,3.3489809842278078,1.342379584433851,0.8045807638445014,0.55,0.45,2,3.7010021848178134,-3.7010021848178134,-7.402004369635627,2.246423124180253,7.402004369635627,-3.7010021848178134,3.7010021848178134,2.5322646527700825,-0.19478958867462154,-2.7270542414447045,-5.259318894214787,7.402004369635627,1.0,0.0,1.0,0.0,1.0,0.0,7.402004369635627,-0.3895791773492423,0.3895791773492441,0.8888888888888888,0.7222222222222222,3.9474596431116675e-16,0.9739479433731087,0.9739479433731087,0.5,0.5,2.808505919119004,-1.2719756486109852,1.9773085863632591,1.4088897118393977,-0.39070145449792526,1.241645537327562,3.1784098450483738,3.4460580652136628,5.805951520456577,3.6537935020913,2.27911345784367,-3.333241402504185,0.1266883404368242,-2.2169621952218903,0.9212272029373905,-0.6434622090225437,-2.1283622278521346,-2.5531538349922527,-1.1018103900977398,-2.451945914090373,3.7010021848178134,3.3114230074685698,2.921843830119326,2.532264652770083,2.1426854754208393,1.753106298071596,1.3635271207223525,0.9739479433731089,0.5843687660238652,0.19478958867462204,-0.1947895886746216,-0.5843687660238652,-0.9739479433731084,-1.3635271207223516,-1.7531062980715957,-2.1426854754208398,-2.532264652770083,-2.9218438301193252,-3.3114230074685693,-3.7010021848178134,1.1895583365237106,7.342506435431897,-0.05949793420372984,-5.1216313996476615,716,0.0028796932517747634,1.0
adadda00-bef8-417d-97d6-cfd9dec33cba,frontierscience,deepseek/deepseek-v3.2_reasoning-auto_s2,chemistry,,deepseek/deepseek-v3.2,1,is_correct,True,,,True,,,,265,-2.781577113200846,-2.199499254200052,0.582077859000794,1.976895752565361,7.445598192035173,-4.6419698016544215,2.8036283903807515,-0.06982118093343091,-0.1828236318239646,-1.139130748279473,-1.0693095673460422,38.70727966121296,0.015037942839059066,13,10,0.10526315789473684,0.47368421052631576,2.4424705474543695,5.003127644580804,7.126005524475596,3.65013160173375,0.5,0.1111111111111111,3.405059844876106,0.614357314813965,1.0445222237628955,0.4,0.6,8,2.517120352352831,0.16000956715315828,-2.357110785199673,1.6792867927255781,6.2766567072730695,-3.759536354920238,2.517120352352831,0.6420623167315824,-0.901310451737282,-0.05168019265293944,-0.6937425093845219,21.790308683207286,0.10817243663079365,4.0,4.0,0.0,0.7368421052631579,3.919545922073396,2.357110785199673,2.681828088607905,2.6290031768160746,0.7777777777777778,0.6111111111111112,0.9626061353526606,0.611856625420443,0.7180975304683195,0.55,0.45,-2.781577113200846,-1.920811311917054,2.8036283903807515,-0.8465032113529984,0.03779271032193801,-0.1704516744984259,2.3891739437326183,-0.8678990754243228,-2.693915578978777,-4.6419698016544215,2.4840357228211754,1.3451418776552746,1.7604579596301355,1.3343834731831832,-0.19208565228614738,-2.613953474118335,-0.817016955065122,-1.1447613725614072,0.13253221855422462,-2.199499254200052,2.517120352352831,1.6451147671714859,0.7731091819901403,0.12661688526081907,0.04390780966155819,-0.038801265937702695,-0.5726315133780538,-1.4448026396992226,-2.3169737660203915,-0.9672925390570712,0.7526974134536641,1.8514026332034237,-0.777600543612651,-3.4066037204287256,-3.759536354920238,-1.077708266312333,1.6041198222955657,1.7886861948597543,0.9743478810064563,0.16000956715315828,-0.02804224199182417,4.688577364561059,2.3314665793613862,-6.613024053526267,273,0.008061749571183533,0.25
bb0539ef-d9fd-4215-bf16-b0eca44a8778,frontierscience,deepseek/deepseek-v3.2_reasoning-auto_s2,physics,,deepseek/deepseek-v3.2,1,is_correct,True,,,True,,,,84,0.20929161396929322,-2.380217123301025,-2.589508737270318,1.8858916359193316,6.630671657454641,-3.681004363182145,2.9496672942724964,0.07035054618811407,1.1007608969760456,0.08269760846339118,0.012347062275277113,47.697252177227966,0.054290522390021946,12,13,0.21052631578947367,0.15789473684210525,1.30078723988112,5.329884417573521,6.630671657454641,4.272777437527903,0.16666666666666666,0.1111111111111111,4.406229365987431,1.0406054897644672,0.605907202117994,0.6,0.4,6,1.6696345431074868,-3.3117006320104188,-4.981335175117906,1.6565052188374763,7.0405411975501035,-3.3117006320104188,3.728840565539685,0.42602086325173477,-0.6837438977879089,0.6751831746033977,0.24916231135166295,20.218351944950463,0.24637691482870813,4.0,5.0,0.7894736842105263,1.0,0.0,7.0405411975501035,1.8655421138024786,1.9509604263975295,0.7222222222222222,1.0,0.5177156086196489,0.6935638464615883,0.5812119561682298,0.5,0.5,0.20929161396929322,-1.0278083733217536,0.5917730743457579,-3.681004363182145,2.9496672942724964,2.1761280490119335,-0.7255934717787841,2.2021338284131753,1.8066817573878957,1.716677735229731,-0.702148325449808,2.5546637916640074,0.821847320811691,-0.6945298292243729,-2.6574846533218452,2.680504558685636,-0.24935790278014736,2.531732082763271,0.5710086887344574,-2.380217123301025,1.6696345431074868,1.077354447779927,0.4850743524523673,-0.10720574287519247,-0.49211993582005836,-0.047570519234148345,0.3969788973517616,0.8415283139376716,0.6771664893588561,-0.4005621969670503,-1.4782908832929569,-2.5560195696188646,-1.8677857758677467,-0.002243662065271934,1.8632984517372067,3.728840565539685,2.5411806471821645,0.5902202207846394,-1.3607402056128892,-3.3117006320104188,0.8568802829821562,4.906731949390668,-0.07460322572723754,-2.809796802297889,90,0.025243832472748137,0.3333333333333333
dcc38501-c38e-4a8e-a069-1a401d6432c0,frontierscience,deepseek/deepseek-v3.2_reasoning-auto_s2,physics,,deepseek/deepseek-v3.2,0,is_correct,False,,,True,,,,130,-0.08088924919124675,-2.5194069639221817,-2.438517714730935,1.7030605212017214,6.350000108320449,-3.75188984879605,2.598110259524399,-2.156118295316871,-0.02568541444962385,-0.9060103922078419,1.2501079031090292,36.49141721747657,0.06682441792266357,10,6,0.42105263157894735,0.3157894736842105,1.2324828848738685,5.117517223446581,4.610431242451933,3.8532633982185387,0.5555555555555556,0.4444444444444444,2.8249703308959018,0.33229629833209245,1.3677307144127182,0.15,0.85,87,-0.018182334372248962,-2.560375145216405,-2.5421928108441563,1.9375634306736522,7.294537809278776,-4.191492101363266,3.103045707915509,0.43095482383801526,0.12095823734470741,-1.2220082660151839,-1.652963089853199,41.00480839476271,0.06199743177360767,14.0,10.0,0.5263157894736842,0.7894736842105263,1.6311169561468613,5.663420853131914,4.331272970733245,4.312522410728632,0.8333333333333334,0.6666666666666666,3.94607266710567,0.6795269927829831,0.8529599011735854,0.45,0.55,-0.08088924919124675,-2.5992785053731096,-3.206860289497567,-2.6305423910969536,-0.5399589286873492,-2.28340885457582,-3.75188984879605,-0.481113787915306,2.598110259524399,-1.2551531386941397,-2.0490641298067245,2.561367112645209,-0.19605528118086635,-1.3578889357199382,-0.18112020986892413,1.4864485944722419,-1.6297465588436957,-1.0749670492456598,-1.5172701658388308,-2.5194069639221817,-0.018182334372248962,-0.02752039850123167,0.08488838113250563,-1.522641018347791,2.66588440962261,-0.29570123667818127,2.1299559640104437,-1.7535588374790052,-2.678136440286641,-0.6453805668248416,3.103045707915509,1.5327901420194432,2.8002350333985597,-1.5122873773300722,-1.8539225670720236,-4.191492101363266,0.13978086936997824,0.004571487419305659,1.1293878607713075,-2.560375145216405,-0.1607010400313644,2.3405235895185683,-0.20166922132558796,0.09428356563399731,217,0.015384615384615385,0.025928896017107725
0ea11f5b-df09-4330-92cc-302a63c22008,frontierscience,deepseek/deepseek-v3.2_reasoning-auto_s2,physics,,deepseek/deepseek-v3.2,1,is_correct,True,,,True,,,,74,2.668492065961353,-5.016538002988334,-7.685030068949686,2.3223201539188914,7.685030068949686,-5.016538002988334,2.668492065961353,0.9312092143729568,-0.8857824681520492,-0.08560960547713492,-1.0168188198500916,45.2138580080355,0.1699706772995104,12,9,0.0,1.0,0.0,7.685030068949686,5.73390085016451,7.552449873613051,0.8333333333333334,1.0,4.418463496823721,1.0638422226905846,1.0736257431564074,0.55,0.45,4,1.740123517660507,-3.2417781521871376,-4.981901669847645,1.3163566052374367,4.981901669847645,-3.2417781521871376,1.740123517660507,0.7459477914937952,0.8709682234117,-1.2277815636499936,-1.9737293551437887,8.731884628736388,0.5705413987551262,2.0,3.0,0.0,1.0,0.0,4.981901669847645,0.3503744910032567,0.8055986354148583,0.5555555555555556,0.7777777777777778,0.10209664034131184,0.6238981987071679,0.4263120625852427,0.65,0.35,2.668492065961353,2.5007708967223987,-2.6399027567315625,1.5157731557867404,1.251590840537634,-1.2299844083643032,2.451724706698438,1.6774862863479951,1.5131844584196932,-1.4946226792135098,-2.1482661880522818,-1.0624200450441177,-2.256194371754765,-2.429644737767358,0.8823381680786211,-3.1949416732119125,2.5389591769525968,1.7406128276815014,2.5359118706247172,-5.016538002988334,1.740123517660507,1.4087316089382698,1.0773397002160325,0.7459477914937952,0.41455588277155786,0.08316397404932063,-0.2482279346729166,-0.12510891024482507,0.22526558075843106,0.5756400717616872,0.9260145627649432,1.2763890537681999,1.6267635447714555,1.591813660302008,0.78621502488715,-0.019383610527708317,-0.8249822459425649,-1.6305808813574214,-2.4361795167722793,-3.2417781521871376,0.6195183942456882,7.376179914894529,2.394278245046884,-6.309930930914536,78,0.03443169196593854,0.5
239c543b-7543-445a-b492-89c994b9ba7c,frontierscience,deepseek/deepseek-v3.2_reasoning-auto_s2,physics,,deepseek/deepseek-v3.2,0,is_correct,False,,,False,,,,79,0.21248130874239757,2.5121728286407223,2.2996915198983245,2.368155170241054,9.058726892891512,-4.6847654565492105,4.373961436342301,-0.7581681907167436,0.6926871688233283,-0.2987619032622035,0.4594062874545401,52.89418911207372,0.04347720531315212,13,10,0.5789473684210527,0.9473684210526315,7.196938285189933,1.861788607701579,7.196938285189933,5.367991477621064,1.0,0.7222222222222222,4.732867403002433,0.8851186829645494,0.9976656116059056,0.45,0.55,0,,,,,,,,,,,,,,,,,,,,,,,,,,,,,0.21248130874239757,0.17890087575864996,-1.412019514327294,0.4791776170637454,-2.0481999548669574,-2.644953827778188,-0.07256383960955809,-0.8125848340305457,-1.774149731557031,0.029537837109783194,-2.526458271202141,4.373961436342301,2.49332185312836,3.0651818919725717,-2.3028095856484927,-0.9639201157475714,4.3576380105324555,-0.7108871008011242,-4.6847654565492105,2.5121728286407223,,,,,,,,,,,,,,,,,,,,,,,,,79,0.03180785459266472,
