id,dataset,run_slug,subject,generator,model,target,target_label,is_correct,final_answer_correct,rubric_score,has_answer_chunks,error_step_index,error_step_position,exit_status,reasoning_n_chunks,reasoning_start,reasoning_end,reasoning_end_minus_start,reasoning_std,reasoning_range,reasoning_min,reasoning_max,reasoning_early_mean,reasoning_mid_mean,reasoning_late_mean,reasoning_late_minus_early,reasoning_total_variation,reasoning_monotonicity,reasoning_direction_changes,reasoning_zero_crossings,reasoning_peak_pos,reasoning_trough_pos,reasoning_rebound_from_trough,reasoning_fall_from_peak,reasoning_max_rise,reasoning_max_drop,reasoning_max_rise_pos,reasoning_max_drop_pos,reasoning_curvature_abs_mean,reasoning_positive_mass,reasoning_negative_mass,reasoning_time_positive,reasoning_time_negative,answer_n_chunks,answer_start,answer_end,answer_end_minus_start,answer_std,answer_range,answer_min,answer_max,answer_early_mean,answer_mid_mean,answer_late_mean,answer_late_minus_early,answer_total_variation,answer_monotonicity,answer_direction_changes,answer_zero_crossings,answer_peak_pos,answer_trough_pos,answer_rebound_from_trough,answer_fall_from_peak,answer_max_rise,answer_max_drop,answer_max_rise_pos,answer_max_drop_pos,answer_curvature_abs_mean,answer_positive_mass,answer_negative_mass,answer_time_positive,answer_time_negative,reasoning_traj_t00,reasoning_traj_t01,reasoning_traj_t02,reasoning_traj_t03,reasoning_traj_t04,reasoning_traj_t05,reasoning_traj_t06,reasoning_traj_t07,reasoning_traj_t08,reasoning_traj_t09,reasoning_traj_t10,reasoning_traj_t11,reasoning_traj_t12,reasoning_traj_t13,reasoning_traj_t14,reasoning_traj_t15,reasoning_traj_t16,reasoning_traj_t17,reasoning_traj_t18,reasoning_traj_t19,answer_traj_t00,answer_traj_t01,answer_traj_t02,answer_traj_t03,answer_traj_t04,answer_traj_t05,answer_traj_t06,answer_traj_t07,answer_traj_t08,answer_traj_t09,answer_traj_t10,answer_traj_t11,answer_traj_t12,answer_traj_t13,answer_traj_t14,answer_traj_t15,answer_traj_t16,answer_traj_t17,answer_traj_t18,answer_traj_t19,answer_minus_reasoning_mean,answer_start_minus_reasoning_end,answer_end_minus_reasoning_end,answer_range_minus_reasoning_range,total_n_chunks,reasoning_pair_density,answer_pair_density
d9a6df63-9cdc-41c0-980b-ddc78275bf91,frontierscience,deepseek-ai/DeepSeek-R1-Distill-Qwen-32B_reasoning-auto,biology,,deepseek-ai/DeepSeek-R1-Distill-Qwen-32B,0,is_correct,False,,0.4,True,,,,11,0.08519134074654422,-2.2835165331067375,-2.368707873853282,2.3547257188697204,8.188324640793127,-3.5783384363301667,4.6099862044629605,0.7137216248015259,-0.24975211761870655,-0.3870293238283639,-1.1007509486298899,30.70640647161455,0.07714051059810434,4,5,0.3157894736842105,0.5263157894736842,1.2948219032234292,6.893502737569698,2.6599139580263143,2.733146533703296,0.2222222222222222,0.3333333333333333,1.1768669557092746,1.0167339981417194,0.9704534677762418,0.45,0.55,11,2.4444777994443383,-0.21774295320679923,-2.6622207526511374,1.9398118295071545,6.348663403013356,-2.7319930506078576,3.6166703524054986,0.914048163130548,-0.7311015224187846,-0.3696998419698694,-1.2837480051004175,23.378559220540385,0.11387445768309419,6.0,3.0,0.6842105263157895,0.5263157894736842,2.5142500974010584,3.8344133056122978,3.69729711938526,3.8158506406871067,0.6666666666666666,0.7777777777777778,1.5743590545389248,0.762914887189571,0.8097935155314145,0.3,0.7,0.08519134074654422,-1.1966127688100268,-2.2067454088985783,-0.7718348237749526,0.90807643592921,3.567990393955524,4.6099862044629605,1.8768396707596646,-0.8456790200403682,-3.552255946485507,-3.5783384363301667,-0.9239264895743386,1.5013161491508424,3.773779249188928,3.026486892603694,0.9850136260370186,-0.4067184604266689,-1.63601525186461,-2.0074262162128793,-2.2835165331067375,2.4444777994443383,3.1620913923678877,3.504977534985367,0.4753166248482028,-1.787987532056588,-0.9858646760318787,-0.41467400164349316,-0.38232508440653257,-0.8942243429605018,-2.2224958652008686,-2.7319930506078576,-2.422715899181468,-0.08062676697976157,3.6166703524054986,2.054764039740125,-1.7610866009469817,-1.5940172862281832,-0.43121798265790634,-0.268898268519471,-0.21774295320679923,0.4419078736314659,5.169902206182542,2.5076814535314043,-2.7229834597398828,22,0.21818181818181817,0.2
91a30120-36ab-425f-961f-3dee779b0021,frontierscience,deepseek-ai/DeepSeek-R1-Distill-Qwen-32B_reasoning-auto,chemistry,,deepseek-ai/DeepSeek-R1-Distill-Qwen-32B,0,is_correct,False,,0.2,True,,,,261,2.526872299293472,0.008911412785148842,-2.517960886508323,2.4075760668116692,7.197887568091378,-3.9954137791337683,3.20247378895761,0.36604600602772963,-1.2516094814282586,0.48029447676101683,0.1142484707332872,56.106414098345304,0.04487830717705025,14,12,0.47368421052631576,0.6842105263157895,4.004325191918917,3.193562376172461,5.71947248893558,6.567048610569999,0.16666666666666666,0.5,5.973803488684673,0.9480934003606956,1.1139522737225758,0.5,0.5,9,4.85032694652901,2.3439318274463483,-2.5063951190826614,2.47451828671394,7.7967863618418,-2.9464594153127908,4.85032694652901,-0.08261944369670639,0.5537550642638569,-1.3474745911340804,-1.264855147437374,26.363347602100696,0.09507120100646649,3.0,4.0,0.0,0.7894736842105263,5.290391242759139,2.5063951190826614,3.147014821468055,2.1134684992699495,0.4444444444444444,0.0,0.8186847686348218,0.9589854126199213,1.198330322761643,0.45,0.55,2.526872299293472,2.575968426190136,-2.5123207703975656,-2.657192030280887,3.0622804586546932,-0.4409264544570717,0.007640113191330455,2.9216713267814676,-2.4399930544460426,3.20247378895761,-3.364574821612389,-1.2200181470259004,-3.8654116835187873,-3.9954137791337683,0.5675334160005034,1.3771419175351134,-0.222933722257058,2.711374847824436,-1.560261011322043,0.008911412785148842,4.85032694652901,2.7368584472590602,0.6233899479891107,-0.9059160475987785,-2.084724540977432,-2.945599083853934,-2.852671775223981,-2.759744466594028,0.005509415769263448,3.1525242372373183,3.6924859148959452,1.6253944487451366,-0.33063687733011815,-1.5092472228765192,-2.6878575684229222,-2.9464594153127908,-2.8983917626504803,-2.0453576943918748,0.14928706652723678,2.3439318274463483,0.302500228391834,5.143915762135695,2.6375206430530334,-2.480670589557011,270,0.007957559681697613,0.2222222222222222
845a3693-c660-4446-bae5-6c38bc75e6fd,frontierscience,deepseek-ai/DeepSeek-R1-Distill-Qwen-32B_reasoning-auto,chemistry,,deepseek-ai/DeepSeek-R1-Distill-Qwen-32B,0,is_correct,False,,0.2,True,,,,11,2.7879755741673646,4.674203492703842,1.886227918536477,2.5573439002311393,8.861052046438568,-4.186848553734726,4.674203492703842,0.2803098369070772,-1.2077533507985143,0.558355743970104,0.2780459070630268,53.1014543985263,0.03552121010434744,7,8,1.0,0.8947368421052632,8.861052046438568,0.0,5.1133544662823365,4.928856066323055,0.2222222222222222,0.8888888888888888,3.23317825253239,0.9709048973040671,1.128003403975039,0.45,0.55,22,-4.9024479351349415,0.005549842285861346,4.907997777420803,1.8387731642877783,7.588470730618575,-4.9024479351349415,2.6860227954836327,-0.3803343737594183,0.3566563149924892,-0.038211276180353505,0.3421230975790648,36.28854726477084,0.1352492217891985,10.0,7.0,0.10526315789473684,0.0,4.907997777420803,2.6804729531977713,5.115326238735687,4.004206335838094,0.0,0.8888888888888888,2.938628176551375,0.6560969932974147,0.675847696719946,0.65,0.35,2.7879755741673646,1.277632251204735,-0.3350440199226382,-2.868716824532703,-3.872984174964291,1.2403702913180457,3.7329357610790272,0.1103269056234808,-2.1772269665921193,-2.462198363947796,-1.3472480573019099,1.1676239533455441,-0.03352627201161207,-3.7120246547051883,-1.315328603928004,3.6850222040509726,0.7420075125883296,-4.186848553734726,-0.24892158785978946,4.674203492703842,-4.9024479351349415,0.2128783036007451,2.6860227954836327,0.9721055155326948,-2.565963089428073,0.0044801428291911805,0.9305836508008225,0.05171315055948314,0.039982801195211706,0.1265936630583909,2.175882129401937,1.7449965216259942,-1.1567617757725726,-0.48581228512101937,-2.696650053266116,1.5294381055685717,2.641713244005758,-1.3624930918323361,-0.34682570384386,0.005549842285861346,-0.008515516516858345,-9.585166944355642,-4.6771691669348385,-1.9661212333526557,33,0.18181818181818182,0.12121212121212122
dcfa830a-3f87-43eb-9ec7-6649fcdd0473,frontierscience,deepseek-ai/DeepSeek-R1-Distill-Qwen-32B_reasoning-auto,biology,,deepseek-ai/DeepSeek-R1-Distill-Qwen-32B,0,is_correct,False,,0.15,True,,,,9,-0.7933860488917159,1.8548535396874715,2.6482395885791874,2.482465599489374,9.929502866041112,-4.715325546585116,5.214177319455997,-1.8945651338349225,-0.20072188157016407,2.314308021206772,4.208873155041695,30.329504597937564,0.08731562297787318,5,3,0.7368421052631579,0.631578947368421,6.570179086272587,3.3593237797685256,4.964751433020561,3.009152070909304,0.7222222222222222,0.5555555555555556,1.5246165296995915,0.9949515958250823,1.034009644854831,0.55,0.45,8,-1.4974924494451027,3.762888455203049,5.260380904648152,2.9074747681289415,9.03279545751209,-4.39922391040135,4.633571547110741,-0.8463074434110618,-1.4904497605512113,2.4148959414923707,3.2612033849034328,30.135029966678456,0.17456033428421247,5.0,5.0,0.8947368421052632,0.42105263157894735,8.162112365604399,0.8706830919076918,3.354530598527724,2.6021584721253914,0.7777777777777778,0.6111111111111112,1.3482325846259875,1.1907866982868391,1.2841829372259235,0.5,0.5,-0.7933860488917159,-1.6350200153347623,-2.476653981777808,-2.813962684981306,-2.848676230241075,-2.3655170887268997,-0.32873988689089106,1.7080373149451176,1.906701601630199,1.842778329008004,0.3062406572422578,-2.7029114136670462,-4.715325546585116,0.24942588643543573,5.214177319455997,4.326075255606815,1.4870220261343858,0.05086214434148317,0.9528578420144773,1.8548535396874715,-1.4974924494451027,0.02295902699987673,1.5434105034448562,1.9138088568955574,-0.5909255971394383,-3.095660051174434,-4.220252393458748,-4.309738151930049,-4.39922391040135,-2.102201968114653,0.592571257631711,2.5306399551106784,-0.07151851701471301,-2.6736769891401044,-2.7229687166998744,0.6315618818278494,3.986092480355566,4.633571547110741,4.198230001156895,3.762888455203049,-1.3686980505901603,-4.7210440397227345,0.5393368649254171,-2.434747269020228,17,0.2222222222222222,0.32142857142857145
0744af3b-0249-4cbb-978a-a8595f8f9672,frontierscience,deepseek-ai/DeepSeek-R1-Distill-Qwen-32B_reasoning-auto,chemistry,,deepseek-ai/DeepSeek-R1-Distill-Qwen-32B,0,is_correct,False,,0.1,True,,,,10,1.9286908015327406,-1.0785219703219062,-3.007212771854647,2.9308116655641308,12.82686136293858,-9.219992857166128,3.606868505772451,1.6457537720119821,0.34746583037829654,-2.399999082719437,-4.045752854731419,33.90945853610226,0.08868359748808637,7,3,0.21052631578947367,0.8947368421052632,8.141470886844221,4.685390476094357,4.0707354434221115,6.414342651035421,0.9444444444444444,0.8333333333333334,1.8400607004629161,0.9835997474439795,1.0059726114232128,0.65,0.35,6,8.490962003383611,3.943090880737202,-4.547871122646409,3.750366850760201,13.899236893128162,-5.408274889744551,8.490962003383611,1.4387925533443384,-2.538653725071175,-1.5526652556795784,-2.991457809023917,30.942926656101733,0.14697611422446363,3.0,4.0,0.0,0.631578947368421,9.351365770481753,4.547871122646409,2.419544652893398,3.1003680007290884,1.0,0.05555555555555555,0.6522393652598618,1.1615206658702508,2.0122716526785167,0.35,0.65,1.9286908015327406,1.204838810797803,0.4809868200628653,1.90941043741238,3.606868505772451,2.286221734270071,0.10325929423556213,0.08500481207729549,1.1491043088571495,0.9885718591262359,-0.1516661478132928,-0.5449179523248462,-0.004437003801427419,0.9106009365269613,2.574752860465296,2.443683767742778,-3.9706588832926433,-9.219992857166128,-5.149257413744016,-1.0785219703219062,8.490962003383611,5.390594002654524,2.2902260019254355,-0.8101419988036529,-3.0359243403640783,-1.76336404524985,-0.49080375013562216,0.7817565449786059,0.8102376558818319,-1.0274000095314513,-2.865037674944735,-4.70267534035802,-5.408274889744551,-5.35918236177991,-5.310089833815268,-5.260997305850626,-3.315543077942986,-0.8959984250495934,1.523546227843804,3.943090880737202,-2.528301023568909,7.0411829501366086,2.4933118274901993,0.2723142047303462,16,0.28888888888888886,0.4
0a1877af-e331-40b9-b9a3-c1a06dd51ec5,frontierscience,deepseek-ai/DeepSeek-R1-Distill-Qwen-32B_reasoning-auto,biology,,deepseek-ai/DeepSeek-R1-Distill-Qwen-32B,0,is_correct,False,,0.2,True,,,,15,2.338143877119622,4.744090805267854,2.405946928148232,2.756653289648019,9.83475306008341,-5.090662254815555,4.744090805267854,-0.25984372679365325,0.5629161850322014,-0.42743686618213683,-0.16759313938848358,57.77191491017647,0.04164561503438113,7,8,1.0,0.7894736842105263,9.83475306008341,0.0,3.7815666484301373,5.379747369314581,0.5555555555555556,0.0,3.3654108687049384,1.146766148221333,1.1689218476924823,0.5,0.5,21,-4.578643211882843,2.718088972892096,7.296732184774939,2.5523600931808708,9.295164096958345,-4.578643211882843,4.716520885075501,-0.35210900403240736,0.2124467522874606,0.1466186424832181,0.49872764651562546,71.73801554993545,0.10171360510656757,12.0,13.0,0.05263157894736842,0.0,7.296732184774939,1.9984319121834049,9.295164096958345,5.594649604891067,0.0,0.2222222222222222,6.0033146126521055,1.0592963304393765,1.0641925258051423,0.55,0.45,2.338143877119622,-3.041603492194959,-0.4147041490818495,3.157580326262452,-2.0270150239648324,-2.443201011486787,0.6118933857907809,4.044883380271243,0.32617148686927866,-3.438666514906757,-3.434078385857009,0.3474882625731285,4.128243133956747,1.9663719323187778,-1.822666862707576,-5.090662254815555,-1.4732692869609458,-0.19256997187337618,1.2704563739967782,4.744090805267854,-4.578643211882843,4.716520885075501,-0.45314427540690283,-3.305645834488727,3.3705981760643833,-2.2240514288266837,0.009602661238421017,1.2732014487350036,-2.883494278709829,0.05666075706242332,2.841610532717965,0.9154906268516099,-0.8154576879033522,0.09911586725840354,1.8141471050682982,-3.222775010028401,3.3708895758234227,-1.4183890697174197,-2.3822497191386875,2.718088972892096,-0.2534261983448941,-9.576160215495591,-2.279428030720652,-0.2938132710692116,36,0.13333333333333333,0.10952380952380952
bf7d23f3-0cf6-4d36-868f-1e3a89f688ea,frontierscience,deepseek-ai/DeepSeek-R1-Distill-Qwen-32B_reasoning-auto,physics,,deepseek-ai/DeepSeek-R1-Distill-Qwen-32B,0,is_correct,False,,0.22000000000000003,True,,,,213,2.515174768623025,5.019269354614691,2.504094585991666,2.205005056540872,7.683639671390194,-2.664370316775504,5.019269354614691,2.254780007238486,2.392385162547999,0.1918799071137265,-2.0629001001247596,46.374751047458716,0.05399693862354195,11,8,1.0,0.7368421052631579,7.683639671390194,0.0,5.971892643286093,6.960247190475478,1.0,0.7222222222222222,4.047263868083164,2.055297999988326,0.3712262184289382,0.7,0.3,15,-2.0420264368637655,-2.4964889303793827,-0.4544624935156172,2.4915700765490434,8.632012680132242,-3.808300978847993,4.823711701284248,-0.17462095539823735,-0.3685276762208349,0.8542669399763342,1.0288878953745715,64.70922822957081,0.007023148103440631,11.0,12.0,0.7894736842105263,0.15789473684210525,1.3118120484686102,7.3202006316636306,6.892169272421936,7.055093447387816,0.3888888888888889,0.6111111111111112,5.2920002108394275,1.080817634347213,1.014639573420988,0.45,0.55,2.515174768623025,0.7475630808986967,2.4976382215872874,-0.26141233604821057,2.1662850038617307,3.8452519075461464,4.272959404200725,2.459885834664795,3.5962734633575715,-0.6899367643061831,1.054658489067213,2.131094680627495,3.898843560725128,4.2958768736999735,-2.664370316775504,2.6051853562920386,-1.112232021370966,-1.7439496414064983,-0.9526232886714023,5.019269354614691,-2.0420264368637655,1.2161498566078168,-1.05220631315392,-3.808300978847993,-0.10800235210440423,3.5244897453347575,1.047549791239847,-3.0188512827787424,3.8733179896431933,-1.0650757115980571,-1.07406774492758,3.8256361598965096,-3.2294572874913063,-1.8911958562898614,1.767760801529873,4.823711701284248,-0.5071185739847479,0.3534815310410724,1.1842551103669423,-2.4964889303793827,-0.18399521025892507,-7.245291001737382,-7.699753495252999,-0.23519960614365587,228,0.009832580387988307,0.13333333333333333
07fd78cd-81de-4a62-9952-369093ec303f,frontierscience,deepseek-ai/DeepSeek-R1-Distill-Qwen-32B_reasoning-auto,physics,,deepseek-ai/DeepSeek-R1-Distill-Qwen-32B,0,is_correct,False,,0.0,True,,,,333,-2.6613427781542707,0.006762940749049097,2.6681057189033197,1.5925626352258024,6.389598153269232,-4.2460649989176575,2.1435331543515748,-1.806373623593976,-0.7990372179526763,-0.9308440597090039,0.8755295638849722,38.66777781596676,0.06900075126121163,15,9,0.5263157894736842,0.8947368421052632,4.252827939666707,2.1367702136025257,5.215559990459863,5.710468353908145,0.9444444444444444,0.8888888888888888,3.806498309431804,0.23290958924782376,1.4240566017018532,0.3,0.7,12,4.8196788726522515,-0.2006362532725087,-5.0203151259247605,1.7429374337120895,7.620393597451631,-2.8007147247993793,4.8196788726522515,0.022263622001007226,-0.29901317317258347,0.017509547854812593,-0.004754074146194633,26.89826679061171,0.18664084065360667,6.0,7.0,0.0,0.3157894736842105,2.6000784715268708,5.0203151259247605,2.907378316773001,4.187541443368987,0.3888888888888889,0.0,1.9003543202759916,0.6016772688250925,0.6932867473787004,0.5,0.5,-2.6613427781542707,0.06384274025772596,-2.696479201104846,-1.8406572644241526,-1.9441442899579466,-0.9903648561179148,-2.5754697156564292,0.010154603065432255,-1.2538265912672322,-0.5091440239903817,2.1435331543515748,-0.8411278132842357,-1.7514536528847824,-3.3913962016591093,-1.85042468978296,-1.9292359568351478,1.4644033549904873,-4.2460649989176575,0.9694949915422058,0.006762940749049097,4.8196788726522515,0.6321374292832642,-1.69778034133369,0.9259650153881132,0.5636389812946616,-2.287079878478171,-2.8007147247993793,-2.53121018993998,0.37616812683302125,1.7354872274162527,0.38570269966737136,-0.18637769749321592,-0.3140557343176348,-1.5588066443738993,-2.1518473983426647,0.6904903430366924,1.627181125063376,0.27709555586684487,-0.13722608522286445,-0.2006362532725087,0.22144427691781063,5.034360208821013,0.014045082896252836,-2.5933500023924054,345,0.006186909801367633,0.16666666666666666
af50243e-3a60-4460-9536-f9a02c4f8eb8,frontierscience,deepseek-ai/DeepSeek-R1-Distill-Qwen-32B_reasoning-auto,physics,,deepseek-ai/DeepSeek-R1-Distill-Qwen-32B,0,is_correct,False,,0.15,True,,,,14,2.329618055107187,4.972797079886281,2.643179024779094,2.467024047782503,9.804507893011385,-4.831710813125104,4.972797079886281,-0.42244330234945604,0.05965183231752664,0.15694886076457637,0.5793921631140324,47.28992727107215,0.05589306597212637,7,8,1.0,0.8421052631578947,9.804507893011385,0.0,6.626063429756216,5.06532789639704,0.3333333333333333,0.0,3.2314765252654722,0.9899958503190198,1.069888206600822,0.45,0.55,13,0.3366042287932577,0.21253398523273695,-0.12407024356052074,1.4495473414617979,4.553498722575139,-2.088525618054771,2.4649731045203676,0.49191121948429917,-0.7585257154384054,0.33288552285408485,-0.15902569663021432,20.185301278743164,0.00614656387076953,6.0,4.0,0.2631578947368421,0.5789473684210527,2.301059603287508,2.2524391192876307,2.33909375179058,1.6975996024791726,0.8333333333333334,0.0,1.1271381400061673,0.5984291921013609,0.5918786088290727,0.55,0.45,2.329618055107187,-2.7357098412898533,-2.372613353305563,2.2581684090332095,2.2659512242748754,-0.7709964855674318,-3.931521124698616,2.6945423050576,2.445691323968347,-0.5180320151653804,-2.3462714946762464,-1.4717935773561528,-0.26247491146320956,-0.12409880414227026,1.1880492649170484,0.19392086679945364,-4.831710813125104,-2.0325417112266138,1.451178477336394,4.972797079886281,0.3366042287932577,-1.360995373685915,-1.6832635218159813,-0.08006763385729876,1.3988502789477437,2.4649731045203676,2.36727745348792,1.4267424400140902,0.06642534112416891,-1.2758782039151575,-1.9941951903081379,-2.088525618054771,-0.9192657963912709,-0.5249829805377598,-1.910397858015163,0.06934464393221917,2.4084383957227993,0.9356927643547577,0.28170120589715886,0.21253398523273695,-0.3865872857892557,-5.022780136882279,-5.1468503804428,-5.185937135897049,27,0.14285714285714285,0.23076923076923078
1567b1bb-e3e5-44e5-abb8-b58e2626f468,frontierscience,deepseek-ai/DeepSeek-R1-Distill-Qwen-32B_reasoning-auto,chemistry,,deepseek-ai/DeepSeek-R1-Distill-Qwen-32B,0,is_correct,False,,0.2,True,,,,11,1.7182537239621531,5.762225084289295,4.043971360327141,3.372474179908514,11.234096879191615,-5.471871794902321,5.762225084289295,0.9160899349429285,-2.2957844178309297,1.0846976820885308,0.16860774714560234,54.49716440744664,0.07420517020101255,5,6,1.0,0.5789473684210527,11.234096879191615,0.0,5.88681647633476,4.943720912917101,1.0,0.8888888888888888,2.3587880836301554,1.322558778773246,1.4800425431574868,0.45,0.55,8,-3.277081994915632,-1.1089803519601404,2.1681016429554916,2.8265522965683956,10.507417466436742,-3.277081994915632,7.23033547152111,-0.5176335032742465,-1.2437146663609333,2.6112012872004082,3.128834790474655,36.77697595534797,0.05895268946494809,5.0,6.0,0.8421052631578947,0.0,2.1681016429554916,8.33931582348125,4.43854759543599,3.53959505027583,0.7777777777777778,0.9444444444444444,1.4909126048410095,1.2200832357333944,1.0531947089455849,0.4,0.6,1.7182537239621531,-2.1318467461831156,-5.101742632055816,-0.1497972594753918,3.9004983032772675,4.344194626718859,3.8330695283565435,1.0940277791184307,-1.1399696064772553,-2.6164004466092985,-4.060367842750987,-5.471871794902321,-3.800917628945413,-0.0749913842496639,2.121360129814694,3.6621796164655858,0.015366783462088307,-4.928354129455013,-0.1245913920454651,5.762225084289295,-3.277081994915632,-2.612209746921734,-1.9473374989278354,-0.9719321875064739,0.7798057824835447,2.531543752473563,1.8737773703948415,-0.5911172757354359,-3.056011921865713,-2.00509201272663,-0.36820301104265196,0.7935900148024903,-0.8951928143853671,-2.583975643573224,-1.6467597193508594,2.7917878760851305,7.23033547152111,5.970209748591519,2.430614698315689,-1.1089803519601404,-2.0995945092747177,-11.138901588479644,-8.970799945524153,0.2487878704169546,19,0.21818181818181817,0.25
a1e4e236-3b97-4c36-9cc3-a1711073631e,frontierscience,deepseek-ai/DeepSeek-R1-Distill-Qwen-32B_reasoning-auto,biology,,deepseek-ai/DeepSeek-R1-Distill-Qwen-32B,0,is_correct,False,,0.0,True,,,,10,-0.45562920902856807,-5.285122285407989,-4.829493076379421,3.2699069042641065,10.69535740839557,-5.285122285407989,5.410235122987579,-0.6740198084937281,-0.9928314716209802,2.4482345192949286,3.1222543277886565,30.724676545941055,0.15718613242870513,5,4,0.8421052631578947,1.0,0.0,10.69535740839557,2.406179201744668,5.301848717893957,0.5,0.9444444444444444,1.185233518329795,1.4144934647052296,1.2634210569568987,0.5,0.5,9,3.240660771705414,3.2565694129656744,0.01590864126026048,1.8624762274478175,6.990772819546777,-3.734203406581103,3.2565694129656744,0.12429569017144794,-0.8443697199938173,0.16188653927210753,0.03759084910065959,28.541976592155436,0.0005573769990629472,5.0,6.0,1.0,0.631578947368421,6.990772819546777,0.0,3.1355998615776315,3.010506633251174,0.9444444444444444,0.8333333333333334,1.2495005579562384,0.642505210065791,0.8459651587219881,0.5,0.5,-0.45562920902856807,0.4191165450884674,1.2938622992055029,-0.3484867656401669,-2.305472682856175,-2.083214256683204,-1.2383145895419527,-2.4622916243948993,-4.720707010244944,-4.387680958542371,-1.9815017567977034,0.2872057102757336,2.3840735090101246,3.931081829347199,4.378371192889638,4.8506215024344534,5.410235122987579,5.3185751503799255,0.016726432485968168,-5.285122285407989,3.240660771705414,1.6859655411580996,0.1312703106107853,-0.7967011272715604,-1.3486382895549247,-1.5154753367529121,-0.5270120386947668,0.4614512593633786,0.5423329770028236,0.49356018315388217,-0.49403634093854876,-2.420456595274473,-3.734203406581103,-0.7592361166826813,2.2157311732157465,0.7015930207519707,-2.3089136124992033,-3.0146303101895873,0.12096955138804422,3.2565694129656744,-1.283410208598691,7.242372848514712,7.258281489774973,-4.1850669628551245,19,0.2222222222222222,0.25
0b946e4d-8fc8-4f65-85dc-8fb7fd227a96,frontierscience,deepseek-ai/DeepSeek-R1-Distill-Qwen-32B_reasoning-auto,biology,,deepseek-ai/DeepSeek-R1-Distill-Qwen-32B,0,is_correct,False,,0.625,True,,,,11,0.2154252482919584,0.5601665803941326,0.34474133210217417,2.8926766863950983,10.381635207217926,-5.11654623948124,5.265088967736686,0.6000609281574044,-1.0104779960723984,0.4243924158175927,-0.17566851233981173,52.01725824969574,0.006627441424292881,6,6,0.21052631578947367,0.5263157894736842,5.676712819875372,4.704922387342553,5.841561584714782,6.959591316953671,0.3333333333333333,0.2222222222222222,3.78137858385953,1.1336204734003659,1.149948722425336,0.65,0.35,11,5.03769662895701,-0.3330386181288151,-5.370735247085825,2.8098034568173276,10.306026334542103,-5.268329705585093,5.03769662895701,-0.49019076186434807,0.5029833673820593,-0.34507614579369017,0.1451146160706579,49.88454176244516,0.10766331727896324,7.0,7.0,0.0,0.6842105263157895,4.935291087456278,5.370735247085825,6.083897059305931,6.0511384365654735,0.7777777777777778,0.6666666666666666,3.1717275922739434,1.1137260967010403,1.2127715285079486,0.4,0.6,0.2154252482919584,0.35806944634135535,0.8112154354564227,4.05887754416253,5.265088967736686,-1.694502349216985,-4.813747795670134,1.0278137890446475,2.1281056208918425,-3.883507176562369,-5.11654623948124,-1.5710115678647565,0.023764573482222856,0.31803502798286365,2.146770454775144,4.633133726835277,1.1259430526122358,-3.8796361081816064,-2.040023211529627,0.5601665803941326,5.03769662895701,2.433965398398501,-0.20008123744051112,-3.106966520804047,-4.960338176864435,-2.5996553237122226,-0.035956101584732836,3.0014479814850743,3.2840452542414913,-0.5655676884721919,-0.6735673301583314,2.9600463291830845,0.78280873098038,-5.268329705585093,-2.8249432950406197,3.2589537642653115,1.5155578465099526,-2.184661315510734,-1.502325256857236,-0.3330386181288151,0.3897356164103753,4.867265664973253,-0.5034695821125723,-1.4249529409051291,22,0.2,0.21818181818181817
2d0a5720-a17d-4886-877d-ee910ea9626a,frontierscience,deepseek-ai/DeepSeek-R1-Distill-Qwen-32B_reasoning-auto,chemistry,,deepseek-ai/DeepSeek-R1-Distill-Qwen-32B,0,is_correct,False,,0.0,True,,,,57,2.6366549200054514,0.03483973983604465,-2.6018151801694067,2.7822574625229093,9.827002070803264,-5.055505486475979,4.771496584327286,0.9081872398135601,1.0035828215924405,-0.6552731702813719,-1.5634604100949319,71.29677699202362,0.03649274609510731,16,10,0.05263157894736842,0.21052631578947367,5.0903452263120235,4.736656844491241,4.9813466157043855,9.54429075826516,0.5555555555555556,0.16666666666666666,7.027431198948822,1.3855985607267756,0.9130609903190869,0.55,0.45,5,2.5804376996707283,2.788572699163435,0.20813499949270664,2.339776464859815,7.402698541751988,-4.614125842588553,2.788572699163435,0.768758285293538,-3.250845186084053,1.2473876653152864,0.4786293800217485,14.59726208401127,0.01425849575727505,1.0,2.0,1.0,0.47368421052631576,7.402698541751988,0.0,1.060765543837456,1.0568402448318737,0.5555555555555556,0.3888888888888889,0.16984538198473484,0.7532552489018212,1.2477693645839152,0.5,0.5,2.6366549200054514,4.771496584327286,1.7290617297317343,4.4887852717891805,-5.055505486475979,-0.5202267606313526,-1.6929555800513985,-0.21757818604124424,-0.7993970073739645,2.7124791590439594,-1.111877349123481,3.869469266580905,-0.8686306537470647,3.440614521807974,1.035260372090104,-3.3286391818862717,0.3834065500804724,2.6099030992423997,-4.66640960105098,0.03483973983604465,2.5804376996707283,2.01138664667624,1.4423355936817517,0.8732845406872631,0.30423348769277503,-0.38676486326105963,-1.443605108092933,-2.5004453529248063,-3.55728559775668,-4.614125842588553,-4.612163193085764,-3.551397649248308,-2.490632105410855,-1.4298665615734012,-0.3691010177359457,0.3527981046876321,0.9617417533065822,1.5706854019255323,2.1796290505444835,2.788572699163435,-0.01843016235028478,2.527167797484399,2.7353027969771055,-4.20657367863782,62,0.041353383458646614,0.4
e5e3780b-d0a6-4a42-b468-2b196bfe4663,frontierscience,deepseek-ai/DeepSeek-R1-Distill-Qwen-32B_reasoning-auto,physics,,deepseek-ai/DeepSeek-R1-Distill-Qwen-32B,0,is_correct,False,,0.2,True,,,,149,-2.495639119858426,-2.2173424819784007,0.27829663788002534,2.1525488998594398,8.43932417693318,-4.874435663920426,3.564888513012754,-0.9298606393509111,-0.1631516212787856,-1.5017802925684265,-0.5719196532175154,49.174873707738854,0.005659325930027323,13,8,0.5789473684210527,0.7368421052631579,2.6570931819420256,5.782230994991155,6.22893645414883,6.421240853013165,0.5555555555555556,0.7222222222222222,4.850993262718669,0.599969312648876,1.4330576916397977,0.35,0.65,7,2.245656229628254,2.5409723072120705,0.2953160775838164,2.184954897683006,7.061324696331162,-4.5203523891190915,2.5409723072120705,-0.9463233087220868,1.3018127793815801,-1.2544971081975367,-0.30817379947544987,29.31141423531244,0.010075122108166287,5.0,4.0,1.0,0.15789473684210525,7.061324696331162,0.0,2.34078527996339,2.286325735159062,1.0,0.7222222222222222,0.9130485454271651,0.7850654741814143,1.0369932919098523,0.55,0.45,-2.495639119858426,-0.9271827893714333,-2.1960637482011554,-1.6531389017054183,-3.565716971164372,2.0497290777122057,2.278987977132222,1.3494369127107988,0.08722557107381512,-2.3936959313417545,-2.6640479411360753,3.564888513012754,-2.6326736623637754,1.5468051890927383,-4.874435663920426,-1.138963929093718,-0.7684588134498203,-1.1337938792111806,1.122313012242986,-2.2173424819784007,2.245656229628254,-0.009679976620861286,-2.2650161828699766,-4.5203523891190915,-2.9850516919168384,-0.6916236140243104,1.6018044638682172,1.9199751363578246,1.2505171061459726,0.5810590759341203,0.5814122220655886,1.2515765445403788,1.9217408670151677,1.6064085036120095,-0.6799172315470523,-2.966242966706114,-4.481383532678095,-2.1405982527147094,0.20018702724868032,2.5409723072120705,-0.019140646341934412,4.44385806526472,4.739174142848537,-2.9162742574862897,156,0.014329766007618356,0.2857142857142857
2db1b6e6-c019-4ce3-9b53-2292f7b2c38c,frontierscience,deepseek-ai/DeepSeek-R1-Distill-Qwen-32B_reasoning-auto,physics,,deepseek-ai/DeepSeek-R1-Distill-Qwen-32B,0,is_correct,False,,0.2,True,,,,38,0.13606126596582158,-2.5780086436359113,-2.714069909601733,1.9389291696827866,6.936126422022814,-4.257068782710302,2.6790576393125116,0.34238736674339976,0.045396023569276016,-0.9711122444918775,-1.3134996112352773,46.301310733937036,0.05861756107073717,12,9,0.8947368421052632,0.8421052631578947,1.679060139074391,5.257066282948423,6.936126422022814,5.01905990896182,0.8888888888888888,0.9444444444444444,4.801617982004681,0.7066685920590234,0.8622780787971502,0.65,0.35,23,0.13706606271496283,0.016580966312966718,-0.12048509640199612,1.7717748335966217,7.415534749368318,-3.0512785939858613,4.364256155382456,0.34768234383622537,-0.27306987904084495,-0.037158201626930225,-0.3848405454631556,43.91986815011437,0.002743293672699297,13.0,8.0,0.05263157894736842,0.42105263157894735,3.067859560298828,4.34767518906949,4.2271900926674935,5.127154269146593,0.0,0.05555555555555555,4.004634242167407,0.6808418198829138,0.6658749176926098,0.65,0.35,0.13606126596582158,-2.1953359992837225,0.09717633509689397,0.30912001425600755,2.63436756451567,0.3693718374245245,1.0459505492286034,1.077669832653486,-3.025469227962738,1.2323237166914587,1.297418432484541,-1.9465079987275278,-0.9031686539734948,2.5855060638192073,0.10237894080463722,0.5669696489271079,-4.257068782710302,2.6790576393125116,-2.3400022696493084,-2.5780086436359113,0.13706606271496283,4.364256155382456,-0.7628981137641363,-2.6413415369074618,0.5891650630185885,0.6205602244255295,0.12696855198363796,1.5659466999028713,-3.0512785939858613,0.22907811832911174,-2.3399712402793464,-0.5991664546622417,1.9201866945841957,0.363715622825356,1.3822484394497594,-2.636828803267498,-1.2860136109856504,1.7757452578660509,0.5253185408627896,0.016580966312966718,-0.001765840146839815,2.7133088662040343,2.592823769802038,0.38621443048814186,61,0.05547652916073969,0.09090909090909091
30a44280-a888-42bf-913a-208aa47c8772,frontierscience,deepseek-ai/DeepSeek-R1-Distill-Qwen-32B_reasoning-auto,biology,,deepseek-ai/DeepSeek-R1-Distill-Qwen-32B,1,is_correct,True,,0.7,True,,,,9,-2.638144028672122,0.242084341058331,2.880228369730453,2.3795954681627456,8.371607947500182,-4.50376132335544,3.8678466241447422,0.5778018348546569,0.041013135578675426,-0.5969660613542837,-1.1747678962089405,36.87359771182429,0.0781108584044363,5,5,0.5263157894736842,0.7368421052631579,4.745845664413771,3.625762283086411,4.069039182410426,3.044822684088536,0.4444444444444444,0.2777777777777778,1.536218721905334,1.0326109607094922,0.9951155394641112,0.55,0.45,16,2.4707225139441564,2.6609496851454,0.19022717120124355,1.2689182088352586,4.071951855994401,-1.4110021708490015,2.6609496851454,-0.003929126112332616,0.0409130766392025,0.03198540585945634,0.035914531971788954,19.65729499073875,0.009677179453778677,9.0,10.0,1.0,0.05263157894736842,4.071951855994401,0.0,4.020105437084406,3.881724684793158,1.0,0.0,1.5731200237103231,0.47415634783530436,0.451616343393063,0.4,0.6,-2.638144028672122,-0.45196108905773746,1.7342218505566471,2.531859053415653,2.496368814221431,1.7085454638036313,-1.3362772202849045,-4.38109990437344,-1.201293455275386,2.8677457271350404,3.8678466241447422,1.7990092357537089,-0.27549041110414657,-2.3896258672297908,-4.50376132335544,-2.724657489929257,0.35219277334753407,1.954202106815976,1.0981432239371536,0.242084341058331,2.4707225139441564,-1.4110021708490015,-1.096896302304954,-0.06697363829442896,0.013412262255364113,-0.0017670881421574317,0.06500054060469307,-1.085408995222703,-0.7998551903210942,2.110260668894026,2.1171135229304325,-0.7934470181655353,-1.1816137920602405,-0.08065765958046786,0.028337271820999637,0.017330491111015423,-0.06614791015034929,-1.0894013508313214,-1.3591557519390063,2.6609496851454,-0.005893595452202237,2.222744577433623,2.4129717486348667,-4.827482067121199,25,0.2222222222222222,0.19166666666666668
60ff38cc-fb55-4c3c-b75c-f59dde5de0c3,frontierscience,deepseek-ai/DeepSeek-R1-Distill-Qwen-32B_reasoning-auto,physics,,deepseek-ai/DeepSeek-R1-Distill-Qwen-32B,0,is_correct,False,,0.45,True,,,,15,-2.248450289154379,4.646480550586764,6.894930839741143,2.8929795110392456,10.610202323304005,-5.748615482812875,4.86158684049113,1.002209035426389,-2.3657885775952976,1.4778360943923563,0.47562705896596724,53.0081445478981,0.1300730462940632,8,9,0.21052631578947367,0.5789473684210527,10.39509603339964,0.21510628990436587,5.478954936019202,5.216466585211046,0.0,0.5555555555555556,3.6331662264741564,1.1186856273944812,1.152587638835892,0.5,0.5,8,0.17258787404073805,-3.024571589332736,-3.197159463373474,2.4151702511400166,9.314140908956691,-5.034540371091698,4.279600537864993,1.8256935086254196,-1.9805463208385852,0.5028846760172742,-1.3228088326081453,25.785059411966664,0.12399271269042315,3.0,3.0,0.15789473684210525,0.5789473684210527,2.0099687817589618,7.304172127197729,2.7639287505588275,1.9107583351188464,0.6111111111111112,1.0,0.8872092067101551,1.033272196442946,0.9366052779123718,0.55,0.45,-2.248450289154379,3.2305046468648224,1.865921393680115,-0.338680125836075,4.86158684049113,1.692768204638711,-2.0481874226996,-4.129276809225945,-0.321196745624337,1.687771911366814,-0.5321488976018292,-5.748615482812875,-5.370131336329979,-2.146922682938932,0.22608528176276108,0.5814483348929445,2.892028052986921,0.6891173306186404,-0.16814298449389176,4.646480550586764,0.17258787404073805,1.8770492194010977,3.5815105647614573,4.279600537864993,2.4617620803264666,0.6439236227879404,-0.2365793388047583,-0.41408067843808427,-0.5915820180714103,-2.136659768037113,-3.909666919724878,-5.034540371091698,-2.27061162053287,0.49331713002595734,2.0867682731162334,2.119582606248438,2.152396939380642,0.7969450809049567,-1.1138132542138894,-3.024571589332736,0.6492448380833588,-3.824647838462667,-7.021807301836141,-0.8073488377774005,23,0.21904761904761905,0.25
c330f0d8-a6ff-4ddd-940c-4d263df8bea6,frontierscience,deepseek-ai/DeepSeek-R1-Distill-Qwen-32B_reasoning-auto,chemistry,,deepseek-ai/DeepSeek-R1-Distill-Qwen-32B,0,is_correct,False,,0.5,True,,,,26,-2.7036476060006462,-2.75393482617602,-0.0502872201753739,2.3541237044435475,8.363025960908558,-4.336426223040193,4.026599737868365,0.17432525467501772,-0.4358075731561772,0.029937636436678423,-0.1443876182383393,65.49585936820947,0.0007677923560429292,13,12,0.21052631578947367,0.15789473684210525,1.5824913968641727,6.780534564044385,8.363025960908558,6.195032369787229,0.16666666666666666,0.2222222222222222,6.138045562875991,0.9702844015918479,1.0528219221292503,0.55,0.45,10,-2.029968022627995,0.5629694801086795,2.5929375027366746,1.9944738609782289,7.9649525280644555,-3.017715248354688,4.947237279709768,0.9826497703079984,-1.317827652484183,0.519724945216017,-0.4629248250919814,31.066225109701048,0.08346483982461642,7.0,5.0,0.10526315789473684,0.5263157894736842,3.5806847284633676,4.384267799601088,3.4886026511688812,3.407866317477976,0.0,0.16666666666666666,1.6377628477887949,0.8548445528716776,0.8162393280685372,0.45,0.55,-2.7036476060006462,1.6226187159239003,1.0652302465333392,-4.336426223040193,4.026599737868365,-2.168432631918864,3.7143345433592225,0.45967521655077137,-1.7244407613061856,-1.0763643828943836,2.0341943516627508,1.0587733389328884,-3.6621392821135252,-0.1403514929255564,1.8752407169078278,-2.49070123620963,2.2910063557964935,0.5925054481959757,0.6655093601054238,-2.75393482617602,-2.029968022627995,1.4586346285408864,4.947237279709768,2.305645292081443,-1.102221025396533,-0.3322252254167748,1.6314454652651935,0.9424815925605332,-1.0727995618374422,-2.343206922564452,-3.017715248354688,-2.637842943905055,-0.939994851655586,-0.15571563163259128,-1.198574156062553,-1.4945229719170747,0.8237121922424082,2.762186924580201,1.6625782023444404,0.5629694801086795,-0.6010621394626784,0.12290466408534684,2.7158421668220214,-1.3420222944191025,36,0.08,0.26666666666666666
676e50c1-cea4-4361-81e1-d4409a23422c,frontierscience,deepseek-ai/DeepSeek-R1-Distill-Qwen-32B_reasoning-auto,biology,,deepseek-ai/DeepSeek-R1-Distill-Qwen-32B,0,is_correct,False,,0.3,True,,,,15,-2.4228788773953767,-0.02446102563390795,2.3984178517614687,2.2159764339373687,7.989702627052312,-4.571661568060346,3.4180410589919656,1.1888078102706399,-1.147580721811026,-0.17781145621656402,-1.3666192664872039,51.031642834766124,0.0469986408144303,10,10,0.2631578947368421,0.5789473684210527,4.547200542426438,3.4425020846258736,5.473231164255133,3.636883574207342,0.0,0.8888888888888888,3.7505285557555785,0.8902845767168289,0.9291985326209335,0.45,0.55,7,2.535557446783686,-0.08043823258459273,-2.615995679368279,1.7212118440475266,6.414215989165271,-3.8786585423815847,2.535557446783686,1.332779912242252,-1.0209626605833468,-0.7945094627597914,-2.1272893750020434,13.263260682449928,0.19723624092149444,3.0,1.0,0.0,0.6842105263157895,3.7982203097969918,2.615995679368279,1.2557495766352509,1.3558853400042303,0.7777777777777778,0.5555555555555556,0.392347797791403,0.6086838903876389,0.7379006911349596,0.5,0.5,-2.4228788773953767,3.0503522868597566,1.6479614221457894,-1.056568358541488,2.5330296110728234,3.4180410589919656,1.1517175287610084,-1.9965155766906166,-0.28437000660231515,0.038266001056807136,-1.8268619974931197,-4.571661568060346,-0.8574160959062587,1.4654941910186656,1.0941494952323725,-1.7483937998313421,3.4066799391973905,-0.23020363500995167,-3.5646397112539456,-0.02446102563390795,2.535557446783686,1.785677102062844,1.035796757342002,0.2859164126211602,0.6463458402257184,1.2288372222953567,1.811328604364995,1.5825245619738602,0.9480728073523388,0.3136210527308174,-0.6815474945820571,-2.0374328345862875,-3.3933181745905148,-3.8786585423815847,-2.6229089657463343,-1.3671593891110834,-0.3080559782660728,-0.23218339637224622,-0.15631081447841946,-0.08043823258459273,0.1721269867933002,2.7321454592108942,0.11614977984261543,-3.274546585370505,22,0.1523809523809524,0.3333333333333333
7c94f50a-0896-450f-8d55-00c98aca5158,frontierscience,deepseek-ai/DeepSeek-R1-Distill-Qwen-32B_reasoning-auto,chemistry,,deepseek-ai/DeepSeek-R1-Distill-Qwen-32B,0,is_correct,False,,0.4,True,,,,7,2.5554827924620764,4.924206223731287,2.3687234312692103,2.3022999885462863,9.393182241382284,-4.4689760176509985,4.924206223731287,-0.837093382716402,-0.39173642375294415,0.1214086310224185,0.9585020137388205,25.51228459440365,0.09284638631652813,3,4,1.0,0.15789473684210525,9.393182241382284,0.0,2.3181954525554933,2.341486270037692,0.9444444444444444,0.1111111111111111,0.6106274805721803,0.7867556280162014,1.180423470973747,0.45,0.55,22,-2.483970259705112,-0.04053222753953811,2.4434380321655738,2.1564594102358656,8.24597382911058,-4.270902230990189,3.9750715981203912,-0.21607927738064195,-0.06344089138408826,0.259447134732995,0.475526412113637,56.64146773396703,0.04313867789658778,12.0,12.0,0.8421052631578947,0.47368421052631576,4.230370003450651,4.015603825659929,6.01587890615649,6.71872035974264,0.5,0.4444444444444444,5.590641125709998,0.8532168329168313,0.873214751564588,0.45,0.55,2.5554827924620764,0.21399652242438494,-2.1274897476133066,-4.4689760176509985,-2.958465553667148,-0.6775557428789902,1.6033540679091676,1.8907606514366013,1.1814156213336722,0.472070591230743,-0.32505025035315654,-1.209946903418028,-2.0948435564828976,-2.656561120017544,-2.5719205044917413,-2.487279888965939,-2.030380133935188,0.2878153186203001,2.6060107711757934,4.924206223731287,-2.483970259705112,-2.069633854728681,1.886397809752149,-0.15755380752069242,0.9264547243833574,2.5891557182520604,-2.2034052720975748,0.4915157766109699,2.4478181287524516,-4.270902230990189,1.744976675166301,-3.8604408165270967,0.5251509443522796,2.477795282946666,-1.1679049250883837,-0.6156281976581033,3.9750715981203912,-0.3175925856867714,-0.2767308537496245,-0.04053222753953811,0.0658454884708975,-7.342330994965501,-4.898892962799927,-0.2109520750758449,29,0.2857142857142857,0.12554112554112554
7e32b7a6-9340-4a41-8c1f-89a0a91a6d3f,frontierscience,deepseek-ai/DeepSeek-R1-Distill-Qwen-32B_reasoning-auto,biology,,deepseek-ai/DeepSeek-R1-Distill-Qwen-32B,1,is_correct,True,,0.825,True,,,,20,3.2136488372193304,7.572408843031751,4.358760005812421,4.090775656251643,15.267101426930797,-7.694692583899045,7.572408843031751,0.2148318964641442,-2.1537810564696587,2.262107353339767,2.047275456875623,112.1167018026721,0.038876990990012676,15,16,1.0,0.5789473684210527,15.267101426930797,0.0,10.268688716297394,9.570208638792426,0.6111111111111112,0.2222222222222222,11.22004657529383,1.7954705127687887,1.7954705127687887,0.45,0.55,10,-3.2190734391817584,1.3233780101278019,4.54245144930956,2.907275413724522,9.389990074260304,-5.684948669078265,3.7050414051820395,1.4276182002806237,-0.2683501342642546,-1.1861903376284026,-2.6138085379090263,39.22556662523226,0.11580333542938753,4.0,5.0,0.6842105263157895,0.8947368421052632,7.008326679206067,2.381663395054238,3.504163339603034,3.549880864595986,1.0,0.3888888888888889,1.5021523605006923,1.301379253562808,1.2514925317455996,0.55,0.45,3.2136488372193304,-1.7796121926740234,2.7697003937207034,-4.265432499650424,5.1997004637310935,-4.370508175061333,0.736326447963662,-1.9518050104832632,2.8371216934766634,-3.54092626921451,-5.303904890827632,-7.694692583899045,2.5739961323983485,-1.9962564667381748,-1.5226096092478094,5.499249234981703,-1.7759753818826247,5.507258208852519,-1.7076871756969367,7.572408843031751,-3.2190734391817584,-0.3324407594567851,2.554191920268188,3.1330351229407483,3.4234046409817562,2.7143847921653625,1.719825124246855,-0.9782820081233041,-4.52816287271929,-4.215659266420723,-0.8132480834065152,1.7353095709979112,3.2165503146400987,3.7050414051820395,2.2080331895234786,0.29443098018191816,-3.0772502070501178,-5.684948669078265,-2.1807853294752317,1.3233780101278019,1.728609620221805,-9.062872661991705,-4.520421212682145,-4.957169581767289,30,0.12105263157894737,0.2
1875e781-bd89-4528-8bc3-94b7b436402f,frontierscience,deepseek-ai/DeepSeek-R1-Distill-Qwen-32B_reasoning-auto,chemistry,,deepseek-ai/DeepSeek-R1-Distill-Qwen-32B,0,is_correct,False,,0.0,True,,,,241,-2.539452509668942,0.2086351634817717,2.748087673150714,2.2650797232983066,7.143438289284171,-3.4749344209340816,3.668503868350089,0.3829274530320154,-0.36798113503473145,0.9669918543420173,0.5840644013100018,50.350424812256946,0.054579235098762044,12,9,0.10526315789473684,0.6842105263157895,3.6835695844158534,3.459868704868317,6.903448465378116,5.317426146342532,0.05555555555555555,0.2777777777777778,4.793218082431398,1.1375731599894119,0.8422443923877573,0.65,0.35,9,6.00447884171808,3.7617748330362533,-2.2427040086818266,2.59773126064243,10.916771191604823,-4.9122923498867435,6.00447884171808,-0.048751845324966805,-1.6998496333398345,0.9912787719384119,1.0400306172633786,23.487527731271154,0.0954848902933238,3.0,4.0,0.0,0.3684210526315789,8.674067182922997,2.2427040086818266,1.5053387207505846,3.1571974117183452,0.4444444444444444,0.0,0.6580157788265207,0.8766310217323969,1.1912579076835539,0.35,0.65,-2.539452509668942,-3.2349445970280266,3.668503868350089,3.666460824294246,1.308028584440717,2.5646610735892783,-2.752765072753254,0.8104931398624129,2.4388230102006854,0.0496029042516124,-0.8139953716435868,-2.7010156804682848,1.1151584734881221,-3.4749344209340816,1.7406723722913555,-1.3277801952589705,0.4105711637250573,2.8380260627823994,1.9318265590304904,0.2086351634817717,6.00447884171808,2.8472814299997347,-0.30991598171861057,-1.5664068115329335,-1.6824736922048429,-2.118720352395216,-3.5155063511409796,-4.9122923498867435,-3.7697192190732034,-2.264380498322619,-1.0441552409343398,-0.10904344690836609,0.587407830466131,-0.38676450871970125,-1.3609368479055353,-0.784842852927988,0.3080065867706854,1.4285223307592863,2.5951485818977695,3.7617748330362533,-1.0078044297956965,4.788039248440612,2.545335239758785,0.7528748739533881,250,0.008437067773167358,0.25
70c1246f-0a17-4f59-84a2-3699aa395d4d,frontierscience,deepseek-ai/DeepSeek-R1-Distill-Qwen-32B_reasoning-auto,physics,,deepseek-ai/DeepSeek-R1-Distill-Qwen-32B,0,is_correct,False,,0.0,True,,,,182,2.6586856009258657,-0.008107954605320107,-2.6667935555311857,1.8050273010584075,6.827777235518771,-2.7150042796997846,4.112772955818986,1.1313913415419004,0.8840956360377449,0.4036491510486948,-0.7277421904932055,41.70126481126989,0.06394994414678945,12,11,0.6842105263157895,0.5789473684210527,2.7068963250944647,4.120880910424306,3.72183827218249,6.425658924874206,0.7777777777777778,0.2222222222222222,4.046929509470515,1.1517884780924323,0.32527329062494825,0.7,0.3,26,-2.450186162768923,2.7653876204161483,5.2155737831850715,2.484248935460401,8.867662956218728,-4.236800229492923,4.630862726725805,-0.4898193536735813,-0.08588578648306859,0.5536278837056587,1.04344723737924,69.2647928222853,0.07529905989276285,14.0,15.0,0.8421052631578947,0.6842105263157895,7.002187849909071,1.865475106309657,7.504666928955704,6.551266171159537,0.8333333333333334,0.8888888888888888,7.0551224690911525,1.0374372525745557,1.0728456865176854,0.55,0.45,2.6586856009258657,2.6503728049010005,0.32636684283381184,0.7948495137052971,3.9061629393596724,-2.519495985514534,0.1027976745821895,-0.13781028647572935,0.023469752483355366,1.85430796518492,2.29005091118768,-2.7150042796997846,0.7608824337647869,4.112772955818986,-1.013936788950365,2.707901483232125,0.6205900352400961,-0.11111051725323196,0.2265586486288642,-0.008107954605320107,-2.450186162768923,1.764029675523982,1.7319769801873075,0.24692498995478562,-0.7439657427905854,0.21673078043243343,-4.194245996254069,1.272673752346564,1.4651656292516742,-3.1857533384055046,3.2045346080658703,-0.13785485735709102,1.0168339302099296,-4.236800229492923,2.4336243583766124,-2.8738042022298984,4.630862726725805,-1.920403444433732,-1.7138997566209828,2.7653876204161483,0.0020517278387070068,-2.440026480324896,2.7755473028601756,-2.226218844327299,208,0.011596138667961872,0.07692307692307693
783fc5fc-cf8a-44be-9c48-3b8f86e96720,frontierscience,deepseek-ai/DeepSeek-R1-Distill-Qwen-32B_reasoning-auto,chemistry,,deepseek-ai/DeepSeek-R1-Distill-Qwen-32B,0,is_correct,False,,0.0,True,,,,13,-3.168584213609263,4.529650642899229,7.698234856508492,2.6313353501633916,8.522827086967409,-3.9931764440681796,4.529650642899229,-0.04664229769065458,-0.7666024508421764,0.6587117353219653,0.7053540330126198,47.453365010373176,0.162227375336305,8,7,1.0,0.7368421052631579,8.522827086967409,0.0,6.050007456170477,6.073993723616379,0.2777777777777778,0.7222222222222222,3.6778345792167815,1.1761992507544903,1.2632213921443913,0.55,0.45,15,-1.6427015148759176,0.6337990728727502,2.276500587748668,2.787441697919216,10.091080249268149,-5.888610172941511,4.202470076326637,-1.2623056903141912,-0.2862801242710051,1.7905735513699907,3.052879241684182,47.3320236288417,0.04809641365854229,7.0,7.0,0.3684210526315789,0.21052631578947367,6.522409245814261,3.568671003453887,4.429901785316472,5.543211768029351,0.2777777777777778,0.3888888888888889,2.949989332638322,1.1800552688123158,1.184888238506137,0.6,0.4,-3.168584213609263,1.6343356647281304,3.6316780694862034,1.7012120112332263,-2.232730624413474,-3.9712072237149414,2.078800232455536,1.079034191875389,-2.9731825120340796,-1.8286022804376805,-1.829976641780614,-2.9773055960628843,1.0829984029964352,2.0808172795481994,-3.9931764440681796,-2.289662306766712,1.3361357724996665,1.6108404600608806,2.7584822873069066,4.529650642899229,-1.6427015148759176,2.6516049003272153,1.2884360757306368,-2.8099134375772334,-5.888610172941511,-3.4324287340895,0.9974730512269723,4.202470076326637,-1.3407416917027133,-4.520738005591966,-3.639962550346281,0.5444067718505681,2.548924135084835,0.20168039448188457,-0.42266866299761907,2.621874335568771,2.9265446401494826,2.8398295335069075,2.1440623891196546,0.6337990728727502,-1.1873463780384563,-7.359698535813603,-5.083197948064935,1.457492734214668,28,0.15384615384615385,0.19047619047619047
3182a1e3-e9ad-4d4b-8ef8-de88a9f811b8,frontierscience,deepseek-ai/DeepSeek-R1-Distill-Qwen-32B_reasoning-auto,physics,,deepseek-ai/DeepSeek-R1-Distill-Qwen-32B,0,is_correct,False,,0.43,True,,,,11,2.7114107566523287,-4.456043945457703,-7.167454702110032,2.2708061023307633,9.078433233662452,-4.456043945457703,4.622389288204747,-0.3809076552899998,0.6441893370859189,-0.1847315628808285,0.1961760924091713,44.8646443827005,0.1597573055738686,8,9,0.8947368421052632,1.0,0.0,9.078433233662452,3.7586966591831183,4.975948894516201,0.8888888888888888,1.0,2.6750045228780115,0.8654847651050993,0.8287556453407763,0.45,0.55,19,4.78516915792937,-0.12624515279505164,-4.911414310724421,1.9101197961603145,9.406005734424276,-4.620836576494906,4.78516915792937,0.11181796017576946,0.061694253524785136,-0.20243091598397878,-0.3142488761597482,39.517880119501335,0.12428334454865482,10.0,9.0,0.0,0.10526315789473684,4.4945914236998545,4.911414310724421,5.664985369087311,4.742489226950163,0.1111111111111111,0.05555555555555555,3.062647437775554,0.678590887755451,0.6785908877554506,0.55,0.45,2.7114107566523287,-1.2013751128077703,-4.349143081485531,-0.6117499431222377,1.9257106638988386,-0.3365588544489668,-0.8046480157166604,2.9136836562025965,3.6128338565278098,-0.21678815053805955,-1.5509179533171122,-0.3895555518093423,0.0722868683250417,0.06778263421049989,-0.7476671852926495,-1.9106651128194925,0.8636926290216289,4.622389288204747,0.5199049490584979,-4.456043945457703,4.78516915792937,0.12165265045525686,-4.620836576494906,1.044148792592405,0.5388539585447985,1.658254919948859,-2.744517181745397,-0.4538163216392048,0.9966394830127923,1.2831466914624081,0.00971161596011072,-1.599431269717522,-0.25229762469623035,0.44790720029114195,0.873250142500533,-2.2054181460598774,-1.563859820396553,1.8130831424113458,-0.005395661564269346,-0.12624515279505164,0.3235916704467731,9.564804773833846,4.6533904631094245,0.06590008875237174,30,0.18181818181818182,0.13450292397660818
1b340ded-5f04-4f7f-b8ca-d0887b292332,frontierscience,deepseek-ai/DeepSeek-R1-Distill-Qwen-32B_reasoning-auto,biology,,deepseek-ai/DeepSeek-R1-Distill-Qwen-32B,0,is_correct,False,,0.34500000000000003,True,,,,16,2.898607687410232,2.4579413417125284,-0.4406663456977036,2.7352773688692076,8.05850754618743,-3.9234839649935935,4.1350235811938365,0.008466457392638484,-0.0641706696528107,0.12427316856447283,0.11580671117183435,58.63994401140629,0.007514781146653001,9,8,0.2631578947368421,0.5263157894736842,6.381425306706122,1.677082239481308,7.7073342644860965,7.628813584080994,0.2222222222222222,0.5,4.983943915508233,1.233342519104987,1.2155570428267053,0.4,0.6,11,5.15828351764347,2.517203177857068,-2.641080339786402,2.5294018845730695,9.43979637442629,-4.28151285678282,5.15828351764347,-0.6625937151411672,-0.10238499886384107,0.35384452104089464,1.0164382361820619,49.471183302849425,0.0533862374711842,9.0,8.0,0.0,0.8947368421052632,6.798716034639888,2.641080339786402,5.07341410283462,5.045602652702542,0.3333333333333333,0.8888888888888888,3.5425972793629503,1.0030723135193214,1.1646615071088058,0.5,0.5,2.898607687410232,2.5903407061553,-0.3421560740806777,-3.4093470251089313,-3.57231068329226,4.1350235811938365,-2.24089299052903,-0.9507804289006732,3.150445574274943,3.7053296190874008,-3.9234839649935935,-1.7798227516632967,-0.12860294694883545,-0.5222797884256203,-1.8412613919841365,3.8858137932222956,1.843348079043201,-2.134018396819003,-3.4661844137880484,2.4579413417125284,5.15828351764347,1.271128794036347,-2.1345022180652062,-1.2064198266166228,-0.9401241415464376,-3.3209752819898535,-3.4655468494498676,1.607867253384752,2.6813554425456405,-2.245045238804087,-2.8809274237510367,0.7737088877048048,0.8378959383686231,-1.4915498514955847,0.38523159816388786,4.0646818647621075,0.7640897959197224,-4.28151285678282,-1.3266264536745975,2.517203177857068,-0.004226892481366368,2.6961152834495756,0.05503494366317341,0.0008482314906572697,27,0.16666666666666666,0.18181818181818182
09d32726-331e-4c45-98f4-b01a913bb623,frontierscience,deepseek-ai/DeepSeek-R1-Distill-Qwen-32B_reasoning-auto,chemistry,,deepseek-ai/DeepSeek-R1-Distill-Qwen-32B,0,is_correct,False,,0.0,True,,,,36,2.672772990529696,0.11652211054785007,-2.556250879981846,2.365333970156186,9.08021707849737,-4.775340623217832,4.304876455279539,0.5008383381029916,0.052168396688582676,-0.1558704520708459,-0.6567087901738375,45.61023444078491,0.05604555449721682,9,8,0.6842105263157895,0.5263157894736842,4.891862733765682,4.188354344731689,7.086697559700501,4.970636270115631,0.5555555555555556,0.7222222222222222,4.152635150703775,1.0099728040103577,0.8631815824545607,0.45,0.55,7,0.06574534065491987,2.646844402191145,2.581099061536225,1.9850722393663947,7.762658590433774,-3.74502274649174,4.017635843942034,0.14281553505454184,-0.5707905139796209,0.023411204737844155,-0.11940433031669768,30.00463190760468,0.08602335364367676,5.0,6.0,0.3157894736842105,0.5263157894736842,6.391867148682885,1.3707914417508889,2.2470156034625903,3.0305985966773044,0.2222222222222222,0.3888888888888889,1.1113554523295763,0.7345771076292837,0.8773449888317083,0.45,0.55,2.672772990529696,1.6070640431364316,-0.7687950487428372,3.2066449943727573,-0.5352062727124147,-0.6981271246120144,-1.9784852152506776,-4.051997945868392,-0.40766469118551285,-0.7253607550876386,-4.775340623217832,2.311356936482669,3.7093094004172453,4.304876455279539,-0.6657598148360924,2.2524983300093298,0.018410819431637915,-0.8646730088653861,-1.792221148712415,0.11652211054785007,0.06574534065491987,-0.696776882457783,-1.459299105570486,-2.2218213286831885,-0.476395362983147,1.7706202404794436,4.017635843942034,2.7462419806446956,-0.28435661603260876,-3.3149552127099122,-3.74502274649174,-1.574559217378083,0.5959043117355689,1.5812139023747336,0.19621561606491,-1.1887826702449136,-2.0803272608876093,-0.5046033731946935,1.0711205144982259,2.646844402191145,0.02465334167321085,-0.026123428219719358,2.5549756333165057,-1.6370047686824059,43,0.06349206349206349,0.3333333333333333
4c2bdcf2-82c0-4190-b2fc-9696d2ef499a,frontierscience,deepseek-ai/DeepSeek-R1-Distill-Qwen-32B_reasoning-auto,biology,,deepseek-ai/DeepSeek-R1-Distill-Qwen-32B,0,is_correct,False,,0.0,True,,,,15,2.6506268450799153,0.8287998069442175,-1.8218270381356978,2.579774285184147,8.644515331305547,-3.795975703909689,4.848539627395858,-0.8753879337134745,0.771540691767985,0.44270964246929917,1.3180975761827736,55.34806166203726,0.032915823669851706,10,10,0.5789473684210527,0.42105263157894735,4.624775510853906,4.01973982045164,5.077507399287972,7.648281225806305,0.16666666666666666,0.2222222222222222,4.424053823364181,1.13872417247503,1.0422578144151617,0.45,0.55,8,2.218698781358969,2.5079396155166784,0.2892408341577095,2.657088094950297,9.832384612954979,-4.569825907195395,5.262558705759584,1.5995322407509143,-1.608392897474212,-0.6395670551967226,-2.239099295947637,39.16828679502665,0.00738456689901575,5.0,6.0,0.2631578947368421,0.7368421052631579,7.077765522712074,2.754619090242906,3.414166345978379,4.3213178342207375,0.16666666666666666,0.3333333333333333,1.6753525207090698,0.9919129090634395,1.1868842554756103,0.45,0.55,2.6506268450799153,-2.9644939633813427,-3.571381493163683,-0.5667620278628713,4.5107453714251005,-3.1375358543812046,-3.0489144137102344,1.1063255991172967,-3.795975703909689,-1.5665672916243865,1.973024255034078,4.848539627395858,3.010208863050867,-0.17477050668812888,-0.7178493199324347,2.2546967928225246,-1.2285512611722456,-0.07235445247701078,1.5915162886307443,0.8287998069442175,2.218698781358969,0.46503340952477146,-1.288631962309426,-1.5657739861971733,1.8483923597812058,5.262558705759584,4.256448377338469,-0.06486945688226875,-4.386187291103006,-2.850623314362243,-0.33891236912789857,1.4364783088203419,-1.2060526169480226,-3.8485835427163866,-4.569825907195395,-2.7293501899552597,-0.8888744727151288,0.3924925436069532,1.4502160795618158,2.5079396155166784,0.4290313417076745,1.818930316122426,2.1081711502801355,0.13831360202745913,23,0.19047619047619047,0.2857142857142857
7fbca2d0-9e5c-48f8-953c-acab7e25598c,frontierscience,deepseek-ai/DeepSeek-R1-Distill-Qwen-32B_reasoning-auto,physics,,deepseek-ai/DeepSeek-R1-Distill-Qwen-32B,0,is_correct,False,,0.4,True,,,,126,-2.546013257462468,5.029314597771841,7.57532785523431,2.334174860851742,8.724864637099142,-3.6955500393273013,5.029314597771841,0.1649236406404082,-0.4642201096005433,-0.38464693715820397,-0.5495705777986122,56.55154955758022,0.1339543817012686,12,11,1.0,0.7368421052631579,8.724864637099142,0.0,5.772742608716781,7.269739067083744,1.0,0.1111111111111111,4.9418324353835414,0.8339940085919413,1.0541418538754497,0.4,0.6,55,-2.273621259821875,2.8327416207867286,5.106362880608604,1.886132083033108,6.9863442603583366,-4.1536026395716075,2.8327416207867286,-0.7515820911821542,-0.08168735304360908,0.8748472889477581,1.6264293801299123,45.211859738464526,0.11294299571278872,10.0,11.0,1.0,0.3157894736842105,6.9863442603583366,0.0,5.788675121392008,4.936264063407608,0.3333333333333333,0.2777777777777778,3.9461486709706994,0.7440764180894059,0.7732665368840956,0.45,0.55,-2.546013257462468,1.434222716925137,3.6604472647617445,-3.6092918023219993,-1.7456831991841368,3.783278919923382,0.1775048418411984,-2.0912475650636946,1.109275969293396,-0.4171249772025509,-1.197985723758304,1.3728392011118458,-1.8211347894209327,-0.2041628821635625,-3.6955500393273013,0.11299666021027921,-2.238225798143641,-0.7729890325154622,-0.7434280109449394,5.029314597771841,-2.273621259821875,2.0307808020135183,-1.6890259702036312,-0.9963836769444212,1.038116682416937,0.7826614238359997,-4.1536026395716075,1.6350724818204005,1.8034667929684716,0.6937419236055868,-0.35254837438151077,-0.6465408135450004,-3.6252017970673185,-0.07980168470589266,2.7236080519184114,-1.2644267812891865,1.3413385824220645,-0.0009974110946542325,-0.3831803290568148,2.8327416207867286,-0.05999294753373253,-7.362928805127449,-2.2565659245188456,-0.5695995767066577,181,0.017142857142857144,0.03636363636363636
0eb69a4c-0774-46b6-87dd-6686f639b7fa,frontierscience,deepseek-ai/DeepSeek-R1-Distill-Qwen-32B_reasoning-auto,chemistry,,deepseek-ai/DeepSeek-R1-Distill-Qwen-32B,1,is_correct,True,,0.77,True,,,,10,-2.0647169894538946,4.8773303446653395,6.942047334119234,3.692381711861106,14.960585430523938,-6.118040256053702,8.842545174470235,1.526446453790461,-0.4305614695991382,-1.525252951311936,-3.051699405102397,60.87604517295094,0.11403578064896691,6,7,0.10526315789473684,0.8947368421052632,10.995370600719042,3.9652148298048955,5.497685300359521,6.435005816028307,0.9444444444444444,0.16666666666666666,2.79051436801816,1.4774472975365343,1.5514634384631525,0.4,0.6,3,-2.887422190553771,-3.0424262102691984,-0.15500401971542743,2.6897050062209478,8.508207737861813,-3.0424262102691984,5.465781527592615,-0.10302095117164255,4.253819610598418,-0.681301312613364,-0.5782803614417215,16.8614114560082,0.00919282588648266,1.0,2.0,0.47368421052631576,1.0,0.0,8.508207737861813,0.92813374646071,0.944449959062335,0.3333333333333333,0.9444444444444444,0.1040324280846143,1.8725837055230432,0.6241945685076808,0.6,0.4,-2.0647169894538946,3.3889140925081707,8.842545174470235,3.7284990137741936,-2.706506802254113,-1.7719060017357906,1.2682966892244245,-0.0032056451892419346,-3.4305604922898505,-4.053510281625373,-2.432936024748828,-0.12240136322772988,3.0505838040990527,3.9780997157880034,0.4146771162012701,-2.817086466559721,-4.88804349043062,-6.118040256053702,-0.6203549556941814,4.8773303446653395,-2.887422190553771,-1.9592884440930614,-1.031154697632352,-0.10302095117164267,0.8251127952890669,1.7532465417497765,2.6813802882104856,3.6095140346711956,4.537647781131905,5.465781527592615,5.457623421291803,4.513173462229469,3.5687235031671363,2.624273544104804,1.6798235850424694,0.7353736259801353,-0.20907633308219697,-1.1535262921445293,-2.0979762512068643,-3.0424262102691984,0.8327851758514739,-6.931967359367636,-7.086971379083064,-7.20512375080083,13,0.3111111111111111,0.6666666666666666
3f380f88-7221-4320-a168-348d9a77db2e,frontierscience,deepseek-ai/DeepSeek-R1-Distill-Qwen-32B_reasoning-auto,physics,,deepseek-ai/DeepSeek-R1-Distill-Qwen-32B,0,is_correct,False,,0.0,True,,,,17,3.077648703761133,-1.6584572638041823,-4.736105967565315,2.499306319061786,7.8615037158002785,-4.522395401703455,3.339108314096823,1.7180132086234075,-1.133439737011698,-0.7081580822132102,-2.4261712908366175,55.336955681504364,0.08558667366568369,10,9,0.2631578947368421,0.7368421052631579,2.8639381378992725,4.997565577901005,5.6724841763464635,6.237360362777107,0.7777777777777778,0.0,4.74189949602678,1.08313505442559,1.0909817640254544,0.55,0.45,14,4.213237150570281,-0.7327722490440838,-4.946009399614365,2.4811279495474774,8.592061917093469,-4.378824766523188,4.213237150570281,-0.23851307010373218,-0.711137662183832,1.146800943945811,1.385314014049543,49.864858841931714,0.0991882763629771,8.0,9.0,0.0,0.6842105263157895,3.646052517479104,4.946009399614365,4.676536835113436,6.3484667100582675,0.7222222222222222,0.6666666666666666,3.737916515744596,1.0344314531401078,1.022768926257012,0.5,0.5,3.077648703761133,-3.159711659015974,0.6678671147844382,2.681749252355999,2.789311864776262,3.339108314096823,2.6301188696051723,-3.56408269213932,0.9823783498255096,1.5448733047296879,-0.24370832759460037,-2.231165344940531,-4.166842202905729,-0.25553124605690325,-4.522395401703455,1.1500887746430086,0.7084439284897313,-2.017741142348396,2.091112611444032,-1.6584572638041823,4.213237150570281,-0.6811666243247725,-1.3038767888212204,1.125059523476588,-3.7636664353659413,-2.5979043753868947,1.3387260591258345,-0.2971700111254152,-2.584586824330385,-3.544174951792269,0.887548455376491,2.969602519572863,1.9696419435350796,-4.378824766523188,0.2977120685902479,4.03549367648077,3.06399316221917,0.7876145038548348,-0.5712354984260737,-0.7327722490440838,1.2803975070584173,7.152091921432881,2.206082521818516,-0.8331199244499352,31,0.1323529411764706,0.15384615384615385
b93b8a19-eaca-4495-946f-ba4b73e481c8,frontierscience,deepseek-ai/DeepSeek-R1-Distill-Qwen-32B_reasoning-auto,biology,,deepseek-ai/DeepSeek-R1-Distill-Qwen-32B,0,is_correct,False,,0.1,True,,,,7,2.5046492033013714,9.133183007911315,6.628533804609944,3.6024039686874345,15.531555816269732,-6.398372808358417,9.133183007911315,-1.8363869782459499,-0.29059933908077046,0.43975908754561416,2.276146065791564,50.347207353807555,0.13165643444787123,5,6,1.0,0.15789473684210525,15.531555816269732,0.0,4.944268908448726,3.3070398807525256,0.9444444444444444,0.7777777777777778,1.6337899887445368,1.1399105532128857,1.7524280380135537,0.35,0.65,7,-2.2023737427782706,2.731755600073292,4.934129342851563,2.3119182612909923,6.972131996074791,-2.490610261027866,4.4815217350469245,-2.393511847209323,1.0496100066177532,1.475011470638406,3.868523317847729,14.9038765120126,0.3310634880042538,3.0,3.0,0.6842105263157895,0.15789473684210525,5.222365861101158,1.7497661349736324,1.6834884564870638,1.7154183946139994,0.5555555555555556,0.7222222222222222,0.4375657140039494,1.014462360374041,1.0423245633895684,0.45,0.55,2.5046492033013714,-0.46302480058522466,-3.4306988044718207,-6.398372808358417,-4.527576992428761,-1.6890872125358536,1.149402567357054,0.7564216992765327,-1.2522944927907043,-3.261010684857941,-2.968422485981315,-0.37452989616081567,2.2193626936596784,2.846277793289172,-0.46076208746335245,-3.767801968215878,-5.699623717434852,-0.7553548089861364,4.18891409946259,9.133183007911315,-2.2023737427782706,-2.2984525821948023,-2.394531421611334,-2.490610261027866,-2.4837059342732157,-2.456204974284329,-2.428704014295442,-1.968627950718436,-1.2922643353473708,-0.6159007199763058,0.5640253159527573,2.247513772439821,3.9310022289268813,4.4815217350469245,2.766103340432925,1.0506849458189258,-0.21511533128399804,0.7671749791684306,1.7494652896208613,2.731755600073292,0.177569142367924,-11.157987608321662,-6.223858265470099,-8.466216882735289,14,0.3333333333333333,0.3333333333333333
222e24bf-14d4-4660-a5dd-01b2b3528cfa,frontierscience,deepseek-ai/DeepSeek-R1-Distill-Qwen-32B_reasoning-auto,physics,,deepseek-ai/DeepSeek-R1-Distill-Qwen-32B,0,is_correct,False,,0.1,True,,,,125,0.11716190614401634,2.313422901733962,2.1962609955899453,1.9129193041702814,7.611575638959517,-2.9764484715417683,4.635127167417748,0.5008547152529019,-0.40161719077828584,1.6265415315796892,1.1256868163267872,36.60580048341488,0.05999762241465018,11,10,0.8947368421052632,0.47368421052631576,5.28987137327573,2.321704265683786,5.546365443537055,4.531992116120261,0.8888888888888888,0.2222222222222222,3.370827522796021,0.9611368514619821,0.4384412584219598,0.6,0.4,33,-4.83370820327156,0.07656786491082371,4.910276068182384,2.1729071695274413,8.115516884412283,-4.83370820327156,3.2818086811407223,-0.9761144034324659,0.4647757545992338,0.3802275715352825,1.3563419749677483,44.08496421743419,0.11138210397459111,13.0,13.0,0.5263157894736842,0.0,4.910276068182384,3.2052408162298986,5.8178512182226285,6.005809688291151,0.0,0.1111111111111111,3.7586744484814747,0.7657624012047598,0.8306626568358062,0.6,0.4,0.11716190614401634,-0.07220931337684125,0.026818299639128934,-0.7468216996557775,4.3723535606937665,-0.1596385554264947,-0.03168119124748469,1.7110844336017612,0.5083598216368664,-2.9764484715417683,-2.89223791964191,-0.9785497414296129,0.0815760155537788,1.7348955263728842,2.420180374015468,0.35744470871065515,-0.911238276119307,4.635127167417748,0.9443123137196086,2.313422901733962,-4.83370820327156,0.9841430149510679,1.6627448306968318,-4.343064857594319,-2.1443155305387247,1.8671862723232495,-0.025786350593807343,0.15908175763861104,-0.9648171689868246,3.272556964673506,3.2818086811407223,0.31545663820041536,-3.2221781770925038,0.41152158662071026,-0.8180655225096811,0.6378410047284954,2.491557258214862,-0.26131732612870273,0.1547821499958978,0.07656786491082371,-0.09497353278220436,-7.242104637787726,-2.3318285696053422,-0.5975042568826652,158,0.016,0.07765151515151515
9557097c-9285-46d9-b1fc-51a256d87913,frontierscience,deepseek-ai/DeepSeek-R1-Distill-Qwen-32B_reasoning-auto,physics,,deepseek-ai/DeepSeek-R1-Distill-Qwen-32B,0,is_correct,False,,0.2375,True,,,,11,2.509439677859931,2.4475974090163892,-0.061842268843541603,2.3460065793804854,7.8926820154886705,-4.541942610261046,3.3507394052276243,0.3830841131319246,-0.23001479557001353,-0.5264431221995122,-0.9095272353314368,45.562130585173556,0.001357317317019099,7,8,0.5789473684210527,0.8947368421052632,6.989540019277435,0.903141996211235,3.8762486446851834,3.8959171593666,1.0,0.0,2.6844842195163676,0.970548580918013,1.074907256431198,0.4,0.6,25,2.5752596185055046,2.6504873697790137,0.07522775127350911,1.1398665031041915,4.441923491113211,-1.7914361213341967,2.6504873697790137,0.08996871260123707,0.025778006849528,0.09625218196527285,0.0062834693640357875,22.085043410886215,0.003406275906907553,11.0,6.0,1.0,0.9473684210526315,4.441923491113211,0.0,4.441923491113211,3.675314274475183,1.0,0.0,1.895088107323399,0.4138961915312798,0.34450918513393025,0.25,0.75,2.509439677859931,-1.3864774815066694,-4.5064772193662295,-0.6432201636624155,2.4578767233537575,2.5103329356193647,1.7401143196257334,-0.9496788956394653,-2.5421501859945246,-2.4886385889843705,-0.5243420585769902,3.3507394052276243,2.648705474425481,-1.10473871944785,-0.5932094154985188,1.7461656732319804,-0.7886185540170843,-4.541942610261046,-1.4286512356687942,2.4475974090163892,2.5752596185055046,-1.1000546559696789,-0.19738010681095863,-0.6220471760106017,-0.016215124908183887,-0.0049934246357216765,-0.004788141961700318,-0.10966828519793513,-0.09649594495707257,-0.6896138792767738,-0.6909878360952062,-0.0024455502838867356,1.7024851743071872,0.06717236945038313,-0.01310454666829697,-0.1218390510361264,-1.4291138575322648,1.2825192985835085,-1.7914361213341967,2.6504873697790137,-0.004375456561680615,0.1232867529274344,0.19851450420094352,-4.6958669993069115,36,0.18181818181818182,0.11333333333333333
a6176b58-f026-4fbc-9301-28190a36879c,frontierscience,deepseek-ai/DeepSeek-R1-Distill-Qwen-32B_reasoning-auto,chemistry,,deepseek-ai/DeepSeek-R1-Distill-Qwen-32B,0,is_correct,False,,0.18,True,,,,26,-2.403279854329048,2.3302318505682944,4.733511704897342,2.6570957797561254,8.148939536991378,-3.8685726859843994,4.280366851006978,-0.6886704755047354,-0.22381784914439443,0.7788845411341215,1.467555016638857,80.31318519519631,0.058938164305061866,14,11,0.15789473684210525,0.3157894736842105,6.198804536552694,1.9501350004386833,7.276213659553549,7.505601827748376,0.1111111111111111,0.16666666666666666,7.809409063937902,1.1288086280367922,1.2145141793237508,0.5,0.5,11,-2.813809731315878,2.4359644199095456,5.249774151225424,2.3475520664509277,7.4386408045514365,-3.8757928471246625,3.562847957426774,-1.15901024411434,1.9196825355372504,-0.8609355462104951,0.2980746979038449,30.582257618564256,0.1716607785044185,6.0,5.0,0.21052631578947367,0.3157894736842105,6.311757267034208,1.1268835375172284,3.81220435011236,5.039550285745858,0.1111111111111111,0.2222222222222222,1.8764203547325171,1.0775374823391022,1.0695828442042319,0.5,0.5,-2.403279854329048,3.531547700893216,-2.9958468085465713,4.280366851006978,-3.2252349767413984,-0.13967355483192406,-3.8685726859843994,2.833563733710857,0.4082807485167095,-1.2426827705453753,-2.6327526592900337,0.10265398396614778,2.602793049726559,-3.638581030095625,3.0442023093373827,-1.8350411609713682,-2.308618085139275,3.204981371259403,0.23755096175029156,2.3302318505682944,-2.813809731315878,-2.739399478327279,-2.2912098156263045,1.5209945344860554,3.562847957426774,-1.4767023283190843,-3.8757928471246625,-0.11381057640288805,2.128715127374238,2.0920559807343824,2.1681825496953526,2.357094834257149,2.416356203610627,2.389183629491892,0.4793544097960283,-2.2373276580043298,-2.774585578867497,-2.7669874629963656,-0.3020314071003516,2.4359644199095456,0.3032914694849237,-4.840750112399249,0.4090240388261748,-0.5328277184287415,37,0.08615384615384615,0.2
163a8ed3-8fc0-492f-bd91-37ef359bec8a,frontierscience,deepseek-ai/DeepSeek-R1-Distill-Qwen-32B_reasoning-auto,biology,,deepseek-ai/DeepSeek-R1-Distill-Qwen-32B,0,is_correct,False,,0.5,True,,,,14,0.0027901161502776606,2.210197986784761,2.2074078706344835,2.0068705812579837,7.544789299532986,-4.402777652774373,3.142011646758613,-0.18430020904676206,-0.6588158546015777,0.6873518373943233,0.8716520464410853,44.38916809185554,0.04972852534804534,10,8,0.5263157894736842,0.15789473684210525,6.612975639559133,0.931813659973852,6.558113537860604,4.000450702451987,0.16666666666666666,0.1111111111111111,3.706201038981019,0.7932349280662992,0.8821199991249212,0.6,0.4,13,-4.762901385023901,0.14754186543960002,4.910443250463501,1.653194749775445,6.777887313593921,-4.762901385023901,2.0149859285700202,0.05053457961910578,-0.2708987580555519,0.23051372838798975,0.179979148768884,24.325966126064667,0.2018601532624056,7.0,3.0,0.3157894736842105,0.0,4.910443250463501,1.8674440631304203,4.5793063522893975,3.8114524564527783,0.4444444444444444,0.3888888888888889,1.6512414674376448,0.48707322083637106,0.49504656477273035,0.8,0.2,0.0027901161502776606,1.5236214596521152,-0.4023269503223861,-4.402777652774373,2.155335885086231,1.7170675293958406,-1.88381185051504,1.1710108954430063,-1.2201957053006436,-3.4095718818936884,3.142011646758613,0.8487301014398478,-2.5743791639764626,-2.569316874681716,-1.1800199030341147,0.27851088519719613,1.4451293269143304,0.61676965240333,0.753523076100437,2.210197986784761,-4.762901385023901,-0.18827017822300185,1.8985845013245373,0.5025520427173717,0.2698839436422057,0.6189072043265087,2.0149859285700202,-0.5691536378774624,-4.380606094330241,0.1987002579591568,1.8172659360894607,0.47509094006066466,0.3040958663349024,0.2583154253746548,0.25002244589034517,0.24869316826177387,0.25136524943103605,0.26243795482990173,0.22302168647528162,0.14754186543960002,-0.2688952100551053,-7.241994581863768,-2.3315513314002665,-2.347908199795228,27,0.15384615384615385,0.16666666666666666
bc82c611-4407-4da9-8444-48dbf08d0bbf,frontierscience,deepseek-ai/DeepSeek-R1-Distill-Qwen-32B_reasoning-auto,physics,,deepseek-ai/DeepSeek-R1-Distill-Qwen-32B,0,is_correct,False,,0.1,True,,,,25,-2.613905574211822,5.070822505686278,7.6847280798981,2.508994978032947,8.840409935330861,-3.7695874296445826,5.070822505686278,-0.436260133633403,0.12703298797602264,0.5005282920615183,0.9367884256949213,71.87997214806428,0.10691056006627916,16,15,1.0,0.5789473684210527,8.840409935330861,0.0,7.817531305433597,6.390643332951291,0.6111111111111112,0.4444444444444444,6.983727062686675,1.0528357493495832,1.010906762711211,0.5,0.5,20,0.10764395248093735,0.11830328030240551,0.010659327821468167,3.123569049685505,9.758433545072744,-4.841187190409898,4.917246354662846,-0.18544050579595947,-0.6027229292901872,0.9195240076005039,1.1049645133964634,94.28319893565818,0.00011305649301040824,14.0,14.0,0.15789473684210525,0.6842105263157895,4.9594904707123035,4.798943074360441,9.595456603198212,7.192195470866306,0.5,0.16666666666666666,10.150443606395958,1.2540676639184811,1.2540676639184811,0.55,0.45,-2.613905574211822,2.217984300750508,0.302271766061077,1.0416446408401523,-2.508903872251611,0.5879713644399607,-2.0808835610620857,-0.872508460257527,4.511364609829296,-1.8792787231219952,1.053752849114172,-3.7695874296445826,4.047943875789015,-2.202455805876219,-0.015448134855004625,2.1841778126677047,-2.915784449475084,0.038781261813499945,-1.3593792434682848,5.070822505686278,0.10764395248093735,-0.08340019431353411,-4.392133436620221,4.917246354662846,-2.2749491162034596,-4.486859383913605,4.91436828333532,-2.1168738809267476,2.3379386117674406,-4.693486158520728,4.901970444677484,-2.129721191019791,2.32229885940093,-4.841187190409898,2.3518553442494072,0.203558276687896,-0.0627427264416383,2.6782472657937673,0.2279226050111866,0.11830328030240551,-0.189535795908797,-5.152714349114138,-5.14205502129267,-0.4449299644120508,45,0.08333333333333333,0.13157894736842105
d3acd2cb-8477-4630-b8bb-b4bc22670dc8,frontierscience,deepseek-ai/DeepSeek-R1-Distill-Qwen-32B_reasoning-auto,physics,,deepseek-ai/DeepSeek-R1-Distill-Qwen-32B,0,is_correct,False,,0.0,True,,,,99,-2.490422754185652,0.2646118924499519,2.755034646635604,2.3861472333790186,8.68479780500186,-4.011997502135249,4.6728003028666105,-0.7586172615479396,1.403830957528346,-1.4985620995798123,-0.7399448380318727,51.172010514353076,0.05383870242625806,12,9,0.6842105263157895,0.7368421052631579,4.276609394585201,4.408188410416659,5.238262439950702,8.68479780500186,0.5555555555555556,0.7222222222222222,4.731954731247226,0.8433505013333471,1.0670943376141486,0.35,0.65,10,4.682480808354727,-2.894640914749251,-7.5771217231039785,2.4508667106523996,9.07117535329392,-4.388694544939193,4.682480808354727,0.9675400453882146,-1.4793299568490703,0.44026016919507877,-0.5272798761931359,41.97623019028192,0.18050981921807233,6.0,7.0,0.0,0.10526315789473684,1.4940536301899425,7.5771217231039785,4.530852307436146,4.53558767664696,0.16666666666666666,0.0,2.1516277176372234,0.9840215580405463,1.0310699762933222,0.5,0.5,-2.490422754185652,-1.8519723211859183,1.7507727942635287,-0.2057190553456243,-1.1842141358284577,-1.0917785310933512,-0.23698682746010213,-0.24830867849745258,2.1783230052834655,-0.6909634962432714,-2.8791397811683166,2.3591226587823853,4.434982691675002,4.6728003028666105,-4.011997502135249,1.2063966813460003,-2.538649328182147,-0.06843089460490859,-3.843303446352522,0.2646118924499519,4.682480808354727,0.14689313170776686,-4.388694544939193,-0.8652244579567254,3.6656278494794208,2.9032277381603313,0.6284697929111749,-0.9449587131338822,-2.1677224995768904,-1.4859828679768774,0.7193594980575533,0.44761088465034193,-2.920501453058924,-4.003114546904813,-0.514729153023926,2.2087459972011834,2.2550352946310994,2.0229801656573287,-0.4358303745459611,-2.894640914749251,0.2952910855707324,4.713160001475508,-2.8639617216284705,-1.729805295354197,109,0.022263450834879406,0.2
1ca773ca-3f07-4426-8086-d1f3591cdf5f,frontierscience,deepseek-ai/DeepSeek-R1-Distill-Qwen-32B_reasoning-auto,biology,,deepseek-ai/DeepSeek-R1-Distill-Qwen-32B,0,is_correct,False,,0.1,True,,,,26,-2.726416861054127,6.826667867469069,9.553084728523196,2.5505509238648663,11.271036591341009,-4.44436872387194,6.826667867469069,-0.40222461753143335,-0.7662865037281904,1.278734224338545,1.6809588418699781,52.56671529586083,0.18173257877642998,10,9,1.0,0.3684210526315789,11.271036591341009,0.0,6.743444300574655,5.807102183877051,1.0,0.5,4.0528418375775175,0.9522414674663662,0.9776000926056708,0.35,0.65,16,0.9967374679030294,2.8401102952067614,1.843372827303732,2.3071551184298453,7.792564490985254,-3.320661835370199,4.471902655615055,1.1045604637287958,-1.517666366011213,0.4170103694340024,-0.6875500942947934,47.72665751420128,0.03862354757936334,10.0,8.0,0.21052631578947367,0.5789473684210527,6.1607721305769605,1.6317923604082933,5.757678600853985,4.646032012161772,1.0,0.05555555555555555,3.7009205632872173,0.9640511748578391,0.9835351298264845,0.45,0.55,-2.726416861054127,1.6042588129706008,1.1218516797908356,-2.1318015571691165,-0.9572576587807411,1.7110156640493317,-1.4372224025268165,-4.44436872387194,-0.19074481047559605,4.09808723256394,-1.7090149513131103,-1.4320898917778968,-1.4695249933752828,-0.21634938784744692,-0.07374805104600302,3.599724525589132,-2.171108714544262,-0.5923538483310797,0.08322356689441346,6.826667867469069,0.9967374679030294,4.342928986990205,-0.3031030251715672,-0.8073657428310623,4.471902655615055,0.6657188475138822,-1.6348959439179704,-2.06765823554957,-1.8360643425971106,-1.9179619137339439,-1.9335065043525754,-3.320661835370199,-0.8643603595314753,1.316548629056381,-2.067556387826994,0.032643913411881886,3.4655159071591966,1.1489167943003915,-2.9175683056472232,2.8401102952067614,-0.5062222536571557,-6.336152653223195,-4.492779825919463,-2.6496612668305026,42,0.08307692307692308,0.14166666666666666
f8b3f2c7-7747-42d9-85bb-f8b370cc50e9,frontierscience,deepseek-ai/DeepSeek-R1-Distill-Qwen-32B_reasoning-auto,chemistry,,deepseek-ai/DeepSeek-R1-Distill-Qwen-32B,0,is_correct,False,,0.3,True,,,,249,-2.5188918879012485,-2.1874882424334006,0.33140364546784795,2.351245110702748,7.565681279604538,-2.8867325575101423,4.678948722094396,1.2677792646745183,0.4381753152939882,0.3134950258393466,-0.9542842388351718,54.173912062612985,0.006117402876218706,13,10,0.9473684210526315,0.21052631578947367,0.6992443150767418,6.8664369645277965,5.168242760215023,6.8664369645277965,0.2222222222222222,1.0,5.076772475553135,1.4328285041642792,0.7416958934234978,0.6,0.4,9,4.765777315500927,2.5065249293191094,-2.2592523861818172,2.0910290310495516,7.737152745043638,-2.9713754295427117,4.765777315500927,0.1667669728056576,-0.5622045199127871,-0.3470102862726286,-0.5137772590782862,21.614433656711633,0.1045251715619337,3.0,4.0,0.0,0.7368421052631579,5.477900358861821,2.2592523861818172,1.1714542162545767,2.1139967935830244,0.9444444444444444,0.5555555555555556,0.5339393588510508,0.7706111821964508,1.0131174095657347,0.45,0.55,-2.5188918879012485,1.9586746744173746,3.714639836054201,3.650284526294614,-2.8867325575101423,2.2815102027048804,2.6749700586619496,1.4056894118496026,2.90263900563976,-1.2376785003324473,-0.1791730471843156,-2.8143971967117007,1.2494372919294952,1.7407102418675233,1.8466149837875692,-2.6716619464771165,0.5524511279842175,-0.3378944899195859,4.678948722094396,-2.1874882424334006,4.765777315500927,2.693994831101205,0.6222123467014837,-0.8601123324925446,-1.9887623285631573,-2.5677900541787966,-1.4979509684295131,-0.4281118826802297,0.6045497053251659,1.631900222224292,1.0885770838823452,-1.0254197097006794,-2.880826229112699,-2.926100829327705,-2.9713754295427117,-2.127847160024582,-0.9880512672620758,0.16361649680995605,1.3350707130645327,2.5065249293191094,0.2914656385473747,7.244731196481702,4.985478810299885,-2.5434937059644014,258,0.008356004663816556,0.2222222222222222
0f13c295-7991-43dc-a79f-d8f3d3fc0d57,frontierscience,deepseek-ai/DeepSeek-R1-Distill-Qwen-32B_reasoning-auto,chemistry,,deepseek-ai/DeepSeek-R1-Distill-Qwen-32B,0,is_correct,False,,0.2,True,,,,252,2.646448181455786,-0.47107058228268095,-3.1175187637384667,2.4210331465057866,9.038489961301039,-4.607348554385235,4.431141406915805,-0.03556609633277134,0.16830040688820644,-0.3977471375784661,-0.3621810412456947,60.74426713815994,0.05132202445784421,13,13,0.5263157894736842,0.47368421052631576,4.136277972102554,4.902211989198486,9.038489961301039,5.467841574689501,0.5,0.5555555555555556,5.996483565701187,1.0072244965516588,1.0800916291307967,0.45,0.55,10,-1.9755626388050906,0.24845572647330627,2.224018365278397,1.4618210904866866,4.798098108404075,-2.3551475114155,2.4429505969885743,0.07622155306355458,-0.7309455476509135,0.9153452666968122,0.8391237136332576,22.02001866010024,0.10099984017308151,5.0,5.0,0.21052631578947367,0.5789473684210527,2.603603237888806,2.194494870515268,2.3794184516832657,2.3265935010713505,0.7222222222222222,0.5,1.2110474108702372,0.6552252109955097,0.6097750290920417,0.6,0.4,2.646448181455786,-0.07762346214721094,2.817015670366563,-1.5918295014926425,0.16790918983892444,-1.9890382998333196,-2.2218444525175,1.4764090392607834,-2.438809016155079,-4.607348554385235,4.431141406915805,-1.0367001677736956,0.3061272778415072,3.0472828625133586,-2.3043835071588994,2.663109538501303,2.5890467643391486,-2.841847416621497,-2.021337622248171,-0.47107058228268095,-1.9755626388050906,-0.926067313791223,0.12342801122264468,1.276703070701545,2.4429505969885743,0.9332062800595762,-1.3411071349311445,-0.6297198738324727,1.574517725310895,1.261626935446086,-1.0649665656252645,-2.3551475114155,-2.349812763104334,-1.553116780335805,0.8263016713474607,2.432732905238115,1.3337088768546608,0.35109637135378474,0.2997760489135455,0.24845572647330627,-0.24374375245544322,-1.748235808977853,0.475782556300544,-6.678373510534751,262,0.008221083918295074,0.2
1a5d24e0-9af4-4b36-98d1-2845df696d90,frontierscience,deepseek-ai/DeepSeek-R1-Distill-Qwen-32B_reasoning-auto,physics,,deepseek-ai/DeepSeek-R1-Distill-Qwen-32B,0,is_correct,False,,0.375,True,,,,36,0.08782556370872907,-4.838666934173745,-4.9264924978824745,2.336126474905193,9.054187353827105,-4.838666934173745,4.21552041965336,1.1746327391179956,1.0685901845216847,-0.7978495155657642,-1.9724822546837597,49.30360674198128,0.09992154374555402,11,7,0.6842105263157895,1.0,0.0,9.054187353827105,6.479287178020455,4.158980154372425,0.16666666666666666,0.1111111111111111,4.2140446733367,1.1967324219647502,0.6509592533605912,0.7,0.3,18,2.60066465657783,2.7845583564996477,0.1838936999218177,2.7525846962130034,9.204259603768671,-4.860760198664841,4.34349940510383,-0.61313947584311,0.5544234021667199,0.07109125390688442,0.6842307297499944,66.40640632707036,0.002769216256276377,11.0,10.0,0.5263157894736842,0.3157894736842105,7.645318555164488,1.5589410486041824,8.39183366378248,7.391546411216855,0.5,0.4444444444444444,6.241789696631362,1.2159267070144792,1.2151499566291506,0.55,0.45,0.08782556370872907,0.2507373206863126,1.6464027427277026,-2.512577411644722,3.966709766375733,0.6618143123710616,4.1215168796011525,3.627367120325432,0.30744350216590544,0.31128550286565293,0.7400395004767599,-1.03305162429038,-0.6884731295449373,4.21552041965336,1.3114538611295403,-2.5705771610531865,0.24728695273556411,2.4392449944720975,-1.3758388065048561,-4.838666934173745,2.60066465657783,2.5867730697422195,-3.2519880827028493,-0.03218062145575207,0.9062689187637354,-2.240754073162113,-4.860760198664841,-2.4976360915255595,3.3432121525382055,-4.04833425867865,4.34349940510383,-3.025788859984215,3.3862500059753433,2.379761461738085,0.19940680438217184,1.0683741910174442,0.7197651179510713,-2.4755223879495034,-1.8700345584595253,2.7845583564996477,-0.2071046028422113,7.232226987909364,7.416120687831182,1.4645167407315896,54,0.05555555555555555,0.1503267973856209
e2aee1ae-6baa-4d30-a409-e0fc9c90f1fb,frontierscience,deepseek-ai/DeepSeek-R1-Distill-Qwen-32B_reasoning-auto,chemistry,,deepseek-ai/DeepSeek-R1-Distill-Qwen-32B,0,is_correct,False,,0.4,True,,,,32,2.694371969253776,2.3557685821456147,-0.3386033871081615,1.8268164251318946,6.591118305244091,-3.3076025135901297,3.2835157916539615,0.5261077236946143,-0.4536858098383231,1.3537069583054961,0.8275992346108818,46.78426547642552,0.0072375484291568705,13,12,0.8947368421052632,0.05263157894736842,5.663371095735744,0.9277472095083468,4.189709089851987,6.001974482843906,0.05555555555555555,0.0,4.049235819241536,0.9751636893279366,0.5437039319865861,0.55,0.45,9,-2.295957073387134,-2.3566173488432067,-0.060660275456072554,2.184733167365399,7.930006268923549,-2.977373013848242,4.952633255075307,-0.7624400272239026,0.7695381554152576,0.5866250955826938,1.3490651228065964,28.583725119135053,0.002122196291884441,6.0,4.0,0.3684210526315789,0.5263157894736842,0.6207556650050354,7.309250603918514,3.002820300164435,4.077754218096485,0.5555555555555556,0.4444444444444444,1.336598076196567,1.035796498753696,0.8573246252119138,0.55,0.45,2.694371969253776,-3.3076025135901297,0.8821065762618572,-0.2287622811481298,-0.20345747915977785,3.1003606950558233,0.7457370991888812,-1.1947200987283548,-2.3974038466260774,0.8583839875445651,-0.027419449917948313,1.86894276765908,-0.03899603184409302,-2.244587996955433,1.4899209045071977,-1.231128941761777,2.17109212311906,3.2835157916539615,0.05307329016891943,2.3557685821456147,-2.295957073387134,-2.3383341935301334,-2.3807113136731326,-1.662197810758057,-0.48714993400813644,0.900635671501082,2.9266344632881944,4.952633255075307,1.6378481632142736,-2.4399060548822122,-2.977373013848242,0.025447286316192752,2.541143784371205,1.646973667660279,0.7528035509493516,1.229209700649907,2.162474605820956,1.9401258262271721,-0.2082457613080173,-2.3566173488432067,-0.376188222596769,-5.027913878129517,-5.08857415358559,-0.2858557809622475,41,0.08266129032258064,0.2222222222222222
824508b0-030f-4ed6-a642-c1dcf2ab15d7,frontierscience,deepseek-ai/DeepSeek-R1-Distill-Qwen-32B_reasoning-auto,biology,,deepseek-ai/DeepSeek-R1-Distill-Qwen-32B,0,is_correct,False,,0.4,True,,,,9,2.496640822980803,4.742978652132502,2.246337829151699,2.772753960627041,8.935262007144152,-4.19228335501165,4.742978652132502,-0.8295868694486197,0.4966472878828002,-0.24747635092846668,0.582110518520153,45.511968415136224,0.04935707918984711,5,6,1.0,0.2631578947368421,8.935262007144152,0.0,4.0354435666772135,4.031434560331456,0.2777777777777778,0.7222222222222222,2.047576835784668,1.0697035620073028,1.2604753208338795,0.5,0.5,26,-2.2293317686343306,2.743779616361164,4.973111384995494,1.6267945933988484,7.21228237794708,-3.9479836737965766,3.264298704150504,-0.579979486534466,0.451808224813422,0.011735086240404277,0.5917145727748703,31.129958445242448,0.15975322915201415,8.0,7.0,0.5789473684210527,0.6842105263157895,6.69176329015774,0.52051908778934,4.360360913733768,4.94046068503361,1.0,0.6666666666666666,2.6145763168516094,0.5165409760341607,0.5578803917644047,0.75,0.25,2.496640822980803,1.2878134464989324,0.07898607001706193,-1.644539998931353,-3.6768852833596952,-4.19228335501165,-0.15683978833443657,3.878603778342777,0.9364897520973701,-3.002418215994129,-3.002195333276371,0.9371584002506577,3.8801635970453727,-0.15127096328607603,-4.182705523617532,-3.636336051940062,-1.5640319029262826,0.5224982631428822,2.632738457637692,4.742978652132502,-2.2293317686343306,0.01205281462635573,0.08582646840692185,0.09044622746401637,0.08641445538042661,0.013850864806874558,-2.1191154677915263,2.05514223865672,0.15664021489658053,0.10399200804807134,0.5380910705016213,3.264298704150504,0.992477011237034,-3.9479836737965766,-1.2445956276930579,0.06100951900546965,0.08884792893960014,0.03795037820185377,-1.6165812973726037,2.743779616361164,-0.37098046890663977,-7.343290889673472,-2.370179504677978,-1.4409847374428288,35,0.2222222222222222,0.1076923076923077
4525a8e7-9e13-47c9-8b87-c0a97ebd355e,frontierscience,deepseek-ai/DeepSeek-R1-Distill-Qwen-32B_reasoning-auto,biology,,deepseek-ai/DeepSeek-R1-Distill-Qwen-32B,0,is_correct,False,,0.3,True,,,,10,2.8792712809309116,2.287410857580941,-0.5918604233499707,2.5158762723430486,9.35292961948411,-5.36866271397955,3.98426690550456,-1.91170200172423,0.5808315247262256,1.0994644917159322,3.0111664934401623,30.74314530792894,0.019251784988874397,5,6,0.6842105263157895,0.3157894736842105,7.656073571560491,1.6968560479236192,3.8475361057071864,3.3085372977065832,0.3888888888888889,0.7222222222222222,1.879963408829354,0.9961512059831277,1.1321165254176495,0.55,0.45,9,-2.4175506334583514,2.2600412982782703,4.677591931736622,2.7025033980660713,8.75988974863716,-4.619861382915329,4.140028365721832,-0.3067068957177139,0.34329847698306815,-0.04059225610242515,0.26611463961528875,51.50080671849259,0.09082560506876527,6.0,7.0,0.3684210526315789,0.631578947368421,6.879902681193599,1.8799870674435621,4.029513255613932,3.9883604969342015,0.2777777777777778,0.16666666666666666,2.4297249144802087,1.171375072932046,1.1707456963198997,0.55,0.45,2.8792712809309116,0.3955796051288538,-2.088112070673204,-2.541899353699469,-2.741948587628761,-3.9161421721483927,-5.36866271397955,-3.2878121574518118,0.5597239482553746,1.1709743533013102,-0.8068038021817547,-0.43342584084867797,2.878897266504578,3.98426690550456,0.6757296077979769,-1.45752380974137,0.5227163533045656,2.2831656750420066,2.2852882663114737,2.287410857580941,-2.4175506334583514,0.5144621472858861,3.4464749280301237,2.053254410225339,-1.9351060867088625,-3.9189981455060323,0.11051511010790005,4.140028365721832,3.5535629010670475,2.3076719049453,0.25211468813127635,-2.613108749375028,-4.619861382915329,-0.6173183886936231,3.3852246055280926,1.4041510993198512,-2.5714612403650383,-3.901019965676574,-0.8204893336991521,2.2600412982782703,0.5144085654089108,-4.1905529256303815,0.4870390061062402,-1.176052119463403,19,0.3111111111111111,0.2222222222222222
896bb6e5-d69d-4e9c-9f57-e86b485fd2cf,frontierscience,deepseek-ai/DeepSeek-R1-Distill-Qwen-32B_reasoning-auto,chemistry,,deepseek-ai/DeepSeek-R1-Distill-Qwen-32B,0,is_correct,False,,0.0,True,,,,143,-0.0052370722432300044,-2.2278824071017747,-2.2226453348585444,1.7803561679124753,6.222172749786619,-2.979837428898656,3.242335320887963,-1.1446577245143412,-0.3075295038792744,-0.19798571499574694,0.9466720095185943,45.88097010989153,0.04844373014639815,14,10,0.42105263157894735,0.15789473684210525,0.7519550217968813,5.470217727989738,5.040291461754041,5.250252780845539,0.3888888888888889,0.7777777777777778,4.332262909187839,0.4989048519893709,1.0665660964258603,0.25,0.75,7,2.6369556263784295,0.5432568894204185,-2.093698736958011,1.8909597148850243,6.857747360094674,-3.9790610374773197,2.878686322617354,-1.168546416764469,-0.8309497023799037,1.7748134520195151,2.9433598687839844,18.630207123597344,0.11238193558815004,4.0,2.0,0.8421052631578947,0.15789473684210525,4.522317926897738,2.335429433196935,1.3716797202280753,2.2053388879519167,0.2222222222222222,0.1111111111111111,0.48815987491356133,0.7187886527723419,0.8861682588670179,0.45,0.55,-0.0052370722432300044,-1.506560668692325,-1.997091939482032,-2.979837428898656,-0.7581273392180528,-1.8103820157227808,1.0446323926566876,-1.7979561408660776,3.242335320887963,-1.4826832242159125,-0.04940487138273608,-1.046249161992357,0.05826465095366995,-1.0770131005394705,3.144053707840879,-2.1061990730046602,-2.464476486094611,-0.02222099906253293,2.4888109674482184,-2.2278824071017747,2.6369556263784295,0.43161673842651327,-1.773722149525403,-3.9790610374773197,-3.2035510852792433,-1.831871365051168,-0.4601916448230927,-0.46989842307232244,-1.1702984505602045,-1.8706984780480869,-1.8099403882506324,-0.9880241811678387,-0.16610797408504663,0.6583199785248062,1.4877714221887834,2.3172228658527607,2.878686322617354,2.1002098448850433,1.321733367152731,0.5432568894204185,-0.4133333783810539,4.45150465509915,2.357805918141139,-2.949062984752274,150,0.014675465379690732,0.2857142857142857
44a8a9e1-5336-4f37-bfbf-c76fbc7ad1dc,frontierscience,deepseek-ai/DeepSeek-R1-Distill-Qwen-32B_reasoning-auto,biology,,deepseek-ai/DeepSeek-R1-Distill-Qwen-32B,0,is_correct,False,,0.15,True,,,,21,2.6718794417246836,2.4896146139290987,-0.18226482779558495,1.8108857360115262,5.440492568766063,-2.6143531226876338,2.826139446078429,0.2722296337879468,-0.2118508153771465,-0.025165691166514348,-0.29739532495446114,48.846652694289446,0.0037313678162617095,13,10,0.21052631578947367,0.5263157894736842,5.103967736616733,0.33652483214933016,4.679562007912081,5.227765576359181,0.2777777777777778,0.5,4.653578610632648,0.7491307209738445,0.7355478418800186,0.45,0.55,11,-2.371634041229009,2.589962777253244,4.961596818482253,1.565311618606306,4.977074552874839,-2.387111775621596,2.589962777253244,0.8349256265225046,-0.38828769829441395,-0.5363988977414894,-1.371324524263994,21.411329998347203,0.23172763293383697,8.0,3.0,1.0,0.8947368421052632,4.977074552874839,0.0,2.680070284366155,1.9725606413238523,1.0,0.4444444444444444,1.22611949446923,0.6670236073946556,0.6716200018372709,0.45,0.55,2.6718794417246836,-2.313809992029866,-0.43705777015554814,-1.2056285496406056,2.826139446078429,-2.1577385736867734,2.521823434225308,-2.4252347632840023,0.7257796799773808,2.6134124536715473,-2.6143531226876338,0.7169183854360748,0.298753239630404,-0.7982315803837963,-0.09757665998004542,-0.1136734268173694,-2.183923448329391,-0.3637289506053416,0.11829372480396277,2.4896146139290987,-2.371634041229009,0.1992968452119297,2.4973236005314283,2.339213175757959,1.9848128570367467,0.8452529625245606,0.3502139858239166,1.3590571506835454,1.175338793069784,-0.7972218482540683,-1.3282378119575626,-0.41770909804069567,-0.7632010257323121,-1.9460400478295885,-1.5696342667278957,-0.524980712826635,-1.2365219014131434,-2.387111775621596,-0.09010750711291093,2.589962777253244,0.08323235303547769,-4.77801630212263,0.1835805163596227,-4.840621054786759,32,0.09523809523809523,0.3090909090909091
2f43ac4a-f7e3-46c9-aaee-2f112ff662cb,frontierscience,deepseek-ai/DeepSeek-R1-Distill-Qwen-32B_reasoning-auto,biology,,deepseek-ai/DeepSeek-R1-Distill-Qwen-32B,0,is_correct,False,,0.2,True,,,,111,2.499004213150182,4.770038692137407,2.271034478987225,2.080816571992049,7.3573347415766035,-2.587296049439196,4.770038692137407,-0.18321864082245692,-0.4061253059536375,1.344159113077686,1.527377753900143,42.8393431657665,0.05301282212006555,11,10,1.0,0.05263157894736842,7.3573347415766035,0.0,5.228532670105876,5.086300262589378,1.0,0.0,3.4492720763574813,0.9239271375726744,0.7269497850210017,0.4,0.6,15,-4.632877946359673,0.15311248130381164,4.785990427663485,1.7438881767055512,7.363827042431219,-4.632877946359673,2.730949096071546,0.051394117719994865,0.01349782918568979,-0.21577165234306028,-0.26716577006305514,30.266036721353,0.15813072823925173,8.0,7.0,0.5263157894736842,0.0,4.785990427663485,2.5778366147677345,5.255701640403138,3.618275399713492,0.0,0.6111111111111112,2.4384840458471153,0.633525755924458,0.6755450702103863,0.7,0.3,2.499004213150182,-2.587296049439196,0.7220399536417128,-2.1857993050997555,0.5221498153454381,-0.1454516977883989,-0.10717741556718094,-1.2892445471735705,-1.9480109824081677,-1.815813112807474,-1.6085652740139285,3.379431271916193,1.1988493352483778,-0.7595238324368929,4.177297355540013,1.2097321144741642,-0.16829222352613565,-1.4653272821908652,-0.45849397796846897,4.770038692137407,-4.632877946359673,0.6228236940434648,1.4480333624260235,0.2812329293731764,0.2878683149826202,1.868839403397476,0.4838390661768761,-2.421718662867135,-2.4131995222496325,0.8308823696808094,2.730949096071546,2.228444983797218,-1.3898304159162742,0.5289569557832974,0.97208213946708,-2.1898029960724,-0.4634718607426136,0.08870702528598001,0.14474329669978014,0.15311248130381164,-0.17210521454672675,-9.575021853043808,-4.789031425380323,-2.6912217688744278,126,0.019656019656019656,0.13333333333333333
8fac71ae-1f4a-4edd-9f0d-88a443912a04,frontierscience,deepseek-ai/DeepSeek-R1-Distill-Qwen-32B_reasoning-auto,physics,,deepseek-ai/DeepSeek-R1-Distill-Qwen-32B,0,is_correct,False,,0.3,True,,,,12,-0.10832989773089946,6.77097047136919,6.87930036910009,3.0088550088249613,11.550863561917563,-4.779893090548374,6.77097047136919,-0.6042298191447462,-0.9316471813309856,1.3679145976365394,1.9721444167812856,50.90352318938811,0.13514389452976452,6,7,1.0,0.2631578947368421,11.550863561917563,0.0,5.506749819543329,6.511929973967583,0.6666666666666666,0.7777777777777778,2.7284170118527484,1.1304405641890436,1.2576231350645877,0.45,0.55,9,-3.9850369258228655,2.998603954895496,6.983640880718362,2.985058513311751,10.265969464188325,-4.537356949100885,5.72861251508744,1.2491895231886432,-1.238826795941775,0.052264111406750656,-1.1969254117818926,39.33495414242634,0.17754287587145975,4.0,5.0,0.10526315789473684,0.3684210526315789,7.535960903996381,2.730008560191944,4.856824720455153,3.0443597933527387,0.0,0.8333333333333334,1.2714893617025844,1.2445474710039692,1.2252412830455401,0.5,0.5,-0.10832989773089946,1.3554717283216797,2.3008531326061763,1.8637806121757832,-0.6095961418534459,-4.779893090548374,-4.251895076984144,-2.689600878942183,-1.225000307809925,0.19201036901869262,1.525738730815939,-0.5717190009597863,-4.629854500491483,0.8768953190518465,4.981012156790273,-1.5309178171773103,-3.794759798891762,-0.9608961899024449,2.742078763631292,6.77097047136919,-3.9850369258228655,0.8717877946322874,5.72861251508744,5.702321242215487,2.7461603733472684,-0.03389324172578323,-2.285625095413334,-4.537356949100885,-3.8033280907068496,-2.642761987729729,-1.3356929547433412,0.11787900825231512,1.464750920942416,2.06472248149365,2.6646940420448857,0.5314170871681374,-2.5129427061846012,-3.244993124620775,-0.12319458486263901,2.998603954895496,-0.7521756289044121,-11.508183026096468,-4.524542145378106,0.0596458452987676,21,0.19696969696969696,0.25
b818c26a-1311-482d-8c4e-bde09ef34a05,frontierscience,deepseek-ai/DeepSeek-R1-Distill-Qwen-32B_reasoning-auto,chemistry,,deepseek-ai/DeepSeek-R1-Distill-Qwen-32B,0,is_correct,False,,0.1,True,,,,23,-2.530253892585779,2.4408307792210633,4.971084671806842,2.6261607478512445,8.76868953228445,-4.598206615631568,4.170482916652881,-0.06280828572561223,-0.553440266865729,0.7589631132805446,0.8217713990061568,67.71865180208123,0.07340790963080077,12,11,0.3157894736842105,0.9473684210526315,7.039037394852631,1.7296521374318181,7.039037394852631,8.260211532567094,1.0,0.3333333333333333,6.23433320706826,1.179534974218451,1.167533033641257,0.55,0.45,5,2.553968669459622,-2.5588595482766996,-5.112828217736322,2.2522849825070614,7.046037352900418,-2.5588595482766996,4.487177804623719,-0.390934550034309,-0.6550711324471726,1.2218415484967973,1.6127760985311062,19.02617273472432,0.26872604853444815,2.0,3.0,0.7368421052631579,1.0,0.0,7.046037352900418,1.5283721211053827,1.5638169227740573,0.5555555555555556,0.9444444444444444,0.3155031277060826,0.9880305658948159,0.9875800902142953,0.45,0.55,-2.530253892585779,3.737537964801402,-2.537543539984653,-2.681103151682425,2.0875826204548624,-2.6863609177355734,4.170482916652881,-4.089728615914214,1.1048868428293661,-2.129439177716079,-1.0258231141092533,1.6753615324910225,0.34958935025745763,0.24107131410159696,2.654164523329395,2.583230728295123,2.5459609119348503,-1.0722016474655955,-4.598206615631568,2.4408307792210633,2.553968669459622,1.4954735357349669,0.4369784020103116,-0.621516731714344,-1.680011865438999,-2.469494453870281,-2.4519394064214395,-2.4343843589725984,-2.4168293115237574,-2.399274264074916,-1.6263106797978057,-0.09793855869242307,1.4304335624129565,2.958805683518336,4.487177804623719,3.696408142819523,2.1325912200454686,0.5687742972714149,-0.9950426255026423,-2.5588595482766996,0.02653932174392852,0.1396772119824874,-4.973151005753834,-2.413881483789794,28,0.11857707509881422,0.4
cfcfcb2d-4ec8-42df-9b19-b6c840d5dea4,frontierscience,deepseek-ai/DeepSeek-R1-Distill-Qwen-32B_reasoning-auto,biology,,deepseek-ai/DeepSeek-R1-Distill-Qwen-32B,0,is_correct,False,,0.0,True,,,,16,0.7391300817257287,-3.9409978654847793,-4.680127947210508,2.5675408746952693,9.701767092147744,-4.298333478182718,5.403433613965027,-0.7776704276559142,0.14827055310018128,0.6582748317723975,1.4359452594283117,58.473717535808014,0.08003814610118641,8,9,0.7368421052631579,0.2631578947368421,0.35733561269793856,9.344431479449806,6.790822058797074,7.385416731296371,0.7222222222222222,1.0,4.269883741023765,1.0485595094884037,1.0713670160511908,0.5,0.5,19,4.044768317105322,2.0384934392275715,-2.0062748778777504,2.369067935361758,8.9857754337567,-4.941007116651378,4.044768317105322,0.192778417143758,0.7378406942080743,-1.0857222965771345,-1.2785007137208926,60.51147124430957,0.0331552817444745,13.0,14.0,0.0,0.05263157894736842,6.97950055587895,2.0062748778777504,5.7983209929073265,8.9857754337567,0.05555555555555555,0.0,5.2800823526900835,0.9601938316870186,0.9601938316870176,0.5,0.5,0.7391300817257287,0.6753607442918695,-0.3929768580033153,-1.2389450575389833,-1.8650756769609602,-4.298333478182718,0.9371472510769792,3.0412685287705066,0.9306250188699523,-3.7598815855404863,-2.0612832613290775,3.2096426475592104,1.0649109682032112,-1.3873884448320477,5.403433613965027,1.5252524694939957,-2.352427629637163,-0.13003046351428704,3.444418865811592,-3.9409978654847793,4.044768317105322,-4.941007116651378,0.8573138762559482,-2.185131292414457,2.462349310243405,-0.9765534875242974,2.0877093129917634,-0.22185925880658175,-0.4942173871676818,2.9008117560470668,2.100722490754357,-0.5179799410728009,0.32915955347794745,1.068247646224214,-2.0888792482239147,-4.735261810259545,-0.36976621589669295,1.314300931412777,-2.6732208757230023,2.0384934392275715,1.3791405264611072,9.364906709051208,7.358631831173458,0.07410295749869178,35,0.13333333333333333,0.10526315789473684
790baca4-d2d8-4acb-8494-91adf77e026b,frontierscience,deepseek-ai/DeepSeek-R1-Distill-Qwen-32B_reasoning-auto,physics,,deepseek-ai/DeepSeek-R1-Distill-Qwen-32B,0,is_correct,False,,0.2,True,,,,132,2.6771790249025917,2.366760043885445,-0.31041898101714693,2.5555620699971144,8.76687962614921,-4.0156126723045,4.75126695384471,0.2558517135863304,0.0949076568447574,0.5010720610911851,0.24522034750485466,57.34305199096297,0.005413366924838038,12,8,0.5263157894736842,0.10526315789473684,6.382372716189945,2.3845069099592653,7.2335533210966725,7.787413244733942,0.5,0.05555555555555555,5.7794685621668895,1.306528439746018,1.0334410417677815,0.55,0.45,8,0.22461968363602525,2.7797118417196427,2.5550921580836174,1.7080898621404388,5.527706385727711,-2.747994544008068,2.7797118417196427,0.9505603980027763,-2.0958308388051727,0.8926669819959977,-0.05789341600677855,12.634269067970235,0.20223505960951543,2.0,2.0,1.0,0.5263157894736842,5.527706385727711,0.0,0.9810183224586778,0.9961474294616579,0.9444444444444444,0.3333333333333333,0.30799445931710395,0.6371951957973073,0.7702397554793468,0.5,0.5,2.6771790249025917,3.7718005724294423,-4.0156126723045,-1.5262447436216524,2.038876921344497,1.5136074273453297,-2.6686445349913956,-1.2760540106249494,-0.9082408151035288,-2.4822863672519624,4.75126695384471,-2.2703306082797385,0.9817742914207512,1.8682241539080193,-2.5645457336508684,-2.956861349527036,3.3924651182934245,0.4813929510811397,2.287221336465006,2.366760043885445,0.22461968363602525,1.0870525244400144,1.9494853652440038,2.2915939109352417,1.3328917188445994,0.37418952675395767,-0.605909943834408,-1.602057373296066,-2.598204802757724,-2.7439652548318563,-2.747994544008068,-2.614958605253488,-1.6595312989141644,-0.7041039925748409,-0.11470973884734961,-0.013359555268969397,0.0879906283094106,0.8176751968022872,1.798693519260965,2.7797118417196427,0.03225597337921677,-2.1098843868702026,0.4452077712134148,-5.415837702360449,140,0.016308119361554477,0.25
af50243e-3a60-4460-9536-f9a02c4f8eb8,frontierscience,deepseek-ai/DeepSeek-R1-Distill-Qwen-32B_reasoning-auto,physics,,deepseek-ai/DeepSeek-R1-Distill-Qwen-32B,0,is_correct,False,,0.15,True,,,,14,2.329618055107187,4.972797079886281,2.643179024779094,2.467024047782503,9.804507893011385,-4.831710813125104,4.972797079886281,-0.42244330234945604,0.05965183231752664,0.15694886076457637,0.5793921631140324,47.28992727107215,0.05589306597212637,7,8,1.0,0.8421052631578947,9.804507893011385,0.0,6.626063429756216,5.06532789639704,0.3333333333333333,0.0,3.2314765252654722,0.9899958503190198,1.069888206600822,0.45,0.55,13,0.3366042287932577,0.21253398523273695,-0.12407024356052074,1.4495473414617979,4.553498722575139,-2.088525618054771,2.4649731045203676,0.49191121948429917,-0.7585257154384054,0.33288552285408485,-0.15902569663021432,20.185301278743164,0.00614656387076953,6.0,4.0,0.2631578947368421,0.5789473684210527,2.301059603287508,2.2524391192876307,2.33909375179058,1.6975996024791726,0.8333333333333334,0.0,1.1271381400061673,0.5984291921013609,0.5918786088290727,0.55,0.45,2.329618055107187,-2.7357098412898533,-2.372613353305563,2.2581684090332095,2.2659512242748754,-0.7709964855674318,-3.931521124698616,2.6945423050576,2.445691323968347,-0.5180320151653804,-2.3462714946762464,-1.4717935773561528,-0.26247491146320956,-0.12409880414227026,1.1880492649170484,0.19392086679945364,-4.831710813125104,-2.0325417112266138,1.451178477336394,4.972797079886281,0.3366042287932577,-1.360995373685915,-1.6832635218159813,-0.08006763385729876,1.3988502789477437,2.4649731045203676,2.36727745348792,1.4267424400140902,0.06642534112416891,-1.2758782039151575,-1.9941951903081379,-2.088525618054771,-0.9192657963912709,-0.5249829805377598,-1.910397858015163,0.06934464393221917,2.4084383957227993,0.9356927643547577,0.28170120589715886,0.21253398523273695,-0.3865872857892557,-5.022780136882279,-5.1468503804428,-5.185937135897049,27,0.14285714285714285,0.23076923076923078
431c9b49-2795-4750-ae7b-ae9f1450cb4e,frontierscience,deepseek-ai/DeepSeek-R1-Distill-Qwen-32B_reasoning-auto,chemistry,,deepseek-ai/DeepSeek-R1-Distill-Qwen-32B,0,is_correct,False,,0.44000000000000006,True,,,,10,2.5103972187504975,4.767437954534234,2.2570407357837365,2.4772628876832807,9.539872606004366,-4.772434651470133,4.767437954534234,-0.31573783861052007,0.14360787676098827,-0.43758830532332915,-0.12185046671280908,38.544317527033556,0.0585570294298435,5,6,1.0,0.7894736842105263,9.539872606004366,0.0,4.5944799927416256,3.4539696018803294,0.2777777777777778,0.7222222222222222,1.6975113325130202,0.9263475442990959,1.1178695225434307,0.45,0.55,12,-2.047439621600424,0.20229401998222732,2.249733641582651,1.9064504416544925,7.561405457057923,-3.965149348923757,3.5962561081341664,-0.7380692301535896,-0.7623508495657144,1.8076129204601885,2.545682150613778,26.062653762190198,0.08632020599707313,5.0,5.0,0.7894736842105263,0.631578947368421,4.167443368905984,3.3939620881519392,3.242011911295236,2.18440322351307,0.6666666666666666,0.8888888888888888,1.2468062382967644,0.7381347843801648,0.7209979361438646,0.55,0.45,2.5103972187504975,1.151013605407722,-0.20837000793505345,-2.3869686989766055,-4.6679692747305035,-1.6013738527656614,2.993106139975964,2.3036645653561147,-1.027737792944472,-1.8957410273349578,-0.793024962597362,0.2763319995202435,1.3039900833628568,0.8377722719644944,-2.616197329915835,-4.772434651470133,-2.3866089918833757,-0.0009638603146546187,2.3832370471097897,4.767437954534234,-2.047439621600424,-0.8156507234031116,0.07871630031567836,0.0732916587584077,-0.6373892150608651,-1.9357836157651402,0.11777060568032693,2.532848707147258,1.114390892940493,-0.22029965504568563,-1.4083974871458371,-2.6667116183039523,-3.965149348923757,-0.7231374376285209,2.5001932524411847,3.5962561081341664,3.201198018733492,1.016794795220422,0.3289413282496403,0.20229401998222732,-0.46894800327454256,-7.2838255794092,-5.034091937826549,-1.7927583684202801,22,0.2,0.24242424242424243
9c098058-e720-4a0b-8fc5-62fb27aade25,frontierscience,deepseek-ai/DeepSeek-R1-Distill-Qwen-32B_reasoning-auto,biology,,deepseek-ai/DeepSeek-R1-Distill-Qwen-32B,0,is_correct,False,,0.1,True,,,,36,-2.6513452756918907,2.323071672418437,4.974416948110328,1.9274320481189038,7.5954256933218005,-3.5783497243155944,4.017075969006206,0.5298980216483274,0.7505913888825674,0.6360894543076787,0.10619143265935127,45.621046107404155,0.10903776595563414,13,11,0.3157894736842105,0.8947368421052632,5.901421396734031,1.694004296587769,6.805456499076782,6.08611419797136,0.9444444444444444,0.8888888888888888,4.484347380488497,1.1243670763630504,0.4853689463849338,0.65,0.35,18,2.8655966922501857,0.2732138897833772,-2.5923828024668083,1.8626678005079855,6.433082513607491,-3.5229081103111066,2.9101744032963848,-0.3594287602156481,0.2510936718565434,0.1301971527738399,0.489625912989488,47.80944901008518,0.05422323110061271,11.0,12.0,0.8421052631578947,0.5789473684210527,3.796122000094484,2.6369605135130074,4.134783649421712,5.776511618498336,0.6111111111111112,0.5555555555555556,4.557226152503337,0.8012656822879707,0.8001238173815054,0.5,0.5,-2.6513452756918907,0.6437166466541209,-0.04585726370623622,1.112383050672061,-0.06335885946305632,0.6966718840670874,4.017075969006206,1.3332168932451287,1.138468721252766,-1.9477171944750378,1.3037180716088068,0.3239328084229456,3.499108241202971,-0.3965878190796088,-1.0241627909672513,0.36110632029352674,2.5077644736557665,-3.5783497243155944,3.2271067747611877,2.323071672418437,2.8655966922501857,-1.52801386789031,1.5580743953345704,-2.2446199215882268,-1.9026990833679647,-0.9021050617080004,-0.36223447453979096,2.351873103747937,2.068625969656741,-1.819694843730334,2.2536035081872297,-3.5229081103111066,0.6118755391106054,-0.1857194636652677,-1.956245099317038,0.9470463733565722,2.9101744032963848,-1.57823642151207,0.18522977103581334,0.2732138897833772,-0.4333455665252243,0.10917945330652401,-2.4832033491602843,-0.17094052188592457,54,0.05555555555555555,0.12418300653594772
1c77dfab-266d-40d4-b3a0-2c27f0b32139,frontierscience,deepseek-ai/DeepSeek-R1-Distill-Qwen-32B_reasoning-auto,physics,,deepseek-ai/DeepSeek-R1-Distill-Qwen-32B,0,is_correct,False,,0.2,True,,,,15,2.797874012219963,-2.0884916101443034,-4.886365622364266,2.3751378034762523,9.340538140363382,-4.940205722688808,4.400332417674575,-0.6593053307873987,0.5424865030492819,-0.026292264001526993,0.6330130667858718,46.705710348354636,0.10462030415380258,6,7,0.42105263157894735,0.21052631578947367,2.8517141125445047,6.488824027818878,3.7626048005394406,5.707768688786479,0.8888888888888888,0.4444444444444444,3.5401008370436298,0.9481540004910955,0.9969282693998943,0.45,0.55,19,4.854848838520578,-2.634421328411669,-7.489270166932247,2.318592302035348,10.036395987779194,-5.181547149258616,4.854848838520578,-0.4643903442120531,0.6772265199882054,-0.24830887173884494,0.21608147247320816,45.50794510305742,0.16457060739552234,10.0,9.0,0.0,0.10526315789473684,2.547125820846947,7.489270166932247,6.32558800770216,8.769925332408796,0.1111111111111111,0.0,3.448934396934565,0.9315416031924467,0.931541603192447,0.55,0.45,2.797874012219963,0.8224870631402221,-0.07761468194152693,-1.3263688444375756,-4.940205722688808,-1.8233576010147878,-0.06795154078927698,0.9444617110324545,4.400332417674575,-1.3074362711119045,-3.1975439963637564,-0.1882837284797416,0.1475793215830455,2.998296067010301,2.6614751114565816,-2.448649063980003,-2.472662327046206,1.2899424734932348,2.900631832211534,-2.0884916101443034,4.854848838520578,-3.9150764938882183,-5.181547149258616,1.1440408584435433,0.6790843074934414,1.7968760763918457,-2.6289588471869454,-0.5360789551760803,0.9284722514496973,1.3878600529406775,2.4449426793011457,1.382701423450155,-0.017772131265311873,-0.8495396807828456,-1.181801376558161,1.4401646051764758,-1.6856361013210923,0.38738688876317584,2.1844540819182012,-2.634421328411669,-0.03386575099044441,6.909474697674437,-0.5797954692578102,-0.08946648184572581,34,0.13333333333333333,0.15204678362573099
a466aab3-82ae-4890-94dc-7fd11df89c0f,frontierscience,deepseek-ai/DeepSeek-R1-Distill-Qwen-32B_reasoning-auto,biology,,deepseek-ai/DeepSeek-R1-Distill-Qwen-32B,0,is_correct,False,,0.2,True,,,,12,2.182817041640212,4.112710735255475,1.9298936936152629,3.0247175113121996,9.622134956675549,-4.885913372201693,4.736221584473855,1.0178522204107485,-1.5572601243606636,0.4131759798671531,-0.6046762405435955,57.77060326915266,0.033406154417739205,7,8,0.2631578947368421,0.47368421052631576,8.998624107457168,0.6235108492183796,6.727339312128063,6.658566872911637,0.7777777777777778,0.8888888888888888,3.590025850034207,1.3362647887774997,1.4011047611998237,0.5,0.5,12,-4.456985941512884,0.36539070105927135,4.822376642572156,2.0371318144535633,7.429622619682114,-4.456985941512884,2.9726366781692297,0.21272580670126434,0.7369187613371508,-0.8383615608198212,-1.0510873675210854,28.24356910502707,0.17074246617485114,6.0,5.0,0.631578947368421,0.0,4.822376642572156,2.6072459771099585,4.173912356056472,4.119962933327518,0.5,0.3888888888888889,1.7381538812743857,0.9109953670987547,0.8301282365312558,0.6,0.4,2.182817041640212,-2.1224476834844017,-4.116486029667347,0.052745967994163756,2.931982067240382,4.736221584473855,3.4601325946783765,1.2993201897096551,-2.863551906927178,-4.885913372201693,-3.162381232592131,-0.9620063573537516,1.510850081101088,-1.8371382722606344,-3.8294998057728664,2.8978395063551963,3.5406760071015886,-3.1178908658100477,-1.124779697926427,4.112710735255475,-4.456985941512884,-1.7094254293554743,0.7104592964996406,2.2565419255486363,2.2221617197623105,0.8707291516132152,1.5955999243534058,2.2994864896509357,-1.8204764436765823,-2.9244847263190232,1.2494276297374487,2.847100561029023,2.9726366781692297,0.5347411407690248,-1.7401805310411333,-2.128175563152847,-1.6596229459613085,-0.16321314960586175,0.2956321237829523,0.36539070105927135,-0.7122965161105055,-9.281993192878865,-4.459616550306709,-4.638914651062631,24,0.19696969696969696,0.18181818181818182
4adee97f-5a2a-42f4-9152-ca7bbd9b4148,frontierscience,deepseek-ai/DeepSeek-R1-Distill-Qwen-32B_reasoning-auto,chemistry,,deepseek-ai/DeepSeek-R1-Distill-Qwen-32B,0,is_correct,False,,0.225,True,,,,198,-0.13321799939280377,4.899817580666907,5.03303558005971,2.3257943336692475,9.716683089776359,-4.816865509109451,4.899817580666907,0.24424098663887098,0.5264812960255142,0.4826184551850354,0.2383774685461644,63.00259327307476,0.07988616529235257,13,13,1.0,0.5789473684210527,9.716683089776359,0.0,7.132783670332749,6.425474958244671,0.6111111111111112,0.7222222222222222,6.224528390372482,1.1677113377071477,0.7531730022191023,0.55,0.45,9,-1.9423987599301435,2.794914881850878,4.7373136417810215,2.130009767869461,8.066199142428186,-4.155033317927058,3.9111658245011265,-0.05271001836616101,-0.4478427296607304,0.49254365457254384,0.5452536729387049,39.4532098798563,0.12007422605681979,6.0,7.0,0.7368421052631579,0.631578947368421,6.949948199777936,1.1162509426502485,4.033099571214097,3.975116647064289,0.7222222222222222,0.8333333333333334,1.8352293701148525,0.8644160961043106,0.8918464615419595,0.45,0.55,-0.13321799939280377,-0.9190735689202763,2.1548046492664623,-0.5154755515437115,1.2101957781509627,1.2976773546910607,-1.3852237557795972,2.5590305069702457,-1.9736134642094325,2.4698491278848285,-0.11694147524391152,-4.816865509109451,2.315918161223298,3.2479917246630223,-3.177483233581648,2.575342912679376,-2.0255654866012143,0.11506942725814819,0.508529530688643,4.899817580666907,-1.9423987599301435,-0.019380690701214176,1.9036373785277152,1.3902776049725225,-0.5849088742531441,-1.5635652869780738,0.4473684997992109,2.4583022865764956,1.7631462534705493,0.6814059603812828,-0.8699287289350274,-2.8908578144783834,-4.155033317927058,-0.12193374671297086,3.9111658245011265,1.9381032320064309,-2.0370134150578583,-3.3662440245271688,-0.2856645713381454,2.794914881850878,-0.27691058115849787,-7.119126921755548,-2.3818132799745264,-0.6646299616948461,207,0.010613751730503,0.2222222222222222
fec1882e-053d-458a-a628-106fbb843235,frontierscience,deepseek-ai/DeepSeek-R1-Distill-Qwen-32B_reasoning-auto,chemistry,,deepseek-ai/DeepSeek-R1-Distill-Qwen-32B,0,is_correct,False,,0.2,False,,,,290,2.5283151222696687,2.7737059360527367,0.24539081378306804,2.4239557747464318,8.285171477097032,-3.8996350500956725,4.38553642700136,-0.07834684992525554,1.2374802992007992,0.7289553287930642,0.8073021787183198,57.29612111790328,0.004282852119746565,11,12,0.5263157894736842,0.05263157894736842,6.673340986148409,1.611830490948623,8.043387591710204,7.407407251317233,0.5,0.8333333333333334,5.000422621598421,1.3314945832063025,0.7071112773219432,0.6,0.4,0,,,,,,,,,,,,,,,,,,,,,,,,,,,,,2.5283151222696687,-3.8996350500956725,1.846284841990729,0.2025082943500207,-1.3186635194357477,0.19677163103399803,-0.10400926958978503,1.2207574042411744,-0.001847308113456625,-3.657851164708843,4.38553642700136,3.3822224354183485,2.508323233516779,0.8252210670502322,-1.9601334703758981,4.2203670397626025,-3.1870402115546304,-0.013045552564831297,2.539878231438405,2.7737059360527367,,,,,,,,,,,,,,,,,,,,,,,,,290,0.007135186731893569,
