id,subject,failure_type,true_step_index,step_index,target,n_steps,step_pos,remaining_steps,slod_value,slod_centered,slod_from_start,slod_to_end,delta_prev,delta_next,abs_delta_prev,abs_delta_next,curvature,fall_from_peak,rebound_from_trough,is_peak_so_far,is_trough_so_far,reasoning_range,reasoning_monotonicity,reasoning_total_variation,reasoning_direction_changes,reasoning_curvature_abs_mean,reasoning_n_chunks,reasoning_peak_pos,reasoning_trough_pos,fold,prob_responsible
OpenManus/002,General Assistant,Retrieval Hallucination,4,0,0,7,0.0,6.0,-0.28007087698074074,0.7673998314133779,0.0,-2.103203699122851,0.0,-4.5548163792402185,0.0,4.5548163792402185,-4.5548163792402185,0.0,0.0,1.0,1.0,10.75606495700388,0.06434539163133803,32.686158958717584,4,1.0384828974529396,7,0.8421052631578947,0.631578947368421,3,0.43194723951661956
OpenManus/002,General Assistant,Retrieval Hallucination,4,1,0,7,0.16666666666666666,5.0,-4.834887256220959,-3.7874165478268407,-4.5548163792402185,2.4516126801173677,-4.5548163792402185,4.843460093433752,4.5548163792402185,4.843460093433752,9.39827647267397,4.5548163792402185,0.0,0.0,1.0,10.75606495700388,0.06434539163133803,32.686158958717584,4,1.0384828974529396,7,0.8421052631578947,0.631578947368421,3,0.23719696483003838
OpenManus/002,General Assistant,Retrieval Hallucination,4,2,0,7,0.3333333333333333,4.0,0.00857283721279245,1.056043545606911,0.2886437141935332,-2.391847413316384,4.843460093433752,-0.3245211532312027,4.843460093433752,0.3245211532312027,-5.167981246664954,0.0,4.843460093433752,1.0,0.0,10.75606495700388,0.06434539163133803,32.686158958717584,4,1.0384828974529396,7,0.8421052631578947,0.631578947368421,3,0.4121195800740693
OpenManus/002,General Assistant,Retrieval Hallucination,4,3,0,7,0.5,3.0,-0.3159483160184102,0.7315223923757084,-0.03587743903766949,-2.0673262600851814,-0.3245211532312027,-5.652690392065416,0.3245211532312027,5.652690392065416,-5.328169238834214,0.3245211532312027,4.518938940202549,0.0,0.0,10.75606495700388,0.06434539163133803,32.686158958717584,4,1.0384828974529396,7,0.8421052631578947,0.631578947368421,3,0.4600651482378371
OpenManus/002,General Assistant,Retrieval Hallucination,4,4,1,7,0.6666666666666666,2.0,-5.968638708083827,-4.9211679996897075,-5.688567831103086,3.585364131980235,-5.652690392065416,12.410590645519733,5.652690392065416,12.410590645519733,18.06328103758515,5.977211545296619,0.0,0.0,1.0,10.75606495700388,0.06434539163133803,32.686158958717584,4,1.0384828974529396,7,0.8421052631578947,0.631578947368421,3,0.38859905123152944
OpenManus/002,General Assistant,Retrieval Hallucination,4,5,0,7,0.8333333333333334,1.0,6.441951937435906,7.489422645830025,6.722022814416647,-8.825226513539498,12.410590645519733,-8.825226513539498,12.410590645519733,8.825226513539498,-21.23581715905923,0.0,12.410590645519733,1.0,0.0,10.75606495700388,0.06434539163133803,32.686158958717584,4,1.0384828974529396,7,0.8421052631578947,0.631578947368421,3,0.5030618257558788
OpenManus/002,General Assistant,Retrieval Hallucination,4,6,0,7,1.0,0.0,-2.3832745761035916,-1.335803867709473,-2.103203699122851,0.0,-8.825226513539498,0.0,8.825226513539498,0.0,8.825226513539498,8.825226513539498,3.585364131980235,0.0,0.0,10.75606495700388,0.06434539163133803,32.686158958717584,4,1.0384828974529396,7,0.8421052631578947,0.631578947368421,3,0.1507644042829532
OpenManus/003,Science,Reasoning Hallucination,0,0,1,5,0.0,4.0,-2.5300629931959584,-1.9442071001949188,0.0,4.77544890450573,0.0,7.280341939327613,0.0,7.280341939327613,7.280341939327613,0.0,0.0,1.0,1.0,9.005188406263079,0.2095798047351951,22.785825717031887,2,0.3681705388807408,5,0.2631578947368421,0.5263157894736842,3,0.8326972570905277
OpenManus/003,Science,Reasoning Hallucination,0,1,0,5,0.25,3.0,4.750278946131655,5.336134839132694,7.280341939327613,-2.504893034821883,7.280341939327613,-9.80769294828361,7.280341939327613,9.80769294828361,-17.088034887611222,0.0,7.280341939327613,1.0,0.0,9.005188406263079,0.2095798047351951,22.785825717031887,2,0.3681705388807408,5,0.2631578947368421,0.5263157894736842,3,0.7246413923751927
OpenManus/003,Science,Reasoning Hallucination,0,2,0,5,0.5,2.0,-5.057414002151955,-4.471558109150915,-2.5273510089559963,7.302799913461726,-9.80769294828361,2.7199466750532437,9.80769294828361,2.7199466750532437,12.527639623336853,9.80769294828361,0.0,0.0,1.0,9.005188406263079,0.2095798047351951,22.785825717031887,2,0.3681705388807408,5,0.2631578947368421,0.5263157894736842,3,0.13118781794024406
OpenManus/003,Science,Reasoning Hallucination,0,3,0,5,0.75,1.0,-2.337467327098711,-1.7516114340976714,0.19259566609724743,4.582853238408482,2.7199466750532437,4.582853238408482,2.7199466750532437,4.582853238408482,1.8629065633552386,7.0877462732303655,2.7199466750532437,0.0,0.0,9.005188406263079,0.2095798047351951,22.785825717031887,2,0.3681705388807408,5,0.2631578947368421,0.5263157894736842,3,0.42458523038139795
OpenManus/003,Science,Reasoning Hallucination,0,4,0,5,1.0,0.0,2.2453859113097714,2.831241804310811,4.77544890450573,0.0,4.582853238408482,0.0,4.582853238408482,0.0,-4.582853238408482,2.504893034821883,7.302799913461726,0.0,0.0,9.005188406263079,0.2095798047351951,22.785825717031887,2,0.3681705388807408,5,0.2631578947368421,0.5263157894736842,3,0.5185071581181763
OpenManus/004,Math,Reasoning Hallucination,4,0,0,6,0.0,5.0,2.6569328786205126,3.8244335563973273,0.0,-9.287729574569184,0.0,-5.019234272071223,0.0,5.019234272071223,-5.019234272071223,0.0,0.0,1.0,1.0,13.05162283434665,0.2881018513219773,32.23766016064017,2,0.5364538356394495,6,0.7894736842105263,1.0,2,0.7091983548882363
OpenManus/004,Math,Reasoning Hallucination,4,1,0,6,0.2,4.0,-2.3623013934507107,-1.194800715673896,-5.019234272071223,-4.268495302497961,-5.019234272071223,-3.030652578395298,5.019234272071223,3.030652578395298,1.9885816936759255,5.019234272071223,0.0,0.0,1.0,13.05162283434665,0.2881018513219773,32.23766016064017,2,0.5364538356394495,6,0.7894736842105263,1.0,2,0.10413492555340162
OpenManus/004,Math,Reasoning Hallucination,4,2,0,6,0.4,3.0,-5.392953971846008,-4.225453294069194,-8.049886850466521,-1.2378427241026628,-3.030652578395298,3.2187407634807244,3.030652578395298,3.2187407634807244,6.249393341876022,8.049886850466521,0.0,0.0,1.0,13.05162283434665,0.2881018513219773,32.23766016064017,2,0.5364538356394495,6,0.7894736842105263,1.0,2,0.08085647518185189
OpenManus/004,Math,Reasoning Hallucination,4,3,0,6,0.6,2.0,-2.174213208365284,-1.0067125305884694,-4.831146086985797,-4.456583487583387,3.2187407634807244,9.072541532694558,3.2187407634807244,9.072541532694558,5.853800769213834,4.831146086985797,3.2187407634807244,0.0,0.0,13.05162283434665,0.2881018513219773,32.23766016064017,2,0.5364538356394495,6,0.7894736842105263,1.0,2,0.7622775020571358
OpenManus/004,Math,Reasoning Hallucination,4,4,1,6,0.8,1.0,6.898328324329274,8.065829002106089,4.241395445708761,-13.529125020277945,9.072541532694558,-13.529125020277945,9.072541532694558,13.529125020277945,-22.601666552972503,0.0,12.291282296175282,1.0,0.0,13.05162283434665,0.2881018513219773,32.23766016064017,2,0.5364538356394495,6,0.7894736842105263,1.0,2,0.4324526992169606
OpenManus/004,Math,Reasoning Hallucination,4,5,0,6,1.0,0.0,-6.630796695948671,-5.463296018171857,-9.287729574569184,0.0,-13.529125020277945,0.0,13.529125020277945,0.0,13.529125020277945,13.529125020277945,0.0,0.0,1.0,13.05162283434665,0.2881018513219773,32.23766016064017,2,0.5364538356394495,6,0.7894736842105263,1.0,2,0.004107941462159636
OpenManus/005,World Knowledge,Retrieval Hallucination,2,0,0,5,0.0,4.0,-7.202465885472591,-4.72017673091897,0.0,2.196506974672623,0.0,9.441228961468465,0.0,9.441228961468465,9.441228961468465,0.0,0.0,1.0,1.0,9.174405414659102,0.07847715128557528,27.989127264311872,3,0.5277756448098291,5,0.7368421052631579,0.0,0,0.8350653477655766
OpenManus/005,World Knowledge,Retrieval Hallucination,2,1,0,5,0.25,3.0,2.238763075995873,4.721052230549494,9.441228961468465,-7.244721986795842,9.441228961468465,-7.028113899489359,9.441228961468465,7.028113899489359,-16.469342860957823,0.0,9.441228961468465,1.0,0.0,9.174405414659102,0.07847715128557528,27.989127264311872,3,0.5277756448098291,5,0.7368421052631579,0.0,0,0.5739687984162177
OpenManus/005,World Knowledge,Retrieval Hallucination,2,2,1,5,0.5,2.0,-4.789350823493486,-2.307061668939865,2.4131150619791057,-0.21660808730648284,-7.028113899489359,7.136917594495554,7.028113899489359,7.136917594495554,14.165031493984912,7.028113899489359,2.4131150619791057,0.0,0.0,9.174405414659102,0.07847715128557528,27.989127264311872,3,0.5277756448098291,5,0.7368421052631579,0.0,0,0.40932597854567737
OpenManus/005,World Knowledge,Retrieval Hallucination,2,3,0,5,0.75,1.0,2.347566771002068,4.829855925555689,9.55003265647466,-7.3535256818020365,7.136917594495554,-7.3535256818020365,7.136917594495554,7.3535256818020365,-14.49044327629759,0.0,9.55003265647466,1.0,0.0,9.174405414659102,0.07847715128557528,27.989127264311872,3,0.5277756448098291,5,0.7368421052631579,0.0,0,0.5155533234798031
OpenManus/005,World Knowledge,Retrieval Hallucination,2,4,0,5,1.0,0.0,-5.0059589107999685,-2.5236697562463477,2.196506974672623,0.0,-7.3535256818020365,0.0,7.3535256818020365,0.0,7.3535256818020365,7.3535256818020365,2.196506974672623,0.0,0.0,9.174405414659102,0.07847715128557528,27.989127264311872,3,0.5277756448098291,5,0.7368421052631579,0.0,0,0.07007346228612803
OpenManus/006,General Assistant,Reasoning Hallucination,2,0,0,7,0.0,6.0,0.021067059296637325,0.7236370291125189,0.0,-2.4661910721292344,0.0,0.1593822945526746,0.0,0.1593822945526746,0.1593822945526746,0.0,0.0,1.0,1.0,10.884148495532465,0.07898814662182746,31.222293187060693,3,0.9619004486780673,7,0.8421052631578947,0.5263157894736842,1,0.5675659185687298
OpenManus/006,General Assistant,Reasoning Hallucination,2,1,0,7,0.16666666666666666,5.0,0.18044935384931193,0.8830193236651935,0.1593822945526746,-2.625573366681909,0.1593822945526746,3.7268167694253655,0.1593822945526746,3.7268167694253655,3.567434474872691,0.0,0.1593822945526746,1.0,0.0,10.884148495532465,0.07898814662182746,31.222293187060693,3,0.9619004486780673,7,0.8421052631578947,0.5263157894736842,1,0.7674831189990119
OpenManus/006,General Assistant,Reasoning Hallucination,2,2,1,7,0.3333333333333333,4.0,3.9072661232746775,4.609836093090559,3.88619906397804,-6.3523901361072745,3.7268167694253655,-10.69436538606637,3.7268167694253655,10.69436538606637,-14.421182155491735,0.0,3.88619906397804,1.0,0.0,10.884148495532465,0.07898814662182746,31.222293187060693,3,0.9619004486780673,7,0.8421052631578947,0.5263157894736842,1,0.6241154484193067
OpenManus/006,General Assistant,Reasoning Hallucination,2,3,0,7,0.5,3.0,-6.787099262791692,-6.084529292975811,-6.808166322088329,4.341975249959095,-10.69436538606637,2.170325924009905,10.69436538606637,2.170325924009905,12.864691310076275,10.69436538606637,0.0,0.0,1.0,10.884148495532465,0.07898814662182746,31.222293187060693,3,0.9619004486780673,7,0.8421052631578947,0.5263157894736842,1,0.021993783684694956
OpenManus/006,General Assistant,Reasoning Hallucination,2,4,0,7,0.6666666666666666,2.0,-4.616773338781787,-3.9142033689659055,-4.637840398078424,2.17164932594919,2.170325924009905,9.438997628056065,2.170325924009905,9.438997628056065,7.2686717040461595,8.524039462056464,2.170325924009905,0.0,0.0,10.884148495532465,0.07898814662182746,31.222293187060693,3,0.9619004486780673,7,0.8421052631578947,0.5263157894736842,1,0.37080394866143934
OpenManus/006,General Assistant,Reasoning Hallucination,2,5,0,7,0.8333333333333334,1.0,4.822224289274278,5.524794259090159,4.80115722997764,-7.267348302106875,9.438997628056065,-7.267348302106875,9.438997628056065,7.267348302106875,-16.70634593016294,0.0,11.60932355206597,1.0,0.0,10.884148495532465,0.07898814662182746,31.222293187060693,3,0.9619004486780673,7,0.8421052631578947,0.5263157894736842,1,0.42976800180030533
OpenManus/006,General Assistant,Reasoning Hallucination,2,6,0,7,1.0,0.0,-2.445124012832597,-1.7425540430167155,-2.4661910721292344,0.0,-7.267348302106875,0.0,7.267348302106875,0.0,7.267348302106875,7.267348302106875,4.341975249959095,0.0,0.0,10.884148495532465,0.07898814662182746,31.222293187060693,3,0.9619004486780673,7,0.8421052631578947,0.5263157894736842,1,0.08133169428666542
OpenManus/007,World Knowledge,Retrieval Hallucination,1,0,0,3,0.0,2.0,-2.2772597920915487,-1.5123902201296118,0.0,2.2823497079497095,0.0,2.2548209524391254,0.0,2.2548209524391254,2.2548209524391254,0.0,0.0,1.0,1.0,2.2823497079497095,1.0,2.2823497079497095,0,0.013025100566833599,3,1.0,0.0,3,0.8098350905559033
OpenManus/007,World Knowledge,Retrieval Hallucination,1,1,1,3,0.5,1.0,-0.022438839652423326,0.7424307323095137,2.2548209524391254,0.02752875551058409,2.2548209524391254,0.02752875551058409,2.2548209524391254,0.02752875551058409,-2.2272921969285413,0.0,2.2548209524391254,1.0,0.0,2.2823497079497095,1.0,2.2823497079497095,0,0.013025100566833599,3,1.0,0.0,3,0.6444405609333315
OpenManus/007,World Knowledge,Retrieval Hallucination,1,2,0,3,1.0,0.0,0.005089915858160765,0.7699594878200978,2.2823497079497095,0.0,0.02752875551058409,0.0,0.02752875551058409,0.0,-0.02752875551058409,0.0,2.2823497079497095,1.0,0.0,2.2823497079497095,1.0,2.2823497079497095,0,0.013025100566833599,3,1.0,0.0,3,0.4539532821645834
OpenManus/009,World Knowledge,Retrieval Hallucination,2,0,0,4,0.0,3.0,-6.424341659542364,-5.8902893797777125,0.0,6.457877308317464,0.0,10.68491539478109,0.0,10.68491539478109,10.68491539478109,0.0,0.0,1.0,1.0,10.23580480754227,0.45837614721393666,14.088598081661077,2,0.1689256933738936,4,0.3684210526315789,0.0,0,0.888086735125511
OpenManus/009,World Knowledge,Retrieval Hallucination,2,1,0,4,0.3333333333333333,2.0,4.260573735238726,4.794626015003377,10.68491539478109,-4.227038086463626,10.68491539478109,-4.266550578768793,10.68491539478109,4.266550578768793,-14.951465973549883,0.0,10.68491539478109,1.0,0.0,10.23580480754227,0.45837614721393666,14.088598081661077,2,0.1689256933738936,4,0.3684210526315789,0.0,0,0.6430821914908768
OpenManus/009,World Knowledge,Retrieval Hallucination,2,2,1,4,0.6666666666666666,1.0,-0.005976843530067555,0.5280754362345839,6.418364816012296,0.03951249230516751,-4.266550578768793,0.03951249230516751,4.266550578768793,0.03951249230516751,4.306063071073961,4.266550578768793,6.418364816012296,0.0,0.0,10.23580480754227,0.45837614721393666,14.088598081661077,2,0.1689256933738936,4,0.3684210526315789,0.0,0,0.2515864359535927
OpenManus/009,World Knowledge,Retrieval Hallucination,2,3,0,4,1.0,0.0,0.03353564877509996,0.5675879285397514,6.457877308317464,0.0,0.03951249230516751,0.0,0.03951249230516751,0.0,-0.03951249230516751,4.227038086463626,6.457877308317464,0.0,0.0,10.23580480754227,0.45837614721393666,14.088598081661077,2,0.1689256933738936,4,0.3684210526315789,0.0,0,0.23057914446241215
OpenManus/010,Math,Reasoning Hallucination,0,0,1,8,0.0,7.0,2.633693157228034,3.669697864659022,0.0,-7.317667412271405,0.0,-4.6551361402847675,0.0,4.6551361402847675,-4.6551361402847675,0.0,0.0,1.0,1.0,8.7005982974094,0.23554427924284782,31.06705641841056,4,1.0429764963606274,8,0.8421052631578947,1.0,2,0.5950322304152409
OpenManus/010,Math,Reasoning Hallucination,0,1,0,8,0.14285714285714285,6.0,-2.0214429830567333,-0.9854382756257456,-4.6551361402847675,-2.662531271986637,-4.6551361402847675,-2.2729067394145304,4.6551361402847675,2.2729067394145304,2.382229400870237,4.6551361402847675,0.0,0.0,1.0,8.7005982974094,0.23554427924284782,31.06705641841056,4,1.0429764963606274,8,0.8421052631578947,1.0,2,0.09624330163385286
OpenManus/010,Math,Reasoning Hallucination,0,2,0,8,0.2857142857142857,5.0,-4.294349722471264,-3.258345015040276,-6.928042879699298,-0.38962453257210683,-2.2729067394145304,-0.19967113405039782,2.2729067394145304,0.19967113405039782,2.0732356053641325,6.928042879699298,0.0,0.0,1.0,8.7005982974094,0.23554427924284782,31.06705641841056,4,1.0429764963606274,8,0.8421052631578947,1.0,2,0.044188042890766686
OpenManus/010,Math,Reasoning Hallucination,0,3,0,8,0.42857142857142855,4.0,-4.4940208565216615,-3.458016149090674,-7.127714013749696,-0.189953398521709,-0.19967113405039782,6.684817229362061,0.19967113405039782,6.684817229362061,6.8844883634124585,7.127714013749696,0.0,0.0,1.0,8.7005982974094,0.23554427924284782,31.06705641841056,4,1.0429764963606274,8,0.8421052631578947,1.0,2,0.35799977414996037
OpenManus/010,Math,Reasoning Hallucination,0,4,0,8,0.5714285714285714,3.0,2.190796372840399,3.226801080271387,-0.442896784387635,-6.87477062788377,6.684817229362061,-4.579758115250449,6.684817229362061,4.579758115250449,-11.26457534461251,0.442896784387635,6.684817229362061,0.0,0.0,8.7005982974094,0.23554427924284782,31.06705641841056,4,1.0429764963606274,8,0.8421052631578947,1.0,2,0.345661979186836
OpenManus/010,Math,Reasoning Hallucination,0,5,0,8,0.7142857142857143,2.0,-2.38896174241005,-1.3529570349790623,-5.022654899638084,-2.2950125126333205,-4.579758115250449,7.159184112396794,4.579758115250449,7.159184112396794,11.738942227647243,5.022654899638084,2.1050591141116115,0.0,0.0,8.7005982974094,0.23554427924284782,31.06705641841056,4,1.0429764963606274,8,0.8421052631578947,1.0,2,0.5925624033755876
OpenManus/010,Math,Reasoning Hallucination,0,6,0,8,0.8571428571428571,1.0,4.770222369986744,5.806227077417732,2.1365292127587097,-9.454196625030114,7.159184112396794,-9.454196625030114,7.159184112396794,9.454196625030114,-16.61338073742691,0.0,9.264243226508405,1.0,0.0,8.7005982974094,0.23554427924284782,31.06705641841056,4,1.0429764963606274,8,0.8421052631578947,1.0,2,0.4355373009662825
OpenManus/010,Math,Reasoning Hallucination,0,7,0,8,1.0,0.0,-4.6839742550433705,-3.647969547612383,-7.317667412271405,0.0,-9.454196625030114,0.0,9.454196625030114,0.0,9.454196625030114,9.454196625030114,0.0,0.0,1.0,8.7005982974094,0.23554427924284782,31.06705641841056,4,1.0429764963606274,8,0.8421052631578947,1.0,2,0.028020624046745036
OpenManus/011,Science,Human-Interaction Hallucination,1,0,0,4,0.0,3.0,2.75930002563085,3.2767268126230302,0.0,-11.748790071517995,0.0,-3.1731356952091936,0.0,3.1731356952091936,-3.1731356952091936,0.0,0.0,1.0,1.0,13.038739723390508,0.5775930870241955,20.34094648197518,2,0.2343267781214989,4,0.631578947368421,1.0,1,0.8586002316790209
OpenManus/011,Science,Human-Interaction Hallucination,1,1,1,4,0.3333333333333333,2.0,-0.4138356695783436,0.10359111741383664,-3.1731356952091936,-8.575654376308801,-3.1731356952091936,4.988154211444261,3.1731356952091936,4.988154211444261,8.161289906653455,3.1731356952091936,0.0,0.0,1.0,13.038739723390508,0.5775930870241955,20.34094648197518,2,0.2343267781214989,4,0.631578947368421,1.0,1,0.7297224279149427
OpenManus/011,Science,Human-Interaction Hallucination,1,2,0,4,0.6666666666666666,1.0,4.574318541865917,5.091745328858098,1.8150185162350674,-13.563808587753062,4.988154211444261,-13.563808587753062,4.988154211444261,13.563808587753062,-18.551962799197323,0.0,4.988154211444261,1.0,0.0,13.038739723390508,0.5775930870241955,20.34094648197518,2,0.2343267781214989,4,0.631578947368421,1.0,1,0.6125823294505457
OpenManus/011,Science,Human-Interaction Hallucination,1,3,0,4,1.0,0.0,-8.989490045887145,-8.472063258894964,-11.748790071517995,0.0,-13.563808587753062,0.0,13.563808587753062,0.0,13.563808587753062,13.563808587753062,0.0,0.0,1.0,13.038739723390508,0.5775930870241955,20.34094648197518,2,0.2343267781214989,4,0.631578947368421,1.0,1,0.0028053626450208055
OpenManus/013,Science,Reasoning Hallucination,0,0,1,6,0.0,5.0,-5.05429669640867,-4.782020524927069,0.0,0.33866791153695175,0.0,11.261302253126587,0.0,11.261302253126587,11.261302253126587,0.0,0.0,1.0,1.0,11.559665066596292,0.008330972298888564,40.65166698275224,3,0.8740523276106656,6,0.7894736842105263,0.0,0,0.8573433167696258
OpenManus/013,Science,Reasoning Hallucination,0,1,0,6,0.2,4.0,6.207005556717917,6.479281728199518,11.261302253126587,-10.922634341589635,11.261302253126587,-8.02034800977427,11.261302253126587,8.02034800977427,-19.281650262900857,0.0,11.261302253126587,1.0,0.0,11.559665066596292,0.008330972298888564,40.65166698275224,3,0.8740523276106656,6,0.7894736842105263,0.0,0,0.5937939477278044
OpenManus/013,Science,Reasoning Hallucination,0,2,0,6,0.4,3.0,-1.8133424530563538,-1.541066281574753,3.2409542433523164,-2.9022863318153647,-8.02034800977427,-1.4946047679106407,8.02034800977427,1.4946047679106407,6.52574324186363,8.02034800977427,3.2409542433523164,0.0,0.0,11.559665066596292,0.008330972298888564,40.65166698275224,3,0.8740523276106656,6,0.7894736842105263,0.0,0,0.0864432920727976
OpenManus/013,Science,Reasoning Hallucination,0,3,0,6,0.6,2.0,-3.3079472209669945,-3.035671049485394,1.7463494754416757,-1.407681563904724,-1.4946047679106407,10.35849979066321,1.4946047679106407,10.35849979066321,11.85310455857385,9.514952777684911,1.7463494754416757,0.0,0.0,11.559665066596292,0.008330972298888564,40.65166698275224,3,0.8740523276106656,6,0.7894736842105263,0.0,0,0.5300823652533518
OpenManus/013,Science,Reasoning Hallucination,0,4,0,6,0.8,1.0,7.050552569696215,7.322828741177816,12.104849266104885,-11.766181354567934,10.35849979066321,-11.766181354567934,10.35849979066321,11.766181354567934,-22.124681145231143,0.0,12.104849266104885,1.0,0.0,11.559665066596292,0.008330972298888564,40.65166698275224,3,0.8740523276106656,6,0.7894736842105263,0.0,0,0.5677025116675979
OpenManus/013,Science,Reasoning Hallucination,0,5,0,6,1.0,0.0,-4.715628784871718,-4.443352613390117,0.33866791153695175,0.0,-11.766181354567934,0.0,11.766181354567934,0.0,11.766181354567934,11.766181354567934,0.33866791153695175,0.0,0.0,11.559665066596292,0.008330972298888564,40.65166698275224,3,0.8740523276106656,6,0.7894736842105263,0.0,0,0.024204161018960224
OpenManus/014,World Knowledge,Human-Interaction Hallucination,12,0,0,13,0.0,12.0,-0.023567520253052976,-0.02854544101795671,0.0,-2.4837532862836937,0.0,-2.063418170336085,0.0,2.063418170336085,-2.063418170336085,0.0,0.0,1.0,1.0,12.315823353976961,0.046594610736818746,53.30559150526498,8,4.166039855080208,13,0.15789473684210525,0.7368421052631579,4,0.14366636882557204
OpenManus/014,World Knowledge,Human-Interaction Hallucination,12,1,0,13,0.08333333333333333,11.0,-2.086985690589138,-2.091963611354042,-2.063418170336085,-0.42033511594760853,-2.063418170336085,9.921855820768457,2.063418170336085,9.921855820768457,11.985273991104542,2.063418170336085,0.0,0.0,1.0,12.315823353976961,0.046594610736818746,53.30559150526498,8,4.166039855080208,13,0.15789473684210525,0.7368421052631579,4,0.614671118421463
OpenManus/014,World Knowledge,Human-Interaction Hallucination,12,2,0,13,0.16666666666666666,10.0,7.834870130179318,7.829892209414415,7.858437650432371,-10.342190936716065,9.921855820768457,-2.2929994588662197,9.921855820768457,2.2929994588662197,-12.214855279634676,0.0,9.921855820768457,1.0,0.0,12.315823353976961,0.046594610736818746,53.30559150526498,8,4.166039855080208,13,0.15789473684210525,0.7368421052631579,4,0.44031760700423905
OpenManus/014,World Knowledge,Human-Interaction Hallucination,12,3,0,13,0.25,9.0,5.541870671313099,5.536892750548195,5.565438191566152,-8.049191477849845,-2.2929994588662197,-9.591740032820347,2.2929994588662197,9.591740032820347,-7.298740573954127,2.2929994588662197,7.628856361902237,0.0,0.0,12.315823353976961,0.046594610736818746,53.30559150526498,8,4.166039855080208,13,0.15789473684210525,0.7368421052631579,4,0.46270063494282954
OpenManus/014,World Knowledge,Human-Interaction Hallucination,12,4,0,13,0.3333333333333333,8.0,-4.049869361507248,-4.054847282272152,-4.026301841254195,1.5425485549705016,-9.591740032820347,-1.058202400905465,9.591740032820347,1.058202400905465,8.533537631914882,11.884739491686567,0.0,0.0,1.0,12.315823353976961,0.046594610736818746,53.30559150526498,8,4.166039855080208,13,0.15789473684210525,0.7368421052631579,4,0.01201549851527032
OpenManus/014,World Knowledge,Human-Interaction Hallucination,12,5,0,13,0.4166666666666667,7.0,-5.108071762412713,-5.113049683177617,-5.08450424215966,2.6007509558759665,-1.058202400905465,9.639548244764072,1.058202400905465,9.639548244764072,10.697750645669537,12.942941892592032,0.0,0.0,1.0,12.315823353976961,0.046594610736818746,53.30559150526498,8,4.166039855080208,13,0.15789473684210525,0.7368421052631579,4,0.097078882412613
OpenManus/014,World Knowledge,Human-Interaction Hallucination,12,6,0,13,0.5,6.0,4.5314764823513585,4.526498561586455,4.5550440026044114,-7.038797288888105,9.639548244764072,-6.85823349649392,9.639548244764072,6.85823349649392,-16.49778174125799,3.30339364782796,9.639548244764072,0.0,0.0,12.315823353976961,0.046594610736818746,53.30559150526498,8,4.166039855080208,13,0.15789473684210525,0.7368421052631579,4,0.2912378516080469
OpenManus/014,World Knowledge,Human-Interaction Hallucination,12,7,0,13,0.5833333333333334,5.0,-2.3267570141425615,-2.331734934907465,-2.3031894938895086,-0.18056379239418519,-6.85823349649392,4.808322876069266,6.85823349649392,4.808322876069266,11.666556372563186,10.16162714432188,2.7813147482701517,0.0,0.0,12.315823353976961,0.046594610736818746,53.30559150526498,8,4.166039855080208,13,0.15789473684210525,0.7368421052631579,4,0.11345704230270776
OpenManus/014,World Knowledge,Human-Interaction Hallucination,12,8,0,13,0.6666666666666666,4.0,2.481565861926704,2.4765879411618004,2.505133382179757,-4.988886668463451,4.808322876069266,-9.508223391893726,4.808322876069266,9.508223391893726,-14.316546267962991,5.353304268252614,7.589637624339417,0.0,0.0,12.315823353976961,0.046594610736818746,53.30559150526498,8,4.166039855080208,13,0.15789473684210525,0.7368421052631579,4,0.19641531039690652
OpenManus/014,World Knowledge,Human-Interaction Hallucination,12,9,0,13,0.75,3.0,-7.0266575299670215,-7.031635450731925,-7.0030900097139686,4.519336723430275,-9.508223391893726,9.637339156548233,9.508223391893726,9.637339156548233,19.14556254844196,14.86152766014634,0.0,0.0,1.0,12.315823353976961,0.046594610736818746,53.30559150526498,8,4.166039855080208,13,0.15789473684210525,0.7368421052631579,4,0.04794947563637241
OpenManus/014,World Knowledge,Human-Interaction Hallucination,12,10,0,13,0.8333333333333334,2.0,2.6106816265812114,2.6057037058163077,2.6342491468342644,-5.118002433117958,9.637339156548233,-2.4172037435806715,9.637339156548233,2.4172037435806715,-12.054542900128904,5.224188503598107,9.637339156548233,0.0,0.0,12.315823353976961,0.046594610736818746,53.30559150526498,8,4.166039855080208,13,0.15789473684210525,0.7368421052631579,4,0.18330614352191785
OpenManus/014,World Knowledge,Human-Interaction Hallucination,12,11,0,13,0.9166666666666666,1.0,0.19347788300053992,0.1884999622356362,0.2170454032535929,-2.7007986895372866,-2.4172037435806715,-2.7007986895372866,2.4172037435806715,2.7007986895372866,-0.28359494595661516,7.6413922471787785,7.2201354129675615,0.0,0.0,12.315823353976961,0.046594610736818746,53.30559150526498,8,4.166039855080208,13,0.15789473684210525,0.7368421052631579,4,0.11398672290792264
OpenManus/014,World Knowledge,Human-Interaction Hallucination,12,12,1,13,1.0,0.0,-2.5073208065367467,-2.5122987273016504,-2.4837532862836937,0.0,-2.7007986895372866,0.0,2.7007986895372866,0.0,2.7007986895372866,10.342190936716065,4.519336723430275,0.0,0.0,12.315823353976961,0.046594610736818746,53.30559150526498,8,4.166039855080208,13,0.15789473684210525,0.7368421052631579,4,0.04401613417755503
OpenManus/015,World Knowledge,Retrieval Hallucination,1,0,0,6,0.0,5.0,-2.6795670350978718,-1.1019382465602494,0.0,0.16757888274808508,0.0,4.9235162918243525,0.0,4.9235162918243525,4.9235162918243525,0.0,0.0,1.0,1.0,5.985107830008099,0.009485657407080302,17.666554415406207,3,0.3952945307893987,6,0.21052631578947367,0.42105263157894735,3,0.7031179843966306
OpenManus/015,World Knowledge,Retrieval Hallucination,1,1,1,6,0.2,4.0,2.2439492567264807,3.8215780452641033,4.9235162918243525,-4.755937409076267,4.9235162918243525,-6.490968171663955,4.9235162918243525,6.490968171663955,-11.414484463488307,0.0,4.9235162918243525,1.0,0.0,5.985107830008099,0.009485657407080302,17.666554415406207,3,0.3952945307893987,6,0.21052631578947367,0.42105263157894735,3,0.642007080405092
OpenManus/015,World Knowledge,Retrieval Hallucination,1,2,0,6,0.4,3.0,-4.247018914937474,-2.6693901263998514,-1.5674518798396022,1.7350307625876873,-6.490968171663955,1.5601891598986626,6.490968171663955,1.5601891598986626,8.051157331562617,6.490968171663955,0.0,0.0,1.0,5.985107830008099,0.009485657407080302,17.666554415406207,3,0.3952945307893987,6,0.21052631578947367,0.42105263157894735,3,0.2018605359228321
OpenManus/015,World Knowledge,Retrieval Hallucination,1,3,0,6,0.6,2.0,-2.6868297550388114,-1.109200966501189,-0.007262719940939633,0.1748416026890247,1.5601891598986626,3.102511624510541,1.5601891598986626,3.102511624510541,1.5423224646118783,4.930779011765292,1.5601891598986626,0.0,0.0,5.985107830008099,0.009485657407080302,17.666554415406207,3,0.3952945307893987,6,0.21052631578947367,0.42105263157894735,3,0.4542659465932831
OpenManus/015,World Knowledge,Retrieval Hallucination,1,4,0,6,0.8,1.0,0.41568186947172947,1.9933106580093518,3.0952489045696012,-2.927670021821516,3.102511624510541,-2.927670021821516,3.102511624510541,2.927670021821516,-6.030181646332057,1.8282673872547512,4.662700784409203,0.0,0.0,5.985107830008099,0.009485657407080302,17.666554415406207,3,0.3952945307893987,6,0.21052631578947367,0.42105263157894735,3,0.48191736596856044
OpenManus/015,World Knowledge,Retrieval Hallucination,1,5,0,6,1.0,0.0,-2.5119881523497867,-0.9343593638121643,0.16757888274808508,0.0,-2.927670021821516,0.0,2.927670021821516,0.0,2.927670021821516,4.755937409076267,1.7350307625876873,0.0,0.0,5.985107830008099,0.009485657407080302,17.666554415406207,3,0.3952945307893987,6,0.21052631578947367,0.42105263157894735,3,0.2844311454525726
OpenManus/017,Math,Reasoning Hallucination,2,0,0,9,0.0,8.0,2.7050451946359537,3.7568914733810663,0.0,-2.3635395838391133,0.0,-5.007764080178848,0.0,5.007764080178848,-5.007764080178848,0.0,0.0,1.0,1.0,7.402015534608855,0.08317763148409237,28.415567282546842,7,1.4305727348479975,9,0.0,0.3684210526315789,3,0.4838969632938035
OpenManus/017,Math,Reasoning Hallucination,2,1,0,9,0.125,7.0,-2.3027188855428946,-1.2508726067977822,-5.007764080178848,2.644224496339735,-5.007764080178848,4.417285230600438,5.007764080178848,4.417285230600438,9.425049310779286,5.007764080178848,0.0,0.0,1.0,7.402015534608855,0.08317763148409237,28.415567282546842,7,1.4305727348479975,9,0.0,0.3684210526315789,3,0.2557971219001736
OpenManus/017,Math,Reasoning Hallucination,2,2,1,9,0.25,6.0,2.1145663450575434,3.166412623802656,-0.5904788495784103,-1.773060734260703,4.417285230600438,-7.18995538975436,4.417285230600438,7.18995538975436,-11.607240620354798,0.5904788495784103,4.417285230600438,0.0,0.0,7.402015534608855,0.08317763148409237,28.415567282546842,7,1.4305727348479975,9,0.0,0.3684210526315789,3,0.37567168770044324
OpenManus/017,Math,Reasoning Hallucination,2,3,0,9,0.375,5.0,-5.075389044696816,-4.023542765951704,-7.78043423933277,5.416894655493657,-7.18995538975436,5.1558460253459515,7.18995538975436,5.1558460253459515,12.345801415100311,7.78043423933277,0.0,0.0,1.0,7.402015534608855,0.08317763148409237,28.415567282546842,7,1.4305727348479975,9,0.0,0.3684210526315789,3,0.13097342475911078
OpenManus/017,Math,Reasoning Hallucination,2,4,0,9,0.5,4.0,0.08045698064913509,1.1323032593942475,-2.6245882139868186,0.2610486301477053,5.1558460253459515,-2.509652673772756,5.1558460253459515,2.509652673772756,-7.665498699118707,2.6245882139868186,5.1558460253459515,0.0,0.0,7.402015534608855,0.08317763148409237,28.415567282546842,7,1.4305727348479975,9,0.0,0.3684210526315789,3,0.29413557609392355
OpenManus/017,Math,Reasoning Hallucination,2,5,0,9,0.625,3.0,-2.4291956931236207,-1.3773494143785083,-5.134240887759574,2.770701303920461,-2.509652673772756,2.100793357285834,2.509652673772756,2.100793357285834,4.61044603105859,5.134240887759574,2.6461933515731957,0.0,0.0,7.402015534608855,0.08317763148409237,28.415567282546842,7,1.4305727348479975,9,0.0,0.3684210526315789,3,0.3423579705629511
OpenManus/017,Math,Reasoning Hallucination,2,6,0,9,0.75,2.0,-0.32840233583778655,0.7234439429073258,-3.0334475304737403,0.6699079466346269,2.100793357285834,-4.2440823448065785,2.100793357285834,4.2440823448065785,-6.344875702092413,3.0334475304737403,4.74698670885903,0.0,0.0,7.402015534608855,0.08317763148409237,28.415567282546842,7,1.4305727348479975,9,0.0,0.3684210526315789,3,0.3780916304871002
OpenManus/017,Math,Reasoning Hallucination,2,7,0,9,0.875,1.0,-4.572484680644365,-3.5206384018992525,-7.277529875280319,4.9139902914412055,-4.2440823448065785,4.9139902914412055,4.2440823448065785,4.9139902914412055,9.158072636247784,7.277529875280319,0.5029043640524513,0.0,0.0,7.402015534608855,0.08317763148409237,28.415567282546842,7,1.4305727348479975,9,0.0,0.3684210526315789,3,0.2875602728187005
OpenManus/017,Math,Reasoning Hallucination,2,8,0,9,1.0,0.0,0.3415056107968404,1.3933518895419528,-2.3635395838391133,0.0,4.9139902914412055,0.0,4.9139902914412055,0.0,-4.9139902914412055,2.3635395838391133,5.416894655493657,0.0,0.0,7.402015534608855,0.08317763148409237,28.415567282546842,7,1.4305727348479975,9,0.0,0.3684210526315789,3,0.44550931737139376
OpenManus/018,Math,Human-Interaction Hallucination,7,0,0,9,0.0,8.0,0.051667917002781394,0.8091480823236539,0.0,-2.2300591211070397,0.0,0.21083877508002047,0.0,0.21083877508002047,0.21083877508002047,0.0,0.0,1.0,1.0,9.604141621124224,0.06265378972549471,35.59336363973522,5,1.7276312831829679,9,0.8947368421052632,0.7368421052631579,1,0.42466975296653836
OpenManus/018,Math,Human-Interaction Hallucination,7,1,0,9,0.125,7.0,0.26250669208280186,1.0199868574036743,0.21083877508002047,-2.44089789618706,0.21083877508002047,1.7642044279235343,0.21083877508002047,1.7642044279235343,1.5533656528435138,0.0,0.21083877508002047,1.0,0.0,9.604141621124224,0.06265378972549471,35.59336363973522,5,1.7276312831829679,9,0.8947368421052632,0.7368421052631579,1,0.5857456110377959
OpenManus/018,Math,Human-Interaction Hallucination,7,2,0,9,0.25,6.0,2.026711120006336,2.784191285327209,1.9750432030035547,-4.2051023241105945,1.7642044279235343,-4.702184211459528,1.7642044279235343,4.702184211459528,-6.466388639383062,0.0,1.9750432030035547,1.0,0.0,9.604141621124224,0.06265378972549471,35.59336363973522,5,1.7276312831829679,9,0.8947368421052632,0.7368421052631579,1,0.523270971207161
OpenManus/018,Math,Human-Interaction Hallucination,7,3,0,9,0.375,5.0,-2.675473091453192,-1.9179929261323194,-2.7271410084559733,0.49708188734893355,-4.702184211459528,-1.5944852937234195,4.702184211459528,1.5944852937234195,3.1076989177361085,4.702184211459528,0.0,0.0,1.0,9.604141621124224,0.06265378972549471,35.59336363973522,5,1.7276312831829679,9,0.8947368421052632,0.7368421052631579,1,0.11684443303345839
OpenManus/018,Math,Human-Interaction Hallucination,7,4,0,9,0.5,4.0,-4.269958385176611,-3.5124782198557387,-4.321626302179393,2.091567181072353,-1.5944852937234195,6.409478190866725,1.5944852937234195,6.409478190866725,8.003963484590145,6.2966695051829475,0.0,0.0,1.0,9.604141621124224,0.06265378972549471,35.59336363973522,5,1.7276312831829679,9,0.8947368421052632,0.7368421052631579,1,0.24926238086719796
OpenManus/018,Math,Human-Interaction Hallucination,7,5,0,9,0.625,3.0,2.1395198056901137,2.8969999710109864,2.0878518886873323,-4.317911009794372,6.409478190866725,-9.050894760115156,6.409478190866725,9.050894760115156,-15.460372950981881,0.0,6.409478190866725,1.0,0.0,9.604141621124224,0.06265378972549471,35.59336363973522,5,1.7276312831829679,9,0.8947368421052632,0.7368421052631579,1,0.3283827930623084
OpenManus/018,Math,Human-Interaction Hallucination,7,6,0,9,0.75,2.0,-6.9113749544250425,-6.15389478910417,-6.963042871427824,4.732983750320784,-9.050894760115156,11.648845566914261,9.050894760115156,11.648845566914261,20.699740327029417,9.050894760115156,0.0,0.0,1.0,9.604141621124224,0.06265378972549471,35.59336363973522,5,1.7276312831829679,9,0.8947368421052632,0.7368421052631579,1,0.12235329543838877
OpenManus/018,Math,Human-Interaction Hallucination,7,7,1,9,0.875,1.0,4.7374706124892185,5.494950777810091,4.685802695486437,-6.915861816593477,11.648845566914261,-6.915861816593477,11.648845566914261,6.915861816593477,-18.564707383507738,0.0,11.648845566914261,1.0,0.0,9.604141621124224,0.06265378972549471,35.59336363973522,5,1.7276312831829679,9,0.8947368421052632,0.7368421052631579,1,0.3660857411416892
OpenManus/018,Math,Human-Interaction Hallucination,7,8,0,9,1.0,0.0,-2.1783912041042583,-1.4209110387833859,-2.2300591211070397,0.0,-6.915861816593477,0.0,6.915861816593477,0.0,6.915861816593477,6.915861816593477,4.732983750320784,0.0,0.0,9.604141621124224,0.06265378972549471,35.59336363973522,5,1.7276312831829679,9,0.8947368421052632,0.7368421052631579,1,0.09317319388610913
OpenManus/019,Math,Reasoning Hallucination,0,0,1,5,0.0,4.0,2.532553975581777,2.7772129546352344,0.0,-6.20960161476491,0.0,-7.201136966861224,0.0,7.201136966861224,-7.201136966861224,0.0,0.0,1.0,1.0,8.512789545685836,0.2672499815387667,23.235180706136582,2,0.39013312320799287,5,0.5263157894736842,0.2631578947368421,1,0.7789641333726626
OpenManus/019,Math,Reasoning Hallucination,0,1,0,5,0.25,3.0,-4.668582991279447,-4.4239240122259895,-7.201136966861224,0.9915353520963137,-7.201136966861224,9.563507563120432,7.201136966861224,9.563507563120432,16.764644529981656,7.201136966861224,0.0,0.0,1.0,8.512789545685836,0.2672499815387667,23.235180706136582,2,0.39013312320799287,5,0.5263157894736842,0.2631578947368421,1,0.4084386209795404
OpenManus/019,Math,Reasoning Hallucination,0,2,0,5,0.5,2.0,4.894924571840985,5.139583550894442,2.3623705962592076,-8.571972211024118,9.563507563120432,-5.200067384068454,9.563507563120432,5.200067384068454,-14.763574947188886,0.0,9.563507563120432,1.0,0.0,8.512789545685836,0.2672499815387667,23.235180706136582,2,0.39013312320799287,5,0.5263157894736842,0.2631578947368421,1,0.6141316875866426
OpenManus/019,Math,Reasoning Hallucination,0,3,0,5,0.75,1.0,-0.3051428122274693,-0.0604838331740119,-2.8376967878092465,-3.3719048269556637,-5.200067384068454,-3.3719048269556637,5.200067384068454,3.3719048269556637,1.8281625571127904,5.200067384068454,4.3634401790519775,0.0,0.0,8.512789545685836,0.2672499815387667,23.235180706136582,2,0.39013312320799287,5,0.5263157894736842,0.2631578947368421,1,0.23482490914088183
OpenManus/019,Math,Reasoning Hallucination,0,4,0,5,1.0,0.0,-3.677047639183133,-3.432388660129676,-6.20960161476491,0.0,-3.3719048269556637,0.0,3.3719048269556637,0.0,3.3719048269556637,8.571972211024118,0.9915353520963137,0.0,0.0,8.512789545685836,0.2672499815387667,23.235180706136582,2,0.39013312320799287,5,0.5263157894736842,0.2631578947368421,1,0.08379213760065587
OpenManus/020,Math,Reasoning Hallucination,0,0,1,7,0.0,6.0,2.360979567490137,3.075085230526714,0.0,-0.0681371568167819,0.0,-8.132132337889932,0.0,8.132132337889932,-8.132132337889932,0.0,0.0,1.0,1.0,7.704125372737829,0.0031187446711496403,21.847622682002047,3,0.6508777439043834,7,0.0,0.15789473684210525,0,0.7125697445177858
OpenManus/020,Math,Reasoning Hallucination,0,1,0,7,0.16666666666666666,5.0,-5.7711527703997945,-5.057047107363218,-8.132132337889932,8.06399518107315,-8.132132337889932,5.1416197847184755,8.132132337889932,5.1416197847184755,13.273752122608407,8.132132337889932,0.0,0.0,1.0,7.704125372737829,0.0031187446711496403,21.847622682002047,3,0.6508777439043834,7,0.0,0.15789473684210525,0,0.1645539969296953
OpenManus/020,Math,Reasoning Hallucination,0,2,0,7,0.3333333333333333,4.0,-0.629532985681319,0.08457267735525775,-2.990512553171456,2.922375396354674,5.1416197847184755,-4.5065359972623185,5.1416197847184755,4.5065359972623185,-9.648155781980794,2.990512553171456,5.1416197847184755,0.0,0.0,7.704125372737829,0.0031187446711496403,21.847622682002047,3,0.6508777439043834,7,0.0,0.15789473684210525,0,0.23586469761467316
OpenManus/020,Math,Reasoning Hallucination,0,3,0,7,0.5,3.0,-5.1360689829436375,-4.421963319907061,-7.4970485504337745,7.428911393616993,-4.5065359972623185,4.944167808822812,4.5065359972623185,4.944167808822812,9.45070380608513,7.4970485504337745,0.635083787456157,0.0,0.0,7.704125372737829,0.0031187446711496403,21.847622682002047,3,0.6508777439043834,7,0.0,0.15789473684210525,0,0.21382233890679797
OpenManus/020,Math,Reasoning Hallucination,0,4,0,7,0.6666666666666666,2.0,-0.19190117412082586,0.5222044889157509,-2.552880741610963,2.484743584794181,4.944167808822812,2.2679954678468732,4.944167808822812,2.2679954678468732,-2.6761723409759384,2.552880741610963,5.579251596278969,0.0,0.0,7.704125372737829,0.0031187446711496403,21.847622682002047,3,0.6508777439043834,7,0.0,0.15789473684210525,0,0.4528316928226835
OpenManus/020,Math,Reasoning Hallucination,0,5,0,7,0.8333333333333334,1.0,2.0760942937260474,2.790199956762624,-0.2848852737640897,0.21674811694730778,2.2679954678468732,0.21674811694730778,2.2679954678468732,0.21674811694730778,-2.0512473508995654,0.2848852737640897,7.847247064125842,0.0,0.0,7.704125372737829,0.0031187446711496403,21.847622682002047,3,0.6508777439043834,7,0.0,0.15789473684210525,0,0.5356361691156919
OpenManus/020,Math,Reasoning Hallucination,0,6,0,7,1.0,0.0,2.292842410673355,3.006948073709932,-0.0681371568167819,0.0,0.21674811694730778,0.0,0.21674811694730778,0.0,-0.21674811694730778,0.0681371568167819,8.06399518107315,0.0,0.0,7.704125372737829,0.0031187446711496403,21.847622682002047,3,0.6508777439043834,7,0.0,0.15789473684210525,0,0.5591020241934314
OpenManus/021,Math,Reasoning Hallucination,0,0,1,6,0.0,5.0,2.821193158306052,3.4584150338173263,0.0,-5.215768983113772,0.0,-2.6829717608840724,0.0,2.6829717608840724,-2.6829717608840724,0.0,0.0,1.0,1.0,5.279203725243557,0.7754802674712796,6.7258564813281225,2,0.14288318650376283,6,0.0,0.631578947368421,4,0.806453259341854
OpenManus/021,Math,Reasoning Hallucination,0,1,0,6,0.2,4.0,0.13822139742197947,0.7754432729332539,-2.6829717608840724,-2.5327972222297,-2.6829717608840724,-0.2647414967611468,2.6829717608840724,0.2647414967611468,2.4182302641229256,2.6829717608840724,0.0,0.0,1.0,5.279203725243557,0.7754802674712796,6.7258564813281225,2,0.14288318650376283,6,0.0,0.631578947368421,4,0.635428601368431
OpenManus/021,Math,Reasoning Hallucination,0,2,0,6,0.4,3.0,-0.1265200993391673,0.5107017761721071,-2.947713257645219,-2.268055725468553,-0.2647414967611468,-2.4824992174197718,0.2647414967611468,2.4824992174197718,-2.217757720658625,2.947713257645219,0.0,0.0,1.0,5.279203725243557,0.7754802674712796,6.7258564813281225,2,0.14288318650376283,6,0.0,0.631578947368421,4,0.5588273014272855
OpenManus/021,Math,Reasoning Hallucination,0,3,0,6,0.6,2.0,-2.609019316758939,-1.9717974412476647,-5.430212475064991,0.2144434919512186,-2.4824992174197718,0.9563887488690881,2.4824992174197718,0.9563887488690881,3.43888796628886,5.430212475064991,0.0,0.0,1.0,5.279203725243557,0.7754802674712796,6.7258564813281225,2,0.14288318650376283,6,0.0,0.631578947368421,4,0.28652991095954267
OpenManus/021,Math,Reasoning Hallucination,0,4,0,6,0.8,1.0,-1.652630567889851,-1.0154086923785766,-4.473823726195903,-0.7419452569178695,0.9563887488690881,-0.7419452569178695,0.9563887488690881,0.7419452569178695,-1.6983340057869576,4.473823726195903,0.9563887488690881,0.0,0.0,5.279203725243557,0.7754802674712796,6.7258564813281225,2,0.14288318650376283,6,0.0,0.631578947368421,4,0.31831827778898547
OpenManus/021,Math,Reasoning Hallucination,0,5,0,6,1.0,0.0,-2.3945758248077205,-1.757353949296446,-5.215768983113772,0.0,-0.7419452569178695,0.0,0.7419452569178695,0.0,0.7419452569178695,5.215768983113772,0.2144434919512186,0.0,0.0,5.279203725243557,0.7754802674712796,6.7258564813281225,2,0.14288318650376283,6,0.0,0.631578947368421,4,0.222416936914008
OpenManus/022,Math,Reasoning Hallucination,5,0,0,7,0.0,6.0,2.7709022237911256,2.768997395856561,0.0,-2.7048784612365004,0.0,-2.6663867827172076,0.0,2.6663867827172076,-2.6663867827172076,0.0,0.0,1.0,1.0,8.43446405660567,0.11389138221735182,23.749632400408267,3,0.7775406800305489,7,0.6842105263157895,0.8421052631578947,1,0.6807057665875922
OpenManus/022,Math,Reasoning Hallucination,5,1,0,7,0.16666666666666666,5.0,0.10451544107391797,0.10261061313935319,-2.6663867827172076,-0.038491678519292805,-2.6663867827172076,-0.4673510767237694,2.6663867827172076,0.4673510767237694,2.1990357059934382,2.6663867827172076,0.0,0.0,1.0,8.43446405660567,0.11389138221735182,23.749632400408267,3,0.7775406800305489,7,0.6842105263157895,0.8421052631578947,1,0.4079945287995754
OpenManus/022,Math,Reasoning Hallucination,5,2,0,7,0.3333333333333333,4.0,-0.36283563564985144,-0.3647404635844162,-3.133737859440977,0.4288593982044766,-0.4673510767237694,-1.970126048796189,0.4673510767237694,1.970126048796189,-1.5027749720724195,3.133737859440977,0.0,0.0,1.0,8.43446405660567,0.11389138221735182,23.749632400408267,3,0.7775406800305489,7,0.6842105263157895,0.8421052631578947,1,0.36809843140196447
OpenManus/022,Math,Reasoning Hallucination,5,3,0,7,0.5,3.0,-2.3329616844460404,-2.334866512380605,-5.103863908237166,2.3989854470006655,-1.970126048796189,7.078533679887045,1.970126048796189,7.078533679887045,9.048659728683234,5.103863908237166,0.0,0.0,1.0,8.43446405660567,0.11389138221735182,23.749632400408267,3,0.7775406800305489,7,0.6842105263157895,0.8421052631578947,1,0.45387827657536184
OpenManus/022,Math,Reasoning Hallucination,5,4,0,7,0.6666666666666666,2.0,4.745571995441004,4.743667167506439,1.9746697716498787,-4.679548232886379,7.078533679887045,-9.723454302663832,7.078533679887045,9.723454302663832,-16.801987982550877,0.0,7.078533679887045,1.0,0.0,8.43446405660567,0.11389138221735182,23.749632400408267,3,0.7775406800305489,7,0.6842105263157895,0.8421052631578947,1,0.4862987471237959
OpenManus/022,Math,Reasoning Hallucination,5,5,1,7,0.8333333333333334,1.0,-4.977882307222828,-4.979787135157393,-7.748784531013953,5.043906069777453,-9.723454302663832,5.043906069777453,9.723454302663832,5.043906069777453,14.767360372441285,9.723454302663832,0.0,0.0,1.0,8.43446405660567,0.11389138221735182,23.749632400408267,3,0.7775406800305489,7,0.6842105263157895,0.8421052631578947,1,0.05185480814297246
OpenManus/022,Math,Reasoning Hallucination,5,6,0,7,1.0,0.0,0.06602376255462516,0.06411893462006038,-2.7048784612365004,0.0,5.043906069777453,0.0,5.043906069777453,0.0,-5.043906069777453,4.679548232886379,5.043906069777453,0.0,0.0,8.43446405660567,0.11389138221735182,23.749632400408267,3,0.7775406800305489,7,0.6842105263157895,0.8421052631578947,1,0.22055334835111637
OpenManus/023,Math,Reasoning Hallucination,0,0,1,5,0.0,4.0,4.462301009758676,5.571777294054813,0.0,-7.86765578038305,0.0,-8.345659275810121,0.0,8.345659275810121,-8.345659275810121,0.0,0.0,1.0,1.0,8.299657097421962,0.49883879870644326,15.77194035585233,2,0.2179495935219428,5,0.0,0.2631578947368421,4,0.8870712602459522
OpenManus/023,Math,Reasoning Hallucination,0,1,0,5,0.25,3.0,-3.883358266051445,-2.773881981755307,-8.345659275810121,0.4780034954270711,-8.345659275810121,0.8740413893750016,8.345659275810121,0.8740413893750016,9.219700665185123,8.345659275810121,0.0,0.0,1.0,8.299657097421962,0.49883879870644326,15.77194035585233,2,0.2179495935219428,5,0.0,0.2631578947368421,4,0.19874844161962285
OpenManus/023,Math,Reasoning Hallucination,0,2,0,5,0.5,2.0,-3.0093168766764435,-1.8998405923803054,-7.471617886435119,-0.39603789394793054,0.8740413893750016,3.2976643587893406,0.8740413893750016,3.2976643587893406,2.423622969414339,7.471617886435119,0.8740413893750016,0.0,0.0,8.299657097421962,0.49883879870644326,15.77194035585233,2,0.2179495935219428,5,0.0,0.2631578947368421,4,0.39256471458460174
OpenManus/023,Math,Reasoning Hallucination,0,3,0,5,0.75,1.0,0.28834748211289707,1.3978237664090352,-4.173953527645779,-3.693702252737271,3.2976643587893406,-3.693702252737271,3.2976643587893406,3.693702252737271,-6.991366611526612,4.173953527645779,4.171705748164342,0.0,0.0,8.299657097421962,0.49883879870644326,15.77194035585233,2,0.2179495935219428,5,0.0,0.2631578947368421,4,0.40169964253339824
OpenManus/023,Math,Reasoning Hallucination,0,4,0,5,1.0,0.0,-3.405354770624374,-2.295878486328236,-7.86765578038305,0.0,-3.693702252737271,0.0,3.693702252737271,0.0,3.693702252737271,7.86765578038305,0.4780034954270711,0.0,0.0,8.299657097421962,0.49883879870644326,15.77194035585233,2,0.2179495935219428,5,0.0,0.2631578947368421,4,0.10456781405410719
OpenManus/025,World Knowledge,Retrieval Hallucination,2,0,0,4,0.0,3.0,4.260544270453881,4.804373428039776,0.0,-6.395143551554703,0.0,-12.827804674049624,0.0,12.827804674049624,-12.827804674049624,0.0,0.0,1.0,1.0,12.152657059625959,0.21290447282406388,30.037619532960235,2,0.39381509749157323,4,0.0,0.3157894736842105,2,0.8859937930782698
OpenManus/025,World Knowledge,Retrieval Hallucination,2,1,0,4,0.3333333333333333,2.0,-8.567260403595743,-8.023431246009848,-12.827804674049624,6.43266112249492,-12.827804674049624,12.833259187494846,12.827804674049624,12.833259187494846,25.66106386154447,12.827804674049624,0.0,0.0,1.0,12.152657059625959,0.21290447282406388,30.037619532960235,2,0.39381509749157323,4,0.0,0.3157894736842105,2,0.18294123448563107
OpenManus/025,World Knowledge,Retrieval Hallucination,2,2,1,4,0.6666666666666666,1.0,4.265998783899104,4.809827941484999,0.005454513445222631,-6.400598064999926,12.833259187494846,-6.400598064999926,12.833259187494846,6.400598064999926,-19.233857252494772,0.0,12.833259187494846,1.0,0.0,12.152657059625959,0.21290447282406388,30.037619532960235,2,0.39381509749157323,4,0.0,0.3157894736842105,2,0.24665725267418823
OpenManus/025,World Knowledge,Retrieval Hallucination,2,3,0,4,1.0,0.0,-2.1345992811008223,-1.5907701235149272,-6.395143551554703,0.0,-6.400598064999926,0.0,6.400598064999926,0.0,6.400598064999926,6.400598064999926,6.43266112249492,0.0,0.0,12.152657059625959,0.21290447282406388,30.037619532960235,2,0.39381509749157323,4,0.0,0.3157894736842105,2,0.049324070979690826
OpenManus/026,World Knowledge,Human-Interaction Hallucination,2,0,0,4,0.0,3.0,2.0947920583346367,2.624799485399892,0.0,0.04513430752095715,0.0,-4.229608108385996,0.0,4.229608108385996,-4.229608108385996,0.0,0.0,1.0,1.0,6.140372550113536,0.003688766199384389,12.235610792706115,1,0.0928900575143995,4,1.0,0.631578947368421,3,0.8441491190942917
OpenManus/026,World Knowledge,Human-Interaction Hallucination,2,1,0,4,0.3333333333333333,2.0,-2.1348160500513593,-1.6048086229861038,-4.229608108385996,4.274742415906953,-4.229608108385996,-2.085116032348534,4.229608108385996,2.085116032348534,2.144492076037462,4.229608108385996,0.0,0.0,1.0,6.140372550113536,0.003688766199384389,12.235610792706115,1,0.0928900575143995,4,1.0,0.631578947368421,3,0.3569465413526324
OpenManus/026,World Knowledge,Human-Interaction Hallucination,2,2,1,4,0.6666666666666666,1.0,-4.219932082399893,-3.6899246553346376,-6.31472414073453,6.359858448255487,-2.085116032348534,6.359858448255487,2.085116032348534,6.359858448255487,8.44497448060402,6.31472414073453,0.0,0.0,1.0,6.140372550113536,0.003688766199384389,12.235610792706115,1,0.0928900575143995,4,1.0,0.631578947368421,3,0.3702517994184121
OpenManus/026,World Knowledge,Human-Interaction Hallucination,2,3,0,4,1.0,0.0,2.139926365855594,2.6699337929208493,0.04513430752095715,0.0,6.359858448255487,0.0,6.359858448255487,0.0,-6.359858448255487,0.0,6.359858448255487,1.0,0.0,6.140372550113536,0.003688766199384389,12.235610792706115,1,0.0928900575143995,4,1.0,0.631578947368421,3,0.4288229129739156
OpenManus/027,World Knowledge,Human-Interaction Hallucination,1,0,0,3,0.0,2.0,2.2725697436560033,2.275351520099252,0.0,-2.264809529771398,0.0,-4.561245030526358,0.0,4.561245030526358,-4.561245030526358,0.0,0.0,1.0,1.0,4.440380004170834,0.34232564725315645,6.61595047857027,1,0.040103394919774014,3,0.0,0.5263157894736842,2,0.903813119517287
OpenManus/027,World Knowledge,Human-Interaction Hallucination,1,1,1,3,0.5,1.0,-2.2886752868703546,-2.285893510427106,-4.561245030526358,2.29643550075496,-4.561245030526358,2.29643550075496,4.561245030526358,2.29643550075496,6.857680531281318,4.561245030526358,0.0,0.0,1.0,4.440380004170834,0.34232564725315645,6.61595047857027,1,0.040103394919774014,3,0.0,0.5263157894736842,2,0.47560424169524645
OpenManus/027,World Knowledge,Human-Interaction Hallucination,1,2,0,3,1.0,0.0,0.007760213884605349,0.010541990327854004,-2.264809529771398,0.0,2.29643550075496,0.0,2.29643550075496,0.0,-2.29643550075496,2.264809529771398,2.29643550075496,0.0,0.0,4.440380004170834,0.34232564725315645,6.61595047857027,1,0.040103394919774014,3,0.0,0.5263157894736842,2,0.4831487781232273
OpenManus/029,World Knowledge,Retrieval Hallucination,4,0,0,7,0.0,6.0,-2.5492527680068413,-1.835901546198569,0.0,0.2424497004253432,0.0,0.5207183921057918,0.0,0.5207183921057918,0.5207183921057918,0.0,0.0,1.0,1.0,10.540600716188813,0.008341467595940436,29.065592791289728,3,0.9024064825308231,7,0.8421052631578947,0.5263157894736842,3,0.3212044000456199
OpenManus/029,World Knowledge,Retrieval Hallucination,4,1,0,7,0.16666666666666666,5.0,-2.0285343759010495,-1.3151831540927772,0.5207183921057918,-0.27826869168044865,0.5207183921057918,4.015372977276215,0.5207183921057918,4.015372977276215,3.494654585170423,0.0,0.5207183921057918,1.0,0.0,10.540600716188813,0.008341467595940436,29.065592791289728,3,0.9024064825308231,7,0.8421052631578947,0.5263157894736842,3,0.5438026799263439
OpenManus/029,World Knowledge,Retrieval Hallucination,4,2,0,7,0.3333333333333333,4.0,1.9868386013751653,2.700189823183438,4.536091369382007,-4.293641668956663,4.015372977276215,-9.158714015299047,4.015372977276215,9.158714015299047,-13.174086992575262,0.0,4.536091369382007,1.0,0.0,10.540600716188813,0.008341467595940436,29.065592791289728,3,0.9024064825308231,7,0.8421052631578947,0.5263157894736842,3,0.41950937774171065
OpenManus/029,World Knowledge,Retrieval Hallucination,4,3,0,7,0.5,3.0,-7.171875413923882,-6.458524192115609,-4.6226226459170405,4.865072346342384,-9.158714015299047,9.054866958326585,9.158714015299047,9.054866958326585,18.213580973625632,9.158714015299047,0.0,0.0,1.0,10.540600716188813,0.008341467595940436,29.065592791289728,3,0.9024064825308231,7,0.8421052631578947,0.5263157894736842,3,0.12261202818042485
OpenManus/029,World Knowledge,Retrieval Hallucination,4,4,1,7,0.6666666666666666,2.0,1.882991544402703,2.5963427662109755,4.432244312409544,-4.189794611984201,9.054866958326585,3.3101853825747938,9.054866958326585,3.3101853825747938,-5.744681575751791,0.10384705697246233,9.054866958326585,0.0,0.0,10.540600716188813,0.008341467595940436,29.065592791289728,3,0.9024064825308231,7,0.8421052631578947,0.5263157894736842,3,0.5044150449997244
OpenManus/029,World Knowledge,Retrieval Hallucination,4,5,0,7,0.8333333333333334,1.0,5.193176926977497,5.906528148785769,7.742429694984338,-7.499979994558995,3.3101853825747938,-7.499979994558995,3.3101853825747938,7.499979994558995,-10.810165377133789,0.0,12.365052340901379,1.0,0.0,10.540600716188813,0.008341467595940436,29.065592791289728,3,0.9024064825308231,7,0.8421052631578947,0.5263157894736842,3,0.7069900795134985
OpenManus/029,World Knowledge,Retrieval Hallucination,4,6,0,7,1.0,0.0,-2.306803067581498,-1.5934518457732259,0.2424497004253432,0.0,-7.499979994558995,0.0,7.499979994558995,0.0,7.499979994558995,7.499979994558995,4.865072346342384,0.0,0.0,10.540600716188813,0.008341467595940436,29.065592791289728,3,0.9024064825308231,7,0.8421052631578947,0.5263157894736842,3,0.16010276224529446
OpenManus/030,World Knowledge,Human-Interaction Hallucination,3,0,0,5,0.0,4.0,-6.934069910900057,-5.164678813700924,0.0,11.786253227642405,0.0,6.990943718499857,0.0,6.990943718499857,6.990943718499857,0.0,0.0,1.0,1.0,11.786253227642405,0.5756449991244986,20.474864274975335,2,0.27633887544887653,5,1.0,0.0,0,0.6849553169927678
OpenManus/030,World Knowledge,Human-Interaction Hallucination,3,1,0,5,0.25,3.0,0.056873807599799875,1.8262649047989328,6.990943718499857,4.795309509142548,6.990943718499857,-4.905030308599152,6.990943718499857,4.905030308599152,-11.895974027099008,0.0,6.990943718499857,1.0,0.0,11.786253227642405,0.5756449991244986,20.474864274975335,2,0.27633887544887653,5,1.0,0.0,0,0.4382196636469608
OpenManus/030,World Knowledge,Human-Interaction Hallucination,3,2,0,5,0.5,2.0,-4.848156500999352,-3.078765403800219,2.085913409900705,9.7003398177417,-4.905030308599152,2.8743703025609477,4.905030308599152,2.8743703025609477,7.779400611160099,4.905030308599152,2.085913409900705,0.0,0.0,11.786253227642405,0.5756449991244986,20.474864274975335,2,0.27633887544887653,5,1.0,0.0,0,0.20863790727236137
OpenManus/030,World Knowledge,Human-Interaction Hallucination,3,3,1,5,0.75,1.0,-1.973786198438404,-0.20439510123927107,4.960283712461653,6.825969515180752,2.8743703025609477,6.825969515180752,2.8743703025609477,6.825969515180752,3.9515992126198043,2.030660006038204,4.960283712461653,0.0,0.0,11.786253227642405,0.5756449991244986,20.474864274975335,2,0.27633887544887653,5,1.0,0.0,0,0.6599165354383916
OpenManus/030,World Knowledge,Human-Interaction Hallucination,3,4,0,5,1.0,0.0,4.852183316742348,6.621574413941481,11.786253227642405,0.0,6.825969515180752,0.0,6.825969515180752,0.0,-6.825969515180752,0.0,11.786253227642405,1.0,0.0,11.786253227642405,0.5756449991244986,20.474864274975335,2,0.27633887544887653,5,1.0,0.0,0,0.6132682191666149
OpenManus/031,World Knowledge,Human-Interaction Hallucination,7,0,0,9,0.0,8.0,-1.6474096461850145,-0.8756111709420019,0.0,-0.12724655741799396,0.0,1.706633327505699,0.0,1.706633327505699,1.706633327505699,0.0,0.0,1.0,1.0,10.116566372928428,0.004156116386668344,30.616697315350784,5,1.3070421884545194,9,0.8947368421052632,0.631578947368421,0,0.356868556575323
OpenManus/031,World Knowledge,Human-Interaction Hallucination,7,1,0,9,0.125,7.0,0.05922368132068456,0.8310221565636972,1.706633327505699,-1.833879884923693,1.706633327505699,-2.5974886714738368,1.706633327505699,2.5974886714738368,-4.304121998979536,0.0,1.706633327505699,1.0,0.0,10.116566372928428,0.004156116386668344,30.616697315350784,5,1.3070421884545194,9,0.8947368421052632,0.631578947368421,0,0.309073609063244
OpenManus/031,World Knowledge,Human-Interaction Hallucination,7,2,0,9,0.25,6.0,-2.538264990153152,-1.7664665149101397,-0.8908553439681377,0.7636087865501437,-2.5974886714738368,0.01259514703404463,2.5974886714738368,0.01259514703404463,2.6100838185078814,2.5974886714738368,0.0,0.0,1.0,10.116566372928428,0.004156116386668344,30.616697315350784,5,1.3070421884545194,9,0.8947368421052632,0.631578947368421,0,0.15203533720399268
OpenManus/031,World Knowledge,Human-Interaction Hallucination,7,3,0,9,0.375,5.0,-2.5256698431191076,-1.753871367876095,-0.8782601969340931,0.7510136395160991,0.01259514703404463,4.6609846916700945,0.01259514703404463,4.6609846916700945,4.64838954463605,2.584893524439792,0.01259514703404463,0.0,0.0,10.116566372928428,0.004156116386668344,30.616697315350784,5,1.3070421884545194,9,0.8947368421052632,0.631578947368421,0,0.410531670676945
OpenManus/031,World Knowledge,Human-Interaction Hallucination,7,4,0,9,0.5,4.0,2.135314848550987,2.9071133237939994,3.7827244947360015,-3.9099710521539954,4.6609846916700945,-7.257179070261046,4.6609846916700945,7.257179070261046,-11.91816376193114,0.0,4.673579838704139,1.0,0.0,10.116566372928428,0.004156116386668344,30.616697315350784,5,1.3070421884545194,9,0.8947368421052632,0.631578947368421,0,0.39465162787080826
OpenManus/031,World Knowledge,Human-Interaction Hallucination,7,5,0,9,0.625,3.0,-5.121864221710059,-4.350065746467046,-3.474454575525044,3.3472080181070503,-7.257179070261046,3.129456448634585,7.257179070261046,3.129456448634585,10.38663551889563,7.257179070261046,0.0,0.0,1.0,10.116566372928428,0.004156116386668344,30.616697315350784,5,1.3070421884545194,9,0.8947368421052632,0.631578947368421,0,0.09435582157020121
OpenManus/031,World Knowledge,Human-Interaction Hallucination,7,6,0,9,0.75,2.0,-1.992407773075474,-1.2206092978324614,-0.3449981268904594,0.21775156947246543,3.129456448634585,8.451955643862505,3.129456448634585,8.451955643862505,5.32249919522792,4.127722621626461,3.129456448634585,0.0,0.0,10.116566372928428,0.004156116386668344,30.616697315350784,5,1.3070421884545194,9,0.8947368421052632,0.631578947368421,0,0.615172465147733
OpenManus/031,World Knowledge,Human-Interaction Hallucination,7,7,1,9,0.875,1.0,6.459547870787031,7.231346346030043,8.106957516972045,-8.234204074390039,8.451955643862505,-8.234204074390039,8.451955643862505,8.234204074390039,-16.686159718252544,0.0,11.58141209249709,1.0,0.0,10.116566372928428,0.004156116386668344,30.616697315350784,5,1.3070421884545194,9,0.8947368421052632,0.631578947368421,0,0.5829597661760387
OpenManus/031,World Knowledge,Human-Interaction Hallucination,7,8,0,9,1.0,0.0,-1.7746562036030085,-1.002857728359996,-0.12724655741799396,0.0,-8.234204074390039,0.0,8.234204074390039,0.0,8.234204074390039,8.234204074390039,3.3472080181070503,0.0,0.0,10.116566372928428,0.004156116386668344,30.616697315350784,5,1.3070421884545194,9,0.8947368421052632,0.631578947368421,0,0.08978516453766884
OpenManus/032,World Knowledge,Retrieval Hallucination,2,0,0,5,0.0,4.0,-2.4517557494894575,-0.23745488262393488,0.0,-6.31320276106343,0.0,0.18171379704925528,0.0,0.18171379704925528,0.18171379704925528,0.0,0.0,1.0,1.0,10.54371702987908,0.4273117587932433,14.774231298694733,1,0.18839627821173313,5,0.7368421052631579,1.0,3,0.5798351767018036
OpenManus/032,World Knowledge,Retrieval Hallucination,2,1,0,5,0.25,3.0,-2.2700419524402022,-0.055741085574679605,0.18171379704925528,-6.494916558112685,0.18171379704925528,2.839343243004386,0.18171379704925528,2.839343243004386,2.6576294459551306,0.0,0.18171379704925528,1.0,0.0,10.54371702987908,0.4273117587932433,14.774231298694733,1,0.18839627821173313,5,0.7368421052631579,1.0,3,0.684323086820382
OpenManus/032,World Knowledge,Retrieval Hallucination,2,2,1,5,0.5,2.0,0.5693012905641837,2.7836021574297063,3.021057040053641,-9.33425980111707,2.839343243004386,1.276649297026566,2.839343243004386,1.276649297026566,-1.56269394597782,0.0,3.021057040053641,1.0,0.0,10.54371702987908,0.4273117587932433,14.774231298694733,1,0.18839627821173313,5,0.7368421052631579,1.0,3,0.6693768890945303
OpenManus/032,World Knowledge,Retrieval Hallucination,2,3,0,5,0.75,1.0,1.8459505875907496,4.060251454456273,4.297706337080207,-10.610909098143637,1.276649297026566,-10.610909098143637,1.276649297026566,10.610909098143637,-11.887558395170203,0.0,4.297706337080207,1.0,0.0,10.54371702987908,0.4273117587932433,14.774231298694733,1,0.18839627821173313,5,0.7368421052631579,1.0,3,0.5512232848287293
OpenManus/032,World Knowledge,Retrieval Hallucination,2,4,0,5,1.0,0.0,-8.764958510552887,-6.550657643687364,-6.31320276106343,0.0,-10.610909098143637,0.0,10.610909098143637,0.0,10.610909098143637,10.610909098143637,0.0,0.0,1.0,10.54371702987908,0.4273117587932433,14.774231298694733,1,0.18839627821173313,5,0.7368421052631579,1.0,3,0.01437624874654492
OpenManus/033,World Knowledge,Retrieval Hallucination,2,0,0,4,0.0,3.0,-6.4278771452332535,-4.811624500723839,0.0,10.683707699666662,0.0,2.116364369662822,0.0,2.116364369662822,2.116364369662822,0.0,0.0,1.0,1.0,10.683707699666662,0.9999999999999999,10.683707699666664,0,0.020232254316162553,4,1.0,0.0,4,0.5026516510687562
OpenManus/033,World Knowledge,Retrieval Hallucination,2,1,0,4,0.3333333333333333,2.0,-4.311512775570431,-2.6952601310610174,2.116364369662822,8.56734333000384,2.116364369662822,4.330061563903051,2.116364369662822,4.330061563903051,2.213697194240229,0.0,2.116364369662822,1.0,0.0,10.683707699666662,0.9999999999999999,10.683707699666664,0,0.020232254316162553,4,1.0,0.0,4,0.6539431499040357
OpenManus/033,World Knowledge,Retrieval Hallucination,2,2,1,4,0.6666666666666666,1.0,0.018548788332619637,1.6348014328420337,6.446425933565873,4.237281766100789,4.330061563903051,4.237281766100789,4.330061563903051,4.237281766100789,-0.09277979780226175,0.0,6.446425933565873,1.0,0.0,10.683707699666662,0.9999999999999999,10.683707699666664,0,0.020232254316162553,4,1.0,0.0,4,0.7148612130634676
OpenManus/033,World Knowledge,Retrieval Hallucination,2,3,0,4,1.0,0.0,4.255830554433409,5.872083198942823,10.683707699666662,0.0,4.237281766100789,0.0,4.237281766100789,0.0,-4.237281766100789,0.0,10.683707699666662,1.0,0.0,10.683707699666662,0.9999999999999999,10.683707699666664,0,0.020232254316162553,4,1.0,0.0,4,0.553863458035405
OpenManus/036,Science,Reasoning Hallucination,0,0,1,14,0.0,13.0,0.10051766303440957,0.6156321824769037,0.0,2.28397538350443,0.0,2.331574664973079,0.0,2.331574664973079,2.331574664973079,0.0,0.0,1.0,1.0,8.512890437804716,0.05264069919941185,43.38801380377464,8,3.0458616448906484,14,0.5263157894736842,0.7368421052631579,3,0.061830672506331646
OpenManus/036,Science,Reasoning Hallucination,0,1,0,14,0.07692307692307693,12.0,2.4320923280074886,2.9472068474499826,2.331574664973079,-0.047599281468649224,2.331574664973079,-4.812086752140779,2.331574664973079,4.812086752140779,-7.143661417113858,0.0,2.331574664973079,1.0,0.0,8.512890437804716,0.05264069919941185,43.38801380377464,8,3.0458616448906484,14,0.5263157894736842,0.7368421052631579,3,0.07615036614096998
OpenManus/036,Science,Reasoning Hallucination,0,2,0,14,0.15384615384615385,11.0,-2.37999442413329,-1.8648799046907962,-2.4805120871676998,4.76448747067213,-4.812086752140779,4.564910297209607,4.812086752140779,4.564910297209607,9.376997049350386,4.812086752140779,0.0,0.0,1.0,8.512890437804716,0.05264069919941185,43.38801380377464,8,3.0458616448906484,14,0.5263157894736842,0.7368421052631579,3,0.03830242477436576
OpenManus/036,Science,Reasoning Hallucination,0,3,0,14,0.23076923076923078,10.0,2.184915873076317,2.700030392518811,2.0843982100419076,0.19957717346252224,4.564910297209607,-7.061833474631605,4.564910297209607,7.061833474631605,-11.626743771841213,0.24717645493117146,4.564910297209607,0.0,0.0,8.512890437804716,0.05264069919941185,43.38801380377464,8,3.0458616448906484,14,0.5263157894736842,0.7368421052631579,3,0.07545639908091255
OpenManus/036,Science,Reasoning Hallucination,0,4,0,14,0.3076923076923077,9.0,-4.876917601555288,-4.361803082112794,-4.9774352645896975,7.261410648094127,-7.061833474631605,1.1351691934903698,7.061833474631605,1.1351691934903698,8.197002668121975,7.309009929562777,0.0,0.0,1.0,8.512890437804716,0.05264069919941185,43.38801380377464,8,3.0458616448906484,14,0.5263157894736842,0.7368421052631579,3,0.012387495264781083
OpenManus/036,Science,Reasoning Hallucination,0,5,0,14,0.38461538461538464,8.0,-3.741748408064918,-3.226633888622424,-3.8422660710993277,6.126241454603758,1.1351691934903698,3.709830002324008,1.1351691934903698,3.709830002324008,2.574660808833638,6.173840736072407,1.1351691934903698,0.0,0.0,8.512890437804716,0.05264069919941185,43.38801380377464,8,3.0458616448906484,14,0.5263157894736842,0.7368421052631579,3,0.06447376801036735
OpenManus/036,Science,Reasoning Hallucination,0,6,0,14,0.46153846153846156,7.0,-0.031918405740910316,0.4831961137015838,-0.13243606877531988,2.4164114522797497,3.709830002324008,4.153449850196896,3.709830002324008,4.153449850196896,0.44361984787288833,2.464010733748399,4.844999195814378,0.0,0.0,8.512890437804716,0.05264069919941185,43.38801380377464,8,3.0458616448906484,14,0.5263157894736842,0.7368421052631579,3,0.21479487847404302
OpenManus/036,Science,Reasoning Hallucination,0,7,0,14,0.5384615384615384,6.0,4.121531444455986,4.63664596389848,4.021013781421576,-1.7370383979171464,4.153449850196896,-1.5830044670694825,4.153449850196896,1.5830044670694825,-5.736454317266379,0.0,8.998449046011274,1.0,0.0,8.512890437804716,0.05264069919941185,43.38801380377464,8,3.0458616448906484,14,0.5263157894736842,0.7368421052631579,3,0.3940562778775477
OpenManus/036,Science,Reasoning Hallucination,0,8,0,14,0.6153846153846154,5.0,2.5385269773865033,3.0536414968289973,2.438009314352094,-0.15403393084766392,-1.5830044670694825,-7.1012652417736,1.5830044670694825,7.1012652417736,-5.5182607747041175,1.5830044670694825,7.415444578941791,0.0,0.0,8.512890437804716,0.05264069919941185,43.38801380377464,8,3.0458616448906484,14,0.5263157894736842,0.7368421052631579,3,0.3483895753047253
OpenManus/036,Science,Reasoning Hallucination,0,9,0,14,0.6923076923076923,4.0,-4.562738264387097,-4.047623744944603,-4.663255927421506,6.947231310925936,-7.1012652417736,-0.836740309169258,7.1012652417736,0.836740309169258,6.264524932604342,8.684269708843082,0.31417933716819135,0.0,0.0,8.512890437804716,0.05264069919941185,43.38801380377464,8,3.0458616448906484,14,0.5263157894736842,0.7368421052631579,3,0.04228768660378331
OpenManus/036,Science,Reasoning Hallucination,0,10,0,14,0.7692307692307693,3.0,-5.399478573556355,-4.884364054113861,-5.499996236590764,7.783971620095194,-0.836740309169258,7.552483196915475,0.836740309169258,7.552483196915475,8.389223506084733,9.52101001801234,0.0,0.0,1.0,8.512890437804716,0.05264069919941185,43.38801380377464,8,3.0458616448906484,14,0.5263157894736842,0.7368421052631579,3,0.16207514234285528
OpenManus/036,Science,Reasoning Hallucination,0,11,0,14,0.8461538461538461,2.0,2.15300462335912,2.668119142801614,2.0524869603247105,0.2314884231797194,7.552483196915475,-4.286894173974844,7.552483196915475,4.286894173974844,-11.839377370890318,1.9685268210968658,7.552483196915475,0.0,0.0,8.512890437804716,0.05264069919941185,43.38801380377464,8,3.0458616448906484,14,0.5263157894736842,0.7368421052631579,3,0.3003029519253758
OpenManus/036,Science,Reasoning Hallucination,0,12,0,14,0.9230769230769231,1.0,-2.1338895506157236,-1.6187750311732296,-2.234407213650133,4.518382597154563,-4.286894173974844,4.518382597154563,4.286894173974844,4.518382597154563,8.805276771129407,6.2554209950717095,3.265589022940631,0.0,0.0,8.512890437804716,0.05264069919941185,43.38801380377464,8,3.0458616448906484,14,0.5263157894736842,0.7368421052631579,3,0.4020047364933993
OpenManus/036,Science,Reasoning Hallucination,0,13,0,14,1.0,0.0,2.3844930465388394,2.8996075659813334,2.28397538350443,0.0,4.518382597154563,0.0,4.518382597154563,0.0,-4.518382597154563,1.7370383979171464,7.783971620095194,0.0,0.0,8.512890437804716,0.05264069919941185,43.38801380377464,8,3.0458616448906484,14,0.5263157894736842,0.7368421052631579,3,0.604254163022087
OpenManus/038,Science,Reasoning Hallucination,2,0,0,5,0.0,4.0,0.069830328310168,0.9382231852434095,0.0,-7.108987371493399,0.0,-0.003230031401400879,0.0,0.003230031401400879,-0.003230031401400879,0.0,0.0,1.0,1.0,9.091789501143007,0.6416035237484827,11.080031683679184,2,0.14781626458582214,5,0.7368421052631579,1.0,2,0.5922236843098003
OpenManus/038,Science,Reasoning Hallucination,2,1,0,5,0.25,3.0,0.06660029690876712,0.9349931538420087,-0.003230031401400879,-7.105757340091998,-0.003230031401400879,0.35067627356945863,0.003230031401400879,0.35067627356945863,0.3539063049708595,0.003230031401400879,0.0,0.0,1.0,9.091789501143007,0.6416035237484827,11.080031683679184,2,0.14781626458582214,5,0.7368421052631579,1.0,2,0.6776585320618874
OpenManus/038,Science,Reasoning Hallucination,2,2,1,5,0.5,2.0,0.41727657047822575,1.2856694274114673,0.34744624216805775,-7.456433613661456,0.35067627356945863,1.7262089923416362,0.35067627356945863,1.7262089923416362,1.3755327187721775,0.0,0.35067627356945863,1.0,0.0,9.091789501143007,0.6416035237484827,11.080031683679184,2,0.14781626458582214,5,0.7368421052631579,1.0,2,0.7340395572122687
OpenManus/038,Science,Reasoning Hallucination,2,3,0,5,0.75,1.0,2.143485562819862,3.0118784197531037,2.073655234509694,-9.182642606003093,1.7262089923416362,-9.182642606003093,1.7262089923416362,9.182642606003093,-10.908851598344729,0.0,2.076885265911095,1.0,0.0,9.091789501143007,0.6416035237484827,11.080031683679184,2,0.14781626458582214,5,0.7368421052631579,1.0,2,0.5121331939178139
OpenManus/038,Science,Reasoning Hallucination,2,4,0,5,1.0,0.0,-7.039157043183231,-6.170764186249989,-7.108987371493399,0.0,-9.182642606003093,0.0,9.182642606003093,0.0,9.182642606003093,9.182642606003093,0.0,0.0,1.0,9.091789501143007,0.6416035237484827,11.080031683679184,2,0.14781626458582214,5,0.7368421052631579,1.0,2,0.006235836162128932
OpenManus/039,Science,Reasoning Hallucination,0,0,1,4,0.0,3.0,1.9755664998916096,2.989322608779645,0.0,-5.972840119947321,0.0,-10.050486310684484,0.0,10.050486310684484,-10.050486310684484,0.0,0.0,1.0,1.0,13.05918744166376,0.18612072242630281,32.09121500327484,2,0.42388076349596987,4,0.6842105263157895,0.3157894736842105,1,0.8254254410624221
OpenManus/039,Science,Reasoning Hallucination,0,1,0,4,0.3333333333333333,2.0,-8.074919810792874,-7.061163701904839,-10.050486310684484,4.077646190737163,-10.050486310684484,14.116522306197709,10.050486310684484,14.116522306197709,24.167008616882192,10.050486310684484,0.0,0.0,1.0,13.05918744166376,0.18612072242630281,32.09121500327484,2,0.42388076349596987,4,0.6842105263157895,0.3157894736842105,1,0.31835636033102765
OpenManus/039,Science,Reasoning Hallucination,0,2,0,4,0.6666666666666666,1.0,6.041602495404835,7.05535860429287,4.066035995513225,-10.038876115460546,14.116522306197709,-10.038876115460546,14.116522306197709,10.038876115460546,-24.155398421658255,0.0,14.116522306197709,1.0,0.0,13.05918744166376,0.18612072242630281,32.09121500327484,2,0.42388076349596987,4,0.6842105263157895,0.3157894736842105,1,0.5377531894065943
OpenManus/039,Science,Reasoning Hallucination,0,3,0,4,1.0,0.0,-3.9972736200557115,-2.983517511167676,-5.972840119947321,0.0,-10.038876115460546,0.0,10.038876115460546,0.0,10.038876115460546,10.038876115460546,4.077646190737163,0.0,0.0,13.05918744166376,0.18612072242630281,32.09121500327484,2,0.42388076349596987,4,0.6842105263157895,0.3157894736842105,1,0.03905475548568917
OpenManus/040,Science,Reasoning Hallucination,0,0,1,4,0.0,3.0,2.4583601380255082,2.5634925158191546,0.0,3.1790153284145894,0.0,-4.403819195637833,0.0,4.403819195637833,-4.403819195637833,0.0,0.0,1.0,1.0,11.721302892845275,0.1568831217309326,20.263590457275964,1,0.14960575727773098,4,1.0,0.631578947368421,0,0.8337070564262701
OpenManus/040,Science,Reasoning Hallucination,0,1,0,4,0.3333333333333333,2.0,-1.9454590576123252,-1.8403266798186788,-4.403819195637833,7.582834524052423,-4.403819195637833,-4.625347000415541,4.403819195637833,4.625347000415541,-0.22152780477770762,4.403819195637833,0.0,0.0,1.0,11.721302892845275,0.1568831217309326,20.263590457275964,1,0.14960575727773098,4,1.0,0.631578947368421,0,0.25185257732667377
OpenManus/040,Science,Reasoning Hallucination,0,2,0,4,0.6666666666666666,1.0,-6.570806058027866,-6.46567368023422,-9.029166196053374,12.208181524467964,-4.625347000415541,12.208181524467964,4.625347000415541,12.208181524467964,16.833528524883505,9.029166196053374,0.0,0.0,1.0,11.721302892845275,0.1568831217309326,20.263590457275964,1,0.14960575727773098,4,1.0,0.631578947368421,0,0.4502880730456703
OpenManus/040,Science,Reasoning Hallucination,0,3,0,4,1.0,0.0,5.637375466440098,5.742507844233744,3.1790153284145894,0.0,12.208181524467964,0.0,12.208181524467964,0.0,-12.208181524467964,0.0,12.208181524467964,1.0,0.0,11.721302892845275,0.1568831217309326,20.263590457275964,1,0.14960575727773098,4,1.0,0.631578947368421,0,0.511318770090816
OpenManus/041,Science,Reasoning Hallucination,0,0,1,4,0.0,3.0,7.184772604947064,7.389835319106897,0.0,-6.694836744091127,0.0,-11.21618167281985,0.0,11.21618167281985,-11.21618167281985,0.0,0.0,1.0,1.0,11.60283431354853,0.405481491879395,16.510831883005935,1,0.14183919112495946,4,0.0,0.631578947368421,4,0.9521225037440955
OpenManus/041,Science,Reasoning Hallucination,0,1,0,4,0.3333333333333333,2.0,-4.0314090678727865,-3.826346353712953,-11.21618167281985,4.521344928728723,-11.21618167281985,-0.4321411866967608,11.21618167281985,0.4321411866967608,10.78404048612309,11.21618167281985,0.0,0.0,1.0,11.60283431354853,0.405481491879395,16.510831883005935,1,0.14183919112495946,4,0.0,0.631578947368421,4,0.09468268071775643
OpenManus/041,Science,Reasoning Hallucination,0,2,0,4,0.6666666666666666,1.0,-4.463550254569547,-4.258487540409714,-11.648322859516611,4.953486115425484,-0.4321411866967608,4.953486115425484,0.4321411866967608,4.953486115425484,5.385627302122245,11.648322859516611,0.0,0.0,1.0,11.60283431354853,0.405481491879395,16.510831883005935,1,0.14183919112495946,4,0.0,0.631578947368421,4,0.1722862250362904
OpenManus/041,Science,Reasoning Hallucination,0,3,0,4,1.0,0.0,0.48993586085593677,0.6949985750157701,-6.694836744091127,0.0,4.953486115425484,0.0,4.953486115425484,0.0,-4.953486115425484,6.694836744091127,4.953486115425484,0.0,0.0,11.60283431354853,0.405481491879395,16.510831883005935,1,0.14183919112495946,4,0.0,0.631578947368421,4,0.2092667036273468
OpenManus/043,Science,Reasoning Hallucination,3,0,0,5,0.0,4.0,2.507875647780086,3.8773180387032675,0.0,1.5272380090593032,0.0,-7.175639538127044,0.0,7.175639538127044,-7.175639538127044,0.0,0.0,1.0,1.0,10.215233642722627,0.08079243957365206,18.903229276385954,1,0.158773641303368,5,1.0,0.47368421052631576,0,0.8149032279610299
OpenManus/043,Science,Reasoning Hallucination,3,1,0,5,0.25,3.0,-4.667763890346958,-3.298321499423776,-7.175639538127044,8.702877547186347,-7.175639538127044,-1.6902803420699613,7.175639538127044,1.6902803420699613,5.485359196057082,7.175639538127044,0.0,0.0,1.0,10.215233642722627,0.08079243957365206,18.903229276385954,1,0.158773641303368,5,1.0,0.47368421052631576,0,0.10195699943295942
OpenManus/043,Science,Reasoning Hallucination,3,2,0,5,0.5,2.0,-6.358044232416919,-4.988601841493738,-8.865919880197005,10.393157889256308,-1.6902803420699613,3.9936510959454132,1.6902803420699613,3.9936510959454132,5.6839314380153745,8.865919880197005,0.0,0.0,1.0,10.215233642722627,0.08079243957365206,18.903229276385954,1,0.158773641303368,5,1.0,0.47368421052631576,0,0.15092430527456832
OpenManus/043,Science,Reasoning Hallucination,3,3,1,5,0.75,1.0,-2.364393136471506,-0.9949507455483242,-4.872268784251592,6.399506793310895,3.9936510959454132,6.399506793310895,3.9936510959454132,6.399506793310895,2.4058556973654817,4.872268784251592,3.9936510959454132,0.0,0.0,10.215233642722627,0.08079243957365206,18.903229276385954,1,0.158773641303368,5,1.0,0.47368421052631576,0,0.4982527842722228
OpenManus/043,Science,Reasoning Hallucination,3,4,0,5,1.0,0.0,4.035113656839389,5.40455604776257,1.5272380090593032,0.0,6.399506793310895,0.0,6.399506793310895,0.0,-6.399506793310895,0.0,10.393157889256308,1.0,0.0,10.215233642722627,0.08079243957365206,18.903229276385954,1,0.158773641303368,5,1.0,0.47368421052631576,0,0.563501010178542
OpenManus/044,Science,Human-Interaction Hallucination,5,0,0,9,0.0,8.0,-0.052454241120099,0.3936217447405256,0.0,-4.689751401921413,0.0,-0.16726762653400584,0.0,0.16726762653400584,-0.16726762653400584,0.0,0.0,1.0,1.0,9.017979749084544,0.10048509280039278,46.67111579662174,6,2.539240329279246,9,0.3684210526315789,1.0,2,0.308654482096941
OpenManus/044,Science,Human-Interaction Hallucination,5,1,0,9,0.125,7.0,-0.21972186765410484,0.22635411820651974,-0.16726762653400584,-4.522483775387407,-0.16726762653400584,-3.929479360781311,0.16726762653400584,3.929479360781311,-3.7622117342473054,0.16726762653400584,0.0,0.0,1.0,9.017979749084544,0.10048509280039278,46.67111579662174,6,2.539240329279246,9,0.3684210526315789,1.0,2,0.31931119061481
OpenManus/044,Science,Human-Interaction Hallucination,5,2,0,9,0.25,6.0,-4.149201228435416,-3.7031252425747914,-4.096746987315317,-0.5930044146060958,-3.929479360781311,8.893029519727254,3.929479360781311,8.893029519727254,12.822508880508565,4.096746987315317,0.0,0.0,1.0,9.017979749084544,0.10048509280039278,46.67111579662174,6,2.539240329279246,9,0.3684210526315789,1.0,2,0.4948862377856303
OpenManus/044,Science,Human-Interaction Hallucination,5,3,0,9,0.375,5.0,4.7438282912918375,5.189904277152462,4.7962825324119365,-9.48603393433335,8.893029519727254,-9.230781811258783,8.893029519727254,9.230781811258783,-18.123811330986037,0.0,8.893029519727254,1.0,0.0,9.017979749084544,0.10048509280039278,46.67111579662174,6,2.539240329279246,9,0.3684210526315789,1.0,2,0.3771144862774337
OpenManus/044,Science,Human-Interaction Hallucination,5,4,0,9,0.5,4.0,-4.486953519966946,-4.040877534106321,-4.434499278846847,-0.25525212307456613,-9.230781811258783,9.199985000103641,9.230781811258783,9.199985000103641,18.430766811362425,9.230781811258783,0.0,0.0,1.0,9.017979749084544,0.10048509280039278,46.67111579662174,6,2.539240329279246,9,0.3684210526315789,1.0,2,0.38689620885278364
OpenManus/044,Science,Human-Interaction Hallucination,5,5,1,9,0.625,3.0,4.713031480136696,5.15910746599732,4.765485721256795,-9.455237123178208,9.199985000103641,-9.21417335842714,9.199985000103641,9.21417335842714,-18.41415835853078,0.030796811155141768,9.199985000103641,0.0,0.0,9.017979749084544,0.10048509280039278,46.67111579662174,6,2.539240329279246,9,0.3684210526315789,1.0,2,0.5164074259994954
OpenManus/044,Science,Human-Interaction Hallucination,5,6,0,9,0.75,2.0,-4.5011418782904435,-4.055065892429819,-4.4486876371703445,-0.24106376475106828,-9.21417335842714,9.18127661262481,9.21417335842714,9.18127661262481,18.39544997105195,9.244970169582281,0.0,0.0,1.0,9.017979749084544,0.10048509280039278,46.67111579662174,6,2.539240329279246,9,0.3684210526315789,1.0,2,0.454224488984458
OpenManus/044,Science,Human-Interaction Hallucination,5,7,0,9,0.875,1.0,4.680134734334366,5.126210720194991,4.732588975454465,-9.422340377375878,9.18127661262481,-9.422340377375878,9.18127661262481,9.422340377375878,-18.60361699000069,0.06369355695747103,9.18127661262481,0.0,0.0,9.017979749084544,0.10048509280039278,46.67111579662174,6,2.539240329279246,9,0.3684210526315789,1.0,2,0.5795883654648512
OpenManus/044,Science,Human-Interaction Hallucination,5,8,0,9,1.0,0.0,-4.742205643041512,-4.296129657180887,-4.689751401921413,0.0,-9.422340377375878,0.0,9.422340377375878,0.0,9.422340377375878,9.48603393433335,0.0,0.0,1.0,9.017979749084544,0.10048509280039278,46.67111579662174,6,2.539240329279246,9,0.3684210526315789,1.0,2,0.04002977947775218
OpenManus/045,Science,Reasoning Hallucination,0,0,1,4,0.0,3.0,2.170741091258396,3.8802845083044906,0.0,-6.6738726521605365,0.0,-10.456515918637624,0.0,10.456515918637624,-10.456515918637624,0.0,0.0,1.0,1.0,11.079469661040015,0.23146797676629738,28.832811974240567,2,0.37606291246328166,4,0.6842105263157895,0.3157894736842105,2,0.8388436656710514
OpenManus/045,Science,Reasoning Hallucination,0,1,0,4,0.3333333333333333,2.0,-8.285774827379228,-6.576231410333134,-10.456515918637624,3.7826432664770877,-10.456515918637624,12.065766456217823,10.456515918637624,12.065766456217823,22.522282374855447,10.456515918637624,0.0,0.0,1.0,11.079469661040015,0.23146797676629738,28.832811974240567,2,0.37606291246328166,4,0.6842105263157895,0.3157894736842105,2,0.335504692544544
OpenManus/045,Science,Reasoning Hallucination,0,2,0,4,0.6666666666666666,1.0,3.7799916288385944,5.489535045884689,1.6092505375801984,-8.283123189740735,12.065766456217823,-8.283123189740735,12.065766456217823,8.283123189740735,-20.348889645958558,0.0,12.065766456217823,1.0,0.0,11.079469661040015,0.23146797676629738,28.832811974240567,2,0.37606291246328166,4,0.6842105263157895,0.3157894736842105,2,0.31887640204512896
OpenManus/045,Science,Reasoning Hallucination,0,3,0,4,1.0,0.0,-4.5031315609021405,-2.793588143856046,-6.6738726521605365,0.0,-8.283123189740735,0.0,8.283123189740735,0.0,8.283123189740735,8.283123189740735,3.7826432664770877,0.0,0.0,11.079469661040015,0.23146797676629738,28.832811974240567,2,0.37606291246328166,4,0.6842105263157895,0.3157894736842105,2,0.031070995120361714
OpenManus/046,Science,Human-Interaction Hallucination,0,0,1,4,0.0,3.0,-2.7678647254983026,-2.0947450631877302,0.0,0.6054102125389349,0.0,3.052691618638171,0.0,3.052691618638171,3.052691618638171,0.0,0.0,1.0,1.0,4.545279810738484,0.0713493874251892,8.485149408938033,1,0.06287859497958842,4,0.631578947368421,0.0,2,0.7009976309667837
OpenManus/046,Science,Human-Interaction Hallucination,0,1,0,4,0.3333333333333333,2.0,0.28482689313986853,0.9579465554504409,3.052691618638171,-2.4472814060992363,3.052691618638171,1.6681868029356437,3.052691618638171,1.6681868029356437,-1.3845048157025275,0.0,3.052691618638171,1.0,0.0,4.545279810738484,0.0713493874251892,8.485149408938033,1,0.06287859497958842,4,0.631578947368421,0.0,2,0.7834946266681387
OpenManus/046,Science,Human-Interaction Hallucination,0,2,0,4,0.6666666666666666,1.0,1.9530136960755122,2.6261333583860846,4.720878421573815,-4.11546820903488,1.6681868029356437,-4.11546820903488,1.6681868029356437,4.11546820903488,-5.783655011970524,0.0,4.720878421573815,1.0,0.0,4.545279810738484,0.0713493874251892,8.485149408938033,1,0.06287859497958842,4,0.631578947368421,0.0,2,0.6852174217036566
OpenManus/046,Science,Human-Interaction Hallucination,0,3,0,4,1.0,0.0,-2.1624545129593677,-1.4893348506487953,0.6054102125389349,0.0,-4.11546820903488,0.0,4.11546820903488,0.0,4.11546820903488,4.11546820903488,0.6054102125389349,0.0,0.0,4.545279810738484,0.0713493874251892,8.485149408938033,1,0.06287859497958842,4,0.631578947368421,0.0,2,0.31467532390684827
OpenManus/047,World Knowledge,Retrieval Hallucination,1,0,0,3,0.0,2.0,-2.274731478466485,-0.7521907698149057,0.0,2.2693641770070307,0.0,-0.012791867562313541,0.0,0.012791867562313541,-0.012791867562313541,0.0,0.0,1.0,1.0,2.281482788381854,0.9894326787766097,2.2936013997566773,1,0.013420748024161913,3,1.0,0.47368421052631576,2,0.6774218814836159
OpenManus/047,World Knowledge,Retrieval Hallucination,1,1,1,3,0.5,1.0,-2.2875233460287987,-0.7649826373772193,-0.012791867562313541,2.2821560445693443,-0.012791867562313541,2.2821560445693443,0.012791867562313541,2.2821560445693443,2.294947912131658,0.012791867562313541,0.0,0.0,1.0,2.281482788381854,0.9894326787766097,2.2936013997566773,1,0.013420748024161913,3,1.0,0.47368421052631576,2,0.7733089544926268
OpenManus/047,World Knowledge,Retrieval Hallucination,1,2,0,3,1.0,0.0,-0.00536730145945441,1.517173407192125,2.2693641770070307,0.0,2.2821560445693443,0.0,2.2821560445693443,0.0,-2.2821560445693443,0.0,2.2821560445693443,1.0,0.0,2.281482788381854,0.9894326787766097,2.2936013997566773,1,0.013420748024161913,3,1.0,0.47368421052631576,2,0.5914805452715103
OpenManus/050,World Knowledge,Retrieval Hallucination,1,0,0,3,0.0,2.0,-2.2969142036418404,-0.7682606258827664,0.0,2.268890144922061,0.0,0.035891732726238246,0.0,0.035891732726238246,0.035891732726238246,0.0,0.0,1.0,1.0,2.268890144922061,1.0,2.268890144922061,0,0.012848577072921696,3,1.0,0.0,1,0.7551752310678117
OpenManus/050,World Knowledge,Retrieval Hallucination,1,1,1,3,0.5,1.0,-2.261022470915602,-0.7323688931565282,0.035891732726238246,2.2329984121958226,0.035891732726238246,2.2329984121958226,0.035891732726238246,2.2329984121958226,2.1971066794695844,0.0,0.035891732726238246,1.0,0.0,2.268890144922061,1.0,2.268890144922061,0,0.012848577072921696,3,1.0,0.0,1,0.7169040108796113
OpenManus/050,World Knowledge,Retrieval Hallucination,1,2,0,3,1.0,0.0,-0.028024058719779532,1.5006295190392944,2.268890144922061,0.0,2.2329984121958226,0.0,2.2329984121958226,0.0,-2.2329984121958226,0.0,2.268890144922061,1.0,0.0,2.268890144922061,1.0,2.268890144922061,0,0.012848577072921696,3,1.0,0.0,1,0.4830787990223387
OpenManus/052,World Knowledge,Human-Interaction Hallucination,0,0,1,7,0.0,6.0,2.6293306605178017,3.041665295678203,0.0,3.8122888410141798,0.0,-4.7873220158600915,0.0,4.7873220158600915,-4.7873220158600915,0.0,0.0,1.0,1.0,11.291911340156691,0.16886491394512076,22.575967688901507,3,0.43497286377725275,7,1.0,0.3157894736842105,0,0.6637463374059563
OpenManus/052,World Knowledge,Human-Interaction Hallucination,0,1,0,7,0.16666666666666666,5.0,-2.15799135534229,-1.7456567201818887,-4.7873220158600915,8.599610856874271,-4.7873220158600915,-3.009041716609765,4.7873220158600915,3.009041716609765,1.7782802992503264,4.7873220158600915,0.0,0.0,1.0,11.291911340156691,0.16886491394512076,22.575967688901507,3,0.43497286377725275,7,1.0,0.3157894736842105,0,0.14555026117986805
OpenManus/052,World Knowledge,Human-Interaction Hallucination,0,2,0,7,0.3333333333333333,4.0,-5.167033071952055,-4.754698436791654,-7.796363732469857,11.608652573484036,-3.009041716609765,2.5118155335569483,3.009041716609765,2.5118155335569483,5.5208572501667135,7.796363732469857,0.0,0.0,1.0,11.291911340156691,0.16886491394512076,22.575967688901507,3,0.43497286377725275,7,1.0,0.3157894736842105,0,0.09621002101553522
OpenManus/052,World Knowledge,Human-Interaction Hallucination,0,3,0,7,0.5,3.0,-2.6552175383951067,-2.2428829032347055,-5.284548198912908,9.096837039927088,2.5118155335569483,2.98706392606249,2.5118155335569483,2.98706392606249,0.4752483925055415,5.284548198912908,2.5118155335569483,0.0,0.0,11.291911340156691,0.16886491394512076,22.575967688901507,3,0.43497286377725275,7,1.0,0.3157894736842105,0,0.2256447666235518
OpenManus/052,World Knowledge,Human-Interaction Hallucination,0,4,0,7,0.6666666666666666,2.0,0.33184638766738317,0.7441810228277842,-2.2974842728504186,6.109773113864598,2.98706392606249,-2.6407434178179052,2.98706392606249,2.6407434178179052,-5.627807343880395,2.2974842728504186,5.498879459619438,0.0,0.0,11.291911340156691,0.16886491394512076,22.575967688901507,3,0.43497286377725275,7,1.0,0.3157894736842105,0,0.25178911034667373
OpenManus/052,World Knowledge,Human-Interaction Hallucination,0,5,0,7,0.8333333333333334,1.0,-2.308897030150522,-1.896562394990121,-4.938227690668324,8.750516531682504,-2.6407434178179052,8.750516531682504,2.6407434178179052,8.750516531682504,11.391259949500409,4.938227690668324,2.858136041801533,0.0,0.0,11.291911340156691,0.16886491394512076,22.575967688901507,3,0.43497286377725275,7,1.0,0.3157894736842105,0,0.5838702353990106
OpenManus/052,World Knowledge,Human-Interaction Hallucination,0,6,0,7,1.0,0.0,6.4416195015319815,6.853954136692383,3.8122888410141798,0.0,8.750516531682504,0.0,8.750516531682504,0.0,-8.750516531682504,0.0,11.608652573484036,1.0,0.0,11.291911340156691,0.16886491394512076,22.575967688901507,3,0.43497286377725275,7,1.0,0.3157894736842105,0,0.6514967813971213
OpenManus/053,World Knowledge,Human-Interaction Hallucination,3,0,0,6,0.0,5.0,-4.5935364866668,-3.0568369988866335,0.0,-2.0926697557296805,0.0,1.6238737162885073,0.0,1.6238737162885073,1.6238737162885073,0.0,0.0,1.0,1.0,12.78880700624735,0.08553400593050665,24.46593881537479,3,0.4044070528269514,6,0.7894736842105263,1.0,4,0.3344876163858547
OpenManus/053,World Knowledge,Human-Interaction Hallucination,3,1,0,6,0.2,4.0,-2.9696627703782923,-1.4329632825981264,1.6238737162885073,-3.716543472018188,1.6238737162885073,-0.6212965537861912,1.6238737162885073,0.6212965537861912,-2.2451702700746985,0.0,1.6238737162885073,1.0,0.0,12.78880700624735,0.08553400593050665,24.46593881537479,3,0.4044070528269514,6,0.7894736842105263,1.0,4,0.3079557558247612
OpenManus/053,World Knowledge,Human-Interaction Hallucination,3,2,0,6,0.4,3.0,-3.5909593241644835,-2.0542598363843174,1.002577162502316,-3.0952469182319966,-0.6212965537861912,5.8976421260165175,0.6212965537861912,5.8976421260165175,6.518938679802709,0.6212965537861912,1.002577162502316,0.0,0.0,12.78880700624735,0.08553400593050665,24.46593881537479,3,0.4044070528269514,6,0.7894736842105263,1.0,4,0.7136045275837584
OpenManus/053,World Knowledge,Human-Interaction Hallucination,3,3,1,6,0.6,2.0,2.306682801852034,3.8433822896322,6.900219288518834,-8.992889044248514,5.8976421260165175,4.006802293220993,5.8976421260165175,4.006802293220993,-1.8908398327955247,0.0,6.900219288518834,1.0,0.0,12.78880700624735,0.08553400593050665,24.46593881537479,3,0.4044070528269514,6,0.7894736842105263,1.0,4,0.680012022505758
OpenManus/053,World Knowledge,Human-Interaction Hallucination,3,4,0,6,0.8,1.0,6.313485095073027,7.850184582853193,10.907021581739826,-12.999691337469507,4.006802293220993,-12.999691337469507,4.006802293220993,12.999691337469507,-17.0064936306905,0.0,10.907021581739826,1.0,0.0,12.78880700624735,0.08553400593050665,24.46593881537479,3,0.4044070528269514,6,0.7894736842105263,1.0,4,0.5954083616744238
OpenManus/053,World Knowledge,Human-Interaction Hallucination,3,5,0,6,1.0,0.0,-6.68620624239648,-5.149506754616314,-2.0926697557296805,0.0,-12.999691337469507,0.0,12.999691337469507,0.0,12.999691337469507,12.999691337469507,0.0,0.0,1.0,12.78880700624735,0.08553400593050665,24.46593881537479,3,0.4044070528269514,6,0.7894736842105263,1.0,4,0.007925468932071278
OpenManus/054,World Knowledge,Retrieval Hallucination,2,0,0,4,0.0,3.0,-1.998656322668495,-0.5000632501899815,0.0,3.9877785831807913,0.0,-1.9740820674127733,0.0,1.9740820674127733,-1.9740820674127733,0.0,0.0,1.0,1.0,5.857961594413945,0.5160072419280105,7.728144605647097,1,0.052414948821067536,4,1.0,0.3157894736842105,3,0.6782367056164245
OpenManus/054,World Knowledge,Retrieval Hallucination,2,1,0,4,0.3333333333333333,2.0,-3.9727383900812683,-2.474145317602755,-1.9740820674127733,5.9618606505935645,-1.9740820674127733,1.9606385524046814,1.9740820674127733,1.9606385524046814,3.9347206198174547,1.9740820674127733,0.0,0.0,1.0,5.857961594413945,0.5160072419280105,7.728144605647097,1,0.052414948821067536,4,1.0,0.3157894736842105,3,0.441745707819143
OpenManus/054,World Knowledge,Retrieval Hallucination,2,2,1,4,0.6666666666666666,1.0,-2.012099837676587,-0.5135067651980734,-0.013443515008091822,4.001222098188883,1.9606385524046814,4.001222098188883,1.9606385524046814,4.001222098188883,2.0405835457842016,0.013443515008091822,1.9606385524046814,0.0,0.0,5.857961594413945,0.5160072419280105,7.728144605647097,1,0.052414948821067536,4,1.0,0.3157894736842105,3,0.6014752838341215
OpenManus/054,World Knowledge,Retrieval Hallucination,2,3,0,4,1.0,0.0,1.9891222605122962,3.4877153329908097,3.9877785831807913,0.0,4.001222098188883,0.0,4.001222098188883,0.0,-4.001222098188883,0.0,5.9618606505935645,1.0,0.0,5.857961594413945,0.5160072419280105,7.728144605647097,1,0.052414948821067536,4,1.0,0.3157894736842105,3,0.5315137530394787
OpenManus/055,World Knowledge,Retrieval Hallucination,2,0,0,4,0.0,3.0,-6.0217484439084785,-3.0136657777150013,0.0,6.015190576541375,0.0,1.9798905070665427,0.0,1.9798905070665427,1.9798905070665427,0.0,0.0,1.0,1.0,6.015190576541375,1.0,6.015190576541375,0,0.001963894596625283,4,1.0,0.0,4,0.6003708452710211
OpenManus/055,World Knowledge,Retrieval Hallucination,2,1,0,4,0.3333333333333333,2.0,-4.041857936841936,-1.0337752706484586,1.9798905070665427,4.035300069474832,1.9798905070665427,2.079691520185545,1.9798905070665427,2.079691520185545,0.09980101311900214,0.0,1.9798905070665427,1.0,0.0,6.015190576541375,1.0,6.015190576541375,0,0.001963894596625283,4,1.0,0.0,4,0.614679773332235
OpenManus/055,World Knowledge,Retrieval Hallucination,2,2,1,4,0.6666666666666666,1.0,-1.962166416656391,1.0459162495370862,4.0595820272520875,1.9556085492892876,2.079691520185545,1.9556085492892876,2.079691520185545,1.9556085492892876,-0.1240829708962572,0.0,4.0595820272520875,1.0,0.0,6.015190576541375,1.0,6.015190576541375,0,0.001963894596625283,4,1.0,0.0,4,0.5839432998615258
OpenManus/055,World Knowledge,Retrieval Hallucination,2,3,0,4,1.0,0.0,-0.006557867367103398,3.001524798826374,6.015190576541375,0.0,1.9556085492892876,0.0,1.9556085492892876,0.0,-1.9556085492892876,0.0,6.015190576541375,1.0,0.0,6.015190576541375,1.0,6.015190576541375,0,0.001963894596625283,4,1.0,0.0,4,0.4314056677324837
OpenManus/056,World Knowledge,Human-Interaction Hallucination,13,0,0,16,0.0,15.0,0.002271254797939548,0.4100201028257511,0.0,-1.9566752710878,0.0,-0.11211982827544986,0.0,0.11211982827544986,-0.11211982827544986,0.0,0.0,1.0,1.0,12.733459635444179,0.03285706751580071,59.551123061936366,10,4.97073140783104,16,0.9473684210526315,0.5263157894736842,1,0.108285491124689
OpenManus/056,World Knowledge,Human-Interaction Hallucination,13,1,0,16,0.06666666666666667,14.0,-0.10984857347751031,0.2979002745503012,-0.11211982827544986,-1.84455544281235,-0.11211982827544986,-2.355927690048759,0.11211982827544986,2.355927690048759,-2.243807861773309,0.11211982827544986,0.0,0.0,1.0,12.733459635444179,0.03285706751580071,59.551123061936366,10,4.97073140783104,16,0.9473684210526315,0.5263157894736842,1,0.1337810868355616
OpenManus/056,World Knowledge,Human-Interaction Hallucination,13,2,0,16,0.13333333333333333,13.0,-2.465776263526269,-2.058027415498458,-2.4680475183242088,0.5113722472364088,-2.355927690048759,5.00468742861317,2.355927690048759,5.00468742861317,7.360615118661929,2.4680475183242088,0.0,0.0,1.0,12.733459635444179,0.03285706751580071,59.551123061936366,10,4.97073140783104,16,0.9473684210526315,0.5263157894736842,1,0.13292334122838168
OpenManus/056,World Knowledge,Human-Interaction Hallucination,13,3,0,16,0.2,12.0,2.538911165086901,2.9466600131147125,2.5366399102889616,-4.493315181376762,5.00468742861317,-5.154580270094623,5.00468742861317,5.154580270094623,-10.159267698707794,0.0,5.00468742861317,1.0,0.0,12.733459635444179,0.03285706751580071,59.551123061936366,10,4.97073140783104,16,0.9473684210526315,0.5263157894736842,1,0.1809564045924611
OpenManus/056,World Knowledge,Human-Interaction Hallucination,13,4,0,16,0.26666666666666666,11.0,-2.615669105007722,-2.207920256979911,-2.6179403598056616,0.6612650887178617,-5.154580270094623,-0.06422199718486254,5.154580270094623,0.06422199718486254,5.090358272909761,5.154580270094623,0.0,0.0,1.0,12.733459635444179,0.03285706751580071,59.551123061936366,10,4.97073140783104,16,0.9473684210526315,0.5263157894736842,1,0.039252391256060205
OpenManus/056,World Knowledge,Human-Interaction Hallucination,13,5,0,16,0.3333333333333333,10.0,-2.6798911021925846,-2.2721422541647733,-2.682162356990524,0.7254870859027243,-0.06422199718486254,2.6343600957685993,0.06422199718486254,2.6343600957685993,2.698582092953462,5.218802267279486,0.0,0.0,1.0,12.733459635444179,0.03285706751580071,59.551123061936366,10,4.97073140783104,16,0.9473684210526315,0.5263157894736842,1,0.11042902671581524
OpenManus/056,World Knowledge,Human-Interaction Hallucination,13,6,0,16,0.4,9.0,-0.04553100642398533,0.3622178416038262,-0.04780226122192488,-1.908873009865875,2.6343600957685993,2.4065567418497373,2.6343600957685993,2.4065567418497373,-0.22780335391886197,2.5844421715108865,2.6343600957685993,0.0,0.0,12.733459635444179,0.03285706751580071,59.551123061936366,10,4.97073140783104,16,0.9473684210526315,0.5263157894736842,1,0.2888178013001856
OpenManus/056,World Knowledge,Human-Interaction Hallucination,13,7,0,16,0.4666666666666667,8.0,2.361025735425752,2.7687745834535633,2.3587544806278125,-4.315429751715612,2.4065567418497373,-10.966834514829031,2.4065567418497373,10.966834514829031,-13.373391256678769,0.17788542966114917,5.040916837618337,0.0,0.0,12.733459635444179,0.03285706751580071,59.551123061936366,10,4.97073140783104,16,0.9473684210526315,0.5263157894736842,1,0.2997516236850955
OpenManus/056,World Knowledge,Human-Interaction Hallucination,13,8,0,16,0.5333333333333333,7.0,-8.60580877940328,-8.198059931375468,-8.608080034201219,6.651404763113419,-10.966834514829031,10.888025406995688,10.966834514829031,10.888025406995688,21.85485992182472,11.14471994449018,0.0,0.0,1.0,12.733459635444179,0.03285706751580071,59.551123061936366,10,4.97073140783104,16,0.9473684210526315,0.5263157894736842,1,0.025181782843784077
OpenManus/056,World Knowledge,Human-Interaction Hallucination,13,9,0,16,0.6,6.0,2.2822166275924083,2.6899654756202196,2.2799453727944687,-4.236620643882269,10.888025406995688,0.09297339688845341,10.888025406995688,0.09297339688845341,-10.795052010107234,0.2566945374944929,10.888025406995688,0.0,0.0,12.733459635444179,0.03285706751580071,59.551123061936366,10,4.97073140783104,16,0.9473684210526315,0.5263157894736842,1,0.25776009070723127
OpenManus/056,World Knowledge,Human-Interaction Hallucination,13,10,0,16,0.6666666666666666,5.0,2.3751900244808617,2.782938872508673,2.372918769682922,-4.329594040770722,0.09297339688845341,-9.239990366697945,0.09297339688845341,9.239990366697945,-9.332963763586399,0.16372114060603948,10.980998803884141,0.0,0.0,12.733459635444179,0.03285706751580071,59.551123061936366,10,4.97073140783104,16,0.9473684210526315,0.5263157894736842,1,0.3705431742994572
OpenManus/056,World Knowledge,Human-Interaction Hallucination,13,11,0,16,0.7333333333333333,4.0,-6.864800342217084,-6.4570514941892725,-6.867071597015023,4.910396325927223,-9.239990366697945,9.279618955357552,9.239990366697945,9.279618955357552,18.519609322055498,9.403711507303985,1.7410084371861956,0.0,0.0,12.733459635444179,0.03285706751580071,59.551123061936366,10,4.97073140783104,16,0.9473684210526315,0.5263157894736842,1,0.08124854087410262
OpenManus/056,World Knowledge,Human-Interaction Hallucination,13,12,0,16,0.8,3.0,2.4148186131404685,2.82256746116828,2.412547358342529,-4.369222629430329,9.279618955357552,-2.783281170877789,9.279618955357552,2.783281170877789,-12.062900126235341,0.12409255194643265,11.020627392543748,0.0,0.0,12.733459635444179,0.03285706751580071,59.551123061936366,10,4.97073140783104,16,0.9473684210526315,0.5263157894736842,1,0.34876939034753435
OpenManus/056,World Knowledge,Human-Interaction Hallucination,13,13,1,16,0.8666666666666667,2.0,-0.3684625577373204,0.03928629029049113,-0.37073381253525994,-1.58594145855254,-2.783281170877789,7.58023931504362,2.783281170877789,7.58023931504362,10.36352048592141,2.9073737228242216,8.237346221665959,0.0,0.0,12.733459635444179,0.03285706751580071,59.551123061936366,10,4.97073140783104,16,0.9473684210526315,0.5263157894736842,1,0.6245944103889848
OpenManus/056,World Knowledge,Human-Interaction Hallucination,13,14,0,16,0.9333333333333333,1.0,7.2117767573063,7.619525605334111,7.20950550250836,-9.16618077359616,7.58023931504362,-9.16618077359616,7.58023931504362,9.16618077359616,-16.74642008863978,0.0,15.81758553670958,1.0,0.0,12.733459635444179,0.03285706751580071,59.551123061936366,10,4.97073140783104,16,0.9473684210526315,0.5263157894736842,1,0.5978360862451155
OpenManus/056,World Knowledge,Human-Interaction Hallucination,13,15,0,16,1.0,0.0,-1.9544040162898604,-1.5466551682620489,-1.9566752710878,0.0,-9.16618077359616,0.0,9.16618077359616,0.0,9.16618077359616,9.16618077359616,6.651404763113419,0.0,0.0,12.733459635444179,0.03285706751580071,59.551123061936366,10,4.97073140783104,16,0.9473684210526315,0.5263157894736842,1,0.08184065355923606
OpenManus/057,World Knowledge,Retrieval Hallucination,3,0,0,15,0.0,14.0,-0.1354948112617862,0.034243259690331956,0.0,-4.623885093639519,0.0,-2.510858945481967,0.0,2.510858945481967,-2.510858945481967,0.0,0.0,1.0,1.0,11.623300623993323,0.0868741891283256,53.22507340827526,10,4.282239252698656,15,0.42105263157894735,0.6842105263157895,2,0.02778562592909411
OpenManus/057,World Knowledge,Retrieval Hallucination,3,1,0,15,0.07142857142857142,13.0,-2.6463537567437534,-2.4766156857916353,-2.510858945481967,-2.1130261481575516,-2.510858945481967,4.777900132277416,2.510858945481967,4.777900132277416,7.288759077759384,2.510858945481967,0.0,0.0,1.0,11.623300623993323,0.0868741891283256,53.22507340827526,10,4.282239252698656,15,0.42105263157894735,0.6842105263157895,2,0.05412114656884475
OpenManus/057,World Knowledge,Retrieval Hallucination,3,2,0,15,0.14285714285714285,12.0,2.131546375533663,2.301284446485781,2.267041186795449,-6.890926280434968,4.777900132277416,-2.01552225198202,4.777900132277416,2.01552225198202,-6.793422384259436,0.0,4.777900132277416,1.0,0.0,11.623300623993323,0.0868741891283256,53.22507340827526,10,4.282239252698656,15,0.42105263157894735,0.6842105263157895,2,0.06269726752214194
OpenManus/057,World Knowledge,Retrieval Hallucination,3,3,1,15,0.21428571428571427,11.0,0.11602412355164304,0.28576219450376117,0.25151893481342924,-4.875404028452948,-2.01552225198202,6.421377012338418,2.01552225198202,6.421377012338418,8.436899264320438,2.01552225198202,2.7623778802953964,0.0,0.0,11.623300623993323,0.0868741891283256,53.22507340827526,10,4.282239252698656,15,0.42105263157894735,0.6842105263157895,2,0.38913185786568705
OpenManus/057,World Knowledge,Retrieval Hallucination,3,4,0,15,0.2857142857142857,10.0,6.537401135890061,6.70713920684218,6.672895947151847,-11.296781040791366,6.421377012338418,-6.1164925496280205,6.421377012338418,6.1164925496280205,-12.537869561966438,0.0,9.183754892633814,1.0,0.0,11.623300623993323,0.0868741891283256,53.22507340827526,10,4.282239252698656,15,0.42105263157894735,0.6842105263157895,2,0.28278037914769083
OpenManus/057,World Knowledge,Retrieval Hallucination,3,5,0,15,0.35714285714285715,9.0,0.42090858626204053,0.5906466572141587,0.5564033975238267,-5.1802884911633456,-6.1164925496280205,6.551747577467172,6.1164925496280205,6.551747577467172,12.668240127095192,6.1164925496280205,3.067262343005794,0.0,0.0,11.623300623993323,0.0868741891283256,53.22507340827526,10,4.282239252698656,15,0.42105263157894735,0.6842105263157895,2,0.43554813246467444
OpenManus/057,World Knowledge,Retrieval Hallucination,3,6,0,15,0.42857142857142855,8.0,6.972656163729212,7.142394234681331,7.108150974990998,-11.732036068630517,6.551747577467172,-11.673619028712562,6.551747577467172,11.673619028712562,-18.225366606179733,0.0,9.619009920472966,1.0,0.0,11.623300623993323,0.0868741891283256,53.22507340827526,10,4.282239252698656,15,0.42105263157894735,0.6842105263157895,2,0.31726689854336565
OpenManus/057,World Knowledge,Retrieval Hallucination,3,7,0,15,0.5,7.0,-4.7009628649833495,-4.531224794031231,-4.565468053721563,-0.05841703991795555,-11.673619028712562,6.924010950441424,11.673619028712562,6.924010950441424,18.597629979153986,11.673619028712562,0.0,0.0,1.0,11.623300623993323,0.0868741891283256,53.22507340827526,10,4.282239252698656,15,0.42105263157894735,0.6842105263157895,2,0.052287410804465334
OpenManus/057,World Knowledge,Retrieval Hallucination,3,8,0,15,0.5714285714285714,6.0,2.2230480854580748,2.392786156410193,2.358542896719861,-6.98242799035938,6.924010950441424,-7.178398532985323,6.924010950441424,7.178398532985323,-14.102409483426747,4.749608078271137,6.924010950441424,0.0,0.0,11.623300623993323,0.0868741891283256,53.22507340827526,10,4.282239252698656,15,0.42105263157894735,0.6842105263157895,2,0.13823569440425354
OpenManus/057,World Knowledge,Retrieval Hallucination,3,9,0,15,0.6428571428571429,5.0,-4.955350447527248,-4.78561237657513,-4.819855636265462,0.19597054262594327,-7.178398532985323,-0.6649164906304321,7.178398532985323,0.6649164906304321,6.513482042354891,11.92800661125646,0.0,0.0,1.0,11.623300623993323,0.0868741891283256,53.22507340827526,10,4.282239252698656,15,0.42105263157894735,0.6842105263157895,2,0.01130833675564366
OpenManus/057,World Knowledge,Retrieval Hallucination,3,10,0,15,0.7142857142857143,4.0,-5.62026693815768,-5.450528867205562,-5.484772126895894,0.8608870332563754,-0.6649164906304321,2.6872229469328346,0.6649164906304321,2.6872229469328346,3.3521394375632667,12.592923101886893,0.0,0.0,1.0,11.623300623993323,0.0868741891283256,53.22507340827526,10,4.282239252698656,15,0.42105263157894735,0.6842105263157895,2,0.04941680008619386
OpenManus/057,World Knowledge,Retrieval Hallucination,3,11,0,15,0.7857142857142857,3.0,-2.933043991224846,-2.7633059202727277,-2.7975491799630596,-1.8263359136764592,2.6872229469328346,2.8013648132899505,2.6872229469328346,2.8013648132899505,0.11414186635711587,9.905700154954058,2.6872229469328346,0.0,0.0,11.623300623993323,0.0868741891283256,53.22507340827526,10,4.282239252698656,15,0.42105263157894735,0.6842105263157895,2,0.18728851666720608
OpenManus/057,World Knowledge,Retrieval Hallucination,3,12,0,15,0.8571428571428571,2.0,-0.13167917793489536,0.03805889301722279,0.0038156333268908327,-4.62770072696641,2.8013648132899505,5.0665555359632926,2.8013648132899505,5.0665555359632926,2.265190722673342,7.1043353416641075,5.488587760222785,0.0,0.0,11.623300623993323,0.0868741891283256,53.22507340827526,10,4.282239252698656,15,0.42105263157894735,0.6842105263157895,2,0.6678212576910437
OpenManus/057,World Knowledge,Retrieval Hallucination,3,13,0,15,0.9285714285714286,1.0,4.934876358028397,5.104614428980516,5.070371169290183,-9.694256262929702,5.0665555359632926,-9.694256262929702,5.0665555359632926,9.694256262929702,-14.760811798892995,2.037779805700815,10.555143296186078,0.0,0.0,11.623300623993323,0.0868741891283256,53.22507340827526,10,4.282239252698656,15,0.42105263157894735,0.6842105263157895,2,0.5667916744425351
OpenManus/057,World Knowledge,Retrieval Hallucination,3,14,0,15,1.0,0.0,-4.759379904901305,-4.5896418339491865,-4.623885093639519,0.0,-9.694256262929702,0.0,9.694256262929702,0.0,9.694256262929702,11.732036068630517,0.8608870332563754,0.0,0.0,11.623300623993323,0.0868741891283256,53.22507340827526,10,4.282239252698656,15,0.42105263157894735,0.6842105263157895,2,0.0375021218188652
OpenManus/058,World Knowledge,Human-Interaction Hallucination,10,0,0,12,0.0,11.0,0.09775505029458742,-0.10977800631324838,0.0,4.948020381612569,0.0,2.1218582548167433,0.0,2.1218582548167433,2.1218582548167433,0.0,0.0,1.0,1.0,10.623684801807524,0.16224228736720692,30.497723262576997,6,1.9924041230457246,12,1.0,0.5263157894736842,4,0.26576416353997295
OpenManus/058,World Knowledge,Human-Interaction Hallucination,10,1,0,12,0.09090909090909091,10.0,2.2196133051113307,2.0120802485034948,2.1218582548167433,2.8261621267958255,2.1218582548167433,-4.1712547764534555,2.1218582548167433,4.1712547764534555,-6.293113031270199,0.0,2.1218582548167433,1.0,0.0,10.623684801807524,0.16224228736720692,30.497723262576997,6,1.9924041230457246,12,1.0,0.5263157894736842,4,0.28267308143240943
OpenManus/058,World Knowledge,Human-Interaction Hallucination,10,2,0,12,0.18181818181818182,9.0,-1.9516414713421248,-2.159174527949961,-2.0493965216367123,6.997416903249281,-4.1712547764534555,6.440128504275474,4.1712547764534555,6.440128504275474,10.61138328072893,4.1712547764534555,0.0,0.0,1.0,10.623684801807524,0.16224228736720692,30.497723262576997,6,1.9924041230457246,12,1.0,0.5263157894736842,4,0.35132114374556583
OpenManus/058,World Knowledge,Human-Interaction Hallucination,10,3,0,12,0.2727272727272727,8.0,4.4884870329333495,4.280953976325514,4.390731982638762,0.5572883989738067,6.440128504275474,-6.756393669685934,6.440128504275474,6.756393669685934,-13.196522173961409,0.0,6.440128504275474,1.0,0.0,10.623684801807524,0.16224228736720692,30.497723262576997,6,1.9924041230457246,12,1.0,0.5263157894736842,4,0.3423663732212439
OpenManus/058,World Knowledge,Human-Interaction Hallucination,10,4,0,12,0.36363636363636365,7.0,-2.267906636752585,-2.475439693360421,-2.3656616870471723,7.313682068659741,-6.756393669685934,1.6779181984440363,6.756393669685934,1.6779181984440363,8.43431186812997,6.756393669685934,0.0,0.0,1.0,10.623684801807524,0.16224228736720692,30.497723262576997,6,1.9924041230457246,12,1.0,0.5263157894736842,4,0.0864283502541639
OpenManus/058,World Knowledge,Human-Interaction Hallucination,10,5,0,12,0.45454545454545453,6.0,-0.5899884383085485,-0.7975214949163844,-0.6877434886031359,5.635763870215705,1.6779181984440363,-6.318033180016304,1.6779181984440363,6.318033180016304,-7.99595137846034,5.078475471241898,1.6779181984440363,0.0,0.0,10.623684801807524,0.16224228736720692,30.497723262576997,6,1.9924041230457246,12,1.0,0.5263157894736842,4,0.13850229039453624
OpenManus/058,World Knowledge,Human-Interaction Hallucination,10,6,0,12,0.5454545454545454,5.0,-6.908021618324852,-7.115554674932688,-7.00577666861944,11.953797050232009,-6.318033180016304,4.79304436853235,6.318033180016304,4.79304436853235,11.111077548548653,11.396508651258202,0.0,0.0,1.0,10.623684801807524,0.16224228736720692,30.497723262576997,6,1.9924041230457246,12,1.0,0.5263157894736842,4,0.026161159937624898
OpenManus/058,World Knowledge,Human-Interaction Hallucination,10,7,0,12,0.6363636363636364,4.0,-2.114977249792503,-2.3225103064003387,-2.21273230008709,7.160752681699659,4.79304436853235,2.077020474521646,4.79304436853235,2.077020474521646,-2.7160238940107035,6.603464282725852,4.79304436853235,0.0,0.0,10.623684801807524,0.16224228736720692,30.497723262576997,6,1.9924041230457246,12,1.0,0.5263157894736842,4,0.10159470109454473
OpenManus/058,World Knowledge,Human-Interaction Hallucination,10,8,0,12,0.7272727272727273,3.0,-0.037956775270856724,-0.24548983187869253,-0.13571182556544414,5.083732207178013,2.077020474521646,1.9431091304100931,2.077020474521646,1.9431091304100931,-0.13391134411155292,4.526443808204206,6.870064843053996,0.0,0.0,10.623684801807524,0.16224228736720692,30.497723262576997,6,1.9924041230457246,12,1.0,0.5263157894736842,4,0.23088333453797194
OpenManus/058,World Knowledge,Human-Interaction Hallucination,10,9,0,12,0.8181818181818182,2.0,1.9051523551392364,1.6976192985314007,1.807397304844649,3.1406230767679197,1.9431091304100931,0.698953338560603,1.9431091304100931,0.698953338560603,-1.24415579184949,2.583334677794113,8.813173973464089,0.0,0.0,10.623684801807524,0.16224228736720692,30.497723262576997,6,1.9924041230457246,12,1.0,0.5263157894736842,4,0.33743869648663743
OpenManus/058,World Knowledge,Human-Interaction Hallucination,10,10,1,12,0.9090909090909091,1.0,2.6041056936998395,2.3965726370920035,2.506350643405252,2.4416697382073167,0.698953338560603,2.4416697382073167,0.698953338560603,2.4416697382073167,1.7427163996467137,1.88438133923351,9.512127312024692,0.0,0.0,10.623684801807524,0.16224228736720692,30.497723262576997,6,1.9924041230457246,12,1.0,0.5263157894736842,4,0.5391940085418222
OpenManus/058,World Knowledge,Human-Interaction Hallucination,10,11,0,12,1.0,0.0,5.045775431907156,4.838242375299321,4.948020381612569,0.0,2.4416697382073167,0.0,2.4416697382073167,0.0,-2.4416697382073167,0.0,11.953797050232009,1.0,0.0,10.623684801807524,0.16224228736720692,30.497723262576997,6,1.9924041230457246,12,1.0,0.5263157894736842,4,0.44393764074237363
OpenManus/059,World Knowledge,Retrieval Hallucination,1,0,0,3,0.0,2.0,-2.276500178802948,-1.516425730893571,0.0,2.266239087689957,0.0,2.283038104990755,0.0,2.283038104990755,2.283038104990755,0.0,0.0,1.0,1.0,2.28215394618545,0.9861493629232718,2.2980688046809434,1,0.013449339896441882,3,0.5263157894736842,0.0,3,0.836132352053373
OpenManus/059,World Knowledge,Retrieval Hallucination,1,1,1,3,0.5,1.0,0.00653792618780713,0.7666123740971843,2.283038104990755,-0.016799017300797914,2.283038104990755,-0.016799017300797914,2.283038104990755,0.016799017300797914,-2.299837122291553,0.0,2.283038104990755,1.0,0.0,2.28215394618545,0.9861493629232718,2.2980688046809434,1,0.013449339896441882,3,0.5263157894736842,0.0,3,0.6834226532396963
OpenManus/059,World Knowledge,Retrieval Hallucination,1,2,0,3,1.0,0.0,-0.010261091112990783,0.7498133567963864,2.266239087689957,0.0,-0.016799017300797914,0.0,0.016799017300797914,0.0,0.016799017300797914,0.016799017300797914,2.266239087689957,0.0,0.0,2.28215394618545,0.9861493629232718,2.2980688046809434,1,0.013449339896441882,3,0.5263157894736842,0.0,3,0.49161399575483256
OpenManus/060,World Knowledge,Retrieval Hallucination,5,0,0,7,0.0,6.0,0.25194254740220146,-0.012294721422454136,0.0,3.720990493069799,0.0,4.053421735761717,0.0,4.053421735761717,4.053421735761717,0.0,0.0,1.0,1.0,8.239305076114544,0.11045158860797523,33.6888816174177,4,1.1229342743347024,7,0.15789473684210525,0.6842105263157895,1,0.7429167863944158
OpenManus/060,World Knowledge,Retrieval Hallucination,5,1,0,7,0.16666666666666666,5.0,4.305364283163918,4.041127014339263,4.053421735761717,-0.3324312426919178,4.053421735761717,-8.845752904335505,4.053421735761717,8.845752904335505,-12.899174640097222,0.0,4.053421735761717,1.0,0.0,8.239305076114544,0.11045158860797523,33.6888816174177,4,1.1229342743347024,7,0.15789473684210525,0.6842105263157895,1,0.6829718500271083
OpenManus/060,World Knowledge,Retrieval Hallucination,5,2,0,7,0.3333333333333333,4.0,-4.540388621171587,-4.804625889996243,-4.792331168573789,8.513321661643587,-8.845752904335505,9.081600478163459,8.845752904335505,9.081600478163459,17.927353382498964,8.845752904335505,0.0,0.0,1.0,8.239305076114544,0.11045158860797523,33.6888816174177,4,1.1229342743347024,7,0.15789473684210525,0.6842105263157895,1,0.2135987919894076
OpenManus/060,World Knowledge,Retrieval Hallucination,5,3,0,7,0.5,3.0,4.541211856991872,4.276974588167216,4.28926930958967,-0.5682788165198716,9.081600478163459,-8.90357801376867,9.081600478163459,8.90357801376867,-17.98517849193213,0.0,9.081600478163459,1.0,0.0,8.239305076114544,0.11045158860797523,33.6888816174177,4,1.1229342743347024,7,0.15789473684210525,0.6842105263157895,1,0.48329027371410804
OpenManus/060,World Knowledge,Retrieval Hallucination,5,4,0,7,0.6666666666666666,2.0,-4.3623661567767975,-4.626603425601453,-4.614308704178999,8.335299197248798,-8.90357801376867,2.04333008846778,8.90357801376867,2.04333008846778,10.94690810223645,8.90357801376867,0.17802246439478964,0.0,0.0,8.239305076114544,0.11045158860797523,33.6888816174177,4,1.1229342743347024,7,0.15789473684210525,0.6842105263157895,1,0.07447155333163884
OpenManus/060,World Knowledge,Retrieval Hallucination,5,5,1,7,0.8333333333333334,1.0,-2.3190360683090177,-2.583273337133673,-2.570978615711219,6.291969108781018,2.04333008846778,6.291969108781018,2.04333008846778,6.291969108781018,4.248639020313238,6.8602479253008894,2.2213525528625695,0.0,0.0,8.239305076114544,0.11045158860797523,33.6888816174177,4,1.1229342743347024,7,0.15789473684210525,0.6842105263157895,1,0.40904274605467456
OpenManus/060,World Knowledge,Retrieval Hallucination,5,6,0,7,1.0,0.0,3.9729330404720002,3.7086957716473448,3.720990493069799,0.0,6.291969108781018,0.0,6.291969108781018,0.0,-6.291969108781018,0.5682788165198716,8.513321661643587,0.0,0.0,8.239305076114544,0.11045158860797523,33.6888816174177,4,1.1229342743347024,7,0.15789473684210525,0.6842105263157895,1,0.5697439410150364
OpenManus/063,World Knowledge,Retrieval Hallucination,5,0,0,7,0.0,6.0,0.4838893392153061,0.8638140925813832,0.0,-0.24998364405593776,0.0,3.9145428690728536,0.0,3.9145428690728536,3.9145428690728536,0.0,0.0,1.0,1.0,9.94761236248227,0.009385334177542093,26.63556132653398,4,1.0233252814219662,7,0.15789473684210525,0.3157894736842105,4,0.7651941851810202
OpenManus/063,World Knowledge,Retrieval Hallucination,5,1,0,7,0.16666666666666666,5.0,4.39843220828816,4.778356961654237,3.9145428690728536,-4.164526513128791,3.9145428690728536,-11.34818692683741,3.9145428690728536,11.34818692683741,-15.262729795910264,0.0,3.9145428690728536,1.0,0.0,9.94761236248227,0.009385334177542093,26.63556132653398,4,1.0233252814219662,7,0.15789473684210525,0.3157894736842105,4,0.710173442537274
OpenManus/063,World Knowledge,Retrieval Hallucination,5,2,0,7,0.3333333333333333,4.0,-6.949754718549251,-6.569829965183174,-7.433644057764557,7.183660413708619,-11.34818692683741,8.764866644285203,11.34818692683741,8.764866644285203,20.113053571122613,11.34818692683741,0.0,0.0,1.0,9.94761236248227,0.009385334177542093,26.63556132653398,4,1.0233252814219662,7,0.15789473684210525,0.3157894736842105,4,0.16729424645959876
OpenManus/063,World Knowledge,Retrieval Hallucination,5,3,0,7,0.5,3.0,1.8151119257359518,2.195036679102029,1.3312225865206457,-1.5812062305765835,8.764866644285203,-4.488789931972761,8.764866644285203,4.488789931972761,-13.253656576257963,2.583320282552208,8.764866644285203,0.0,0.0,9.94761236248227,0.009385334177542093,26.63556132653398,4,1.0233252814219662,7,0.15789473684210525,0.3157894736842105,4,0.4024619714919173
OpenManus/063,World Knowledge,Retrieval Hallucination,5,4,0,7,0.6666666666666666,2.0,-2.673678006236809,-2.293753252870732,-3.157567345452115,2.9075837013961774,-4.488789931972761,2.706298289061543,4.488789931972761,2.706298289061543,7.195088221034304,7.072110214524969,4.276076712312442,0.0,0.0,9.94761236248227,0.009385334177542093,26.63556132653398,4,1.0233252814219662,7,0.15789473684210525,0.3157894736842105,4,0.2058927281800402
OpenManus/063,World Knowledge,Retrieval Hallucination,5,5,1,7,0.8333333333333334,1.0,0.03262028282473395,0.41254503619081107,-0.45126905639057213,0.20128541233463437,2.706298289061543,0.20128541233463437,2.706298289061543,0.20128541233463437,-2.5050128767269086,4.365811925463426,6.982375001373985,0.0,0.0,9.94761236248227,0.009385334177542093,26.63556132653398,4,1.0233252814219662,7,0.15789473684210525,0.3157894736842105,4,0.25562113464929914
OpenManus/063,World Knowledge,Retrieval Hallucination,5,6,0,7,1.0,0.0,0.23390569515936832,0.6138304485254454,-0.24998364405593776,0.0,0.20128541233463437,0.0,0.20128541233463437,0.0,-0.20128541233463437,4.164526513128791,7.183660413708619,0.0,0.0,9.94761236248227,0.009385334177542093,26.63556132653398,4,1.0233252814219662,7,0.15789473684210525,0.3157894736842105,4,0.2551684523595836
OpenManus/064,World Knowledge,Human-Interaction Hallucination,0,0,1,4,0.0,3.0,-0.019193791613286493,1.5899436316525968,0.0,2.148237628460567,0.0,0.03029330025612964,0.0,0.03029330025612964,0.03029330025612964,0.0,0.0,1.0,1.0,10.12409344779883,0.11831230722879438,18.15734709920134,2,0.24433363065973962,4,1.0,0.6842105263157895,1,0.8226567256414439
OpenManus/064,World Knowledge,Human-Interaction Hallucination,0,1,0,4,0.3333333333333333,2.0,0.011099508642843148,1.6202369319087264,0.03029330025612964,2.1179443282044375,0.03029330025612964,-8.568598755583213,0.03029330025612964,8.568598755583213,-8.598892055839343,0.0,0.03029330025612964,1.0,0.0,10.12409344779883,0.11831230722879438,18.15734709920134,2,0.24433363065973962,4,1.0,0.6842105263157895,1,0.7161914592622849
OpenManus/064,World Knowledge,Human-Interaction Hallucination,0,2,0,4,0.6666666666666666,1.0,-8.55749924694037,-6.948361823674487,-8.538305455327084,10.686543083787651,-8.568598755583213,10.686543083787651,8.568598755583213,10.686543083787651,19.255141839370864,8.568598755583213,0.0,0.0,1.0,10.12409344779883,0.11831230722879438,18.15734709920134,2,0.24433363065973962,4,1.0,0.6842105263157895,1,0.15885593743778106
OpenManus/064,World Knowledge,Human-Interaction Hallucination,0,3,0,4,1.0,0.0,2.1290438368472806,3.738181260113164,2.148237628460567,0.0,10.686543083787651,0.0,10.686543083787651,0.0,-10.686543083787651,0.0,10.686543083787651,1.0,0.0,10.12409344779883,0.11831230722879438,18.15734709920134,2,0.24433363065973962,4,1.0,0.6842105263157895,1,0.3714470292885011
OpenManus/065,World Knowledge,Human-Interaction Hallucination,16,0,0,18,0.0,17.0,0.011302926657723589,0.016691599508013195,0.0,1.774793914494012,0.0,0.0974132159367116,0.0,0.0974132159367116,0.0974132159367116,0.0,0.0,1.0,1.0,8.164694133977868,0.040497967267813885,43.82427154324225,11,4.2816175088965,18,0.42105263157894735,0.5789473684210527,0,0.0381532743018947
OpenManus/065,World Knowledge,Human-Interaction Hallucination,16,1,0,18,0.058823529411764705,16.0,0.10871614259443518,0.11410481544472478,0.0974132159367116,1.6773806985573003,0.0974132159367116,0.0041140928707861235,0.0974132159367116,0.0041140928707861235,-0.09329912306592547,0.0,0.0974132159367116,1.0,0.0,8.164694133977868,0.040497967267813885,43.82427154324225,11,4.2816175088965,18,0.42105263157894735,0.5789473684210527,0,0.04515549840316472
OpenManus/065,World Knowledge,Human-Interaction Hallucination,16,2,0,18,0.11764705882352941,15.0,0.1128302354652213,0.1182189083155109,0.10152730880749772,1.6732666056865142,0.0041140928707861235,4.834303639095204,0.0041140928707861235,4.834303639095204,4.8301895462244175,0.0,0.10152730880749772,1.0,0.0,8.164694133977868,0.040497967267813885,43.82427154324225,11,4.2816175088965,18,0.42105263157894735,0.5789473684210527,0,0.17357033366186644
OpenManus/065,World Knowledge,Human-Interaction Hallucination,16,3,0,18,0.17647058823529413,14.0,4.947133874560425,4.952522547410714,4.935830947902701,-3.1610370334086895,4.834303639095204,-9.749310689790988,4.834303639095204,9.749310689790988,-14.583614328886192,0.0,4.935830947902701,1.0,0.0,8.164694133977868,0.040497967267813885,43.82427154324225,11,4.2816175088965,18,0.42105263157894735,0.5789473684210527,0,0.10538961488812407
OpenManus/065,World Knowledge,Human-Interaction Hallucination,16,4,0,18,0.23529411764705882,13.0,-4.802176815230563,-4.796788142380274,-4.813479741888287,6.588273656382299,-9.749310689790988,7.090577497044443,9.749310689790988,7.090577497044443,16.83988818683543,9.749310689790988,0.0,0.0,1.0,8.164694133977868,0.040497967267813885,43.82427154324225,11,4.2816175088965,18,0.42105263157894735,0.5789473684210527,0,0.01935438054952835
OpenManus/065,World Knowledge,Human-Interaction Hallucination,16,5,0,18,0.29411764705882354,12.0,2.2884006818138793,2.293789354664169,2.2770977551561558,-0.5023038406621438,7.090577497044443,-2.127693168023953,7.090577497044443,2.127693168023953,-9.218270665068395,2.6587331927465456,7.090577497044443,0.0,0.0,8.164694133977868,0.040497967267813885,43.82427154324225,11,4.2816175088965,18,0.42105263157894735,0.5789473684210527,0,0.04975870111380852
OpenManus/065,World Knowledge,Human-Interaction Hallucination,16,6,0,18,0.35294117647058826,11.0,0.16070751378992654,0.16609618664021614,0.14940458713220295,1.625389327361809,-2.127693168023953,4.930337910124589,2.127693168023953,4.930337910124589,7.058031078148542,4.786426360770498,4.96288432902049,0.0,0.0,8.164694133977868,0.040497967267813885,43.82427154324225,11,4.2816175088965,18,0.42105263157894735,0.5789473684210527,0,0.11987168097785625
OpenManus/065,World Knowledge,Human-Interaction Hallucination,16,7,0,18,0.4117647058823529,10.0,5.091045423914515,5.0964340967648045,5.079742497256792,-3.30494858276278,4.930337910124589,-7.2402105791996725,4.930337910124589,7.2402105791996725,-12.170548489324261,0.0,9.893222239145079,1.0,0.0,8.164694133977868,0.040497967267813885,43.82427154324225,11,4.2816175088965,18,0.42105263157894735,0.5789473684210527,0,0.17863938020394884
OpenManus/065,World Knowledge,Human-Interaction Hallucination,16,8,0,18,0.47058823529411764,9.0,-2.149165155285157,-2.1437764824348675,-2.1604680819428808,3.9352619964368927,-7.2402105791996725,1.776418277118097,7.2402105791996725,1.776418277118097,9.01662885631777,7.2402105791996725,2.653011659945406,0.0,0.0,8.164694133977868,0.040497967267813885,43.82427154324225,11,4.2816175088965,18,0.42105263157894735,0.5789473684210527,0,0.03461553091922729
OpenManus/065,World Knowledge,Human-Interaction Hallucination,16,9,0,18,0.5294117647058824,8.0,-0.3727468781670602,-0.3673582053167706,-0.3840498048247838,2.1588437193187957,1.776418277118097,-4.564860408976784,1.776418277118097,4.564860408976784,-6.341278686094881,5.4637923020815755,4.429429937063503,0.0,0.0,8.164694133977868,0.040497967267813885,43.82427154324225,11,4.2816175088965,18,0.42105263157894735,0.5789473684210527,0,0.05646229449197554
OpenManus/065,World Knowledge,Human-Interaction Hallucination,16,10,0,18,0.5882352941176471,7.0,-4.937607287143845,-4.932218614293555,-4.948910213801568,6.72370412829558,-4.564860408976784,9.595764695698733,4.564860408976784,9.595764695698733,14.160625104675518,10.02865271105836,0.0,0.0,1.0,8.164694133977868,0.040497967267813885,43.82427154324225,11,4.2816175088965,18,0.42105263157894735,0.5789473684210527,0,0.17236745823713806
OpenManus/065,World Knowledge,Human-Interaction Hallucination,16,11,0,18,0.6470588235294118,6.0,4.658157408554889,4.663546081405178,4.646854481897165,-2.872060567403153,9.595764695698733,-9.382654982234435,9.595764695698733,9.382654982234435,-18.978419677933168,0.4328880153596266,9.595764695698733,0.0,0.0,8.164694133977868,0.040497967267813885,43.82427154324225,11,4.2816175088965,18,0.42105263157894735,0.5789473684210527,0,0.2644761429443
OpenManus/065,World Knowledge,Human-Interaction Hallucination,16,12,0,18,0.7058823529411765,5.0,-4.724497573679546,-4.719108900829257,-4.73580050033727,6.5105944148312815,-9.382654982234435,2.0050044325224974,9.382654982234435,2.0050044325224974,11.387659414756932,9.815542997594061,0.21310971346429852,0.0,0.0,8.164694133977868,0.040497967267813885,43.82427154324225,11,4.2816175088965,18,0.42105263157894735,0.5789473684210527,0,0.038227360501819005
OpenManus/065,World Knowledge,Human-Interaction Hallucination,16,13,0,18,0.7647058823529411,4.0,-2.7194931411570487,-2.714104468306759,-2.7307960678147722,4.505589982308784,2.0050044325224974,-1.2919423946558979,2.0050044325224974,1.2919423946558979,-3.2969468271783953,7.810538565071564,2.218114145986796,0.0,0.0,8.164694133977868,0.040497967267813885,43.82427154324225,11,4.2816175088965,18,0.42105263157894735,0.5789473684210527,0,0.07942998348064796
OpenManus/065,World Knowledge,Human-Interaction Hallucination,16,14,0,18,0.8235294117647058,3.0,-4.0114355358129465,-4.006046862962657,-4.02273846247067,5.797532376964682,-1.2919423946558979,6.057329856972736,1.2919423946558979,6.057329856972736,7.3492722516286335,9.102480959727462,0.926171751330898,0.0,0.0,8.164694133977868,0.040497967267813885,43.82427154324225,11,4.2816175088965,18,0.42105263157894735,0.5789473684210527,0,0.2606498078657798
OpenManus/065,World Knowledge,Human-Interaction Hallucination,16,15,0,18,0.8823529411764706,2.0,2.045894321159789,2.0512829940100787,2.0345913945020655,-0.2597974800080536,6.057329856972736,0.3639465843486249,6.057329856972736,0.3639465843486249,-5.693383272624111,3.0451511027547262,6.983501608303634,0.0,0.0,8.164694133977868,0.040497967267813885,43.82427154324225,11,4.2816175088965,18,0.42105263157894735,0.5789473684210527,0,0.43091903455031383
OpenManus/065,World Knowledge,Human-Interaction Hallucination,16,16,1,18,0.9411764705882353,1.0,2.409840905508414,2.4152295783587037,2.3985379788506904,-0.6237440643566785,0.3639465843486249,-0.6237440643566785,0.3639465843486249,0.6237440643566785,-0.9876906487053034,2.6812045184061013,7.347448192652259,0.0,0.0,8.164694133977868,0.040497967267813885,43.82427154324225,11,4.2816175088965,18,0.42105263157894735,0.5789473684210527,0,0.5290351397525211
OpenManus/065,World Knowledge,Human-Interaction Hallucination,16,17,0,18,1.0,0.0,1.7860968411517355,1.7914855140020252,1.774793914494012,0.0,-0.6237440643566785,0.0,0.6237440643566785,0.0,0.6237440643566785,3.30494858276278,6.72370412829558,0.0,0.0,8.164694133977868,0.040497967267813885,43.82427154324225,11,4.2816175088965,18,0.42105263157894735,0.5789473684210527,0,0.5424125052733121
OpenManus/066,World Knowledge,Human-Interaction Hallucination,0,0,1,4,0.0,3.0,4.5791547759923965,5.144922184440072,0.0,-10.437401528674403,0.0,-11.631925974266522,0.0,11.631925974266522,-11.631925974266522,0.0,0.0,1.0,1.0,11.881619146388132,0.3051814697960141,34.200639821450665,2,0.4368604890089125,4,0.6842105263157895,0.3157894736842105,4,0.8472501138564017
OpenManus/066,World Knowledge,Human-Interaction Hallucination,0,1,0,4,0.3333333333333333,2.0,-7.052771198274126,-6.48700378982645,-11.631925974266522,1.1945244455921191,-11.631925974266522,13.121564739447159,11.631925974266522,13.121564739447159,24.75349071371368,11.631925974266522,0.0,0.0,1.0,11.881619146388132,0.3051814697960141,34.200639821450665,2,0.4368604890089125,4,0.6842105263157895,0.3157894736842105,4,0.40932259293268414
OpenManus/066,World Knowledge,Human-Interaction Hallucination,0,2,0,4,0.6666666666666666,1.0,6.068793541173033,6.634560949620709,1.4896387651806364,-11.92704029385504,13.121564739447159,-11.92704029385504,13.121564739447159,11.92704029385504,-25.0486050333022,0.0,13.121564739447159,1.0,0.0,11.881619146388132,0.3051814697960141,34.200639821450665,2,0.4368604890089125,4,0.6842105263157895,0.3157894736842105,4,0.4929523825936062
OpenManus/066,World Knowledge,Human-Interaction Hallucination,0,3,0,4,1.0,0.0,-5.858246752682007,-5.292479344234331,-10.437401528674403,0.0,-11.92704029385504,0.0,11.92704029385504,0.0,11.92704029385504,11.92704029385504,1.1945244455921191,0.0,0.0,11.881619146388132,0.3051814697960141,34.200639821450665,2,0.4368604890089125,4,0.6842105263157895,0.3157894736842105,4,0.012245249951914653
OpenManus/067,World Knowledge,Human-Interaction Hallucination,0,0,1,5,0.0,4.0,4.0113455271310166,3.610800731038413,0.0,-0.0037960558549485768,0.0,-7.985700538327578,0.0,7.985700538327578,-7.985700538327578,0.0,0.0,1.0,1.0,8.031966926383465,0.00023636508621230364,16.06013779691198,1,0.2103277843913111,5,0.0,0.47368421052631576,4,0.8612806573042456
OpenManus/067,World Knowledge,Human-Interaction Hallucination,0,1,0,5,0.25,3.0,-3.974355011196561,-4.3748998072891645,-7.985700538327578,7.981904482472629,-7.985700538327578,-0.051709492533049684,7.985700538327578,0.051709492533049684,7.933991045794528,7.985700538327578,0.0,0.0,1.0,8.031966926383465,0.00023636508621230364,16.06013779691198,1,0.2103277843913111,5,0.0,0.47368421052631576,4,0.1567217266994237
OpenManus/067,World Knowledge,Human-Interaction Hallucination,0,2,0,5,0.5,2.0,-4.026064503729611,-4.426609299822214,-8.037410030860627,8.033613975005679,-0.051709492533049684,6.010313000711715,0.051709492533049684,6.010313000711715,6.062022493244765,8.037410030860627,0.0,0.0,1.0,8.031966926383465,0.00023636508621230364,16.06013779691198,1,0.2103277843913111,5,0.0,0.47368421052631576,4,0.404135010630284
OpenManus/067,World Knowledge,Human-Interaction Hallucination,0,3,0,5,0.75,1.0,1.9842484969821044,1.583703700889501,-2.027097030148912,2.0233009742939636,6.010313000711715,2.0233009742939636,6.010313000711715,2.0233009742939636,-3.9870120264177515,2.027097030148912,6.010313000711715,0.0,0.0,8.031966926383465,0.00023636508621230364,16.06013779691198,1,0.2103277843913111,5,0.0,0.47368421052631576,4,0.6649904789987862
OpenManus/067,World Knowledge,Human-Interaction Hallucination,0,4,0,5,1.0,0.0,4.007549471276068,3.6070046751834646,-0.0037960558549485768,0.0,2.0233009742939636,0.0,2.0233009742939636,0.0,-2.0233009742939636,0.0037960558549485768,8.033613975005679,0.0,0.0,8.031966926383465,0.00023636508621230364,16.06013779691198,1,0.2103277843913111,5,0.0,0.47368421052631576,4,0.6941744967557811
OpenManus/068,World Knowledge,Retrieval Hallucination,3,0,0,6,0.0,5.0,0.16000306549249643,1.6574549210881397,0.0,-4.315515247199144,0.0,-7.553860405982341,0.0,7.553860405982341,-7.553860405982341,0.0,0.0,1.0,1.0,11.125740662424345,0.12313692147699495,35.04647668169445,4,0.9053133507277347,6,0.7894736842105263,0.21052631578947367,1,0.622285326438642
OpenManus/068,World Knowledge,Retrieval Hallucination,3,1,0,6,0.2,4.0,-7.393857340489845,-5.896405484894202,-7.553860405982341,3.238345158783197,-7.553860405982341,8.95718765177574,7.553860405982341,8.95718765177574,16.51104805775808,7.553860405982341,0.0,0.0,1.0,11.125740662424345,0.12313692147699495,35.04647668169445,4,0.9053133507277347,6,0.7894736842105263,0.21052631578947367,1,0.21616958632588476
OpenManus/068,World Knowledge,Retrieval Hallucination,3,2,0,6,0.4,3.0,1.5633303112858954,3.0607821668815385,1.403327245793399,-5.718842492992543,8.95718765177574,-5.370337402776187,8.95718765177574,5.370337402776187,-14.327525054551927,0.0,8.95718765177574,1.0,0.0,11.125740662424345,0.12313692147699495,35.04647668169445,4,0.9053133507277347,6,0.7894736842105263,0.21052631578947367,1,0.43887684174289765
OpenManus/068,World Knowledge,Retrieval Hallucination,3,3,1,6,0.6,2.0,-3.8070070914902914,-2.3095552358946483,-3.967010156982788,-0.34850509021635645,-5.370337402776187,8.455339194824823,5.370337402776187,8.455339194824823,13.82567659760101,5.370337402776187,3.5868502489995535,0.0,0.0,11.125740662424345,0.12313692147699495,35.04647668169445,4,0.9053133507277347,6,0.7894736842105263,0.21052631578947367,1,0.4736594990901769
OpenManus/068,World Knowledge,Retrieval Hallucination,3,4,0,6,0.8,1.0,4.648332103334532,6.145783958930175,4.4883290378420355,-8.80384428504118,8.455339194824823,-8.80384428504118,8.455339194824823,8.80384428504118,-17.259183479866003,0.0,12.042189443824377,1.0,0.0,11.125740662424345,0.12313692147699495,35.04647668169445,4,0.9053133507277347,6,0.7894736842105263,0.21052631578947367,1,0.49728967150522835
OpenManus/068,World Knowledge,Retrieval Hallucination,3,5,0,6,1.0,0.0,-4.155512181706648,-2.6580603261110047,-4.315515247199144,0.0,-8.80384428504118,0.0,8.80384428504118,0.0,8.80384428504118,8.80384428504118,3.238345158783197,0.0,0.0,11.125740662424345,0.12313692147699495,35.04647668169445,4,0.9053133507277347,6,0.7894736842105263,0.21052631578947367,1,0.05000726906799012
OpenManus/070,World Knowledge,Retrieval Hallucination,2,0,0,4,0.0,3.0,-0.0029889468575703404,0.5328248153984916,0.0,4.265928811356879,0.0,-6.388457097457923,0.0,6.388457097457923,-6.388457097457923,0.0,0.0,1.0,1.0,10.31815132473807,0.26058835635283073,16.37037383811926,1,0.13046604872401912,4,1.0,0.3157894736842105,3,0.7062977122370869
OpenManus/070,World Knowledge,Retrieval Hallucination,2,1,0,4,0.3333333333333333,2.0,-6.391446044315494,-5.855632282059432,-6.388457097457923,10.654385908814803,-6.388457097457923,6.379686121965001,6.388457097457923,6.379686121965001,12.768143219422925,6.388457097457923,0.0,0.0,1.0,10.31815132473807,0.26058835635283073,16.37037383811926,1,0.13046604872401912,4,1.0,0.3157894736842105,3,0.27702821682412193
OpenManus/070,World Knowledge,Retrieval Hallucination,2,2,1,4,0.6666666666666666,1.0,-0.011759922350492502,0.5240538399055694,-0.008770975492922162,4.274699786849801,6.379686121965001,4.274699786849801,6.379686121965001,4.274699786849801,-2.1049863351152,0.008770975492922162,6.379686121965001,0.0,0.0,10.31815132473807,0.26058835635283073,16.37037383811926,1,0.13046604872401912,4,1.0,0.3157894736842105,3,0.5764840341960438
OpenManus/070,World Knowledge,Retrieval Hallucination,2,3,0,4,1.0,0.0,4.262939864499309,4.798753626755371,4.265928811356879,0.0,4.274699786849801,0.0,4.274699786849801,0.0,-4.274699786849801,0.0,10.654385908814803,1.0,0.0,10.31815132473807,0.26058835635283073,16.37037383811926,1,0.13046604872401912,4,1.0,0.3157894736842105,3,0.6597939118496002
OpenManus/071,World Knowledge,Retrieval Hallucination,2,0,0,4,0.0,3.0,-0.03500957856693887,2.112250682522525,0.0,-2.151778905802061,0.0,-4.232985183030131,0.0,4.232985183030131,-4.232985183030131,0.0,0.0,1.0,1.0,4.0101964891864395,0.3565806770318759,6.034479836970265,2,0.07594753097472574,4,0.0,0.3157894736842105,0,0.8455230444764181
OpenManus/071,World Knowledge,Retrieval Hallucination,2,1,0,4,0.3333333333333333,2.0,-4.26799476159707,-2.1207345005076057,-4.232985183030131,2.0812062772280697,-4.232985183030131,2.1687465417722223,4.232985183030131,2.1687465417722223,6.401731724802353,4.232985183030131,0.0,0.0,1.0,4.0101964891864395,0.3565806770318759,6.034479836970265,2,0.07594753097472574,4,0.0,0.3157894736842105,0,0.45864897870952026
OpenManus/071,World Knowledge,Retrieval Hallucination,2,2,1,4,0.6666666666666666,1.0,-2.0992482198248474,0.048012041264616556,-2.0642386412579086,-0.08754026454415254,2.1687465417722223,-0.08754026454415254,2.1687465417722223,0.08754026454415254,-2.256286806316375,2.0642386412579086,2.1687465417722223,0.0,0.0,4.0101964891864395,0.3565806770318759,6.034479836970265,2,0.07594753097472574,4,0.0,0.3157894736842105,0,0.44085879437390796
OpenManus/071,World Knowledge,Retrieval Hallucination,2,3,0,4,1.0,0.0,-2.186788484369,-0.03952822327953598,-2.151778905802061,0.0,-0.08754026454415254,0.0,0.08754026454415254,0.0,0.08754026454415254,2.151778905802061,2.0812062772280697,0.0,0.0,4.0101964891864395,0.3565806770318759,6.034479836970265,2,0.07594753097472574,4,0.0,0.3157894736842105,0,0.36775012641603033
OpenManus/072,World Knowledge,Retrieval Hallucination,2,0,0,4,0.0,3.0,2.10014098666138,3.1788758417596217,0.0,-6.402608678975096,0.0,-8.511926744288314,0.0,8.511926744288314,-8.511926744288314,0.0,0.0,1.0,1.0,9.810244722645429,0.24603560453875425,26.023098124265953,2,0.33803057088170957,4,0.6842105263157895,0.3157894736842105,4,0.7876405148045782
OpenManus/072,World Knowledge,Retrieval Hallucination,2,1,0,4,0.3333333333333333,2.0,-6.411785757626934,-5.333050902528692,-8.511926744288314,2.109318065313218,-8.511926744288314,10.710958800513236,8.511926744288314,10.710958800513236,19.22288554480155,8.511926744288314,0.0,0.0,1.0,9.810244722645429,0.24603560453875425,26.023098124265953,2,0.33803057088170957,4,0.6842105263157895,0.3157894736842105,4,0.5233459122734194
OpenManus/072,World Knowledge,Retrieval Hallucination,2,2,1,4,0.6666666666666666,1.0,4.299173042886302,5.377907897984544,2.1990320562249224,-8.601640735200018,10.710958800513236,-8.601640735200018,10.710958800513236,8.601640735200018,-19.312599535713254,0.0,10.710958800513236,1.0,0.0,9.810244722645429,0.24603560453875425,26.023098124265953,2,0.33803057088170957,4,0.6842105263157895,0.3157894736842105,4,0.5004641418820267
OpenManus/072,World Knowledge,Retrieval Hallucination,2,3,0,4,1.0,0.0,-4.302467692313716,-3.223732837215474,-6.402608678975096,0.0,-8.601640735200018,0.0,8.601640735200018,0.0,8.601640735200018,8.601640735200018,2.109318065313218,0.0,0.0,9.810244722645429,0.24603560453875425,26.023098124265953,2,0.33803057088170957,4,0.6842105263157895,0.3157894736842105,4,0.04435017024368036
OpenManus/073,World Knowledge,Retrieval Hallucination,2,0,0,4,0.0,3.0,4.26929459102589,4.268978467856197,0.0,-8.550527746070607,0.0,-6.409470858881832,0.0,6.409470858881832,-6.409470858881832,0.0,0.0,1.0,1.0,8.550527746070607,0.5416652778673441,15.785630158417987,2,0.18799293441490456,4,0.0,1.0,0,0.8874863700848727
OpenManus/073,World Knowledge,Retrieval Hallucination,2,1,0,4,0.3333333333333333,2.0,-2.140176267855942,-2.140492391025635,-6.409470858881832,-2.1410568871887747,-6.409470858881832,4.293555592409483,6.409470858881832,4.293555592409483,10.703026451291315,6.409470858881832,0.0,0.0,1.0,8.550527746070607,0.5416652778673441,15.785630158417987,2,0.18799293441490456,4,0.0,1.0,0,0.43736911074392143
OpenManus/073,World Knowledge,Retrieval Hallucination,2,2,1,4,0.6666666666666666,1.0,2.1533793245535406,2.1530632013838478,-2.1159152664723493,-6.4346124795982576,4.293555592409483,-6.4346124795982576,4.293555592409483,6.4346124795982576,-10.72816807200774,2.1159152664723493,4.293555592409483,0.0,0.0,8.550527746070607,0.5416652778673441,15.785630158417987,2,0.18799293441490456,4,0.0,1.0,0,0.40720291426437094
OpenManus/073,World Knowledge,Retrieval Hallucination,2,3,0,4,1.0,0.0,-4.281233155044717,-4.28154927821441,-8.550527746070607,0.0,-6.4346124795982576,0.0,6.4346124795982576,0.0,6.4346124795982576,8.550527746070607,0.0,0.0,1.0,8.550527746070607,0.5416652778673441,15.785630158417987,2,0.18799293441490456,4,0.0,1.0,0,0.04905454674440477
OpenManus/074,Science,Human-Interaction Hallucination,0,0,1,5,0.0,4.0,7.161073394720699,8.48116836149103,0.0,-9.484402638017848,0.0,-12.852883445938616,0.0,12.852883445938616,-12.852883445938616,0.0,0.0,1.0,1.0,14.545420335326627,0.3521142657770222,26.935581883023975,2,0.41934889502956424,5,0.0,0.47368421052631576,3,0.9240537994857627
OpenManus/074,Science,Human-Interaction Hallucination,0,1,0,5,0.25,3.0,-5.691810051217917,-4.371715084447586,-12.852883445938616,3.3684808079207684,-12.852883445938616,-1.8916588763748372,12.852883445938616,1.8916588763748372,10.961224569563779,12.852883445938616,0.0,0.0,1.0,14.545420335326627,0.3521142657770222,26.935581883023975,2,0.41934889502956424,5,0.0,0.47368421052631576,3,0.06326838928732534
OpenManus/074,Science,Human-Interaction Hallucination,0,2,0,5,0.5,2.0,-7.5834689275927545,-6.263373960822423,-14.744542322313453,5.260139684295606,-1.8916588763748372,9.42052892112822,1.8916588763748372,9.42052892112822,11.312187797503057,14.744542322313453,0.0,0.0,1.0,14.545420335326627,0.3521142657770222,26.935581883023975,2,0.41934889502956424,5,0.0,0.47368421052631576,3,0.23437502672562452
OpenManus/074,Science,Human-Interaction Hallucination,0,3,0,5,0.75,1.0,1.8370599935354655,3.157154960305797,-5.324013401185233,-4.160389236832614,9.42052892112822,-4.160389236832614,9.42052892112822,4.160389236832614,-13.580918157960834,5.324013401185233,9.42052892112822,0.0,0.0,14.545420335326627,0.3521142657770222,26.935581883023975,2,0.41934889502956424,5,0.0,0.47368421052631576,3,0.3217643974881563
OpenManus/074,Science,Human-Interaction Hallucination,0,4,0,5,1.0,0.0,-2.323329243297149,-1.0032342765268176,-9.484402638017848,0.0,-4.160389236832614,0.0,4.160389236832614,0.0,4.160389236832614,9.484402638017848,5.260139684295606,0.0,0.0,14.545420335326627,0.3521142657770222,26.935581883023975,2,0.41934889502956424,5,0.0,0.47368421052631576,3,0.20985684866707593
OpenManus/075,Science,Human-Interaction Hallucination,0,0,1,3,0.0,2.0,2.5979491092583196,4.150540288641854,0.0,-7.709580325430913,0.0,-4.742040540494649,0.0,4.742040540494649,-4.742040540494649,0.0,0.0,1.0,1.0,7.709580325430913,1.0,7.709580325430913,0,0.010377197400926673,3,0.0,1.0,1,0.9217765663236076
OpenManus/075,Science,Human-Interaction Hallucination,0,1,0,3,0.5,1.0,-2.1440914312363297,-0.5915002518527952,-4.742040540494649,-2.967539784936264,-4.742040540494649,-2.967539784936264,4.742040540494649,2.967539784936264,1.7745007555583854,4.742040540494649,0.0,0.0,1.0,7.709580325430913,1.0,7.709580325430913,0,0.010377197400926673,3,0.0,1.0,1,0.35488400324965425
OpenManus/075,Science,Human-Interaction Hallucination,0,2,0,3,1.0,0.0,-5.111631216172594,-3.5590400367890593,-7.709580325430913,0.0,-2.967539784936264,0.0,2.967539784936264,0.0,2.967539784936264,7.709580325430913,0.0,0.0,1.0,7.709580325430913,1.0,7.709580325430913,0,0.010377197400926673,3,0.0,1.0,1,0.0765428478523025
OpenManus/076,Science,Human-Interaction Hallucination,0,0,1,3,0.0,2.0,4.267039233956744,6.41146795632689,0.0,-6.402801426621888,0.0,-12.83160244235878,0.0,12.83160244235878,-12.83160244235878,0.0,0.0,1.0,1.0,12.493244494162102,0.3445388007823015,18.583687561702316,1,0.11263393835143737,3,0.0,0.5263157894736842,4,0.9402489912849789
OpenManus/076,Science,Human-Interaction Hallucination,0,1,0,3,0.5,1.0,-8.564563208402035,-6.420134486031889,-12.83160244235878,6.428801015736891,-12.83160244235878,6.428801015736891,12.83160244235878,6.428801015736891,19.26040345809567,12.83160244235878,0.0,0.0,1.0,12.493244494162102,0.3445388007823015,18.583687561702316,1,0.11263393835143737,3,0.0,0.5263157894736842,4,0.11750006511966983
OpenManus/076,Science,Human-Interaction Hallucination,0,2,0,3,1.0,0.0,-2.135762192665144,0.008666529705001036,-6.402801426621888,0.0,6.428801015736891,0.0,6.428801015736891,0.0,-6.428801015736891,6.402801426621888,6.428801015736891,0.0,0.0,12.493244494162102,0.3445388007823015,18.583687561702316,1,0.11263393835143737,3,0.0,0.5263157894736842,4,0.1379179388434936
OpenManus/077,Science,Human-Interaction Hallucination,0,0,1,3,0.0,2.0,3.973728523394069,4.011051481627721,0.0,-2.006480714886184,0.0,-10.026673729996979,0.0,10.026673729996979,-10.026673729996979,0.0,0.0,1.0,1.0,9.604558308149043,0.11663798073651623,17.202635901411902,1,0.10553723242753171,3,0.0,0.5263157894736842,0,0.922122633443975
OpenManus/077,Science,Human-Interaction Hallucination,0,1,0,3,0.5,1.0,-6.05294520660291,-6.015622248369258,-10.026673729996979,8.020193015110795,-10.026673729996979,8.020193015110795,10.026673729996979,8.020193015110795,18.046866745107774,10.026673729996979,0.0,0.0,1.0,9.604558308149043,0.11663798073651623,17.202635901411902,1,0.10553723242753171,3,0.0,0.5263157894736842,0,0.2889682971890127
OpenManus/077,Science,Human-Interaction Hallucination,0,2,0,3,1.0,0.0,1.967247808507885,2.004570766741537,-2.006480714886184,0.0,8.020193015110795,0.0,8.020193015110795,0.0,-8.020193015110795,2.006480714886184,8.020193015110795,0.0,0.0,9.604558308149043,0.11663798073651623,17.202635901411902,1,0.10553723242753171,3,0.0,0.5263157894736842,0,0.33169324295604047
OpenManus/078,Science,Human-Interaction Hallucination,0,0,1,3,0.0,2.0,2.2586866379164974,3.7863002685310443,0.0,-9.116414275221246,0.0,-2.242486530371888,0.0,2.242486530371888,-2.242486530371888,0.0,0.0,1.0,1.0,9.116414275221246,1.0,9.116414275221246,0,0.0270844515466524,3,0.0,1.0,4,0.9039208403831208
OpenManus/078,Science,Human-Interaction Hallucination,0,1,0,3,0.5,1.0,0.01620010754460921,1.5438137381591563,-2.242486530371888,-6.873927744849357,-2.242486530371888,-6.873927744849357,2.242486530371888,6.873927744849357,-4.631441214477469,2.242486530371888,0.0,0.0,1.0,9.116414275221246,1.0,9.116414275221246,0,0.0270844515466524,3,0.0,1.0,4,0.6913533048081196
OpenManus/078,Science,Human-Interaction Hallucination,0,2,0,3,1.0,0.0,-6.857727637304748,-5.330114006690201,-9.116414275221246,0.0,-6.873927744849357,0.0,6.873927744849357,0.0,6.873927744849357,9.116414275221246,0.0,0.0,1.0,9.116414275221246,1.0,9.116414275221246,0,0.0270844515466524,3,0.0,1.0,4,0.03307483025916027
OpenManus/079,Science,Human-Interaction Hallucination,0,0,1,3,0.0,2.0,-2.2816571862120973,-0.7470665655077131,0.0,2.276968568180788,0.0,-0.035768871657648305,0.0,0.035768871657648305,-0.035768871657648305,0.0,0.0,1.0,1.0,2.3108548676459284,0.9710959146020441,2.344741167111069,1,0.013733955037988965,3,1.0,0.47368421052631576,0,0.7518499753778913
OpenManus/079,Science,Human-Interaction Hallucination,0,1,0,3,0.5,1.0,-2.3174260578697456,-0.7828354371653614,-0.035768871657648305,2.312737439838436,-0.035768871657648305,2.312737439838436,0.035768871657648305,2.312737439838436,2.3485063114960845,0.035768871657648305,0.0,0.0,1.0,2.3108548676459284,0.9710959146020441,2.344741167111069,1,0.013733955037988965,3,1.0,0.47368421052631576,0,0.6983548402677939
OpenManus/079,Science,Human-Interaction Hallucination,0,2,0,3,1.0,0.0,-0.004688618031309488,1.5299020026730747,2.276968568180788,0.0,2.312737439838436,0.0,2.312737439838436,0.0,-2.312737439838436,0.0,2.312737439838436,1.0,0.0,2.3108548676459284,0.9710959146020441,2.344741167111069,1,0.013733955037988965,3,1.0,0.47368421052631576,0,0.5150433126091986
OpenManus/081,Science,Reasoning Hallucination,2,0,0,5,0.0,4.0,2.894012967167914,4.6798059409581425,0.0,-4.472393555227722,0.0,-1.08887319797455,0.0,1.08887319797455,-1.08887319797455,0.0,0.0,1.0,1.0,9.599528398125464,0.30369361219378166,14.726663241023207,1,0.2325120941113165,5,0.0,0.5263157894736842,2,0.9069562769639767
OpenManus/081,Science,Reasoning Hallucination,2,1,0,5,0.25,3.0,1.8051397691933637,3.5909327429835924,-1.08887319797455,-3.383520357253172,-1.08887319797455,-8.692161046105912,1.08887319797455,8.692161046105912,-7.603287848131362,1.08887319797455,0.0,0.0,1.0,9.599528398125464,0.30369361219378166,14.726663241023207,1,0.2325120941113165,5,0.0,0.5263157894736842,2,0.7392987235973728
OpenManus/081,Science,Reasoning Hallucination,2,2,1,5,0.5,2.0,-6.887021276912549,-5.10122830312232,-9.781034244080463,5.308640688852741,-8.692161046105912,1.7243055365724835,8.692161046105912,1.7243055365724835,10.416466582678396,9.781034244080463,0.0,0.0,1.0,9.599528398125464,0.30369361219378166,14.726663241023207,1,0.2325120941113165,5,0.0,0.5263157894736842,2,0.022220153023748683
OpenManus/081,Science,Reasoning Hallucination,2,3,0,5,0.75,1.0,-5.162715740340065,-3.3769227665498365,-8.056728707507979,3.584335152280257,1.7243055365724835,3.584335152280257,1.7243055365724835,3.584335152280257,1.8600296157077736,8.056728707507979,1.7243055365724835,0.0,0.0,9.599528398125464,0.30369361219378166,14.726663241023207,1,0.2325120941113165,5,0.0,0.5263157894736842,2,0.17166267234412827
OpenManus/081,Science,Reasoning Hallucination,2,4,0,5,1.0,0.0,-1.578380588059808,0.20741238573042087,-4.472393555227722,0.0,3.584335152280257,0.0,3.584335152280257,0.0,-3.584335152280257,4.472393555227722,5.308640688852741,0.0,0.0,9.599528398125464,0.30369361219378166,14.726663241023207,1,0.2325120941113165,5,0.0,0.5263157894736842,2,0.17373855570487753
OpenManus/082,Science,Human-Interaction Hallucination,0,0,1,3,0.0,2.0,-6.006529497115796,-3.318916483431194,0.0,14.078774283279369,0.0,-4.122024832985787,0.0,4.122024832985787,-4.122024832985787,0.0,0.0,1.0,1.0,17.98385044084485,0.6431916256826331,21.888926598410333,1,0.13054283011258003,3,1.0,0.47368421052631576,2,0.12088573652077
OpenManus/082,Science,Human-Interaction Hallucination,0,1,0,3,0.5,1.0,-10.128554330101583,-7.44094131641698,-4.122024832985787,18.200799116265156,-4.122024832985787,18.200799116265156,4.122024832985787,18.200799116265156,22.322823949250942,4.122024832985787,0.0,0.0,1.0,17.98385044084485,0.6431916256826331,21.888926598410333,1,0.13054283011258003,3,1.0,0.47368421052631576,2,0.7935776305620701
OpenManus/082,Science,Human-Interaction Hallucination,0,2,0,3,1.0,0.0,8.072244786163573,10.759857799848175,14.078774283279369,0.0,18.200799116265156,0.0,18.200799116265156,0.0,-18.200799116265156,0.0,18.200799116265156,1.0,0.0,17.98385044084485,0.6431916256826331,21.888926598410333,1,0.13054283011258003,3,1.0,0.47368421052631576,2,0.70977324065733
OpenManus/083,Science,Human-Interaction Hallucination,0,0,1,4,0.0,3.0,2.2642258808791738,1.599310161601589,0.0,-1.6555122115950454,0.0,-8.769051396977304,0.0,8.769051396977304,-8.769051396977304,0.0,0.0,1.0,1.0,12.035748750157069,0.06434918904814263,25.72700971190918,2,0.3512687306054826,4,0.6842105263157895,0.3157894736842105,2,0.7248454486554046
OpenManus/083,Science,Human-Interaction Hallucination,0,1,0,4,0.3333333333333333,2.0,-6.50482551609813,-7.169741235375715,-8.769051396977304,7.113539185382258,-8.769051396977304,12.796374359143297,8.769051396977304,12.796374359143297,21.5654257561206,8.769051396977304,0.0,0.0,1.0,12.035748750157069,0.06434918904814263,25.72700971190918,2,0.3512687306054826,4,0.6842105263157895,0.3157894736842105,2,0.4831606510496554
OpenManus/083,Science,Human-Interaction Hallucination,0,2,0,4,0.6666666666666666,1.0,6.291548843045167,5.626633123767582,4.027322962165993,-5.682835173761038,12.796374359143297,-5.682835173761038,12.796374359143297,5.682835173761038,-18.479209532904335,0.0,12.796374359143297,1.0,0.0,12.035748750157069,0.06434918904814263,25.72700971190918,2,0.3512687306054826,4,0.6842105263157895,0.3157894736842105,2,0.4733366371925692
OpenManus/083,Science,Human-Interaction Hallucination,0,3,0,4,1.0,0.0,0.6087136692841284,-0.05620204999345635,-1.6555122115950454,0.0,-5.682835173761038,0.0,5.682835173761038,0.0,5.682835173761038,5.682835173761038,7.113539185382258,0.0,0.0,12.035748750157069,0.06434918904814263,25.72700971190918,2,0.3512687306054826,4,0.6842105263157895,0.3157894736842105,2,0.16122435490280138
OpenManus/084,Science,Human-Interaction Hallucination,0,0,1,3,0.0,2.0,4.568295720274637,3.8021495625596615,0.0,-2.2677800337279734,0.0,-9.138668653951012,0.0,9.138668653951012,-9.138668653951012,0.0,0.0,1.0,1.0,8.777042937097168,0.14835370019384533,15.286305840466362,1,0.09362314195423485,3,0.0,0.5263157894736842,3,0.9319749228111349
OpenManus/084,Science,Human-Interaction Hallucination,0,1,0,3,0.5,1.0,-4.570372933676374,-5.33651909139135,-9.138668653951012,6.870888620223038,-9.138668653951012,6.870888620223038,9.138668653951012,6.870888620223038,16.00955727417405,9.138668653951012,0.0,0.0,1.0,8.777042937097168,0.14835370019384533,15.286305840466362,1,0.09362314195423485,3,0.0,0.5263157894736842,3,0.33509972518507186
OpenManus/084,Science,Human-Interaction Hallucination,0,2,0,3,1.0,0.0,2.300515686546664,1.534369528831688,-2.2677800337279734,0.0,6.870888620223038,0.0,6.870888620223038,0.0,-6.870888620223038,2.2677800337279734,6.870888620223038,0.0,0.0,8.777042937097168,0.14835370019384533,15.286305840466362,1,0.09362314195423485,3,0.0,0.5263157894736842,3,0.38010309790481656
OpenManus/085,Science,Human-Interaction Hallucination,0,0,1,3,0.0,2.0,4.280396874634796,5.7073659775651535,0.0,-4.282419917557341,0.0,-12.83967801513812,0.0,12.83967801513812,-12.83967801513812,0.0,0.0,1.0,1.0,12.38929601000229,0.20893754678445653,20.496172102447233,1,0.12512828136092993,3,0.0,0.5263157894736842,0,0.9360317828438893
OpenManus/085,Science,Human-Interaction Hallucination,0,1,0,3,0.5,1.0,-8.559281140503323,-7.132312037572966,-12.83967801513812,8.557258097580778,-12.83967801513812,8.557258097580778,12.83967801513812,8.557258097580778,21.396936112718898,12.83967801513812,0.0,0.0,1.0,12.38929601000229,0.20893754678445653,20.496172102447233,1,0.12512828136092993,3,0.0,0.5263157894736842,0,0.13766657604028565
OpenManus/085,Science,Human-Interaction Hallucination,0,2,0,3,1.0,0.0,-0.0020230429225449598,1.4249460600078123,-4.282419917557341,0.0,8.557258097580778,0.0,8.557258097580778,0.0,-8.557258097580778,4.282419917557341,8.557258097580778,0.0,0.0,12.38929601000229,0.20893754678445653,20.496172102447233,1,0.12512828136092993,3,0.0,0.5263157894736842,0,0.18749277709267229
OpenManus/086,Science,Human-Interaction Hallucination,0,0,1,3,0.0,2.0,2.7075397145065807,3.5435864145622915,0.0,-7.76835760262037,0.0,-2.862401641066505,0.0,2.862401641066505,-2.862401641066505,0.0,0.0,1.0,1.0,7.76835760262037,1.0,7.76835760262037,0,0.01195061006133,3,0.0,1.0,1,0.917805310243919
OpenManus/086,Science,Human-Interaction Hallucination,0,1,0,3,0.5,1.0,-0.15486192655992426,0.6811847734957865,-2.862401641066505,-4.905955961553865,-2.862401641066505,-4.905955961553865,2.862401641066505,4.905955961553865,-2.0435543204873596,2.862401641066505,0.0,0.0,1.0,7.76835760262037,1.0,7.76835760262037,0,0.01195061006133,3,0.0,1.0,1,0.5364499936607087
OpenManus/086,Science,Human-Interaction Hallucination,0,2,0,3,1.0,0.0,-5.060817888113789,-4.224771188058078,-7.76835760262037,0.0,-4.905955961553865,0.0,4.905955961553865,0.0,4.905955961553865,7.76835760262037,0.0,0.0,1.0,7.76835760262037,1.0,7.76835760262037,0,0.01195061006133,3,0.0,1.0,1,0.054928525794484304
OpenManus/087,Science,Human-Interaction Hallucination,1,0,0,4,0.0,3.0,-0.23696413715456544,2.056161240692168,0.0,-4.08366105369263,0.0,-4.403443790969735,0.0,4.403443790969735,-4.403443790969735,0.0,0.0,1.0,1.0,4.2054002662025844,0.3268376972911257,12.494461586097797,2,0.15860852694985042,4,0.6842105263157895,0.3157894736842105,1,0.7927260245659069
OpenManus/087,Science,Human-Interaction Hallucination,1,1,1,4,0.3333333333333333,2.0,-4.640407928124301,-2.3472825502775674,-4.403443790969735,0.31978273727710516,-4.403443790969735,4.665903672863429,4.403443790969735,4.665903672863429,9.069347463833164,4.403443790969735,0.0,0.0,1.0,4.2054002662025844,0.3268376972911257,12.494461586097797,2,0.15860852694985042,4,0.6842105263157895,0.3157894736842105,1,0.4719397249446936
OpenManus/087,Science,Human-Interaction Hallucination,1,2,0,4,0.6666666666666666,1.0,0.025495744739128412,2.3186211225858617,0.26245988189369385,-4.346120935586324,4.665903672863429,-4.346120935586324,4.665903672863429,4.346120935586324,-9.012024608449753,0.0,4.665903672863429,1.0,0.0,4.2054002662025844,0.3268376972911257,12.494461586097797,2,0.15860852694985042,4,0.6842105263157895,0.3157894736842105,1,0.5146886170951477
OpenManus/087,Science,Human-Interaction Hallucination,1,3,0,4,1.0,0.0,-4.3206251908471955,-2.0274998130004622,-4.08366105369263,0.0,-4.346120935586324,0.0,4.346120935586324,0.0,4.346120935586324,4.346120935586324,0.31978273727710516,0.0,0.0,4.2054002662025844,0.3268376972911257,12.494461586097797,2,0.15860852694985042,4,0.6842105263157895,0.3157894736842105,1,0.16085787400221788
OpenManus/088,Science,Human-Interaction Hallucination,0,0,1,4,0.0,3.0,5.199729732313958,6.147786850414344,0.0,-10.065019860363432,0.0,-7.571086206999926,0.0,7.571086206999926,-7.571086206999926,0.0,0.0,1.0,1.0,10.065019860363432,0.911874714279987,11.037722290951708,2,0.10450135507439634,4,0.0,1.0,4,0.9265683039364883
OpenManus/088,Science,Human-Interaction Hallucination,0,1,0,4,0.3333333333333333,2.0,-2.3713564746859674,-1.4232993565855816,-7.571086206999926,-2.4939336533635057,-7.571086206999926,0.6160448727059062,7.571086206999926,0.6160448727059062,8.187131079705832,7.571086206999926,0.0,0.0,1.0,10.065019860363432,0.911874714279987,11.037722290951708,2,0.10450135507439634,4,0.0,1.0,4,0.3051824973534928
OpenManus/088,Science,Human-Interaction Hallucination,0,2,0,4,0.6666666666666666,1.0,-1.7553116019800612,-0.8072544838796754,-6.95504133429402,-3.109978526069412,0.6160448727059062,-3.109978526069412,0.6160448727059062,3.109978526069412,-3.726023398775318,6.95504133429402,0.6160448727059062,0.0,0.0,10.065019860363432,0.911874714279987,11.037722290951708,2,0.10450135507439634,4,0.0,1.0,4,0.27437906453578137
OpenManus/088,Science,Human-Interaction Hallucination,0,3,0,4,1.0,0.0,-4.865290128049473,-3.9172330099490873,-10.065019860363432,0.0,-3.109978526069412,0.0,3.109978526069412,0.0,3.109978526069412,10.065019860363432,0.0,0.0,1.0,10.065019860363432,0.911874714279987,11.037722290951708,2,0.10450135507439634,4,0.0,1.0,4,0.040488886014222104
OpenManus/089,Science,Human-Interaction Hallucination,1,0,0,5,0.0,4.0,2.706187163775482,3.287742993624952,0.0,-4.746951400210424,0.0,2.847200817346625,0.0,2.847200817346625,2.847200817346625,0.0,0.0,1.0,1.0,11.715290946452084,0.25407007498177214,18.683630492693744,2,0.27314199059907424,5,0.2631578947368421,0.7368421052631579,2,0.9391901078577068
OpenManus/089,Science,Human-Interaction Hallucination,1,1,1,5,0.25,3.0,5.553387981122107,6.134943810971577,2.847200817346625,-7.594152217557049,2.847200817346625,-7.867225576477011,2.847200817346625,7.867225576477011,-10.714426393823636,0.0,2.847200817346625,1.0,0.0,11.715290946452084,0.25407007498177214,18.683630492693744,2,0.27314199059907424,5,0.2631578947368421,0.7368421052631579,2,0.8860384908775637
OpenManus/089,Science,Human-Interaction Hallucination,1,2,0,5,0.5,2.0,-2.3138375953549044,-1.7322817655054343,-5.020024759130386,0.2730733589199623,-7.867225576477011,-4.498914867000188,7.867225576477011,4.498914867000188,3.368310709476823,7.867225576477011,0.0,0.0,1.0,11.715290946452084,0.25407007498177214,18.683630492693744,2,0.27314199059907424,5,0.2631578947368421,0.7368421052631579,2,0.0795886505585606
OpenManus/089,Science,Human-Interaction Hallucination,1,3,0,5,0.75,1.0,-6.812752462355093,-6.231196632505623,-9.518939626130575,4.7719882259201505,-4.498914867000188,4.7719882259201505,4.498914867000188,4.7719882259201505,9.270903092920339,12.3661404434772,0.0,0.0,1.0,11.715290946452084,0.25407007498177214,18.683630492693744,2,0.27314199059907424,5,0.2631578947368421,0.7368421052631579,2,0.05120897634872552
OpenManus/089,Science,Human-Interaction Hallucination,1,4,0,5,1.0,0.0,-2.040764236434942,-1.459208406585472,-4.746951400210424,0.0,4.7719882259201505,0.0,4.7719882259201505,0.0,-4.7719882259201505,7.594152217557049,4.7719882259201505,0.0,0.0,11.715290946452084,0.25407007498177214,18.683630492693744,2,0.27314199059907424,5,0.2631578947368421,0.7368421052631579,2,0.08791707651943448
OpenManus/090,Science,Human-Interaction Hallucination,0,0,1,3,0.0,2.0,0.020839122732031257,2.179023044241719,0.0,-4.262572959317147,0.0,-2.2744961734080107,0.0,2.2744961734080107,-2.2744961734080107,0.0,0.0,1.0,1.0,4.262572959317147,1.0,4.262572959317147,0,0.0016749671783561596,3,0.0,1.0,3,0.9016582897930109
OpenManus/090,Science,Human-Interaction Hallucination,0,1,0,3,0.5,1.0,-2.2536570506759794,-0.09547312916629158,-2.2744961734080107,-1.9880767859091364,-2.2744961734080107,-1.9880767859091364,2.2744961734080107,1.9880767859091364,0.2864193874988743,2.2744961734080107,0.0,0.0,1.0,4.262572959317147,1.0,4.262572959317147,0,0.0016749671783561596,3,0.0,1.0,3,0.5332994585186023
OpenManus/090,Science,Human-Interaction Hallucination,0,2,0,3,1.0,0.0,-4.241733836585116,-2.083549915075428,-4.262572959317147,0.0,-1.9880767859091364,0.0,1.9880767859091364,0.0,1.9880767859091364,4.262572959317147,0.0,0.0,1.0,4.262572959317147,1.0,4.262572959317147,0,0.0016749671783561596,3,0.0,1.0,3,0.1740476981018423
OpenManus/091,Science,Reasoning Hallucination,3,0,0,4,0.0,3.0,6.401608088847119,6.401810550700152,0.0,-4.269118769794826,0.0,-6.379406464081654,0.0,6.379406464081654,-6.379406464081654,0.0,0.0,1.0,1.0,14.39610653739101,0.17408564827508846,24.523094304987197,1,0.18832291881344468,4,0.0,0.6842105263157895,0,0.9436197997034812
OpenManus/091,Science,Reasoning Hallucination,3,1,0,4,0.3333333333333333,2.0,0.022201624765465056,0.02240408661849802,-6.379406464081654,2.1102876942868285,-6.379406464081654,-8.579310504842475,6.379406464081654,8.579310504842475,-2.1999040407608206,6.379406464081654,0.0,0.0,1.0,14.39610653739101,0.17408564827508846,24.523094304987197,1,0.18832291881344468,4,0.0,0.6842105263157895,0,0.27698323630419414
OpenManus/091,Science,Reasoning Hallucination,3,2,0,4,0.6666666666666666,1.0,-8.55710888007701,-8.556906418223978,-14.95871696892413,10.689598199129303,-8.579310504842475,10.689598199129303,8.579310504842475,10.689598199129303,19.26890870397178,14.95871696892413,0.0,0.0,1.0,14.39610653739101,0.17408564827508846,24.523094304987197,1,0.18832291881344468,4,0.0,0.6842105263157895,0,0.10305774414830474
OpenManus/091,Science,Reasoning Hallucination,3,3,1,4,1.0,0.0,2.1324893190522936,2.1326917809053265,-4.269118769794826,0.0,10.689598199129303,0.0,10.689598199129303,0.0,-10.689598199129303,4.269118769794826,10.689598199129303,0.0,0.0,14.39610653739101,0.17408564827508846,24.523094304987197,1,0.18832291881344468,4,0.0,0.6842105263157895,0,0.1786220102641474
OpenManus/092,Science,Human-Interaction Hallucination,0,0,1,6,0.0,5.0,0.3386527618504154,1.5046160705804965,0.0,-6.947334979949151,0.0,-0.10778908519286645,0.0,0.10778908519286645,-0.10778908519286645,0.0,0.0,1.0,1.0,11.813560398977204,0.238260331888352,29.15858852746268,2,0.693845047707462,6,0.631578947368421,1.0,2,0.5484205965041898
OpenManus/092,Science,Human-Interaction Hallucination,0,1,0,6,0.2,4.0,0.23086367665754892,1.39682698538763,-0.10778908519286645,-6.839545894756284,-0.10778908519286645,-7.281289570073817,0.10778908519286645,7.281289570073817,-7.17350048488095,0.10778908519286645,0.0,0.0,1.0,11.813560398977204,0.238260331888352,29.15858852746268,2,0.693845047707462,6,0.631578947368421,1.0,2,0.45213666417084825
OpenManus/092,Science,Human-Interaction Hallucination,0,2,0,6,0.4,3.0,-7.050425893416268,-5.884462584686187,-7.389078655266683,0.44174367531753234,-7.281289570073817,13.25129127609405,7.281289570073817,13.25129127609405,20.532580846167868,7.389078655266683,0.0,0.0,1.0,11.813560398977204,0.238260331888352,29.15858852746268,2,0.693845047707462,6,0.631578947368421,1.0,2,0.4433804710237374
OpenManus/092,Science,Human-Interaction Hallucination,0,3,0,6,0.6,2.0,6.200865382677783,7.366828691407864,5.862212620827368,-12.809547600776519,13.25129127609405,-6.307918944729014,13.25129127609405,6.307918944729014,-19.559210220823065,0.0,13.25129127609405,1.0,0.0,11.813560398977204,0.238260331888352,29.15858852746268,2,0.693845047707462,6,0.631578947368421,1.0,2,0.4453219887695476
OpenManus/092,Science,Human-Interaction Hallucination,0,4,0,6,0.8,1.0,-0.10705356205123095,1.0589097466788502,-0.44570632390164633,-6.5016286560475045,-6.307918944729014,-6.5016286560475045,6.307918944729014,6.5016286560475045,-0.19370971131849046,6.307918944729014,6.943372331365037,0.0,0.0,11.813560398977204,0.238260331888352,29.15858852746268,2,0.693845047707462,6,0.631578947368421,1.0,2,0.08955940193864016
OpenManus/092,Science,Human-Interaction Hallucination,0,5,0,6,1.0,0.0,-6.6086822180987355,-5.442718909368654,-6.947334979949151,0.0,-6.5016286560475045,0.0,6.5016286560475045,0.0,6.5016286560475045,12.809547600776519,0.44174367531753234,0.0,0.0,11.813560398977204,0.238260331888352,29.15858852746268,2,0.693845047707462,6,0.631578947368421,1.0,2,0.01205811951536254
OpenManus/093,Science,Human-Interaction Hallucination,0,0,1,7,0.0,6.0,2.618437466131624,2.245178619216697,0.0,-3.118777532686856,0.0,-0.28302189503430597,0.0,0.28302189503430597,-0.28302189503430597,0.0,0.0,1.0,1.0,6.694498001784137,0.16455238202101588,18.95309866914318,3,0.6799190786971301,7,0.0,0.3157894736842105,4,0.6842094618014146
OpenManus/093,Science,Human-Interaction Hallucination,0,1,0,7,0.16666666666666666,5.0,2.335415571097318,1.962156724182391,-0.28302189503430597,-2.83575563765255,-0.28302189503430597,-7.1657674134262805,0.28302189503430597,7.1657674134262805,-6.882745518391975,0.28302189503430597,0.0,0.0,1.0,6.694498001784137,0.16455238202101588,18.95309866914318,3,0.6799190786971301,7,0.0,0.3157894736842105,4,0.7468802083568604
OpenManus/093,Science,Human-Interaction Hallucination,0,2,0,7,0.3333333333333333,4.0,-4.830351842328962,-5.20361068924389,-7.4487893084605865,4.33001177577373,-7.1657674134262805,7.194108369561512,7.1657674134262805,7.194108369561512,14.359875782987793,7.4487893084605865,0.0,0.0,1.0,6.694498001784137,0.16455238202101588,18.95309866914318,3,0.6799190786971301,7,0.0,0.3157894736842105,4,0.3524155655902749
OpenManus/093,Science,Human-Interaction Hallucination,0,3,0,7,0.5,3.0,2.3637565272325496,1.9904976803176224,-0.2546809388990745,-2.8640965937877816,7.194108369561512,0.17557961273383782,7.194108369561512,0.17557961273383782,-7.018528756827674,0.2546809388990745,7.194108369561512,0.0,0.0,6.694498001784137,0.16455238202101588,18.95309866914318,3,0.6799190786971301,7,0.0,0.3157894736842105,4,0.6070407772794978
OpenManus/093,Science,Human-Interaction Hallucination,0,4,0,7,0.6666666666666666,2.0,2.5393361399663874,2.1660772930514605,-0.07910132616523669,-3.0396762065216194,0.17557961273383782,-4.452778007105582,0.17557961273383782,4.452778007105582,-4.62835761983942,0.07910132616523669,7.36968798229535,0.0,0.0,6.694498001784137,0.16455238202101588,18.95309866914318,3,0.6799190786971301,7,0.0,0.3157894736842105,4,0.6438986660293209
OpenManus/093,Science,Human-Interaction Hallucination,0,5,0,7,0.8333333333333334,1.0,-1.9134418671391948,-2.286700714054122,-4.531879333270819,1.4131018005839628,-4.452778007105582,1.4131018005839628,4.452778007105582,1.4131018005839628,5.865879807689545,4.531879333270819,2.9169099751897676,0.0,0.0,6.694498001784137,0.16455238202101588,18.95309866914318,3,0.6799190786971301,7,0.0,0.3157894736842105,4,0.2612858633038999
OpenManus/093,Science,Human-Interaction Hallucination,0,6,0,7,1.0,0.0,-0.500340066555232,-0.8735989134701592,-3.118777532686856,0.0,1.4131018005839628,0.0,1.4131018005839628,0.0,-1.4131018005839628,3.118777532686856,4.33001177577373,0.0,0.0,6.694498001784137,0.16455238202101588,18.95309866914318,3,0.6799190786971301,7,0.0,0.3157894736842105,4,0.27816258367704705
OpenManus/094,Math,Human-Interaction Hallucination,0,0,1,4,0.0,3.0,0.17434569246331577,1.412516407036982,0.0,-7.362418364803787,0.0,1.6413531418776302,0.0,1.6413531418776302,1.6413531418776302,0.0,0.0,1.0,1.0,8.917384499214172,0.7030339818039114,10.472350633624558,1,0.0796032552759624,4,0.3157894736842105,1.0,1,0.84413287766528
OpenManus/094,Math,Human-Interaction Hallucination,0,1,0,4,0.3333333333333333,2.0,1.815698834340946,3.053869548914612,1.6413531418776302,-9.003771506681417,1.6413531418776302,-1.5703535470994012,1.6413531418776302,1.5703535470994012,-3.2117066889770314,0.0,1.6413531418776302,1.0,0.0,8.917384499214172,0.7030339818039114,10.472350633624558,1,0.0796032552759624,4,0.3157894736842105,1.0,1,0.7978956156774852
OpenManus/094,Math,Human-Interaction Hallucination,0,2,0,4,0.6666666666666666,1.0,0.2453452872415447,1.483516001815211,0.07099959477822892,-7.433417959582016,-1.5703535470994012,-7.433417959582016,1.5703535470994012,7.433417959582016,-5.863064412482615,1.5703535470994012,0.07099959477822892,0.0,0.0,8.917384499214172,0.7030339818039114,10.472350633624558,1,0.0796032552759624,4,0.3157894736842105,1.0,1,0.5580685610895527
OpenManus/094,Math,Human-Interaction Hallucination,0,3,0,4,1.0,0.0,-7.188072672340471,-5.949901957766805,-7.362418364803787,0.0,-7.433417959582016,0.0,7.433417959582016,0.0,7.433417959582016,9.003771506681417,0.0,0.0,1.0,8.917384499214172,0.7030339818039114,10.472350633624558,1,0.0796032552759624,4,0.3157894736842105,1.0,1,0.01831666171307409
OpenManus/096,Math,Human-Interaction Hallucination,0,0,1,3,0.0,2.0,-4.7749677859501745,-0.3075603082949989,0.0,-0.8956005404993093,0.0,1.818281465384306,0.0,1.818281465384306,1.818281465384306,0.0,0.0,1.0,1.0,2.6181829813897046,0.2063231834418898,4.3407654222801,1,0.026503879948935397,3,0.47368421052631576,1.0,2,0.7526044645678384
OpenManus/096,Math,Human-Interaction Hallucination,0,1,0,3,0.5,1.0,-2.9566863205658684,1.510721157089307,1.818281465384306,-2.7138820058836153,1.818281465384306,-2.7138820058836153,1.818281465384306,2.7138820058836153,-4.532163471267921,0.0,1.818281465384306,1.0,0.0,2.6181829813897046,0.2063231834418898,4.3407654222801,1,0.026503879948935397,3,0.47368421052631576,1.0,2,0.5934904264926902
OpenManus/096,Math,Human-Interaction Hallucination,0,2,0,3,1.0,0.0,-5.670568326449484,-1.2031608487943082,-0.8956005404993093,0.0,-2.7138820058836153,0.0,2.7138820058836153,0.0,2.7138820058836153,2.7138820058836153,0.0,0.0,1.0,2.6181829813897046,0.2063231834418898,4.3407654222801,1,0.026503879948935397,3,0.47368421052631576,1.0,2,0.2141961208923743
OpenManus/097,Math,Human-Interaction Hallucination,2,0,0,7,0.0,6.0,2.55132544331574,2.268873299666243,0.0,-0.7813262383698607,0.0,-7.1896053365686114,0.0,7.1896053365686114,-7.1896053365686114,0.0,0.0,1.0,1.0,11.62509505330204,0.015347832313238769,50.90792122454339,5,1.8609127617361112,7,0.6842105263157895,0.8421052631578947,2,0.6062670058057252
OpenManus/097,Math,Human-Interaction Hallucination,2,1,0,7,0.16666666666666666,5.0,-4.6382798932528715,-4.920732036902368,-7.1896053365686114,6.408279098198751,-7.1896053365686114,10.91856745985907,7.1896053365686114,10.91856745985907,18.10817279642768,7.1896053365686114,0.0,0.0,1.0,11.62509505330204,0.015347832313238769,50.90792122454339,5,1.8609127617361112,7,0.6842105263157895,0.8421052631578947,2,0.5241377823620241
OpenManus/097,Math,Human-Interaction Hallucination,2,2,1,7,0.3333333333333333,4.0,6.280287566606198,5.997835422956701,3.728962123290458,-4.510288361660319,10.91856745985907,-10.162205234151266,10.91856745985907,10.162205234151266,-21.080772694010335,0.0,10.91856745985907,1.0,0.0,11.62509505330204,0.015347832313238769,50.90792122454339,5,1.8609127617361112,7,0.6842105263157895,0.8421052631578947,2,0.45427508966002733
OpenManus/097,Math,Human-Interaction Hallucination,2,3,0,7,0.5,3.0,-3.8819176675450677,-4.164369811194565,-6.433243110860808,5.651916872490947,-10.162205234151266,10.578245268796891,10.162205234151266,10.578245268796891,20.740450502948157,10.162205234151266,0.7563622257078038,0.0,0.0,11.62509505330204,0.015347832313238769,50.90792122454339,5,1.8609127617361112,7,0.6842105263157895,0.8421052631578947,2,0.5547974692600925
OpenManus/097,Math,Human-Interaction Hallucination,2,4,0,7,0.6666666666666666,2.0,6.696327601251824,6.413875457602327,4.145002157936084,-4.926328396305944,10.578245268796891,-13.496904851027047,10.578245268796891,13.496904851027047,-24.075150119823938,0.0,11.334607494504695,1.0,0.0,11.62509505330204,0.015347832313238769,50.90792122454339,5,1.8609127617361112,7,0.6842105263157895,0.8421052631578947,2,0.45071502566848803
OpenManus/097,Math,Human-Interaction Hallucination,2,5,0,7,0.8333333333333334,1.0,-6.800577249775223,-7.08302939342472,-9.351902693090963,8.570576454721103,-13.496904851027047,8.570576454721103,13.496904851027047,8.570576454721103,22.06748130574815,13.496904851027047,0.0,0.0,1.0,11.62509505330204,0.015347832313238769,50.90792122454339,5,1.8609127617361112,7,0.6842105263157895,0.8421052631578947,2,0.07454590960254134
OpenManus/097,Math,Human-Interaction Hallucination,2,6,0,7,1.0,0.0,1.7699992049458793,1.4875470612963824,-0.7813262383698607,0.0,8.570576454721103,0.0,8.570576454721103,0.0,-8.570576454721103,4.926328396305944,8.570576454721103,0.0,0.0,11.62509505330204,0.015347832313238769,50.90792122454339,5,1.8609127617361112,7,0.6842105263157895,0.8421052631578947,2,0.3146003050087383
OpenManus/098,Math,Human-Interaction Hallucination,0,0,1,8,0.0,7.0,2.4882268715840326,3.143475361115567,0.0,6.056900491984983,0.0,-6.799404756892535,0.0,6.799404756892535,-6.799404756892535,0.0,0.0,1.0,1.0,15.710210467286092,0.18473135619131248,32.787614495247375,5,1.0130922941417784,8,1.0,0.2631578947368421,3,0.42933858266357416
OpenManus/098,Math,Human-Interaction Hallucination,0,1,0,8,0.14285714285714285,6.0,-4.311177885308503,-3.6559293957769685,-6.799404756892535,12.856305248877518,-6.799404756892535,-3.389012446860182,6.799404756892535,3.389012446860182,3.4103923100323534,6.799404756892535,0.0,0.0,1.0,15.710210467286092,0.18473135619131248,32.787614495247375,5,1.0130922941417784,8,1.0,0.2631578947368421,3,0.04843418348749803
OpenManus/098,Math,Human-Interaction Hallucination,0,2,0,8,0.2857142857142857,5.0,-7.700190332168685,-7.044941842637151,-10.188417203752717,16.2453176957377,-3.389012446860182,5.545485600177511,3.389012446860182,5.545485600177511,8.934498047037692,10.188417203752717,0.0,0.0,1.0,15.710210467286092,0.18473135619131248,32.787614495247375,5,1.0130922941417784,8,1.0,0.2631578947368421,3,0.059260061943554966
OpenManus/098,Math,Human-Interaction Hallucination,0,3,0,8,0.42857142857142855,4.0,-2.154704731991174,-1.4994562424596398,-4.642931603575207,10.69983209556019,5.545485600177511,-0.3988876427132766,5.545485600177511,0.3988876427132766,-5.944373242890787,4.642931603575207,5.545485600177511,0.0,0.0,15.710210467286092,0.18473135619131248,32.787614495247375,5,1.0130922941417784,8,1.0,0.2631578947368421,3,0.12840893417348123
OpenManus/098,Math,Human-Interaction Hallucination,0,4,0,8,0.5714285714285714,3.0,-2.5535923747044507,-1.8983438851729164,-5.041819246288483,11.098719738273466,-0.3988876427132766,5.194921103991007,0.3988876427132766,5.194921103991007,5.593808746704283,5.041819246288483,5.146597957464234,0.0,0.0,15.710210467286092,0.18473135619131248,32.787614495247375,5,1.0130922941417784,8,1.0,0.2631578947368421,3,0.42167247701146493
OpenManus/098,Math,Human-Interaction Hallucination,0,5,0,8,0.7142857142857143,2.0,2.641328729286556,3.2965772188180904,0.1531018577025236,5.9037986342824595,5.194921103991007,-4.838334285805622,5.194921103991007,4.838334285805622,-10.03325538979663,0.0,10.34151906145524,1.0,0.0,15.710210467286092,0.18473135619131248,32.787614495247375,5,1.0130922941417784,8,1.0,0.2631578947368421,3,0.4534815014499461
OpenManus/098,Math,Human-Interaction Hallucination,0,6,0,8,0.8571428571428571,1.0,-2.1970055565190663,-1.541757066987532,-4.685232428103099,10.742132920088082,-4.838334285805622,10.742132920088082,4.838334285805622,10.742132920088082,15.580467205893704,4.838334285805622,5.503184775649618,0.0,0.0,15.710210467286092,0.18473135619131248,32.787614495247375,5,1.0130922941417784,8,1.0,0.2631578947368421,3,0.6377543537855558
OpenManus/098,Math,Human-Interaction Hallucination,0,7,0,8,1.0,0.0,8.545127363569016,9.20037585310055,6.056900491984983,0.0,10.742132920088082,0.0,10.742132920088082,0.0,-10.742132920088082,0.0,16.2453176957377,1.0,0.0,15.710210467286092,0.18473135619131248,32.787614495247375,5,1.0130922941417784,8,1.0,0.2631578947368421,3,0.7728192659150245
OpenManus/100,Math,Human-Interaction Hallucination,0,0,1,5,0.0,4.0,8.01781447196053,8.019303387503964,0.0,-6.012710138347082,0.0,-4.0168111757956915,0.0,4.0168111757956915,-4.0168111757956915,0.0,0.0,1.0,1.0,15.962750967153909,0.23203636974709674,25.912791795960743,1,0.30407921302015295,5,0.0,0.7368421052631579,1,0.9620297965263922
OpenManus/100,Math,Human-Interaction Hallucination,0,1,0,5,0.25,3.0,4.001003296164839,4.002492211708272,-4.0168111757956915,-1.99589896255139,-4.0168111757956915,-9.978109579784459,4.0168111757956915,9.978109579784459,-5.961298403988767,4.0168111757956915,0.0,0.0,1.0,15.962750967153909,0.23203636974709674,25.912791795960743,1,0.30407921302015295,5,0.0,0.7368421052631579,1,0.6918236059870972
OpenManus/100,Math,Human-Interaction Hallucination,0,2,0,5,0.5,2.0,-5.977106283619619,-5.975617368076186,-13.99492075558015,7.9822106172330685,-9.978109579784459,-2.0771541122167463,9.978109579784459,2.0771541122167463,7.900955467567712,13.99492075558015,0.0,0.0,1.0,15.962750967153909,0.23203636974709674,25.912791795960743,1,0.30407921302015295,5,0.0,0.7368421052631579,1,0.01909866541600426
OpenManus/100,Math,Human-Interaction Hallucination,0,3,0,5,0.75,1.0,-8.054260395836366,-8.052771480292932,-16.072074867796896,10.059364729449815,-2.0771541122167463,10.059364729449815,2.0771541122167463,10.059364729449815,12.136518841666561,16.072074867796896,0.0,0.0,1.0,15.962750967153909,0.23203636974709674,25.912791795960743,1,0.30407921302015295,5,0.0,0.7368421052631579,1,0.08702632494935542
OpenManus/100,Math,Human-Interaction Hallucination,0,4,0,5,1.0,0.0,2.005104333613449,2.0065932491568823,-6.012710138347082,0.0,10.059364729449815,0.0,10.059364729449815,0.0,-10.059364729449815,6.012710138347082,10.059364729449815,0.0,0.0,15.962750967153909,0.23203636974709674,25.912791795960743,1,0.30407921302015295,5,0.0,0.7368421052631579,1,0.23649026131806275
OpenManus/101,Math,Human-Interaction Hallucination,0,0,1,3,0.0,2.0,6.857034406771181,4.565477248475359,0.0,-6.837972983420091,0.0,-6.858458762005984,0.0,6.858458762005984,-6.858458762005984,0.0,0.0,1.0,1.0,6.857380563133043,0.9943556266937955,6.876788142845994,1,0.040227745851414594,3,0.0,0.5263157894736842,1,0.9448638879979776
OpenManus/101,Math,Human-Interaction Hallucination,0,1,0,3,0.5,1.0,-0.0014243552348034427,-2.2929815135306257,-6.858458762005984,0.0204857785858934,-6.858458762005984,0.0204857785858934,6.858458762005984,0.0204857785858934,6.878944540591878,6.858458762005984,0.0,0.0,1.0,6.857380563133043,0.9943556266937955,6.876788142845994,1,0.040227745851414594,3,0.0,0.5263157894736842,1,0.25344076532234994
OpenManus/101,Math,Human-Interaction Hallucination,0,2,0,3,1.0,0.0,0.019061423351089957,-2.2724957349447323,-6.837972983420091,0.0,0.0204857785858934,0.0,0.0204857785858934,0.0,-0.0204857785858934,6.837972983420091,0.0204857785858934,0.0,0.0,6.857380563133043,0.9943556266937955,6.876788142845994,1,0.040227745851414594,3,0.0,0.5263157894736842,1,0.26171263296612546
OpenManus/102,Math,Human-Interaction Hallucination,0,0,1,4,0.0,3.0,4.019944462797973,5.521215449749583,0.0,-8.000733271064497,0.0,-14.05014578009465,0.0,14.05014578009465,-14.05014578009465,0.0,0.0,1.0,1.0,13.310664423247564,0.23730139949641055,33.71549130364702,2,0.4390282663844826,4,0.0,0.3157894736842105,3,0.8998162628406315
OpenManus/102,Math,Human-Interaction Hallucination,0,1,0,4,0.3333333333333333,2.0,-10.030201317296678,-8.528930330345068,-14.05014578009465,6.049412509030153,-14.05014578009465,14.016163032255468,14.05014578009465,14.016163032255468,28.06630881235012,14.05014578009465,0.0,0.0,1.0,13.310664423247564,0.23730139949641055,33.71549130364702,2,0.4390282663844826,4,0.0,0.3157894736842105,3,0.24328336598113331
OpenManus/102,Math,Human-Interaction Hallucination,0,2,0,4,0.6666666666666666,1.0,3.9859617149587905,5.487232701910401,-0.03398274783918254,-7.966750523225315,14.016163032255468,-7.966750523225315,14.016163032255468,7.966750523225315,-21.982913555480785,0.03398274783918254,14.016163032255468,0.0,0.0,13.310664423247564,0.23730139949641055,33.71549130364702,2,0.4390282663844826,4,0.0,0.3157894736842105,3,0.48095104346060713
OpenManus/102,Math,Human-Interaction Hallucination,0,3,0,4,1.0,0.0,-3.9807888082665244,-2.4795178213149147,-8.000733271064497,0.0,-7.966750523225315,0.0,7.966750523225315,0.0,7.966750523225315,8.000733271064497,6.049412509030153,0.0,0.0,13.310664423247564,0.23730139949641055,33.71549130364702,2,0.4390282663844826,4,0.0,0.3157894736842105,3,0.14702777230943828
OpenManus/103,Math,Human-Interaction Hallucination,0,0,1,3,0.0,2.0,-0.04265459276368233,2.813973703178687,0.0,-2.0853021707324046,0.0,-6.356618938803656,0.0,6.356618938803656,-6.356618938803656,0.0,0.0,1.0,1.0,6.131812793115696,0.2048767842803091,10.178323415498987,1,0.06215167080043845,3,0.0,0.5263157894736842,0,0.8923532844355646
OpenManus/103,Math,Human-Interaction Hallucination,0,1,0,3,0.5,1.0,-6.399273531567339,-3.542645235624969,-6.356618938803656,4.271316768071252,-6.356618938803656,4.271316768071252,6.356618938803656,4.271316768071252,10.627935706874908,6.356618938803656,0.0,0.0,1.0,6.131812793115696,0.2048767842803091,10.178323415498987,1,0.06215167080043845,3,0.0,0.5263157894736842,0,0.368672370892219
OpenManus/103,Math,Human-Interaction Hallucination,0,2,0,3,1.0,0.0,-2.127956763496087,0.7286715324462825,-2.0853021707324046,0.0,4.271316768071252,0.0,4.271316768071252,0.0,-4.271316768071252,2.0853021707324046,4.271316768071252,0.0,0.0,6.131812793115696,0.2048767842803091,10.178323415498987,1,0.06215167080043845,3,0.0,0.5263157894736842,0,0.32419488328124557
