id,dataset,run_slug,subject,generator,model,target,target_label,is_correct,final_answer_correct,rubric_score,has_answer_chunks,error_step_index,error_step_position,exit_status,reasoning_n_chunks,reasoning_start,reasoning_end,reasoning_end_minus_start,reasoning_std,reasoning_range,reasoning_min,reasoning_max,reasoning_early_mean,reasoning_mid_mean,reasoning_late_mean,reasoning_late_minus_early,reasoning_total_variation,reasoning_monotonicity,reasoning_direction_changes,reasoning_zero_crossings,reasoning_peak_pos,reasoning_trough_pos,reasoning_rebound_from_trough,reasoning_fall_from_peak,reasoning_max_rise,reasoning_max_drop,reasoning_max_rise_pos,reasoning_max_drop_pos,reasoning_curvature_abs_mean,reasoning_positive_mass,reasoning_negative_mass,reasoning_time_positive,reasoning_time_negative,answer_n_chunks,answer_start,answer_end,answer_end_minus_start,answer_std,answer_range,answer_min,answer_max,answer_early_mean,answer_mid_mean,answer_late_mean,answer_late_minus_early,answer_total_variation,answer_monotonicity,answer_direction_changes,answer_zero_crossings,answer_peak_pos,answer_trough_pos,answer_rebound_from_trough,answer_fall_from_peak,answer_max_rise,answer_max_drop,answer_max_rise_pos,answer_max_drop_pos,answer_curvature_abs_mean,answer_positive_mass,answer_negative_mass,answer_time_positive,answer_time_negative,answer_minus_reasoning_mean,answer_start_minus_reasoning_end,answer_end_minus_reasoning_end,answer_range_minus_reasoning_range,total_n_chunks,reasoning_pair_density,answer_pair_density
111d5872-2705-42c0-8df4-0fb386ba7084,frontierscience,deepseek-ai/DeepSeek-R1-Distill-Qwen-32B_reasoning-auto,biology,,deepseek-ai/DeepSeek-R1-Distill-Qwen-32B,0,is_correct,False,,,True,,,,31,2.7166203278321928,4.490197304524849,1.7735769766926563,2.4911125699002175,8.99988789955595,-4.509690595031103,4.490197304524849,0.08869976264651935,-0.02302217286557224,0.053001819360121306,-0.03569794328639805,67.76770354762354,0.02617141918415873,13,14,1.0,0.2631578947368421,8.99988789955595,0.0,6.449432836303949,7.898911695864596,0.2777777777777778,0.2222222222222222,6.481697661698375,1.1143998593562443,1.0755121571248767,0.55,0.45,2,-3.6570724495612765,3.6570724495612765,7.314144899122553,2.219758786200604,7.314144899122553,-3.6570724495612765,3.6570724495612765,-2.502207465489294,0.19247749734533018,2.694684962834625,5.196892428323919,7.314144899122553,1.0,0.0,1.0,1.0,0.0,7.314144899122553,0.0,0.3849549946906614,0.0,0.5555555555555556,0.6111111111111112,4.6876083261951055e-16,0.9623874867266515,0.9623874867266519,0.5,0.5,-1.1884075667832046,-9.33567732086933,-2.0215324217467767,-6.529684457788893,33,0.08602150537634409,1.0
f040ed81-6802-4359-beff-42e319c1b0f1,frontierscience,deepseek-ai/DeepSeek-R1-Distill-Qwen-32B_reasoning-auto,chemistry,,deepseek-ai/DeepSeek-R1-Distill-Qwen-32B,1,is_correct,True,,,True,,,,157,2.5012616349506565,-2.2237530657803988,-4.725014700731055,2.25637228646903,8.644767779926507,-4.282778913556396,4.361988866370111,0.777474336034075,0.14196861537970293,-0.5136144944751623,-1.2910888305092372,47.09034292099794,0.10033935638689383,11,11,0.5263157894736842,0.7368421052631579,2.0590258477759975,6.58574193215051,8.068669592029199,4.365580954783132,0.5,0.7222222222222222,4.4520636027258895,0.9770048267110273,0.8092841420587537,0.55,0.45,8,2.3788652719468866,0.16770428967785467,-2.211160982269032,1.6431352913684727,4.927095692684269,-2.5482304207373816,2.3788652719468866,-0.20111445319295435,-0.5652433315968111,0.5582531439563523,0.7593675971493066,20.200410388520265,0.10946119112142481,4.0,4.0,0.0,0.5789473684210527,2.7159347104152363,2.211160982269032,1.8510326266843746,1.8459596921362884,0.7777777777777778,0.5,0.6566667389417113,0.6643067657904214,0.7650560472799336,0.55,0.45,-0.04891285082864956,4.553705486898636,2.342544504629604,-6.61577384118635,165,0.013555446676465785,0.25
b7337452-ab08-43e5-9f3b-419107415280,frontierscience,deepseek-ai/DeepSeek-R1-Distill-Qwen-32B_reasoning-auto,chemistry,,deepseek-ai/DeepSeek-R1-Distill-Qwen-32B,1,is_correct,True,,,True,,,,192,-2.5233621290989143,4.766225716371024,7.2895878454699385,2.267127566129498,7.2895878454699385,-2.5233621290989143,4.766225716371024,0.6831843079566889,-0.425425028845626,3.0264258954365637,2.343241587479875,45.31157538609593,0.16087694553446893,14,9,1.0,0.0,7.2895878454699385,0.0,4.616549895145212,5.403281963071569,0.7222222222222222,0.2777777777777778,4.293027640660738,1.500701275944685,0.5025577596248437,0.6,0.4,2,-1.1113761832450813,1.1113761832450813,2.2227523664901625,0.6745797578684326,2.2227523664901625,-1.1113761832450813,1.1113761832450813,-0.7604152832729503,0.05849348332868846,0.8189087666016387,1.579324049874589,2.2227523664901625,1.0,0.0,1.0,1.0,0.0,2.2227523664901625,0.0,0.11698696665737729,0.0,0.5555555555555556,0.16666666666666666,1.295260195396016e-16,0.2924674166434424,0.29246741664344245,0.5,0.5,-1.255201089945719,-7.132802989561824,-4.910050623071662,-12.322739170636602,194,0.010962041884816753,1.0
36c373f1-468f-4bba-a8d9-5a73a3be5876,frontierscience,deepseek-ai/DeepSeek-R1-Distill-Qwen-32B_reasoning-auto,chemistry,,deepseek-ai/DeepSeek-R1-Distill-Qwen-32B,0,is_correct,False,,,True,,,,8,3.0026745690880756,-2.397309704231929,-5.399984273320005,2.1579721461709824,6.362498493988667,-2.397309704231929,3.9651887897567377,1.6193177233626244,-0.21797892524322807,-1.7159851408755602,-3.3353028642381846,15.60133314543195,0.3461232590178432,3,3,0.10526315789473684,1.0,0.0,6.362498493988667,1.4318361616533335,2.5031441781135078,0.5,0.16666666666666666,0.5427415925266721,0.9338151533668221,0.9581421162877014,0.45,0.55,5,4.8529146713090014,2.5801617762893905,-2.272752895019611,2.266693620846093,7.47293392250587,-2.6200192511968687,4.8529146713090014,0.5653896885575791,-2.4213061131186633,-0.1168490456080676,-0.6822387341656467,12.909750965656965,0.17604932125071032,3.0,2.0,0.0,0.7368421052631579,5.200181027486259,2.272752895019611,1.0981883903898497,1.5413868785742113,1.0,0.1111111111111111,0.15713582710024646,0.7304628785744681,1.4150883408532675,0.35,0.65,0.03492816171306545,7.285152537253996,5.012399642234385,0.6948992659204407,13,0.42857142857142855,0.4
16318af5-cfa6-4b2c-bf25-9eb3ac468b48,frontierscience,deepseek-ai/DeepSeek-R1-Distill-Qwen-32B_reasoning-auto,physics,,deepseek-ai/DeepSeek-R1-Distill-Qwen-32B,0,is_correct,False,,,True,,,,310,2.6336228850392405,0.24431773079896452,-2.389305154240276,1.9902376802069277,7.191269356765821,-3.7512694865236016,3.4399998702422185,1.0100232587870948,-1.207767794569367,0.42417029079713475,-0.58585296798996,39.4175954475453,0.06061519296426459,9,10,0.7368421052631579,0.5789473684210527,3.995587217322566,3.195682139443254,3.8448747652341453,5.866678000741885,0.6666666666666666,0.5555555555555556,3.2689304568301174,0.8565870796813847,0.7985465799660396,0.6,0.4,4,2.4042036625803567,-2.4838083771360084,-4.888012039716365,2.511741607857377,8.801120902574658,-4.364947815828221,4.436173086746437,-0.980372076623932,0.6678553186304846,0.3995172328150109,1.3798893094389428,22.49025384486568,0.2173391226899048,2.0,3.0,0.6842105263157895,0.3157894736842105,1.8811394386922125,6.919981463882445,1.5097307823564474,1.1533302439804087,0.5555555555555556,0.7777777777777778,0.2944990956534117,1.0782970862038783,1.0678227816570818,0.5,0.5,-0.0502386146855645,2.1096473170958276,-2.7783647226205375,-0.7908439716704763,314,0.006660402964818874,0.5
84bba88d-2aee-4fcb-baab-4c6eea17b0d8,frontierscience,deepseek-ai/DeepSeek-R1-Distill-Qwen-32B_reasoning-auto,physics,,deepseek-ai/DeepSeek-R1-Distill-Qwen-32B,0,is_correct,False,,,True,,,,41,-2.5092864121174707,2.509461215958298,5.018747628075769,2.2273389453949024,7.881391294030546,-4.507510470959146,3.3738808230714006,0.2200076493801226,0.4209373151755641,0.4347830407000925,0.2147753913199699,48.553722104598315,0.10336483817376516,13,9,0.15789473684210525,0.631578947368421,7.016971686917444,0.8644196071131027,6.725746338735821,4.46917105771944,0.05555555555555555,0.6111111111111112,4.5244126851346715,1.1251642530243424,0.7703986032198246,0.6,0.4,4,2.5986088449891254,2.518915616905402,-0.07969322808372326,2.2913658365163037,7.206474795439892,-4.607865950450766,2.5986088449891254,1.3138185595039729,-2.8514913337334784,-0.45057670282633505,-1.7643952623303079,14.33325636279606,0.005560022514533264,1.0,2.0,0.0,0.6842105263157895,7.1267815673561685,0.07969322808372326,1.1877969278926956,0.7721166406740214,0.7222222222222222,0.5555555555555556,0.12798704337476077,0.6595042991782962,1.3328627810065237,0.5,0.5,0.004356062991642205,0.09350369202246966,0.013810463938746409,-2.9999918377441297,45,0.05975609756097561,0.5
1510d6bd-6785-456d-8988-b9382a3aef9c,frontierscience,deepseek-ai/DeepSeek-R1-Distill-Qwen-32B_reasoning-auto,biology,,deepseek-ai/DeepSeek-R1-Distill-Qwen-32B,0,is_correct,False,,,True,,,,154,2.5144508878988914,4.77383434322629,2.2593834553273986,2.840885312171529,9.026877041705134,-4.253042698478843,4.77383434322629,0.3483223953224723,0.8506577706616726,-0.18694071544351823,-0.5352631107659905,55.75367404463964,0.040524386850602966,10,8,1.0,0.15789473684210525,9.026877041705134,0.0,8.367194626026475,6.693995746632689,0.9444444444444444,0.1111111111111111,4.990331722160798,1.462728692887348,1.0991678494259527,0.6,0.4,7,-4.344182710821682,2.852750081841999,7.196932792663681,2.6113957408879522,8.957428850272786,-4.344182710821682,4.613246139451103,0.46993010399816143,0.22458509816911862,-0.54861288867241,-1.0185429926705714,37.015728372699634,0.19442904703103628,4.0,5.0,0.15789473684210525,0.0,7.196932792663681,1.7604960576091044,2.985809616757596,3.0165653602681655,0.1111111111111111,0.7222222222222222,1.1371981913756546,1.1901377689798538,1.1116413148230286,0.5,0.5,-0.3371774428352866,-9.455194496883259,-2.258261704219578,-0.6290165514273802,161,0.01383583736524913,0.2857142857142857
bc8a05ac-9db5-47b4-8618-84aa4a46466a,frontierscience,deepseek-ai/DeepSeek-R1-Distill-Qwen-32B_reasoning-auto,physics,,deepseek-ai/DeepSeek-R1-Distill-Qwen-32B,1,is_correct,True,,,True,,,,364,-2.498923823780527,-2.546691500612906,-0.047767676832378925,2.4223601794982037,8.628691238995131,-4.236896609400043,4.391794629595087,-0.518271974053906,0.4030039009108432,-1.352489798644413,-0.8342178245905071,45.1961520531709,0.0010568969848624007,12,12,0.47368421052631576,0.42105263157894735,1.6902051087871373,6.938486130207993,8.628691238995131,5.442645696589256,0.4444444444444444,0.6111111111111112,4.300920652405273,0.8264993598808521,1.2725901250742482,0.4,0.6,8,2.268485955908069,-2.840090169160679,-5.108576125068748,2.5327969446207095,8.840634860770159,-4.979158246256787,3.8614766145133723,1.2390745032722799,-1.1149366560732676,-0.07733278007457334,-1.3164072833468532,36.90077552561313,0.13844088782152678,5.0,5.0,0.5789473684210527,0.42105263157894735,2.1390680770961086,6.701566783674052,3.531749209063753,3.442448610134344,0.5,0.6111111111111112,1.5116876858718413,1.0866720574164737,1.0664236449191913,0.55,0.45,0.31594241897685604,5.131119875497831,0.022543750429083076,-0.5985110426663631,372,0.005645869282232919,0.25
3a998a27-4c4b-47c6-bd2c-dd1c9deb3d63,frontierscience,deepseek-ai/DeepSeek-R1-Distill-Qwen-32B_reasoning-auto,physics,,deepseek-ai/DeepSeek-R1-Distill-Qwen-32B,0,is_correct,False,,,True,,,,313,2.5085717510569476,5.016670936907924,2.5080991858509765,2.209701261023769,7.904135359530393,-2.887464422622469,5.016670936907924,0.07670167744167501,0.6387486995818337,1.795965334998938,1.7192636575572628,54.331146034549135,0.046163193102094296,13,8,1.0,0.15789473684210525,7.904135359530393,0.0,4.837391235288367,6.73018614014326,0.7222222222222222,0.3888888888888889,4.83182755874729,1.393962532007835,0.6047652995499256,0.7,0.3,5,0.5291251286871045,0.3923245823392477,-0.13680054634785677,2.259930615695631,8.41587057414696,-3.873326801448448,4.542543772698511,-1.914933332363269,2.2690379174064894,-0.6960232429532521,1.2189100894100169,20.71363754407898,0.006604370963658257,3.0,4.0,0.5263157894736842,0.2631578947368421,4.265651383787696,4.150219190359263,2.03683058120815,1.4997340825794385,0.3333333333333333,0.7222222222222222,0.4764055501991,0.8402357566435891,0.9251061247644374,0.45,0.55,-0.5231238042076097,-5.01066961242843,-5.1474701587762866,-0.668079930221559,318,0.006594576882116818,0.4
20fcf049-b356-45cf-83d8-833f280ee107,frontierscience,deepseek-ai/DeepSeek-R1-Distill-Qwen-32B_reasoning-auto,physics,,deepseek-ai/DeepSeek-R1-Distill-Qwen-32B,0,is_correct,False,,,True,,,,338,2.519554717447505,0.09066471797610703,-2.428889999471398,2.3632124575386255,7.4716652214481005,-4.323764373951542,3.147900847496558,0.4653834326038016,0.11729385439650335,-1.069203357026306,-1.5345867896301075,50.78342877749642,0.047828397135478734,11,8,0.631578947368421,0.7894736842105263,4.41442909192765,3.0572361295204513,5.794603033346328,4.9389913901326015,0.5555555555555556,0.3888888888888889,4.447413494869348,0.9724395393872334,1.0892634960450187,0.55,0.45,12,-2.4610017291010506,-2.298494380727598,0.1625073483734525,2.243271543018683,7.006559638285019,-2.4610017291010506,4.545557909183968,-0.605996025793348,0.7697588480041421,0.07527445021706651,0.6812704760104145,48.75523799216345,0.003333125938172483,9.0,10.0,0.3684210526315789,0.0,0.1625073483734525,6.844052289911566,5.542370715388515,5.485318749184028,0.8888888888888888,0.3888888888888889,4.157942239031333,1.0634893933528233,0.9835900705139252,0.5,0.5,-0.24112978049473008,-2.7927962275718876,-2.630288879198435,-0.7042768085337308,350,0.006092743139079592,0.16666666666666666
84b13a21-19c8-47a2-8661-a1b59f1062f5,frontierscience,deepseek-ai/DeepSeek-R1-Distill-Qwen-32B_reasoning-auto,chemistry,,deepseek-ai/DeepSeek-R1-Distill-Qwen-32B,0,is_correct,False,,,True,,,,383,-0.008122508869045211,5.027038887586686,5.035161396455731,2.127683731180011,8.741096459698717,-3.714057572112032,5.027038887586686,0.2152364944784292,0.027533866734351653,1.7973607512998777,1.5821242568214484,46.839089649365036,0.10749913019549877,13,9,1.0,0.05263157894736842,8.741096459698717,0.0,7.769350016232761,5.130418626504164,0.05555555555555555,0.5555555555555556,4.676651939134832,1.1509430973782464,0.5267652455638097,0.55,0.45,5,0.6466050053474433,-1.9843677134823914,-2.6309727188298346,2.2228457369267267,7.162992934746892,-2.133195659679229,5.029797275067663,-0.9806696059004206,-0.19431423266134232,1.7815310992406814,2.762200705141102,16.956958588323616,0.1551559323050712,2.0,3.0,0.7368421052631579,0.2631578947368421,0.1488279461968378,7.014164988550054,1.547673032597694,1.5581227887788396,0.7222222222222222,0.9444444444444444,0.2911672925752662,0.98044102307806,0.8572260368024727,0.45,0.55,-0.5415889195738962,-4.922022801813139,-7.552995520642973,-2.716440324740649,388,0.005358631908465818,0.4
1eca2503-b141-4f9f-ab10-e27d272c93b0,frontierscience,deepseek-ai/DeepSeek-R1-Distill-Qwen-32B_reasoning-auto,biology,,deepseek-ai/DeepSeek-R1-Distill-Qwen-32B,0,is_correct,False,,,True,,,,195,2.5221827482477903,0.03254848002848866,-2.4896342682193016,2.0297860378166916,6.829557056457169,-3.5589999244484045,3.270557132008765,0.15638638409123912,-1.3291216941112936,0.47701301852624506,0.32062663443500594,43.494313175256295,0.05724045481963473,9,10,0.8421052631578947,0.631578947368421,3.5915484044768933,3.238008651980276,4.2016379840689275,5.693198370771016,0.3888888888888889,0.8888888888888888,3.4158054014027512,0.7532545378629554,1.020607990812101,0.5,0.5,4,4.538308140171351,-3.4235082978677855,-7.961816438039136,2.1237164302190408,7.961816438039136,-3.4235082978677855,4.538308140171351,2.2156325172263616,-0.6049727016677436,-2.36805041740767,-4.583682934634032,7.9618164380391345,1.0000000000000002,0.0,1.0,0.0,1.0,0.0,7.961816438039136,-0.060720551436961534,0.77422520764833,0.5,0.1111111111111111,0.05972040316435877,0.780823536315158,0.9275077260919427,0.3,0.7,0.6276213813177364,5.1333810414605985,-2.828435396578538,-4.257867299110856,199,0.010785091197462331,0.5
adadda00-bef8-417d-97d6-cfd9dec33cba,frontierscience,deepseek-ai/DeepSeek-R1-Distill-Qwen-32B_reasoning-auto,chemistry,,deepseek-ai/DeepSeek-R1-Distill-Qwen-32B,1,is_correct,True,,,True,,,,268,2.6662408442784282,-4.665200958790427,-7.331441803068856,2.153038599680239,8.331547110556553,-4.665200958790427,3.666346151766125,-0.2135254997000978,-0.7766752316237862,-2.044047583171349,-1.8305220834712512,51.022058703508804,0.1436916108319375,12,9,0.15789473684210525,1.0,0.0,8.331547110556553,7.525045103436186,4.909953613586996,0.1111111111111111,1.0,4.494793193770769,0.4584170583049792,1.418201589219743,0.25,0.75,8,4.964842153020863,-2.4736218585183014,-7.438464011539164,2.309212923741936,7.559169432949731,-2.5943272799288684,4.964842153020863,0.4935110460877228,-1.5538844464900081,0.8860822730252501,0.39257122693752733,24.049582158455593,0.3092970165772246,4.0,3.0,0.0,0.3157894736842105,0.12070542141056695,7.438464011539164,2.6640797260087403,2.7312528990649385,0.7777777777777778,0.9444444444444444,0.7226459881791987,0.9253300600004029,1.0306360682336275,0.35,0.65,-0.044807289231219335,9.58523582258007,2.1467718110409066,-3.592843979350704,276,0.007714237799765219,0.25
4ee82eb3-a457-42c5-9c62-5730d41f67a6,frontierscience,deepseek-ai/DeepSeek-R1-Distill-Qwen-32B_reasoning-auto,biology,,deepseek-ai/DeepSeek-R1-Distill-Qwen-32B,0,is_correct,False,,,True,,,,8,1.819744238599645,1.773735345522459,-0.04600889307718603,2.9131507138211195,11.159374349555673,-7.094278495829177,4.065095853726496,-2.613438368722508,2.07004470177326,0.19529721363011798,2.808735582352626,36.91456858017714,0.0012463613919056467,5,6,0.42105263157894735,0.15789473684210525,8.868013841351637,2.291360508204037,2.6232302313409592,3.560243137035983,0.2222222222222222,0.0,1.2491741900779303,1.097081083820148,1.2286797031633492,0.6,0.4,2,-2.0879542265422337,2.0879542265422337,4.1759084530844675,1.2673401480213555,4.1759084530844675,-2.0879542265422337,2.0879542265422337,-1.4286002602657388,0.10989232771274891,1.5384925879784876,2.9670928482442265,4.1759084530844675,1.0,0.0,1.0,1.0,0.0,4.1759084530844675,0.0,0.21978465542549852,0.0,0.16666666666666666,0.1111111111111111,2.0970879354030734e-16,0.5494616385637456,0.5494616385637457,0.5,0.5,-3.055331396912498,-6.917020968977191,-2.7411125158927234,-7.998997601569364,10,0.42857142857142855,1.0
27c865e6-1c87-489b-b7ea-b197fe3356ba,frontierscience,deepseek-ai/DeepSeek-R1-Distill-Qwen-32B_reasoning-auto,physics,,deepseek-ai/DeepSeek-R1-Distill-Qwen-32B,1,is_correct,True,,,True,,,,205,2.5460886051974323,0.15184792338269948,-2.3942406818147326,2.010602379481675,6.938010340935303,-3.225287791148775,3.7127225497865277,1.2106886947461355,0.1821122125515664,1.261134402196707,0.05044570745057153,58.75157661009561,0.040751939266312674,15,8,0.42105263157894735,0.47368421052631576,3.377135714531475,3.5608746264038285,5.923514630019319,6.938010340935303,0.1111111111111111,0.4444444444444444,5.836767005328506,1.2968839765489109,0.43106333833570326,0.75,0.25,5,4.520714049782471,-3.0215327335792197,-7.542246783361691,2.5427276403881187,7.542246783361691,-3.0215327335792197,4.520714049782471,0.14804387537293678,-1.181802100789119,0.7457762974845483,0.5977324221116116,21.42552098654207,0.3520216282301454,2.0,3.0,0.0,1.0,0.0,7.542246783361691,1.5428782909944472,1.5694741331903748,0.5555555555555556,0.0,0.34521366029388173,1.058826623107152,1.1969091127574512,0.45,0.55,0.5210559331607506,4.889922059560522,-2.6523247238011685,-4.594923289556654,210,0.010234337637494022,0.4
a74ccc5b-fd37-49fa-b784-871dbcc41e9e,frontierscience,deepseek-ai/DeepSeek-R1-Distill-Qwen-32B_reasoning-auto,chemistry,,deepseek-ai/DeepSeek-R1-Distill-Qwen-32B,0,is_correct,False,,,True,,,,113,2.810495696839754,-2.4336622313065397,-5.244157928146294,2.0797079804646295,7.86415192569409,-4.361553034474813,3.5025988912192765,-0.9284535318992526,-1.187689757894521,-0.5703653998412835,0.3580881320579691,46.83201012275755,0.11197806616457719,12,11,0.8947368421052632,0.05263157894736842,1.9278908031682733,5.936261122525816,6.019624368291911,7.172048731314566,0.8888888888888888,0.0,4.439448697202149,0.5073109172881886,1.4190706886683944,0.35,0.65,6,4.3906678642615935,-2.925371111170787,-7.316038975432381,2.7077361916551235,8.971077464857075,-4.58040960059548,4.3906678642615935,-0.5325171124950241,-0.4880807839655094,0.8565070583235951,1.3890241708186193,39.04691558594888,0.18736534923811174,4.0,5.0,0.0,0.21052631578947367,1.6550384894246934,7.316038975432381,2.4900723613150855,2.4905313633359016,0.7222222222222222,0.0,1.0696851436724202,1.1333549564090633,1.2336121026731717,0.5,0.5,0.41854146940418546,7.242871564972319,-0.07316741046006214,-3.082200151579986,119,0.019279393173198482,0.3333333333333333
0ea11f5b-df09-4330-92cc-302a63c22008,frontierscience,deepseek-ai/DeepSeek-R1-Distill-Qwen-32B_reasoning-auto,physics,,deepseek-ai/DeepSeek-R1-Distill-Qwen-32B,1,is_correct,True,,,True,,,,91,-2.548919010338607,5.086911321562185,7.635830331900792,2.6752442127407274,9.385501645238987,-4.298590323676803,5.086911321562185,-0.47898349287611325,-0.5035658190623186,1.055987019609703,1.5349705124858162,67.01545674433417,0.11394133089373241,16,13,1.0,0.5789473684210527,9.385501645238987,0.0,7.686662924381437,6.883291892535763,1.0,0.16666666666666666,6.446418883642405,1.072865812182116,1.099961965477656,0.45,0.55,7,0.37742535645316416,-2.1512310068501876,-2.5286563633033516,2.714224388527312,9.265842735505636,-4.485899837915129,4.779942897590506,-1.9440891479359041,1.119964719260235,1.272672473875479,3.2167616218113833,36.644317932129795,0.06900541491826273,4.0,5.0,0.8421052631578947,0.15789473684210525,2.3346688310649415,6.931173904440694,2.9817769377133287,3.0204569438052054,0.7777777777777778,0.5555555555555556,1.0646563467159504,1.1926517307041906,1.0992935385780314,0.5,0.5,-0.42411679626459253,-5.133602761373613,-7.6622591246769645,-0.13347691964646913,98,0.02442002442002442,0.2857142857142857
85b4f862-d881-4a79-8c5d-3e927b486b71,frontierscience,deepseek-ai/DeepSeek-R1-Distill-Qwen-32B_reasoning-auto,chemistry,,deepseek-ai/DeepSeek-R1-Distill-Qwen-32B,0,is_correct,False,,,True,,,,79,2.760154239790361,-4.691784710107675,-7.451938949898036,2.4213217153730677,9.188884037267353,-4.691784710107675,4.497099327159678,0.08598943184103451,0.5024202153976721,-0.4921353983655785,-0.578124830206613,59.11363776427592,0.12606124799176982,12,9,0.47368421052631576,1.0,0.0,9.188884037267353,6.958067894736573,5.234769583383503,0.4444444444444444,0.0,5.369697325185974,1.0434235622312529,0.9851208052073789,0.55,0.45,7,4.7102884217581416,2.6495988056782216,-2.06068961607992,2.240145027294114,8.792103776682934,-4.081815354924792,4.7102884217581416,-0.6725534584094375,0.1911139589956846,-0.7295288695324403,-0.05697541112300286,24.734585984046895,0.0833120723107719,3.0,4.0,0.0,0.15789473684210525,6.7314141606030145,2.06068961607992,1.6428347422147116,2.9307012588943113,1.0,0.0,0.586365307094213,0.7782122245270393,1.165574710181585,0.45,0.55,-0.027637069087007183,9.374436062778809,7.3137464466988895,-0.7905485808859645,86,0.028237585199610515,0.2857142857142857
4842f95d-b84a-4ff4-8165-64fc7bfcf00d,frontierscience,deepseek-ai/DeepSeek-R1-Distill-Qwen-32B_reasoning-auto,chemistry,,deepseek-ai/DeepSeek-R1-Distill-Qwen-32B,0,is_correct,False,,,True,,,,163,2.806242213560461,0.22244313293346524,-2.5837990806269957,2.530262002195909,8.565901069430105,-3.8795770965531133,4.68632397287699,1.6620893216195642,0.919900261327909,-1.8901827663432513,-3.5522720879628156,62.481735943287696,0.04135286962852972,15,10,0.10526315789473684,0.7894736842105263,4.102020229486579,4.463880839943525,4.966506913496711,7.231907940830659,0.16666666666666666,0.1111111111111111,6.199564793779295,1.2395603356313867,0.9029188115027464,0.55,0.45,5,1.6047228746756645,-2.952809723029874,-4.5575325977055385,2.090508980959745,7.266121361098762,-2.952809723029874,4.313311638068887,-0.9189917631444177,0.5038846269209004,0.8981779720186417,1.8171697351630594,18.70605041710314,0.24363949075741495,2.0,3.0,0.7368421052631579,1.0,0.0,7.266121361098762,1.031143693070375,1.5839804809192342,0.5555555555555556,1.0,0.25521252602859756,0.9457202283360369,0.8215543344086752,0.5,0.5,0.46694413114269967,1.8492238728848989,-2.7083087248206397,-2.8056359582569073,168,0.012951601908657124,0.4
8b695bb3-ea3c-4372-9222-9f0b79a68b6c,frontierscience,deepseek-ai/DeepSeek-R1-Distill-Qwen-32B_reasoning-auto,biology,,deepseek-ai/DeepSeek-R1-Distill-Qwen-32B,1,is_correct,True,,,True,,,,11,4.909109190925564,-3.1784303308423656,-8.08753952176793,3.647513054612281,13.038155634364308,-6.364920975560621,6.673234658803687,0.0057125973558895815,0.05184013413812354,-0.18859600148569458,-0.19430859884158416,48.411134483865084,0.1670594917469538,4,5,0.631578947368421,0.42105263157894735,3.1864906447182557,9.851664989646054,6.501019806566889,5.837121137120311,0.5555555555555556,0.3333333333333333,2.383719642396061,1.486486083225253,1.522921427648057,0.5,0.5,2,3.691737718197949,-3.691737718197949,-7.383475436395898,2.2407998062223675,7.383475436395898,-3.691737718197949,3.691737718197949,2.52592580718807,-0.19430198516831293,-2.7202277923563827,-5.246153599544453,7.383475436395898,1.0,0.0,1.0,0.0,1.0,0.0,7.383475436395898,-0.38860397033662597,0.38860397033662686,0.0,0.7777777777777778,3.20731096002823e-16,0.9715099258415656,0.9715099258415656,0.5,0.5,1.3653642546520095,8.235532303692324,0.8520568672964259,-7.029111572894607,13,0.36363636363636365,1.0
0949d931-d0ad-4146-86e7-ef725919e3de,frontierscience,deepseek-ai/DeepSeek-R1-Distill-Qwen-32B_reasoning-auto,chemistry,,deepseek-ai/DeepSeek-R1-Distill-Qwen-32B,0,is_correct,False,,,True,,,,74,0.11255173346704128,4.8742850119531465,4.761733278486105,2.5007092628996888,9.166685231997837,-4.292400220044691,4.8742850119531465,-0.38133504390577105,-1.7372248737022253,0.9563435174570207,1.3376785613627917,60.97370089623709,0.07809487055065685,14,12,1.0,0.6842105263157895,9.166685231997837,0.0,8.544572645857077,7.903353515260257,1.0,0.6666666666666666,5.725751964452273,0.7967991583838641,1.251392074309557,0.4,0.6,2,1.4350288120633543,-1.4350288120633543,-2.8700576241267086,0.8710294526461425,2.8700576241267086,-1.4350288120633543,1.4350288120633543,0.9818618187801899,-0.07552783221386068,-1.0573896509940506,-2.0392514697742405,2.8700576241267086,1.0,0.0,1.0,0.0,1.0,0.0,2.8700576241267086,-0.15105566442772123,0.1510556644277219,0.6666666666666666,0.7222222222222222,1.7270135938613546e-16,0.3776391610693038,0.3776391610693038,0.5,0.5,-1.3785235805347669,-4.817779780424559,-7.687837404551267,-8.673799842800591,76,0.030729359496482783,1.0
1e2f4cbe-4a38-4dd3-9378-14df40f7599f,frontierscience,deepseek-ai/DeepSeek-R1-Distill-Qwen-32B_reasoning-auto,physics,,deepseek-ai/DeepSeek-R1-Distill-Qwen-32B,0,is_correct,False,,,True,,,,333,2.543743637976313,0.011285963739539127,-2.532457674236774,2.3762466996156717,8.590311171311008,-4.209498948657142,4.380812222653866,0.8042507189427718,0.4516362371924116,-0.3521463026187017,-1.1563970215614736,55.34733814356603,0.04575572663797862,14,6,0.10526315789473684,0.6842105263157895,4.220784912396681,4.369526258914327,6.3461602447649295,7.669811964752361,0.6111111111111112,0.6666666666666666,5.718195749464526,1.1397477339402657,0.805831190078562,0.5,0.5,6,2.2508243667975356,-3.216789299882008,-5.467613666679544,2.417819217129308,7.89335600599225,-4.182798998398087,3.710557007594163,1.1341385840829852,0.09095613497209516,-1.2089693804748192,-2.343107964557804,21.254325678664042,0.257247101100373,2.0,3.0,0.631578947368421,0.42105263157894735,0.9660096985160789,6.927346307476171,2.545321595321983,1.9061144744019396,0.5555555555555556,0.2777777777777778,0.590472578182361,1.101206924061513,1.0351145865346807,0.5,0.5,0.45211466179466253,2.691653064852659,-2.7759606018268848,-4.015839672159981,339,0.006186909801367633,0.3333333333333333
bb0539ef-d9fd-4215-bf16-b0eca44a8778,frontierscience,deepseek-ai/DeepSeek-R1-Distill-Qwen-32B_reasoning-auto,physics,,deepseek-ai/DeepSeek-R1-Distill-Qwen-32B,1,is_correct,True,,,True,,,,357,2.7786080733919047,5.009399132758866,2.2307910593669615,2.469338049667934,9.033299322075825,-4.023900189316959,5.009399132758866,0.3096464213814133,0.8230209439520194,-0.19960485389751273,-0.509251275278926,49.05415337139684,0.04547608930231219,9,8,1.0,0.5789473684210527,9.033299322075825,0.0,7.683353614364485,3.663113643149255,0.6111111111111112,0.4444444444444444,4.068675873070686,1.1779689238315771,0.8414168021341297,0.5,0.5,7,-1.9962999199105083,2.8691799785275522,4.8654798984380605,2.1572725011997087,8.279859674515091,-4.040153006946343,4.239706667568749,-1.1144981286675555,1.4179302326958243,-0.5071409737552702,0.6073571549122853,25.382025694780772,0.1916899760856571,4.0,3.0,0.631578947368421,0.8421052631578947,6.909332985473895,1.3705266890411965,2.303110995157967,3.055166209969247,0.9444444444444444,0.7222222222222222,0.7544617160842977,0.8519118298012307,0.8978528855179178,0.4,0.6,-0.3500330931153895,-7.3557321457847635,-2.490252247346703,-4.842302940443862,364,0.005759607213671985,0.2857142857142857
69bd11e8-5f96-45dc-8123-b9d800101430,frontierscience,deepseek-ai/DeepSeek-R1-Distill-Qwen-32B_reasoning-auto,physics,,deepseek-ai/DeepSeek-R1-Distill-Qwen-32B,0,is_correct,False,,,True,,,,421,2.78069232692198,-4.674034035254898,-7.454726362176878,2.5473086060237837,8.579247711760305,-4.674034035254898,3.9052136765054066,-0.93360619416276,0.037820683869947525,-0.3830676834175663,0.5505385107451937,50.47754909940278,0.147684000019428,10,9,0.5789473684210527,1.0,0.0,8.579247711760305,6.175948744189388,7.324721599362688,0.5,0.4444444444444444,4.6420915507101554,0.9063879483846659,1.3348331820124202,0.45,0.55,2,3.657027482415847,-3.657027482415847,-7.314054964831694,2.2197314921785325,7.314054964831694,-3.657027482415847,3.657027482415847,2.502176698495053,-0.19247513065346547,-2.694651829148519,-5.1968285276435715,7.314054964831694,1.0,0.0,1.0,0.0,1.0,0.0,7.314054964831694,-0.38495026130693066,0.384950261306932,0.6111111111111112,0.5555555555555556,4.6876083261951055e-16,0.9623756532673283,0.962375653267328,0.5,0.5,1.1333342870210488,9.464395804691794,2.1503408398600996,-2.892446345953953,423,0.004863703200995362,1.0
ee749fc0-8faa-45f7-881b-b5703b1a4b01,frontierscience,deepseek-ai/DeepSeek-R1-Distill-Qwen-32B_reasoning-auto,chemistry,,deepseek-ai/DeepSeek-R1-Distill-Qwen-32B,0,is_correct,False,,,True,,,,194,-0.13961731945964947,5.029109337724584,5.168726657184234,2.5727287292299605,9.94854629096808,-4.919436953243496,5.029109337724584,-0.6901603242957808,0.1531214906339333,2.1596342095022325,2.849794533798013,59.234578260155516,0.08725860483860333,11,11,1.0,0.3157894736842105,9.94854629096808,0.0,9.431750976053365,6.654746011519956,0.3333333333333333,0.3888888888888889,5.3343424039914895,1.2313538652092353,0.7714271941402121,0.4,0.6,5,0.7388439098575589,3.2795667571397273,2.5407228472821686,2.090166855854535,7.424245587662909,-4.144678830523182,3.2795667571397273,0.23497482217621782,-2.7819553817386997,1.7377547462886402,1.5027799241124224,12.307768328043649,0.20643245627991302,1.0,2.0,1.0,0.47368421052631576,7.424245587662909,0.0,1.0628862416599887,1.0359742082114836,0.5555555555555556,0.2777777777777778,0.1937429108118523,0.6554445218265673,1.025561293786844,0.55,0.45,-0.521227231379564,-4.811492659246589,-2.2707698119644206,-3.004336969014531,199,0.010843437850542172,0.4
90ddb7c3-4bf1-43b6-820a-c89f3858781a,frontierscience,deepseek-ai/DeepSeek-R1-Distill-Qwen-32B_reasoning-auto,biology,,deepseek-ai/DeepSeek-R1-Distill-Qwen-32B,0,is_correct,False,,,True,,,,84,2.4896213339892586,4.760062017273287,2.2704406832840287,2.1651338573187062,7.328922221761179,-2.5688602044878914,4.760062017273287,1.2896480195522955,-0.33582097333982613,0.3186073543422645,-0.971040665210031,47.039406901876845,0.04826677955400495,12,10,1.0,0.6842105263157895,7.328922221761179,0.0,5.861888631972125,4.129925962317578,1.0,0.3333333333333333,4.250770404671528,1.1006927730789413,0.6712711006018975,0.5,0.5,2,-1.1107734836364287,1.1107734836364287,2.2215469672728574,0.674213933080929,2.2215469672728574,-1.1107734836364287,1.1107734836364287,-0.760002909856504,0.05846176229665412,0.818464672153158,1.578467582009662,2.2215469672728574,1.0,0.0,1.0,1.0,0.0,2.2215469672728574,0.0,0.11692352459330846,0.0,0.5555555555555556,0.6111111111111112,1.4802973661668753e-16,0.2923088114832707,0.2923088114832707,0.5,0.5,-1.2740657529904496,-7.144901253900166,-4.923354286627308,-9.359654611551605,86,0.02667814113597246,1.0
cc251e69-6a32-4ed7-9315-beee80404866,frontierscience,deepseek-ai/DeepSeek-R1-Distill-Qwen-32B_reasoning-auto,chemistry,,deepseek-ai/DeepSeek-R1-Distill-Qwen-32B,0,is_correct,False,,,True,,,,312,2.5209551593953696,4.92297169479929,2.40201653540392,2.3413920452093855,9.057103042610343,-4.134131347811053,4.92297169479929,0.15681576571070696,0.8632272655384116,0.4832802472604612,0.32646448154975427,57.469585522375105,0.04179630866606343,11,12,1.0,0.7368421052631579,9.057103042610343,0.0,7.202647750997859,5.994235464335498,1.0,0.7222222222222222,5.0691833236388275,1.2094757102301013,0.7074765751147714,0.65,0.35,6,-1.923243798329495,-2.0813498147686293,-0.15810601643913436,2.0997524379067363,7.265937959867962,-2.0813498147686293,5.184588145099332,-0.8660337619229252,-0.15599870827116868,2.1056995831260146,2.97173334504894,18.223976828090738,0.008675714303775187,3.0,4.0,0.7894736842105263,1.0,0.0,7.265937959867962,1.2892423008486285,1.9799437947467626,0.7222222222222222,0.9444444444444444,0.3521170103462947,0.9525867885420137,0.6785882781721422,0.4,0.6,-0.4316188162772222,-7.277834309406007,-7.4359403258451415,-2.7177522640737664,318,0.006616373979718032,0.3333333333333333
422512ca-5a0c-4a23-b987-7fa2eb2024e6,frontierscience,deepseek-ai/DeepSeek-R1-Distill-Qwen-32B_reasoning-auto,physics,,deepseek-ai/DeepSeek-R1-Distill-Qwen-32B,1,is_correct,True,,,True,,,,118,-0.00020759087795876546,0.17690182554040565,0.17710941641836442,2.3657926171985384,8.387038486711797,-4.2147859202579525,4.172252566453844,0.5871247235969835,-1.1233237622156735,-1.128919004440197,-1.7160437280371807,49.18112151905837,0.003601166686484204,12,7,0.6842105263157895,0.631578947368421,4.391687745798358,3.9953507409134383,8.387038486711797,5.977938470252106,0.6666666666666666,0.7222222222222222,4.777438500171756,0.7249475903697131,1.2512929552183139,0.35,0.65,2,-0.016124611615577322,0.016124611615577322,0.032249223231154645,0.009787268040600065,0.032249223231154645,-0.016124611615577322,0.016124611615577322,-0.011032629000131853,0.0008486637692409108,0.011881292769372762,0.022913921769504617,0.032249223231154645,1.0,0.0,1.0,1.0,0.0,0.032249223231154645,0.0,0.001697327538481827,0.0,0.5555555555555556,0.6111111111111112,2.3129646346357427e-18,0.004243318846204558,0.004243318846204559,0.5,0.5,0.010002076840387317,-0.18302436031559566,-0.150775137084441,-13.18279130700013,120,0.01839779805881501,1.0
516da073-8d2a-4db5-a739-c752655ec14c,frontierscience,deepseek-ai/DeepSeek-R1-Distill-Qwen-32B_reasoning-auto,physics,,deepseek-ai/DeepSeek-R1-Distill-Qwen-32B,1,is_correct,True,,,True,,,,113,-0.042327302355796695,-0.040851417890059485,0.0014758844657372094,1.963407292487133,6.7055417223024945,-2.9163449201326443,3.78919680216985,0.6422346464093839,-0.3058546099666887,-0.6590483412842912,-1.3012829876936751,47.57992435959922,3.101905868077427e-05,11,8,0.42105263157894735,0.631578947368421,2.875493502242585,3.8300482200599095,6.011122128861925,6.5971907262433875,0.3888888888888889,0.6111111111111112,4.3922185080049605,0.7718882233948657,0.85186971302521,0.4,0.6,9,5.426920307824129,-2.369636971859945,-7.796557279684073,2.6793293295437035,11.616390710537821,-6.1894704027136935,5.426920307824129,1.3604496625485325,-2.6786012801638415,1.1090815837362242,-0.25136807881230827,28.883741373841254,0.2699289257154572,4.0,3.0,0.0,0.631578947368421,3.8198334308537487,7.796557279684073,3.936517814719214,2.7268772261830136,0.7222222222222222,0.5555555555555556,1.1773955192605683,0.9999763744819467,1.1286049655264372,0.45,0.55,-0.31259569986861435,5.155176025845574,-2.6413812538384995,1.8931729569534141,122,0.01801517067003793,0.2222222222222222
710c1336-0995-4d45-bfea-48ff475f255f,frontierscience,deepseek-ai/DeepSeek-R1-Distill-Qwen-32B_reasoning-auto,physics,,deepseek-ai/DeepSeek-R1-Distill-Qwen-32B,0,is_correct,False,,,True,,,,97,2.5258551462878795,0.023615724070362405,-2.5022394222175173,1.938553832524721,6.606324400243064,-3.743170600066515,2.86315380017655,-0.04827076850859391,-0.18173632485029093,-1.9446935418729618,-1.896422773364368,40.440640586162125,0.061874376517016084,13,6,0.5789473684210527,0.8947368421052632,3.766786324136877,2.8395380761061877,5.481676223388375,4.929326406626522,0.5555555555555556,0.0,3.444241969116496,0.5491288219634882,1.2130393672009865,0.4,0.6,5,4.397991153313177,-3.1436626818800186,-7.541653835193195,2.4343284810502266,9.28449055108073,-4.886499397767554,4.397991153313177,-0.9440297069161667,1.0058445601209043,-0.4572181752314956,0.4868115316846711,21.402827140803385,0.35236717960569897,2.0,3.0,0.0,0.2631578947368421,1.742836715887535,7.541653835193195,1.522387619310476,2.034755253875442,0.3333333333333333,0.1111111111111111,0.3429234557107643,0.9850042090750636,1.1005344630228542,0.55,0.45,0.5282778391604208,4.902653268403235,-2.63900056678996,-0.6184174208697932,102,0.02276632302405498,0.4
328c6a47-15d7-470e-99f5-73e468634614,frontierscience,deepseek-ai/DeepSeek-R1-Distill-Qwen-32B_reasoning-auto,physics,,deepseek-ai/DeepSeek-R1-Distill-Qwen-32B,0,is_correct,False,,,True,,,,245,2.665227664469592,-2.340451747446524,-5.005679411916116,2.0627149747602465,6.490463774784968,-2.443700466003561,4.046763308781407,-0.783442334409666,0.03976721171878138,0.41771897126084073,1.2011613056705068,39.644919987241444,0.126262820394821,8,9,0.3684210526315789,0.2631578947368421,0.10324871855703677,6.387215056227931,6.484847971691165,4.896533363685812,0.3333333333333333,1.0,2.9908568683306234,0.8076591228196796,0.9426297243832369,0.5,0.5,4,4.2010071857496865,-3.1263698582853525,-7.327377044035039,2.660449167207776,8.966385985477427,-4.76537879972774,4.2010071857496865,-0.28218580698902684,0.08284988693583749,-0.2387735877731787,0.04341221921584815,24.46585702537825,0.2994939861062053,2.0,3.0,0.0,0.3157894736842105,1.6390089414423876,7.327377044035039,1.4924819023403133,1.4943976642462378,0.5555555555555556,0.0,0.31302222095176335,1.0754627424195742,1.2168623907701441,0.5,0.5,0.6113522071631576,7.152811140359368,-0.1745659036756706,-0.9142822255692202,249,0.008497825359652057,0.5
af36a1cb-5949-4385-93a0-1f875500c34a,frontierscience,deepseek-ai/DeepSeek-R1-Distill-Qwen-32B_reasoning-auto,biology,,deepseek-ai/DeepSeek-R1-Distill-Qwen-32B,0,is_correct,False,,,True,,,,19,2.2355813671222258,2.021406843670494,-0.2141745234517316,2.2816186009512753,8.027353837065693,-5.00900874763444,3.0183450894312536,-0.8534700266115721,0.827299340097095,0.030532467600224766,0.8840024942117969,53.30696303244403,0.00401775886803717,13,10,0.8421052631578947,0.05263157894736842,7.030415591304934,0.9969382457607594,4.609440836049165,7.6630009089059845,0.3333333333333333,0.8888888888888888,4.5688826635235,0.9364491198857083,0.9364491198857078,0.6,0.4,4,-5.357663040858027,1.0596279139815667,6.4172909548395936,2.5102292276081237,10.250489685265263,-5.357663040858027,4.892826644407236,-0.2324181982253956,1.6924127304144403,0.18177617160245596,0.41419436982785157,18.297376779110664,0.3507219112504663,2.0,3.0,0.3157894736842105,0.0,6.4172909548395936,3.8331987304256696,1.7084149475442114,1.0462991779422355,0.2777777777777778,0.5555555555555556,0.23067522224335177,1.252286916342611,0.6867559785957082,0.6,0.4,-1.4495236872160275,-8.828593571744548,-2.4113026169049547,0.723291266316231,23,0.14035087719298245,0.5
953ba4b1-94ae-42ac-9621-408386bc382b,frontierscience,deepseek-ai/DeepSeek-R1-Distill-Qwen-32B_reasoning-auto,physics,,deepseek-ai/DeepSeek-R1-Distill-Qwen-32B,1,is_correct,True,,,True,,,,32,-2.5428716932092854,4.592256150655857,7.135127843865142,2.886901422334771,9.253257347189404,-4.661001196533548,4.592256150655857,0.07948593492631087,-1.0039263066994202,0.650873154275849,0.5713872193495382,84.36019603597605,0.08457931796201983,16,15,1.0,0.9473684210526315,9.253257347189404,0.0,9.253257347189404,7.336982369011045,1.0,0.05555555555555555,7.989775798663256,1.1751017419620522,1.3033939257998859,0.5,0.5,2,-3.658130072872078,3.658130072872078,7.316260145744156,2.220400739202362,7.316260145744156,-3.658130072872078,3.658130072872078,-2.5029311024914214,0.19253316173010923,2.695464264221531,5.198395366712953,7.316260145744156,1.0,0.0,1.0,1.0,0.0,7.316260145744156,0.0,0.38506632346021963,0.0,0.7222222222222222,0.6666666666666666,3.9474596431116675e-16,0.9626658086505466,0.9626658086505469,0.5,0.5,-1.1916941507077023,-9.442080374235637,-2.125820228491481,-3.1003547474886552,34,0.08266129032258064,1.0
6646019d-bda1-4b1c-83ac-7953e853effd,frontierscience,deepseek-ai/DeepSeek-R1-Distill-Qwen-32B_reasoning-auto,physics,,deepseek-ai/DeepSeek-R1-Distill-Qwen-32B,1,is_correct,True,,,True,,,,440,-0.0033391606228137857,5.13864025721528,5.141979417838094,2.0406356511156556,8.858346037542098,-3.7197057803268176,5.13864025721528,-0.30535444938637607,-0.9812714760017666,1.603655591030684,1.90901004041706,43.79141448163748,0.11741980656948675,16,11,1.0,0.631578947368421,8.858346037542098,0.0,6.271568073075942,4.512944952689705,0.6666666666666666,0.6111111111111112,4.573448466254419,0.7835376201971762,0.7527600167738211,0.45,0.55,5,0.5424563071324855,-2.1120344621868314,-2.6544907693193167,2.3455816937136156,7.1597735432488525,-4.08749022670267,3.0722833165461827,-2.0667029554633247,1.9885682376793585,0.5730452008085053,2.63974815627183,16.974037855817024,0.15638534518818806,2.0,3.0,0.7368421052631579,0.2631578947368421,1.9754557645158384,5.184317778733014,1.5686275237665859,1.0926160199239012,0.2777777777777778,0.9444444444444444,0.2937308887157649,1.0991196629679143,0.954553253949751,0.55,0.45,-0.5351175531807132,-5.131301503263508,-7.785792272582825,-3.541999015785226,445,0.0046489956512735554,0.4
fbec81f3-a103-43e1-b4a8-bb2487cc24e8,frontierscience,deepseek-ai/DeepSeek-R1-Distill-Qwen-32B_reasoning-auto,chemistry,,deepseek-ai/DeepSeek-R1-Distill-Qwen-32B,1,is_correct,True,,,True,,,,165,-0.01911157608247358,2.5503542670314654,2.5694658431139388,1.8673539160227197,7.516712310506765,-3.523375627628772,3.993336682877993,0.298094696112654,-0.29335019771571763,0.8700972430304367,0.5720025469177827,35.82243576886378,0.07172783726078372,10,9,0.6842105263157895,0.5263157894736842,6.073729894660238,1.4429824158465276,4.399733502084583,3.7251602860155426,0.6666666666666666,0.4444444444444444,3.2089885183541496,0.8575116696740805,0.5948219223260217,0.65,0.35,15,2.460143562503949,2.495246822877467,0.03510326037351774,2.5466387357430067,7.900228125469862,-4.200953118645452,3.699275006824411,0.03152929605748955,-0.08568947935967351,0.027204944899946515,-0.004324351157543038,71.03261795297199,0.000494185085459729,11.0,12.0,0.5789473684210527,0.21052631578947367,6.696199941522918,1.204028183946944,6.907203418096682,6.900593339612074,0.3888888888888889,0.16666666666666666,6.500593375278302,1.1012836332826987,1.1120782139684793,0.5,0.5,-0.0003949040234179618,-0.09060560855093414,-0.055502348177416394,-0.46818109982849876,180,0.012860310421286032,0.13333333333333333
50f7d1e4-51bd-4013-a570-a02988ca3aa2,frontierscience,deepseek-ai/DeepSeek-R1-Distill-Qwen-32B_reasoning-auto,chemistry,,deepseek-ai/DeepSeek-R1-Distill-Qwen-32B,1,is_correct,True,,,True,,,,286,2.536657534669742,-4.751777550457661,-7.288435085127404,3.263527390591135,9.683585558697239,-4.751777550457661,4.931808008239577,1.7470646896945872,1.1113430907339652,-1.938804806187214,-3.6858694958818012,47.7635485775163,0.15259408695940743,12,9,0.3684210526315789,1.0,0.0,9.683585558697239,4.911903334072171,7.157739685008509,0.7777777777777778,0.3888888888888889,4.384804947877862,1.615535368782253,1.1967340874884238,0.55,0.45,12,4.728622000690642,2.330507386194537,-2.3981146144961047,2.5646210922068526,9.358613831639367,-4.6299918309487245,4.728622000690642,0.46564037035322964,-0.28739133775654746,-0.5756875149105091,-1.0413278852637387,53.89438089280644,0.044496561139942395,7.0,8.0,0.0,0.3684210526315789,6.960499217143262,2.3981146144961047,5.557153756440113,5.478210484551386,0.3888888888888889,0.8888888888888888,4.14638550626846,1.0006456968595419,1.1109647899238557,0.45,0.55,0.20615014560462305,9.686549696752927,7.288435082256822,-0.31617103545540814,298,0.007238375659428291,0.16666666666666666
94c55a69-1e8d-4934-ae59-2cf0401e1b01,frontierscience,deepseek-ai/DeepSeek-R1-Distill-Qwen-32B_reasoning-auto,physics,,deepseek-ai/DeepSeek-R1-Distill-Qwen-32B,1,is_correct,True,,,True,,,,257,-0.12989467675844024,4.68222959290599,4.81212426966443,2.4445217514606448,9.001263946130216,-4.319034353224226,4.68222959290599,-0.24797100225558807,0.6997520309798405,1.3179609349552306,1.5659319372108187,64.29347649892622,0.07484622906874228,12,11,1.0,0.10526315789473684,9.001263946130216,0.0,7.002335011716552,5.511543394023141,1.0,0.2777777777777778,6.0515092220802655,1.3436336703622873,0.7901220298222296,0.7,0.3,4,-4.057152619296356,-2.1705239991925387,1.8866286201038172,2.559496536244582,9.079948753337394,-4.057152619296356,5.022796134041038,0.4828217573723415,2.7474807761007405,-1.0372491756796065,-1.520070933051948,16.27326888657097,0.1159342129263716,1.0,2.0,0.3157894736842105,0.0,1.8866286201038172,7.193320133233577,1.5133247922228996,0.762126133327651,0.16666666666666666,0.5555555555555556,0.1435703960818351,1.5169813431682635,0.6975502091565667,0.6,0.4,-0.613414094841589,-9.352796307043935,-7.466167686940118,-2.175085689752624,261,0.008086089494163425,0.5
eeb31abb-41cb-4fe6-9864-f98fdcef338d,frontierscience,deepseek-ai/DeepSeek-R1-Distill-Qwen-32B_reasoning-auto,biology,,deepseek-ai/DeepSeek-R1-Distill-Qwen-32B,0,is_correct,False,,,True,,,,8,-0.10716102685457995,-1.8503108896372633,-1.7431498627826834,2.7723956777238863,9.616088427494784,-5.195245164361102,4.420843263133682,0.7284551788076689,-1.018490842100141,0.589783434605382,-0.1386717442022869,28.931221677694396,0.060251512438779235,3,4,0.42105263157894735,0.5789473684210527,3.344934274723839,6.271154152770945,3.2955850935363067,3.6131170114917017,0.7777777777777778,0.5,1.005783949534361,1.1429844878993145,1.0675619396700649,0.55,0.45,2,-2.4290187376696686,2.4290187376696686,4.858037475339337,1.4743584545159838,4.858037475339337,-2.4290187376696686,2.4290187376696686,-1.6619601889318785,0.12784309145629816,1.7898032803881767,3.4517634693200554,4.858037475339337,1.0,0.0,1.0,1.0,0.0,4.858037475339337,0.0,0.2556861829125969,0.0,0.0,0.8888888888888888,2.9605947323337506e-16,0.6392154572814915,0.6392154572814917,0.5,0.5,-0.3123029157936119,-0.8910107638260172,3.96702671151332,-5.208615873076376,10,0.5,1.0
19962a30-eaf9-4b7e-86c7-17c02cdb01bd,frontierscience,deepseek-ai/DeepSeek-R1-Distill-Qwen-32B_reasoning-auto,physics,,deepseek-ai/DeepSeek-R1-Distill-Qwen-32B,0,is_correct,False,,,True,,,,127,-2.521259363694745,2.449363646334871,4.970623010029616,2.612349606281876,8.343855050511522,-4.291473465088772,4.052381585422749,0.17160684577466348,-1.0562152913372196,0.04266326912410608,-0.1289435766505574,67.39511151315132,0.07375346517617469,10,11,0.15789473684210525,0.42105263157894735,6.740837111423643,1.603017939087878,7.849073225001344,6.345735398094527,0.1111111111111111,0.3888888888888889,5.810495816934901,0.9639181753928943,1.260732150602557,0.5,0.5,4,2.475398674919738,-2.511202523719888,-4.986601198639626,2.5123012776661247,8.787244519246217,-4.377604748317777,4.40963977092844,-0.9511030366990196,0.6452930453326983,0.37248176571691527,1.323584802415935,22.561090237132063,0.22102660581679037,2.0,3.0,0.6842105263157895,0.3157894736842105,1.8664022245978895,6.9208422946483275,1.508282868985245,1.1534737157747221,0.5555555555555556,0.7222222222222222,0.2951225939417484,1.077919489291985,1.073208456555123,0.5,0.5,-0.024933018502635816,0.0011020100822314305,-4.9854991885573945,-0.7514313746520784,131,0.0169978752655918,0.5
8f121749-9809-45f1-bcb8-7118ccb5d4cc,frontierscience,deepseek-ai/DeepSeek-R1-Distill-Qwen-32B_reasoning-auto,chemistry,,deepseek-ai/DeepSeek-R1-Distill-Qwen-32B,0,is_correct,False,,,True,,,,240,2.660175323068532,2.4633777373414456,-0.1967975857270865,2.1585051260175225,6.2170849738357,-3.0242354294118705,3.1928495444238294,-0.40173264906655576,-0.5283691975168542,2.0719263280304925,2.473658977097048,38.34098291828278,0.005132825784527401,10,8,0.8947368421052632,0.5263157894736842,5.487613166753317,0.7294718070823838,4.944630611801366,6.002370651585159,0.16666666666666666,0.4444444444444444,3.4568261684613186,1.090645077999055,0.7946028258941006,0.55,0.45,10,2.578782215172514,-2.6425538614700725,-5.2213360766425865,1.8643797836540286,6.311723053862705,-3.732940838690191,2.578782215172514,0.30338670261799644,-0.6323914883358087,0.3894329207319725,0.08604621811397606,28.7770548881429,0.18144094650887815,6.0,5.0,0.0,0.5263157894736842,1.0903869772201187,5.2213360766425865,3.4887643923963108,2.416801480062781,0.6111111111111112,0.9444444444444444,1.2728516294313357,0.7651017770574506,0.763423575839093,0.6,0.4,-0.014416564607438254,0.10098791322362999,-5.1203481634189565,-2.9772721714927464,250,0.008682008368200838,0.2
b90fc8dc-2fca-4ff7-9c9f-a2e6a0ac7812,frontierscience,deepseek-ai/DeepSeek-R1-Distill-Qwen-32B_reasoning-auto,physics,,deepseek-ai/DeepSeek-R1-Distill-Qwen-32B,0,is_correct,False,,,True,,,,147,2.6857181964605545,-4.76845966476767,-7.454177861228224,2.5728983341442277,8.980847958200895,-4.76845966476767,4.212388293433225,0.21248714412104133,0.5741799316265784,-2.043654642465031,-2.2561417865860722,52.63763677459383,0.14161307987949168,10,7,0.15789473684210525,1.0,0.0,8.980847958200895,6.131629523253365,6.36128374174309,0.05555555555555555,0.0,4.433019205239088,0.9465278379585694,1.284290754186412,0.45,0.55,10,4.443770323268847,-0.2473765643920025,-4.6911468876608495,2.1959500106577816,8.871992703683233,-4.428222380414386,4.443770323268847,0.013444147528422221,0.4745196244079227,-0.9373957829500198,-0.9508399304784421,42.897106934821394,0.10935811813110519,7.0,7.0,0.0,0.10526315789473684,4.180845816022384,4.6911468876608495,4.49332130706516,4.435996351841617,0.3888888888888889,0.0,2.7157766386820814,0.812715327975474,0.9231467426827592,0.4,0.6,0.25190281937602976,9.464132807412547,4.772985919751697,-0.8075878150517113,157,0.01453732177802628,0.2
57390923-7cfd-4adf-8d0b-33c5791f6e51,frontierscience,deepseek-ai/DeepSeek-R1-Distill-Qwen-32B_reasoning-auto,chemistry,,deepseek-ai/DeepSeek-R1-Distill-Qwen-32B,0,is_correct,False,,,True,,,,379,2.523812965150851,2.575234416691563,0.05142145154071187,2.5690171709840137,8.760528667613677,-4.463325969800409,4.297202697813267,1.4382242419253835,-0.17320410425914481,-0.7345941796425451,-2.1728184215679285,58.53025116182948,0.000878544863895038,12,10,0.5263157894736842,0.47368421052631576,7.038560386491972,1.721968281121704,8.760528667613677,6.773176542467947,0.5,0.4444444444444444,5.0282458473299565,1.2271424522409269,1.0047636579505066,0.6,0.4,3,-1.4319912537962516,-1.776112117943569,-0.34412086414731746,1.458676434195741,4.739999983076228,-1.776112117943569,2.9638878651326586,0.03330178584671849,2.2945071351626862,-0.46447646276372917,-0.49777824861044767,9.135879102005138,0.0376669678205122,1.0,2.0,0.47368421052631576,1.0,0.0,4.739999983076228,0.4884310132143237,0.5246542620719366,0.2777777777777778,1.0,0.05628251529368141,1.014750364578595,0.3393601810544222,0.65,0.35,-0.895768195498613,-4.902993865986428,-5.247114730133745,-5.332889357476926,382,0.005416649216121511,0.6666666666666666
f7b49518-6e84-44e3-9480-4cf91d149702,frontierscience,deepseek-ai/DeepSeek-R1-Distill-Qwen-32B_reasoning-auto,biology,,deepseek-ai/DeepSeek-R1-Distill-Qwen-32B,0,is_correct,False,,,True,,,,100,-0.10862814800729445,-2.320490279476967,-2.2118621314696725,2.001600933003945,6.901667703451393,-3.7432929463895537,3.1583747570618392,-0.10003385017045062,-0.08423187096803142,0.3553034471135023,0.45533729728395295,43.954137558764806,0.05032204598514775,13,10,0.3157894736842105,0.47368421052631576,1.4228026669125868,5.4788650365388065,4.5351485852377476,6.349406408564207,0.5555555555555556,0.4444444444444444,4.014183530735955,0.8778392595428638,0.8357412278072818,0.5,0.5,2,3.7061299794484555,-3.7061299794484555,-7.412259958896911,2.249535577472384,7.412259958896911,-3.7061299794484555,3.7061299794484555,2.535773143833154,-0.19505947260254988,-2.7308326164357033,-5.266605760268858,7.412259958896911,1.0,0.0,1.0,0.0,1.0,0.0,7.412259958896911,-0.39011894520510015,0.39011894520510104,0.1111111111111111,0.16666666666666666,2.9605947323337506e-16,0.9752973630127515,0.9752973630127514,0.5,0.5,1.215627446780307,7.242247705705729,-0.17001225319118163,-3.9297071396011063,102,0.02202020202020202,1.0
f44b0903-1c29-44a5-9f9b-b6ccdd164e1c,frontierscience,deepseek-ai/DeepSeek-R1-Distill-Qwen-32B_reasoning-auto,chemistry,,deepseek-ai/DeepSeek-R1-Distill-Qwen-32B,0,is_correct,False,,,True,,,,222,-2.5305802444740606,-2.457331659378576,0.07324858509548449,2.5394123661487544,6.920533983041532,-2.5305802444740606,4.3899537385674705,0.7833507131120907,0.30738801457221915,0.4790912494609516,-0.3042594636511391,65.79568806874155,0.0011132733351607532,13,10,0.8421052631578947,0.0,0.07324858509548449,6.847285397946047,5.796626356069369,6.272506059973275,0.7222222222222222,0.8888888888888888,6.485075104983621,1.3858813344160181,0.8603954048882239,0.45,0.55,2,-2.5955285073987273,2.5955285073987273,5.191057014797455,1.5754260514646463,5.191057014797455,-2.5955285073987273,2.5955285073987273,-1.775887926114919,0.13660676354730134,1.9124946896622197,3.6883826157771384,5.191057014797455,1.0,0.0,1.0,1.0,0.0,5.191057014797455,0.0,0.27321352709460367,0.0,0.7777777777777778,0.8333333333333334,4.934324553889585e-16,0.6830338177365072,0.6830338177365072,0.5,0.5,0.042789817272162536,-0.09540703074798884,5.095649984049466,-5.112953944263133,224,0.009416656475480005,1.0
70929247-a356-4a12-8534-49fd885f0c3e,frontierscience,deepseek-ai/DeepSeek-R1-Distill-Qwen-32B_reasoning-auto,physics,,deepseek-ai/DeepSeek-R1-Distill-Qwen-32B,0,is_correct,False,,,True,,,,314,-2.4948875613077774,-4.677872336854303,-2.182984775546526,2.7237119120040463,8.880296921552885,-4.677872336854303,4.202424584698582,1.355043730076803,-0.8921054611802596,-0.015303180747174702,-1.3703469108239776,59.468023659315705,0.03670854757260056,11,10,0.10526315789473684,1.0,0.0,8.880296921552885,5.326992032779682,6.77372427060607,0.4444444444444444,0.3333333333333333,5.164709770976739,1.1969836601002966,1.0395462202106587,0.5,0.5,5,4.219977600499561,-0.5921855576336696,-4.812163158133231,2.419199776480469,8.865371735596268,-4.645394135096707,4.219977600499561,-0.8442935623804085,1.3290279873906503,-1.6793192984795466,-0.8350257360991381,25.00083481335593,0.19248009892703585,3.0,3.0,0.0,0.2631578947368421,4.053208577463037,4.812163158133231,1.9945478570525452,1.9713702526019805,0.2777777777777778,0.16666666666666666,0.524230020151367,0.8819586983047412,1.2160974390950208,0.4,0.6,0.4769608889814057,9.37481082633527,4.56264766820204,-0.8433469385208028,319,0.00657292281394355,0.4
b36273bb-c098-4037-90cc-cfd05cbe5bb9,frontierscience,deepseek-ai/DeepSeek-R1-Distill-Qwen-32B_reasoning-auto,chemistry,,deepseek-ai/DeepSeek-R1-Distill-Qwen-32B,0,is_correct,False,,,True,,,,153,2.507554847189175,4.90069773781657,2.3931428906273946,3.6216480995706,9.931236097619472,-4.808502177434514,5.122733920184958,1.0289164245579976,-0.6716747594474229,-0.06391068947387317,-1.0928271140318708,94.20720661830148,0.025402970500162166,11,12,0.5263157894736842,0.05263157894736842,9.709199915251084,0.22203618236838807,9.81036127852354,9.404894867522195,0.5,0.8888888888888888,7.852190323293197,1.5879754202329401,1.4821140442864007,0.45,0.55,3,-4.006331507964368,0.8912267785014242,4.897558286465792,2.0506400382099153,7.004390029481968,-4.006331507964368,2.9980585215176005,-1.757456906671533,2.3656688395965513,1.47645781822814,3.233914724899673,9.111221772498144,0.5375303563841322,1.0,1.0,0.5263157894736842,0.0,4.897558286465792,2.1068317430161763,0.7496248670976122,0.23409241589068663,0.3888888888888889,1.0,0.05465096016601687,1.2954923240583,0.6396808020661016,0.7,0.3,-0.7907585763575423,-9.69778782213848,-4.800229535672688,-3.171637109854448,156,0.01393188854489164,0.6666666666666666
fcbd76ad-1b45-4f40-ad9d-d2bc5016f02c,frontierscience,deepseek-ai/DeepSeek-R1-Distill-Qwen-32B_reasoning-auto,biology,,deepseek-ai/DeepSeek-R1-Distill-Qwen-32B,0,is_correct,False,,,True,,,,16,2.4033719951466375,5.210278941933522,2.8069069467868846,3.2147510525455316,12.654123330545033,-5.572804397186216,7.081318933358818,-2.069863919298547,-0.3587641920088259,2.9620689325308867,5.031932851829433,48.94717465293125,0.05734563775518737,7,6,0.7368421052631579,0.21052631578947367,10.783083339119738,1.8710399914252962,8.689923192297636,5.874901106941163,0.7222222222222222,0.0,4.115147164351786,1.3767942784060465,1.338193437604361,0.4,0.6,2,-1.10081225148177,1.10081225148177,2.20162450296354,0.6681676944838948,2.20162450296354,-1.10081225148177,1.10081225148177,-0.7531873299612111,0.057937486920093074,0.811124816881304,1.5643121468425152,2.20162450296354,1.0,0.0,1.0,1.0,0.0,2.20162450296354,0.0,0.11587497384018652,0.0,0.5555555555555556,0.6111111111111112,1.1102230246251565e-16,0.28968743460046575,0.2896874346004658,0.5,0.5,-1.3317553066777328,-7.642846500093025,-5.441221997129485,-11.115914429607432,18,0.20833333333333334,1.0
4225f097-0cee-4e43-b5b9-6efbab4c3447,frontierscience,deepseek-ai/DeepSeek-R1-Distill-Qwen-32B_reasoning-auto,physics,,deepseek-ai/DeepSeek-R1-Distill-Qwen-32B,0,is_correct,False,,,True,,,,169,2.5272878677946045,-2.5804039635050176,-5.107691831299622,2.271076531168999,7.812912228286009,-4.862136554261119,2.9507756740248894,-1.3657589123806346,0.8206298601195466,-0.2672827475545478,1.0984761648260868,48.388612961039684,0.10555565697682022,12,9,0.42105263157894735,0.3157894736842105,2.2817325907561017,5.531179637529907,7.066543927498179,5.202662635686542,0.3333333333333333,0.0,4.304539279421013,0.8587944897023239,1.129774482260069,0.5,0.5,6,2.4904292093599865,2.5842835362436554,0.0938543268836689,2.1627482970974827,6.711381659541775,-4.12709812329812,2.5842835362436554,1.5074559905336389,-2.21540227923352,-0.33145328937377677,-1.8389092799074156,16.628810046049082,0.005644079559737842,3.0,2.0,1.0,0.42105263157894735,6.711381659541775,0.0,1.34297043134334,1.8414945782126804,0.9444444444444444,0.2777777777777778,0.4603771694102677,0.7996778942668141,1.1468950821239055,0.4,0.6,0.06572125456143889,5.136554427426443,5.230408754310112,-3.218448870777234,175,0.012397858551704706,0.3333333333333333
079657b3-e215-4944-8a67-8bb5347e4f15,frontierscience,deepseek-ai/DeepSeek-R1-Distill-Qwen-32B_reasoning-auto,chemistry,,deepseek-ai/DeepSeek-R1-Distill-Qwen-32B,0,is_correct,False,,,True,,,,464,0.016403492759089026,0.1368566080324669,0.12045311527337788,1.4250183014759714,4.8567749370017665,-2.5440014614472943,2.312773475554472,-0.7016291197565181,0.3135817373396207,-0.5021652653590487,0.1994638543974694,38.714288156441356,0.003111334884594453,12,10,0.42105263157894735,0.5789473684210527,2.6808580694797612,2.1759168675220053,3.883610863013458,4.282386259512094,0.9444444444444444,0.5555555555555556,3.4963230634453724,0.439637123134662,0.7261032865882907,0.4,0.6,7,2.3358506250332667,-2.8959943109647988,-5.231844935998065,2.0613493746422176,7.022255034766998,-2.8959943109647988,4.126260723802199,0.9981668284023646,-1.6847288954038908,0.8992599002616988,-0.09890692814066582,20.881523646026302,0.2505490032569377,4.0,3.0,0.8421052631578947,1.0,0.0,7.022255034766998,2.286654536672842,2.3407516782556677,0.7222222222222222,0.9444444444444444,0.7109409903791737,0.9421261574734408,0.9126449108454651,0.45,0.55,0.3816972860949903,2.58069130309579,-2.6511536329022753,-5.605031683514735,471,0.004403440828182021,0.2857142857142857
d1cec1fb-13bb-475a-b2f1-956db5ef3b77,frontierscience,deepseek-ai/DeepSeek-R1-Distill-Qwen-32B_reasoning-auto,physics,,deepseek-ai/DeepSeek-R1-Distill-Qwen-32B,1,is_correct,True,,,True,,,,238,-2.4877205017125057,-4.771191202464546,-2.2834707007520407,2.3015465419367653,9.761007649936621,-4.771191202464546,4.989816447472075,-1.5334292501240836,-1.2345630514183885,-2.2913972345643594,-0.7579679844402758,50.575196551812084,0.04515001139763687,13,8,0.3157894736842105,1.0,0.0,9.761007649936621,6.036710969471011,5.906934890582371,0.2777777777777778,0.8888888888888888,4.734919691260409,0.3518803624147885,2.0080968383239615,0.2,0.8,4,4.113883348409953,-3.0929811958799753,-7.206864544289928,2.649491614114373,8.863551199551699,-4.749667851141746,4.113883348409953,-0.3178922513658967,0.11050323221409693,-0.20581024630973133,0.11208200505616539,24.37865841275064,0.2956218682042224,2.0,3.0,0.0,0.3157894736842105,1.6566866552617707,7.206864544289928,1.4942009324093588,1.4772585332586168,0.5555555555555556,0.0,0.3122515987725245,1.07590657329435,1.2102358038903993,0.5,0.5,0.5800399771092904,9.46511452798379,2.2582499836938617,-3.9641805746931027,242,0.008757933553168102,0.5
a2d2c8a2-86ef-49a6-9e56-804cbb89c848,frontierscience,deepseek-ai/DeepSeek-R1-Distill-Qwen-32B_reasoning-auto,chemistry,,deepseek-ai/DeepSeek-R1-Distill-Qwen-32B,0,is_correct,False,,,True,,,,108,-2.477250642979974,-1.9942218646070229,0.483028778372951,1.987474718346602,7.41592700169688,-4.0322092870806445,3.3837177146162354,-0.8199701012197413,1.747408238011541,0.12125961075549856,0.9412297119752399,47.54201390753255,0.01016004032375288,13,8,0.47368421052631576,0.3157894736842105,2.0379874224736216,5.377939579223258,6.191024963098526,5.691671882976719,0.3333333333333333,0.2777777777777778,4.571239651281948,1.0487652708274815,0.6877840397237021,0.7,0.3,3,1.782742627127258,-3.4924673541561986,-5.2752099812834565,1.7788541089771126,5.2752099812834565,-3.4924673541561986,1.782742627127258,1.7596843428856839,1.0888381691486595,-2.1234694380548462,-3.88315378094053,5.2752099812834565,1.0,0.0,1.0,0.0,1.0,0.0,5.2752099812834565,-0.0076860947471912855,0.5475991664405417,0.0,0.7777777777777778,0.029995170649630927,1.0073264969876679,0.6473844491921015,0.65,0.35,0.8800714857991729,4.657035977533454,-0.6181740037500028,-5.140624835553009,111,0.020249221183800622,0.6666666666666666
cb11faa6-e12a-4621-9fa7-f6f4b11a9300,frontierscience,deepseek-ai/DeepSeek-R1-Distill-Qwen-32B_reasoning-auto,physics,,deepseek-ai/DeepSeek-R1-Distill-Qwen-32B,0,is_correct,False,,,True,,,,232,-2.51063709579513,2.6836656164876826,5.194302712282813,2.1340324665371178,7.475253063857617,-4.6441699458862225,2.831083117971395,0.15551559638699178,-0.6297646495230941,0.7031576706420516,0.5476420742550598,49.61706576776631,0.10468782528565579,14,9,0.8421052631578947,0.3157894736842105,7.327835562373905,0.14741750148371224,5.287472549732367,6.468749316152151,0.7222222222222222,0.2777777777777778,4.7565006614102225,0.9164845258998067,0.8715243933048271,0.6,0.4,6,0.4647045733588466,-2.1732458944938933,-2.6379504678527397,1.9853244477821892,5.257759022778601,-2.2285630346464007,3.0291959881322006,-1.284818139834449,0.8223917992179108,0.9291647162413224,2.2139828560757713,13.15346851340994,0.20055169974089748,2.0,3.0,0.631578947368421,0.21052631578947367,0.05531714015250744,5.202441882626093,1.3534591726630243,1.3686613898020852,0.5555555555555556,0.9444444444444444,0.26588967804278457,0.9349088124656989,0.8180086168090904,0.45,0.55,-0.47256989682173145,-2.6915309399505674,-5.329481407803307,-5.066117017639147,238,0.008993879683534855,0.3333333333333333
239c543b-7543-445a-b492-89c994b9ba7c,frontierscience,deepseek-ai/DeepSeek-R1-Distill-Qwen-32B_reasoning-auto,physics,,deepseek-ai/DeepSeek-R1-Distill-Qwen-32B,1,is_correct,True,,,True,,,,298,-2.511896116551397,-2.318057885000221,0.19383823155117597,2.533473834756593,8.343651471340856,-4.190542588979896,4.15310888236096,-0.42196154549486636,0.4416590701965311,0.3778312839050855,0.7997928293999519,65.78149389751194,0.0029466985327693744,15,12,0.42105263157894735,0.5789473684210527,1.8724847039796746,6.471166767361181,6.915515347721689,5.9113500803982815,0.2777777777777778,0.2222222222222222,6.822796955775256,1.146807368632674,1.0265638498155656,0.55,0.45,2,3.707289032395586,-3.707289032395586,-7.414578064791172,2.2502390959283485,7.414578064791172,-3.707289032395586,3.707289032395586,2.536566180060138,-0.19512047538924118,-2.7316866554493786,-5.268252835509516,7.414578064791172,1.0,0.0,1.0,0.0,1.0,0.0,7.414578064791172,-0.3902409507784821,0.390240950778483,0.6666666666666666,0.05555555555555555,4.194175870806147e-16,0.9756023769462068,0.9756023769462068,0.5,0.5,1.1941261655638948,7.219473082959702,-0.19510498183147007,-6.5177384334875015,300,0.006937382776308951,1.0
ae667a28-9659-4f33-a51e-7a19f133e111,frontierscience,deepseek-ai/DeepSeek-R1-Distill-Qwen-32B_reasoning-auto,physics,,deepseek-ai/DeepSeek-R1-Distill-Qwen-32B,0,is_correct,False,,,True,,,,394,2.7845565078695254,4.89757831653719,2.113021808667664,2.0934867117554368,8.601522992060648,-3.703944675523458,4.89757831653719,0.5527592963550291,0.49121754983076193,1.0647152716827513,0.5119559753277222,38.94216316136618,0.05426051449458142,9,10,1.0,0.3157894736842105,8.601522992060648,0.0,4.44182805580205,4.439984742623586,0.3333333333333333,0.2777777777777778,3.1708511877666883,1.2254770480986403,0.540670570428788,0.6,0.4,6,0.4440004836923445,-2.083907468873631,-2.5279079525659753,2.607812996241323,8.694433236631472,-3.962411981050657,4.732021255580816,-1.4719798984368515,0.33737899055730175,1.6977149330060841,3.1696948314429356,34.67159434438497,0.07291005794128898,4.0,5.0,0.7894736842105263,0.21052631578947367,1.878504512177026,6.815928724454446,2.5202449727344716,2.4591366530926777,0.2222222222222222,0.5555555555555556,1.0087223714795281,1.1672124252768115,1.0550082631328286,0.45,0.55,-0.4488602342161928,-4.902438067061038,-7.430346019627013,-2.127437994022145,400,0.0052053060539130214,0.3333333333333333
6681ea07-9b3a-4a71-9b31-a88212189f27,frontierscience,deepseek-ai/DeepSeek-R1-Distill-Qwen-32B_reasoning-auto,chemistry,,deepseek-ai/DeepSeek-R1-Distill-Qwen-32B,1,is_correct,True,,,True,,,,268,0.1308503981549899,-2.359700089405145,-2.490550487560135,2.0614426265264454,6.597145382464882,-2.9217756206977765,3.6753697617671053,0.38623165302468143,-0.21588784533923283,-1.0877702863256526,-1.474001939350334,53.77301065204567,0.046315994908226105,14,13,0.8947368421052632,0.7894736842105263,0.5620755312926313,6.035069851172251,6.422637838906146,6.210601401131005,0.2222222222222222,0.9444444444444444,5.420948827219774,0.7322192687025254,0.9989300219103139,0.45,0.55,3,-0.22296626773682013,2.6626628786240496,2.88562914636087,1.4110886786818746,4.985689471450732,-2.323026592826682,2.6626628786240496,-0.9229863761001074,-1.6758746190035148,1.3199366971737125,2.24292307327382,7.085749796540593,0.40724400793402166,1.0,1.0,1.0,0.47368421052631576,4.985689471450732,0.0,0.5370904725801353,0.233340036121096,0.7222222222222222,0.3888888888888889,0.04280169492784649,0.397120483365945,0.9107408225000988,0.25,0.75,-0.015302247659643425,2.1214315740086818,5.007060720369552,-5.224359637259969,271,0.00774218793672089,0.6666666666666666
11c1fcc0-bcad-4507-951b-550e19f1e2aa,frontierscience,deepseek-ai/DeepSeek-R1-Distill-Qwen-32B_reasoning-auto,physics,,deepseek-ai/DeepSeek-R1-Distill-Qwen-32B,0,is_correct,False,,,True,,,,306,2.5179965360569074,-2.3073085650335745,-4.825305101090482,1.8946105859479911,7.571968082988721,-3.179172794066396,4.392795288922325,0.18158230574129933,0.16067431383192332,0.6291391613627982,0.44755685562149894,41.318743824826505,0.11678247338659849,10,9,0.8421052631578947,0.15789473684210525,0.8718642290328216,6.700103853955899,4.700950126093589,4.897957824158652,0.7777777777777778,0.1111111111111111,3.426191550794939,0.9370022155214837,0.6284706502620161,0.5,0.5,10,4.799686697093612,-3.024948491998761,-7.824635189092373,2.184397167277099,8.383328426663352,-3.5836417295697407,4.799686697093612,0.16484016973421176,-0.34205885923957674,0.051076347835659064,-0.11376382189855269,27.930075170774465,0.28015088184509906,4.0,5.0,0.0,0.5789473684210527,0.5586932375709797,7.824635189092373,3.489152461437455,3.4185992313950297,0.6111111111111112,0.5,1.1031504215936452,0.8684623837780039,0.915166020754184,0.5,0.5,0.23682393195434356,7.343819194081529,-0.48081599501084327,-5.642877160681081,316,0.006750241080038573,0.2
5c97845c-c039-48d8-abcf-703afc476b98,frontierscience,deepseek-ai/DeepSeek-R1-Distill-Qwen-32B_reasoning-auto,physics,,deepseek-ai/DeepSeek-R1-Distill-Qwen-32B,0,is_correct,False,,,True,,,,108,-2.505892678965063,-2.4187991349459086,0.08709354401915448,2.271197720784454,6.972222313707681,-2.5085070717391194,4.463715241968561,0.87723361914075,0.33179287812304026,-0.23816187179799506,-1.1153954909387451,46.33301380447951,0.001879729740583683,11,10,0.42105263157894735,0.3684210526315789,0.08970793679321076,6.88251437691447,6.972222313707681,5.428308679761679,0.3888888888888889,0.8888888888888888,4.5844126511689405,1.1885106053180698,0.8367998928151417,0.5,0.5,2,3.701711027755607,-3.701711027755607,-7.403422055511214,2.246853375524984,7.403422055511214,-3.701711027755607,3.701711027755607,2.532749650569626,-0.19482689619766327,-2.7275765467672897,-5.260326197336916,7.403422055511214,1.0,0.0,1.0,0.0,1.0,0.0,7.403422055511214,-0.38965379239532627,0.38965379239532805,0.6111111111111112,0.7777777777777778,5.674473236973022e-16,0.9741344809883177,0.9741344809883173,0.5,0.5,1.2081617441860129,7.328671906887529,-0.07475014862368567,-2.742994449164449,110,0.020249221183800622,1.0
3d762ba1-3958-453b-b34e-fe24c2822994,frontierscience,deepseek-ai/DeepSeek-R1-Distill-Qwen-32B_reasoning-auto,chemistry,,deepseek-ai/DeepSeek-R1-Distill-Qwen-32B,1,is_correct,True,,,True,,,,351,2.629545192315411,5.029377188825314,2.399831996509903,2.448349254797677,9.711222198757646,-4.681845009932332,5.029377188825314,-0.23657955585771528,-0.38619104776294616,-0.10109538911815659,0.1354841667395587,52.18418669574533,0.04598772441356388,15,10,1.0,0.631578947368421,9.711222198757646,0.0,5.290789221005044,4.064435414455271,0.3333333333333333,0.1111111111111111,4.611554759971536,0.8407185582950941,1.0890168862977725,0.55,0.45,8,0.5941505599786825,-2.31739285194076,-2.9115434119194425,1.1685348676790732,4.845594239329091,-2.31739285194076,2.528201387388331,0.2904260375097936,-0.6377258336389302,0.6139932793718367,0.32356724186204305,12.219704231010448,0.23826627526145017,2.0,3.0,0.8421052631578947,1.0,0.0,4.845594239329091,0.9085833402588548,1.8755766840418509,0.5,1.0,0.3906473181427271,0.4858972001749696,0.4232541450086165,0.65,0.35,-0.3435002714833897,-4.778726900330021,-7.690270312249464,-5.260167225163421,359,0.005860805860805861,0.25
f10254b9-f0a1-407f-8af9-3169e23eee5e,frontierscience,deepseek-ai/DeepSeek-R1-Distill-Qwen-32B_reasoning-auto,physics,,deepseek-ai/DeepSeek-R1-Distill-Qwen-32B,0,is_correct,False,,,True,,,,200,-0.13582006689889864,2.3570820053048527,2.4929020722037514,2.21980112815869,8.053618115598866,-3.8823992540688588,4.171218861530008,0.26339590312707284,-1.0608243440622303,1.8515111656957035,1.5881152625686306,47.71002735760534,0.05225111387001466,13,7,0.8947368421052632,0.21052631578947367,6.2394812593737115,1.8141368562251552,5.061051355895471,6.523263426630445,0.2222222222222222,0.16666666666666666,4.952409615492275,1.0870263242231153,0.8106729288417094,0.55,0.45,3,0.2231180488082399,-2.662749798249378,-2.885867847057618,1.4111105752660305,4.985722931867732,-2.662749798249378,2.3229731336183543,0.9230697437449447,1.6758217639618578,-1.3200178120150312,-2.243087555759976,7.085578016677847,0.40728756923781495,1.0,1.0,0.47368421052631576,1.0,0.0,4.985722931867732,0.2333172316455685,0.5370927944937396,0.3888888888888889,0.9444444444444444,0.04280055700773978,0.9107477364083467,0.39714105231547514,0.75,0.25,0.010403842866613756,-2.123560113629999,-5.009427960687617,-5.7220477016607205,203,0.01050251256281407,0.6666666666666666
f3ba1aae-2fc3-4d9b-a5a3-42bb91de4d7d,frontierscience,deepseek-ai/DeepSeek-R1-Distill-Qwen-32B_reasoning-auto,physics,,deepseek-ai/DeepSeek-R1-Distill-Qwen-32B,0,is_correct,False,,,True,,,,161,2.765260599578737,2.4438101894158266,-0.3214504101629103,2.622226777072311,8.809348580348333,-4.404554489323331,4.404794091025002,0.44047428000657035,-1.324408967808385,1.9360426848589007,1.4955684048523303,63.79703725103213,0.005038641667606748,13,10,0.7368421052631579,0.631578947368421,6.848364678739157,1.960983901609175,6.421854844807882,6.319226035001994,0.3888888888888889,0.4444444444444444,6.015536507156848,1.3083629488007813,1.0369272840737465,0.55,0.45,4,2.4754155136990645,-2.511209003327047,-4.986624517026112,2.5123014539855215,8.78724123599442,-4.377607741058375,4.409633494936045,-0.9510961136796554,0.645287709117142,0.3724753709492418,1.3235714846288973,22.561106989014956,0.2210274752676856,2.0,3.0,0.6842105263157895,0.3157894736842105,1.8663987377313278,6.9208424982630925,1.5082825263238613,1.1534737497105167,0.5555555555555556,1.0,0.2951227413787678,1.0779193999049455,1.0732097302170527,0.5,0.5,-0.030707141834114396,0.0008981824491236523,-4.985726334576988,-2.093327955063568,165,0.013198757763975156,0.5
ff4a744b-45ac-46d9-b0ba-6461a71e278a,frontierscience,deepseek-ai/DeepSeek-R1-Distill-Qwen-32B_reasoning-auto,chemistry,,deepseek-ai/DeepSeek-R1-Distill-Qwen-32B,1,is_correct,True,,,True,,,,262,-2.6738969431477817,-2.2158226888506687,0.458074254297113,2.5403997057560175,9.29506836332557,-4.623759247798759,4.67130911552681,1.5214997421988719,1.7008405562142186,1.2536730857492826,-0.26782665644958925,58.814399851758466,0.0077884711133954935,13,8,0.7894736842105263,0.5789473684210527,2.4079365589480903,6.8871318043774785,7.77235597489352,8.00327948372493,0.6111111111111112,0.5555555555555556,5.501824371160027,2.0811129253913556,0.5771918952219893,0.75,0.25,11,2.358325646444689,-2.5038398538416806,-4.86216550028637,2.2831789661564237,7.94174520355779,-3.6136150926366453,4.328130110921145,0.20482086564512483,-0.23689012948789726,0.04762566447600277,-0.15719520116912206,46.801572429583004,0.10388893466350765,8.0,7.0,0.8947368421052632,0.7894736842105263,1.1097752387949646,6.831969964762825,4.964508262691501,4.971848346434512,0.8888888888888888,0.7777777777777778,2.983107813353304,0.9547548089038538,0.9516913519060232,0.35,0.65,-0.03069253811657096,4.543455797178787,-0.31870970310758295,-1.7791248256375383,273,0.007896814951302974,0.18181818181818182
f398c3ad-6cff-45b1-a21d-5ce963db75aa,frontierscience,deepseek-ai/DeepSeek-R1-Distill-Qwen-32B_reasoning-auto,physics,,deepseek-ai/DeepSeek-R1-Distill-Qwen-32B,0,is_correct,False,,,True,,,,389,2.4926391393244294,4.89012678605487,2.3974876467304402,2.2078125634194277,8.886866601068988,-3.9967398150141182,4.89012678605487,0.6048168433193757,-0.21037379402329215,2.08362151159863,1.4788046682792544,35.61745627958809,0.06731215244319426,9,8,1.0,0.47368421052631576,8.886866601068988,0.0,4.252898372874665,4.052216837707005,0.6111111111111112,0.4444444444444444,2.6804773363419474,1.2558105088093718,0.49266898807615356,0.7,0.3,2,-3.647110224966209,3.647110224966209,7.294220449932418,2.2137119452150893,7.294220449932418,-3.647110224966209,3.647110224966209,-2.495391206555827,0.1919531697350634,2.687344376290891,5.182735582846718,7.294220449932418,1.0,0.0,1.0,1.0,0.0,7.294220449932418,0.0,0.3839063394701281,0.0,0.7777777777777778,0.6111111111111112,5.427757009278544e-16,0.9597658486753181,0.9597658486753182,0.5,0.5,-1.1270365541589862,-9.664273565180064,-2.3700531152476465,-6.35913262236334,391,0.005273898179312538,1.0
2c46387b-36e6-43cb-9e73-dbf1341bfafd,frontierscience,deepseek-ai/DeepSeek-R1-Distill-Qwen-32B_reasoning-auto,physics,,deepseek-ai/DeepSeek-R1-Distill-Qwen-32B,1,is_correct,True,,,True,,,,360,2.7661744354285553,-0.012082765460517208,-2.7782572008890725,2.1045409664839716,6.971437390687189,-3.302667707246983,3.668769683440206,-0.4033496138950326,-1.5595010531705362,0.992107945837835,1.3954575597328676,43.59183738326939,0.06373342734929938,10,11,0.9473684210526315,0.5789473684210527,3.290584941786466,3.680852448900723,5.181579797014715,3.7152582236119978,0.16666666666666666,0.2222222222222222,3.8831766028964307,0.7257614004649426,1.1151267501865412,0.35,0.65,11,-4.66882849842631,-2.286263457627277,2.3825650407990335,2.6496503246108327,9.19863297265985,-4.66882849842631,4.529804474233539,0.24023581434412522,-0.018599149988405093,0.22950052007997676,-0.01073529426414846,64.21171296283897,0.03710483540873434,9.0,10.0,0.8947368421052632,0.0,2.3825650407990335,6.816067931860816,5.040615494275252,4.923103608784205,0.0,0.7777777777777778,4.334738194383966,1.1713954212846636,1.0249724327361682,0.55,0.45,-0.2534860701240183,-4.910231803089811,-2.527666762290778,-2.173228747720028,371,0.005710306406685237,0.18181818181818182
dbe975d5-c431-4d73-8f7c-f8bba77ea458,frontierscience,deepseek-ai/DeepSeek-R1-Distill-Qwen-32B_reasoning-auto,physics,,deepseek-ai/DeepSeek-R1-Distill-Qwen-32B,1,is_correct,True,,,True,,,,113,0.02484007548178271,2.580589775275583,2.5557496997938003,2.1009252809473584,8.424494261824282,-4.275891646116111,4.148602615708172,0.8244746356145212,-1.3330053053885107,-1.2259845278416432,-2.050459163456164,37.786582387305955,0.06763643437233371,12,8,0.05263157894736842,0.47368421052631576,6.8564814213916945,1.5680128404325888,4.732311968957848,3.581859282720698,0.5,0.3888888888888889,3.0421402272502953,0.580893113545649,1.1266742063190385,0.5,0.5,8,2.886627739772768,0.1611498492397896,-2.7254778905329786,2.489810706284569,8.747173863374556,-4.3089463070245655,4.4382275563499896,-1.288333880054035,0.6633666925873385,0.3329879031034061,1.6213217831574411,39.192918864254786,0.06954005900843234,5.0,6.0,0.42105263157894735,0.2631578947368421,4.470096156264355,4.2770777071102,3.5803413517314633,3.4420698158431677,0.3333333333333333,0.5,1.6032150888657601,0.9924163371366095,1.1112584818189313,0.45,0.55,-0.2973948624934152,0.008643102003770053,-2.7168347885292086,-3.004770737443632,121,0.019121365360303413,0.25
b188cad8-92b9-4c72-98a2-b78e04b764f1,frontierscience,deepseek-ai/DeepSeek-R1-Distill-Qwen-32B_reasoning-auto,chemistry,,deepseek-ai/DeepSeek-R1-Distill-Qwen-32B,1,is_correct,True,,,True,,,,39,2.7210966945610067,-4.761529958086942,-7.482626652647948,2.909391771881169,9.971510031768396,-4.896060250479414,5.075449781288982,0.2978229347661584,-0.1187062926274902,-1.2740973905111748,-1.571920325277333,64.3438745205428,0.11629120422735813,11,11,0.8421052631578947,0.9473684210526315,0.13453029239247272,9.836979739375924,7.848234131944327,7.612505848297481,0.8333333333333334,0.8888888888888888,6.018190943311238,0.9824863506073056,1.3020247430121243,0.35,0.65,7,5.237324336456486,-2.0718122630621525,-7.309136599518638,2.4907625296960987,8.500858749057153,-3.2635344126006673,5.237324336456486,0.09721679511058452,-1.7283133653990643,1.3475930033375552,1.2503762082269707,27.50939441901433,0.2656960196283567,4.0,3.0,0.0,0.631578947368421,1.1917221495385149,7.309136599518638,2.9626939175676297,2.3040769225874533,0.7222222222222222,0.9444444444444444,0.817717736107944,0.9610631337724953,1.1276690323721967,0.35,0.65,-0.5284510935232405,9.470403201020186,2.1612666015015485,-0.9232052049871555,46,0.0620782726045884,0.2857142857142857
078d0957-0a51-46be-b820-da8f749b30b5,frontierscience,deepseek-ai/DeepSeek-R1-Distill-Qwen-32B_reasoning-auto,chemistry,,deepseek-ai/DeepSeek-R1-Distill-Qwen-32B,1,is_correct,True,,,True,,,,24,2.257176210902112,-2.664002868447402,-4.921179079349514,2.7760152245030465,9.24544833992486,-5.041223822714807,4.2042245172100525,0.03357883189933385,0.38068054114383487,-0.4223208330386492,-0.45589966493798306,89.19573579343995,0.05517280658736884,16,15,0.47368421052631576,0.8947368421052632,2.377220954267405,6.8682273856574545,8.239493023695104,6.242789076629359,0.2222222222222222,0.8888888888888888,8.92604807097188,1.2276247324968008,1.2093302018432863,0.5,0.5,5,5.524563498128078,-1.6657081592614382,-7.190271657389516,3.8339954810380656,12.8661021263478,-7.3415386282197215,5.524563498128078,-1.9399782910012036,-0.874041904655955,2.0982872733514886,4.038265564352692,32.53852709073634,0.22097717076556223,2.0,3.0,0.0,0.2631578947368421,5.675830468958283,7.190271657389516,1.6195941702681118,2.7716466926868693,0.5555555555555556,0.1111111111111111,0.42052236488996364,1.4460127485578629,1.801433635032422,0.45,0.55,-1.1450152279566634,7.043551138618817,-0.14672051877069947,3.311318293130604,29,0.09057971014492754,0.4
6e9aca19-46c4-46ea-9643-86b138e8f2f5,frontierscience,deepseek-ai/DeepSeek-R1-Distill-Qwen-32B_reasoning-auto,physics,,deepseek-ai/DeepSeek-R1-Distill-Qwen-32B,1,is_correct,True,,,True,,,,67,-2.6556916790614986,0.02707365793097593,2.6827653369924747,1.991009654180559,7.843413521293048,-4.1356669137332975,3.7077466075597503,-2.108755424707035,-0.40901116580157687,-0.12390136198652889,1.984854062720506,41.054747905418125,0.06534604336563035,12,9,0.7894736842105263,0.3157894736842105,4.162740571664274,3.6806729496287742,5.782402468972958,4.667979710094874,0.3333333333333333,0.8333333333333334,4.063204451472432,0.515832267449434,1.4342209827234067,0.3,0.7,2,0.0005779910464127624,-0.0005779910464127624,-0.0011559820928255249,0.00035082725904812925,0.0011559820928255249,-0.0005779910464127624,0.0005779910464127624,0.00039546755807189006,-3.0420581390145377e-05,-0.0004258881394620354,-0.0008213556975339255,0.0011559820928255249,1.0,0.0,1.0,0.0,1.0,0.0,0.0011559820928255249,-6.084116278029072e-05,6.084116278029094e-05,0.05555555555555555,0.5555555555555556,7.228014483236696e-20,0.00015210290695072694,0.00015210290695072694,0.5,0.5,0.015101416450724927,-0.011394250433838238,-0.012550232526663763,-10.169741556291811,69,0.034373586612392586,1.0
319ae242-19fc-4542-b75a-d32b325ea923,frontierscience,deepseek-ai/DeepSeek-R1-Distill-Qwen-32B_reasoning-auto,chemistry,,deepseek-ai/DeepSeek-R1-Distill-Qwen-32B,0,is_correct,False,,,True,,,,115,0.15540092597552738,-2.1885315333521085,-2.343932459327636,2.709842307213894,9.948816516837446,-4.74245916739978,5.206357349437667,0.8260943776804268,-0.33590979817943634,1.8111085216202092,0.9850141439397824,57.683237535096865,0.04063455103229063,11,7,0.42105263157894735,0.6842105263157895,2.553927634047671,7.394888882789775,7.545939778459459,7.217580058810302,0.3888888888888889,1.0,4.990262479842941,1.4377673140918212,0.7228701547804117,0.75,0.25,5,4.568478793239042,-0.6421180695920043,-5.210596862831046,1.979766602031005,7.521004460270924,-2.952525667031882,4.568478793239042,1.7311172577381886,-1.1497795748358892,-1.8836889224004574,-3.614806180138646,9.831412057710802,0.5299947588652194,1.0,1.0,0.0,0.7368421052631579,2.3104075974398777,5.210596862831046,0.5139017519410842,1.0127211569656644,0.9444444444444444,0.0,0.134463210347123,0.6357591198269285,0.9973976075312608,0.25,0.75,0.5078642032989817,7.2648745298901325,2.054277667059086,-3.7798128700132168,120,0.018916857360793286,0.4
aeaa8d2c-fcb9-423f-b1c0-ac9c122999e6,frontierscience,deepseek-ai/DeepSeek-R1-Distill-Qwen-32B_reasoning-auto,physics,,deepseek-ai/DeepSeek-R1-Distill-Qwen-32B,1,is_correct,True,,,True,,,,125,0.10825574301573346,0.10779308456504685,-0.00046265845068660383,1.9119876171664316,7.223210657018687,-3.627174193722736,3.596036463295951,-0.15511288373079077,0.419029060968443,0.6295236132787866,0.7846364970095774,50.02835246165165,9.247924984962207e-06,14,14,0.47368421052631576,0.5263157894736842,3.734967278287783,3.488243378730904,6.938940906733691,7.223210657018687,0.4444444444444444,0.5,5.4078963544056835,0.8614652158990974,0.5802374698822832,0.55,0.45,2,-1.2099273241696604,1.2099273241696604,2.419854648339321,0.734398031631008,2.419854648339321,-1.2099273241696604,1.2099273241696604,-0.8278450112739782,0.06368038548261361,0.8915253967565917,1.7193704080305698,2.419854648339321,1.0,0.0,1.0,1.0,0.0,2.419854648339321,0.0,0.12736077096522758,0.0,0.5555555555555556,0.6666666666666666,1.4802973661668753e-16,0.31840192741306844,0.31840192741306855,0.5,0.5,-1.374899243207225,-2.692619651941932,-0.27276500360261124,-7.886468656358019,127,0.01729032258064516,1.0
f4681d73-b08d-450c-89d3-85b9d1250419,frontierscience,deepseek-ai/DeepSeek-R1-Distill-Qwen-32B_reasoning-auto,physics,,deepseek-ai/DeepSeek-R1-Distill-Qwen-32B,0,is_correct,False,,,True,,,,315,2.5288542095667457,0.24692333120110663,-2.281930878365639,2.2566625245471847,8.360246466673148,-3.614688843570927,4.745557623102221,0.42487022034010474,1.3747910171737405,1.474983940595506,1.0501137202554014,60.43382970811706,0.03775916385552421,13,10,0.8947368421052632,0.5263157894736842,3.861612174772034,4.498634291901115,6.118603516225397,5.838192993184755,0.5555555555555556,0.5,5.576018890435559,1.523906503983495,0.45152988867499727,0.7,0.3,5,2.6219269621763983,-2.488571263501073,-5.110498225677471,2.438805227777789,8.660003362752763,-4.364583826885235,4.295419535867528,0.8277989226331007,-1.8924120991093574,1.2011061668219802,0.3733072441888795,22.430504951182996,0.2278369674155704,2.0,3.0,0.7368421052631579,0.47368421052631576,1.8760125633841618,6.783990799368601,2.0367769894080414,1.5354073782569726,0.5555555555555556,0.9444444444444444,0.39248088445122004,1.0287868555611184,1.0410696172812142,0.55,0.45,-0.04302664783418464,2.3319769831411072,-2.778521242536364,-1.650401225604,320,0.006551410373066424,0.4
218df0c2-18db-495f-8c53-eb6758feaff2,frontierscience,deepseek-ai/DeepSeek-R1-Distill-Qwen-32B_reasoning-auto,physics,,deepseek-ai/DeepSeek-R1-Distill-Qwen-32B,0,is_correct,False,,,True,,,,251,0.12390327023555166,0.22296387491911682,0.09906060468356516,1.9668951881100258,8.393212877427558,-4.19520933491523,4.198003542512328,0.9176770530566646,1.2005880265531867,1.2133205033879961,0.29564345033133155,43.39107625356493,0.0022829718282322284,13,6,0.3157894736842105,0.6842105263157895,4.418173209834347,3.9750396675932116,5.034960519742652,8.347820193462148,0.7222222222222222,0.6666666666666666,4.056367933368573,1.401154287862856,0.295765358983009,0.8,0.2,5,2.381910999683039,-2.602767553396249,-4.984678553079288,2.2806456367488366,7.055395221085639,-4.472274016934604,2.5831212041510354,-1.533113196452985,1.520144626382592,0.08293683508179435,1.6160500315347792,19.095468995250563,0.2610398599960588,2.0,3.0,0.7368421052631579,0.2631578947368421,1.8695064635383547,5.185888757547284,1.5475792455649895,1.524437858528187,0.4444444444444444,0.0,0.31735722816612605,1.0142467225001939,0.993904671500293,0.55,0.45,-0.03774605497883521,2.121201069785087,-2.8634774832942007,-2.732306404675203,256,0.008286852589641434,0.4
f88cc0c0-2ca6-4cb0-bd1e-a37ddcf11294,frontierscience,deepseek-ai/DeepSeek-R1-Distill-Qwen-32B_reasoning-auto,physics,,deepseek-ai/DeepSeek-R1-Distill-Qwen-32B,0,is_correct,False,,,True,,,,257,2.7733338003085914,-4.422849567032841,-7.196183367341433,2.4554283346110575,7.821562214342766,-4.422849567032841,3.3987126473099245,0.815277085157911,0.8789060221399606,-1.311524030724424,-2.1268011158823352,55.29139962427046,0.13015013937506892,10,11,0.3684210526315789,1.0,0.0,7.821562214342766,5.638399563627184,5.171268263707395,0.3333333333333333,0.7777777777777778,4.66026613737571,1.1854282820135218,0.985921403676594,0.55,0.45,9,-0.06584612516819395,0.1789565286946472,0.24480265386284117,1.47467289180541,4.654414090988651,-2.428236881835362,2.226177209153289,0.619577021060145,-1.5822783751904732,1.0227266179964356,0.4031495969362906,16.938223037079634,0.014452676253402805,5.0,3.0,0.8947368421052632,0.3684210526315789,2.607193410530009,2.047220680458642,1.1206815956688259,1.0907070161470585,0.0,0.3333333333333333,0.578742642077742,0.6184333216097601,0.6485608101564443,0.45,0.55,-0.02942704904507484,4.327576392819573,4.572379046682414,-6.4137759092457465,266,0.008086089494163425,0.2222222222222222
8be6ce44-a0c8-4636-80ca-2667dcc9d2af,frontierscience,deepseek-ai/DeepSeek-R1-Distill-Qwen-32B_reasoning-auto,chemistry,,deepseek-ai/DeepSeek-R1-Distill-Qwen-32B,0,is_correct,False,,,True,,,,197,2.6179164690109458,4.8794626822975244,2.2615462132865787,2.425187978596495,8.955243447688986,-4.07578076539146,4.8794626822975244,-0.023913108102248337,-0.5872356643537371,0.7713183936402999,0.7952315017425482,54.33781794297132,0.04162011466231712,13,10,1.0,0.3157894736842105,8.955243447688986,0.0,7.931296146863801,6.461022487390055,0.3333333333333333,0.3888888888888889,4.904618975404768,1.0776871691489742,1.060193721416479,0.45,0.55,2,-3.6472172619262686,3.6472172619262686,7.294434523852537,2.2137769141857118,7.294434523852537,-3.6472172619262686,3.6472172619262686,-2.4954644423706043,0.191958803259277,2.687423245629882,5.182887688000486,7.294434523852537,1.0,0.0,1.0,1.0,0.0,7.294434523852537,0.0,0.38391760651855567,0.0,0.7222222222222222,0.6111111111111112,5.181040781584064e-16,0.9597940162963863,0.9597940162963866,0.5,0.5,-1.1354363557406948,-9.662116299964488,-2.367681776111951,-4.087208851013671,199,0.010670257950896095,1.0
1440c195-fba2-48dc-a03d-7b9420891daf,frontierscience,deepseek-ai/DeepSeek-R1-Distill-Qwen-32B_reasoning-auto,chemistry,,deepseek-ai/DeepSeek-R1-Distill-Qwen-32B,0,is_correct,False,,,True,,,,119,2.466041914370175,2.407418712476032,-0.05862320189414305,2.592999215371809,8.869030969547257,-4.738254008731569,4.1307769608156875,-0.8256331431935356,-0.7193416687009512,1.926173384242813,2.7518065274363486,46.60716970839925,0.0012578151014301638,10,8,0.7368421052631579,0.2631578947368421,7.1456727212076006,1.7233582483396557,3.555273655213784,7.978886100175192,0.7222222222222222,0.4444444444444444,3.8755470120893603,1.1130409976734321,1.0759301665636585,0.55,0.45,7,3.546533858691178,3.622759272498258,0.07622541380708014,1.8495609075625778,6.630653531282439,-3.007894258784181,3.622759272498258,-0.4212855836993237,-0.8774265648781986,0.25739344857036545,0.6786790322696892,16.83675978165665,0.00452732086194675,3.0,4.0,1.0,0.3157894736842105,6.630653531282439,0.0,1.6481932037208091,1.6092728664640434,0.9444444444444444,0.1111111111111111,0.3844307020308448,0.6003575714827345,0.9776887889137578,0.35,0.65,-1.0325784900754327,0.10653665613971341,0.18276206994679356,-5.21201054796326,126,0.017091582395670133,0.38095238095238093
4195adea-9fa5-4f25-91ef-ebd6c57cfb88,frontierscience,deepseek-ai/DeepSeek-R1-Distill-Qwen-32B_reasoning-auto,physics,,deepseek-ai/DeepSeek-R1-Distill-Qwen-32B,0,is_correct,False,,,True,,,,268,2.6514642630984295,-4.773360141672124,-7.424824404770554,2.692824469601186,9.225408639066607,-4.773360141672124,4.452048497394483,1.0370914808879736,-0.679599941285237,-1.7987244426219846,-2.8358159235099585,44.19525855379622,0.1680004744339885,7,7,0.05263157894736842,1.0,0.0,9.225408639066607,4.934400243301445,5.299671687621908,0.7777777777777778,0.8888888888888888,3.1027930033085394,1.0112376079477454,1.4257329018733829,0.4,0.6,5,4.212344382538708,-0.5900049385439189,-4.802349321082627,2.4181443073587667,8.856494114916384,-4.6441497323776755,4.212344382538708,-0.8467077453815267,1.3310125577426273,-1.677144040209157,-0.8304362948276304,24.99273180796482,0.1921498361196429,3.0,3.0,0.0,0.2631578947368421,4.054144793833757,4.802349321082627,1.994734216676295,1.9695110882285176,0.4444444444444444,0.16666666666666666,0.5241454675396346,0.8815989132241853,1.2152354409605468,0.4,0.6,0.4771494346862034,9.462853958897036,4.660504637814409,-2.3890283352421804,273,0.00774218793672089,0.4
1dba0086-bca8-4b25-8843-e6e428f9284d,frontierscience,deepseek-ai/DeepSeek-R1-Distill-Qwen-32B_reasoning-auto,physics,,deepseek-ai/DeepSeek-R1-Distill-Qwen-32B,1,is_correct,True,,,True,,,,18,0.07222961488189385,2.551384437736327,2.479154822854433,2.4571476906181355,8.407448963958686,-4.231333505234661,4.176115458724024,0.24636083798293543,0.35956111728724943,-0.7073933166442563,-0.9537541546271917,59.12249132592131,0.04193251615849089,10,8,0.5263157894736842,0.47368421052631576,6.782717942970987,1.6247310209876975,8.407448963958686,7.486546064614862,0.5,0.4444444444444444,4.793107050362353,1.0303373200905626,1.0304826307392745,0.45,0.55,3,2.571686398792116,-0.15539800079242147,-2.7270843995845375,1.3732554073908374,4.868980565359849,-2.2972941665677333,2.571686398792116,0.9965364629631234,-1.806769454191855,-0.7503691579522305,-1.7469056209153537,7.010876731135161,0.388979082669306,1.0,1.0,0.0,0.5263157894736842,2.1418961657753117,2.7270843995845375,0.23798846286392417,0.5250499786096645,0.5555555555555556,0.05555555555555555,0.042391024526310786,0.3803966103931969,0.8890889047089223,0.25,0.75,-0.030313332830772116,-0.010011371774982791,-2.7370957713595203,-5.096793368088754,21,0.16993464052287582,0.6666666666666666
22f5a060-b2ba-4d68-8ad1-cbcbd58a788e,frontierscience,deepseek-ai/DeepSeek-R1-Distill-Qwen-32B_reasoning-auto,chemistry,,deepseek-ai/DeepSeek-R1-Distill-Qwen-32B,0,is_correct,False,,,True,,,,81,0.08088616104166253,4.734128938596126,4.653242777554464,2.263415595632694,8.680207145367689,-3.9460782067715616,4.734128938596126,-1.740985245463062,-1.6973875161692729,0.9220410851030878,2.66302633056615,53.232813348918675,0.0874130538067642,13,8,1.0,0.5263157894736842,8.680207145367689,0.0,6.04853915232421,5.519901535073948,1.0,0.8888888888888888,5.2357117383722676,0.5301142348363108,1.4569323758767014,0.3,0.7,2,-1.1118247716658374,1.1118247716658374,2.2236495433316747,0.6748520407127282,2.2236495433316747,-1.1118247716658374,1.1118247716658374,-0.7607222121924151,0.05851709324557029,0.8192393054379853,1.5799615176304003,2.2236495433316747,1.0,0.0,1.0,1.0,0.0,2.2236495433316747,0.0,0.11703418649114106,0.0,1.0,0.6111111111111112,1.0485439677015367e-16,0.29258546622785186,0.292585466227852,0.5,0.5,-1.2777944610777243,-7.123748171339688,-4.900098628008013,-9.95129354018033,83,0.027777777777777776,1.0
f9fdb988-7a10-4510-a8ab-d011e663be3f,frontierscience,deepseek-ai/DeepSeek-R1-Distill-Qwen-32B_reasoning-auto,physics,,deepseek-ai/DeepSeek-R1-Distill-Qwen-32B,0,is_correct,False,,,True,,,,329,0.00725524652858725,4.801845620905753,4.794590374377165,2.2733836812359494,8.718247683456944,-3.9164020625511906,4.801845620905753,0.9494211809424434,-0.029483684163198718,0.591173222121837,-0.35824795882060645,56.00319375635575,0.08561280264186776,12,10,1.0,0.42105263157894735,8.718247683456944,0.0,6.9864869074098035,4.997900118549087,0.6111111111111112,0.05555555555555555,5.039313079230685,1.140739265013694,0.6414091745044074,0.6,0.4,11,-1.9990105973404597,-2.2978777076032895,-0.29886711026282975,2.334352931557945,8.329062597949417,-3.827516201499118,4.5015463964502995,0.013886044456628,0.3504337476409762,-0.12350373604764682,-0.1373897805042748,55.133631711757516,0.00542077677424422,9.0,10.0,0.8947368421052632,0.7894736842105263,1.5296384938958285,6.799424104053589,5.0385195120000486,4.921994781363499,0.8888888888888888,0.3333333333333333,4.056091632903456,1.0415672501608664,0.9511064437409988,0.45,0.55,-0.24074221146714117,-7.041598429713353,-7.340465539976183,-0.700253125115303,340,0.006264363555489658,0.18181818181818182
ea576eec-eb50-4d75-9849-ccd4c83a15fe,frontierscience,deepseek-ai/DeepSeek-R1-Distill-Qwen-32B_reasoning-auto,chemistry,,deepseek-ai/DeepSeek-R1-Distill-Qwen-32B,0,is_correct,False,,,True,,,,54,0.10380823115329042,2.545967184064519,2.442158952911228,2.3753047128677505,8.383285927693855,-3.8064552534520972,4.576830674241759,-0.06603126598862007,1.6570301001858387,0.0335276266206174,0.09955889260923748,48.79528498690111,0.05004907653612056,11,8,0.47368421052631576,0.3157894736842105,6.352422437516616,2.0308634901772398,5.492787472503879,6.708917935942947,0.16666666666666666,0.7777777777777778,4.658260527223336,1.3032031320907105,0.7362952521354987,0.55,0.45,5,0.2277031204879812,2.460691821090795,2.2329887006028137,2.183259720664609,7.265902590903699,-4.805210769812904,2.460691821090795,1.4609473670943045,-0.9768121606595803,-1.390208819395399,-2.8511561864897033,16.63577265074,0.13422813280052157,2.0,2.0,1.0,0.7368421052631579,7.265902590903699,0.0,1.5839501252013477,1.0314420152107733,1.0,0.5555555555555556,0.22962756903066717,0.7816401444583603,1.0292554680248265,0.6,0.4,0.008860572440243483,-2.309403491136294,-0.07641479053348021,-4.668859202378158,59,0.0440251572327044,0.4
eec8840a-2d00-4e70-b043-0da51bd1b288,frontierscience,deepseek-ai/DeepSeek-R1-Distill-Qwen-32B_reasoning-auto,chemistry,,deepseek-ai/DeepSeek-R1-Distill-Qwen-32B,1,is_correct,True,,,True,,,,46,-0.04868524835542942,0.0852967653170964,0.13398201367252582,2.1137766358596592,8.287115849855809,-4.890248385867191,3.396867463988618,0.5369120857370174,-0.5890882986217222,-1.7309298199102388,-2.267841905647256,49.38515583390088,0.002713001739290912,14,9,0.15789473684210525,0.8421052631578947,4.975545151184288,3.3115706986715217,4.456207920932711,6.2440071525509335,0.8888888888888888,0.7222222222222222,5.253818716896544,0.5448214152695253,1.0823620357522437,0.4,0.6,7,5.409243082372237,2.887732535322568,-2.5215105470496693,2.3716991277458965,9.55551268575492,-4.146269603382684,5.409243082372237,0.7780254076427384,-1.2101304557658907,-0.9514872013466391,-1.7295126089893775,30.26363646229557,0.08331816139118421,5.0,4.0,0.0,0.8421052631578947,7.034002138705251,2.5215105470496693,2.344667379568419,2.322272094054677,0.9444444444444444,0.1111111111111111,0.9737840013501449,0.7707783064074959,1.2074612336545911,0.35,0.65,-0.4233174185396941,4.900628898515446,2.3791183514657774,-0.16198461595920932,53,0.051207729468599035,0.2857142857142857
441c416a-8f5e-431c-9675-faeac34ff290,frontierscience,deepseek-ai/DeepSeek-R1-Distill-Qwen-32B_reasoning-auto,chemistry,,deepseek-ai/DeepSeek-R1-Distill-Qwen-32B,0,is_correct,False,,,True,,,,130,2.7858542372634405,0.237825140865092,-2.5480290963983485,2.5953200535092034,7.5721738787138655,-4.707564732841447,2.8646091458724188,-1.007660770149499,0.284873534606883,-1.6265864460164767,-0.6189256758669777,60.974556805096846,0.0417883987995688,11,12,0.3157894736842105,0.2631578947368421,4.945389873706539,2.626784005007327,7.5721738787138655,6.684598841164574,0.2777777777777778,0.0,5.638015863864933,0.8564527838043116,1.5974042500491703,0.45,0.55,2,1.3369127502279223,-1.3369127502279223,-2.6738255004558447,0.8114752618745787,2.6738255004558447,-1.3369127502279223,1.3369127502279223,0.9147297764717364,-0.07036382895936424,-0.9850936054311005,-1.899823381902837,2.6738255004558447,1.0,0.0,1.0,0.0,1.0,0.0,2.6738255004558447,-0.14072765791872843,0.14072765791872888,0.6111111111111112,0.5555555555555556,1.1102230246251565e-16,0.3518191447968217,0.35181914479682164,0.5,0.5,-1.483640140940893,-0.3845525315780627,-3.0583780320339073,-7.548408188541121,132,0.01657722122838402,1.0
e1b0b588-915d-46ad-990e-ba5aa554053e,frontierscience,deepseek-ai/DeepSeek-R1-Distill-Qwen-32B_reasoning-auto,physics,,deepseek-ai/DeepSeek-R1-Distill-Qwen-32B,0,is_correct,False,,,True,,,,45,-2.529557397662628,4.884648354347359,7.4142057520099875,2.4574886895053223,9.076531590074884,-4.191883235727525,4.884648354347359,-1.2554329301415101,-1.581167741748822,0.31029670781106056,1.5657296379525707,43.95822594898036,0.16866480827991567,10,7,1.0,0.15789473684210525,9.076531590074884,0.0,6.0812047200930275,3.1848026988298734,0.16666666666666666,0.05555555555555555,3.6553074187322405,0.697095599518927,1.596816822337225,0.25,0.75,3,1.132487962576055,-1.9020516815435422,-3.0345396441195973,0.9848622643667994,3.0345396441195973,-1.9020516815435422,1.132487962576055,1.0178803066996653,0.47272516095471023,-1.1989949971985343,-2.2168753038982,3.0345396441195973,1.0,0.0,1.0,0.0,1.0,0.0,3.0345396441195973,-0.038202551958796516,0.2812226737380037,0.0,0.9444444444444444,0.013501117876622849,0.5324476956348076,0.3704342811153364,0.65,0.35,-0.9407804133064603,-4.692940805077765,-7.727480449197362,-7.1799271614428015,48,0.05454545454545454,0.6666666666666666
5ef8b29d-7665-45e6-a26a-bd4a27f450ad,frontierscience,deepseek-ai/DeepSeek-R1-Distill-Qwen-32B_reasoning-auto,chemistry,,deepseek-ai/DeepSeek-R1-Distill-Qwen-32B,0,is_correct,False,,,True,,,,199,-2.65096232350364,-2.316471695325211,0.334490628178429,2.238964766897373,7.203883822538499,-3.180025067277604,4.023858755260894,-0.006354527512464284,0.08375860848525574,0.04452689511438098,0.050881422626845266,42.233670411709895,0.007919999017790474,10,8,0.2631578947368421,0.8947368421052632,0.8635533719523929,6.340330450586105,5.935740701641526,5.529357821238547,0.5,0.8888888888888888,3.9205601870818874,0.9707660480193503,0.9303165511445591,0.4,0.6,13,0.18005178827248203,0.27007750401735764,0.09002571574487561,1.8190357630759937,8.44116653829149,-4.001398770937761,4.439767767353729,0.34857974189221086,-0.4124718727574754,-0.05904535943462883,-0.4076251013268397,33.3623339294306,0.002698423795388589,6.0,6.0,0.2631578947368421,0.8421052631578947,4.271476274955118,4.1696902633363715,4.576202619744599,3.0541633506542243,0.8888888888888888,0.7777777777777778,2.0993058007774774,0.6717112387091907,0.7117870923424219,0.6,0.4,-0.15789633474711964,2.3386271488505734,2.428652864595449,-0.36972536294118186,212,0.01020252779046749,0.15384615384615385
b75893ef-5c56-4d43-9ae1-8c9caaf32ee2,frontierscience,deepseek-ai/DeepSeek-R1-Distill-Qwen-32B_reasoning-auto,chemistry,,deepseek-ai/DeepSeek-R1-Distill-Qwen-32B,0,is_correct,False,,,True,,,,152,2.532087374480212,-0.09934155663386089,-2.6314289311140726,2.1823106466343596,7.028667343621091,-3.1345854137103046,3.894081929910786,0.5491115603119471,1.0491930056509666,0.7836215529709757,0.2345099926590286,50.35067633067868,0.05226203743187343,10,11,0.8947368421052632,0.7368421052631579,3.035243857076444,3.9934234865446467,5.694398522768671,4.730217645810237,0.8333333333333334,0.16666666666666666,4.730323609116795,1.4628955724884314,0.6684025085101191,0.65,0.35,8,2.351466390003345,-2.860234116542195,-5.21170050654554,2.5990988581069523,8.262788084126825,-4.1984811444539885,4.0643069396728375,-0.008434112149224087,0.23348489021812607,-0.15838705336621084,-0.14995294121698674,36.46538963369097,0.14292183790984,4.0,5.0,0.42105263157894735,0.6842105263157895,1.3382470279117933,6.924541056215032,3.5605562300541003,2.687340959805796,0.7777777777777778,0.9444444444444444,1.4335941387418825,1.1483577013775026,1.1171060450632502,0.5,0.5,0.33078655097402465,2.7815944976112306,-2.4301060089343096,-2.3088794930876233,160,0.014029278494248867,0.25
c982b5bc-0fb8-4f12-94fa-f05715209ead,frontierscience,deepseek-ai/DeepSeek-R1-Distill-Qwen-32B_reasoning-auto,chemistry,,deepseek-ai/DeepSeek-R1-Distill-Qwen-32B,0,is_correct,False,,,False,,,,621,2.6535879601270382,-0.12364576723157128,-2.7772337273586096,1.6766286846289717,6.5730174374813295,-3.9194294773542913,2.6535879601270382,-0.188871866772308,-0.5144156992475296,-0.2988868123124413,-0.1100149455401333,40.7167879371205,0.06820856624661872,16,9,0.0,0.2631578947368421,3.79578371012272,2.7772337273586096,4.564112936607742,4.827133749713218,0.05555555555555555,0.0,3.882598868495977,0.479503091332474,0.8153197831331497,0.3,0.7,0,,,,,,,,,,,,,,,,,,,,,,,,,,,,,,,,,621,0.0032725572697522207,
e2bef5ee-c2ee-4704-b52a-63bb2e7aea7a,frontierscience,deepseek-ai/DeepSeek-R1-Distill-Qwen-32B_reasoning-auto,physics,,deepseek-ai/DeepSeek-R1-Distill-Qwen-32B,0,is_correct,False,,,False,,,,463,2.532181462125365,-2.5297919025860907,-5.061973364711456,2.44212002463329,8.21798922225695,-4.41514135195337,3.80284787030358,1.102353041920136,-1.1703070458156017,-0.7987408234063947,-1.9010938653265308,61.10347698355597,0.08284264029809175,10,11,0.3157894736842105,0.15789473684210525,1.885349449367279,6.332639772889671,5.882570141963251,7.675812825206723,0.3888888888888889,0.1111111111111111,5.3625022733867524,0.9182771037079865,1.1816832520933178,0.4,0.6,0,,,,,,,,,,,,,,,,,,,,,,,,,,,,,,,,,463,0.004413153441231195,
