id,subject,failure_type,true_step_index,step_index,target,n_steps,step_pos,remaining_steps,slod_value,slod_centered,slod_from_start,slod_to_end,delta_prev,delta_next,abs_delta_prev,abs_delta_next,curvature,fall_from_peak,rebound_from_trough,is_peak_so_far,is_trough_so_far,reasoning_range,reasoning_monotonicity,reasoning_total_variation,reasoning_direction_changes,reasoning_curvature_abs_mean,reasoning_n_chunks,reasoning_peak_pos,reasoning_trough_pos,fold,prob_responsible
Camel/000,Math,Reasoning Hallucination,7,0,0,14,0.0,13.0,-0.08922792911525335,0.3634225682516412,0.0,4.973894042885888,0.0,-2.362202497519654,0.0,2.362202497519654,-2.362202497519654,0.0,0.0,1.0,1.0,9.483249586610981,0.10850988732711149,45.838164294574355,7,3.144559265869884,14,1.0,0.3157894736842105,1,0.4948659010946498
Camel/000,Math,Reasoning Hallucination,7,1,0,14,0.07692307692307693,12.0,-2.451430426634907,-1.9987799292680126,-2.362202497519654,7.336096540405542,-2.362202497519654,5.0690034760457685,2.362202497519654,5.0690034760457685,7.431205973565422,2.362202497519654,0.0,0.0,1.0,9.483249586610981,0.10850988732711149,45.838164294574355,7,3.144559265869884,14,1.0,0.3157894736842105,1,0.34700843972899337
Camel/000,Math,Reasoning Hallucination,7,2,0,14,0.15384615384615385,11.0,2.6175730494108613,3.070223546777756,2.7068009785261147,2.2670930643597735,5.0690034760457685,-2.6222970637553864,5.0690034760457685,2.6222970637553864,-7.691300539801155,0.0,5.0690034760457685,1.0,0.0,9.483249586610981,0.10850988732711149,45.838164294574355,7,3.144559265869884,14,1.0,0.3157894736842105,1,0.7088646646943619
Camel/000,Math,Reasoning Hallucination,7,3,0,14,0.23076923076923078,10.0,-0.004724014344525074,0.4479264830223695,0.08450391477072827,4.88939012811516,-2.6222970637553864,-5.141401604985504,2.6222970637553864,5.141401604985504,-2.519104541230117,2.6222970637553864,2.446706412290382,0.0,0.0,9.483249586610981,0.10850988732711149,45.838164294574355,7,3.144559265869884,14,1.0,0.3157894736842105,1,0.47693987073618305
Camel/000,Math,Reasoning Hallucination,7,4,0,14,0.3076923076923077,9.0,-5.146125619330029,-4.693475121963134,-5.056897690214775,10.030791733100664,-5.141401604985504,5.201650391652009,5.141401604985504,5.201650391652009,10.343051996637513,7.76369866874089,0.0,0.0,1.0,9.483249586610981,0.10850988732711149,45.838164294574355,7,3.144559265869884,14,1.0,0.3157894736842105,1,0.2079816398867997
Camel/000,Math,Reasoning Hallucination,7,5,0,14,0.38461538461538464,8.0,0.05552477232198072,0.5081752696888753,0.14475270143723407,4.829141341448654,5.201650391652009,0.16803820596204133,5.201650391652009,0.16803820596204133,-5.033612185689968,2.5620482770888806,5.201650391652009,0.0,0.0,9.483249586610981,0.10850988732711149,45.838164294574355,7,3.144559265869884,14,1.0,0.3157894736842105,1,0.5882712412436003
Camel/000,Math,Reasoning Hallucination,7,6,0,14,0.46153846153846156,7.0,0.22356297828402205,0.6762134756509166,0.3127909073992754,4.661103135486613,0.16803820596204133,2.265956962748028,0.16803820596204133,2.265956962748028,2.0979187567859867,2.3940100711268393,5.369688597614051,0.0,0.0,9.483249586610981,0.10850988732711149,45.838164294574355,7,3.144559265869884,14,1.0,0.3157894736842105,1,0.21521470569200962
Camel/000,Math,Reasoning Hallucination,7,7,1,14,0.5384615384615384,6.0,2.48951994103205,2.9421704383989447,2.5787478701473034,2.3951461727385848,2.265956962748028,-6.232861797788473,2.265956962748028,6.232861797788473,-8.498818760536501,0.12805310837881123,7.635645560362079,0.0,0.0,9.483249586610981,0.10850988732711149,45.838164294574355,7,3.144559265869884,14,1.0,0.3157894736842105,1,0.4201722526473423
Camel/000,Math,Reasoning Hallucination,7,8,0,14,0.6153846153846154,5.0,-3.743341856756423,-3.2906913593895286,-3.65411392764117,8.628007970527058,-6.232861797788473,0.8329896193734783,6.232861797788473,0.8329896193734783,7.0658514171619515,6.3609149061672845,1.4027837625736055,0.0,0.0,9.483249586610981,0.10850988732711149,45.838164294574355,7,3.144559265869884,14,1.0,0.3157894736842105,1,0.44296491104025243
Camel/000,Math,Reasoning Hallucination,7,9,0,14,0.6923076923076923,4.0,-2.910352237382945,-2.4577017400160504,-2.8211243082676916,7.79501835115358,0.8329896193734783,0.4669927721707481,0.8329896193734783,0.4669927721707481,-0.3659968472027302,5.527925286793806,2.2357733819470837,0.0,0.0,9.483249586610981,0.10850988732711149,45.838164294574355,7,3.144559265869884,14,1.0,0.3157894736842105,1,0.4065491490832209
Camel/000,Math,Reasoning Hallucination,7,10,0,14,0.7692307692307693,3.0,-2.443359465212197,-1.9907089678453023,-2.3541315360969435,7.328025578982832,0.4669927721707481,7.244068172325846,0.4669927721707481,7.244068172325846,6.777075400155098,5.060932514623058,2.702766154117832,0.0,0.0,9.483249586610981,0.10850988732711149,45.838164294574355,7,3.144559265869884,14,1.0,0.3157894736842105,1,0.3169773237442325
Camel/000,Math,Reasoning Hallucination,7,11,0,14,0.8461538461538461,2.0,4.80070870711365,5.253359204480544,4.889936636228903,0.08395740665698526,7.244068172325846,-9.420809683407093,7.244068172325846,9.420809683407093,-16.66487785573294,0.0,9.946834326443678,1.0,0.0,9.483249586610981,0.10850988732711149,45.838164294574355,7,3.144559265869884,14,1.0,0.3157894736842105,1,0.7024587231950601
Camel/000,Math,Reasoning Hallucination,7,12,0,14,0.9230769230769231,1.0,-4.620100976293443,-4.167450478926549,-4.53087304717819,9.504767090064078,-9.420809683407093,9.504767090064078,9.420809683407093,9.504767090064078,18.92557677347117,9.420809683407093,0.5260246430365854,0.0,0.0,9.483249586610981,0.10850988732711149,45.838164294574355,7,3.144559265869884,14,1.0,0.3157894736842105,1,0.3212206611489912
Camel/000,Math,Reasoning Hallucination,7,13,0,14,1.0,0.0,4.884666113770635,5.337316611137529,4.973894042885888,0.0,9.504767090064078,0.0,9.504767090064078,0.0,-9.504767090064078,0.0,10.030791733100664,1.0,0.0,9.483249586610981,0.10850988732711149,45.838164294574355,7,3.144559265869884,14,1.0,0.3157894736842105,1,0.6551384847591006
Camel/003,Math,Reasoning Hallucination,12,0,0,13,0.0,12.0,-0.21695661211883888,-0.9297183150284098,0.0,4.923585913040942,0.0,-4.065453882967223,0.0,4.065453882967223,-4.065453882967223,0.0,0.0,1.0,1.0,8.457856558883456,0.09926941231667978,49.59821759933653,7,3.1578921356777565,13,0.3684210526315789,0.10526315789473684,2,0.6068300135973328
Camel/003,Math,Reasoning Hallucination,12,1,0,13,0.08333333333333333,11.0,-4.2824104950860615,-4.9951721979956325,-4.065453882967223,8.989039796008164,-4.065453882967223,2.4159157174866337,4.065453882967223,2.4159157174866337,6.481369600453856,4.065453882967223,0.0,0.0,1.0,8.457856558883456,0.09926941231667978,49.59821759933653,7,3.1578921356777565,13,0.3684210526315789,0.10526315789473684,2,0.3138490956441348
Camel/003,Math,Reasoning Hallucination,12,2,0,13,0.16666666666666666,10.0,-1.8664947775994278,-2.579256480508999,-1.649538165480589,6.573124078521531,2.4159157174866337,4.288769998407076,2.4159157174866337,4.288769998407076,1.8728542809204427,1.649538165480589,2.4159157174866337,0.0,0.0,8.457856558883456,0.09926941231667978,49.59821759933653,7,3.1578921356777565,13,0.3684210526315789,0.10526315789473684,2,0.6546818577901926
Camel/003,Math,Reasoning Hallucination,12,3,0,13,0.25,9.0,2.4222752208076486,1.7095135178980776,2.6392318329264874,2.284354080114454,4.288769998407076,2.2748025383383315,4.288769998407076,2.2748025383383315,-2.013967460068745,0.0,6.70468571589371,1.0,0.0,8.457856558883456,0.09926941231667978,49.59821759933653,7,3.1578921356777565,13,0.3684210526315789,0.10526315789473684,2,0.5932555428601263
Camel/003,Math,Reasoning Hallucination,12,4,0,13,0.3333333333333333,8.0,4.69707775914598,3.984316056236409,4.914034371264819,0.009551541776122718,2.2748025383383315,0.2710720469762542,2.2748025383383315,0.2710720469762542,-2.0037304913620773,0.0,8.979488254232042,1.0,0.0,8.457856558883456,0.09926941231667978,49.59821759933653,7,3.1578921356777565,13,0.3684210526315789,0.10526315789473684,2,0.27773454605716424
Camel/003,Math,Reasoning Hallucination,12,5,0,13,0.4166666666666667,7.0,4.968149806122234,4.255388103212663,5.185106418241073,-0.2615205052001315,0.2710720469762542,-7.025107879273367,0.2710720469762542,7.025107879273367,-7.296179926249621,0.0,9.250560301208296,1.0,0.0,8.457856558883456,0.09926941231667978,49.59821759933653,7,3.1578921356777565,13,0.3684210526315789,0.10526315789473684,2,0.3555619847531388
Camel/003,Math,Reasoning Hallucination,12,6,0,13,0.5,6.0,-2.056958073151133,-2.769719776060704,-1.8400014610322941,6.763587374073236,-7.025107879273367,7.131997078752963,7.025107879273367,7.131997078752963,14.15710495802633,7.025107879273367,2.2254524219349285,0.0,0.0,8.457856558883456,0.09926941231667978,49.59821759933653,7,3.1578921356777565,13,0.3684210526315789,0.10526315789473684,2,0.17463968574680291
Camel/003,Math,Reasoning Hallucination,12,7,0,13,0.5833333333333334,5.0,5.07503900560183,4.362277302692259,5.291995617720669,-0.36840970467972767,7.131997078752963,-4.968263645730929,7.131997078752963,4.968263645730929,-12.100260724483892,0.0,9.357449500687892,1.0,0.0,8.457856558883456,0.09926941231667978,49.59821759933653,7,3.1578921356777565,13,0.3684210526315789,0.10526315789473684,2,0.609472558402328
Camel/003,Math,Reasoning Hallucination,12,8,0,13,0.6666666666666666,4.0,0.10677535987090181,-0.6059863430386692,0.3237319719897407,4.599853941051201,-4.968263645730929,-4.447636442773248,4.968263645730929,4.447636442773248,0.5206272029576802,4.968263645730929,4.389185854956963,0.0,0.0,8.457856558883456,0.09926941231667978,49.59821759933653,7,3.1578921356777565,13,0.3684210526315789,0.10526315789473684,2,0.23816189938957866
Camel/003,Math,Reasoning Hallucination,12,9,0,13,0.75,3.0,-4.340861082902347,-5.053622785811918,-4.123904470783508,9.04749038382445,-4.447636442773248,9.054060722780715,4.447636442773248,9.054060722780715,13.501697165553963,9.415900088504177,0.0,0.0,1.0,8.457856558883456,0.09926941231667978,49.59821759933653,7,3.1578921356777565,13,0.3684210526315789,0.10526315789473684,2,0.08433230938396456
Camel/003,Math,Reasoning Hallucination,12,10,0,13,0.8333333333333334,2.0,4.713199639878368,4.0004379369687975,4.930156251997207,-0.006570338956265687,9.054060722780715,-9.372762553545204,9.054060722780715,9.372762553545204,-18.42682327632592,0.361839365723462,9.054060722780715,0.0,0.0,8.457856558883456,0.09926941231667978,49.59821759933653,7,3.1578921356777565,13,0.3684210526315789,0.10526315789473684,2,0.6799332269478171
Camel/003,Math,Reasoning Hallucination,12,11,0,13,0.9166666666666666,1.0,-4.659562913666836,-5.372324616576407,-4.442606301547997,9.366192214588938,-9.372762553545204,9.366192214588938,9.372762553545204,9.366192214588938,18.738954768134143,9.734601919268666,0.0,0.0,1.0,8.457856558883456,0.09926941231667978,49.59821759933653,7,3.1578921356777565,13,0.3684210526315789,0.10526315789473684,2,0.08242567502843379
Camel/003,Math,Reasoning Hallucination,12,12,1,13,1.0,0.0,4.706629300922103,3.9938675980125318,4.923585913040942,0.0,9.366192214588938,0.0,9.366192214588938,0.0,-9.366192214588938,0.36840970467972767,9.366192214588938,0.0,0.0,8.457856558883456,0.09926941231667978,49.59821759933653,7,3.1578921356777565,13,0.3684210526315789,0.10526315789473684,2,0.4348579093388163
Camel/004,Science,Reasoning Hallucination,9,0,0,11,0.0,10.0,-2.5414204197462844,-2.340582718837533,0.0,-0.12061259076476816,0.0,7.29701173948385,0.0,7.29701173948385,7.29701173948385,0.0,0.0,1.0,1.0,10.459768122117467,0.002399020208828854,50.2757710505692,6,2.854571076157927,11,0.5789473684210527,0.21052631578947367,4,0.7237332098945191
Camel/004,Science,Reasoning Hallucination,9,1,0,11,0.1,9.0,4.755591319737565,4.956429020646317,7.29701173948385,-7.417624330248618,7.29701173948385,-9.6846917738403,7.29701173948385,9.6846917738403,-16.98170351332415,0.0,7.29701173948385,1.0,0.0,10.459768122117467,0.002399020208828854,50.2757710505692,6,2.854571076157927,11,0.5789473684210527,0.21052631578947367,4,0.7256276969725229
Camel/004,Science,Reasoning Hallucination,9,2,0,11,0.2,8.0,-4.929100454102734,-4.728262753193983,-2.3876800343564497,2.2670674435916816,-9.6846917738403,2.990382635481037,9.6846917738403,2.990382635481037,12.675074409321336,9.6846917738403,0.0,0.0,1.0,10.459768122117467,0.002399020208828854,50.2757710505692,6,2.854571076157927,11,0.5789473684210527,0.21052631578947367,4,0.05371703322008923
Camel/004,Science,Reasoning Hallucination,9,3,0,11,0.3,7.0,-1.9387178186216971,-1.7378801177129455,0.6027026011245873,-0.7233151918893554,2.990382635481037,1.9777307398059207,2.990382635481037,1.9777307398059207,-1.0126518956751163,6.694309138359262,2.990382635481037,0.0,0.0,10.459768122117467,0.002399020208828854,50.2757710505692,6,2.854571076157927,11,0.5789473684210527,0.21052631578947367,4,0.33302559192602116
Camel/004,Science,Reasoning Hallucination,9,4,0,11,0.4,6.0,0.039012921184223615,0.2398506220929752,2.580433340930508,-2.701045931695276,1.9777307398059207,2.6674634050741197,1.9777307398059207,2.6674634050741197,0.689732665268199,4.716578398553342,4.968113375286958,0.0,0.0,10.459768122117467,0.002399020208828854,50.2757710505692,6,2.854571076157927,11,0.5789473684210527,0.21052631578947367,4,0.16678737039905386
Camel/004,Science,Reasoning Hallucination,9,5,0,11,0.5,5.0,2.7064763262583433,2.9073140271670947,5.247896746004628,-5.368509336769396,2.6674634050741197,3.976026717622233,2.6674634050741197,3.976026717622233,1.308563312548113,2.049114993479222,7.6355767803610775,0.0,0.0,10.459768122117467,0.002399020208828854,50.2757710505692,6,2.854571076157927,11,0.5789473684210527,0.21052631578947367,4,0.11296066907011668
Camel/004,Science,Reasoning Hallucination,9,6,0,11,0.6,4.0,6.682503043880576,6.883340744789328,9.22392346362686,-9.344536054391629,3.976026717622233,-11.156391808002525,3.976026717622233,11.156391808002525,-15.132418525624757,0.0,11.61160349798331,1.0,0.0,10.459768122117467,0.002399020208828854,50.2757710505692,6,2.854571076157927,11,0.5789473684210527,0.21052631578947367,4,0.20309153416372625
Camel/004,Science,Reasoning Hallucination,9,7,0,11,0.7,3.0,-4.4738887641219485,-4.273051063213197,-1.932468344375664,1.811855753610896,-11.156391808002525,9.165479706299706,11.156391808002525,9.165479706299706,20.32187151430223,11.156391808002525,0.45521168998078565,0.0,0.0,10.459768122117467,0.002399020208828854,50.2757710505692,6,2.854571076157927,11,0.5789473684210527,0.21052631578947367,4,0.0652447944853668
Camel/004,Science,Reasoning Hallucination,9,8,0,11,0.8,2.0,4.691590942177758,4.892428643086509,7.233011361924042,-7.35362395268881,9.165479706299706,-9.230819738308774,9.165479706299706,9.230819738308774,-18.39629944460848,1.9909121017028184,9.620691396280492,0.0,0.0,10.459768122117467,0.002399020208828854,50.2757710505692,6,2.854571076157927,11,0.5789473684210527,0.21052631578947367,4,0.47340338771278706
Camel/004,Science,Reasoning Hallucination,9,9,1,11,0.9,1.0,-4.539228796131017,-4.338391095222265,-1.9978083763847323,1.8771957856199641,-9.230819738308774,1.8771957856199641,9.230819738308774,1.8771957856199641,11.108015523928739,11.221731840011593,0.3898716579717174,0.0,0.0,10.459768122117467,0.002399020208828854,50.2757710505692,6,2.854571076157927,11,0.5789473684210527,0.21052631578947367,4,0.08070101966823952
Camel/004,Science,Reasoning Hallucination,9,10,0,11,1.0,0.0,-2.6620330105110526,-2.461195309602301,-0.12061259076476816,0.0,1.8771957856199641,0.0,1.8771957856199641,0.0,-1.8771957856199641,9.344536054391629,2.2670674435916816,0.0,0.0,10.459768122117467,0.002399020208828854,50.2757710505692,6,2.854571076157927,11,0.5789473684210527,0.21052631578947367,4,0.20671105712188348
Camel/005,General Assistant,Reasoning Hallucination,15,0,0,18,0.0,17.0,-0.03516349695158638,-0.029967331113496896,0.0,2.495222429206205,0.0,0.060833324885155804,0.0,0.060833324885155804,0.060833324885155804,0.0,0.0,1.0,1.0,8.152171587849812,0.05420212050880328,46.03551310877111,8,3.754320873942534,18,0.47368421052631576,0.5263157894736842,3,0.5099543265795986
Camel/005,General Assistant,Reasoning Hallucination,15,1,0,18,0.058823529411764705,16.0,0.025669827933569422,0.030865993771658908,0.060833324885155804,2.434389104321049,0.060833324885155804,1.5344078659623115,0.060833324885155804,1.5344078659623115,1.4735745410771557,0.0,0.060833324885155804,1.0,0.0,8.152171587849812,0.05420212050880328,46.03551310877111,8,3.754320873942534,18,0.47368421052631576,0.5263157894736842,3,0.6814462975391248
Camel/005,General Assistant,Reasoning Hallucination,15,2,0,18,0.11764705882352941,15.0,1.560077693895881,1.5652738597339704,1.5952411908474673,0.8999812383587376,1.5344078659623115,-3.4016801803795396,1.5344078659623115,3.4016801803795396,-4.936088046341851,0.0,1.5952411908474673,1.0,0.0,8.152171587849812,0.05420212050880328,46.03551310877111,8,3.754320873942534,18,0.47368421052631576,0.5263157894736842,3,0.7335698984864377
Camel/005,General Assistant,Reasoning Hallucination,15,3,0,18,0.17647058823529413,14.0,-1.8416024864836587,-1.8364063206455692,-1.8064389895320723,4.301661418738277,-3.4016801803795396,1.6905761557755916,3.4016801803795396,1.6905761557755916,5.092256336155131,3.4016801803795396,0.0,0.0,1.0,8.152171587849812,0.05420212050880328,46.03551310877111,8,3.754320873942534,18,0.47368421052631576,0.5263157894736842,3,0.2073048511328459
Camel/005,General Assistant,Reasoning Hallucination,15,4,0,18,0.23529411764705882,13.0,-0.15102633070806704,-0.14583016486997755,-0.11586283375648065,2.6110852629626855,1.6905761557755916,0.23473906228429797,1.6905761557755916,0.23473906228429797,-1.4558370934912936,1.711104024603948,1.6905761557755916,0.0,0.0,8.152171587849812,0.05420212050880328,46.03551310877111,8,3.754320873942534,18,0.47368421052631576,0.5263157894736842,3,0.46064643741067196
Camel/005,General Assistant,Reasoning Hallucination,15,5,0,18,0.29411764705882354,12.0,0.08371273157623094,0.08890889741432043,0.11887622852781732,2.3763462006783875,0.23473906228429797,2.2353702159530933,0.23473906228429797,2.2353702159530933,2.0006311536687953,1.47636496231965,1.9253152180598896,0.0,0.0,8.152171587849812,0.05420212050880328,46.03551310877111,8,3.754320873942534,18,0.47368421052631576,0.5263157894736842,3,0.2580842429687826
Camel/005,General Assistant,Reasoning Hallucination,15,6,0,18,0.35294117647058826,11.0,2.319082947529324,2.324279113367414,2.3542464444809106,0.14097598472529427,2.2353702159530933,-7.037554882440862,2.2353702159530933,7.037554882440862,-9.272925098393955,0.0,4.160685434012983,1.0,0.0,8.152171587849812,0.05420212050880328,46.03551310877111,8,3.754320873942534,18,0.47368421052631576,0.5263157894736842,3,0.7042731989932007
Camel/005,General Assistant,Reasoning Hallucination,15,7,0,18,0.4117647058823529,10.0,-4.718471934911538,-4.713275769073448,-4.683308437959951,7.178530867166156,-7.037554882440862,9.401801656768207,7.037554882440862,9.401801656768207,16.43935653920907,7.037554882440862,0.0,0.0,1.0,8.152171587849812,0.05420212050880328,46.03551310877111,8,3.754320873942534,18,0.47368421052631576,0.5263157894736842,3,0.08266268925828661
Camel/005,General Assistant,Reasoning Hallucination,15,8,0,18,0.47058823529411764,9.0,4.683329721856669,4.688525887694759,4.718493218808256,-2.2232707896020507,9.401801656768207,-9.111250598185087,9.401801656768207,9.111250598185087,-18.513052254953294,0.0,9.401801656768207,1.0,0.0,8.152171587849812,0.05420212050880328,46.03551310877111,8,3.754320873942534,18,0.47368421052631576,0.5263157894736842,3,0.8654802957027571
Camel/005,General Assistant,Reasoning Hallucination,15,9,0,18,0.5294117647058824,8.0,-4.427920876328418,-4.4227247104903284,-4.392757379376832,6.887979808583037,-9.111250598185087,4.4024196914436615,9.111250598185087,4.4024196914436615,13.513670289628749,9.111250598185087,0.29055105858311947,0.0,0.0,8.152171587849812,0.05420212050880328,46.03551310877111,8,3.754320873942534,18,0.47368421052631576,0.5263157894736842,3,0.18301856044257286
Camel/005,General Assistant,Reasoning Hallucination,15,10,0,18,0.5882352941176471,7.0,-0.02550118488475661,-0.020305019046667126,0.00966231206682977,2.485560117139375,4.4024196914436615,4.819882485717404,4.4024196914436615,4.819882485717404,0.41746279427374233,4.708830906741426,4.692970750026781,0.0,0.0,8.152171587849812,0.05420212050880328,46.03551310877111,8,3.754320873942534,18,0.47368421052631576,0.5263157894736842,3,0.18236360035796775
Camel/005,General Assistant,Reasoning Hallucination,15,11,0,18,0.6470588235294118,6.0,4.794381300832647,4.799577466670737,4.829544797784234,-2.3343223685780288,4.819882485717404,-2.6097651594938718,4.819882485717404,2.6097651594938718,-7.429647645211276,0.0,9.512853235744185,1.0,0.0,8.152171587849812,0.05420212050880328,46.03551310877111,8,3.754320873942534,18,0.47368421052631576,0.5263157894736842,3,0.3509433070789651
Camel/005,General Assistant,Reasoning Hallucination,15,12,0,18,0.7058823529411765,5.0,2.1846161413387755,2.189812307176865,2.219779638290362,0.275442790915843,-2.6097651594938718,0.2921151788874212,2.6097651594938718,0.2921151788874212,2.901880338381293,2.6097651594938718,6.903088076250313,0.0,0.0,8.152171587849812,0.05420212050880328,46.03551310877111,8,3.754320873942534,18,0.47368421052631576,0.5263157894736842,3,0.05368964189916866
Camel/005,General Assistant,Reasoning Hallucination,15,13,0,18,0.7647058823529411,4.0,2.4767313202261967,2.4819274860642864,2.511894817177783,-0.016672387971578218,0.2921151788874212,-6.866126461126839,0.2921151788874212,6.866126461126839,-7.1582416400142606,2.3176499806064506,7.195203255137734,0.0,0.0,8.152171587849812,0.05420212050880328,46.03551310877111,8,3.754320873942534,18,0.47368421052631576,0.5263157894736842,3,0.09488730549871001
Camel/005,General Assistant,Reasoning Hallucination,15,14,0,18,0.8235294117647058,3.0,-4.389395140900643,-4.384198975062553,-4.354231643949056,6.849454073155261,-6.866126461126839,1.7054146886817207,6.866126461126839,1.7054146886817207,8.57154114980856,9.18377644173329,0.32907679401089496,0.0,0.0,8.152171587849812,0.05420212050880328,46.03551310877111,8,3.754320873942534,18,0.47368421052631576,0.5263157894736842,3,0.22485540420582303
Camel/005,General Assistant,Reasoning Hallucination,15,15,1,18,0.8823529411764706,2.0,-2.683980452218922,-2.678784286380832,-2.6488169552673355,5.14403938447354,1.7054146886817207,0.2758507530769876,1.7054146886817207,0.2758507530769876,-1.4295639356047332,7.478361753051569,2.0344914826926157,0.0,0.0,8.152171587849812,0.05420212050880328,46.03551310877111,8,3.754320873942534,18,0.47368421052631576,0.5263157894736842,3,0.22263156579131907
Camel/005,General Assistant,Reasoning Hallucination,15,16,0,18,0.9411764705882353,1.0,-2.4081296991419343,-2.4029335333038446,-2.372966202190348,4.868188631396553,0.2758507530769876,4.868188631396553,0.2758507530769876,4.868188631396553,4.592337878319565,7.2025109999745816,2.3103422357696033,0.0,0.0,8.152171587849812,0.05420212050880328,46.03551310877111,8,3.754320873942534,18,0.47368421052631576,0.5263157894736842,3,0.0740466616022253
Camel/005,General Assistant,Reasoning Hallucination,15,17,0,18,1.0,0.0,2.4600589322546185,2.465255098092708,2.495222429206205,0.0,4.868188631396553,0.0,4.868188631396553,0.0,-4.868188631396553,2.3343223685780288,7.178530867166156,0.0,0.0,8.152171587849812,0.05420212050880328,46.03551310877111,8,3.754320873942534,18,0.47368421052631576,0.5263157894736842,3,0.25060426806393865
Camel/006,Science,Reasoning Hallucination,2,0,0,3,0.0,2.0,-2.914083696984143,-2.5550652381124443,0.0,5.092076922530133,0.0,2.5731187918072003,0.0,2.5731187918072003,2.5731187918072003,0.0,0.0,1.0,1.0,5.092076922530133,1.0,5.092076922530133,0,0.0003167290121889383,3,1.0,0.0,0,0.6071143063053005
Camel/006,Science,Reasoning Hallucination,2,1,0,3,0.5,1.0,-0.3409649051769428,0.01805355369475592,2.5731187918072003,2.5189581307229325,2.5731187918072003,2.5189581307229325,2.5731187918072003,2.5189581307229325,-0.05416066108426776,0.0,2.5731187918072003,1.0,0.0,5.092076922530133,1.0,5.092076922530133,0,0.0003167290121889383,3,1.0,0.0,0,0.7876628794122892
Camel/006,Science,Reasoning Hallucination,2,2,1,3,1.0,0.0,2.1779932255459897,2.5370116844176884,5.092076922530133,0.0,2.5189581307229325,0.0,2.5189581307229325,0.0,-2.5189581307229325,0.0,5.092076922530133,1.0,0.0,5.092076922530133,1.0,5.092076922530133,0,0.0003167290121889383,3,1.0,0.0,0,0.6728810568804505
Camel/008,Math,Human-Interaction Hallucination,3,0,0,8,0.0,7.0,-2.4668754262833126,-2.4532616995326983,0.0,8.355225049211715,0.0,2.4760279454021976,0.0,2.4760279454021976,2.4760279454021976,0.0,0.0,1.0,1.0,9.128587607250237,0.38350231997153145,21.786634953947473,4,0.7289021501166248,8,1.0,0.8421052631578947,0,0.6325135092834224
Camel/008,Math,Human-Interaction Hallucination,3,1,0,8,0.14285714285714285,6.0,0.009152519118885039,0.02276624586949927,2.4760279454021976,5.879197103809517,2.4760279454021976,-2.5162961671022686,2.4760279454021976,2.5162961671022686,-4.992324112504466,0.0,2.4760279454021976,1.0,0.0,9.128587607250237,0.38350231997153145,21.786634953947473,4,0.7289021501166248,8,1.0,0.8421052631578947,0,0.7690554760248699
Camel/008,Math,Human-Interaction Hallucination,3,2,0,8,0.2857142857142857,5.0,-2.5071436479833835,-2.4935299212327693,-0.04026822170007094,8.395493270911786,-2.5162961671022686,4.357858631395963,2.5162961671022686,4.357858631395963,6.874154798498232,2.5162961671022686,0.0,0.0,1.0,9.128587607250237,0.38350231997153145,21.786634953947473,4,0.7289021501166248,8,1.0,0.8421052631578947,0,0.3381543678020913
Camel/008,Math,Human-Interaction Hallucination,3,3,1,8,0.42857142857142855,4.0,1.8507149834125798,1.864328710163194,4.317590409695892,4.037634639515822,4.357858631395963,-1.3236084183713004,4.357858631395963,1.3236084183713004,-5.681467049767264,0.0,4.357858631395963,1.0,0.0,9.128587607250237,0.38350231997153145,21.786634953947473,4,0.7289021501166248,8,1.0,0.8421052631578947,0,0.7066169089049222
Camel/008,Math,Human-Interaction Hallucination,3,4,0,8,0.5714285714285714,3.0,0.5271065650412794,0.5407202917918936,2.993981991324592,5.361243057887123,-1.3236084183713004,-0.2877148058382346,1.3236084183713004,0.2877148058382346,1.0358936125330658,1.3236084183713004,3.034250213024663,0.0,0.0,9.128587607250237,0.38350231997153145,21.786634953947473,4,0.7289021501166248,8,1.0,0.8421052631578947,0,0.38178908888328494
Camel/008,Math,Human-Interaction Hallucination,3,5,0,8,0.7142857142857143,2.0,0.23939175920304478,0.253005485953659,2.7062671854863574,5.648957863725357,-0.2877148058382346,-3.8889979486454536,0.2877148058382346,3.8889979486454536,-3.601283142807219,1.611323224209535,2.7465354071864283,0.0,0.0,9.128587607250237,0.38350231997153145,21.786634953947473,4,0.7289021501166248,8,1.0,0.8421052631578947,0,0.4716211515795396
Camel/008,Math,Human-Interaction Hallucination,3,6,0,8,0.8571428571428571,1.0,-3.6496061894424088,-3.6359924626917945,-1.1827307631590962,9.53795581237081,-3.8889979486454536,9.53795581237081,3.8889979486454536,9.53795581237081,13.426953761016264,5.500321172854989,0.0,0.0,1.0,9.128587607250237,0.38350231997153145,21.786634953947473,4,0.7289021501166248,8,1.0,0.8421052631578947,0,0.2583470922296964
Camel/008,Math,Human-Interaction Hallucination,3,7,0,8,1.0,0.0,5.888349622928402,5.901963349679017,8.355225049211715,0.0,9.53795581237081,0.0,9.53795581237081,0.0,-9.53795581237081,0.0,9.53795581237081,1.0,0.0,9.128587607250237,0.38350231997153145,21.786634953947473,4,0.7289021501166248,8,1.0,0.8421052631578947,0,0.5949419754818965
Camel/009,Math,Reasoning Hallucination,3,0,0,14,0.0,13.0,0.013560479092852518,0.024856041055631804,0.0,2.276483095601421,0.0,-0.06976006787140321,0.0,0.06976006787140321,-0.06976006787140321,0.0,0.0,1.0,1.0,10.010585994666467,0.053102057436199494,42.86996032755503,7,3.37308493917155,14,0.21052631578947367,0.47368421052631576,2,0.5396575082617798
Camel/009,Math,Reasoning Hallucination,3,1,0,14,0.07692307692307693,12.0,-0.05619958877855069,-0.04490402681577141,-0.06976006787140321,2.346243163472824,-0.06976006787140321,-1.9898518774931055,0.06976006787140321,1.9898518774931055,-1.9200918096217023,0.06976006787140321,0.0,0.0,1.0,10.010585994666467,0.053102057436199494,42.86996032755503,7,3.37308493917155,14,0.21052631578947367,0.47368421052631576,2,0.430805359474156
Camel/009,Math,Reasoning Hallucination,3,2,0,14,0.15384615384615385,11.0,-2.0460514662716562,-2.0347559043088768,-2.0596119453645088,4.33609504096593,-1.9898518774931055,9.028496787152626,1.9898518774931055,9.028496787152626,11.018348664645732,2.0596119453645088,0.0,0.0,1.0,10.010585994666467,0.053102057436199494,42.86996032755503,7,3.37308493917155,14,0.21052631578947367,0.47368421052631576,2,0.35934500566183375
Camel/009,Math,Reasoning Hallucination,3,3,1,14,0.23076923076923078,10.0,6.98244532088097,6.993740882843749,6.9688848417881175,-4.692401746186697,9.028496787152626,-7.095832675884608,9.028496787152626,7.095832675884608,-16.124329463037235,0.0,9.028496787152626,1.0,0.0,10.010585994666467,0.053102057436199494,42.86996032755503,7,3.37308493917155,14,0.21052631578947367,0.47368421052631576,2,0.6379595454852323
Camel/009,Math,Reasoning Hallucination,3,4,0,14,0.3076923076923077,9.0,-0.11338735500363839,-0.10209179304085911,-0.1269478340964909,2.4034309296979117,-7.095832675884608,4.999042714178064,7.095832675884608,4.999042714178064,12.094875390062672,7.095832675884608,1.9326641112680178,0.0,0.0,10.010585994666467,0.053102057436199494,42.86996032755503,7,3.37308493917155,14,0.21052631578947367,0.47368421052631576,2,0.11740416396293178
Camel/009,Math,Reasoning Hallucination,3,5,0,14,0.38461538461538464,8.0,4.885655359174425,4.896950921137204,4.872094880081573,-2.595611784480152,4.999042714178064,-11.753815974660238,4.999042714178064,11.753815974660238,-16.7528586888383,2.096789961706545,6.931706825446081,0.0,0.0,10.010585994666467,0.053102057436199494,42.86996032755503,7,3.37308493917155,14,0.21052631578947367,0.47368421052631576,2,0.48327543395791744
Camel/009,Math,Reasoning Hallucination,3,6,0,14,0.46153846153846156,7.0,-6.868160615485813,-6.856865053523034,-6.8817210945786655,9.158204190180086,-11.753815974660238,9.27263165218099,11.753815974660238,9.27263165218099,21.02644762684123,13.850605936366783,0.0,0.0,1.0,10.010585994666467,0.053102057436199494,42.86996032755503,7,3.37308493917155,14,0.21052631578947367,0.47368421052631576,2,0.04580891020816698
Camel/009,Math,Reasoning Hallucination,3,7,0,14,0.5384615384615384,6.0,2.4044710366951776,2.415766598657957,2.390910557602325,-0.11442746200090426,9.27263165218099,-2.3078878163037366,9.27263165218099,2.3078878163037366,-11.580519468484727,4.577974284185792,9.27263165218099,0.0,0.0,10.010585994666467,0.053102057436199494,42.86996032755503,7,3.37308493917155,14,0.21052631578947367,0.47368421052631576,2,0.3542648246848671
Camel/009,Math,Reasoning Hallucination,3,8,0,14,0.6153846153846154,5.0,0.09658322039144096,0.10787878235422024,0.08302274129858844,2.1934603543028324,-2.3078878163037366,-0.07040917272214031,2.3078878163037366,0.07040917272214031,2.2374786435815963,6.885862100489529,6.964743835877254,0.0,0.0,10.010585994666467,0.053102057436199494,42.86996032755503,7,3.37308493917155,14,0.21052631578947367,0.47368421052631576,2,0.08575642181953452
Camel/009,Math,Reasoning Hallucination,3,9,0,14,0.6923076923076923,4.0,0.02617404766930065,0.03746960963207993,0.012613568576448131,2.2638695270249727,-0.07040917272214031,-0.1409415242463048,0.07040917272214031,0.1409415242463048,-0.07053235152416448,6.956271273211669,6.894334663155114,0.0,0.0,10.010585994666467,0.053102057436199494,42.86996032755503,7,3.37308493917155,14,0.21052631578947367,0.47368421052631576,2,0.09121206521948425
Camel/009,Math,Reasoning Hallucination,3,10,0,14,0.7692307692307693,3.0,-0.11476747657700415,-0.10347191461422486,-0.12832795566985666,2.4048110512712775,-0.1409415242463048,-2.717814530601135,0.1409415242463048,2.717814530601135,-2.5768730063548304,7.097212797457974,6.753393138908809,0.0,0.0,10.010585994666467,0.053102057436199494,42.86996032755503,7,3.37308493917155,14,0.21052631578947367,0.47368421052631576,2,0.12265460289757554
Camel/009,Math,Reasoning Hallucination,3,11,0,14,0.8461538461538461,2.0,-2.8325820071781393,-2.82128644521536,-2.846142486270992,5.122625581872413,-2.717814530601135,-1.993340389604409,2.717814530601135,1.993340389604409,0.7244741409967261,9.81502732805911,4.035578608307674,0.0,0.0,10.010585994666467,0.053102057436199494,42.86996032755503,7,3.37308493917155,14,0.21052631578947367,0.47368421052631576,2,0.14170168114382706
Camel/009,Math,Reasoning Hallucination,3,12,0,14,0.9230769230769231,1.0,-4.825922396782548,-4.814626834819769,-4.839482875875401,7.115965971476822,-1.993340389604409,7.115965971476822,1.993340389604409,7.115965971476822,9.10930636108123,11.808367717663518,2.0422382187032646,0.0,0.0,10.010585994666467,0.053102057436199494,42.86996032755503,7,3.37308493917155,14,0.21052631578947367,0.47368421052631576,2,0.13696012639771804
Camel/009,Math,Reasoning Hallucination,3,13,0,14,1.0,0.0,2.2900435746942733,2.301339136657053,2.276483095601421,0.0,7.115965971476822,0.0,7.115965971476822,0.0,-7.115965971476822,4.692401746186697,9.158204190180086,0.0,0.0,10.010585994666467,0.053102057436199494,42.86996032755503,7,3.37308493917155,14,0.21052631578947367,0.47368421052631576,2,0.23904446178752675
Camel/011,Science,Reasoning Hallucination,2,0,0,3,0.0,2.0,3.9595229580519877,5.3009945323596375,0.0,-9.9839465483759,0.0,-5.919037048703011,0.0,5.919037048703011,-5.919037048703011,0.0,0.0,1.0,1.0,9.9839465483759,1.0,9.9839465483759,0,0.010842851163919191,3,0.0,1.0,1,0.5145757451782893
Camel/011,Science,Reasoning Hallucination,2,1,0,3,0.5,1.0,-1.959514090651023,-0.6180425163433736,-5.919037048703011,-4.06490949967289,-5.919037048703011,-4.06490949967289,5.919037048703011,4.06490949967289,1.854127549030121,5.919037048703011,0.0,0.0,1.0,9.9839465483759,1.0,9.9839465483759,0,0.010842851163919191,3,0.0,1.0,1,0.5258244626984883
Camel/011,Science,Reasoning Hallucination,2,2,1,3,1.0,0.0,-6.024423590323913,-4.682952016016263,-9.9839465483759,0.0,-4.06490949967289,0.0,4.06490949967289,0.0,4.06490949967289,9.9839465483759,0.0,0.0,1.0,9.9839465483759,1.0,9.9839465483759,0,0.010842851163919191,3,0.0,1.0,1,0.4725926293940028
Camel/012,General Assistant,Retrieval Hallucination,17,0,0,35,0.0,34.0,2.6360145221949836,2.6390642644557833,0.0,-0.31869830460396287,0.0,-5.101747311647582,0.0,5.101747311647582,-5.101747311647582,0.0,0.0,1.0,1.0,6.983402410322213,0.007770388021082889,41.01446462380765,13,3.8156638464856183,35,0.0,0.5263157894736842,0,0.14998519763380794
Camel/012,General Assistant,Retrieval Hallucination,17,1,0,35,0.029411764705882353,33.0,-2.4657327894525984,-2.4626830471917986,-5.101747311647582,4.783049007043619,-5.101747311647582,2.2205974363349483,5.101747311647582,2.2205974363349483,7.32234474798253,5.101747311647582,0.0,0.0,1.0,6.983402410322213,0.007770388021082889,41.01446462380765,13,3.8156638464856183,35,0.0,0.5263157894736842,0,0.0857570656178445
Camel/012,General Assistant,Retrieval Hallucination,17,2,0,35,0.058823529411764705,32.0,-0.2451353531176501,-0.24208561085685026,-2.8811498753126337,2.562451570708671,2.2205974363349483,-1.846775857428593,2.2205974363349483,1.846775857428593,-4.067373293763541,2.8811498753126337,2.2205974363349483,0.0,0.0,6.983402410322213,0.007770388021082889,41.01446462380765,13,3.8156638464856183,35,0.0,0.5263157894736842,0,0.24692715976564103
Camel/012,General Assistant,Retrieval Hallucination,17,3,0,35,0.08823529411764706,31.0,-2.091911210546243,-2.0888614682854434,-4.727925732741227,4.409227428137264,-1.846775857428593,4.703242247222619,1.846775857428593,4.703242247222619,6.550018104651212,4.727925732741227,0.37382157890635526,0.0,0.0,6.983402410322213,0.007770388021082889,41.01446462380765,13,3.8156638464856183,35,0.0,0.5263157894736842,0,0.14674254407528425
Camel/012,General Assistant,Retrieval Hallucination,17,4,0,35,0.11764705882352941,30.0,2.6113310366763756,2.6143807789371754,-0.024683485518607995,-0.2940148190853549,4.703242247222619,-0.05903594936645007,4.703242247222619,0.05903594936645007,-4.762278196589069,0.024683485518607995,5.077063826128974,0.0,0.0,6.983402410322213,0.007770388021082889,41.01446462380765,13,3.8156638464856183,35,0.0,0.5263157894736842,0,0.2468219029108704
Camel/012,General Assistant,Retrieval Hallucination,17,5,0,35,0.14705882352941177,29.0,2.5522950873099255,2.5553448295707253,-0.08371943488505806,-0.2349788697189048,-0.05903594936645007,-5.119603375948433,0.05903594936645007,5.119603375948433,-5.060567426581983,0.08371943488505806,5.018027876762524,0.0,0.0,6.983402410322213,0.007770388021082889,41.01446462380765,13,3.8156638464856183,35,0.0,0.5263157894736842,0,0.11430759457718057
Camel/012,General Assistant,Retrieval Hallucination,17,6,0,35,0.17647058823529413,28.0,-2.5673082886385075,-2.5642585463777077,-5.203322810833491,4.884624506229528,-5.119603375948433,0.12169138934701351,5.119603375948433,0.12169138934701351,5.2412947652954465,5.203322810833491,0.0,0.0,1.0,6.983402410322213,0.007770388021082889,41.01446462380765,13,3.8156638464856183,35,0.0,0.5263157894736842,0,0.07262387982360607
Camel/012,General Assistant,Retrieval Hallucination,17,7,0,35,0.20588235294117646,27.0,-2.445616899291494,-2.442567157030694,-5.0816314214864775,4.762933116882515,0.12169138934701351,7.573871288169087,0.12169138934701351,7.573871288169087,7.452179898822074,5.0816314214864775,0.12169138934701351,0.0,0.0,6.983402410322213,0.007770388021082889,41.01446462380765,13,3.8156638464856183,35,0.0,0.5263157894736842,0,0.11457008255376906
Camel/012,General Assistant,Retrieval Hallucination,17,8,0,35,0.23529411764705882,26.0,5.128254388877593,5.131304131138394,2.4922398666826098,-2.8109381712865726,7.573871288169087,-2.8751956102389755,7.573871288169087,2.8751956102389755,-10.449066898408063,0.0,7.695562677516101,1.0,0.0,6.983402410322213,0.007770388021082889,41.01446462380765,13,3.8156638464856183,35,0.0,0.5263157894736842,0,0.22984511849930947
Camel/012,General Assistant,Retrieval Hallucination,17,9,0,35,0.2647058823529412,25.0,2.253058778638618,2.2561085208994176,-0.38295574355636575,0.06425743895240288,-2.8751956102389755,-4.726449613184279,2.8751956102389755,4.726449613184279,-1.8512540029453035,2.8751956102389755,4.820367067277125,0.0,0.0,6.983402410322213,0.007770388021082889,41.01446462380765,13,3.8156638464856183,35,0.0,0.5263157894736842,0,0.0420459311375276
Camel/012,General Assistant,Retrieval Hallucination,17,10,0,35,0.29411764705882354,24.0,-2.473390834545661,-2.4703410922848614,-5.109405356740645,4.790707052136682,-4.726449613184279,2.3610038873931956,4.726449613184279,2.3610038873931956,7.087453500577475,7.6016452234232545,0.09391745409284624,0.0,0.0,6.983402410322213,0.007770388021082889,41.01446462380765,13,3.8156638464856183,35,0.0,0.5263157894736842,0,0.053757783411514465
Camel/012,General Assistant,Retrieval Hallucination,17,11,0,35,0.3235294117647059,23.0,-0.11238694715246567,-0.1093372048916658,-2.748401469347449,2.4297031647434864,2.3610038873931956,2.685437972690959,2.3610038873931956,2.685437972690959,0.32443408529776363,5.240641336030059,2.454921341486042,0.0,0.0,6.983402410322213,0.007770388021082889,41.01446462380765,13,3.8156638464856183,35,0.0,0.5263157894736842,0,0.0610630919165096
Camel/012,General Assistant,Retrieval Hallucination,17,12,0,35,0.35294117647058826,22.0,2.5730510255384935,2.5761007677992933,-0.06296349665649004,-0.25573480794747283,2.685437972690959,-2.6653923640784534,2.685437972690959,2.6653923640784534,-5.3508303367694126,2.5552033633391,5.140359314177001,0.0,0.0,6.983402410322213,0.007770388021082889,41.01446462380765,13,3.8156638464856183,35,0.0,0.5263157894736842,0,0.05660976847336262
Camel/012,General Assistant,Retrieval Hallucination,17,13,0,35,0.38235294117647056,21.0,-0.09234133853995985,-0.08929159627915999,-2.7283558607349434,2.4096575561309805,-2.6653923640784534,-2.4231682643038788,2.6653923640784534,2.4231682643038788,0.2422240997745746,5.220595727417553,2.4749669500985476,0.0,0.0,6.983402410322213,0.007770388021082889,41.01446462380765,13,3.8156638464856183,35,0.0,0.5263157894736842,0,0.04098624067240354
Camel/012,General Assistant,Retrieval Hallucination,17,14,0,35,0.4117647058823529,20.0,-2.5155096028438386,-2.512459860583039,-5.151524125038822,4.832825820434859,-2.4231682643038788,4.8309489283420355,2.4231682643038788,4.8309489283420355,7.254117192645914,7.643763991721432,0.05179868579466884,0.0,0.0,6.983402410322213,0.007770388021082889,41.01446462380765,13,3.8156638464856183,35,0.0,0.5263157894736842,0,0.03880282523815961
Camel/012,General Assistant,Retrieval Hallucination,17,15,0,35,0.4411764705882353,19.0,2.315439325498197,2.3184890677589967,-0.3205751966967867,0.001876892092823823,4.8309489283420355,-4.691285388510437,4.8309489283420355,4.691285388510437,-9.522234316852472,2.8128150633793965,4.882747614136704,0.0,0.0,6.983402410322213,0.007770388021082889,41.01446462380765,13,3.8156638464856183,35,0.0,0.5263157894736842,0,0.0952397322713711
Camel/012,General Assistant,Retrieval Hallucination,17,16,0,35,0.47058823529411764,18.0,-2.37584606301224,-2.37279632075144,-5.0118605852072236,4.693162280603261,-4.691285388510437,4.552998916314465,4.691285388510437,4.552998916314465,9.244284304824902,7.504100451889833,0.19146222562626747,0.0,0.0,6.983402410322213,0.007770388021082889,41.01446462380765,13,3.8156638464856183,35,0.0,0.5263157894736842,0,0.03566905678597254
Camel/012,General Assistant,Retrieval Hallucination,17,17,1,35,0.5,17.0,2.177152853302225,2.1802025955630246,-0.4588616688927587,0.14016336428879583,4.552998916314465,-7.29213376983293,4.552998916314465,7.29213376983293,-11.845132686147394,2.9511015355753685,4.744461141940732,0.0,0.0,6.983402410322213,0.007770388021082889,41.01446462380765,13,3.8156638464856183,35,0.0,0.5263157894736842,0,0.09604490520389075
Camel/012,General Assistant,Retrieval Hallucination,17,18,0,35,0.5294117647058824,16.0,-5.114980916530705,-5.1119311742699045,-7.750995438725688,7.432297134121725,-7.29213376983293,-1.1638789036686745,7.29213376983293,1.1638789036686745,6.128254866164255,10.243235305408298,0.0,0.0,1.0,6.983402410322213,0.007770388021082889,41.01446462380765,13,3.8156638464856183,35,0.0,0.5263157894736842,0,0.02051329405914316
Camel/012,General Assistant,Retrieval Hallucination,17,19,0,35,0.5588235294117647,15.0,-6.278859820199379,-6.275810077938579,-8.914874342394363,8.5961760377904,-1.1638789036686745,10.535525104159973,1.1638789036686745,10.535525104159973,11.699404007828647,11.407114209076973,0.0,0.0,1.0,6.983402410322213,0.007770388021082889,41.01446462380765,13,3.8156638464856183,35,0.0,0.5263157894736842,0,0.011588830506117448
Camel/012,General Assistant,Retrieval Hallucination,17,20,0,35,0.5882352941176471,14.0,4.256665283960594,4.259715026221394,1.62065076176561,-1.939349066369573,10.535525104159973,-2.038588402976991,10.535525104159973,2.038588402976991,-12.574113507136964,0.8715891049169997,10.535525104159973,0.0,0.0,6.983402410322213,0.007770388021082889,41.01446462380765,13,3.8156638464856183,35,0.0,0.5263157894736842,0,0.1350046935245092
Camel/012,General Assistant,Retrieval Hallucination,17,21,0,35,0.6176470588235294,13.0,2.2180768809836025,2.2211266232444022,-0.4179376412113811,0.09923933660741824,-2.038588402976991,-4.71593636913148,2.038588402976991,4.71593636913148,-2.677347966154489,2.910177507893991,8.496936701182982,0.0,0.0,6.983402410322213,0.007770388021082889,41.01446462380765,13,3.8156638464856183,35,0.0,0.5263157894736842,0,0.015713206536886494
Camel/012,General Assistant,Retrieval Hallucination,17,22,0,35,0.6470588235294118,12.0,-2.4978594881478777,-2.494809745887078,-5.133874010342861,4.815175705738898,-4.71593636913148,2.359112871363351,4.71593636913148,2.359112871363351,7.075049240494831,7.626113877025471,3.7810003320515015,0.0,0.0,6.983402410322213,0.007770388021082889,41.01446462380765,13,3.8156638464856183,35,0.0,0.5263157894736842,0,0.020448438420866556
Camel/012,General Assistant,Retrieval Hallucination,17,23,0,35,0.6764705882352942,11.0,-0.13874661678452682,-0.13569687452372697,-2.7747611389795104,2.4560628343755475,2.359112871363351,0.24597203045123095,2.359112871363351,0.24597203045123095,-2.11314084091212,5.26700100566212,6.1401132034148524,0.0,0.0,6.983402410322213,0.007770388021082889,41.01446462380765,13,3.8156638464856183,35,0.0,0.5263157894736842,0,0.025703474903409202
Camel/012,General Assistant,Retrieval Hallucination,17,24,0,35,0.7058823529411765,10.0,0.10722541366670413,0.11027515592750399,-2.5287891085282794,2.2100908039243166,0.24597203045123095,2.470309736736276,0.24597203045123095,2.470309736736276,2.224337706285045,5.021028975210889,6.386085233866083,0.0,0.0,6.983402410322213,0.007770388021082889,41.01446462380765,13,3.8156638464856183,35,0.0,0.5263157894736842,0,0.012588384781063689
Camel/012,General Assistant,Retrieval Hallucination,17,25,0,35,0.7352941176470589,9.0,2.57753515040298,2.5805848926637798,-0.058479371792003576,-0.2602189328119593,2.470309736736276,-2.433399688433269,2.470309736736276,2.433399688433269,-4.903709425169545,2.5507192384746133,8.85639497060236,0.0,0.0,6.983402410322213,0.007770388021082889,41.01446462380765,13,3.8156638464856183,35,0.0,0.5263157894736842,0,0.019009086272261614
Camel/012,General Assistant,Retrieval Hallucination,17,26,0,35,0.7647058823529411,8.0,0.14413546196971083,0.14718520423051068,-2.4918790602252727,2.17318075562131,-2.433399688433269,-0.03785606901855232,2.433399688433269,0.03785606901855232,2.395543619414717,4.9841189269078825,6.42299528216909,0.0,0.0,6.983402410322213,0.007770388021082889,41.01446462380765,13,3.8156638464856183,35,0.0,0.5263157894736842,0,0.012072589917518566
Camel/012,General Assistant,Retrieval Hallucination,17,27,0,35,0.7941176470588235,7.0,0.10627939295115851,0.10932913521195838,-2.529735129243825,2.211036824639862,-0.03785606901855232,2.23056001596229,0.03785606901855232,2.23056001596229,2.268416084980842,5.021974995926435,6.385139213150538,0.0,0.0,6.983402410322213,0.007770388021082889,41.01446462380765,13,3.8156638464856183,35,0.0,0.5263157894736842,0,0.010168362073514327
Camel/012,General Assistant,Retrieval Hallucination,17,28,0,35,0.8235294117647058,6.0,2.3368394089134483,2.339889151174248,-0.29917511328153523,-0.019523191322427635,2.23056001596229,-7.138986308539167,2.23056001596229,7.138986308539167,-9.369546324501457,2.791414979964145,8.615699229112828,0.0,0.0,6.983402410322213,0.007770388021082889,41.01446462380765,13,3.8156638464856183,35,0.0,0.5263157894736842,0,0.021319544090057582
Camel/012,General Assistant,Retrieval Hallucination,17,29,0,35,0.8529411764705882,5.0,-4.802146899625718,-4.799097157364918,-7.438161421820702,7.119463117216739,-7.138986308539167,9.585174406251092,7.138986308539167,9.585174406251092,16.72416071479026,9.930401288503312,1.4767129205736609,0.0,0.0,6.983402410322213,0.007770388021082889,41.01446462380765,13,3.8156638464856183,35,0.0,0.5263157894736842,0,0.015172678057491876
Camel/012,General Assistant,Retrieval Hallucination,17,30,0,35,0.8823529411764706,4.0,4.783027506625373,4.786077248886174,2.14701298443039,-2.4657112890343527,9.585174406251092,-7.032560675670794,9.585174406251092,7.032560675670794,-16.617735081921886,0.34522688225222,11.061887326824753,0.0,0.0,6.983402410322213,0.007770388021082889,41.01446462380765,13,3.8156638464856183,35,0.0,0.5263157894736842,0,0.08338519959334703
Camel/012,General Assistant,Retrieval Hallucination,17,31,0,35,0.9117647058823529,3.0,-2.2495331690454208,-2.246483426784621,-4.885547691240404,4.5668493866364415,-7.032560675670794,4.453698344369418,7.032560675670794,4.453698344369418,11.486259020040212,7.377787557923014,4.0293266511539585,0.0,0.0,6.983402410322213,0.007770388021082889,41.01446462380765,13,3.8156638464856183,35,0.0,0.5263157894736842,0,0.011568078783471674
Camel/012,General Assistant,Retrieval Hallucination,17,32,0,35,0.9411764705882353,2.0,2.204165175323997,2.2072149175847966,-0.43184934687098675,0.11315104226702388,4.453698344369418,-7.141462827402705,4.453698344369418,7.141462827402705,-11.595161171772123,2.9240892135535965,8.483024995523376,0.0,0.0,6.983402410322213,0.007770388021082889,41.01446462380765,13,3.8156638464856183,35,0.0,0.5263157894736842,0,0.030804570908135605
Camel/012,General Assistant,Retrieval Hallucination,17,33,0,35,0.9705882352941176,1.0,-4.937297652078708,-4.934247909817908,-7.573312174273692,7.254613869669729,-7.141462827402705,7.254613869669729,7.141462827402705,7.254613869669729,14.396076697072434,10.065552040956302,1.3415621681206709,0.0,0.0,6.983402410322213,0.007770388021082889,41.01446462380765,13,3.8156638464856183,35,0.0,0.5263157894736842,0,0.013715401434336114
Camel/012,General Assistant,Retrieval Hallucination,17,34,0,35,1.0,0.0,2.3173162175910207,2.3203659598518205,-0.31869830460396287,0.0,7.254613869669729,0.0,7.254613869669729,0.0,-7.254613869669729,2.8109381712865726,8.5961760377904,0.0,0.0,6.983402410322213,0.007770388021082889,41.01446462380765,13,3.8156638464856183,35,0.0,0.5263157894736842,0,0.03507783393716313
Camel/014,Science,Retrieval Hallucination,2,0,0,15,0.0,14.0,-0.14703560682186279,-0.31175480821042045,0.0,-2.2161281396031,0.0,-2.596073271791056,0.0,2.596073271791056,-2.596073271791056,0.0,0.0,1.0,1.0,7.590324015521003,0.05406250918023989,40.99195862727559,8,3.041152288895288,15,0.42105263157894735,0.10526315789473684,3,0.5478157563963593
Camel/014,Science,Retrieval Hallucination,2,1,0,15,0.07142857142857142,13.0,-2.7431088786129187,-2.9078280800014764,-2.596073271791056,0.3799451321879559,-2.596073271791056,-0.6252479346510604,2.596073271791056,0.6252479346510604,1.9708253371399955,2.596073271791056,0.0,0.0,1.0,7.590324015521003,0.05406250918023989,40.99195862727559,8,3.041152288895288,15,0.42105263157894735,0.10526315789473684,3,0.346015476135563
Camel/014,Science,Retrieval Hallucination,2,2,1,15,0.14285714285714285,12.0,-3.368356813263979,-3.533076014652537,-3.2213212064421164,1.0051930668390163,-0.6252479346510604,3.09450777642963,0.6252479346510604,3.09450777642963,3.7197557110806905,3.2213212064421164,0.0,0.0,1.0,7.590324015521003,0.05406250918023989,40.99195862727559,8,3.041152288895288,15,0.42105263157894735,0.10526315789473684,3,0.22005199477101292
Camel/014,Science,Retrieval Hallucination,2,3,0,15,0.21428571428571427,11.0,-0.27384903683434914,-0.4385682382229068,-0.12681343001248635,-2.0893147095906137,3.09450777642963,-2.2809706475834126,3.09450777642963,2.2809706475834126,-5.375478424013043,0.12681343001248635,3.09450777642963,0.0,0.0,7.590324015521003,0.05406250918023989,40.99195862727559,8,3.041152288895288,15,0.42105263157894735,0.10526315789473684,3,0.7021281010932484
Camel/014,Science,Retrieval Hallucination,2,4,0,15,0.2857142857142857,10.0,-2.5548196844177617,-2.7195388858063194,-2.407784077595899,0.1916559379927989,-2.2809706475834126,2.724819058784039,2.2809706475834126,2.724819058784039,5.005789706367452,2.407784077595899,0.8135371288462174,0.0,0.0,7.590324015521003,0.05406250918023989,40.99195862727559,8,3.041152288895288,15,0.42105263157894735,0.10526315789473684,3,0.43501570194022576
Camel/014,Science,Retrieval Hallucination,2,5,0,15,0.35714285714285715,9.0,0.16999937436627732,0.005280172977719627,0.3170349811881401,-2.53316312079124,2.724819058784039,4.896462828025577,2.724819058784039,4.896462828025577,2.1716437692415376,0.0,3.5383561876302565,1.0,0.0,7.590324015521003,0.05406250918023989,40.99195862727559,8,3.041152288895288,15,0.42105263157894735,0.10526315789473684,3,0.6180750474985037
Camel/014,Science,Retrieval Hallucination,2,6,0,15,0.42857142857142855,8.0,5.066462202391854,4.901743001003296,5.213497809213717,-7.429625948816817,4.896462828025577,-7.48174264707438,4.896462828025577,7.48174264707438,-12.378205475099957,0.0,8.434819015655833,1.0,0.0,7.590324015521003,0.05406250918023989,40.99195862727559,8,3.041152288895288,15,0.42105263157894735,0.10526315789473684,3,0.4832757733702215
Camel/014,Science,Retrieval Hallucination,2,7,0,15,0.5,7.0,-2.4152804446825265,-2.579999646071084,-2.2682448378606637,0.0521166982575636,-7.48174264707438,-0.09504162802848981,7.48174264707438,0.09504162802848981,7.386701019045891,7.48174264707438,0.9530763685814527,0.0,0.0,7.590324015521003,0.05406250918023989,40.99195862727559,8,3.041152288895288,15,0.42105263157894735,0.10526315789473684,3,0.2124745534021233
Camel/014,Science,Retrieval Hallucination,2,8,0,15,0.5714285714285714,6.0,-2.5103220727110163,-2.675041274099574,-2.3632864658891535,0.1471583262860534,-0.09504162802848981,6.467460594472946,0.09504162802848981,6.467460594472946,6.562502222501436,7.57678427510287,0.8580347405529629,0.0,0.0,7.590324015521003,0.05406250918023989,40.99195862727559,8,3.041152288895288,15,0.42105263157894735,0.10526315789473684,3,0.05910861023553797
Camel/014,Science,Retrieval Hallucination,2,9,0,15,0.6428571428571429,5.0,3.95713852176193,3.7924193203733725,4.104174128583793,-6.320302268186893,6.467460594472946,-1.6677633781686971,6.467460594472946,1.6677633781686971,-8.135223972641644,1.1093236806299238,7.325495335025909,0.0,0.0,7.590324015521003,0.05406250918023989,40.99195862727559,8,3.041152288895288,15,0.42105263157894735,0.10526315789473684,3,0.36724125502667754
Camel/014,Science,Retrieval Hallucination,2,10,0,15,0.7142857142857143,4.0,2.289375143593233,2.1246559422046754,2.436410750415096,-4.652538890018196,-1.6677633781686971,0.06382902060971674,1.6677633781686971,0.06382902060971674,1.7315923987784139,2.777087058798621,5.657731956857212,0.0,0.0,7.590324015521003,0.05406250918023989,40.99195862727559,8,3.041152288895288,15,0.42105263157894735,0.10526315789473684,3,0.06196875996150773
Camel/014,Science,Retrieval Hallucination,2,11,0,15,0.7857142857142857,3.0,2.3532041642029498,2.188484962814392,2.5002397710248125,-4.716367910627913,0.06382902060971674,-3.91462743696302,0.06382902060971674,3.91462743696302,-3.9784564575727366,2.713258038188904,5.721560977466929,0.0,0.0,7.590324015521003,0.05406250918023989,40.99195862727559,8,3.041152288895288,15,0.42105263157894735,0.10526315789473684,3,0.08434694951704076
Camel/014,Science,Retrieval Hallucination,2,12,0,15,0.8571428571428571,2.0,-1.56142327276007,-1.7261424741486278,-1.4143876659382073,-0.8017404736648928,-3.91462743696302,8.133391443801639,3.91462743696302,8.133391443801639,12.048018880764658,6.627885475151924,1.806933540503909,0.0,0.0,7.590324015521003,0.05406250918023989,40.99195862727559,8,3.041152288895288,15,0.42105263157894735,0.10526315789473684,3,0.058305757737535116
Camel/014,Science,Retrieval Hallucination,2,13,0,15,0.9285714285714286,1.0,6.5719681710415685,6.40724896965301,6.719003777863431,-8.935131917466531,8.133391443801639,-8.935131917466531,8.133391443801639,8.935131917466531,-17.06852336126817,0.0,9.940324984305548,1.0,0.0,7.590324015521003,0.05406250918023989,40.99195862727559,8,3.041152288895288,15,0.42105263157894735,0.10526315789473684,3,0.6721164155415352
Camel/014,Science,Retrieval Hallucination,2,14,0,15,1.0,0.0,-2.363163746424963,-2.5278829478135205,-2.2161281396031,0.0,-8.935131917466531,0.0,8.935131917466531,0.0,8.935131917466531,8.935131917466531,1.0051930668390163,0.0,0.0,7.590324015521003,0.05406250918023989,40.99195862727559,8,3.041152288895288,15,0.42105263157894735,0.10526315789473684,3,0.1803273835996609
Camel/016,World Knowledge,Planning Hallucination,0,0,1,9,0.0,8.0,0.22190033396440256,1.0202014416343788,0.0,-0.34768141332402536,0.0,0.04310923076867823,0.0,0.04310923076867823,0.04310923076867823,0.0,0.0,1.0,1.0,8.259546124811585,0.013985505638927654,24.86012463906053,6,1.2145857520834271,9,0.7368421052631579,0.8947368421052632,0,0.44089159597826455
Camel/016,World Knowledge,Planning Hallucination,0,1,0,9,0.125,7.0,0.2650095647330808,1.063310672403057,0.04310923076867823,-0.3907906440927036,0.04310923076867823,-2.7751679357742987,0.04310923076867823,2.7751679357742987,-2.818277166542977,0.0,0.04310923076867823,1.0,0.0,8.259546124811585,0.013985505638927654,24.86012463906053,6,1.2145857520834271,9,0.7368421052631579,0.8947368421052632,0,0.7166355127046461
Camel/016,World Knowledge,Planning Hallucination,0,2,0,9,0.25,6.0,-2.510158371041218,-1.7118572633712417,-2.7320587050056204,2.384377291681595,-2.7751679357742987,2.130892722913014,2.7751679357742987,2.130892722913014,4.906060658687313,2.7751679357742987,0.0,0.0,1.0,8.259546124811585,0.013985505638927654,24.86012463906053,6,1.2145857520834271,9,0.7368421052631579,0.8947368421052632,0,0.3812574479913932
Camel/016,World Knowledge,Planning Hallucination,0,3,0,9,0.375,5.0,-0.37926564812820374,0.41903545954177246,-0.6011659820926063,0.25348456876858094,2.130892722913014,-1.9572487235569618,2.130892722913014,1.9572487235569618,-4.088141446469976,0.6442752128612845,2.130892722913014,0.0,0.0,8.259546124811585,0.013985505638927654,24.86012463906053,6,1.2145857520834271,9,0.7368421052631579,0.8947368421052632,0,0.716296297378809
Camel/016,World Knowledge,Planning Hallucination,0,4,0,9,0.5,4.0,-2.3365143716851655,-1.5382132640151893,-2.558414705649568,2.2107332923255427,-1.9572487235569618,0.21278238500392632,1.9572487235569618,0.21278238500392632,2.170031108560888,2.6015239364182463,0.17364399935605235,0.0,0.0,8.259546124811585,0.013985505638927654,24.86012463906053,6,1.2145857520834271,9,0.7368421052631579,0.8947368421052632,0,0.6527962799990796
Camel/016,World Knowledge,Planning Hallucination,0,5,0,9,0.625,3.0,-2.123731986681239,-1.325430879011263,-2.3456323206456418,1.9979509073216164,0.21278238500392632,6.901392669511377,0.21278238500392632,6.901392669511377,6.688610284507451,2.38874155141432,0.38642638435997867,0.0,0.0,8.259546124811585,0.013985505638927654,24.86012463906053,6,1.2145857520834271,9,0.7368421052631579,0.8947368421052632,0,0.6077488556034875
Camel/016,World Knowledge,Planning Hallucination,0,6,0,9,0.75,2.0,4.777660682830138,5.575961790500115,4.555760348865736,-4.903441762189761,6.901392669511377,-9.751489776492097,6.901392669511377,9.751489776492097,-16.652882446003474,0.0,7.287819053871356,1.0,0.0,8.259546124811585,0.013985505638927654,24.86012463906053,6,1.2145857520834271,9,0.7368421052631579,0.8947368421052632,0,0.7298443703416171
Camel/016,World Knowledge,Planning Hallucination,0,7,0,9,0.875,1.0,-4.9738290936619585,-4.175527985991982,-5.195729427626361,4.848048014302336,-9.751489776492097,4.848048014302336,9.751489776492097,4.848048014302336,14.599537790794432,9.751489776492097,0.0,0.0,1.0,8.259546124811585,0.013985505638927654,24.86012463906053,6,1.2145857520834271,9,0.7368421052631579,0.8947368421052632,0,0.16542800190609872
Camel/016,World Knowledge,Planning Hallucination,0,8,0,9,1.0,0.0,-0.1257810793596228,0.6725200283103534,-0.34768141332402536,0.0,4.848048014302336,0.0,4.848048014302336,0.0,-4.848048014302336,4.903441762189761,4.848048014302336,0.0,0.0,8.259546124811585,0.013985505638927654,24.86012463906053,6,1.2145857520834271,9,0.7368421052631579,0.8947368421052632,0,0.49688818172927673
Camel/018,Science,Planning Hallucination,0,0,1,10,0.0,9.0,0.12205505242404868,0.13963202617136297,0.0,-5.202536614840824,0.0,2.188312589427099,0.0,2.188312589427099,2.188312589427099,0.0,0.0,1.0,1.0,7.735028448249722,0.2640106956704597,19.705779728464762,5,0.8651955635217159,10,0.21052631578947367,1.0,1,0.4190892083038015
Camel/018,Science,Planning Hallucination,0,1,0,10,0.1111111111111111,8.0,2.3103676418511476,2.327944615598462,2.188312589427099,-7.390849204267923,2.188312589427099,0.3846709197443623,2.188312589427099,0.3846709197443623,-1.8036416696827366,0.0,2.188312589427099,1.0,0.0,7.735028448249722,0.2640106956704597,19.705779728464762,5,0.8651955635217159,10,0.21052631578947367,1.0,1,0.617319899561215
Camel/018,Science,Planning Hallucination,0,2,0,10,0.2222222222222222,7.0,2.69503856159551,2.7126155353428243,2.5729835091714612,-7.775520124012285,0.3846709197443623,-2.786898879712151,0.3846709197443623,2.786898879712151,-3.1715697994565133,0.0,2.5729835091714612,1.0,0.0,7.735028448249722,0.2640106956704597,19.705779728464762,5,0.8651955635217159,10,0.21052631578947367,1.0,1,0.5190310786807446
Camel/018,Science,Planning Hallucination,0,3,0,10,0.3333333333333333,6.0,-0.09186031811664108,-0.07428334436932679,-0.21391537054068976,-4.988621244300134,-2.786898879712151,2.300465133079406,2.786898879712151,2.300465133079406,5.087364012791557,2.786898879712151,0.0,0.0,1.0,7.735028448249722,0.2640106956704597,19.705779728464762,5,0.8651955635217159,10,0.21052631578947367,1.0,1,0.25441790805487036
Camel/018,Science,Planning Hallucination,0,4,0,10,0.4444444444444444,5.0,2.208604814962765,2.2261817887100794,2.0865497625387164,-7.28908637737954,2.300465133079406,-2.2156147399783848,2.300465133079406,2.2156147399783848,-4.516079873057791,0.48643374663274486,2.300465133079406,0.0,0.0,7.735028448249722,0.2640106956704597,19.705779728464762,5,0.8651955635217159,10,0.21052631578947367,1.0,1,0.6251623718349394
Camel/018,Science,Planning Hallucination,0,5,0,10,0.5555555555555556,4.0,-0.0070099250156197,0.010567048731694582,-0.12906497743966838,-5.0734716374011555,-2.2156147399783848,-2.1970549650355693,2.2156147399783848,2.1970549650355693,0.018559774942815466,2.7020484866111296,0.08485039310102138,0.0,0.0,7.735028448249722,0.2640106956704597,19.705779728464762,5,0.8651955635217159,10,0.21052631578947367,1.0,1,0.5876149743791889
Camel/018,Science,Planning Hallucination,0,6,0,10,0.6666666666666666,3.0,-2.204064890051189,-2.1864879163038746,-2.3261199424752377,-2.876416672365586,-2.1970549650355693,4.542672856201683,2.1970549650355693,4.542672856201683,6.739727821237253,4.899103451646699,0.0,0.0,1.0,7.735028448249722,0.2640106956704597,19.705779728464762,5,0.8651955635217159,10,0.21052631578947367,1.0,1,0.2551264987073741
Camel/018,Science,Planning Hallucination,0,7,0,10,0.7777777777777778,2.0,2.3386079661504944,2.3561849398978087,2.2165529137264457,-7.4190895285672696,4.542672856201683,-4.805635045007378,4.542672856201683,4.805635045007378,-9.348307901209061,0.35643059544501554,4.542672856201683,0.0,0.0,7.735028448249722,0.2640106956704597,19.705779728464762,5,0.8651955635217159,10,0.21052631578947367,1.0,1,0.7636358984768791
Camel/018,Science,Planning Hallucination,0,8,0,10,0.8888888888888888,1.0,-2.4670270788568835,-2.449450105109569,-2.5890821312809322,-2.6134544835598916,-4.805635045007378,-2.6134544835598916,4.805635045007378,2.6134544835598916,2.1921805614474863,5.1620656404523935,0.0,0.0,1.0,7.735028448249722,0.2640106956704597,19.705779728464762,5,0.8651955635217159,10,0.21052631578947367,1.0,1,0.39426836483733907
Camel/018,Science,Planning Hallucination,0,9,0,10,1.0,0.0,-5.080481562416775,-5.062904588669461,-5.202536614840824,0.0,-2.6134544835598916,0.0,2.6134544835598916,0.0,2.6134544835598916,7.775520124012285,0.0,0.0,1.0,7.735028448249722,0.2640106956704597,19.705779728464762,5,0.8651955635217159,10,0.21052631578947367,1.0,1,0.3039032204415339
Camel/019,General Assistant,Reasoning Hallucination,2,0,0,4,0.0,3.0,-2.1488044256112495,-0.002127708228848668,0.0,4.275967064798753,0.0,2.153233205727993,0.0,2.153233205727993,2.153233205727993,0.0,0.0,1.0,1.0,10.133674581230625,0.21304001194223607,20.07119238219975,2,0.26313802627032357,4,1.0,0.6842105263157895,3,0.538173545015076
Camel/019,General Assistant,Reasoning Hallucination,2,1,0,4,0.3333333333333333,2.0,0.004428780116743525,2.1511054974991444,2.153233205727993,2.1227338590707596,2.153233205727993,-8.573922643339344,2.153233205727993,8.573922643339344,-10.727155849067337,0.0,2.153233205727993,1.0,0.0,10.133674581230625,0.21304001194223607,20.07119238219975,2,0.26313802627032357,4,1.0,0.6842105263157895,3,0.9096345705524187
Camel/019,General Assistant,Reasoning Hallucination,2,2,1,4,0.6666666666666666,1.0,-8.5694938632226,-6.4228171458402,-6.420689437611351,10.696656502410104,-8.573922643339344,10.696656502410104,8.573922643339344,10.696656502410104,19.270579145749448,8.573922643339344,0.0,0.0,1.0,10.133674581230625,0.21304001194223607,20.07119238219975,2,0.26313802627032357,4,1.0,0.6842105263157895,3,0.23804652826662584
Camel/019,General Assistant,Reasoning Hallucination,2,3,0,4,1.0,0.0,2.127162639187503,4.273839356569904,4.275967064798753,0.0,10.696656502410104,0.0,10.696656502410104,0.0,-10.696656502410104,0.0,10.696656502410104,1.0,0.0,10.133674581230625,0.21304001194223607,20.07119238219975,2,0.26313802627032357,4,1.0,0.6842105263157895,3,0.9526712534296784
Camel/020,World Knowledge,Retrieval Hallucination,6,0,0,9,0.0,8.0,2.5467082539753285,4.081973505797839,0.0,-2.610991653510485,0.0,-7.307854469240564,0.0,7.307854469240564,-7.307854469240564,0.0,0.0,1.0,1.0,9.634662262601546,0.09976322575816686,26.171884816953636,4,0.9398700363629471,9,0.8421052631578947,0.631578947368421,1,0.5277678818322271
Camel/020,World Knowledge,Retrieval Hallucination,6,1,0,9,0.125,7.0,-4.761146215265235,-3.225880963442725,-7.307854469240564,4.6968628157300785,-7.307854469240564,2.482585285854391,7.307854469240564,2.482585285854391,9.790439755094955,7.307854469240564,0.0,0.0,1.0,9.634662262601546,0.09976322575816686,26.171884816953636,4,0.9398700363629471,9,0.8421052631578947,0.631578947368421,1,0.3090985795731439
Camel/020,World Knowledge,Retrieval Hallucination,6,2,0,9,0.25,6.0,-2.278560929410844,-0.7432956775883339,-4.8252691833861725,2.2142775298756874,2.482585285854391,0.33409489229550715,2.482585285854391,0.33409489229550715,-2.148490393558884,4.8252691833861725,2.482585285854391,0.0,0.0,9.634662262601546,0.09976322575816686,26.171884816953636,4,0.9398700363629471,9,0.8421052631578947,0.631578947368421,1,0.593022464985146
Camel/020,World Knowledge,Retrieval Hallucination,6,3,0,9,0.375,5.0,-1.9444660371153368,-0.4092007852928268,-4.491174291090665,1.8801826375801802,0.33409489229550715,-3.0107721011737105,0.33409489229550715,3.0107721011737105,-3.3448669934692177,4.491174291090665,2.8166801781498982,0.0,0.0,9.634662262601546,0.09976322575816686,26.171884816953636,4,0.9398700363629471,9,0.8421052631578947,0.631578947368421,1,0.5064496867640169
Camel/020,World Knowledge,Retrieval Hallucination,6,4,0,9,0.5,4.0,-4.955238138289047,-3.419972886466537,-7.501946392264376,4.890954738753891,-3.0107721011737105,-2.430473415332969,3.0107721011737105,2.430473415332969,0.5802986858407415,7.501946392264376,0.0,0.0,1.0,9.634662262601546,0.09976322575816686,26.171884816953636,4,0.9398700363629471,9,0.8421052631578947,0.631578947368421,1,0.3830161657103296
Camel/020,World Knowledge,Retrieval Hallucination,6,5,0,9,0.625,3.0,-7.385711553622016,-5.850446301799506,-9.932419807597345,7.32142815408686,-2.430473415332969,9.409569105202316,2.430473415332969,9.409569105202316,11.840042520535285,9.932419807597345,0.0,0.0,1.0,9.634662262601546,0.09976322575816686,26.171884816953636,4,0.9398700363629471,9,0.8421052631578947,0.631578947368421,1,0.2567544918903539
Camel/020,World Knowledge,Retrieval Hallucination,6,6,1,9,0.75,2.0,2.0238575515802992,3.5591228034028095,-0.5228507023950293,-2.088140951115456,9.409569105202316,0.9775956496991185,9.409569105202316,0.9775956496991185,-8.431973455503197,0.5228507023950293,9.409569105202316,0.0,0.0,9.634662262601546,0.09976322575816686,26.171884816953636,4,0.9398700363629471,9,0.8421052631578947,0.631578947368421,1,0.8139038543206463
Camel/020,World Knowledge,Retrieval Hallucination,6,7,0,9,0.875,1.0,3.0014532012794177,4.536718453101928,0.4547449473040892,-3.0657366008145743,0.9775956496991185,-3.0657366008145743,0.9775956496991185,3.0657366008145743,-4.043332250513693,0.0,10.387164754901434,1.0,0.0,9.634662262601546,0.09976322575816686,26.171884816953636,4,0.9398700363629471,9,0.8421052631578947,0.631578947368421,1,0.3087636195001632
Camel/020,World Knowledge,Retrieval Hallucination,6,8,0,9,1.0,0.0,-0.0642833995351566,1.4709818522873535,-2.610991653510485,0.0,-3.0657366008145743,0.0,3.0657366008145743,0.0,3.0657366008145743,3.0657366008145743,7.32142815408686,0.0,0.0,9.634662262601546,0.09976322575816686,26.171884816953636,4,0.9398700363629471,9,0.8421052631578947,0.631578947368421,1,0.28601741199301917
Camel/021,Science,Retrieval Hallucination,3,0,0,7,0.0,6.0,4.066327476303407,5.1789886597432435,0.0,-1.7956790956895645,0.0,-10.804248356151405,0.0,10.804248356151405,-10.804248356151405,0.0,0.0,1.0,1.0,10.616235333422479,0.07694931716028926,23.335867840764266,3,0.49004688505498145,7,0.0,0.21052631578947367,1,0.5551569015623763
Camel/021,Science,Retrieval Hallucination,3,1,0,7,0.16666666666666666,5.0,-6.737920879847998,-5.625259696408161,-10.804248356151405,9.00856926046184,-10.804248356151405,0.7144494863699187,10.804248356151405,0.7144494863699187,11.518697842521323,10.804248356151405,0.0,0.0,1.0,10.616235333422479,0.07694931716028926,23.335867840764266,3,0.49004688505498145,7,0.0,0.21052631578947367,1,0.28833138442759404
Camel/021,Science,Retrieval Hallucination,3,2,0,7,0.3333333333333333,4.0,-6.023471393478079,-4.9108102100382425,-10.089798869781486,8.294119774091921,0.7144494863699187,3.0758987078883386,0.7144494863699187,3.0758987078883386,2.36144922151842,10.089798869781486,0.7144494863699187,0.0,0.0,10.616235333422479,0.07694931716028926,23.335867840764266,3,0.49004688505498145,7,0.0,0.21052631578947367,1,0.4424333112339126
Camel/021,Science,Retrieval Hallucination,3,3,1,7,0.5,3.0,-2.9475726855897406,-1.8349115021499034,-7.013900161893147,5.218221066203583,3.0758987078883386,4.906531656153785,3.0758987078883386,4.906531656153785,1.8306329482654462,7.013900161893147,3.7903481942582573,0.0,0.0,10.616235333422479,0.07694931716028926,23.335867840764266,3,0.49004688505498145,7,0.0,0.21052631578947367,1,0.5017575417204374
Camel/021,Science,Retrieval Hallucination,3,4,0,7,0.6666666666666666,2.0,1.9589589705640442,3.0716201540038814,-2.1073685057393625,0.311689410049798,4.906531656153785,-2.3345571232083806,4.906531656153785,2.3345571232083806,-7.241088779362165,2.1073685057393625,8.696879850412042,0.0,0.0,10.616235333422479,0.07694931716028926,23.335867840764266,3,0.49004688505498145,7,0.0,0.21052631578947367,1,0.5491153831893391
Camel/021,Science,Retrieval Hallucination,3,5,0,7,0.8333333333333334,1.0,-0.3755981526443364,0.7370630307955008,-4.441925628947743,2.6462465332581786,-2.3345571232083806,2.6462465332581786,2.3345571232083806,2.6462465332581786,4.980803656466559,4.441925628947743,6.3623227272036615,0.0,0.0,10.616235333422479,0.07694931716028926,23.335867840764266,3,0.49004688505498145,7,0.0,0.21052631578947367,1,0.26595900815465984
Camel/021,Science,Retrieval Hallucination,3,6,0,7,1.0,0.0,2.270648380613842,3.3833095640536794,-1.7956790956895645,0.0,2.6462465332581786,0.0,2.6462465332581786,0.0,-2.6462465332581786,1.7956790956895645,9.00856926046184,0.0,0.0,10.616235333422479,0.07694931716028926,23.335867840764266,3,0.49004688505498145,7,0.0,0.21052631578947367,1,0.35935878536679444
Camel/022,General Assistant,Retrieval Hallucination,3,0,0,8,0.0,7.0,1.9380383077530823,1.4378405310868172,0.0,-1.9986223247715422,0.0,-1.9135153682582988,0.0,1.9135153682582988,-1.9135153682582988,0.0,0.0,1.0,1.0,8.444686067618193,0.08703696157026443,22.962914705588226,3,0.8768775148527473,8,0.5789473684210527,0.2631578947368421,2,0.41515982751764635
Camel/022,General Assistant,Retrieval Hallucination,3,1,0,8,0.14285714285714285,6.0,0.024522939494783458,-0.4756748371714816,-1.9135153682582988,-0.0851069565132434,-1.9135153682582988,-4.323795942164956,1.9135153682582988,4.323795942164956,-2.4102805739066575,1.9135153682582988,0.0,0.0,1.0,8.444686067618193,0.08703696157026443,22.962914705588226,3,0.8768775148527473,8,0.5789473684210527,0.2631578947368421,2,0.34456989465653487
Camel/022,General Assistant,Retrieval Hallucination,3,2,0,8,0.2857142857142857,5.0,-4.299273002670173,-4.799470779336438,-6.237311310423255,4.238688985651713,-4.323795942164956,8.070142668433292,4.323795942164956,8.070142668433292,12.393938610598248,6.237311310423255,0.0,0.0,1.0,8.444686067618193,0.08703696157026443,22.962914705588226,3,0.8768775148527473,8,0.5789473684210527,0.2631578947368421,2,0.24765914671685188
Camel/022,General Assistant,Retrieval Hallucination,3,3,1,8,0.42857142857142855,4.0,3.7708696657631187,3.2706718890968536,1.8328313580100364,-3.8314536827815786,8.070142668433292,1.4624296270764674,8.070142668433292,1.4624296270764674,-6.607713041356824,0.0,8.070142668433292,1.0,0.0,8.444686067618193,0.08703696157026443,22.962914705588226,3,0.8768775148527473,8,0.5789473684210527,0.2631578947368421,2,0.7303923686935847
Camel/022,General Assistant,Retrieval Hallucination,3,4,0,8,0.5714285714285714,3.0,5.233299292839586,4.7331015161733205,3.295260985086504,-5.293883309858046,1.4624296270764674,-7.698450503444832,1.4624296270764674,7.698450503444832,-9.1608801305213,0.0,9.532572295509759,1.0,0.0,8.444686067618193,0.08703696157026443,22.962914705588226,3,0.8768775148527473,8,0.5789473684210527,0.2631578947368421,2,0.5426152369966066
Camel/022,General Assistant,Retrieval Hallucination,3,5,0,8,0.7142857142857143,2.0,-2.465151210605246,-2.965348987271511,-4.403189518358328,2.404567193586786,-7.698450503444832,2.3250114483786746,7.698450503444832,2.3250114483786746,10.023461951823506,7.698450503444832,1.834121792064927,0.0,0.0,8.444686067618193,0.08703696157026443,22.962914705588226,3,0.8768775148527473,8,0.5789473684210527,0.2631578947368421,2,0.2889036216149747
Camel/022,General Assistant,Retrieval Hallucination,3,6,0,8,0.8571428571428571,1.0,-0.1401397622265712,-0.6403375388928363,-2.0781780699796535,0.07955574520811126,2.3250114483786746,0.07955574520811126,2.3250114483786746,0.07955574520811126,-2.2454557031705633,5.373439055066157,4.159133240443602,0.0,0.0,8.444686067618193,0.08703696157026443,22.962914705588226,3,0.8768775148527473,8,0.5789473684210527,0.2631578947368421,2,0.39189609401657194
Camel/022,General Assistant,Retrieval Hallucination,3,7,0,8,1.0,0.0,-0.060584017018459946,-0.560781793684725,-1.9986223247715422,0.0,0.07955574520811126,0.0,0.07955574520811126,0.0,-0.07955574520811126,5.293883309858046,4.238688985651713,0.0,0.0,8.444686067618193,0.08703696157026443,22.962914705588226,3,0.8768775148527473,8,0.5789473684210527,0.2631578947368421,2,0.3250059951140791
Camel/024,General Assistant,Planning Hallucination,0,0,1,11,0.0,10.0,-2.5950037065367937,-2.7679704538367407,0.0,9.518132243319123,0.0,5.064982652118722,0.0,5.064982652118722,5.064982652118722,0.0,0.0,1.0,1.0,11.686114292129314,0.22811118375905368,41.725846521285916,6,1.912337964598453,11,1.0,0.7368421052631579,2,0.6212673349301093
Camel/024,General Assistant,Planning Hallucination,0,1,0,11,0.1,9.0,2.4699789455819285,2.2970121982819816,5.064982652118722,4.4531495912004,5.064982652118722,-6.991568675629338,5.064982652118722,6.991568675629338,-12.05655132774806,0.0,5.064982652118722,1.0,0.0,11.686114292129314,0.22811118375905368,41.725846521285916,6,1.912337964598453,11,1.0,0.7368421052631579,2,0.7769472735502315
Camel/024,General Assistant,Planning Hallucination,0,2,0,11,0.2,8.0,-4.52158973004741,-4.694556477347357,-1.926586023510616,11.444718266829739,-6.991568675629338,4.49616472831638,6.991568675629338,4.49616472831638,11.487733403945718,6.991568675629338,0.0,0.0,1.0,11.686114292129314,0.22811118375905368,41.725846521285916,6,1.912337964598453,11,1.0,0.7368421052631579,2,0.13093855822032607
Camel/024,General Assistant,Planning Hallucination,0,3,0,11,0.3,7.0,-0.025425001731029795,-0.19839174903097662,2.569578704805764,6.948553538513359,4.49616472831638,4.331091566440328,4.49616472831638,4.331091566440328,-0.1650731618760517,2.4954039473129583,4.49616472831638,0.0,0.0,11.686114292129314,0.22811118375905368,41.725846521285916,6,1.912337964598453,11,1.0,0.7368421052631579,2,0.44771508927269615
Camel/024,General Assistant,Planning Hallucination,0,4,0,11,0.4,6.0,4.305666564709298,4.132699817409351,6.900670271246092,2.6174619720730306,4.331091566440328,-2.0352073097091576,4.331091566440328,2.0352073097091576,-6.366298876149486,0.0,8.827256294756708,1.0,0.0,11.686114292129314,0.22811118375905368,41.725846521285916,6,1.912337964598453,11,1.0,0.7368421052631579,2,0.4246600761375992
Camel/024,General Assistant,Planning Hallucination,0,5,0,11,0.5,5.0,2.270459255000141,2.097492507700194,4.8654629615369345,4.652669281782188,-2.0352073097091576,2.341990042820143,2.0352073097091576,2.341990042820143,4.377197352529301,2.0352073097091576,6.7920489850475505,0.0,0.0,11.686114292129314,0.22811118375905368,41.725846521285916,6,1.912337964598453,11,1.0,0.7368421052631579,2,0.14148772811072224
Camel/024,General Assistant,Planning Hallucination,0,6,0,11,0.6,4.0,4.612449297820284,4.439482550520337,7.2074530043570775,2.310679238962045,2.341990042820143,-9.715140319139522,2.341990042820143,9.715140319139522,-12.057130361959665,0.0,9.134039027867694,1.0,0.0,11.686114292129314,0.22811118375905368,41.725846521285916,6,1.912337964598453,11,1.0,0.7368421052631579,2,0.5513198037436798
Camel/024,General Assistant,Planning Hallucination,0,7,0,11,0.7,3.0,-5.102691021319238,-5.275657768619185,-2.5076873147824443,12.025819558101567,-9.715140319139522,0.9220571504961157,9.715140319139522,0.9220571504961157,10.637197469635638,9.715140319139522,0.0,0.0,1.0,11.686114292129314,0.22811118375905368,41.725846521285916,6,1.912337964598453,11,1.0,0.7368421052631579,2,0.08651484442006364
Camel/024,General Assistant,Planning Hallucination,0,8,0,11,0.8,2.0,-4.180633870823122,-4.353600618123069,-1.5856301642863286,11.103762407605451,0.9220571504961157,1.9269288216861504,0.9220571504961157,1.9269288216861504,1.0048716711900347,8.793083168643406,0.9220571504961157,0.0,0.0,11.686114292129314,0.22811118375905368,41.725846521285916,6,1.912337964598453,11,1.0,0.7368421052631579,2,0.28145177925027665
Camel/024,General Assistant,Planning Hallucination,0,9,0,11,0.9,1.0,-2.253705049136972,-2.426671796436919,0.3412986573998218,9.1768335859193,1.9269288216861504,9.1768335859193,1.9269288216861504,9.1768335859193,7.2499047642331504,6.866154346957256,2.848985972182266,0.0,0.0,11.686114292129314,0.22811118375905368,41.725846521285916,6,1.912337964598453,11,1.0,0.7368421052631579,2,0.283704242283577
Camel/024,General Assistant,Planning Hallucination,0,10,0,11,1.0,0.0,6.923128536782329,6.750161789482382,9.518132243319123,0.0,9.1768335859193,0.0,9.1768335859193,0.0,-9.1768335859193,0.0,12.025819558101567,1.0,0.0,11.686114292129314,0.22811118375905368,41.725846521285916,6,1.912337964598453,11,1.0,0.7368421052631579,2,0.37513695221551435
Camel/026,Math,Reasoning Hallucination,2,0,0,6,0.0,5.0,-0.29930267950339484,0.4489097346609968,0.0,0.11458770116477268,0.0,0.26408925052947296,0.0,0.26408925052947296,0.26408925052947296,0.0,0.0,1.0,1.0,8.639983585799616,0.006587561567567991,17.394554872764004,2,0.4782142425989343,6,0.3684210526315789,0.631578947368421,1,0.5257555582634899
Camel/026,Math,Reasoning Hallucination,2,1,0,6,0.2,4.0,-0.03521342897392188,0.7129989851904698,0.26408925052947296,-0.14950154936470028,0.26408925052947296,4.952197079889505,0.26408925052947296,4.952197079889505,4.688107829360032,0.0,0.26408925052947296,1.0,0.0,8.639983585799616,0.006587561567567991,17.394554872764004,2,0.4782142425989343,6,0.3684210526315789,0.631578947368421,1,0.7522387966861361
Camel/026,Math,Reasoning Hallucination,2,2,1,6,0.4,3.0,4.916983650915583,5.665196065079974,5.216286330418978,-5.101698629254205,4.952197079889505,-9.450253562854595,4.952197079889505,9.450253562854595,-14.4024506427441,0.0,5.216286330418978,1.0,0.0,8.639983585799616,0.006587561567567991,17.394554872764004,2,0.4782142425989343,6,0.3684210526315789,0.631578947368421,1,0.8071771509347998
Camel/026,Math,Reasoning Hallucination,2,3,0,6,0.6,2.0,-4.533269911939012,-3.7850574977746203,-4.233967232435617,4.34855493360039,-9.450253562854595,0.17951277479203043,9.450253562854595,0.17951277479203043,9.629766337646625,9.450253562854595,0.0,0.0,1.0,8.639983585799616,0.006587561567567991,17.394554872764004,2,0.4782142425989343,6,0.3684210526315789,0.631578947368421,1,0.26655664919684946
Camel/026,Math,Reasoning Hallucination,2,4,0,6,0.8,1.0,-4.353757137146982,-3.60554472298259,-4.054454457643587,4.1690421588083595,0.17951277479203043,4.1690421588083595,0.17951277479203043,4.1690421588083595,3.989529384016329,9.270740788062565,0.17951277479203043,0.0,0.0,8.639983585799616,0.006587561567567991,17.394554872764004,2,0.4782142425989343,6,0.3684210526315789,0.631578947368421,1,0.4092654708683512
Camel/026,Math,Reasoning Hallucination,2,5,0,6,1.0,0.0,-0.18471497833862216,0.5634974358257695,0.11458770116477268,0.0,4.1690421588083595,0.0,4.1690421588083595,0.0,-4.1690421588083595,5.101698629254205,4.34855493360039,0.0,0.0,8.639983585799616,0.006587561567567991,17.394554872764004,2,0.4782142425989343,6,0.3684210526315789,0.631578947368421,1,0.6007804950837212
Camel/027,Math,Reasoning Hallucination,4,0,0,11,0.0,10.0,4.3574277291142955,4.561282845194505,0.0,-8.021825851522813,0.0,-6.535236440054035,0.0,6.535236440054035,-6.535236440054035,0.0,0.0,1.0,1.0,8.936262184660132,0.19044512870165994,42.121454647912415,6,2.471316729020552,11,0.42105263157894735,0.7894736842105263,3,0.5030012880182316
Camel/027,Math,Reasoning Hallucination,4,1,0,11,0.1,9.0,-2.1778087109397397,-1.9739535948595304,-6.535236440054035,-1.4865894114687777,-6.535236440054035,-0.2954529162945079,6.535236440054035,0.2954529162945079,6.239783523759527,6.535236440054035,0.0,0.0,1.0,8.936262184660132,0.19044512870165994,42.121454647912415,6,2.471316729020552,11,0.42105263157894735,0.7894736842105263,3,0.2868907568893182
Camel/027,Math,Reasoning Hallucination,4,2,0,11,0.2,8.0,-2.4732616272342476,-2.2694065111540382,-6.830689356348543,-1.1911364951742698,-0.2954529162945079,0.5924654858403606,0.2954529162945079,0.5924654858403606,0.8879184021348685,6.830689356348543,0.0,0.0,1.0,8.936262184660132,0.19044512870165994,42.121454647912415,6,2.471316729020552,11,0.42105263157894735,0.7894736842105263,3,0.19507177096317482
Camel/027,Math,Reasoning Hallucination,4,3,0,11,0.3,7.0,-1.880796141393887,-1.6769410253136776,-6.2382238705081825,-1.7836019810146304,0.5924654858403606,7.112320898013355,0.5924654858403606,7.112320898013355,6.519855412172994,6.2382238705081825,0.5924654858403606,0.0,0.0,8.936262184660132,0.19044512870165994,42.121454647912415,6,2.471316729020552,11,0.42105263157894735,0.7894736842105263,3,0.21804578279044684
Camel/027,Math,Reasoning Hallucination,4,4,1,11,0.4,6.0,5.231524756619468,5.435379872699677,0.8740970275051723,-8.895922879027985,7.112320898013355,-1.4748955701726132,7.112320898013355,1.4748955701726132,-8.587216468185968,0.0,7.704786383853715,1.0,0.0,8.936262184660132,0.19044512870165994,42.121454647912415,6,2.471316729020552,11,0.42105263157894735,0.7894736842105263,3,0.8154504732281277
Camel/027,Math,Reasoning Hallucination,4,5,0,11,0.5,5.0,3.7566291864468546,3.960484302527064,-0.6007985426674409,-7.421027308855372,-1.4748955701726132,-8.561242376155889,1.4748955701726132,8.561242376155889,-7.0863468059832755,1.4748955701726132,6.229890813681102,0.0,0.0,8.936262184660132,0.19044512870165994,42.121454647912415,6,2.471316729020552,11,0.42105263157894735,0.7894736842105263,3,0.2884334650926501
Camel/027,Math,Reasoning Hallucination,4,6,0,11,0.6,4.0,-4.804613189709034,-4.600758073628825,-9.16204091882333,1.1402150673005167,-8.561242376155889,6.839684901026285,8.561242376155889,6.839684901026285,15.400927277182173,10.036137946328502,0.0,0.0,1.0,8.936262184660132,0.19044512870165994,42.121454647912415,6,2.471316729020552,11,0.42105263157894735,0.7894736842105263,3,0.1562814908555709
Camel/027,Math,Reasoning Hallucination,4,7,0,11,0.7,3.0,2.0350717113172507,2.23892682739746,-2.322356017797045,-5.699469833725768,6.839684901026285,-6.762115054617109,6.839684901026285,6.762115054617109,-13.601799955643394,3.196453045302217,6.839684901026285,0.0,0.0,8.936262184660132,0.19044512870165994,42.121454647912415,6,2.471316729020552,11,0.42105263157894735,0.7894736842105263,3,0.8190881875049839
Camel/027,Math,Reasoning Hallucination,4,8,0,11,0.8,2.0,-4.727043343299858,-4.523188227219649,-9.084471072414154,1.0626452208913406,-6.762115054617109,6.83190481790497,6.762115054617109,6.83190481790497,13.594019872522079,9.958568099919326,0.07756984640917608,0.0,0.0,8.936262184660132,0.19044512870165994,42.121454647912415,6,2.471316729020552,11,0.42105263157894735,0.7894736842105263,3,0.3234921375093171
Camel/027,Math,Reasoning Hallucination,4,9,0,11,0.9,1.0,2.104861474605112,2.3087165906853215,-2.2525662545091834,-5.76925959701363,6.83190481790497,-5.76925959701363,6.83190481790497,5.76925959701363,-12.6011644149186,3.1266632820143556,6.909474664314146,0.0,0.0,8.936262184660132,0.19044512870165994,42.121454647912415,6,2.471316729020552,11,0.42105263157894735,0.7894736842105263,3,0.8263567711782804
Camel/027,Math,Reasoning Hallucination,4,10,0,11,1.0,0.0,-3.6643981224085174,-3.460543006328308,-8.021825851522813,0.0,-5.76925959701363,0.0,5.76925959701363,0.0,5.76925959701363,8.895922879027985,1.1402150673005167,0.0,0.0,8.936262184660132,0.19044512870165994,42.121454647912415,6,2.471316729020552,11,0.42105263157894735,0.7894736842105263,3,0.5289052979594965
Camel/029,World Knowledge,Human-Interaction Hallucination,4,0,0,7,0.0,6.0,4.854801574165144,5.477522040751632,0.0,-2.7597101191134463,0.0,-10.770686617837775,0.0,10.770686617837775,-10.770686617837775,0.0,0.0,1.0,1.0,10.265311260144465,0.10235677177851052,26.961676019688994,5,0.8202732914551532,7,0.0,0.21052631578947367,0,0.34366697514145716
Camel/029,World Knowledge,Human-Interaction Hallucination,4,1,0,7,0.16666666666666666,5.0,-5.915885043672631,-5.293164577086143,-10.770686617837775,8.010976498724329,-10.770686617837775,1.9204263592345825,10.770686617837775,1.9204263592345825,12.691112977072358,10.770686617837775,0.0,0.0,1.0,10.265311260144465,0.10235677177851052,26.961676019688994,5,0.8202732914551532,7,0.0,0.21052631578947367,0,0.2537314409029094
Camel/029,World Knowledge,Human-Interaction Hallucination,4,2,0,7,0.3333333333333333,4.0,-3.9954586844380486,-3.372738217851561,-8.850260258603193,6.090550139489746,1.9204263592345825,-1.2547067445350564,1.9204263592345825,1.2547067445350564,-3.175133103769639,8.850260258603193,1.9204263592345825,0.0,0.0,10.265311260144465,0.10235677177851052,26.961676019688994,5,0.8202732914551532,7,0.0,0.21052631578947367,0,0.5513126438887188
Camel/029,World Knowledge,Human-Interaction Hallucination,4,3,0,7,0.5,3.0,-5.250165428973105,-4.627444962386617,-10.104967003138249,7.345256884024803,-1.2547067445350564,9.335439866095008,1.2547067445350564,9.335439866095008,10.590146610630065,10.104967003138249,0.6657196146995261,0.0,0.0,10.265311260144465,0.10235677177851052,26.961676019688994,5,0.8202732914551532,7,0.0,0.21052631578947367,0,0.39828181317284317
Camel/029,World Knowledge,Human-Interaction Hallucination,4,4,1,7,0.6666666666666666,2.0,4.085274437121903,4.707994903708391,-0.7695271370432408,-1.9901829820702055,9.335439866095008,-4.317976012482276,9.335439866095008,4.317976012482276,-13.653415878577285,0.7695271370432408,10.001159480794534,0.0,0.0,10.265311260144465,0.10235677177851052,26.961676019688994,5,0.8202732914551532,7,0.0,0.21052631578947367,0,0.8052366480218611
Camel/029,World Knowledge,Human-Interaction Hallucination,4,5,0,7,0.8333333333333334,1.0,-0.23270157536037317,0.39001889122611444,-5.087503149525517,2.327793030412071,-4.317976012482276,2.327793030412071,4.317976012482276,2.327793030412071,6.645769042894347,5.087503149525517,5.683183468312258,0.0,0.0,10.265311260144465,0.10235677177851052,26.961676019688994,5,0.8202732914551532,7,0.0,0.21052631578947367,0,0.36734906735120376
Camel/029,World Knowledge,Human-Interaction Hallucination,4,6,0,7,1.0,0.0,2.0950914550516977,2.7178119216381855,-2.7597101191134463,0.0,2.327793030412071,0.0,2.327793030412071,0.0,-2.327793030412071,2.7597101191134463,8.010976498724329,0.0,0.0,10.265311260144465,0.10235677177851052,26.961676019688994,5,0.8202732914551532,7,0.0,0.21052631578947367,0,0.47354538614816705
Camel/030,Science,Reasoning Hallucination,2,0,0,3,0.0,2.0,0.05501731229312057,0.7571757892198624,0.0,-2.351602112289413,0.0,0.080074744629826,0.0,0.080074744629826,0.080074744629826,0.0,0.0,1.0,1.0,2.4274623966755637,0.9393923244813355,2.503322681061715,1,0.01468860585701228,3,0.47368421052631576,1.0,4,0.5861032370068463
Camel/030,Science,Reasoning Hallucination,2,1,0,3,0.5,1.0,0.13509205692294657,0.8372505338496884,0.080074744629826,-2.431676856919239,0.080074744629826,-2.431676856919239,0.080074744629826,2.431676856919239,-2.511751601549065,0.0,0.080074744629826,1.0,0.0,2.4274623966755637,0.9393923244813355,2.503322681061715,1,0.01468860585701228,3,0.47368421052631576,1.0,4,0.8361372329843404
Camel/030,Science,Reasoning Hallucination,2,2,1,3,1.0,0.0,-2.2965847999962925,-1.5944263230695506,-2.351602112289413,0.0,-2.431676856919239,0.0,2.431676856919239,0.0,2.431676856919239,2.431676856919239,0.0,0.0,1.0,2.4274623966755637,0.9393923244813355,2.503322681061715,1,0.01468860585701228,3,0.47368421052631576,1.0,4,0.46088969884918124
Camel/031,Science,Reasoning Hallucination,2,0,0,3,0.0,2.0,-0.37208565560655416,3.4808139607799546,0.0,-3.8850339395594773,0.0,-6.557407942780387,0.0,6.557407942780387,-6.557407942780387,0.0,0.0,1.0,1.0,6.416756679452971,0.43415576630372504,8.948479419346466,1,0.05397533301755164,3,0.0,0.5263157894736842,1,0.7046280144588876
Camel/031,Science,Reasoning Hallucination,2,1,0,3,0.5,1.0,-6.929493598386941,-3.076593982000432,-6.557407942780387,2.6723740032209093,-6.557407942780387,2.6723740032209093,6.557407942780387,2.6723740032209093,9.229781946001296,6.557407942780387,0.0,0.0,1.0,6.416756679452971,0.43415576630372504,8.948479419346466,1,0.05397533301755164,3,0.0,0.5263157894736842,1,0.5906902203517711
Camel/031,Science,Reasoning Hallucination,2,2,1,3,1.0,0.0,-4.2571195951660314,-0.40421997877952265,-3.8850339395594773,0.0,2.6723740032209093,0.0,2.6723740032209093,0.0,-2.6723740032209093,3.8850339395594773,2.6723740032209093,0.0,0.0,6.416756679452971,0.43415576630372504,8.948479419346466,1,0.05397533301755164,3,0.0,0.5263157894736842,1,0.8785897804965029
Camel/032,Science,Reasoning Hallucination,2,0,0,3,0.0,2.0,-4.016397386668412,-2.6835988382578337,0.0,6.009104253357052,0.0,2.0416922614164505,0.0,2.0416922614164505,2.0416922614164505,0.0,0.0,1.0,1.0,6.009104253357052,1.0,6.009104253357052,0,0.011261518891954437,3,1.0,0.0,4,0.8534502120836284
Camel/032,Science,Reasoning Hallucination,2,1,0,3,0.5,1.0,-1.9747051252519618,-0.6419065768413834,2.0416922614164505,3.967411991940601,2.0416922614164505,3.967411991940601,2.0416922614164505,3.967411991940601,1.9257197305241505,0.0,2.0416922614164505,1.0,0.0,6.009104253357052,1.0,6.009104253357052,0,0.011261518891954437,3,1.0,0.0,4,0.9243388059072816
Camel/032,Science,Reasoning Hallucination,2,2,1,3,1.0,0.0,1.9927068666886392,3.325505415099218,6.009104253357052,0.0,3.967411991940601,0.0,3.967411991940601,0.0,-3.967411991940601,0.0,6.009104253357052,1.0,0.0,6.009104253357052,1.0,6.009104253357052,0,0.011261518891954437,3,1.0,0.0,4,0.7546863362945677
Camel/034,General Assistant,Human-Interaction Hallucination,14,0,0,21,0.0,20.0,-2.5453341033775096,-2.534292244766337,0.0,7.289683729233918,0.0,7.4028690122238565,0.0,7.4028690122238565,7.4028690122238565,0.0,0.0,1.0,1.0,8.96481892556113,0.12184449990302547,59.82776190173284,12,5.031798522339127,21,1.0,0.9473684210526315,2,0.4894280971090356
Camel/034,General Assistant,Human-Interaction Hallucination,14,1,0,21,0.05,19.0,4.857534908846347,4.868576767457519,7.4028690122238565,-0.11318528298993868,7.4028690122238565,-7.33626191021192,7.4028690122238565,7.33626191021192,-14.739130922435777,0.0,7.4028690122238565,1.0,0.0,8.96481892556113,0.12184449990302547,59.82776190173284,12,5.031798522339127,21,1.0,0.9473684210526315,2,0.5206890516713957
Camel/034,General Assistant,Human-Interaction Hallucination,14,2,0,21,0.1,18.0,-2.4787270013655736,-2.467685142754401,0.06660710201193609,7.223076627221982,-7.33626191021192,-0.16721447149070556,7.33626191021192,0.16721447149070556,7.169047438721215,7.33626191021192,0.06660710201193609,0.0,0.0,8.96481892556113,0.12184449990302547,59.82776190173284,12,5.031798522339127,21,1.0,0.9473684210526315,2,0.09891734369464866
Camel/034,General Assistant,Human-Interaction Hallucination,14,3,0,21,0.15,17.0,-2.645941472856279,-2.6348996142451067,-0.10060736947876947,7.390291098712687,-0.16721447149070556,7.518656915859118,0.16721447149070556,7.518656915859118,7.685871387349824,7.503476381702626,0.0,0.0,1.0,8.96481892556113,0.12184449990302547,59.82776190173284,12,5.031798522339127,21,1.0,0.9473684210526315,2,0.035112574482368014
Camel/034,General Assistant,Human-Interaction Hallucination,14,4,0,21,0.2,16.0,4.872715443002839,4.883757301614011,7.418049546380349,-0.12836581714643103,7.518656915859118,-7.209387738176737,7.518656915859118,7.209387738176737,-14.728044654035855,0.0,7.518656915859118,1.0,0.0,8.96481892556113,0.12184449990302547,59.82776190173284,12,5.031798522339127,21,1.0,0.9473684210526315,2,0.4952495559524853
Camel/034,General Assistant,Human-Interaction Hallucination,14,5,0,21,0.25,15.0,-2.336672295173898,-2.3256304365627254,0.2086618082036118,7.081021921030306,-7.209387738176737,2.4284976564564005,7.209387738176737,2.4284976564564005,9.637885394633138,7.209387738176737,0.30926917768238127,0.0,0.0,8.96481892556113,0.12184449990302547,59.82776190173284,12,5.031798522339127,21,1.0,0.9473684210526315,2,0.08622966689346712
Camel/034,General Assistant,Human-Interaction Hallucination,14,6,0,21,0.3,14.0,0.09182536128250263,0.10286721989367498,2.6371594646600123,4.6525242645739056,2.4284976564564005,4.563989471337088,2.4284976564564005,4.563989471337088,2.1354918148806874,4.780890081720337,2.7377668341387817,0.0,0.0,8.96481892556113,0.12184449990302547,59.82776190173284,12,5.031798522339127,21,1.0,0.9473684210526315,2,0.11072598540584523
Camel/034,General Assistant,Human-Interaction Hallucination,14,7,0,21,0.35,13.0,4.6558148326195905,4.6668566912307625,7.2011489359971,0.08853479323681768,4.563989471337088,-7.028982450839127,4.563989471337088,7.028982450839127,-11.592971922176215,0.2169006103832487,7.30175630547587,0.0,0.0,8.96481892556113,0.12184449990302547,59.82776190173284,12,5.031798522339127,21,1.0,0.9473684210526315,2,0.2084215056288169
Camel/034,General Assistant,Human-Interaction Hallucination,14,8,0,21,0.4,12.0,-2.3731676182195365,-2.362125759608364,0.17216648515797317,7.117517244075945,-7.028982450839127,2.1696195955753588,7.028982450839127,2.1696195955753588,9.198602046414486,7.245883061222376,0.27277385463674264,0.0,0.0,8.96481892556113,0.12184449990302547,59.82776190173284,12,5.031798522339127,21,1.0,0.9473684210526315,2,0.07988576744175098
Camel/034,General Assistant,Human-Interaction Hallucination,14,9,0,21,0.45,11.0,-0.2035480226441777,-0.19250616403300536,2.341786080733332,4.947897648500586,2.1696195955753588,-2.3744387320073415,2.1696195955753588,2.3744387320073415,-4.5440583275827,5.076263465647017,2.4423934502121014,0.0,0.0,8.96481892556113,0.12184449990302547,59.82776190173284,12,5.031798522339127,21,1.0,0.9473684210526315,2,0.1310796871666383
Camel/034,General Assistant,Human-Interaction Hallucination,14,10,0,21,0.5,10.0,-2.577986754651519,-2.5669448960403467,-0.032652651274009514,7.322336380507927,-2.3744387320073415,2.360429286504207,2.3744387320073415,2.360429286504207,4.734868018511548,7.450702197654358,0.06795471820475996,0.0,0.0,8.96481892556113,0.12184449990302547,59.82776190173284,12,5.031798522339127,21,1.0,0.9473684210526315,2,0.08233475245893163
Camel/034,General Assistant,Human-Interaction Hallucination,14,11,0,21,0.55,9.0,-0.21755746814731225,-0.2065156095361399,2.3277766352301974,4.96190709400372,2.360429286504207,-0.13234222151272235,2.360429286504207,0.13234222151272235,-2.4927715080169293,5.0902729111501515,2.428384004708967,0.0,0.0,8.96481892556113,0.12184449990302547,59.82776190173284,12,5.031798522339127,21,1.0,0.9473684210526315,2,0.10176112333664351
Camel/034,General Assistant,Human-Interaction Hallucination,14,12,0,21,0.6,8.0,-0.3498996896600346,-0.33885783104886225,2.195434413717475,5.094249315516443,-0.13234222151272235,-5.929052657948162,0.13234222151272235,5.929052657948162,-5.79671043643544,5.222615132662874,2.2960417831962445,0.0,0.0,8.96481892556113,0.12184449990302547,59.82776190173284,12,5.031798522339127,21,1.0,0.9473684210526315,2,0.12388932855527916
Camel/034,General Assistant,Human-Interaction Hallucination,14,13,0,21,0.65,7.0,-6.278952347608197,-6.267910488997025,-3.733618244230687,11.023301973464605,-5.929052657948162,6.217907500548694,5.929052657948162,6.217907500548694,12.146960158496857,11.151667790611036,0.0,0.0,1.0,8.96481892556113,0.12184449990302547,59.82776190173284,12,5.031798522339127,21,1.0,0.9473684210526315,2,0.023660754868370465
Camel/034,General Assistant,Human-Interaction Hallucination,14,14,1,21,0.7,6.0,-0.061044847059502416,-0.05000298844833006,2.4842892563180072,4.805394472915911,6.217907500548694,0.12733113336033952,6.217907500548694,0.12733113336033952,-6.090576367188355,4.933760290062342,6.217907500548694,0.0,0.0,8.96481892556113,0.12184449990302547,59.82776190173284,12,5.031798522339127,21,1.0,0.9473684210526315,2,0.12275159548729662
Camel/034,General Assistant,Human-Interaction Hallucination,14,15,0,21,0.75,5.0,0.0662862863008371,0.07732814491200946,2.6116203896783468,4.678063339555571,0.12733113336033952,1.8416356771025306,0.12733113336033952,1.8416356771025306,1.714304543742191,4.806429156702002,6.345238633909034,0.0,0.0,8.96481892556113,0.12184449990302547,59.82776190173284,12,5.031798522339127,21,1.0,0.9473684210526315,2,0.04119652919907512
Camel/034,General Assistant,Human-Interaction Hallucination,14,16,0,21,0.8,4.0,1.9079219634033677,1.9189638220145402,4.453256066780877,2.8364276624530405,1.8416356771025306,0.9342837971589475,1.8416356771025306,0.9342837971589475,-0.9073518799435831,2.9647934795994715,8.186874311011564,0.0,0.0,8.96481892556113,0.12184449990302547,59.82776190173284,12,5.031798522339127,21,1.0,0.9473684210526315,2,0.04556745975953942
Camel/034,General Assistant,Human-Interaction Hallucination,14,17,0,21,0.85,3.0,2.842205760562315,2.8532476191734877,5.387539863939825,1.902143865294093,0.9342837971589475,-0.4564241111873244,0.9342837971589475,0.4564241111873244,-1.390707908346272,2.030509682440524,9.121158108170512,0.0,0.0,8.96481892556113,0.12184449990302547,59.82776190173284,12,5.031798522339127,21,1.0,0.9473684210526315,2,0.03637231106538578
Camel/034,General Assistant,Human-Interaction Hallucination,14,18,0,21,0.9,2.0,2.385781649374991,2.3968235079861633,4.9311157527525005,2.3585679764814174,-0.4564241111873244,-6.973264890695269,0.4564241111873244,6.973264890695269,-6.516840779507945,2.4869337936278484,8.664733996983188,0.0,0.0,8.96481892556113,0.12184449990302547,59.82776190173284,12,5.031798522339127,21,1.0,0.9473684210526315,2,0.06422452746199175
Camel/034,General Assistant,Human-Interaction Hallucination,14,19,0,21,0.95,1.0,-4.587483241320278,-4.576441382709106,-2.0421491379427685,9.331832867176686,-6.973264890695269,9.331832867176686,6.973264890695269,9.331832867176686,16.305097757871955,9.460198684323117,1.6914691062879186,0.0,0.0,8.96481892556113,0.12184449990302547,59.82776190173284,12,5.031798522339127,21,1.0,0.9473684210526315,2,0.04878314095460679
Camel/034,General Assistant,Human-Interaction Hallucination,14,20,0,21,1.0,0.0,4.744349625856408,4.75539148446758,7.289683729233918,0.0,9.331832867176686,0.0,9.331832867176686,0.0,-9.331832867176686,0.12836581714643103,11.023301973464605,0.0,0.0,8.96481892556113,0.12184449990302547,59.82776190173284,12,5.031798522339127,21,1.0,0.9473684210526315,2,0.11324353712722614
Camel/037,General Assistant,Human-Interaction Hallucination,4,0,0,16,0.0,15.0,0.04757689220341277,0.04963935838072708,0.0,2.095805141906851,0.0,2.338881906243955,0.0,2.338881906243955,2.338881906243955,0.0,0.0,1.0,1.0,13.101524164556551,0.04230808574783702,49.536751778328764,12,4.298580252517937,16,0.21052631578947367,0.6842105263157895,4,0.46120384371591105
Camel/037,General Assistant,Human-Interaction Hallucination,4,1,0,16,0.06666666666666667,14.0,2.386458798447368,2.388521264624682,2.338881906243955,-0.24307676433710412,2.338881906243955,-4.986740006826135,2.338881906243955,4.986740006826135,-7.325621913070091,0.0,2.338881906243955,1.0,0.0,13.101524164556551,0.04230808574783702,49.536751778328764,12,4.298580252517937,16,0.21052631578947367,0.6842105263157895,4,0.6429647502506405
Camel/037,General Assistant,Human-Interaction Hallucination,4,2,0,16,0.13333333333333333,13.0,-2.6002812083787674,-2.5982187422014533,-2.64785810058218,4.743663242489031,-4.986740006826135,8.499022853224336,4.986740006826135,8.499022853224336,13.485762860050471,4.986740006826135,0.0,0.0,1.0,13.101524164556551,0.04230808574783702,49.536751778328764,12,4.298580252517937,16,0.21052631578947367,0.6842105263157895,4,0.12370531153468524
Camel/037,General Assistant,Human-Interaction Hallucination,4,3,0,16,0.2,12.0,5.898741644845568,5.900804111022882,5.8511647526421555,-3.7553596107353044,8.499022853224336,-0.6371394171439917,8.499022853224336,0.6371394171439917,-9.136162270368327,0.0,8.499022853224336,1.0,0.0,13.101524164556551,0.04230808574783702,49.536751778328764,12,4.298580252517937,16,0.21052631578947367,0.6842105263157895,4,0.6176837598029548
Camel/037,General Assistant,Human-Interaction Hallucination,4,4,1,16,0.26666666666666666,11.0,5.261602227701577,5.263664693878891,5.214025335498164,-3.1182201935913127,-0.6371394171439917,-7.856173925869186,0.6371394171439917,7.856173925869186,-7.219034508725194,0.6371394171439917,7.861883436080344,0.0,0.0,13.101524164556551,0.04230808574783702,49.536751778328764,12,4.298580252517937,16,0.21052631578947367,0.6842105263157895,4,0.030928258766613394
Camel/037,General Assistant,Human-Interaction Hallucination,4,5,0,16,0.3333333333333333,10.0,-2.5945716981676092,-2.592509231990295,-2.642148590371022,4.737953732277873,-7.856173925869186,5.080523477417543,7.856173925869186,5.080523477417543,12.936697403286729,8.493313343013178,0.005709510211158175,0.0,0.0,13.101524164556551,0.04230808574783702,49.536751778328764,12,4.298580252517937,16,0.21052631578947367,0.6842105263157895,4,0.08498775736470378
Camel/037,General Assistant,Human-Interaction Hallucination,4,6,0,16,0.4,9.0,2.485951779249934,2.488014245427248,2.438374887046521,-0.3425697451396701,5.080523477417543,-2.811640022954073,5.080523477417543,2.811640022954073,-7.892163500371616,3.4127898655956344,5.086232987628701,0.0,0.0,13.101524164556551,0.04230808574783702,49.536751778328764,12,4.298580252517937,16,0.21052631578947367,0.6842105263157895,4,0.27997106087347007
Camel/037,General Assistant,Human-Interaction Hallucination,4,7,0,16,0.4666666666666667,8.0,-0.32568824370413907,-0.32362577752682475,-0.37326513590755184,2.469070277814403,-2.811640022954073,-2.330802988384427,2.811640022954073,2.330802988384427,0.480837034569646,6.224429888549707,2.2745929646746283,0.0,0.0,13.101524164556551,0.04230808574783702,49.536751778328764,12,4.298580252517937,16,0.21052631578947367,0.6842105263157895,4,0.08368631468377054
Camel/037,General Assistant,Human-Interaction Hallucination,4,8,0,16,0.5333333333333333,7.0,-2.656491232088566,-2.654428765911252,-2.704068124291979,4.79987326619883,-2.330802988384427,4.5521274507065534,2.330802988384427,4.5521274507065534,6.8829304390909805,8.555232876934134,0.0,0.0,1.0,13.101524164556551,0.04230808574783702,49.536751778328764,12,4.298580252517937,16,0.21052631578947367,0.6842105263157895,4,0.06052739322321594
Camel/037,General Assistant,Human-Interaction Hallucination,4,9,0,16,0.6,6.0,1.8956362186179874,1.8976986847953017,1.8480593264145746,0.24774581549227648,4.5521274507065534,-11.47540146598756,4.5521274507065534,11.47540146598756,-16.027528916694113,4.003105426227581,4.5521274507065534,0.0,0.0,13.101524164556551,0.04230808574783702,49.536751778328764,12,4.298580252517937,16,0.21052631578947367,0.6842105263157895,4,0.39037385781679207
Camel/037,General Assistant,Human-Interaction Hallucination,4,10,0,16,0.6666666666666666,5.0,-9.579765247369572,-9.577702781192258,-9.627342139572985,11.723147281479836,-11.47540146598756,8.65025071481627,11.47540146598756,8.65025071481627,20.12565218080383,15.47850689221514,0.0,0.0,1.0,13.101524164556551,0.04230808574783702,49.536751778328764,12,4.298580252517937,16,0.21052631578947367,0.6842105263157895,4,0.11251503468136954
Camel/037,General Assistant,Human-Interaction Hallucination,4,11,0,16,0.7333333333333333,4.0,-0.9295145325533021,-0.9274520663759878,-0.9770914247567148,3.072896566663566,8.65025071481627,-3.019049644978999,8.65025071481627,3.019049644978999,-11.669300359795269,6.82825617739887,8.65025071481627,0.0,0.0,13.101524164556551,0.04230808574783702,49.536751778328764,12,4.298580252517937,16,0.21052631578947367,0.6842105263157895,4,0.7324251941024615
Camel/037,General Assistant,Human-Interaction Hallucination,4,12,0,16,0.8,3.0,-3.948564177532301,-3.946501711354987,-3.996141069735714,6.091946211642565,-3.019049644978999,6.283653552269328,3.019049644978999,6.283653552269328,9.302703197248327,9.84730582237787,5.631201069837271,0.0,0.0,13.101524164556551,0.04230808574783702,49.536751778328764,12,4.298580252517937,16,0.21052631578947367,0.6842105263157895,4,0.12956133442545167
Camel/037,General Assistant,Human-Interaction Hallucination,4,13,0,16,0.8666666666666667,2.0,2.335089374737027,2.3371518409143412,2.2875124825336144,-0.1917073406267633,6.283653552269328,-2.187651463692937,6.283653552269328,2.187651463692937,-8.471305015962265,3.563652270108541,11.9148546221066,0.0,0.0,13.101524164556551,0.04230808574783702,49.536751778328764,12,4.298580252517937,16,0.21052631578947367,0.6842105263157895,4,0.30020785907702735
Camel/037,General Assistant,Human-Interaction Hallucination,4,14,0,16,0.9333333333333333,1.0,0.14743791104409,0.1495003772214043,0.09986101884067722,1.9959441230661739,-2.187651463692937,1.9959441230661739,2.187651463692937,1.9959441230661739,4.183595586759111,5.751303733801478,9.727203158413662,0.0,0.0,13.101524164556551,0.04230808574783702,49.536751778328764,12,4.298580252517937,16,0.21052631578947367,0.6842105263157895,4,0.04891849459037586
Camel/037,General Assistant,Human-Interaction Hallucination,4,15,0,16,1.0,0.0,2.143382034110264,2.145444500287578,2.095805141906851,0.0,1.9959441230661739,0.0,1.9959441230661739,0.0,-1.9959441230661739,3.7553596107353044,11.723147281479836,0.0,0.0,13.101524164556551,0.04230808574783702,49.536751778328764,12,4.298580252517937,16,0.21052631578947367,0.6842105263157895,4,0.07237227047961112
Camel/038,General Assistant,Human-Interaction Hallucination,7,0,0,10,0.0,9.0,0.07374037108552756,0.3273339956062792,0.0,-7.132482632260789,0.0,2.236092354224027,0.0,2.236092354224027,2.236092354224027,0.0,0.0,1.0,1.0,13.224679174554016,0.18606020858888275,38.3342719346331,7,2.0736051347578655,10,0.8947368421052632,1.0,3,0.5210718661181084
Camel/038,General Assistant,Human-Interaction Hallucination,7,1,0,10,0.1111111111111111,8.0,2.3098327253095547,2.5634263498303063,2.236092354224027,-9.368574986484816,2.236092354224027,0.09003886322912535,2.236092354224027,0.09003886322912535,-2.146053490994902,0.0,2.236092354224027,1.0,0.0,13.224679174554016,0.18606020858888275,38.3342719346331,7,2.0736051347578655,10,0.8947368421052632,1.0,3,0.7261582921360075
Camel/038,General Assistant,Human-Interaction Hallucination,7,2,0,10,0.2222222222222222,7.0,2.39987158853868,2.6534652130594316,2.3261312174531525,-9.458613849713942,0.09003886322912535,-6.741634071314998,0.09003886322912535,6.741634071314998,-6.831672934544123,0.0,2.3261312174531525,1.0,0.0,13.224679174554016,0.18606020858888275,38.3342719346331,7,2.0736051347578655,10,0.8947368421052632,1.0,3,0.7087407477341942
Camel/038,General Assistant,Human-Interaction Hallucination,7,3,0,10,0.3333333333333333,6.0,-4.341762482776318,-4.088168858255566,-4.415502853861845,-2.716979778398944,-6.741634071314998,3.951278269879772,6.741634071314998,3.951278269879772,10.69291234119477,6.741634071314998,0.0,0.0,1.0,13.224679174554016,0.18606020858888275,38.3342719346331,7,2.0736051347578655,10,0.8947368421052632,1.0,3,0.2556404536487893
Camel/038,General Assistant,Human-Interaction Hallucination,7,4,0,10,0.4444444444444444,5.0,-0.39048421289654556,-0.13689058837579393,-0.4642245839820731,-6.668258048278716,3.951278269879772,-2.211276925856126,3.951278269879772,2.211276925856126,-6.162555195735898,2.7903558014352257,3.951278269879772,0.0,0.0,13.224679174554016,0.18606020858888275,38.3342719346331,7,2.0736051347578655,10,0.8947368421052632,1.0,3,0.7139884973912266
Camel/038,General Assistant,Human-Interaction Hallucination,7,5,0,10,0.5555555555555556,4.0,-2.6017611387526713,-2.34816751423192,-2.675501509838199,-4.45698112242259,-2.211276925856126,4.911667035237045,2.211276925856126,4.911667035237045,7.122943961093171,5.001632727291351,1.7400013440236464,0.0,0.0,13.224679174554016,0.18606020858888275,38.3342719346331,7,2.0736051347578655,10,0.8947368421052632,1.0,3,0.3084927582029607
Camel/038,General Assistant,Human-Interaction Hallucination,7,6,0,10,0.6666666666666666,3.0,2.3099058964843735,2.563499521005125,2.236165525398846,-9.368648157659635,4.911667035237045,-4.447083939474311,4.911667035237045,4.447083939474311,-9.358750974711356,0.0899656920543066,6.651668379260691,0.0,0.0,13.224679174554016,0.18606020858888275,38.3342719346331,7,2.0736051347578655,10,0.8947368421052632,1.0,3,0.7539089595870787
Camel/038,General Assistant,Human-Interaction Hallucination,7,7,1,10,0.7777777777777778,2.0,-2.1371780429899374,-1.883584418469186,-2.210918414075465,-4.921564218185324,-4.447083939474311,9.037819354955019,4.447083939474311,9.037819354955019,13.48490329442933,4.5370496315286175,2.2045844397863803,0.0,0.0,13.224679174554016,0.18606020858888275,38.3342719346331,7,2.0736051347578655,10,0.8947368421052632,1.0,3,0.24286431901183325
Camel/038,General Assistant,Human-Interaction Hallucination,7,8,0,10,0.8888888888888888,1.0,6.900641311965082,7.1542349364858335,6.826900940879554,-13.959383573140343,9.037819354955019,-13.959383573140343,9.037819354955019,13.959383573140343,-22.997202928095362,0.0,11.2424037947414,1.0,0.0,13.224679174554016,0.18606020858888275,38.3342719346331,7,2.0736051347578655,10,0.8947368421052632,1.0,3,0.8883934244565459
Camel/038,General Assistant,Human-Interaction Hallucination,7,9,0,10,1.0,0.0,-7.0587422611752615,-6.8051486366545095,-7.132482632260789,0.0,-13.959383573140343,0.0,13.959383573140343,0.0,13.959383573140343,13.959383573140343,0.0,0.0,1.0,13.224679174554016,0.18606020858888275,38.3342719346331,7,2.0736051347578655,10,0.8947368421052632,1.0,3,0.2703216687840963
Camel/039,World Knowledge,Human-Interaction Hallucination,2,0,0,7,0.0,6.0,2.066918988640328,2.603703245587221,0.0,3.2165707319804717,0.0,-2.1130819706808026,0.0,2.1130819706808026,-2.1130819706808026,0.0,0.0,1.0,1.0,11.314340678452284,0.1456213922531211,22.08858658890848,3,0.599836858155744,7,1.0,0.3157894736842105,2,0.38039767763293775
Camel/039,World Knowledge,Human-Interaction Hallucination,2,1,0,7,0.16666666666666666,5.0,-0.04616298204047453,0.4906212749064187,-2.1130819706808026,5.329652702661274,-2.1130819706808026,-6.688768914119365,2.1130819706808026,6.688768914119365,-4.575686943438562,2.1130819706808026,0.0,0.0,1.0,11.314340678452284,0.1456213922531211,22.08858658890848,3,0.599836858155744,7,1.0,0.3157894736842105,2,0.3782503003227119
Camel/039,World Knowledge,Human-Interaction Hallucination,2,2,1,7,0.3333333333333333,4.0,-6.734931896159839,-6.198147639212946,-8.801850884800167,12.018421616780639,-6.688768914119365,6.291601909917116,6.688768914119365,6.291601909917116,12.98037082403648,8.801850884800167,0.0,0.0,1.0,11.314340678452284,0.1456213922531211,22.08858658890848,3,0.599836858155744,7,1.0,0.3157894736842105,2,0.2255619576562431
Camel/039,World Knowledge,Human-Interaction Hallucination,2,3,0,7,0.5,3.0,-0.44332998624272335,0.0934542707041699,-2.5102489748830514,5.726819706863523,6.291601909917116,-1.6194078596608215,6.291601909917116,1.6194078596608215,-7.911009769577937,2.5102489748830514,6.291601909917116,0.0,0.0,11.314340678452284,0.1456213922531211,22.08858658890848,3,0.599836858155744,7,1.0,0.3157894736842105,2,0.7176682345688423
Camel/039,World Knowledge,Human-Interaction Hallucination,2,4,0,7,0.6666666666666666,2.0,-2.062737845903545,-1.5259535889566516,-4.129656834543873,7.346227566524345,-1.6194078596608215,0.2420020483607459,1.6194078596608215,0.2420020483607459,1.8614099080215674,4.129656834543873,4.672194050256294,0.0,0.0,11.314340678452284,0.1456213922531211,22.08858658890848,3,0.599836858155744,7,1.0,0.3157894736842105,2,0.4721691893724783
Camel/039,World Knowledge,Human-Interaction Hallucination,2,5,0,7,0.8333333333333334,1.0,-1.820735797542799,-1.2839515405959057,-3.887654786183127,7.104225518163599,0.2420020483607459,7.104225518163599,0.2420020483607459,7.104225518163599,6.862223469802853,3.887654786183127,4.91419609861704,0.0,0.0,11.314340678452284,0.1456213922531211,22.08858658890848,3,0.599836858155744,7,1.0,0.3157894736842105,2,0.51834413702112
Camel/039,World Knowledge,Human-Interaction Hallucination,2,6,0,7,1.0,0.0,5.2834897206208,5.820273977567693,3.2165707319804717,0.0,7.104225518163599,0.0,7.104225518163599,0.0,-7.104225518163599,0.0,12.018421616780639,1.0,0.0,11.314340678452284,0.1456213922531211,22.08858658890848,3,0.599836858155744,7,1.0,0.3157894736842105,2,0.6053393366504101
Camel/044,World Knowledge,Human-Interaction Hallucination,2,0,0,9,0.0,8.0,2.7824679451179968,2.996929616680871,0.0,-0.44074481236358665,0.0,-0.7229333295167315,0.0,0.7229333295167315,-0.7229333295167315,0.0,0.0,1.0,1.0,13.08783649612204,0.011554877336677502,38.14361671885292,3,1.2252970702093324,9,0.631578947368421,0.3684210526315789,2,0.4210489113995635
Camel/044,World Knowledge,Human-Interaction Hallucination,2,1,0,9,0.125,7.0,2.0595346156012653,2.2739962871641395,-0.7229333295167315,0.28218851715314486,-0.7229333295167315,-4.29134643636527,0.7229333295167315,4.29134643636527,-3.5684131068485385,0.7229333295167315,0.0,0.0,1.0,13.08783649612204,0.011554877336677502,38.14361671885292,3,1.2252970702093324,9,0.631578947368421,0.3684210526315789,2,0.37952640145453503
Camel/044,World Knowledge,Human-Interaction Hallucination,2,2,1,9,0.25,6.0,-2.2318118207640048,-2.0173501492011305,-5.0142797658820015,4.573534953518415,-4.29134643636527,-4.137102568921584,4.29134643636527,4.137102568921584,0.1542438674436859,5.0142797658820015,0.0,0.0,1.0,13.08783649612204,0.011554877336677502,38.14361671885292,3,1.2252970702093324,9,0.631578947368421,0.3684210526315789,2,0.3822306335624752
Camel/044,World Knowledge,Human-Interaction Hallucination,2,3,0,9,0.375,5.0,-6.368914389685589,-6.154452718122715,-9.151382334803586,8.710637522439999,-4.137102568921584,1.1955343854938114,4.137102568921584,1.1955343854938114,5.3326369544153955,9.151382334803586,0.0,0.0,1.0,13.08783649612204,0.011554877336677502,38.14361671885292,3,1.2252970702093324,9,0.631578947368421,0.3684210526315789,2,0.2929508986632092
Camel/044,World Knowledge,Human-Interaction Hallucination,2,4,0,9,0.5,4.0,-5.1733800041917775,-4.958918332628904,-7.955847949309774,7.515103136946188,1.1955343854938114,12.387135644870227,1.1955343854938114,12.387135644870227,11.191601259376416,7.955847949309774,1.1955343854938114,0.0,0.0,13.08783649612204,0.011554877336677502,38.14361671885292,3,1.2252970702093324,9,0.631578947368421,0.3684210526315789,2,0.6141077342800995
Camel/044,World Knowledge,Human-Interaction Hallucination,2,5,0,9,0.625,3.0,7.21375564067845,7.4282173122413235,4.431287695560453,-4.87203250792404,12.387135644870227,-5.264734581676365,12.387135644870227,5.264734581676365,-17.651870226546592,0.0,13.582670030364039,1.0,0.0,13.08783649612204,0.011554877336677502,38.14361671885292,3,1.2252970702093324,9,0.631578947368421,0.3684210526315789,2,0.7766515952182965
Camel/044,World Knowledge,Human-Interaction Hallucination,2,6,0,9,0.75,2.0,1.949021059002085,2.1634827305649593,-0.8334468861159117,0.392702073752325,-5.264734581676365,-6.451572281580788,5.264734581676365,6.451572281580788,-1.186837699904423,5.264734581676365,8.317935448687674,0.0,0.0,13.08783649612204,0.011554877336677502,38.14361671885292,3,1.2252970702093324,9,0.631578947368421,0.3684210526315789,2,0.2616593204373548
Camel/044,World Knowledge,Human-Interaction Hallucination,2,7,0,9,0.875,1.0,-4.5025512225787025,-4.288089551015829,-7.285019167696699,6.844274355333113,-6.451572281580788,6.844274355333113,6.451572281580788,6.844274355333113,13.2958466369139,11.716306863257152,1.8663631671068863,0.0,0.0,13.08783649612204,0.011554877336677502,38.14361671885292,3,1.2252970702093324,9,0.631578947368421,0.3684210526315789,2,0.2512828029940304
Camel/044,World Knowledge,Human-Interaction Hallucination,2,8,0,9,1.0,0.0,2.34172313275441,2.5561848043172843,-0.44074481236358665,0.0,6.844274355333113,0.0,6.844274355333113,0.0,-6.844274355333113,4.87203250792404,8.710637522439999,0.0,0.0,13.08783649612204,0.011554877336677502,38.14361671885292,3,1.2252970702093324,9,0.631578947368421,0.3684210526315789,2,0.430905278019557
Camel/045,World Knowledge,Human-Interaction Hallucination,8,0,0,12,0.0,11.0,2.7973305315437287,3.0186155639787704,0.0,-4.975226268306415,0.0,-2.6194054008385663,0.0,2.6194054008385663,-2.6194054008385663,0.0,0.0,1.0,1.0,9.513522116290517,0.13614756049725138,36.542896913726615,8,2.4251207643706305,12,0.8947368421052632,0.47368421052631576,1,0.35588854617193405
Camel/045,World Knowledge,Human-Interaction Hallucination,8,1,0,12,0.09090909090909091,10.0,0.17792513070516236,0.39921016314020397,-2.6194054008385663,-2.3558208674678482,-2.6194054008385663,-4.505147132179449,2.6194054008385663,4.505147132179449,-1.8857417313408824,2.6194054008385663,0.0,0.0,1.0,9.513522116290517,0.13614756049725138,36.542896913726615,8,2.4251207643706305,12,0.8947368421052632,0.47368421052631576,1,0.35401867816946997
Camel/045,World Knowledge,Human-Interaction Hallucination,8,2,0,12,0.18181818181818182,9.0,-4.327222001474286,-4.105936969039245,-7.124552533018015,2.1493262647116005,-4.505147132179449,1.825565466418258,4.505147132179449,1.825565466418258,6.330712598597707,7.124552533018015,0.0,0.0,1.0,9.513522116290517,0.13614756049725138,36.542896913726615,8,2.4251207643706305,12,0.8947368421052632,0.47368421052631576,1,0.24254086961088475
Camel/045,World Knowledge,Human-Interaction Hallucination,8,3,0,12,0.2727272727272727,8.0,-2.5016565350560285,-2.2803715026209868,-5.298987066599757,0.3237607982933426,1.825565466418258,2.0008110174807925,1.825565466418258,2.0008110174807925,0.1752455510625346,5.298987066599757,1.825565466418258,0.0,0.0,9.513522116290517,0.13614756049725138,36.542896913726615,8,2.4251207643706305,12,0.8947368421052632,0.47368421052631576,1,0.49559333957932916
Camel/045,World Knowledge,Human-Interaction Hallucination,8,4,0,12,0.36363636363636365,7.0,-0.500845517575236,-0.2795604851401944,-3.2981760491189647,-1.67705021918745,2.0008110174807925,-6.492390933647396,2.0008110174807925,6.492390933647396,-8.493201951128189,3.2981760491189647,3.8263764838990504,0.0,0.0,9.513522116290517,0.13614756049725138,36.542896913726615,8,2.4251207643706305,12,0.8947368421052632,0.47368421052631576,1,0.6056388140732405
Camel/045,World Knowledge,Human-Interaction Hallucination,8,5,0,12,0.45454545454545453,6.0,-6.993236451222632,-6.771951418787591,-9.79056698276636,4.815340714459946,-6.492390933647396,9.182851416431056,6.492390933647396,9.182851416431056,15.675242350078452,9.79056698276636,0.0,0.0,1.0,9.513522116290517,0.13614756049725138,36.542896913726615,8,2.4251207643706305,12,0.8947368421052632,0.47368421052631576,1,0.22230161927549755
Camel/045,World Knowledge,Human-Interaction Hallucination,8,6,0,12,0.5454545454545454,5.0,2.189614965208424,2.4108999976434657,-0.6077155663353047,-4.36751070197111,9.182851416431056,-4.39319946533703,9.182851416431056,4.39319946533703,-13.576050881768086,0.6077155663353047,9.182851416431056,0.0,0.0,9.513522116290517,0.13614756049725138,36.542896913726615,8,2.4251207643706305,12,0.8947368421052632,0.47368421052631576,1,0.8163733033172329
Camel/045,World Knowledge,Human-Interaction Hallucination,8,7,0,12,0.6363636363636364,4.0,-2.2035845001286063,-1.9822994676935648,-5.000915031672335,0.02568876336592041,-4.39319946533703,5.9247293929517895,4.39319946533703,5.9247293929517895,10.31792885828882,5.000915031672335,4.789651951094026,0.0,0.0,9.513522116290517,0.13614756049725138,36.542896913726615,8,2.4251207643706305,12,0.8947368421052632,0.47368421052631576,1,0.27406834638849914
Camel/045,World Knowledge,Human-Interaction Hallucination,8,8,1,12,0.7272727272727273,3.0,3.721144892823183,3.942429925258225,0.9238143612794545,-5.899040629585869,5.9247293929517895,-1.4141261219399794,5.9247293929517895,1.4141261219399794,-7.338855514891769,0.0,10.714381344045815,1.0,0.0,9.513522116290517,0.13614756049725138,36.542896913726615,8,2.4251207643706305,12,0.8947368421052632,0.47368421052631576,1,0.49138364298244075
Camel/045,World Knowledge,Human-Interaction Hallucination,8,9,0,12,0.8181818181818182,2.0,2.3070187708832037,2.5283038033182454,-0.49031176066052495,-4.48491450764589,-1.4141261219399794,2.5489672909520706,1.4141261219399794,2.5489672909520706,3.96309341289205,1.4141261219399794,9.300255222105836,0.0,0.0,9.513522116290517,0.13614756049725138,36.542896913726615,8,2.4251207643706305,12,0.8947368421052632,0.47368421052631576,1,0.11676811053337988
Camel/045,World Knowledge,Human-Interaction Hallucination,8,10,0,12,0.9090909090909091,1.0,4.855986061835274,5.077271094270316,2.0586555302915457,-7.03388179859796,2.5489672909520706,-7.03388179859796,2.5489672909520706,7.03388179859796,-9.582849089550031,0.0,11.849222513057907,1.0,0.0,9.513522116290517,0.13614756049725138,36.542896913726615,8,2.4251207643706305,12,0.8947368421052632,0.47368421052631576,1,0.2687564923286706
Camel/045,World Knowledge,Human-Interaction Hallucination,8,11,0,12,1.0,0.0,-2.177895736762686,-1.9566107043276444,-4.975226268306415,0.0,-7.03388179859796,0.0,7.03388179859796,0.0,7.03388179859796,7.03388179859796,4.815340714459946,0.0,0.0,9.513522116290517,0.13614756049725138,36.542896913726615,8,2.4251207643706305,12,0.8947368421052632,0.47368421052631576,1,0.24533257793023233
Camel/046,World Knowledge,Human-Interaction Hallucination,2,0,0,8,0.0,7.0,2.707347257058842,3.9866000043751266,0.0,-0.3275136601196138,0.0,-2.634210968661719,0.0,2.634210968661719,-2.634210968661719,0.0,0.0,1.0,1.0,9.769089592539677,0.017048532737925552,19.210665524959737,1,0.5656707525614608,8,0.0,0.47368421052631576,4,0.4112326621740983
Camel/046,World Knowledge,Human-Interaction Hallucination,2,1,0,8,0.14285714285714285,6.0,0.07313628839712294,1.3523890357134074,-2.634210968661719,2.3066973085421054,-2.634210968661719,-0.5924714568625191,2.634210968661719,0.5924714568625191,2.0417395117992,2.634210968661719,0.0,0.0,1.0,9.769089592539677,0.017048532737925552,19.210665524959737,1,0.5656707525614608,8,0.0,0.47368421052631576,4,0.20951097126340687
Camel/046,World Knowledge,Human-Interaction Hallucination,2,2,1,8,0.2857142857142857,5.0,-0.5193351684653962,0.7599175788508883,-3.2266824255242383,2.8991687654046245,-0.5924714568625191,-6.659353532234,0.5924714568625191,6.659353532234,-6.066882075371481,3.2266824255242383,0.0,0.0,1.0,9.769089592539677,0.017048532737925552,19.210665524959737,1,0.5656707525614608,8,0.0,0.47368421052631576,4,0.35498819948673216
Camel/046,World Knowledge,Human-Interaction Hallucination,2,3,0,8,0.42857142857142855,4.0,-7.1786887006993965,-5.8994359533831116,-9.886035957758239,9.558522297638625,-6.659353532234,0.3703301565254442,6.659353532234,0.3703301565254442,7.0296836887594445,9.886035957758239,0.0,0.0,1.0,9.769089592539677,0.017048532737925552,19.210665524959737,1,0.5656707525614608,8,0.0,0.47368421052631576,4,0.48417850918569266
Camel/046,World Knowledge,Human-Interaction Hallucination,2,4,0,8,0.5714285714285714,3.0,-6.808358544173952,-5.529105796857667,-9.515705801232794,9.18819214111318,0.3703301565254442,5.981024378538354,0.3703301565254442,5.981024378538354,5.61069422201291,9.515705801232794,0.3703301565254442,0.0,0.0,9.769089592539677,0.017048532737925552,19.210665524959737,1,0.5656707525614608,8,0.0,0.47368421052631576,4,0.8311244889782707
Camel/046,World Knowledge,Human-Interaction Hallucination,2,5,0,8,0.7142857142857143,2.0,-0.8273341656355981,0.4519185816806863,-3.5346814226944403,3.2071677625748265,5.981024378538354,0.766711623684472,5.981024378538354,0.766711623684472,-5.214312754853882,3.5346814226944403,6.351354535063798,0.0,0.0,9.769089592539677,0.017048532737925552,19.210665524959737,1,0.5656707525614608,8,0.0,0.47368421052631576,4,0.8913652972168987
Camel/046,World Knowledge,Human-Interaction Hallucination,2,6,0,8,0.8571428571428571,1.0,-0.06062254195112615,1.2186302053651583,-2.7679697990099683,2.4404561388903545,0.766711623684472,2.4404561388903545,0.766711623684472,2.4404561388903545,1.6737445152058825,2.7679697990099683,7.11806615874827,0.0,0.0,9.769089592539677,0.017048532737925552,19.210665524959737,1,0.5656707525614608,8,0.0,0.47368421052631576,4,0.48572262738862443
Camel/046,World Knowledge,Human-Interaction Hallucination,2,7,0,8,1.0,0.0,2.3798335969392284,3.659086344255513,-0.3275136601196138,0.0,2.4404561388903545,0.0,2.4404561388903545,0.0,-2.4404561388903545,0.3275136601196138,9.558522297638625,0.0,0.0,9.769089592539677,0.017048532737925552,19.210665524959737,1,0.5656707525614608,8,0.0,0.47368421052631576,4,0.4855603651509658
Camel/049,World Knowledge,Retrieval Hallucination,4,0,0,13,0.0,12.0,-0.03327579290805005,0.3757588939873725,0.0,0.05367256245208196,0.0,-0.03412261855463328,0.0,0.03412261855463328,-0.03412261855463328,0.0,0.0,1.0,1.0,10.805441055490016,0.001332681375511867,40.274114607077,6,2.422546302286325,13,0.7894736842105263,0.5789473684210527,3,0.536180918975842
Camel/049,World Knowledge,Retrieval Hallucination,4,1,0,13,0.08333333333333333,11.0,-0.06739841146268333,0.3416362754327392,-0.03412261855463328,0.08779518100671524,-0.03412261855463328,-4.9937755284699605,0.03412261855463328,4.9937755284699605,-4.959652909915327,0.03412261855463328,0.0,0.0,1.0,10.805441055490016,0.001332681375511867,40.274114607077,6,2.422546302286325,13,0.7894736842105263,0.5789473684210527,3,0.4636334243120285
Camel/049,World Knowledge,Retrieval Hallucination,4,2,0,13,0.16666666666666666,10.0,-5.061173939932644,-4.652139253037221,-5.027898147024594,5.081570709476676,-4.9937755284699605,7.557996978384473,4.9937755284699605,7.557996978384473,12.551772506854434,5.027898147024594,0.0,0.0,1.0,10.805441055490016,0.001332681375511867,40.274114607077,6,2.422546302286325,13,0.7894736842105263,0.5789473684210527,3,0.20899345232238772
Camel/049,World Knowledge,Retrieval Hallucination,4,3,0,13,0.25,9.0,2.4968230384518293,2.9058577253472517,2.5300988313598793,-2.4764262689077974,7.557996978384473,1.718094613869603,7.557996978384473,1.718094613869603,-5.83990236451487,0.0,7.557996978384473,1.0,0.0,10.805441055490016,0.001332681375511867,40.274114607077,6,2.422546302286325,13,0.7894736842105263,0.5789473684210527,3,0.7875173088823147
Camel/049,World Knowledge,Retrieval Hallucination,4,4,1,13,0.3333333333333333,8.0,4.214917652321432,4.623952339216855,4.248193445229482,-4.1945208827774,1.718094613869603,-8.519886763706008,1.718094613869603,8.519886763706008,-10.237981377575611,0.0,9.276091592254076,1.0,0.0,10.805441055490016,0.001332681375511867,40.274114607077,6,2.422546302286325,13,0.7894736842105263,0.5789473684210527,3,0.30594965242619276
Camel/049,World Knowledge,Retrieval Hallucination,4,5,0,13,0.4166666666666667,7.0,-4.304969111384576,-3.8959344244891536,-4.271693318476526,4.325365880928608,-8.519886763706008,1.5353989429839068,8.519886763706008,1.5353989429839068,10.055285706689915,8.519886763706008,0.7562048285480678,0.0,0.0,10.805441055490016,0.001332681375511867,40.274114607077,6,2.422546302286325,13,0.7894736842105263,0.5789473684210527,3,0.3046030255555905
Camel/049,World Knowledge,Retrieval Hallucination,4,6,0,13,0.5,6.0,-2.7695701684006693,-2.360535481505247,-2.7362943754926192,2.789966937944701,1.5353989429839068,-3.8835007514669257,1.5353989429839068,3.8835007514669257,-5.4188996944508325,6.9844878207221015,2.2916037715319746,0.0,0.0,10.805441055490016,0.001332681375511867,40.274114607077,6,2.422546302286325,13,0.7894736842105263,0.5789473684210527,3,0.3686287654908427
Camel/049,World Knowledge,Retrieval Hallucination,4,7,0,13,0.5833333333333334,5.0,-6.653070919867595,-6.244036232972173,-6.619795126959545,6.673467689411627,-3.8835007514669257,4.706313205867993,3.8835007514669257,4.706313205867993,8.589813957334918,10.867988572189027,0.0,0.0,1.0,10.805441055490016,0.001332681375511867,40.274114607077,6,2.422546302286325,13,0.7894736842105263,0.5789473684210527,3,0.09206877640706372
Camel/049,World Knowledge,Retrieval Hallucination,4,8,0,13,0.6666666666666666,4.0,-1.9467577139996024,-1.53772302710418,-1.9134819210915524,1.9671544835436343,4.706313205867993,7.0780120039643535,4.706313205867993,7.0780120039643535,2.371698798096361,6.161675366321035,4.706313205867993,0.0,0.0,10.805441055490016,0.001332681375511867,40.274114607077,6,2.422546302286325,13,0.7894736842105263,0.5789473684210527,3,0.23900952832336675
Camel/049,World Knowledge,Retrieval Hallucination,4,9,0,13,0.75,3.0,5.131254289964751,5.5402889768601735,5.164530082872801,-5.110857520420719,7.0780120039643535,-1.635033131226379,7.0780120039643535,1.635033131226379,-8.713045135190733,0.0,11.784325209832346,1.0,0.0,10.805441055490016,0.001332681375511867,40.274114607077,6,2.422546302286325,13,0.7894736842105263,0.5789473684210527,3,0.489001866390282
Camel/049,World Knowledge,Retrieval Hallucination,4,10,0,13,0.8333333333333334,2.0,3.496221158738372,3.9052558456337945,3.529496951646422,-3.47582438919434,-1.635033131226379,-3.337068939443462,1.635033131226379,3.337068939443462,-1.702035808217083,1.635033131226379,10.149292078605967,0.0,0.0,10.805441055490016,0.001332681375511867,40.274114607077,6,2.422546302286325,13,0.7894736842105263,0.5789473684210527,3,0.049688576129626474
Camel/049,World Knowledge,Retrieval Hallucination,4,11,0,13,0.9166666666666666,1.0,0.15915221929490997,0.5681869061903325,0.19242801220296002,-0.13875544975087806,-3.337068939443462,-0.13875544975087806,3.337068939443462,0.13875544975087806,3.198313489692584,4.972102070669841,6.812223139162505,0.0,0.0,10.805441055490016,0.001332681375511867,40.274114607077,6,2.422546302286325,13,0.7894736842105263,0.5789473684210527,3,0.08781831660476543
Camel/049,World Knowledge,Retrieval Hallucination,4,12,0,13,1.0,0.0,0.020396769544031912,0.42943145643945446,0.05367256245208196,0.0,-0.13875544975087806,0.0,0.13875544975087806,0.0,0.13875544975087806,5.110857520420719,6.673467689411627,0.0,0.0,10.805441055490016,0.001332681375511867,40.274114607077,6,2.422546302286325,13,0.7894736842105263,0.5789473684210527,3,0.0752025436220022
Camel/051,World Knowledge,Retrieval Hallucination,6,0,0,11,0.0,10.0,0.14973496570479483,0.840234398650179,0.0,0.013198833063636783,0.0,2.184488650755995,0.0,2.184488650755995,2.184488650755995,0.0,0.0,1.0,1.0,9.415664819619,0.00029707839772540674,44.42878770282257,8,3.116801362542099,11,0.5789473684210527,0.6842105263157895,0,0.5238037093874401
Camel/051,World Knowledge,Retrieval Hallucination,6,1,0,11,0.1,9.0,2.3342236164607897,3.024723049406174,2.184488650755995,-2.171289817692358,2.184488650755995,-4.841996055412192,2.184488650755995,4.841996055412192,-7.026484706168187,0.0,2.184488650755995,1.0,0.0,9.415664819619,0.00029707839772540674,44.42878770282257,8,3.116801362542099,11,0.5789473684210527,0.6842105263157895,0,0.7125969973105133
Camel/051,World Knowledge,Retrieval Hallucination,6,2,0,11,0.2,8.0,-2.5077724389514024,-1.8172730060060183,-2.6575074046561973,2.670706237719834,-4.841996055412192,3.0476991377292926,4.841996055412192,3.0476991377292926,7.889695193141485,4.841996055412192,0.0,0.0,1.0,9.415664819619,0.00029707839772540674,44.42878770282257,8,3.116801362542099,11,0.5789473684210527,0.6842105263157895,0,0.28330969111143345
Camel/051,World Knowledge,Retrieval Hallucination,6,3,0,11,0.3,7.0,0.5399266987778901,1.2304261317232743,0.3901917330730953,-0.3769929000094585,3.0476991377292926,-3.187425576501848,3.0476991377292926,3.187425576501848,-6.235124714231141,1.7942969176828996,3.0476991377292926,0.0,0.0,9.415664819619,0.00029707839772540674,44.42878770282257,8,3.116801362542099,11,0.5789473684210527,0.6842105263157895,0,0.6547690895729584
Camel/051,World Knowledge,Retrieval Hallucination,6,4,0,11,0.4,6.0,-2.647498877723958,-1.956999444778574,-2.797233843428753,2.8104326764923897,-3.187425576501848,0.33360780253399724,3.187425576501848,0.33360780253399724,3.5210333790358455,4.981722494184748,0.0,0.0,1.0,9.415664819619,0.00029707839772540674,44.42878770282257,8,3.116801362542099,11,0.5789473684210527,0.6842105263157895,0,0.3224413622746875
Camel/051,World Knowledge,Retrieval Hallucination,6,5,0,11,0.5,5.0,-2.313891075189961,-1.6233916422445767,-2.4636260408947557,2.4768248739583925,0.33360780253399724,8.752475743614166,0.33360780253399724,8.752475743614166,8.418867941080169,4.6481146916507505,0.33360780253399724,0.0,0.0,9.415664819619,0.00029707839772540674,44.42878770282257,8,3.116801362542099,11,0.5789473684210527,0.6842105263157895,0,0.46733308831903064
Camel/051,World Knowledge,Retrieval Hallucination,6,6,1,11,0.6,4.0,6.438584668424205,7.12908410136959,6.288849702719411,-6.275650869655774,8.752475743614166,-13.369220909201136,8.752475743614166,13.369220909201136,-22.121696652815302,0.0,9.086083546148163,1.0,0.0,9.415664819619,0.00029707839772540674,44.42878770282257,8,3.116801362542099,11,0.5789473684210527,0.6842105263157895,0,0.7361982485568223
Camel/051,World Knowledge,Retrieval Hallucination,6,7,0,11,0.7,3.0,-6.930636240776931,-6.240136807831546,-7.0803712064817255,7.093570039545362,-13.369220909201136,9.148490553529072,13.369220909201136,9.148490553529072,22.517711462730208,13.369220909201136,0.0,0.0,1.0,9.415664819619,0.00029707839772540674,44.42878770282257,8,3.116801362542099,11,0.5789473684210527,0.6842105263157895,0,0.10846816457567386
Camel/051,World Knowledge,Retrieval Hallucination,6,8,0,11,0.8,2.0,2.2178543127521415,2.908353745697526,2.0681193470473467,-2.05492051398371,9.148490553529072,-7.2568075033973685,9.148490553529072,7.2568075033973685,-16.40529805692644,4.220730355672064,9.148490553529072,0.0,0.0,9.415664819619,0.00029707839772540674,44.42878770282257,8,3.116801362542099,11,0.5789473684210527,0.6842105263157895,0,0.6334423222835489
Camel/051,World Knowledge,Retrieval Hallucination,6,9,0,11,0.9,1.0,-5.038953190645227,-4.3484537576998425,-5.188688156350022,5.201886989413659,-7.2568075033973685,5.201886989413659,7.2568075033973685,5.201886989413659,12.458694492811027,11.477537859069432,1.8916830501317037,0.0,0.0,9.415664819619,0.00029707839772540674,44.42878770282257,8,3.116801362542099,11,0.5789473684210527,0.6842105263157895,0,0.21406896656756766
Camel/051,World Knowledge,Retrieval Hallucination,6,10,0,11,1.0,0.0,0.16293379876843161,0.8534332317138158,0.013198833063636783,0.0,5.201886989413659,0.0,5.201886989413659,0.0,-5.201886989413659,6.275650869655774,7.093570039545362,0.0,0.0,9.415664819619,0.00029707839772540674,44.42878770282257,8,3.116801362542099,11,0.5789473684210527,0.6842105263157895,0,0.36448644385838924
Camel/052,Science,Human-Interaction Hallucination,2,0,0,7,0.0,6.0,2.6707821226150195,2.3331930250412807,0.0,-0.1821662689040089,0.0,-3.2223839283984645,0.0,3.2223839283984645,-3.2223839283984645,0.0,0.0,1.0,1.0,12.290374162075452,0.0059718516767851195,30.504151603791353,3,0.9491481905743746,7,0.3157894736842105,0.6842105263157895,4,0.43296084540507423
Camel/052,Science,Human-Interaction Hallucination,2,1,0,7,0.16666666666666666,5.0,-0.5516018057834451,-0.8891909033571839,-3.2223839283984645,3.0402176594944557,-3.2223839283984645,5.508065183084092,3.2223839283984645,5.508065183084092,8.730449111482557,3.2223839283984645,0.0,0.0,1.0,12.290374162075452,0.0059718516767851195,30.504151603791353,3,0.9491481905743746,7,0.3157894736842105,0.6842105263157895,4,0.23007426434782177
Camel/052,Science,Human-Interaction Hallucination,2,2,1,7,0.3333333333333333,4.0,4.956463377300647,4.618874279726908,2.2856812546856276,-2.4678475235896364,5.508065183084092,-5.219125288156711,5.508065183084092,5.219125288156711,-10.727190471240803,0.0,5.508065183084092,1.0,0.0,12.290374162075452,0.0059718516767851195,30.504151603791353,3,0.9491481905743746,7,0.3157894736842105,0.6842105263157895,4,0.8120140740825393
Camel/052,Science,Human-Interaction Hallucination,2,3,0,7,0.5,3.0,-0.26266191085606394,-0.6002510084298027,-2.9334440334710834,2.7512777645670745,-5.219125288156711,-8.836237247073763,5.219125288156711,8.836237247073763,-3.617111958917052,5.219125288156711,0.28893989492738115,0.0,0.0,12.290374162075452,0.0059718516767851195,30.504151603791353,3,0.9491481905743746,7,0.3157894736842105,0.6842105263157895,4,0.347358249947107
Camel/052,Science,Human-Interaction Hallucination,2,4,0,7,0.6666666666666666,2.0,-9.098899157929827,-9.436488255503566,-11.769681280544846,11.587515011640837,-8.836237247073763,11.259324361888657,8.836237247073763,11.259324361888657,20.09556160896242,14.055362535230474,0.0,0.0,1.0,12.290374162075452,0.0059718516767851195,30.504151603791353,3,0.9491481905743746,7,0.3157894736842105,0.6842105263157895,4,0.40559388304951893
Camel/052,Science,Human-Interaction Hallucination,2,5,0,7,0.8333333333333334,1.0,2.1604252039588303,1.8228361063850915,-0.5103569186561892,0.32819064975218026,11.259324361888657,0.32819064975218026,11.259324361888657,0.32819064975218026,-10.931133712136477,2.7960381733418167,11.259324361888657,0.0,0.0,12.290374162075452,0.0059718516767851195,30.504151603791353,3,0.9491481905743746,7,0.3157894736842105,0.6842105263157895,4,0.9293025963617194
Camel/052,Science,Human-Interaction Hallucination,2,6,0,7,1.0,0.0,2.4886158537110106,2.151026756137272,-0.1821662689040089,0.0,0.32819064975218026,0.0,0.32819064975218026,0.0,-0.32819064975218026,2.4678475235896364,11.587515011640837,0.0,0.0,12.290374162075452,0.0059718516767851195,30.504151603791353,3,0.9491481905743746,7,0.3157894736842105,0.6842105263157895,4,0.16124343008215092
Camel/053,Science,Human-Interaction Hallucination,2,0,0,5,0.0,4.0,-0.11559138517477763,-0.13643924577098615,0.0,0.3420760677983914,0.0,-2.101457837582977,0.0,2.101457837582977,-2.101457837582977,0.0,0.0,1.0,1.0,4.190656487445663,0.042550813186831356,8.039236907092935,2,0.0996893630767762,5,0.7368421052631579,0.2631578947368421,1,0.525031003306875
Camel/053,Science,Human-Interaction Hallucination,2,1,0,5,0.25,3.0,-2.2170492227577547,-2.237897083353963,-2.101457837582977,2.4435339053813685,-2.101457837582977,2.2210229370572705,2.101457837582977,2.2210229370572705,4.322480774640248,2.101457837582977,0.0,0.0,1.0,4.190656487445663,0.042550813186831356,8.039236907092935,2,0.0996893630767762,5,0.7368421052631579,0.2631578947368421,1,0.44172470361902394
Camel/053,Science,Human-Interaction Hallucination,2,2,1,5,0.5,2.0,0.003973714299515763,-0.01687414629669277,0.11956509947429339,0.222510968324098,2.2210229370572705,2.2024477996909297,2.2210229370572705,2.2024477996909297,-0.018575137366340755,0.0,2.2210229370572705,1.0,0.0,4.190656487445663,0.042550813186831356,8.039236907092935,2,0.0996893630767762,5,0.7368421052631579,0.2631578947368421,1,0.8092123362517841
Camel/053,Science,Human-Interaction Hallucination,2,3,0,5,0.75,1.0,2.2064215139904455,2.185573653394237,2.322012899165223,-1.9799368313668317,2.2024477996909297,-1.9799368313668317,2.2024477996909297,1.9799368313668317,-4.1823846310577615,0.0,4.4234707367482,1.0,0.0,4.190656487445663,0.042550813186831356,8.039236907092935,2,0.0996893630767762,5,0.7368421052631579,0.2631578947368421,1,0.6967733974148558
Camel/053,Science,Human-Interaction Hallucination,2,4,0,5,1.0,0.0,0.22648468262361376,0.20563682202740524,0.3420760677983914,0.0,-1.9799368313668317,0.0,1.9799368313668317,0.0,1.9799368313668317,1.9799368313668317,2.4435339053813685,0.0,0.0,4.190656487445663,0.042550813186831356,8.039236907092935,2,0.0996893630767762,5,0.7368421052631579,0.2631578947368421,1,0.5784342613440747
Camel/054,Science,Human-Interaction Hallucination,2,0,0,6,0.0,5.0,-4.472830889074231,-3.536520564812077,0.0,9.779811963382627,0.0,-0.21486988718872269,0.0,0.21486988718872269,-0.21486988718872269,0.0,0.0,1.0,1.0,9.949446084847409,0.7019221257445986,13.932901677672874,3,0.3899801107157972,6,1.0,0.15789473684210525,2,0.7565504531318155
Camel/054,Science,Human-Interaction Hallucination,2,1,0,6,0.2,4.0,-4.687700776262954,-3.7513904520007997,-0.21486988718872269,9.99468185057135,-0.21486988718872269,2.891643873792791,0.21486988718872269,2.891643873792791,3.106513760981514,0.21486988718872269,0.0,0.0,1.0,9.949446084847409,0.7019221257445986,13.932901677672874,3,0.3899801107157972,6,1.0,0.15789473684210525,2,0.6557701518089524
Camel/054,Science,Human-Interaction Hallucination,2,2,1,6,0.4,3.0,-1.7960569024701627,-0.8597465782080084,2.6767739866040685,7.103037976778559,2.891643873792791,-2.415420265195099,2.891643873792791,2.415420265195099,-5.30706413898789,0.0,2.891643873792791,1.0,0.0,9.949446084847409,0.7019221257445986,13.932901677672874,3,0.3899801107157972,6,1.0,0.15789473684210525,2,0.9113812808581035
Camel/054,Science,Human-Interaction Hallucination,2,3,0,6,0.6,2.0,-4.211477167665262,-3.2751668434031074,0.2613537214089696,9.518458241973658,-2.415420265195099,8.454699883256549,2.415420265195099,8.454699883256549,10.870120148451647,2.415420265195099,0.4762236085976923,0.0,0.0,9.949446084847409,0.7019221257445986,13.932901677672874,3,0.3899801107157972,6,1.0,0.15789473684210525,2,0.7737962599201802
Camel/054,Science,Human-Interaction Hallucination,2,4,0,6,0.8,1.0,4.243222715591287,5.179533039853442,8.716053604665518,1.0637583587171093,8.454699883256549,1.0637583587171093,8.454699883256549,1.0637583587171093,-7.390941524539439,0.0,8.93092349185424,1.0,0.0,9.949446084847409,0.7019221257445986,13.932901677672874,3,0.3899801107157972,6,1.0,0.15789473684210525,2,0.7084755783375657
Camel/054,Science,Human-Interaction Hallucination,2,5,0,6,1.0,0.0,5.306981074308396,6.243291398570551,9.779811963382627,0.0,1.0637583587171093,0.0,1.0637583587171093,0.0,-1.0637583587171093,0.0,9.99468185057135,1.0,0.0,9.949446084847409,0.7019221257445986,13.932901677672874,3,0.3899801107157972,6,1.0,0.15789473684210525,2,0.32946323588855375
Camel/055,Science,Planning Hallucination,0,0,1,13,0.0,12.0,-0.0864045104296487,0.2731724207518015,0.0,-2.1302167539724337,0.0,-2.2524391935074775,0.0,2.2524391935074775,-2.2524391935074775,0.0,0.0,1.0,1.0,8.275253808558823,0.055041276667963025,38.70216831675226,6,2.069720435896134,13,0.15789473684210525,0.7368421052631579,4,0.5510434831008882
Camel/055,Science,Planning Hallucination,0,1,0,13,0.08333333333333333,11.0,-2.338843703937126,-1.9792667727556759,-2.2524391935074775,0.12222243953504375,-2.2524391935074775,7.013846338241073,2.2524391935074775,7.013846338241073,9.26628553174855,2.2524391935074775,0.0,0.0,1.0,8.275253808558823,0.055041276667963025,38.70216831675226,6,2.069720435896134,13,0.15789473684210525,0.7368421052631579,4,0.30282902404085343
Camel/055,Science,Planning Hallucination,0,2,0,13,0.16666666666666666,10.0,4.675002634303947,5.034579565485397,4.761407144733596,-6.89162389870603,7.013846338241073,-4.669371116383033,7.013846338241073,4.669371116383033,-11.683217454624106,0.0,7.013846338241073,1.0,0.0,8.275253808558823,0.055041276667963025,38.70216831675226,6,2.069720435896134,13,0.15789473684210525,0.7368421052631579,4,0.7422292291714223
Camel/055,Science,Planning Hallucination,0,3,0,13,0.25,9.0,0.00563151792091432,0.3652084491023645,0.09203602835056302,-2.2222527823229967,-4.669371116383033,-2.7399175632956982,4.669371116383033,2.7399175632956982,1.9294535530873347,4.669371116383033,2.3444752218580405,0.0,0.0,8.275253808558823,0.055041276667963025,38.70216831675226,6,2.069720435896134,13,0.15789473684210525,0.7368421052631579,4,0.11028944513604148
Camel/055,Science,Planning Hallucination,0,4,0,13,0.3333333333333333,8.0,-2.734286045374784,-2.3747091141933336,-2.6478815349451352,0.5176647809727015,-2.7399175632956982,-0.022496043241577723,2.7399175632956982,0.022496043241577723,2.7174215200541205,7.409288679678731,0.0,0.0,1.0,8.275253808558823,0.055041276667963025,38.70216831675226,6,2.069720435896134,13,0.15789473684210525,0.7368421052631579,4,0.09675992786195048
Camel/055,Science,Planning Hallucination,0,5,0,13,0.4166666666666667,7.0,-2.7567820886163616,-2.3972051574349114,-2.670377578186713,0.5401608242142792,-0.022496043241577723,1.604246130414154,0.022496043241577723,1.604246130414154,1.6267421736557317,7.431784722920309,0.0,0.0,1.0,8.275253808558823,0.055041276667963025,38.70216831675226,6,2.069720435896134,13,0.15789473684210525,0.7368421052631579,4,0.12435417557186776
Camel/055,Science,Planning Hallucination,0,6,0,13,0.5,6.0,-1.1525359582022077,-0.7929590270207575,-1.066131447772559,-1.0640853061998747,1.604246130414154,3.663638102908049,1.604246130414154,3.663638102908049,2.059391972493895,5.827538592506155,1.604246130414154,0.0,0.0,8.275253808558823,0.055041276667963025,38.70216831675226,6,2.069720435896134,13,0.15789473684210525,0.7368421052631579,4,0.30252871714713775
Camel/055,Science,Planning Hallucination,0,7,0,13,0.5833333333333334,5.0,2.5111021447058413,2.8706790758872915,2.59750665513549,-4.727723409107924,3.663638102908049,-2.6337871775326143,3.663638102908049,2.6337871775326143,-6.297425280440663,2.163900489598106,5.267884233322203,0.0,0.0,8.275253808558823,0.055041276667963025,38.70216831675226,6,2.069720435896134,13,0.15789473684210525,0.7368421052631579,4,0.2875981956629542
Camel/055,Science,Planning Hallucination,0,8,0,13,0.6666666666666666,4.0,-0.12268503282677301,0.23689189835467717,-0.036280522397124315,-2.0939362315753094,-2.6337871775326143,-5.00634058522601,2.6337871775326143,5.00634058522601,-2.3725534076933954,4.79768766713072,2.6340970557895886,0.0,0.0,8.275253808558823,0.055041276667963025,38.70216831675226,6,2.069720435896134,13,0.15789473684210525,0.7368421052631579,4,0.15881736544560635
Camel/055,Science,Planning Hallucination,0,9,0,13,0.75,3.0,-5.129025618052783,-4.769448686871333,-5.042621107623134,2.9124043536507003,-5.00634058522601,5.133382714136097,5.00634058522601,5.133382714136097,10.139723299362107,9.80402825235673,0.0,0.0,1.0,8.275253808558823,0.055041276667963025,38.70216831675226,6,2.069720435896134,13,0.15789473684210525,0.7368421052631579,4,0.13846983180188827
Camel/055,Science,Planning Hallucination,0,10,0,13,0.8333333333333334,2.0,0.00435709608331436,0.36393402726476454,0.09076160651296306,-2.2209783604853968,5.133382714136097,4.662233627385582,5.133382714136097,4.662233627385582,-0.4711490867505148,4.670645538220633,5.133382714136097,0.0,0.0,8.275253808558823,0.055041276667963025,38.70216831675226,6,2.069720435896134,13,0.15789473684210525,0.7368421052631579,4,0.5298046135216798
Camel/055,Science,Planning Hallucination,0,11,0,13,0.9166666666666666,1.0,4.666590723468897,5.026167654650346,4.752995233898545,-6.883211987870979,4.662233627385582,-6.883211987870979,4.662233627385582,6.883211987870979,-11.545445615256561,0.008411910835050662,9.79561634152168,0.0,0.0,8.275253808558823,0.055041276667963025,38.70216831675226,6,2.069720435896134,13,0.15789473684210525,0.7368421052631579,4,0.2785153970226335
Camel/055,Science,Planning Hallucination,0,12,0,13,1.0,0.0,-2.2166212644020824,-1.8570443332206321,-2.1302167539724337,0.0,-6.883211987870979,0.0,6.883211987870979,0.0,6.883211987870979,6.89162389870603,2.9124043536507003,0.0,0.0,8.275253808558823,0.055041276667963025,38.70216831675226,6,2.069720435896134,13,0.15789473684210525,0.7368421052631579,4,0.13472027143379325
Camel/056,Science,Human-Interaction Hallucination,2,0,0,17,0.0,16.0,-0.12332599818345358,0.18288376817908825,0.0,2.623305826283797,0.0,-2.225846206690033,0.0,2.225846206690033,-2.225846206690033,0.0,0.0,1.0,1.0,7.439911923352254,0.0611136265897432,42.92505571456417,9,3.424366662060272,17,0.10526315789473684,0.21052631578947367,4,0.44395921889951334
Camel/056,Science,Human-Interaction Hallucination,2,1,0,17,0.0625,15.0,-2.3491722048734864,-2.0429624385109446,-2.225846206690033,4.84915203297383,-2.225846206690033,7.101607692626214,2.225846206690033,7.101607692626214,9.327453899316247,2.225846206690033,0.0,0.0,1.0,7.439911923352254,0.0611136265897432,42.92505571456417,9,3.424366662060272,17,0.10526315789473684,0.21052631578947367,4,0.21824479496844204
Camel/056,Science,Human-Interaction Hallucination,2,2,1,17,0.125,14.0,4.752435487752727,5.0586452541152696,4.875761485936181,-2.2524556596523837,7.101607692626214,-9.897241958808156,7.101607692626214,9.897241958808156,-16.99884965143437,0.0,7.101607692626214,1.0,0.0,7.439911923352254,0.0611136265897432,42.92505571456417,9,3.424366662060272,17,0.10526315789473684,0.21052631578947367,4,0.7082907031005841
Camel/056,Science,Human-Interaction Hallucination,2,3,0,17,0.1875,13.0,-5.144806471055428,-4.838596704692886,-5.021480472871975,7.644786299155772,-9.897241958808156,0.5828035025578338,9.897241958808156,0.5828035025578338,10.48004546136599,9.897241958808156,0.0,0.0,1.0,7.439911923352254,0.0611136265897432,42.92505571456417,9,3.424366662060272,17,0.10526315789473684,0.21052631578947367,4,0.05197489143148677
Camel/056,Science,Human-Interaction Hallucination,2,4,0,17,0.25,12.0,-4.562002968497595,-4.255793202135052,-4.438676970314141,7.061982796597938,0.5828035025578338,4.61971341161582,0.5828035025578338,4.61971341161582,4.036909909057986,9.314438456250322,0.5828035025578338,0.0,0.0,7.439911923352254,0.0611136265897432,42.92505571456417,9,3.424366662060272,17,0.10526315789473684,0.21052631578947367,4,0.27612557153286865
Camel/056,Science,Human-Interaction Hallucination,2,5,0,17,0.3125,11.0,0.05771044311822493,0.36392020948076675,0.1810364413016785,2.4422693849821187,4.61971341161582,-2.494400312348187,4.61971341161582,2.494400312348187,-7.114113723964007,4.694725044634502,5.202516914173653,0.0,0.0,7.439911923352254,0.0611136265897432,42.92505571456417,9,3.424366662060272,17,0.10526315789473684,0.21052631578947367,4,0.36210323797399896
Camel/056,Science,Human-Interaction Hallucination,2,6,0,17,0.375,10.0,-2.436689869229962,-2.1304801028674203,-2.3133638710465085,4.936669697330306,-2.494400312348187,4.863212466695604,2.494400312348187,4.863212466695604,7.357612779043791,7.189125356982689,2.7081166018254663,0.0,0.0,7.439911923352254,0.0611136265897432,42.92505571456417,9,3.424366662060272,17,0.10526315789473684,0.21052631578947367,4,0.11871303896739385
Camel/056,Science,Human-Interaction Hallucination,2,7,0,17,0.4375,9.0,2.4265225974656417,2.7327323638281835,2.5498485956490953,0.07345723063470189,4.863212466695604,0.04725335191708524,4.863212466695604,0.04725335191708524,-4.815959114778519,2.3259128902870856,7.57132906852107,0.0,0.0,7.439911923352254,0.0611136265897432,42.92505571456417,9,3.424366662060272,17,0.10526315789473684,0.21052631578947367,4,0.21901390938980805
Camel/056,Science,Human-Interaction Hallucination,2,8,0,17,0.5,8.0,2.473775949382727,2.7799857157452688,2.5971019475661805,0.026203878717616647,0.04725335191708524,-0.19967381803617457,0.04725335191708524,0.19967381803617457,-0.2469271699532598,2.2786595383700003,7.618582420438155,0.0,0.0,7.439911923352254,0.0611136265897432,42.92505571456417,9,3.424366662060272,17,0.10526315789473684,0.21052631578947367,4,0.04255348485883125
Camel/056,Science,Human-Interaction Hallucination,2,9,0,17,0.5625,7.0,2.2741021313465524,2.580311897709094,2.397428129530006,0.2258776967537912,-0.19967381803617457,-4.322243791080208,0.19967381803617457,4.322243791080208,-4.122569973044033,2.478333356406175,7.418908602401981,0.0,0.0,7.439911923352254,0.0611136265897432,42.92505571456417,9,3.424366662060272,17,0.10526315789473684,0.21052631578947367,4,0.05502441664301496
Camel/056,Science,Human-Interaction Hallucination,2,10,0,17,0.625,6.0,-2.0481416597336555,-1.7419318933711136,-1.924815661550202,4.548121487833999,-4.322243791080208,4.4060959679213205,4.322243791080208,4.4060959679213205,8.728339759001528,6.800577147486383,3.096664811321773,0.0,0.0,7.439911923352254,0.0611136265897432,42.92505571456417,9,3.424366662060272,17,0.10526315789473684,0.21052631578947367,4,0.0941717153682781
Camel/056,Science,Human-Interaction Hallucination,2,11,0,17,0.6875,5.0,2.357954308187665,2.664164074550207,2.4812803063711186,0.14202551991267853,4.4060959679213205,-4.63739227792049,4.4060959679213205,4.63739227792049,-9.04348824584181,2.3944811795650622,7.5027607792430935,0.0,0.0,7.439911923352254,0.0611136265897432,42.92505571456417,9,3.424366662060272,17,0.10526315789473684,0.21052631578947367,4,0.24456128883761047
Camel/056,Science,Human-Interaction Hallucination,2,12,0,17,0.75,4.0,-2.2794379697328253,-1.9732282033702835,-2.1561119715493717,4.779417797833169,-4.63739227792049,-0.46281499631326994,4.63739227792049,0.46281499631326994,4.17457728160722,7.031873457485553,2.865368501322603,0.0,0.0,7.439911923352254,0.0611136265897432,42.92505571456417,9,3.424366662060272,17,0.10526315789473684,0.21052631578947367,4,0.09954494979051036
Camel/056,Science,Human-Interaction Hallucination,2,13,0,17,0.8125,3.0,-2.7422529660460953,-2.4360431996835534,-2.6189269678626417,5.242232794146439,-0.46281499631326994,2.593720609942636,0.46281499631326994,2.593720609942636,3.056535606255906,7.4946884537988225,2.402553505009333,0.0,0.0,7.439911923352254,0.0611136265897432,42.92505571456417,9,3.424366662060272,17,0.10526315789473684,0.21052631578947367,4,0.15551623623307068
Camel/056,Science,Human-Interaction Hallucination,2,14,0,17,0.875,2.0,-0.14853235610345905,0.15767741025908277,-0.025206357920005473,2.6485121842038026,2.593720609942636,-0.06515195395767392,2.593720609942636,0.06515195395767392,-2.65887256390031,4.900967843856186,4.996274114951969,0.0,0.0,7.439911923352254,0.0611136265897432,42.92505571456417,9,3.424366662060272,17,0.10526315789473684,0.21052631578947367,4,0.20158716525791015
Camel/056,Science,Human-Interaction Hallucination,2,15,0,17,0.9375,1.0,-0.21368431006113298,0.09252545630140885,-0.0903583118776794,2.7136641381614766,-0.06515195395767392,2.7136641381614766,0.06515195395767392,2.7136641381614766,2.7788160921191505,4.96611979781386,4.9311221609942955,0.0,0.0,7.439911923352254,0.0611136265897432,42.92505571456417,9,3.424366662060272,17,0.10526315789473684,0.21052631578947367,4,0.08715552677685026
Camel/056,Science,Human-Interaction Hallucination,2,16,0,17,1.0,0.0,2.4999798281003436,2.8061895944628854,2.623305826283797,0.0,2.7136641381614766,0.0,2.7136641381614766,0.0,-2.7136641381614766,2.2524556596523837,7.644786299155772,0.0,0.0,7.439911923352254,0.0611136265897432,42.92505571456417,9,3.424366662060272,17,0.10526315789473684,0.21052631578947367,4,0.11277653154024435
Camel/057,Science,Human-Interaction Hallucination,2,0,0,4,0.0,3.0,1.9987549552593649,1.9955446878794119,0.0,4.03759959361431,0.0,-12.039753176287263,0.0,12.039753176287263,-12.039753176287263,0.0,0.0,1.0,1.0,15.44368155009698,0.15037747325502063,26.84976350657965,1,0.28194372305889,4,1.0,0.3157894736842105,2,0.7779238239080523
Camel/057,Science,Human-Interaction Hallucination,2,1,0,4,0.3333333333333333,2.0,-10.040998221027898,-10.04420848840785,-12.039753176287263,16.077352769901573,-12.039753176287263,12.059728007442569,12.039753176287263,12.059728007442569,24.099481183729832,12.039753176287263,0.0,0.0,1.0,15.44368155009698,0.15037747325502063,26.84976350657965,1,0.28194372305889,4,1.0,0.3157894736842105,2,0.34047719243968083
Camel/057,Science,Human-Interaction Hallucination,2,2,1,4,0.6666666666666666,1.0,2.0187297864146707,2.0155195190347177,0.01997483115530585,4.017624762459004,12.059728007442569,4.017624762459004,12.059728007442569,4.017624762459004,-8.042103244983565,0.0,12.059728007442569,1.0,0.0,15.44368155009698,0.15037747325502063,26.84976350657965,1,0.28194372305889,4,1.0,0.3157894736842105,2,0.9456926595353925
Camel/057,Science,Human-Interaction Hallucination,2,3,0,4,1.0,0.0,6.036354548873675,6.033144281493722,4.03759959361431,0.0,4.017624762459004,0.0,4.017624762459004,0.0,-4.017624762459004,0.0,16.077352769901573,1.0,0.0,15.44368155009698,0.15037747325502063,26.84976350657965,1,0.28194372305889,4,1.0,0.3157894736842105,2,0.5226019536570408
Camel/058,Science,Human-Interaction Hallucination,2,0,0,4,0.0,3.0,-0.08525185994873752,-0.058052744394537115,0.0,-1.938748098321117,0.0,-2.076746660041767,0.0,2.076746660041767,-2.076746660041767,0.0,0.0,1.0,1.0,5.8895471068089105,0.14133039688273585,13.717842311938938,2,0.1834395200549963,4,0.6842105263157895,0.3157894736842105,0,0.5007122869664447
Camel/058,Science,Human-Interaction Hallucination,2,1,0,4,0.3333333333333333,2.0,-2.1619985199905045,-2.134799404436304,-2.076746660041767,0.13799856172065006,-2.076746660041767,6.324452395982799,2.076746660041767,6.324452395982799,8.401199056024566,2.076746660041767,0.0,0.0,1.0,5.8895471068089105,0.14133039688273585,13.717842311938938,2,0.1834395200549963,4,0.6842105263157895,0.3157894736842105,0,0.4096770883764547
Camel/058,Science,Human-Interaction Hallucination,2,2,1,4,0.6666666666666666,1.0,4.162453875992295,4.189652991546495,4.247705735941032,-6.186453834262149,6.324452395982799,-6.186453834262149,6.324452395982799,6.186453834262149,-12.510906230244949,0.0,6.324452395982799,1.0,0.0,5.8895471068089105,0.14133039688273585,13.717842311938938,2,0.1834395200549963,4,0.6842105263157895,0.3157894736842105,0,0.7686312071379187
Camel/058,Science,Human-Interaction Hallucination,2,3,0,4,1.0,0.0,-2.0239999582698545,-1.996800842715654,-1.938748098321117,0.0,-6.186453834262149,0.0,6.186453834262149,0.0,6.186453834262149,6.186453834262149,0.13799856172065006,0.0,0.0,5.8895471068089105,0.14133039688273585,13.717842311938938,2,0.1834395200549963,4,0.6842105263157895,0.3157894736842105,0,0.5098344998224733
Camel/059,Science,Human-Interaction Hallucination,2,0,0,7,0.0,6.0,-0.06803817173354787,0.2691390281960072,0.0,-2.1726902896233184,0.0,-0.3504109395300148,0.0,0.3504109395300148,-0.3504109395300148,0.0,0.0,1.0,1.0,9.261801270718255,0.12769377613306435,17.01484876881743,3,0.48858519640511067,7,0.5263157894736842,0.8421052631578947,0,0.5613953360404799
Camel/059,Science,Human-Interaction Hallucination,2,1,0,7,0.16666666666666666,5.0,-0.41844911126356266,-0.08127191133400757,-0.3504109395300148,-1.8222793500933037,-0.3504109395300148,2.3731593623034684,0.3504109395300148,2.3731593623034684,2.723570301833483,0.3504109395300148,0.0,0.0,1.0,9.261801270718255,0.12769377613306435,17.01484876881743,3,0.48858519640511067,7,0.5263157894736842,0.8421052631578947,0,0.451719361146388
Camel/059,Science,Human-Interaction Hallucination,2,2,1,7,0.3333333333333333,4.0,1.9547102510399057,2.291887450969461,2.0227484227734536,-4.195438712396772,2.3731593623034684,0.8577961144340094,2.3731593623034684,0.8577961144340094,-1.515363247869459,0.0,2.3731593623034684,1.0,0.0,9.261801270718255,0.12769377613306435,17.01484876881743,3,0.48858519640511067,7,0.5263157894736842,0.8421052631578947,0,0.7167406601151289
Camel/059,Science,Human-Interaction Hallucination,2,3,0,7,0.5,3.0,2.812506365473915,3.1496835654034703,2.880544537207463,-5.053234826830781,0.8577961144340094,-0.4539801300117148,0.8577961144340094,0.4539801300117148,-1.3117762444457242,0.0,3.2309554767374777,1.0,0.0,9.261801270718255,0.12769377613306435,17.01484876881743,3,0.48858519640511067,7,0.5263157894736842,0.8421052631578947,0,0.5748731224181287
Camel/059,Science,Human-Interaction Hallucination,2,4,0,7,0.6666666666666666,2.0,2.3585262354622003,2.6957034353917555,2.426564407195748,-4.599254696819067,-0.4539801300117148,-9.11729374259113,0.4539801300117148,9.11729374259113,-8.663313612579415,0.4539801300117148,2.776975346725763,0.0,0.0,9.261801270718255,0.12769377613306435,17.01484876881743,3,0.48858519640511067,7,0.5263157894736842,0.8421052631578947,0,0.592149754765676
Camel/059,Science,Human-Interaction Hallucination,2,5,0,7,0.8333333333333334,1.0,-6.75876750712893,-6.4215903071993745,-6.690729335395382,4.518039045772063,-9.11729374259113,4.518039045772063,9.11729374259113,4.518039045772063,13.635332788363193,9.571273872602845,0.0,0.0,1.0,9.261801270718255,0.12769377613306435,17.01484876881743,3,0.48858519640511067,7,0.5263157894736842,0.8421052631578947,0,0.4170620089105186
Camel/059,Science,Human-Interaction Hallucination,2,6,0,7,1.0,0.0,-2.2407284613568663,-1.9035512614273111,-2.1726902896233184,0.0,4.518039045772063,0.0,4.518039045772063,0.0,-4.518039045772063,5.053234826830781,4.518039045772063,0.0,0.0,9.261801270718255,0.12769377613306435,17.01484876881743,3,0.48858519640511067,7,0.5263157894736842,0.8421052631578947,0,0.783747627934357
Camel/060,Science,Human-Interaction Hallucination,2,0,0,7,0.0,6.0,-0.06704709065759218,0.931889186575239,0.0,-2.237440316504969,0.0,-4.982848819562658,0.0,4.982848819562658,-4.982848819562658,0.0,0.0,1.0,1.0,9.0381249318801,0.107719802901835,20.770928429417452,3,0.5124733339702657,7,0.5263157894736842,0.15789473684210525,3,0.6262949525301181
Camel/060,Science,Human-Interaction Hallucination,2,1,0,7,0.16666666666666666,5.0,-5.0498959102202505,-4.05095963298742,-4.982848819562658,2.745408503057689,-4.982848819562658,2.725420394159265,4.982848819562658,2.725420394159265,7.708269213721923,4.982848819562658,0.0,0.0,1.0,9.0381249318801,0.107719802901835,20.770928429417452,3,0.5124733339702657,7,0.5263157894736842,0.15789473684210525,3,0.33585318585571833
Camel/060,Science,Human-Interaction Hallucination,2,2,1,7,0.3333333333333333,4.0,-2.3244755160609856,-1.3255392388281544,-2.2574284254033934,0.019988108898424173,2.725420394159265,7.3138387082178795,2.725420394159265,7.3138387082178795,4.5884183140586146,2.2574284254033934,2.725420394159265,0.0,0.0,9.0381249318801,0.107719802901835,20.770928429417452,3,0.5124733339702657,7,0.5263157894736842,0.15789473684210525,3,0.4623989291314203
Camel/060,Science,Human-Interaction Hallucination,2,3,0,7,0.5,3.0,4.989363192156894,5.988299469389725,5.056410282814486,-7.293850599319455,7.3138387082178795,-4.6795668066270615,7.3138387082178795,4.6795668066270615,-11.993405514844941,0.0,10.039259102377144,1.0,0.0,9.0381249318801,0.107719802901835,20.770928429417452,3,0.5124733339702657,7,0.5263157894736842,0.15789473684210525,3,0.6741248445686028
Camel/060,Science,Human-Interaction Hallucination,2,4,0,7,0.6666666666666666,2.0,0.30979638552983246,1.3087326627626636,0.37684347618742464,-2.614283792692394,-4.6795668066270615,-2.8556039797449877,4.6795668066270615,2.8556039797449877,1.8239628268820738,4.6795668066270615,5.359692295750083,0.0,0.0,9.0381249318801,0.107719802901835,20.770928429417452,3,0.5124733339702657,7,0.5263157894736842,0.15789473684210525,3,0.17093806635996925
Camel/060,Science,Human-Interaction Hallucination,2,5,0,7,0.8333333333333334,1.0,-2.5458075942151552,-1.546871316982324,-2.478760503557563,0.24132018705259384,-2.8556039797449877,0.24132018705259384,2.8556039797449877,0.24132018705259384,3.0969241667975815,7.535170786372049,2.5040883160050953,0.0,0.0,9.0381249318801,0.107719802901835,20.770928429417452,3,0.5124733339702657,7,0.5263157894736842,0.15789473684210525,3,0.23014494126348473
Camel/060,Science,Human-Interaction Hallucination,2,6,0,7,1.0,0.0,-2.3044874071625614,-1.3055511299297302,-2.237440316504969,0.0,0.24132018705259384,0.0,0.24132018705259384,0.0,-0.24132018705259384,7.293850599319455,2.745408503057689,0.0,0.0,9.0381249318801,0.107719802901835,20.770928429417452,3,0.5124733339702657,7,0.5263157894736842,0.15789473684210525,3,0.23978651855800884
Camel/063,Science,Human-Interaction Hallucination,2,0,0,5,0.0,4.0,2.295364138221352,2.233630131615567,0.0,0.24799695935639932,0.0,-8.74301816188754,0.0,8.74301816188754,-8.74301816188754,0.0,0.0,1.0,1.0,8.539082583806081,0.01191960875967473,20.80579693147301,3,0.39067064511908256,5,1.0,0.2631578947368421,4,0.3785846240516017
Camel/063,Science,Human-Interaction Hallucination,2,1,0,5,0.25,3.0,-6.447654023666189,-6.509388030271974,-8.74301816188754,8.99101512124394,-8.74301816188754,8.586718211319315,8.74301816188754,8.586718211319315,17.329736373206856,8.74301816188754,0.0,0.0,1.0,8.539082583806081,0.01191960875967473,20.80579693147301,3,0.39067064511908256,5,1.0,0.2631578947368421,4,0.2638800765673535
Camel/063,Science,Human-Interaction Hallucination,2,2,1,5,0.5,2.0,2.1390641876531262,2.0773301810473415,-0.15629995056822565,0.40429690992462497,8.586718211319315,-2.360529554410242,8.586718211319315,2.360529554410242,-10.947247765729557,0.15629995056822565,8.586718211319315,0.0,0.0,8.539082583806081,0.01191960875967473,20.80579693147301,3,0.39067064511908256,5,1.0,0.2631578947368421,4,0.8624225052711412
Camel/063,Science,Human-Interaction Hallucination,2,3,0,5,0.75,1.0,-0.2214653667571156,-0.2831993733629005,-2.5168295049784675,2.764826464334867,-2.360529554410242,2.764826464334867,2.360529554410242,2.764826464334867,5.125356018745109,2.5168295049784675,6.226188656909073,0.0,0.0,8.539082583806081,0.01191960875967473,20.80579693147301,3,0.39067064511908256,5,1.0,0.2631578947368421,4,0.25895645313939847
Camel/063,Science,Human-Interaction Hallucination,2,4,0,5,1.0,0.0,2.543361097577751,2.4816270909719664,0.24799695935639932,0.0,2.764826464334867,0.0,2.764826464334867,0.0,-2.764826464334867,0.0,8.99101512124394,1.0,0.0,8.539082583806081,0.01191960875967473,20.80579693147301,3,0.39067064511908256,5,1.0,0.2631578947368421,4,0.6675519532788378
Camel/065,Science,Human-Interaction Hallucination,2,0,0,10,0.0,9.0,-0.036049978887959355,0.4813699072150349,0.0,2.4142668221716477,0.0,-0.018598098186707546,0.0,0.018598098186707546,-0.018598098186707546,0.0,0.0,1.0,1.0,11.483598770135963,0.06693781207453756,36.06731005015937,5,1.8637899929925865,10,0.5789473684210527,0.42105263157894735,4,0.5291199026164695
Camel/065,Science,Human-Interaction Hallucination,2,1,0,10,0.1111111111111111,8.0,-0.0546480770746669,0.4627718090283274,-0.018598098186707546,2.432864920358355,-0.018598098186707546,-0.18286939317147244,0.018598098186707546,0.18286939317147244,-0.1642712949847649,0.018598098186707546,0.0,0.0,1.0,11.483598770135963,0.06693781207453756,36.06731005015937,5,1.8637899929925865,10,0.5789473684210527,0.42105263157894735,4,0.25697022729384955
Camel/065,Science,Human-Interaction Hallucination,2,2,1,10,0.2222222222222222,7.0,-0.23751747024613934,0.27990241585685494,-0.20146749135817998,2.6157343135298277,-0.18286939317147244,-3.7640060744999175,0.18286939317147244,3.7640060744999175,-3.581136681328445,0.20146749135817998,0.0,0.0,1.0,11.483598770135963,0.06693781207453756,36.06731005015937,5,1.8637899929925865,10,0.5789473684210527,0.42105263157894735,4,0.311420986647662
Camel/065,Science,Human-Interaction Hallucination,2,3,0,10,0.3333333333333333,6.0,-4.001523544746057,-3.4841036586430625,-3.9654735658580975,6.379740388029745,-3.7640060744999175,-3.031053739403312,3.7640060744999175,3.031053739403312,0.7329523350966056,3.9654735658580975,0.0,0.0,1.0,11.483598770135963,0.06693781207453756,36.06731005015937,5,1.8637899929925865,10,0.5789473684210527,0.42105263157894735,4,0.42016360513265005
Camel/065,Science,Human-Interaction Hallucination,2,4,0,10,0.4444444444444444,5.0,-7.032577284149369,-6.515157398046375,-6.996527305261409,9.410794127433057,-3.031053739403312,13.368740616278014,3.031053739403312,13.368740616278014,16.399794355681326,6.996527305261409,0.0,0.0,1.0,11.483598770135963,0.06693781207453756,36.06731005015937,5,1.8637899929925865,10,0.5789473684210527,0.42105263157894735,4,0.5742929256149774
Camel/065,Science,Human-Interaction Hallucination,2,5,0,10,0.5555555555555556,4.0,6.3361633321286455,6.853583218231639,6.372213311016605,-3.957946488844957,13.368740616278014,-5.92337002977143,13.368740616278014,5.92337002977143,-19.292110646049444,0.0,13.368740616278014,1.0,0.0,11.483598770135963,0.06693781207453756,36.06731005015937,5,1.8637899929925865,10,0.5789473684210527,0.42105263157894735,4,0.9239665522385868
Camel/065,Science,Human-Interaction Hallucination,2,6,0,10,0.6666666666666666,3.0,0.41279330235721545,0.9302131884602097,0.4488432812451748,1.9654235409264729,-5.92337002977143,1.638719012092949,5.92337002977143,1.638719012092949,7.562089041864379,5.92337002977143,7.445370586506584,0.0,0.0,11.483598770135963,0.06693781207453756,36.06731005015937,5,1.8637899929925865,10,0.5789473684210527,0.42105263157894735,4,0.04430055537536386
Camel/065,Science,Human-Interaction Hallucination,2,7,0,10,0.7777777777777778,2.0,2.0515123144501644,2.5689322005531587,2.0875622933381237,0.32670452883352397,1.638719012092949,-7.04208061259563,1.638719012092949,7.04208061259563,-8.680799624688579,4.284651017678481,9.084089598599533,0.0,0.0,11.483598770135963,0.06693781207453756,36.06731005015937,5,1.8637899929925865,10,0.5789473684210527,0.42105263157894735,4,0.13059818733647016
Camel/065,Science,Human-Interaction Hallucination,2,8,0,10,0.8888888888888888,1.0,-4.990568298145465,-4.473148412042471,-4.954518319257506,7.368785141429154,-7.04208061259563,7.368785141429154,7.04208061259563,7.368785141429154,14.410865754024783,11.32673163027411,2.0420089860039035,0.0,0.0,11.483598770135963,0.06693781207453756,36.06731005015937,5,1.8637899929925865,10,0.5789473684210527,0.42105263157894735,4,0.16954786008360273
Camel/065,Science,Human-Interaction Hallucination,2,9,0,10,1.0,0.0,2.3782168432836883,2.8956367293866827,2.4142668221716477,0.0,7.368785141429154,0.0,7.368785141429154,0.0,-7.368785141429154,3.957946488844957,9.410794127433057,0.0,0.0,11.483598770135963,0.06693781207453756,36.06731005015937,5,1.8637899929925865,10,0.5789473684210527,0.42105263157894735,4,0.4631530910868534
Camel/066,Science,Human-Interaction Hallucination,2,0,0,26,0.0,25.0,-0.15534049962560204,-0.05022392270686023,0.0,2.072889842365502,0.0,-2.324377690827763,0.0,2.324377690827763,-2.324377690827763,0.0,0.0,1.0,1.0,8.939253419759428,0.031059050625853016,66.74028344704342,13,6.472196856681219,26,0.6842105263157895,0.42105263157894735,1,0.44273594204365607
Camel/066,Science,Human-Interaction Hallucination,2,1,0,26,0.04,24.0,-2.479718190453365,-2.3746016135346233,-2.324377690827763,4.397267533193265,-2.324377690827763,4.895376836891586,2.324377690827763,4.895376836891586,7.219754527719349,2.324377690827763,0.0,0.0,1.0,8.939253419759428,0.031059050625853016,66.74028344704342,13,6.472196856681219,26,0.6842105263157895,0.42105263157894735,1,0.2957404629478348
Camel/066,Science,Human-Interaction Hallucination,2,2,1,26,0.08,23.0,2.415658646438221,2.5207752233569627,2.570999146063823,-0.49810930369832107,4.895376836891586,-2.5827305376570315,4.895376836891586,2.5827305376570315,-7.4781073745486175,0.0,4.895376836891586,1.0,0.0,8.939253419759428,0.031059050625853016,66.74028344704342,13,6.472196856681219,26,0.6842105263157895,0.42105263157894735,1,0.6524863035052518
Camel/066,Science,Human-Interaction Hallucination,2,3,0,26,0.12,22.0,-0.16707189121881072,-0.06195531430006891,-0.011731391593208684,2.0846212339587105,-2.5827305376570315,-2.2097840615911437,2.5827305376570315,2.2097840615911437,0.3729464760658878,2.5827305376570315,2.3126462992345544,0.0,0.0,8.939253419759428,0.031059050625853016,66.74028344704342,13,6.472196856681219,26,0.6842105263157895,0.42105263157894735,1,0.3473987432393747
Camel/066,Science,Human-Interaction Hallucination,2,4,0,26,0.16,21.0,-2.3768559528099544,-2.2717393758912126,-2.2215154531843524,4.294405295549854,-2.2097840615911437,7.294879136725182,2.2097840615911437,7.294879136725182,9.504663198316326,4.792514599248175,0.10286223764341074,0.0,0.0,8.939253419759428,0.031059050625853016,66.74028344704342,13,6.472196856681219,26,0.6842105263157895,0.42105263157894735,1,0.32937125850547844
Camel/066,Science,Human-Interaction Hallucination,2,5,0,26,0.2,20.0,4.918023183915228,5.02313976083397,5.07336368354083,-3.000473841175328,7.294879136725182,-7.033276413794731,7.294879136725182,7.033276413794731,-14.328155550519913,0.0,7.397741374368593,1.0,0.0,8.939253419759428,0.031059050625853016,66.74028344704342,13,6.472196856681219,26,0.6842105263157895,0.42105263157894735,1,0.6444000394780726
Camel/066,Science,Human-Interaction Hallucination,2,6,0,26,0.24,19.0,-2.115253229879503,-2.010136652960761,-1.959912730253901,4.032802572619403,-7.033276413794731,6.717017826921875,7.033276413794731,6.717017826921875,13.750294240716606,7.033276413794731,0.36446496057386213,0.0,0.0,8.939253419759428,0.031059050625853016,66.74028344704342,13,6.472196856681219,26,0.6842105263157895,0.42105263157894735,1,0.2172425296185693
Camel/066,Science,Human-Interaction Hallucination,2,7,0,26,0.28,18.0,4.601764597042372,4.706881173961114,4.757105096667974,-2.6842152543024724,6.717017826921875,-4.687431590484408,6.717017826921875,4.687431590484408,-11.404449417406283,0.3162585868728556,7.081482787495737,0.0,0.0,8.939253419759428,0.031059050625853016,66.74028344704342,13,6.472196856681219,26,0.6842105263157895,0.42105263157894735,1,0.48778974983724366
Camel/066,Science,Human-Interaction Hallucination,2,8,0,26,0.32,17.0,-0.08566699344203599,0.01944958347670582,0.06967350618356605,2.0032163361819357,-4.687431590484408,-1.9476806420267216,4.687431590484408,1.9476806420267216,2.7397509484576865,5.003690177357264,2.394051197011329,0.0,0.0,8.939253419759428,0.031059050625853016,66.74028344704342,13,6.472196856681219,26,0.6842105263157895,0.42105263157894735,1,0.2032586104193905
Camel/066,Science,Human-Interaction Hallucination,2,9,0,26,0.36,16.0,-2.0333476354687576,-1.9282310585500158,-1.8780071358431556,3.9508969782086574,-1.9476806420267216,-3.042902819541869,1.9476806420267216,3.042902819541869,-1.0952221775151472,6.951370819383985,0.44637055498460754,0.0,0.0,8.939253419759428,0.031059050625853016,66.74028344704342,13,6.472196856681219,26,0.6842105263157895,0.42105263157894735,1,0.26052329920581235
Camel/066,Science,Human-Interaction Hallucination,2,10,0,26,0.4,15.0,-5.076250455010626,-4.971133878091885,-4.920909955385024,6.993799797750526,-3.042902819541869,1.0164028539083176,3.042902819541869,1.0164028539083176,4.0593056734501864,9.994273638925854,0.0,0.0,1.0,8.939253419759428,0.031059050625853016,66.74028344704342,13,6.472196856681219,26,0.6842105263157895,0.42105263157894735,1,0.08275287595678107
Camel/066,Science,Human-Interaction Hallucination,2,11,0,26,0.44,14.0,-4.059847601102309,-3.954731024183567,-3.9045071014767068,5.9773969438422085,1.0164028539083176,6.123035100099074,1.0164028539083176,6.123035100099074,5.106632246190756,8.977870785017537,1.0164028539083176,0.0,0.0,8.939253419759428,0.031059050625853016,66.74028344704342,13,6.472196856681219,26,0.6842105263157895,0.42105263157894735,1,0.17827080939942572
Camel/066,Science,Human-Interaction Hallucination,2,12,0,26,0.48,13.0,2.063187498996765,2.168304075915507,2.218527998622367,-0.14563815625686516,6.123035100099074,-7.1059928700473804,6.123035100099074,7.1059928700473804,-13.229027970146454,2.854835684918463,7.139437954007391,0.0,0.0,8.939253419759428,0.031059050625853016,66.74028344704342,13,6.472196856681219,26,0.6842105263157895,0.42105263157894735,1,0.46675742357598154
Camel/066,Science,Human-Interaction Hallucination,2,13,0,26,0.52,12.0,-5.0428053710506155,-4.937688794131874,-4.8874648714250135,6.960354713790515,-7.1059928700473804,5.013209558065881,7.1059928700473804,5.013209558065881,12.119202428113262,9.960828554965843,0.03344508396001089,0.0,0.0,8.939253419759428,0.031059050625853016,66.74028344704342,13,6.472196856681219,26,0.6842105263157895,0.42105263157894735,1,0.21289902874167677
Camel/066,Science,Human-Interaction Hallucination,2,14,0,26,0.56,11.0,-0.029595812984734238,0.07552076393400757,0.1257446866408678,1.947145155724634,5.013209558065881,4.923941124457855,5.013209558065881,4.923941124457855,-0.0892684336080265,4.947618996899962,5.046654642025892,0.0,0.0,8.939253419759428,0.031059050625853016,66.74028344704342,13,6.472196856681219,26,0.6842105263157895,0.42105263157894735,1,0.2717269443815224
Camel/066,Science,Human-Interaction Hallucination,2,15,0,26,0.6,10.0,4.894345311473121,4.9994618883918625,5.049685811098723,-2.976795968733221,4.923941124457855,-9.553634899551838,4.923941124457855,9.553634899551838,-14.477576024009693,0.023677872442107173,9.970595766483747,0.0,0.0,8.939253419759428,0.031059050625853016,66.74028344704342,13,6.472196856681219,26,0.6842105263157895,0.42105263157894735,1,0.31018601630686815
Camel/066,Science,Human-Interaction Hallucination,2,16,0,26,0.64,9.0,-4.6592895880787175,-4.554173011159976,-4.5039490884531155,6.576838930818617,-9.553634899551838,9.565045726265666,9.553634899551838,9.565045726265666,19.118680625817504,9.577312771993945,0.4169608669319089,0.0,0.0,8.939253419759428,0.031059050625853016,66.74028344704342,13,6.472196856681219,26,0.6842105263157895,0.42105263157894735,1,0.19346282865159006
Camel/066,Science,Human-Interaction Hallucination,2,17,0,26,0.68,8.0,4.905756138186948,5.01087271510569,5.06109663781255,-2.9882067954470486,9.565045726265666,-4.8241408781209785,9.565045726265666,4.8241408781209785,-14.389186604386644,0.012267045728279413,9.982006593197575,0.0,0.0,8.939253419759428,0.031059050625853016,66.74028344704342,13,6.472196856681219,26,0.6842105263157895,0.42105263157894735,1,0.5420122777165227
Camel/066,Science,Human-Interaction Hallucination,2,18,0,26,0.72,7.0,0.08161526006596986,0.18673183698471169,0.2369557596915719,1.8359340826739299,-4.8241408781209785,-2.7963253672428543,4.8241408781209785,2.7963253672428543,2.027815510878124,4.836407923849258,5.157865715076596,0.0,0.0,8.939253419759428,0.031059050625853016,66.74028344704342,13,6.472196856681219,26,0.6842105263157895,0.42105263157894735,1,0.1255963428845943
Camel/066,Science,Human-Interaction Hallucination,2,19,0,26,0.76,6.0,-2.7147101071768844,-2.6095935302581426,-2.5593696075512824,4.632259449916784,-2.7963253672428543,0.058251847221722386,2.7963253672428543,0.058251847221722386,2.8545772144645767,7.632733291092112,2.361540347833742,0.0,0.0,8.939253419759428,0.031059050625853016,66.74028344704342,13,6.472196856681219,26,0.6842105263157895,0.42105263157894735,1,0.1393494820989217
Camel/066,Science,Human-Interaction Hallucination,2,20,0,26,0.8,5.0,-2.656458259955162,-2.55134168303642,-2.50111776032956,4.574007602695062,0.058251847221722386,4.7131005550383165,0.058251847221722386,4.7131005550383165,4.654848707816594,7.57448144387039,2.4197921950554644,0.0,0.0,8.939253419759428,0.031059050625853016,66.74028344704342,13,6.472196856681219,26,0.6842105263157895,0.42105263157894735,1,0.10871531352062459
Camel/066,Science,Human-Interaction Hallucination,2,21,0,26,0.84,4.0,2.0566422950831544,2.1617588720018963,2.2119827947087565,-0.1390929523432547,4.7131005550383165,0.7744878926738181,4.7131005550383165,0.7744878926738181,-3.9386126623644984,2.8613808888320733,7.132892750093781,0.0,0.0,8.939253419759428,0.031059050625853016,66.74028344704342,13,6.472196856681219,26,0.6842105263157895,0.42105263157894735,1,0.20166512665136876
Camel/066,Science,Human-Interaction Hallucination,2,22,0,26,0.88,3.0,2.8311301877569726,2.9362467646757144,2.9864706873825746,-0.9135808450170728,0.7744878926738181,-0.24541173916712467,0.7744878926738181,0.24541173916712467,-1.0198996318409428,2.086892996158255,7.907380642767599,0.0,0.0,8.939253419759428,0.031059050625853016,66.74028344704342,13,6.472196856681219,26,0.6842105263157895,0.42105263157894735,1,0.062355639751102705
Camel/066,Science,Human-Interaction Hallucination,2,23,0,26,0.92,2.0,2.585718448589848,2.6908350255085898,2.74105894821545,-0.6681691058499482,-0.24541173916712467,-4.937928770508556,0.24541173916712467,4.937928770508556,-4.692517031341431,2.33230473532538,7.661968903600474,0.0,0.0,8.939253419759428,0.031059050625853016,66.74028344704342,13,6.472196856681219,26,0.6842105263157895,0.42105263157894735,1,0.08046512010180702
Camel/066,Science,Human-Interaction Hallucination,2,24,0,26,0.96,1.0,-2.352210321918708,-2.247093744999966,-2.196869822293106,4.269759664658608,-4.937928770508556,4.269759664658608,4.937928770508556,4.269759664658608,9.207688435167164,7.270233505833936,2.7240401330919184,0.0,0.0,8.939253419759428,0.031059050625853016,66.74028344704342,13,6.472196856681219,26,0.6842105263157895,0.42105263157894735,1,0.12394815939747326
Camel/066,Science,Human-Interaction Hallucination,2,25,0,26,1.0,0.0,1.9175493427398997,2.0226659196586416,2.072889842365502,0.0,4.269759664658608,0.0,4.269759664658608,0.0,-4.269759664658608,3.000473841175328,6.993799797750526,0.0,0.0,8.939253419759428,0.031059050625853016,66.74028344704342,13,6.472196856681219,26,0.6842105263157895,0.42105263157894735,1,0.183227956894835
Camel/067,Science,Human-Interaction Hallucination,2,0,0,5,0.0,4.0,2.311149896742414,3.693659922920962,0.0,-0.4022887583035484,0.0,-6.01922993886906,0.0,6.01922993886906,-6.01922993886906,0.0,0.0,1.0,1.0,7.338462765162092,0.02402719473014604,16.74305980459764,3,0.25638032125923993,5,0.0,0.7368421052631579,0,0.46673596199754647
Camel/067,Science,Human-Interaction Hallucination,2,1,0,5,0.25,3.0,-3.708080042126646,-2.325570015948098,-6.01922993886906,5.616941180565512,-6.01922993886906,1.4656261755925968,6.01922993886906,1.4656261755925968,7.484856114461657,6.01922993886906,0.0,0.0,1.0,7.338462765162092,0.02402719473014604,16.74305980459764,3,0.25638032125923993,5,0.0,0.7368421052631579,0,0.39533201657089645
Camel/067,Science,Human-Interaction Hallucination,2,2,1,5,0.5,2.0,-2.242453866534049,-0.8599438403555013,-4.553603763276463,4.151315004972915,1.4656261755925968,-2.939573390879275,1.4656261755925968,2.939573390879275,-4.405199566471872,4.553603763276463,1.4656261755925968,0.0,0.0,7.338462765162092,0.02402719473014604,16.74305980459764,3,0.25638032125923993,5,0.0,0.7368421052631579,0,0.7465664699295459
Camel/067,Science,Human-Interaction Hallucination,2,3,0,5,0.75,1.0,-5.182027257413324,-3.799517231234776,-7.493177154155738,7.09088839585219,-2.939573390879275,7.09088839585219,2.939573390879275,7.09088839585219,10.030461786731465,7.493177154155738,0.0,0.0,1.0,7.338462765162092,0.02402719473014604,16.74305980459764,3,0.25638032125923993,5,0.0,0.7368421052631579,0,0.4732669443435408
Camel/067,Science,Human-Interaction Hallucination,2,4,0,5,1.0,0.0,1.9088611384388656,3.2913711646174137,-0.4022887583035484,0.0,7.09088839585219,0.0,7.09088839585219,0.0,-7.09088839585219,0.4022887583035484,7.09088839585219,0.0,0.0,7.338462765162092,0.02402719473014604,16.74305980459764,3,0.25638032125923993,5,0.0,0.7368421052631579,0,0.8917233442958014
Camel/070,Science,Human-Interaction Hallucination,2,0,0,4,0.0,3.0,2.557038003726152,2.5466752298418376,0.0,-0.3578227380566972,0.0,-7.540667759127377,0.0,7.540667759127377,-7.540667759127377,0.0,0.0,1.0,1.0,7.143790508646989,0.025687648764877904,13.929758279237276,1,0.1413613574463951,4,0.0,0.3157894736842105,0,0.5001621226180459
Camel/070,Science,Human-Interaction Hallucination,2,1,0,4,0.3333333333333333,2.0,-4.983629755401225,-4.993992529285539,-7.540667759127377,7.18284502107068,-7.540667759127377,5.252457336944101,7.540667759127377,5.252457336944101,12.793125096071478,7.540667759127377,0.0,0.0,1.0,7.143790508646989,0.025687648764877904,13.929758279237276,1,0.1413613574463951,4,0.0,0.3157894736842105,0,0.4184787844712236
Camel/070,Science,Human-Interaction Hallucination,2,2,1,4,0.6666666666666666,1.0,0.268827581542876,0.2584648076585614,-2.288210422183276,1.930387684126579,5.252457336944101,1.930387684126579,5.252457336944101,1.930387684126579,-3.3220696528175218,2.288210422183276,5.252457336944101,0.0,0.0,7.143790508646989,0.025687648764877904,13.929758279237276,1,0.1413613574463951,4,0.0,0.3157894736842105,0,0.8296110813670523
Camel/070,Science,Human-Interaction Hallucination,2,3,0,4,1.0,0.0,2.199215265669455,2.1888524917851404,-0.3578227380566972,0.0,1.930387684126579,0.0,1.930387684126579,0.0,-1.930387684126579,0.3578227380566972,7.18284502107068,0.0,0.0,7.143790508646989,0.025687648764877904,13.929758279237276,1,0.1413613574463951,4,0.0,0.3157894736842105,0,0.709469273800496
Camel/071,Science,Human-Interaction Hallucination,2,0,0,4,0.0,3.0,0.2740376024490452,-0.3747561007448592,0.0,-0.1776495735126815,0.0,-2.498519675837457,0.0,2.498519675837457,-2.498519675837457,0.0,0.0,1.0,1.0,6.313115280710206,0.01387466702597414,12.803880134933094,2,0.17718236454398095,4,0.6842105263157895,0.3157894736842105,1,0.5325711367284907
Camel/071,Science,Human-Interaction Hallucination,2,1,0,4,0.3333333333333333,2.0,-2.224482073388412,-2.8732757765823163,-2.498519675837457,2.3208701023247755,-2.498519675837457,6.673713328167032,2.498519675837457,6.673713328167032,9.17223300400449,2.498519675837457,0.0,0.0,1.0,6.313115280710206,0.01387466702597414,12.803880134933094,2,0.17718236454398095,4,0.6842105263157895,0.3157894736842105,1,0.42483290601801216
Camel/071,Science,Human-Interaction Hallucination,2,2,1,4,0.6666666666666666,1.0,4.449231254778621,3.800437551584716,4.175193652329575,-4.352843225842257,6.673713328167032,-4.352843225842257,6.673713328167032,4.352843225842257,-11.02655655400929,0.0,6.673713328167032,1.0,0.0,6.313115280710206,0.01387466702597414,12.803880134933094,2,0.17718236454398095,4,0.6842105263157895,0.3157894736842105,1,0.8095348023057898
Camel/071,Science,Human-Interaction Hallucination,2,3,0,4,1.0,0.0,0.09638802893636367,-0.5524056742575407,-0.1776495735126815,0.0,-4.352843225842257,0.0,4.352843225842257,0.0,4.352843225842257,4.352843225842257,2.3208701023247755,0.0,0.0,6.313115280710206,0.01387466702597414,12.803880134933094,2,0.17718236454398095,4,0.6842105263157895,0.3157894736842105,1,0.4780408268418015
Camel/072,Science,Reasoning Hallucination,3,0,0,4,0.0,3.0,-0.007369877284311599,1.1908954575344755,0.0,0.17598167965852696,0.0,-4.7302265273018875,0.0,4.7302265273018875,-4.7302265273018875,0.0,0.0,1.0,1.0,4.657248916049789,0.019257139422084325,9.138516152441053,1,0.11742707855055737,4,1.0,0.3157894736842105,3,0.4421628403614627
Camel/072,Science,Reasoning Hallucination,3,1,0,4,0.3333333333333333,2.0,-4.737596404586199,-3.539331069767412,-4.7302265273018875,4.9062082069604145,-4.7302265273018875,4.520889544807346,4.7302265273018875,4.520889544807346,9.251116072109234,4.7302265273018875,0.0,0.0,1.0,4.657248916049789,0.019257139422084325,9.138516152441053,1,0.11742707855055737,4,1.0,0.3157894736842105,3,0.19622946000881408
Camel/072,Science,Reasoning Hallucination,3,2,0,4,0.6666666666666666,1.0,-0.21670685977885285,0.9815584750399342,-0.20933698249454125,0.3853186621530682,4.520889544807346,0.3853186621530682,4.520889544807346,0.3853186621530682,-4.135570882654278,0.20933698249454125,4.520889544807346,0.0,0.0,4.657248916049789,0.019257139422084325,9.138516152441053,1,0.11742707855055737,4,1.0,0.3157894736842105,3,0.7289872715629355
Camel/072,Science,Reasoning Hallucination,3,3,1,4,1.0,0.0,0.16861180237421536,1.3668771371930024,0.17598167965852696,0.0,0.3853186621530682,0.0,0.3853186621530682,0.0,-0.3853186621530682,0.0,4.9062082069604145,1.0,0.0,4.657248916049789,0.019257139422084325,9.138516152441053,1,0.11742707855055737,4,1.0,0.3157894736842105,3,0.6468168999797632
Camel/073,Science,Human-Interaction Hallucination,2,0,0,6,0.0,5.0,-0.24493642549776595,0.607416123048394,0.0,-4.957982217917802,0.0,-4.159040381049948,0.0,4.159040381049948,-4.159040381049948,0.0,0.0,1.0,1.0,9.627336514874372,0.2291971461252272,21.631954418877857,2,0.5349829972027252,6,0.42105263157894735,1.0,2,0.6998690472455916
Camel/073,Science,Human-Interaction Hallucination,2,1,0,6,0.2,4.0,-4.403976806547714,-3.5516242580015542,-4.159040381049948,-0.7989418368678542,-4.159040381049948,9.33676297300331,4.159040381049948,9.33676297300331,13.495803354053258,4.159040381049948,0.0,0.0,1.0,9.627336514874372,0.2291971461252272,21.631954418877857,2,0.5349829972027252,6,0.42105263157894735,1.0,2,0.4468583199162705
Camel/073,Science,Human-Interaction Hallucination,2,2,1,6,0.4,3.0,4.932786166455596,5.785138715001756,5.177722591953362,-10.135704809871164,9.33676297300331,-4.829498802469537,9.33676297300331,4.829498802469537,-14.166261775472847,0.0,9.33676297300331,1.0,0.0,9.627336514874372,0.2291971461252272,21.631954418877857,2,0.5349829972027252,6,0.42105263157894735,1.0,2,0.8246658909056558
Camel/073,Science,Human-Interaction Hallucination,2,3,0,6,0.6,2.0,0.10328736398605898,0.9556399125322189,0.34822378948382493,-5.306206007401627,-4.829498802469537,-0.40164431024362557,4.829498802469537,0.40164431024362557,4.4278544922259115,4.829498802469537,4.507264170533773,0.0,0.0,9.627336514874372,0.2291971461252272,21.631954418877857,2,0.5349829972027252,6,0.42105263157894735,1.0,2,0.3245807605668781
Camel/073,Science,Human-Interaction Hallucination,2,4,0,6,0.8,1.0,-0.2983569462575666,0.5539956022885933,-0.05342052075980064,-4.904561697158002,-0.40164431024362557,-4.904561697158002,0.40164431024362557,4.904561697158002,-4.502917386914376,5.231143112713163,4.1056198602901475,0.0,0.0,9.627336514874372,0.2291971461252272,21.631954418877857,2,0.5349829972027252,6,0.42105263157894735,1.0,2,0.5342834363567274
Camel/073,Science,Human-Interaction Hallucination,2,5,0,6,1.0,0.0,-5.202918643415568,-4.350566094869408,-4.957982217917802,0.0,-4.904561697158002,0.0,4.904561697158002,0.0,4.904561697158002,10.135704809871164,0.0,0.0,1.0,9.627336514874372,0.2291971461252272,21.631954418877857,2,0.5349829972027252,6,0.42105263157894735,1.0,2,0.26922874802158325
Camel/074,Science,Human-Interaction Hallucination,2,0,0,8,0.0,7.0,2.640222741495105,2.917829986411115,0.0,6.164821838019584,0.0,-5.193175161779685,0.0,5.193175161779685,-5.193175161779685,0.0,0.0,1.0,1.0,14.812133977412731,0.15864705539274698,38.85872210333773,5,1.3921994237374862,8,1.0,0.8421052631578947,3,0.6426354662667623
Camel/074,Science,Human-Interaction Hallucination,2,1,0,8,0.14285714285714285,6.0,-2.55295242028458,-2.27534517536857,-5.193175161779685,11.35799699979927,-5.193175161779685,0.0857311069022586,5.193175161779685,0.0857311069022586,5.2789062686819435,5.193175161779685,0.0,0.0,1.0,14.812133977412731,0.15864705539274698,38.85872210333773,5,1.3921994237374862,8,1.0,0.8421052631578947,3,0.4326729372538257
Camel/074,Science,Human-Interaction Hallucination,2,2,1,8,0.2857142857142857,5.0,-2.4672213133823213,-2.1896140684663115,-5.107444054877426,11.27226589289701,0.0857311069022586,2.932379785971577,0.0857311069022586,2.932379785971577,2.846648679069318,5.107444054877426,0.0857311069022586,0.0,0.0,14.812133977412731,0.15864705539274698,38.85872210333773,5,1.3921994237374862,8,1.0,0.8421052631578947,3,0.504903226657471
Camel/074,Science,Human-Interaction Hallucination,2,3,0,8,0.42857142857142855,4.0,0.46515847258925547,0.7427657175052653,-2.1750642689058495,8.339886106925434,2.932379785971577,-4.820853245695158,2.932379785971577,4.820853245695158,-7.753233031666735,2.1750642689058495,3.0181108928738354,0.0,0.0,14.812133977412731,0.15864705539274698,38.85872210333773,5,1.3921994237374862,8,1.0,0.8421052631578947,3,0.8253901020621945
Camel/074,Science,Human-Interaction Hallucination,2,4,0,8,0.5714285714285714,3.0,-4.355694773105903,-4.078087528189893,-6.9959175146010075,13.160739352620592,-4.820853245695158,6.575204064801856,4.820853245695158,6.575204064801856,11.396057310497014,6.9959175146010075,0.0,0.0,1.0,14.812133977412731,0.15864705539274698,38.85872210333773,5,1.3921994237374862,8,1.0,0.8421052631578947,3,0.3142724095182234
Camel/074,Science,Human-Interaction Hallucination,2,5,0,8,0.7142857142857143,2.0,2.219509291695953,2.497116536611963,-0.4207134497991518,6.585535287818736,6.575204064801856,-9.194433829546231,6.575204064801856,9.194433829546231,-15.769637894348087,0.4207134497991518,6.575204064801856,0.0,0.0,14.812133977412731,0.15864705539274698,38.85872210333773,5,1.3921994237374862,8,1.0,0.8421052631578947,3,0.949722092681674
Camel/074,Science,Human-Interaction Hallucination,2,6,0,8,0.8571428571428571,1.0,-6.974924537850278,-6.697317292934268,-9.615147279345383,15.779969117364967,-9.194433829546231,15.779969117364967,9.194433829546231,15.779969117364967,24.974402946911198,9.615147279345383,0.0,0.0,1.0,14.812133977412731,0.15864705539274698,38.85872210333773,5,1.3921994237374862,8,1.0,0.8421052631578947,3,0.18517120923801655
Camel/074,Science,Human-Interaction Hallucination,2,7,0,8,1.0,0.0,8.80504457951469,9.082651824430698,6.164821838019584,0.0,15.779969117364967,0.0,15.779969117364967,0.0,-15.779969117364967,0.0,15.779969117364967,1.0,0.0,14.812133977412731,0.15864705539274698,38.85872210333773,5,1.3921994237374862,8,1.0,0.8421052631578947,3,0.9176120154001658
Camel/075,Science,Planning Hallucination,0,0,1,7,0.0,6.0,2.281722928916629,2.6822857425017554,0.0,1.5976698997948162,0.0,-2.238649449083134,0.0,2.238649449083134,-2.238649449083134,0.0,0.0,1.0,1.0,14.294903912168978,0.04640459784279323,34.42912931186923,3,1.0908742355870702,7,0.3157894736842105,0.5263157894736842,1,0.46678596213085183
Camel/075,Science,Planning Hallucination,0,1,0,7,0.16666666666666666,5.0,0.0430734798334953,0.44363629341862165,-2.238649449083134,3.83631934887795,-2.238649449083134,8.512546811137632,2.238649449083134,8.512546811137632,10.751196260220766,2.238649449083134,0.0,0.0,1.0,14.294903912168978,0.04640459784279323,34.42912931186923,3,1.0908742355870702,7,0.3157894736842105,0.5263157894736842,1,0.3186745571671359
Camel/075,Science,Planning Hallucination,0,2,0,7,0.3333333333333333,4.0,8.555620290971127,8.956183104556255,6.273897362054498,-4.676227462259682,8.512546811137632,-15.426950715343619,8.512546811137632,15.426950715343619,-23.93949752648125,0.0,8.512546811137632,1.0,0.0,14.294903912168978,0.04640459784279323,34.42912931186923,3,1.0908742355870702,7,0.3157894736842105,0.5263157894736842,1,0.8347026083481548
Camel/075,Science,Planning Hallucination,0,3,0,7,0.5,3.0,-6.871330424372491,-6.470767610787365,-9.15305335328912,10.750723253083937,-15.426950715343619,1.4945985460142985,15.426950715343619,1.4945985460142985,16.921549261357917,15.426950715343619,0.0,0.0,1.0,14.294903912168978,0.04640459784279323,34.42912931186923,3,1.0908742355870702,7,0.3157894736842105,0.5263157894736842,1,0.13881017844048774
Camel/075,Science,Planning Hallucination,0,4,0,7,0.6666666666666666,2.0,-5.376731878358193,-4.9761690647730665,-7.658454807274822,9.256124707069638,1.4945985460142985,0.06104495756029493,1.4945985460142985,0.06104495756029493,-1.4335535884540036,13.93235216932932,1.4945985460142985,0.0,0.0,14.294903912168978,0.04640459784279323,34.42912931186923,3,1.0908742355870702,7,0.3157894736842105,0.5263157894736842,1,0.24062962804890706
Camel/075,Science,Planning Hallucination,0,5,0,7,0.8333333333333334,1.0,-5.315686920797898,-4.915124107212772,-7.597409849714527,9.195079749509343,0.06104495756029493,9.195079749509343,0.06104495756029493,9.195079749509343,9.134034791949048,13.871307211769025,1.5556435035745935,0.0,0.0,14.294903912168978,0.04640459784279323,34.42912931186923,3,1.0908742355870702,7,0.3157894736842105,0.5263157894736842,1,0.14289113822547914
Camel/075,Science,Planning Hallucination,0,6,0,7,1.0,0.0,3.8793928287114454,4.279955642296572,1.5976698997948162,0.0,9.195079749509343,0.0,9.195079749509343,0.0,-9.195079749509343,4.676227462259682,10.750723253083937,0.0,0.0,14.294903912168978,0.04640459784279323,34.42912931186923,3,1.0908742355870702,7,0.3157894736842105,0.5263157894736842,1,0.4551828394415671
Camel/087,Math,Human-Interaction Hallucination,2,0,0,7,0.0,6.0,0.002492680878056319,0.43516718687688183,0.0,3.7624030388237912,0.0,-0.2839253949365741,0.0,0.2839253949365741,-0.2839253949365741,0.0,0.0,1.0,1.0,10.081664752748223,0.1558678903767976,24.138409968393724,3,0.6638177040006495,7,1.0,0.6842105263157895,4,0.527948255549817
Camel/087,Math,Human-Interaction Hallucination,2,1,0,7,0.16666666666666666,5.0,-0.2814327140585178,0.15124179194030773,-0.2839253949365741,4.046328433760365,-0.2839253949365741,0.612116449773275,0.2839253949365741,0.612116449773275,0.896041844709849,0.2839253949365741,0.0,0.0,1.0,10.081664752748223,0.1558678903767976,24.138409968393724,3,0.6638177040006495,7,1.0,0.6842105263157895,4,0.263051288393446
Camel/087,Math,Human-Interaction Hallucination,2,2,1,7,0.3333333333333333,4.0,0.3306837357147572,0.7633582417135827,0.32819105483670086,3.4342119839870904,0.612116449773275,3.8849878822246566,0.612116449773275,3.8849878822246566,3.2728714324513817,0.0,0.612116449773275,1.0,0.0,10.081664752748223,0.1558678903767976,24.138409968393724,3,0.6638177040006495,7,1.0,0.6842105263157895,4,0.7638254184637774
Camel/087,Math,Human-Interaction Hallucination,2,3,0,7,0.5,3.0,4.215671617939414,4.648346123938239,4.2131789370613575,-0.45077589823756625,3.8849878822246566,-10.74210804884251,3.8849878822246566,10.74210804884251,-14.627095931067167,0.0,4.497104331997932,1.0,0.0,10.081664752748223,0.1558678903767976,24.138409968393724,3,0.6638177040006495,7,1.0,0.6842105263157895,4,0.6962855578022007
Camel/087,Math,Human-Interaction Hallucination,2,4,0,7,0.6666666666666666,2.0,-6.526436430903097,-6.093761924904271,-6.528929111781153,10.291332150604944,-10.74210804884251,1.9918402796388577,10.74210804884251,1.9918402796388577,12.733948328481368,10.74210804884251,0.0,0.0,1.0,10.081664752748223,0.1558678903767976,24.138409968393724,3,0.6638177040006495,7,1.0,0.6842105263157895,4,0.14498763518246052
Camel/087,Math,Human-Interaction Hallucination,2,5,0,7,0.8333333333333334,1.0,-4.534596151264239,-4.1019216452654135,-4.537088832142295,8.299491870966087,1.9918402796388577,8.299491870966087,1.9918402796388577,8.299491870966087,6.307651591327229,8.750267769203653,1.9918402796388577,0.0,0.0,10.081664752748223,0.1558678903767976,24.138409968393724,3,0.6638177040006495,7,1.0,0.6842105263157895,4,0.610969287690536
Camel/087,Math,Human-Interaction Hallucination,2,6,0,7,1.0,0.0,3.7648957197018476,4.197570225700673,3.7624030388237912,0.0,8.299491870966087,0.0,8.299491870966087,0.0,-8.299491870966087,0.45077589823756625,10.291332150604944,0.0,0.0,10.081664752748223,0.1558678903767976,24.138409968393724,3,0.6638177040006495,7,1.0,0.6842105263157895,4,0.6421786480346305
Camel/088,Math,Human-Interaction Hallucination,2,0,0,6,0.0,5.0,1.9969059106130835,1.746011665399422,0.0,4.797055118315228,0.0,-6.9876435870131814,0.0,6.9876435870131814,-6.9876435870131814,0.0,0.0,1.0,1.0,13.050187768281518,0.1350971529075286,35.50818810814407,3,0.7733695504988926,6,1.0,0.7894736842105263,3,0.6979198610436721
Camel/088,Math,Human-Interaction Hallucination,2,1,0,6,0.2,4.0,-4.990737676400098,-5.2416319216137595,-6.9876435870131814,11.78469870532841,-6.9876435870131814,6.899537377307766,6.9876435870131814,6.899537377307766,13.887180964320947,6.9876435870131814,0.0,0.0,1.0,13.050187768281518,0.1350971529075286,35.50818810814407,3,0.7733695504988926,6,1.0,0.7894736842105263,3,0.27487567182032796
Camel/088,Math,Human-Interaction Hallucination,2,2,1,6,0.4,3.0,1.908799700907668,1.6579054556940065,-0.0881062097054155,4.885161328020644,6.899537377307766,0.6326217801455698,6.899537377307766,0.6326217801455698,-6.266915597162196,0.0881062097054155,6.899537377307766,0.0,0.0,13.050187768281518,0.1350971529075286,35.50818810814407,3,0.7733695504988926,6,1.0,0.7894736842105263,3,0.8512380614031919
Camel/088,Math,Human-Interaction Hallucination,2,3,0,6,0.6,2.0,2.541421481053238,2.2905272358395763,0.5445155704401543,4.252539547875074,0.6326217801455698,-9.286406454873472,0.6326217801455698,9.286406454873472,-9.919028235019042,0.0,7.532159157453336,1.0,0.0,13.050187768281518,0.1350971529075286,35.50818810814407,3,0.7733695504988926,6,1.0,0.7894736842105263,3,0.7503831257435452
Camel/088,Math,Human-Interaction Hallucination,2,4,0,6,0.8,1.0,-6.744984973820234,-6.995879219033895,-8.741890884433317,13.538946002748546,-9.286406454873472,13.538946002748546,9.286406454873472,13.538946002748546,22.825352457622017,9.286406454873472,0.0,0.0,1.0,13.050187768281518,0.1350971529075286,35.50818810814407,3,0.7733695504988926,6,1.0,0.7894736842105263,3,0.22862310081121015
Camel/088,Math,Human-Interaction Hallucination,2,5,0,6,1.0,0.0,6.793961028928312,6.54306678371465,4.797055118315228,0.0,13.538946002748546,0.0,13.538946002748546,0.0,-13.538946002748546,0.0,13.538946002748546,1.0,0.0,13.050187768281518,0.1350971529075286,35.50818810814407,3,0.7733695504988926,6,1.0,0.7894736842105263,3,0.941178872249647
Camel/089,Math,Human-Interaction Hallucination,2,0,0,4,0.0,3.0,2.516730317574062,2.4984094822566867,0.0,-0.014964161535736764,0.0,-7.248277678919592,0.0,7.248277678919592,-7.248277678919592,0.0,0.0,1.0,1.0,6.866789380029087,0.0010907924723935665,13.718614598522437,1,0.11902288537351133,4,0.0,0.3157894736842105,2,0.5638673536436132
Camel/089,Math,Human-Interaction Hallucination,2,1,0,4,0.3333333333333333,2.0,-4.73154736134553,-4.749868196662906,-7.248277678919592,7.233313517383856,-7.248277678919592,4.517881590348175,7.248277678919592,4.517881590348175,11.766159269267767,7.248277678919592,0.0,0.0,1.0,6.866789380029087,0.0010907924723935665,13.718614598522437,1,0.11902288537351133,4,0.0,0.3157894736842105,2,0.27566013702001235
Camel/089,Math,Human-Interaction Hallucination,2,2,1,4,0.6666666666666666,1.0,-0.2136657709973555,-0.2319866063147309,-2.7303960885714176,2.715431927035681,4.517881590348175,2.715431927035681,4.517881590348175,2.715431927035681,-1.802449663312494,2.7303960885714176,4.517881590348175,0.0,0.0,6.866789380029087,0.0010907924723935665,13.718614598522437,1,0.11902288537351133,4,0.0,0.3157894736842105,2,0.7576181861091358
Camel/089,Math,Human-Interaction Hallucination,2,3,0,4,1.0,0.0,2.5017661560383253,2.48344532072095,-0.014964161535736764,0.0,2.715431927035681,0.0,2.715431927035681,0.0,-2.715431927035681,0.014964161535736764,7.233313517383856,0.0,0.0,6.866789380029087,0.0010907924723935665,13.718614598522437,1,0.11902288537351133,4,0.0,0.3157894736842105,2,0.7331054639806217
Camel/090,Math,Human-Interaction Hallucination,2,0,0,13,0.0,12.0,-0.07422101857665453,0.13519834382864787,0.0,0.1916735804169285,0.0,-0.11380605832179924,0.0,0.11380605832179924,-0.11380605832179924,0.0,0.0,1.0,1.0,11.413905807953757,0.004523198400917446,42.37567389881707,9,3.3102668118922396,13,0.15789473684210525,0.7368421052631579,0,0.6574486922135206
Camel/090,Math,Human-Interaction Hallucination,2,1,0,13,0.08333333333333333,11.0,-0.18802707689845377,0.02139228550684863,-0.11380605832179924,0.30547963873872774,-0.11380605832179924,5.3369231141014914,0.11380605832179924,5.3369231141014914,5.450729172423291,0.11380605832179924,0.0,0.0,1.0,11.413905807953757,0.004523198400917446,42.37567389881707,9,3.3102668118922396,13,0.15789473684210525,0.7368421052631579,0,0.4934993330559961
Camel/090,Math,Human-Interaction Hallucination,2,2,1,13,0.16666666666666666,10.0,5.148896037203038,5.35831539960834,5.223117055779692,-5.031443475362764,5.3369231141014914,-4.841964779681039,5.3369231141014914,4.841964779681039,-10.17888789378253,0.0,5.3369231141014914,1.0,0.0,11.413905807953757,0.004523198400917446,42.37567389881707,9,3.3102668118922396,13,0.15789473684210525,0.7368421052631579,0,0.6503002776684589
Camel/090,Math,Human-Interaction Hallucination,2,3,0,13,0.25,9.0,0.3069312575219989,0.5163506199273014,0.38115227609865343,-0.18947869568172493,-4.841964779681039,1.4341148626768074,4.841964779681039,1.4341148626768074,6.276079642357846,4.841964779681039,0.4949583344204527,0.0,0.0,11.413905807953757,0.004523198400917446,42.37567389881707,9,3.3102668118922396,13,0.15789473684210525,0.7368421052631579,0,0.30526172085443243
Camel/090,Math,Human-Interaction Hallucination,2,4,0,13,0.3333333333333333,8.0,1.7410461201988063,1.9504654826041088,1.8152671387754609,-1.6235935583585324,1.4341148626768074,-6.638087130863891,1.4341148626768074,6.638087130863891,-8.072201993540698,3.4078499170042313,1.92907319709726,0.0,0.0,11.413905807953757,0.004523198400917446,42.37567389881707,9,3.3102668118922396,13,0.15789473684210525,0.7368421052631579,0,0.44690938136614705
Camel/090,Math,Human-Interaction Hallucination,2,5,0,13,0.4166666666666667,7.0,-4.897041010665085,-4.687621648259782,-4.82281999208843,5.0144935725053585,-6.638087130863891,9.763191512935233,6.638087130863891,9.763191512935233,16.401278643799124,10.045937047868122,0.0,0.0,1.0,11.413905807953757,0.004523198400917446,42.37567389881707,9,3.3102668118922396,13,0.15789473684210525,0.7368421052631579,0,0.15516135791112132
Camel/090,Math,Human-Interaction Hallucination,2,6,0,13,0.5,6.0,4.866150502270148,5.075569864675451,4.940371520846803,-4.748697940429874,9.763191512935233,-4.956740043981235,9.763191512935233,4.956740043981235,-14.719931556916467,0.28274553493288934,9.763191512935233,0.0,0.0,11.413905807953757,0.004523198400917446,42.37567389881707,9,3.3102668118922396,13,0.15789473684210525,0.7368421052631579,0,0.7249243489329258
Camel/090,Math,Human-Interaction Hallucination,2,7,0,13,0.5833333333333334,5.0,-0.09058954171108624,0.11882982069421616,-0.01636852313443171,0.2080421035513602,-4.956740043981235,2.2062249724300926,4.956740043981235,2.2062249724300926,7.162965016411327,5.239485578914124,4.806451468953998,0.0,0.0,11.413905807953757,0.004523198400917446,42.37567389881707,9,3.3102668118922396,13,0.15789473684210525,0.7368421052631579,0,0.2392899376229227
Camel/090,Math,Human-Interaction Hallucination,2,8,0,13,0.6666666666666666,4.0,2.1156354307190064,2.3250547931243086,2.189856449295661,-1.9981828688787324,2.2062249724300926,-10.619131566007994,2.2062249724300926,10.619131566007994,-12.825356538438086,3.0332606064840313,7.012676441384091,0.0,0.0,11.413905807953757,0.004523198400917446,42.37567389881707,9,3.3102668118922396,13,0.15789473684210525,0.7368421052631579,0,0.45725518946375626
Camel/090,Math,Human-Interaction Hallucination,2,9,0,13,0.75,3.0,-8.503496135288987,-8.294076772883685,-8.429275116712333,8.620948697129261,-10.619131566007994,5.7945288716108365,10.619131566007994,5.7945288716108365,16.41366043761883,13.652392172492025,0.0,0.0,1.0,11.413905807953757,0.004523198400917446,42.37567389881707,9,3.3102668118922396,13,0.15789473684210525,0.7368421052631579,0,0.2296362836293257
Camel/090,Math,Human-Interaction Hallucination,2,10,0,13,0.8333333333333334,2.0,-2.7089672636781508,-2.4995479012728485,-2.6347462451014962,2.8264198255184247,5.7945288716108365,2.152745689474365,5.7945288716108365,2.152745689474365,-3.6417831821364715,7.8578633008811885,5.7945288716108365,0.0,0.0,11.413905807953757,0.004523198400917446,42.37567389881707,9,3.3102668118922396,13,0.15789473684210525,0.7368421052631579,0,0.5945511565796695
Camel/090,Math,Human-Interaction Hallucination,2,11,0,13,0.9166666666666666,1.0,-0.5562215742037857,-0.3468022117984833,-0.4820005556271312,0.6736741360440597,2.152745689474365,0.6736741360440597,2.152745689474365,0.6736741360440597,-1.4790715534303054,5.705117611406823,7.947274561085202,0.0,0.0,11.413905807953757,0.004523198400917446,42.37567389881707,9,3.3102668118922396,13,0.15789473684210525,0.7368421052631579,0,0.3116214355073518
Camel/090,Math,Human-Interaction Hallucination,2,12,0,13,1.0,0.0,0.11745256184027397,0.3268719242455764,0.1916735804169285,0.0,0.6736741360440597,0.0,0.6736741360440597,0.0,-0.6736741360440597,5.031443475362764,8.620948697129261,0.0,0.0,11.413905807953757,0.004523198400917446,42.37567389881707,9,3.3102668118922396,13,0.15789473684210525,0.7368421052631579,0,0.22710222785401626
Camel/091,Math,Human-Interaction Hallucination,2,0,0,7,0.0,6.0,2.6430319668611446,2.9112770595217166,0.0,-0.6342416284797281,0.0,-7.009277053729079,0.0,7.009277053729079,-7.009277053729079,0.0,0.0,1.0,1.0,8.474349926902349,0.021430561833934762,29.595193695548488,3,0.7810049882698006,7,0.3157894736842105,0.8421052631578947,3,0.6056432849413942
Camel/091,Math,Human-Interaction Hallucination,2,1,0,7,0.16666666666666666,5.0,-4.366245086867934,-4.097999994207362,-7.009277053729079,6.375035425249351,-7.009277053729079,9.005936205392402,7.009277053729079,9.005936205392402,16.01521325912148,7.009277053729079,0.0,0.0,1.0,8.474349926902349,0.021430561833934762,29.595193695548488,3,0.7810049882698006,7,0.3157894736842105,0.8421052631578947,3,0.1490790480759608
Camel/091,Math,Human-Interaction Hallucination,2,2,1,7,0.3333333333333333,4.0,4.639691118524468,4.9079362111850395,1.996659151663323,-2.630900780143051,9.005936205392402,-4.552218253559609,9.005936205392402,4.552218253559609,-13.55815445895201,0.0,9.005936205392402,1.0,0.0,8.474349926902349,0.021430561833934762,29.595193695548488,3,0.7810049882698006,7,0.3157894736842105,0.8421052631578947,3,0.9048359207274407
Camel/091,Math,Human-Interaction Hallucination,2,3,0,7,0.5,3.0,0.08747286496485884,0.3557179576254309,-2.5555591018962858,1.9213174734165577,-4.552218253559609,-1.8179752649891512,4.552218253559609,1.8179752649891512,2.7342429885704576,4.552218253559609,4.453717951832793,0.0,0.0,8.474349926902349,0.021430561833934762,29.595193695548488,3,0.7810049882698006,7,0.3157894736842105,0.8421052631578947,3,0.2998093118680158
Camel/091,Math,Human-Interaction Hallucination,2,4,0,7,0.6666666666666666,2.0,-1.7305024000242923,-1.4622573073637204,-4.373534366885437,3.739292738405709,-1.8179752649891512,-3.429452050439373,1.8179752649891512,3.429452050439373,-1.6114767854502219,6.37019351854876,2.635742686843642,0.0,0.0,8.474349926902349,0.021430561833934762,29.595193695548488,3,0.7810049882698006,7,0.3157894736842105,0.8421052631578947,3,0.4289430464674117
Camel/091,Math,Human-Interaction Hallucination,2,5,0,7,0.8333333333333334,1.0,-5.159954450463665,-4.8917093578030935,-7.80298641732481,7.168744788845082,-3.429452050439373,7.168744788845082,3.429452050439373,7.168744788845082,10.598196839284455,9.799645568988133,0.0,0.0,1.0,8.474349926902349,0.021430561833934762,29.595193695548488,3,0.7810049882698006,7,0.3157894736842105,0.8421052631578947,3,0.1537773593936567
Camel/091,Math,Human-Interaction Hallucination,2,6,0,7,1.0,0.0,2.0087903383814165,2.2770354310419885,-0.6342416284797281,0.0,7.168744788845082,0.0,7.168744788845082,0.0,-7.168744788845082,2.630900780143051,7.168744788845082,0.0,0.0,8.474349926902349,0.021430561833934762,29.595193695548488,3,0.7810049882698006,7,0.3157894736842105,0.8421052631578947,3,0.8023929486060937
Camel/092,Math,Human-Interaction Hallucination,2,0,0,5,0.0,4.0,-2.316478282722958,-1.9688000250845257,0.0,6.026176840813342,0.0,0.3943459337262176,0.0,0.3943459337262176,0.3943459337262176,0.0,0.0,1.0,1.0,6.026176840813342,1.0,6.026176840813342,0,0.036731468206153806,5,1.0,0.0,4,0.7718996093082272
Camel/092,Math,Human-Interaction Hallucination,2,1,0,5,0.25,3.0,-1.9221323489967403,-1.574454091358308,0.3943459337262176,5.631830907087124,0.3943459337262176,0.25085082575657225,0.3943459337262176,0.25085082575657225,-0.14349510796964537,0.0,0.3943459337262176,1.0,0.0,6.026176840813342,1.0,6.026176840813342,0,0.036731468206153806,5,1.0,0.0,4,0.8970029723348387
Camel/092,Math,Human-Interaction Hallucination,2,2,1,5,0.5,2.0,-1.671281523240168,-1.3236032656017358,0.6451967594827899,5.380980081330552,0.25085082575657225,2.1330838319174887,0.25085082575657225,2.1330838319174887,1.8822330061609165,0.0,0.6451967594827899,1.0,0.0,6.026176840813342,1.0,6.026176840813342,0,0.036731468206153806,5,1.0,0.0,4,0.8878158137670361
Camel/092,Math,Human-Interaction Hallucination,2,3,0,5,0.75,1.0,0.46180230867732064,0.8094805663157529,2.7782805914002786,3.2478962494130634,2.1330838319174887,3.2478962494130634,2.1330838319174887,3.2478962494130634,1.1148124174955747,0.0,2.7782805914002786,1.0,0.0,6.026176840813342,1.0,6.026176840813342,0,0.036731468206153806,5,1.0,0.0,4,0.8375111479728078
Camel/092,Math,Human-Interaction Hallucination,2,4,0,5,1.0,0.0,3.709698558090384,4.057376815728817,6.026176840813342,0.0,3.2478962494130634,0.0,3.2478962494130634,0.0,-3.2478962494130634,0.0,6.026176840813342,1.0,0.0,6.026176840813342,1.0,6.026176840813342,0,0.036731468206153806,5,1.0,0.0,4,0.5617016458091784
